ISO-10303-21;
HEADER;
FILE_DESCRIPTION(('FreeCAD Model'),'2;1');
FILE_NAME('Open CASCADE Shape Model','2026-02-19T22:42:23',(''),(''),
  'Open CASCADE STEP processor 7.9','FreeCAD','Unknown');
FILE_SCHEMA(('AUTOMOTIVE_DESIGN { 1 0 10303 214 1 1 1 1 }'));
ENDSEC;
DATA;
#1 = APPLICATION_PROTOCOL_DEFINITION('international standard',
  'automotive_design',2000,#2);
#2 = APPLICATION_CONTEXT(
  'core data for automotive mechanical design processes');
#3 = SHAPE_DEFINITION_REPRESENTATION(#4,#10);
#4 = PRODUCT_DEFINITION_SHAPE('','',#5);
#5 = PRODUCT_DEFINITION('design','',#6,#9);
#6 = PRODUCT_DEFINITION_FORMATION('','',#7);
#7 = PRODUCT('20021522-00014XXLFC','20021522-00014XXLFC','',(#8));
#8 = PRODUCT_CONTEXT('',#2,'mechanical');
#9 = PRODUCT_DEFINITION_CONTEXT('part definition',#2,'design');
#10 = ADVANCED_BREP_SHAPE_REPRESENTATION('',(#11,#15),#9602);
#11 = AXIS2_PLACEMENT_3D('',#12,#13,#14);
#12 = CARTESIAN_POINT('',(0.,0.,0.));
#13 = DIRECTION('',(0.,0.,1.));
#14 = DIRECTION('',(1.,0.,-0.));
#15 = MANIFOLD_SOLID_BREP('',#16);
#16 = CLOSED_SHELL('',(#17,#1013,#1052,#1076,#1100,#1124,#1155,#1186,
    #1217,#1289,#1306,#1318,#1582,#1613,#1637,#1876,#2025,#2042,#2059,
    #2076,#2225,#2242,#2259,#2276,#2425,#2442,#2459,#2476,#2625,#2642,
    #2659,#2676,#2825,#2842,#2859,#2876,#3025,#3042,#3059,#3076,#3225,
    #3242,#3259,#3271,#3293,#3386,#3403,#3415,#3439,#3530,#3547,#3564,
    #3576,#3593,#3610,#3627,#3644,#3661,#3678,#3690,#3707,#3719,#3741,
    #3834,#3851,#3863,#3887,#3978,#3995,#4012,#4024,#4041,#4058,#4075,
    #4092,#4109,#4126,#4138,#4155,#4167,#4189,#4282,#4299,#4311,#4335,
    #4426,#4443,#4460,#4472,#4489,#4506,#4523,#4540,#4557,#4574,#4586,
    #4603,#4615,#4637,#4730,#4747,#4759,#4783,#4874,#4891,#4908,#4920,
    #4937,#4954,#4971,#4988,#5005,#5022,#5034,#5051,#5063,#5085,#5178,
    #5195,#5207,#5231,#5322,#5339,#5356,#5368,#5385,#5402,#5419,#5436,
    #5453,#5470,#5482,#5499,#5511,#5533,#5626,#5643,#5655,#5679,#5770,
    #5787,#5804,#5816,#5833,#5850,#5867,#5884,#5901,#5918,#5930,#5947,
    #5959,#5981,#6074,#6091,#6103,#6127,#6218,#6235,#6252,#6264,#6281,
    #6298,#6315,#6332,#6349,#6366,#6378,#6395,#6407,#6429,#6522,#6539,
    #6551,#6575,#6666,#6683,#6700,#6712,#6729,#6746,#6763,#6780,#6797,
    #6814,#6826,#6843,#6855,#6877,#6970,#6987,#6999,#7023,#7114,#7131,
    #7148,#7160,#7177,#7194,#7211,#7228,#7245,#7262,#7274,#7291,#7303,
    #7325,#7418,#7435,#7447,#7471,#7562,#7579,#7596,#7608,#7625,#7642,
    #7659,#7676,#7693,#7710,#7722,#7739,#7751,#7773,#7866,#7883,#7895,
    #7919,#8010,#8027,#8044,#8056,#8073,#8090,#8107,#8124,#8141,#8158,
    #8170,#8187,#8199,#8221,#8314,#8331,#8343,#8367,#8458,#8475,#8492,
    #8504,#8521,#8538,#8555,#8572,#8589,#8606,#8618,#8635,#8647,#8669,
    #8762,#8779,#8791,#8815,#8906,#8923,#8940,#8952,#8969,#8986,#9003,
    #9020,#9037,#9054,#9066,#9083,#9095,#9117,#9210,#9227,#9239,#9263,
    #9354,#9371,#9388,#9400,#9417,#9434,#9451,#9468,#9485,#9502,#9514,
    #9531,#9543,#9555,#9573,#9590));
#17 = ADVANCED_FACE('',(#18,#84,#150,#216,#282,#348,#414,#480,#546,#612,
    #678,#744,#810,#876,#942),#1008,.T.);
#18 = FACE_BOUND('',#19,.F.);
#19 = EDGE_LOOP('',(#20,#30,#38,#46,#54,#62,#70,#78));
#20 = ORIENTED_EDGE('',*,*,#21,.F.);
#21 = EDGE_CURVE('',#22,#24,#26,.T.);
#22 = VERTEX_POINT('',#23);
#23 = CARTESIAN_POINT('',(-3.74,2.,1.8));
#24 = VERTEX_POINT('',#25);
#25 = CARTESIAN_POINT('',(-3.74,2.,2.55));
#26 = LINE('',#27,#28);
#27 = CARTESIAN_POINT('',(-3.74,2.,1.8));
#28 = VECTOR('',#29,1.);
#29 = DIRECTION('',(0.,0.,1.));
#30 = ORIENTED_EDGE('',*,*,#31,.F.);
#31 = EDGE_CURVE('',#32,#22,#34,.T.);
#32 = VERTEX_POINT('',#33);
#33 = CARTESIAN_POINT('',(-9.385,2.,1.8));
#34 = LINE('',#35,#36);
#35 = CARTESIAN_POINT('',(-9.385,2.,1.8));
#36 = VECTOR('',#37,1.);
#37 = DIRECTION('',(1.,0.,0.));
#38 = ORIENTED_EDGE('',*,*,#39,.F.);
#39 = EDGE_CURVE('',#40,#32,#42,.T.);
#40 = VERTEX_POINT('',#41);
#41 = CARTESIAN_POINT('',(-9.385,2.,-1.8));
#42 = LINE('',#43,#44);
#43 = CARTESIAN_POINT('',(-9.385,2.,-1.8));
#44 = VECTOR('',#45,1.);
#45 = DIRECTION('',(0.,0.,1.));
#46 = ORIENTED_EDGE('',*,*,#47,.F.);
#47 = EDGE_CURVE('',#48,#40,#50,.T.);
#48 = VERTEX_POINT('',#49);
#49 = CARTESIAN_POINT('',(4.305,2.,-1.8));
#50 = LINE('',#51,#52);
#51 = CARTESIAN_POINT('',(4.305,2.,-1.8));
#52 = VECTOR('',#53,1.);
#53 = DIRECTION('',(-1.,0.,0.));
#54 = ORIENTED_EDGE('',*,*,#55,.F.);
#55 = EDGE_CURVE('',#56,#48,#58,.T.);
#56 = VERTEX_POINT('',#57);
#57 = CARTESIAN_POINT('',(4.305,2.,1.8));
#58 = LINE('',#59,#60);
#59 = CARTESIAN_POINT('',(4.305,2.,1.8));
#60 = VECTOR('',#61,1.);
#61 = DIRECTION('',(0.,0.,-1.));
#62 = ORIENTED_EDGE('',*,*,#63,.F.);
#63 = EDGE_CURVE('',#64,#56,#66,.T.);
#64 = VERTEX_POINT('',#65);
#65 = CARTESIAN_POINT('',(-1.34,2.,1.8));
#66 = LINE('',#67,#68);
#67 = CARTESIAN_POINT('',(-1.34,2.,1.8));
#68 = VECTOR('',#69,1.);
#69 = DIRECTION('',(1.,0.,0.));
#70 = ORIENTED_EDGE('',*,*,#71,.F.);
#71 = EDGE_CURVE('',#72,#64,#74,.T.);
#72 = VERTEX_POINT('',#73);
#73 = CARTESIAN_POINT('',(-1.34,2.,2.55));
#74 = LINE('',#75,#76);
#75 = CARTESIAN_POINT('',(-1.34,2.,2.55));
#76 = VECTOR('',#77,1.);
#77 = DIRECTION('',(0.,0.,-1.));
#78 = ORIENTED_EDGE('',*,*,#79,.F.);
#79 = EDGE_CURVE('',#24,#72,#80,.T.);
#80 = LINE('',#81,#82);
#81 = CARTESIAN_POINT('',(-3.74,2.,2.55));
#82 = VECTOR('',#83,1.);
#83 = DIRECTION('',(1.,0.,0.));
#84 = FACE_BOUND('',#85,.F.);
#85 = EDGE_LOOP('',(#86,#96,#104,#112,#120,#128,#136,#144));
#86 = ORIENTED_EDGE('',*,*,#87,.F.);
#87 = EDGE_CURVE('',#88,#90,#92,.T.);
#88 = VERTEX_POINT('',#89);
#89 = CARTESIAN_POINT('',(1.03,2.,-0.875));
#90 = VERTEX_POINT('',#91);
#91 = CARTESIAN_POINT('',(1.07,2.,-0.875));
#92 = LINE('',#93,#94);
#93 = CARTESIAN_POINT('',(1.03,2.,-0.875));
#94 = VECTOR('',#95,1.);
#95 = DIRECTION('',(1.,0.,0.));
#96 = ORIENTED_EDGE('',*,*,#97,.F.);
#97 = EDGE_CURVE('',#98,#88,#100,.T.);
#98 = VERTEX_POINT('',#99);
#99 = CARTESIAN_POINT('',(1.03,2.,-0.395));
#100 = LINE('',#101,#102);
#101 = CARTESIAN_POINT('',(1.03,2.,-0.395));
#102 = VECTOR('',#103,1.);
#103 = DIRECTION('',(0.,0.,-1.));
#104 = ORIENTED_EDGE('',*,*,#105,.T.);
#105 = EDGE_CURVE('',#98,#106,#108,.T.);
#106 = VERTEX_POINT('',#107);
#107 = CARTESIAN_POINT('',(1.07,2.,-0.395));
#108 = LINE('',#109,#110);
#109 = CARTESIAN_POINT('',(1.03,2.,-0.395));
#110 = VECTOR('',#111,1.);
#111 = DIRECTION('',(1.,0.,0.));
#112 = ORIENTED_EDGE('',*,*,#113,.T.);
#113 = EDGE_CURVE('',#106,#114,#116,.T.);
#114 = VERTEX_POINT('',#115);
#115 = CARTESIAN_POINT('',(1.47,2.,-0.395));
#116 = LINE('',#117,#118);
#117 = CARTESIAN_POINT('',(1.07,2.,-0.395));
#118 = VECTOR('',#119,1.);
#119 = DIRECTION('',(1.,0.,0.));
#120 = ORIENTED_EDGE('',*,*,#121,.T.);
#121 = EDGE_CURVE('',#114,#122,#124,.T.);
#122 = VERTEX_POINT('',#123);
#123 = CARTESIAN_POINT('',(1.51,2.,-0.395));
#124 = LINE('',#125,#126);
#125 = CARTESIAN_POINT('',(1.47,2.,-0.395));
#126 = VECTOR('',#127,1.);
#127 = DIRECTION('',(1.,0.,0.));
#128 = ORIENTED_EDGE('',*,*,#129,.T.);
#129 = EDGE_CURVE('',#122,#130,#132,.T.);
#130 = VERTEX_POINT('',#131);
#131 = CARTESIAN_POINT('',(1.51,2.,-0.875));
#132 = LINE('',#133,#134);
#133 = CARTESIAN_POINT('',(1.51,2.,-0.395));
#134 = VECTOR('',#135,1.);
#135 = DIRECTION('',(0.,0.,-1.));
#136 = ORIENTED_EDGE('',*,*,#137,.F.);
#137 = EDGE_CURVE('',#138,#130,#140,.T.);
#138 = VERTEX_POINT('',#139);
#139 = CARTESIAN_POINT('',(1.47,2.,-0.875));
#140 = LINE('',#141,#142);
#141 = CARTESIAN_POINT('',(1.47,2.,-0.875));
#142 = VECTOR('',#143,1.);
#143 = DIRECTION('',(1.,0.,0.));
#144 = ORIENTED_EDGE('',*,*,#145,.F.);
#145 = EDGE_CURVE('',#90,#138,#146,.T.);
#146 = LINE('',#147,#148);
#147 = CARTESIAN_POINT('',(1.07,2.,-0.875));
#148 = VECTOR('',#149,1.);
#149 = DIRECTION('',(1.,0.,0.));
#150 = FACE_BOUND('',#151,.F.);
#151 = EDGE_LOOP('',(#152,#162,#170,#178,#186,#194,#202,#210));
#152 = ORIENTED_EDGE('',*,*,#153,.F.);
#153 = EDGE_CURVE('',#154,#156,#158,.T.);
#154 = VERTEX_POINT('',#155);
#155 = CARTESIAN_POINT('',(1.03,2.,0.395));
#156 = VERTEX_POINT('',#157);
#157 = CARTESIAN_POINT('',(1.07,2.,0.395));
#158 = LINE('',#159,#160);
#159 = CARTESIAN_POINT('',(1.03,2.,0.395));
#160 = VECTOR('',#161,1.);
#161 = DIRECTION('',(1.,0.,0.));
#162 = ORIENTED_EDGE('',*,*,#163,.F.);
#163 = EDGE_CURVE('',#164,#154,#166,.T.);
#164 = VERTEX_POINT('',#165);
#165 = CARTESIAN_POINT('',(1.03,2.,0.875));
#166 = LINE('',#167,#168);
#167 = CARTESIAN_POINT('',(1.03,2.,0.875));
#168 = VECTOR('',#169,1.);
#169 = DIRECTION('',(0.,0.,-1.));
#170 = ORIENTED_EDGE('',*,*,#171,.T.);
#171 = EDGE_CURVE('',#164,#172,#174,.T.);
#172 = VERTEX_POINT('',#173);
#173 = CARTESIAN_POINT('',(1.07,2.,0.875));
#174 = LINE('',#175,#176);
#175 = CARTESIAN_POINT('',(1.03,2.,0.875));
#176 = VECTOR('',#177,1.);
#177 = DIRECTION('',(1.,0.,0.));
#178 = ORIENTED_EDGE('',*,*,#179,.T.);
#179 = EDGE_CURVE('',#172,#180,#182,.T.);
#180 = VERTEX_POINT('',#181);
#181 = CARTESIAN_POINT('',(1.47,2.,0.875));
#182 = LINE('',#183,#184);
#183 = CARTESIAN_POINT('',(1.07,2.,0.875));
#184 = VECTOR('',#185,1.);
#185 = DIRECTION('',(1.,0.,0.));
#186 = ORIENTED_EDGE('',*,*,#187,.T.);
#187 = EDGE_CURVE('',#180,#188,#190,.T.);
#188 = VERTEX_POINT('',#189);
#189 = CARTESIAN_POINT('',(1.51,2.,0.875));
#190 = LINE('',#191,#192);
#191 = CARTESIAN_POINT('',(1.47,2.,0.875));
#192 = VECTOR('',#193,1.);
#193 = DIRECTION('',(1.,0.,0.));
#194 = ORIENTED_EDGE('',*,*,#195,.T.);
#195 = EDGE_CURVE('',#188,#196,#198,.T.);
#196 = VERTEX_POINT('',#197);
#197 = CARTESIAN_POINT('',(1.51,2.,0.395));
#198 = LINE('',#199,#200);
#199 = CARTESIAN_POINT('',(1.51,2.,0.875));
#200 = VECTOR('',#201,1.);
#201 = DIRECTION('',(0.,0.,-1.));
#202 = ORIENTED_EDGE('',*,*,#203,.F.);
#203 = EDGE_CURVE('',#204,#196,#206,.T.);
#204 = VERTEX_POINT('',#205);
#205 = CARTESIAN_POINT('',(1.47,2.,0.395));
#206 = LINE('',#207,#208);
#207 = CARTESIAN_POINT('',(1.47,2.,0.395));
#208 = VECTOR('',#209,1.);
#209 = DIRECTION('',(1.,0.,0.));
#210 = ORIENTED_EDGE('',*,*,#211,.F.);
#211 = EDGE_CURVE('',#156,#204,#212,.T.);
#212 = LINE('',#213,#214);
#213 = CARTESIAN_POINT('',(1.07,2.,0.395));
#214 = VECTOR('',#215,1.);
#215 = DIRECTION('',(1.,0.,0.));
#216 = FACE_BOUND('',#217,.F.);
#217 = EDGE_LOOP('',(#218,#228,#236,#244,#252,#260,#268,#276));
#218 = ORIENTED_EDGE('',*,*,#219,.F.);
#219 = EDGE_CURVE('',#220,#222,#224,.T.);
#220 = VERTEX_POINT('',#221);
#221 = CARTESIAN_POINT('',(-0.24,2.,-0.875));
#222 = VERTEX_POINT('',#223);
#223 = CARTESIAN_POINT('',(-0.2,2.,-0.875));
#224 = LINE('',#225,#226);
#225 = CARTESIAN_POINT('',(-0.24,2.,-0.875));
#226 = VECTOR('',#227,1.);
#227 = DIRECTION('',(1.,0.,0.));
#228 = ORIENTED_EDGE('',*,*,#229,.F.);
#229 = EDGE_CURVE('',#230,#220,#232,.T.);
#230 = VERTEX_POINT('',#231);
#231 = CARTESIAN_POINT('',(-0.24,2.,-0.395));
#232 = LINE('',#233,#234);
#233 = CARTESIAN_POINT('',(-0.24,2.,-0.395));
#234 = VECTOR('',#235,1.);
#235 = DIRECTION('',(0.,0.,-1.));
#236 = ORIENTED_EDGE('',*,*,#237,.T.);
#237 = EDGE_CURVE('',#230,#238,#240,.T.);
#238 = VERTEX_POINT('',#239);
#239 = CARTESIAN_POINT('',(-0.2,2.,-0.395));
#240 = LINE('',#241,#242);
#241 = CARTESIAN_POINT('',(-0.24,2.,-0.395));
#242 = VECTOR('',#243,1.);
#243 = DIRECTION('',(1.,0.,0.));
#244 = ORIENTED_EDGE('',*,*,#245,.T.);
#245 = EDGE_CURVE('',#238,#246,#248,.T.);
#246 = VERTEX_POINT('',#247);
#247 = CARTESIAN_POINT('',(0.2,2.,-0.395));
#248 = LINE('',#249,#250);
#249 = CARTESIAN_POINT('',(-0.2,2.,-0.395));
#250 = VECTOR('',#251,1.);
#251 = DIRECTION('',(1.,0.,0.));
#252 = ORIENTED_EDGE('',*,*,#253,.T.);
#253 = EDGE_CURVE('',#246,#254,#256,.T.);
#254 = VERTEX_POINT('',#255);
#255 = CARTESIAN_POINT('',(0.24,2.,-0.395));
#256 = LINE('',#257,#258);
#257 = CARTESIAN_POINT('',(0.2,2.,-0.395));
#258 = VECTOR('',#259,1.);
#259 = DIRECTION('',(1.,0.,0.));
#260 = ORIENTED_EDGE('',*,*,#261,.T.);
#261 = EDGE_CURVE('',#254,#262,#264,.T.);
#262 = VERTEX_POINT('',#263);
#263 = CARTESIAN_POINT('',(0.24,2.,-0.875));
#264 = LINE('',#265,#266);
#265 = CARTESIAN_POINT('',(0.24,2.,-0.395));
#266 = VECTOR('',#267,1.);
#267 = DIRECTION('',(0.,0.,-1.));
#268 = ORIENTED_EDGE('',*,*,#269,.F.);
#269 = EDGE_CURVE('',#270,#262,#272,.T.);
#270 = VERTEX_POINT('',#271);
#271 = CARTESIAN_POINT('',(0.2,2.,-0.875));
#272 = LINE('',#273,#274);
#273 = CARTESIAN_POINT('',(0.2,2.,-0.875));
#274 = VECTOR('',#275,1.);
#275 = DIRECTION('',(1.,0.,0.));
#276 = ORIENTED_EDGE('',*,*,#277,.F.);
#277 = EDGE_CURVE('',#222,#270,#278,.T.);
#278 = LINE('',#279,#280);
#279 = CARTESIAN_POINT('',(-0.2,2.,-0.875));
#280 = VECTOR('',#281,1.);
#281 = DIRECTION('',(1.,0.,0.));
#282 = FACE_BOUND('',#283,.F.);
#283 = EDGE_LOOP('',(#284,#294,#302,#310,#318,#326,#334,#342));
#284 = ORIENTED_EDGE('',*,*,#285,.F.);
#285 = EDGE_CURVE('',#286,#288,#290,.T.);
#286 = VERTEX_POINT('',#287);
#287 = CARTESIAN_POINT('',(-0.24,2.,0.395));
#288 = VERTEX_POINT('',#289);
#289 = CARTESIAN_POINT('',(-0.2,2.,0.395));
#290 = LINE('',#291,#292);
#291 = CARTESIAN_POINT('',(-0.24,2.,0.395));
#292 = VECTOR('',#293,1.);
#293 = DIRECTION('',(1.,0.,0.));
#294 = ORIENTED_EDGE('',*,*,#295,.F.);
#295 = EDGE_CURVE('',#296,#286,#298,.T.);
#296 = VERTEX_POINT('',#297);
#297 = CARTESIAN_POINT('',(-0.24,2.,0.875));
#298 = LINE('',#299,#300);
#299 = CARTESIAN_POINT('',(-0.24,2.,0.875));
#300 = VECTOR('',#301,1.);
#301 = DIRECTION('',(0.,0.,-1.));
#302 = ORIENTED_EDGE('',*,*,#303,.T.);
#303 = EDGE_CURVE('',#296,#304,#306,.T.);
#304 = VERTEX_POINT('',#305);
#305 = CARTESIAN_POINT('',(-0.2,2.,0.875));
#306 = LINE('',#307,#308);
#307 = CARTESIAN_POINT('',(-0.24,2.,0.875));
#308 = VECTOR('',#309,1.);
#309 = DIRECTION('',(1.,0.,0.));
#310 = ORIENTED_EDGE('',*,*,#311,.T.);
#311 = EDGE_CURVE('',#304,#312,#314,.T.);
#312 = VERTEX_POINT('',#313);
#313 = CARTESIAN_POINT('',(0.2,2.,0.875));
#314 = LINE('',#315,#316);
#315 = CARTESIAN_POINT('',(-0.2,2.,0.875));
#316 = VECTOR('',#317,1.);
#317 = DIRECTION('',(1.,0.,0.));
#318 = ORIENTED_EDGE('',*,*,#319,.T.);
#319 = EDGE_CURVE('',#312,#320,#322,.T.);
#320 = VERTEX_POINT('',#321);
#321 = CARTESIAN_POINT('',(0.24,2.,0.875));
#322 = LINE('',#323,#324);
#323 = CARTESIAN_POINT('',(0.2,2.,0.875));
#324 = VECTOR('',#325,1.);
#325 = DIRECTION('',(1.,0.,0.));
#326 = ORIENTED_EDGE('',*,*,#327,.T.);
#327 = EDGE_CURVE('',#320,#328,#330,.T.);
#328 = VERTEX_POINT('',#329);
#329 = CARTESIAN_POINT('',(0.24,2.,0.395));
#330 = LINE('',#331,#332);
#331 = CARTESIAN_POINT('',(0.24,2.,0.875));
#332 = VECTOR('',#333,1.);
#333 = DIRECTION('',(0.,0.,-1.));
#334 = ORIENTED_EDGE('',*,*,#335,.F.);
#335 = EDGE_CURVE('',#336,#328,#338,.T.);
#336 = VERTEX_POINT('',#337);
#337 = CARTESIAN_POINT('',(0.2,2.,0.395));
#338 = LINE('',#339,#340);
#339 = CARTESIAN_POINT('',(0.2,2.,0.395));
#340 = VECTOR('',#341,1.);
#341 = DIRECTION('',(1.,0.,0.));
#342 = ORIENTED_EDGE('',*,*,#343,.F.);
#343 = EDGE_CURVE('',#288,#336,#344,.T.);
#344 = LINE('',#345,#346);
#345 = CARTESIAN_POINT('',(-0.2,2.,0.395));
#346 = VECTOR('',#347,1.);
#347 = DIRECTION('',(1.,0.,0.));
#348 = FACE_BOUND('',#349,.F.);
#349 = EDGE_LOOP('',(#350,#360,#368,#376,#384,#392,#400,#408));
#350 = ORIENTED_EDGE('',*,*,#351,.F.);
#351 = EDGE_CURVE('',#352,#354,#356,.T.);
#352 = VERTEX_POINT('',#353);
#353 = CARTESIAN_POINT('',(-1.51,2.,-0.875));
#354 = VERTEX_POINT('',#355);
#355 = CARTESIAN_POINT('',(-1.47,2.,-0.875));
#356 = LINE('',#357,#358);
#357 = CARTESIAN_POINT('',(-1.51,2.,-0.875));
#358 = VECTOR('',#359,1.);
#359 = DIRECTION('',(1.,0.,0.));
#360 = ORIENTED_EDGE('',*,*,#361,.F.);
#361 = EDGE_CURVE('',#362,#352,#364,.T.);
#362 = VERTEX_POINT('',#363);
#363 = CARTESIAN_POINT('',(-1.51,2.,-0.395));
#364 = LINE('',#365,#366);
#365 = CARTESIAN_POINT('',(-1.51,2.,-0.395));
#366 = VECTOR('',#367,1.);
#367 = DIRECTION('',(0.,0.,-1.));
#368 = ORIENTED_EDGE('',*,*,#369,.T.);
#369 = EDGE_CURVE('',#362,#370,#372,.T.);
#370 = VERTEX_POINT('',#371);
#371 = CARTESIAN_POINT('',(-1.47,2.,-0.395));
#372 = LINE('',#373,#374);
#373 = CARTESIAN_POINT('',(-1.51,2.,-0.395));
#374 = VECTOR('',#375,1.);
#375 = DIRECTION('',(1.,0.,0.));
#376 = ORIENTED_EDGE('',*,*,#377,.T.);
#377 = EDGE_CURVE('',#370,#378,#380,.T.);
#378 = VERTEX_POINT('',#379);
#379 = CARTESIAN_POINT('',(-1.07,2.,-0.395));
#380 = LINE('',#381,#382);
#381 = CARTESIAN_POINT('',(-1.47,2.,-0.395));
#382 = VECTOR('',#383,1.);
#383 = DIRECTION('',(1.,0.,0.));
#384 = ORIENTED_EDGE('',*,*,#385,.T.);
#385 = EDGE_CURVE('',#378,#386,#388,.T.);
#386 = VERTEX_POINT('',#387);
#387 = CARTESIAN_POINT('',(-1.03,2.,-0.395));
#388 = LINE('',#389,#390);
#389 = CARTESIAN_POINT('',(-1.07,2.,-0.395));
#390 = VECTOR('',#391,1.);
#391 = DIRECTION('',(1.,0.,0.));
#392 = ORIENTED_EDGE('',*,*,#393,.T.);
#393 = EDGE_CURVE('',#386,#394,#396,.T.);
#394 = VERTEX_POINT('',#395);
#395 = CARTESIAN_POINT('',(-1.03,2.,-0.875));
#396 = LINE('',#397,#398);
#397 = CARTESIAN_POINT('',(-1.03,2.,-0.395));
#398 = VECTOR('',#399,1.);
#399 = DIRECTION('',(0.,0.,-1.));
#400 = ORIENTED_EDGE('',*,*,#401,.F.);
#401 = EDGE_CURVE('',#402,#394,#404,.T.);
#402 = VERTEX_POINT('',#403);
#403 = CARTESIAN_POINT('',(-1.07,2.,-0.875));
#404 = LINE('',#405,#406);
#405 = CARTESIAN_POINT('',(-1.07,2.,-0.875));
#406 = VECTOR('',#407,1.);
#407 = DIRECTION('',(1.,0.,0.));
#408 = ORIENTED_EDGE('',*,*,#409,.F.);
#409 = EDGE_CURVE('',#354,#402,#410,.T.);
#410 = LINE('',#411,#412);
#411 = CARTESIAN_POINT('',(-1.47,2.,-0.875));
#412 = VECTOR('',#413,1.);
#413 = DIRECTION('',(1.,0.,0.));
#414 = FACE_BOUND('',#415,.F.);
#415 = EDGE_LOOP('',(#416,#426,#434,#442,#450,#458,#466,#474));
#416 = ORIENTED_EDGE('',*,*,#417,.F.);
#417 = EDGE_CURVE('',#418,#420,#422,.T.);
#418 = VERTEX_POINT('',#419);
#419 = CARTESIAN_POINT('',(-1.51,2.,0.395));
#420 = VERTEX_POINT('',#421);
#421 = CARTESIAN_POINT('',(-1.47,2.,0.395));
#422 = LINE('',#423,#424);
#423 = CARTESIAN_POINT('',(-1.51,2.,0.395));
#424 = VECTOR('',#425,1.);
#425 = DIRECTION('',(1.,0.,0.));
#426 = ORIENTED_EDGE('',*,*,#427,.F.);
#427 = EDGE_CURVE('',#428,#418,#430,.T.);
#428 = VERTEX_POINT('',#429);
#429 = CARTESIAN_POINT('',(-1.51,2.,0.875));
#430 = LINE('',#431,#432);
#431 = CARTESIAN_POINT('',(-1.51,2.,0.875));
#432 = VECTOR('',#433,1.);
#433 = DIRECTION('',(0.,0.,-1.));
#434 = ORIENTED_EDGE('',*,*,#435,.T.);
#435 = EDGE_CURVE('',#428,#436,#438,.T.);
#436 = VERTEX_POINT('',#437);
#437 = CARTESIAN_POINT('',(-1.47,2.,0.875));
#438 = LINE('',#439,#440);
#439 = CARTESIAN_POINT('',(-1.51,2.,0.875));
#440 = VECTOR('',#441,1.);
#441 = DIRECTION('',(1.,0.,0.));
#442 = ORIENTED_EDGE('',*,*,#443,.T.);
#443 = EDGE_CURVE('',#436,#444,#446,.T.);
#444 = VERTEX_POINT('',#445);
#445 = CARTESIAN_POINT('',(-1.07,2.,0.875));
#446 = LINE('',#447,#448);
#447 = CARTESIAN_POINT('',(-1.47,2.,0.875));
#448 = VECTOR('',#449,1.);
#449 = DIRECTION('',(1.,0.,0.));
#450 = ORIENTED_EDGE('',*,*,#451,.T.);
#451 = EDGE_CURVE('',#444,#452,#454,.T.);
#452 = VERTEX_POINT('',#453);
#453 = CARTESIAN_POINT('',(-1.03,2.,0.875));
#454 = LINE('',#455,#456);
#455 = CARTESIAN_POINT('',(-1.07,2.,0.875));
#456 = VECTOR('',#457,1.);
#457 = DIRECTION('',(1.,0.,0.));
#458 = ORIENTED_EDGE('',*,*,#459,.T.);
#459 = EDGE_CURVE('',#452,#460,#462,.T.);
#460 = VERTEX_POINT('',#461);
#461 = CARTESIAN_POINT('',(-1.03,2.,0.395));
#462 = LINE('',#463,#464);
#463 = CARTESIAN_POINT('',(-1.03,2.,0.875));
#464 = VECTOR('',#465,1.);
#465 = DIRECTION('',(0.,0.,-1.));
#466 = ORIENTED_EDGE('',*,*,#467,.F.);
#467 = EDGE_CURVE('',#468,#460,#470,.T.);
#468 = VERTEX_POINT('',#469);
#469 = CARTESIAN_POINT('',(-1.07,2.,0.395));
#470 = LINE('',#471,#472);
#471 = CARTESIAN_POINT('',(-1.07,2.,0.395));
#472 = VECTOR('',#473,1.);
#473 = DIRECTION('',(1.,0.,0.));
#474 = ORIENTED_EDGE('',*,*,#475,.F.);
#475 = EDGE_CURVE('',#420,#468,#476,.T.);
#476 = LINE('',#477,#478);
#477 = CARTESIAN_POINT('',(-1.47,2.,0.395));
#478 = VECTOR('',#479,1.);
#479 = DIRECTION('',(1.,0.,0.));
#480 = FACE_BOUND('',#481,.F.);
#481 = EDGE_LOOP('',(#482,#492,#500,#508,#516,#524,#532,#540));
#482 = ORIENTED_EDGE('',*,*,#483,.F.);
#483 = EDGE_CURVE('',#484,#486,#488,.T.);
#484 = VERTEX_POINT('',#485);
#485 = CARTESIAN_POINT('',(-2.78,2.,-0.875));
#486 = VERTEX_POINT('',#487);
#487 = CARTESIAN_POINT('',(-2.74,2.,-0.875));
#488 = LINE('',#489,#490);
#489 = CARTESIAN_POINT('',(-2.78,2.,-0.875));
#490 = VECTOR('',#491,1.);
#491 = DIRECTION('',(1.,0.,0.));
#492 = ORIENTED_EDGE('',*,*,#493,.F.);
#493 = EDGE_CURVE('',#494,#484,#496,.T.);
#494 = VERTEX_POINT('',#495);
#495 = CARTESIAN_POINT('',(-2.78,2.,-0.395));
#496 = LINE('',#497,#498);
#497 = CARTESIAN_POINT('',(-2.78,2.,-0.395));
#498 = VECTOR('',#499,1.);
#499 = DIRECTION('',(0.,0.,-1.));
#500 = ORIENTED_EDGE('',*,*,#501,.T.);
#501 = EDGE_CURVE('',#494,#502,#504,.T.);
#502 = VERTEX_POINT('',#503);
#503 = CARTESIAN_POINT('',(-2.74,2.,-0.395));
#504 = LINE('',#505,#506);
#505 = CARTESIAN_POINT('',(-2.78,2.,-0.395));
#506 = VECTOR('',#507,1.);
#507 = DIRECTION('',(1.,0.,0.));
#508 = ORIENTED_EDGE('',*,*,#509,.T.);
#509 = EDGE_CURVE('',#502,#510,#512,.T.);
#510 = VERTEX_POINT('',#511);
#511 = CARTESIAN_POINT('',(-2.34,2.,-0.395));
#512 = LINE('',#513,#514);
#513 = CARTESIAN_POINT('',(-2.74,2.,-0.395));
#514 = VECTOR('',#515,1.);
#515 = DIRECTION('',(1.,0.,0.));
#516 = ORIENTED_EDGE('',*,*,#517,.T.);
#517 = EDGE_CURVE('',#510,#518,#520,.T.);
#518 = VERTEX_POINT('',#519);
#519 = CARTESIAN_POINT('',(-2.3,2.,-0.395));
#520 = LINE('',#521,#522);
#521 = CARTESIAN_POINT('',(-2.34,2.,-0.395));
#522 = VECTOR('',#523,1.);
#523 = DIRECTION('',(1.,0.,0.));
#524 = ORIENTED_EDGE('',*,*,#525,.T.);
#525 = EDGE_CURVE('',#518,#526,#528,.T.);
#526 = VERTEX_POINT('',#527);
#527 = CARTESIAN_POINT('',(-2.3,2.,-0.875));
#528 = LINE('',#529,#530);
#529 = CARTESIAN_POINT('',(-2.3,2.,-0.395));
#530 = VECTOR('',#531,1.);
#531 = DIRECTION('',(0.,0.,-1.));
#532 = ORIENTED_EDGE('',*,*,#533,.F.);
#533 = EDGE_CURVE('',#534,#526,#536,.T.);
#534 = VERTEX_POINT('',#535);
#535 = CARTESIAN_POINT('',(-2.34,2.,-0.875));
#536 = LINE('',#537,#538);
#537 = CARTESIAN_POINT('',(-2.34,2.,-0.875));
#538 = VECTOR('',#539,1.);
#539 = DIRECTION('',(1.,0.,0.));
#540 = ORIENTED_EDGE('',*,*,#541,.F.);
#541 = EDGE_CURVE('',#486,#534,#542,.T.);
#542 = LINE('',#543,#544);
#543 = CARTESIAN_POINT('',(-2.74,2.,-0.875));
#544 = VECTOR('',#545,1.);
#545 = DIRECTION('',(1.,0.,0.));
#546 = FACE_BOUND('',#547,.F.);
#547 = EDGE_LOOP('',(#548,#558,#566,#574,#582,#590,#598,#606));
#548 = ORIENTED_EDGE('',*,*,#549,.F.);
#549 = EDGE_CURVE('',#550,#552,#554,.T.);
#550 = VERTEX_POINT('',#551);
#551 = CARTESIAN_POINT('',(-2.78,2.,0.395));
#552 = VERTEX_POINT('',#553);
#553 = CARTESIAN_POINT('',(-2.74,2.,0.395));
#554 = LINE('',#555,#556);
#555 = CARTESIAN_POINT('',(-2.78,2.,0.395));
#556 = VECTOR('',#557,1.);
#557 = DIRECTION('',(1.,0.,0.));
#558 = ORIENTED_EDGE('',*,*,#559,.F.);
#559 = EDGE_CURVE('',#560,#550,#562,.T.);
#560 = VERTEX_POINT('',#561);
#561 = CARTESIAN_POINT('',(-2.78,2.,0.875));
#562 = LINE('',#563,#564);
#563 = CARTESIAN_POINT('',(-2.78,2.,0.875));
#564 = VECTOR('',#565,1.);
#565 = DIRECTION('',(0.,0.,-1.));
#566 = ORIENTED_EDGE('',*,*,#567,.T.);
#567 = EDGE_CURVE('',#560,#568,#570,.T.);
#568 = VERTEX_POINT('',#569);
#569 = CARTESIAN_POINT('',(-2.74,2.,0.875));
#570 = LINE('',#571,#572);
#571 = CARTESIAN_POINT('',(-2.78,2.,0.875));
#572 = VECTOR('',#573,1.);
#573 = DIRECTION('',(1.,0.,0.));
#574 = ORIENTED_EDGE('',*,*,#575,.T.);
#575 = EDGE_CURVE('',#568,#576,#578,.T.);
#576 = VERTEX_POINT('',#577);
#577 = CARTESIAN_POINT('',(-2.34,2.,0.875));
#578 = LINE('',#579,#580);
#579 = CARTESIAN_POINT('',(-2.74,2.,0.875));
#580 = VECTOR('',#581,1.);
#581 = DIRECTION('',(1.,0.,0.));
#582 = ORIENTED_EDGE('',*,*,#583,.T.);
#583 = EDGE_CURVE('',#576,#584,#586,.T.);
#584 = VERTEX_POINT('',#585);
#585 = CARTESIAN_POINT('',(-2.3,2.,0.875));
#586 = LINE('',#587,#588);
#587 = CARTESIAN_POINT('',(-2.34,2.,0.875));
#588 = VECTOR('',#589,1.);
#589 = DIRECTION('',(1.,0.,0.));
#590 = ORIENTED_EDGE('',*,*,#591,.T.);
#591 = EDGE_CURVE('',#584,#592,#594,.T.);
#592 = VERTEX_POINT('',#593);
#593 = CARTESIAN_POINT('',(-2.3,2.,0.395));
#594 = LINE('',#595,#596);
#595 = CARTESIAN_POINT('',(-2.3,2.,0.875));
#596 = VECTOR('',#597,1.);
#597 = DIRECTION('',(0.,0.,-1.));
#598 = ORIENTED_EDGE('',*,*,#599,.F.);
#599 = EDGE_CURVE('',#600,#592,#602,.T.);
#600 = VERTEX_POINT('',#601);
#601 = CARTESIAN_POINT('',(-2.34,2.,0.395));
#602 = LINE('',#603,#604);
#603 = CARTESIAN_POINT('',(-2.34,2.,0.395));
#604 = VECTOR('',#605,1.);
#605 = DIRECTION('',(1.,0.,0.));
#606 = ORIENTED_EDGE('',*,*,#607,.F.);
#607 = EDGE_CURVE('',#552,#600,#608,.T.);
#608 = LINE('',#609,#610);
#609 = CARTESIAN_POINT('',(-2.74,2.,0.395));
#610 = VECTOR('',#611,1.);
#611 = DIRECTION('',(1.,0.,0.));
#612 = FACE_BOUND('',#613,.F.);
#613 = EDGE_LOOP('',(#614,#624,#632,#640,#648,#656,#664,#672));
#614 = ORIENTED_EDGE('',*,*,#615,.F.);
#615 = EDGE_CURVE('',#616,#618,#620,.T.);
#616 = VERTEX_POINT('',#617);
#617 = CARTESIAN_POINT('',(-4.05,2.,-0.875));
#618 = VERTEX_POINT('',#619);
#619 = CARTESIAN_POINT('',(-4.01,2.,-0.875));
#620 = LINE('',#621,#622);
#621 = CARTESIAN_POINT('',(-4.05,2.,-0.875));
#622 = VECTOR('',#623,1.);
#623 = DIRECTION('',(1.,0.,0.));
#624 = ORIENTED_EDGE('',*,*,#625,.F.);
#625 = EDGE_CURVE('',#626,#616,#628,.T.);
#626 = VERTEX_POINT('',#627);
#627 = CARTESIAN_POINT('',(-4.05,2.,-0.395));
#628 = LINE('',#629,#630);
#629 = CARTESIAN_POINT('',(-4.05,2.,-0.395));
#630 = VECTOR('',#631,1.);
#631 = DIRECTION('',(0.,0.,-1.));
#632 = ORIENTED_EDGE('',*,*,#633,.T.);
#633 = EDGE_CURVE('',#626,#634,#636,.T.);
#634 = VERTEX_POINT('',#635);
#635 = CARTESIAN_POINT('',(-4.01,2.,-0.395));
#636 = LINE('',#637,#638);
#637 = CARTESIAN_POINT('',(-4.05,2.,-0.395));
#638 = VECTOR('',#639,1.);
#639 = DIRECTION('',(1.,0.,0.));
#640 = ORIENTED_EDGE('',*,*,#641,.T.);
#641 = EDGE_CURVE('',#634,#642,#644,.T.);
#642 = VERTEX_POINT('',#643);
#643 = CARTESIAN_POINT('',(-3.61,2.,-0.395));
#644 = LINE('',#645,#646);
#645 = CARTESIAN_POINT('',(-4.01,2.,-0.395));
#646 = VECTOR('',#647,1.);
#647 = DIRECTION('',(1.,0.,0.));
#648 = ORIENTED_EDGE('',*,*,#649,.T.);
#649 = EDGE_CURVE('',#642,#650,#652,.T.);
#650 = VERTEX_POINT('',#651);
#651 = CARTESIAN_POINT('',(-3.57,2.,-0.395));
#652 = LINE('',#653,#654);
#653 = CARTESIAN_POINT('',(-3.61,2.,-0.395));
#654 = VECTOR('',#655,1.);
#655 = DIRECTION('',(1.,0.,0.));
#656 = ORIENTED_EDGE('',*,*,#657,.T.);
#657 = EDGE_CURVE('',#650,#658,#660,.T.);
#658 = VERTEX_POINT('',#659);
#659 = CARTESIAN_POINT('',(-3.57,2.,-0.875));
#660 = LINE('',#661,#662);
#661 = CARTESIAN_POINT('',(-3.57,2.,-0.395));
#662 = VECTOR('',#663,1.);
#663 = DIRECTION('',(0.,0.,-1.));
#664 = ORIENTED_EDGE('',*,*,#665,.F.);
#665 = EDGE_CURVE('',#666,#658,#668,.T.);
#666 = VERTEX_POINT('',#667);
#667 = CARTESIAN_POINT('',(-3.61,2.,-0.875));
#668 = LINE('',#669,#670);
#669 = CARTESIAN_POINT('',(-3.61,2.,-0.875));
#670 = VECTOR('',#671,1.);
#671 = DIRECTION('',(1.,0.,0.));
#672 = ORIENTED_EDGE('',*,*,#673,.F.);
#673 = EDGE_CURVE('',#618,#666,#674,.T.);
#674 = LINE('',#675,#676);
#675 = CARTESIAN_POINT('',(-4.01,2.,-0.875));
#676 = VECTOR('',#677,1.);
#677 = DIRECTION('',(1.,0.,0.));
#678 = FACE_BOUND('',#679,.F.);
#679 = EDGE_LOOP('',(#680,#690,#698,#706,#714,#722,#730,#738));
#680 = ORIENTED_EDGE('',*,*,#681,.F.);
#681 = EDGE_CURVE('',#682,#684,#686,.T.);
#682 = VERTEX_POINT('',#683);
#683 = CARTESIAN_POINT('',(-4.05,2.,0.395));
#684 = VERTEX_POINT('',#685);
#685 = CARTESIAN_POINT('',(-4.01,2.,0.395));
#686 = LINE('',#687,#688);
#687 = CARTESIAN_POINT('',(-4.05,2.,0.395));
#688 = VECTOR('',#689,1.);
#689 = DIRECTION('',(1.,0.,0.));
#690 = ORIENTED_EDGE('',*,*,#691,.F.);
#691 = EDGE_CURVE('',#692,#682,#694,.T.);
#692 = VERTEX_POINT('',#693);
#693 = CARTESIAN_POINT('',(-4.05,2.,0.875));
#694 = LINE('',#695,#696);
#695 = CARTESIAN_POINT('',(-4.05,2.,0.875));
#696 = VECTOR('',#697,1.);
#697 = DIRECTION('',(0.,0.,-1.));
#698 = ORIENTED_EDGE('',*,*,#699,.T.);
#699 = EDGE_CURVE('',#692,#700,#702,.T.);
#700 = VERTEX_POINT('',#701);
#701 = CARTESIAN_POINT('',(-4.01,2.,0.875));
#702 = LINE('',#703,#704);
#703 = CARTESIAN_POINT('',(-4.05,2.,0.875));
#704 = VECTOR('',#705,1.);
#705 = DIRECTION('',(1.,0.,0.));
#706 = ORIENTED_EDGE('',*,*,#707,.T.);
#707 = EDGE_CURVE('',#700,#708,#710,.T.);
#708 = VERTEX_POINT('',#709);
#709 = CARTESIAN_POINT('',(-3.61,2.,0.875));
#710 = LINE('',#711,#712);
#711 = CARTESIAN_POINT('',(-4.01,2.,0.875));
#712 = VECTOR('',#713,1.);
#713 = DIRECTION('',(1.,0.,0.));
#714 = ORIENTED_EDGE('',*,*,#715,.T.);
#715 = EDGE_CURVE('',#708,#716,#718,.T.);
#716 = VERTEX_POINT('',#717);
#717 = CARTESIAN_POINT('',(-3.57,2.,0.875));
#718 = LINE('',#719,#720);
#719 = CARTESIAN_POINT('',(-3.61,2.,0.875));
#720 = VECTOR('',#721,1.);
#721 = DIRECTION('',(1.,0.,0.));
#722 = ORIENTED_EDGE('',*,*,#723,.T.);
#723 = EDGE_CURVE('',#716,#724,#726,.T.);
#724 = VERTEX_POINT('',#725);
#725 = CARTESIAN_POINT('',(-3.57,2.,0.395));
#726 = LINE('',#727,#728);
#727 = CARTESIAN_POINT('',(-3.57,2.,0.875));
#728 = VECTOR('',#729,1.);
#729 = DIRECTION('',(0.,0.,-1.));
#730 = ORIENTED_EDGE('',*,*,#731,.F.);
#731 = EDGE_CURVE('',#732,#724,#734,.T.);
#732 = VERTEX_POINT('',#733);
#733 = CARTESIAN_POINT('',(-3.61,2.,0.395));
#734 = LINE('',#735,#736);
#735 = CARTESIAN_POINT('',(-3.61,2.,0.395));
#736 = VECTOR('',#737,1.);
#737 = DIRECTION('',(1.,0.,0.));
#738 = ORIENTED_EDGE('',*,*,#739,.F.);
#739 = EDGE_CURVE('',#684,#732,#740,.T.);
#740 = LINE('',#741,#742);
#741 = CARTESIAN_POINT('',(-4.01,2.,0.395));
#742 = VECTOR('',#743,1.);
#743 = DIRECTION('',(1.,0.,0.));
#744 = FACE_BOUND('',#745,.F.);
#745 = EDGE_LOOP('',(#746,#756,#764,#772,#780,#788,#796,#804));
#746 = ORIENTED_EDGE('',*,*,#747,.F.);
#747 = EDGE_CURVE('',#748,#750,#752,.T.);
#748 = VERTEX_POINT('',#749);
#749 = CARTESIAN_POINT('',(-5.32,2.,-0.875));
#750 = VERTEX_POINT('',#751);
#751 = CARTESIAN_POINT('',(-5.28,2.,-0.875));
#752 = LINE('',#753,#754);
#753 = CARTESIAN_POINT('',(-5.32,2.,-0.875));
#754 = VECTOR('',#755,1.);
#755 = DIRECTION('',(1.,0.,0.));
#756 = ORIENTED_EDGE('',*,*,#757,.F.);
#757 = EDGE_CURVE('',#758,#748,#760,.T.);
#758 = VERTEX_POINT('',#759);
#759 = CARTESIAN_POINT('',(-5.32,2.,-0.395));
#760 = LINE('',#761,#762);
#761 = CARTESIAN_POINT('',(-5.32,2.,-0.395));
#762 = VECTOR('',#763,1.);
#763 = DIRECTION('',(0.,0.,-1.));
#764 = ORIENTED_EDGE('',*,*,#765,.T.);
#765 = EDGE_CURVE('',#758,#766,#768,.T.);
#766 = VERTEX_POINT('',#767);
#767 = CARTESIAN_POINT('',(-5.28,2.,-0.395));
#768 = LINE('',#769,#770);
#769 = CARTESIAN_POINT('',(-5.32,2.,-0.395));
#770 = VECTOR('',#771,1.);
#771 = DIRECTION('',(1.,0.,0.));
#772 = ORIENTED_EDGE('',*,*,#773,.T.);
#773 = EDGE_CURVE('',#766,#774,#776,.T.);
#774 = VERTEX_POINT('',#775);
#775 = CARTESIAN_POINT('',(-4.88,2.,-0.395));
#776 = LINE('',#777,#778);
#777 = CARTESIAN_POINT('',(-5.28,2.,-0.395));
#778 = VECTOR('',#779,1.);
#779 = DIRECTION('',(1.,0.,0.));
#780 = ORIENTED_EDGE('',*,*,#781,.T.);
#781 = EDGE_CURVE('',#774,#782,#784,.T.);
#782 = VERTEX_POINT('',#783);
#783 = CARTESIAN_POINT('',(-4.84,2.,-0.395));
#784 = LINE('',#785,#786);
#785 = CARTESIAN_POINT('',(-4.88,2.,-0.395));
#786 = VECTOR('',#787,1.);
#787 = DIRECTION('',(1.,0.,0.));
#788 = ORIENTED_EDGE('',*,*,#789,.T.);
#789 = EDGE_CURVE('',#782,#790,#792,.T.);
#790 = VERTEX_POINT('',#791);
#791 = CARTESIAN_POINT('',(-4.84,2.,-0.875));
#792 = LINE('',#793,#794);
#793 = CARTESIAN_POINT('',(-4.84,2.,-0.395));
#794 = VECTOR('',#795,1.);
#795 = DIRECTION('',(0.,0.,-1.));
#796 = ORIENTED_EDGE('',*,*,#797,.F.);
#797 = EDGE_CURVE('',#798,#790,#800,.T.);
#798 = VERTEX_POINT('',#799);
#799 = CARTESIAN_POINT('',(-4.88,2.,-0.875));
#800 = LINE('',#801,#802);
#801 = CARTESIAN_POINT('',(-4.88,2.,-0.875));
#802 = VECTOR('',#803,1.);
#803 = DIRECTION('',(1.,0.,0.));
#804 = ORIENTED_EDGE('',*,*,#805,.F.);
#805 = EDGE_CURVE('',#750,#798,#806,.T.);
#806 = LINE('',#807,#808);
#807 = CARTESIAN_POINT('',(-5.28,2.,-0.875));
#808 = VECTOR('',#809,1.);
#809 = DIRECTION('',(1.,0.,0.));
#810 = FACE_BOUND('',#811,.F.);
#811 = EDGE_LOOP('',(#812,#822,#830,#838,#846,#854,#862,#870));
#812 = ORIENTED_EDGE('',*,*,#813,.F.);
#813 = EDGE_CURVE('',#814,#816,#818,.T.);
#814 = VERTEX_POINT('',#815);
#815 = CARTESIAN_POINT('',(-5.32,2.,0.395));
#816 = VERTEX_POINT('',#817);
#817 = CARTESIAN_POINT('',(-5.28,2.,0.395));
#818 = LINE('',#819,#820);
#819 = CARTESIAN_POINT('',(-5.32,2.,0.395));
#820 = VECTOR('',#821,1.);
#821 = DIRECTION('',(1.,0.,0.));
#822 = ORIENTED_EDGE('',*,*,#823,.F.);
#823 = EDGE_CURVE('',#824,#814,#826,.T.);
#824 = VERTEX_POINT('',#825);
#825 = CARTESIAN_POINT('',(-5.32,2.,0.875));
#826 = LINE('',#827,#828);
#827 = CARTESIAN_POINT('',(-5.32,2.,0.875));
#828 = VECTOR('',#829,1.);
#829 = DIRECTION('',(0.,0.,-1.));
#830 = ORIENTED_EDGE('',*,*,#831,.T.);
#831 = EDGE_CURVE('',#824,#832,#834,.T.);
#832 = VERTEX_POINT('',#833);
#833 = CARTESIAN_POINT('',(-5.28,2.,0.875));
#834 = LINE('',#835,#836);
#835 = CARTESIAN_POINT('',(-5.32,2.,0.875));
#836 = VECTOR('',#837,1.);
#837 = DIRECTION('',(1.,0.,0.));
#838 = ORIENTED_EDGE('',*,*,#839,.T.);
#839 = EDGE_CURVE('',#832,#840,#842,.T.);
#840 = VERTEX_POINT('',#841);
#841 = CARTESIAN_POINT('',(-4.88,2.,0.875));
#842 = LINE('',#843,#844);
#843 = CARTESIAN_POINT('',(-5.28,2.,0.875));
#844 = VECTOR('',#845,1.);
#845 = DIRECTION('',(1.,0.,0.));
#846 = ORIENTED_EDGE('',*,*,#847,.T.);
#847 = EDGE_CURVE('',#840,#848,#850,.T.);
#848 = VERTEX_POINT('',#849);
#849 = CARTESIAN_POINT('',(-4.84,2.,0.875));
#850 = LINE('',#851,#852);
#851 = CARTESIAN_POINT('',(-4.88,2.,0.875));
#852 = VECTOR('',#853,1.);
#853 = DIRECTION('',(1.,0.,0.));
#854 = ORIENTED_EDGE('',*,*,#855,.T.);
#855 = EDGE_CURVE('',#848,#856,#858,.T.);
#856 = VERTEX_POINT('',#857);
#857 = CARTESIAN_POINT('',(-4.84,2.,0.395));
#858 = LINE('',#859,#860);
#859 = CARTESIAN_POINT('',(-4.84,2.,0.875));
#860 = VECTOR('',#861,1.);
#861 = DIRECTION('',(0.,0.,-1.));
#862 = ORIENTED_EDGE('',*,*,#863,.F.);
#863 = EDGE_CURVE('',#864,#856,#866,.T.);
#864 = VERTEX_POINT('',#865);
#865 = CARTESIAN_POINT('',(-4.88,2.,0.395));
#866 = LINE('',#867,#868);
#867 = CARTESIAN_POINT('',(-4.88,2.,0.395));
#868 = VECTOR('',#869,1.);
#869 = DIRECTION('',(1.,0.,0.));
#870 = ORIENTED_EDGE('',*,*,#871,.F.);
#871 = EDGE_CURVE('',#816,#864,#872,.T.);
#872 = LINE('',#873,#874);
#873 = CARTESIAN_POINT('',(-5.28,2.,0.395));
#874 = VECTOR('',#875,1.);
#875 = DIRECTION('',(1.,0.,0.));
#876 = FACE_BOUND('',#877,.F.);
#877 = EDGE_LOOP('',(#878,#888,#896,#904,#912,#920,#928,#936));
#878 = ORIENTED_EDGE('',*,*,#879,.F.);
#879 = EDGE_CURVE('',#880,#882,#884,.T.);
#880 = VERTEX_POINT('',#881);
#881 = CARTESIAN_POINT('',(-6.59,2.,-0.875));
#882 = VERTEX_POINT('',#883);
#883 = CARTESIAN_POINT('',(-6.55,2.,-0.875));
#884 = LINE('',#885,#886);
#885 = CARTESIAN_POINT('',(-6.59,2.,-0.875));
#886 = VECTOR('',#887,1.);
#887 = DIRECTION('',(1.,0.,0.));
#888 = ORIENTED_EDGE('',*,*,#889,.F.);
#889 = EDGE_CURVE('',#890,#880,#892,.T.);
#890 = VERTEX_POINT('',#891);
#891 = CARTESIAN_POINT('',(-6.59,2.,-0.395));
#892 = LINE('',#893,#894);
#893 = CARTESIAN_POINT('',(-6.59,2.,-0.395));
#894 = VECTOR('',#895,1.);
#895 = DIRECTION('',(0.,0.,-1.));
#896 = ORIENTED_EDGE('',*,*,#897,.T.);
#897 = EDGE_CURVE('',#890,#898,#900,.T.);
#898 = VERTEX_POINT('',#899);
#899 = CARTESIAN_POINT('',(-6.55,2.,-0.395));
#900 = LINE('',#901,#902);
#901 = CARTESIAN_POINT('',(-6.59,2.,-0.395));
#902 = VECTOR('',#903,1.);
#903 = DIRECTION('',(1.,0.,0.));
#904 = ORIENTED_EDGE('',*,*,#905,.T.);
#905 = EDGE_CURVE('',#898,#906,#908,.T.);
#906 = VERTEX_POINT('',#907);
#907 = CARTESIAN_POINT('',(-6.15,2.,-0.395));
#908 = LINE('',#909,#910);
#909 = CARTESIAN_POINT('',(-6.55,2.,-0.395));
#910 = VECTOR('',#911,1.);
#911 = DIRECTION('',(1.,0.,0.));
#912 = ORIENTED_EDGE('',*,*,#913,.T.);
#913 = EDGE_CURVE('',#906,#914,#916,.T.);
#914 = VERTEX_POINT('',#915);
#915 = CARTESIAN_POINT('',(-6.11,2.,-0.395));
#916 = LINE('',#917,#918);
#917 = CARTESIAN_POINT('',(-6.15,2.,-0.395));
#918 = VECTOR('',#919,1.);
#919 = DIRECTION('',(1.,0.,0.));
#920 = ORIENTED_EDGE('',*,*,#921,.T.);
#921 = EDGE_CURVE('',#914,#922,#924,.T.);
#922 = VERTEX_POINT('',#923);
#923 = CARTESIAN_POINT('',(-6.11,2.,-0.875));
#924 = LINE('',#925,#926);
#925 = CARTESIAN_POINT('',(-6.11,2.,-0.395));
#926 = VECTOR('',#927,1.);
#927 = DIRECTION('',(0.,0.,-1.));
#928 = ORIENTED_EDGE('',*,*,#929,.F.);
#929 = EDGE_CURVE('',#930,#922,#932,.T.);
#930 = VERTEX_POINT('',#931);
#931 = CARTESIAN_POINT('',(-6.15,2.,-0.875));
#932 = LINE('',#933,#934);
#933 = CARTESIAN_POINT('',(-6.15,2.,-0.875));
#934 = VECTOR('',#935,1.);
#935 = DIRECTION('',(1.,0.,0.));
#936 = ORIENTED_EDGE('',*,*,#937,.F.);
#937 = EDGE_CURVE('',#882,#930,#938,.T.);
#938 = LINE('',#939,#940);
#939 = CARTESIAN_POINT('',(-6.55,2.,-0.875));
#940 = VECTOR('',#941,1.);
#941 = DIRECTION('',(1.,0.,0.));
#942 = FACE_BOUND('',#943,.F.);
#943 = EDGE_LOOP('',(#944,#954,#962,#970,#978,#986,#994,#1002));
#944 = ORIENTED_EDGE('',*,*,#945,.F.);
#945 = EDGE_CURVE('',#946,#948,#950,.T.);
#946 = VERTEX_POINT('',#947);
#947 = CARTESIAN_POINT('',(-6.59,2.,0.395));
#948 = VERTEX_POINT('',#949);
#949 = CARTESIAN_POINT('',(-6.55,2.,0.395));
#950 = LINE('',#951,#952);
#951 = CARTESIAN_POINT('',(-6.59,2.,0.395));
#952 = VECTOR('',#953,1.);
#953 = DIRECTION('',(1.,0.,0.));
#954 = ORIENTED_EDGE('',*,*,#955,.F.);
#955 = EDGE_CURVE('',#956,#946,#958,.T.);
#956 = VERTEX_POINT('',#957);
#957 = CARTESIAN_POINT('',(-6.59,2.,0.875));
#958 = LINE('',#959,#960);
#959 = CARTESIAN_POINT('',(-6.59,2.,0.875));
#960 = VECTOR('',#961,1.);
#961 = DIRECTION('',(0.,0.,-1.));
#962 = ORIENTED_EDGE('',*,*,#963,.T.);
#963 = EDGE_CURVE('',#956,#964,#966,.T.);
#964 = VERTEX_POINT('',#965);
#965 = CARTESIAN_POINT('',(-6.55,2.,0.875));
#966 = LINE('',#967,#968);
#967 = CARTESIAN_POINT('',(-6.59,2.,0.875));
#968 = VECTOR('',#969,1.);
#969 = DIRECTION('',(1.,0.,0.));
#970 = ORIENTED_EDGE('',*,*,#971,.T.);
#971 = EDGE_CURVE('',#964,#972,#974,.T.);
#972 = VERTEX_POINT('',#973);
#973 = CARTESIAN_POINT('',(-6.15,2.,0.875));
#974 = LINE('',#975,#976);
#975 = CARTESIAN_POINT('',(-6.55,2.,0.875));
#976 = VECTOR('',#977,1.);
#977 = DIRECTION('',(1.,0.,0.));
#978 = ORIENTED_EDGE('',*,*,#979,.T.);
#979 = EDGE_CURVE('',#972,#980,#982,.T.);
#980 = VERTEX_POINT('',#981);
#981 = CARTESIAN_POINT('',(-6.11,2.,0.875));
#982 = LINE('',#983,#984);
#983 = CARTESIAN_POINT('',(-6.15,2.,0.875));
#984 = VECTOR('',#985,1.);
#985 = DIRECTION('',(1.,0.,0.));
#986 = ORIENTED_EDGE('',*,*,#987,.T.);
#987 = EDGE_CURVE('',#980,#988,#990,.T.);
#988 = VERTEX_POINT('',#989);
#989 = CARTESIAN_POINT('',(-6.11,2.,0.395));
#990 = LINE('',#991,#992);
#991 = CARTESIAN_POINT('',(-6.11,2.,0.875));
#992 = VECTOR('',#993,1.);
#993 = DIRECTION('',(0.,0.,-1.));
#994 = ORIENTED_EDGE('',*,*,#995,.F.);
#995 = EDGE_CURVE('',#996,#988,#998,.T.);
#996 = VERTEX_POINT('',#997);
#997 = CARTESIAN_POINT('',(-6.15,2.,0.395));
#998 = LINE('',#999,#1000);
#999 = CARTESIAN_POINT('',(-6.15,2.,0.395));
#1000 = VECTOR('',#1001,1.);
#1001 = DIRECTION('',(1.,0.,0.));
#1002 = ORIENTED_EDGE('',*,*,#1003,.F.);
#1003 = EDGE_CURVE('',#948,#996,#1004,.T.);
#1004 = LINE('',#1005,#1006);
#1005 = CARTESIAN_POINT('',(-6.55,2.,0.395));
#1006 = VECTOR('',#1007,1.);
#1007 = DIRECTION('',(1.,0.,0.));
#1008 = PLANE('',#1009);
#1009 = AXIS2_PLACEMENT_3D('',#1010,#1011,#1012);
#1010 = CARTESIAN_POINT('',(5.055,2.,-2.55));
#1011 = DIRECTION('',(0.,1.,0.));
#1012 = DIRECTION('',(1.,0.,0.));
#1013 = ADVANCED_FACE('',(#1014),#1047,.F.);
#1014 = FACE_BOUND('',#1015,.F.);
#1015 = EDGE_LOOP('',(#1016,#1024,#1025,#1033,#1041));
#1016 = ORIENTED_EDGE('',*,*,#1017,.T.);
#1017 = EDGE_CURVE('',#1018,#22,#1020,.T.);
#1018 = VERTEX_POINT('',#1019);
#1019 = CARTESIAN_POINT('',(-3.74,5.1,1.8));
#1020 = LINE('',#1021,#1022);
#1021 = CARTESIAN_POINT('',(-3.74,5.1,1.8));
#1022 = VECTOR('',#1023,1.);
#1023 = DIRECTION('',(0.,-1.,0.));
#1024 = ORIENTED_EDGE('',*,*,#21,.T.);
#1025 = ORIENTED_EDGE('',*,*,#1026,.F.);
#1026 = EDGE_CURVE('',#1027,#24,#1029,.T.);
#1027 = VERTEX_POINT('',#1028);
#1028 = CARTESIAN_POINT('',(-3.74,5.4,2.55));
#1029 = LINE('',#1030,#1031);
#1030 = CARTESIAN_POINT('',(-3.74,5.4,2.55));
#1031 = VECTOR('',#1032,1.);
#1032 = DIRECTION('',(0.,-1.,0.));
#1033 = ORIENTED_EDGE('',*,*,#1034,.T.);
#1034 = EDGE_CURVE('',#1027,#1035,#1037,.T.);
#1035 = VERTEX_POINT('',#1036);
#1036 = CARTESIAN_POINT('',(-3.74,5.4,2.1));
#1037 = LINE('',#1038,#1039);
#1038 = CARTESIAN_POINT('',(-3.74,5.4,2.55));
#1039 = VECTOR('',#1040,1.);
#1040 = DIRECTION('',(0.,0.,-1.));
#1041 = ORIENTED_EDGE('',*,*,#1042,.F.);
#1042 = EDGE_CURVE('',#1018,#1035,#1043,.T.);
#1043 = LINE('',#1044,#1045);
#1044 = CARTESIAN_POINT('',(-3.74,5.1,1.8));
#1045 = VECTOR('',#1046,1.);
#1046 = DIRECTION('',(0.,0.707106781187,0.707106781187));
#1047 = PLANE('',#1048);
#1048 = AXIS2_PLACEMENT_3D('',#1049,#1050,#1051);
#1049 = CARTESIAN_POINT('',(-3.74,5.4,1.8));
#1050 = DIRECTION('',(-1.,0.,0.));
#1051 = DIRECTION('',(0.,0.,1.));
#1052 = ADVANCED_FACE('',(#1053),#1071,.F.);
#1053 = FACE_BOUND('',#1054,.F.);
#1054 = EDGE_LOOP('',(#1055,#1063,#1064,#1065));
#1055 = ORIENTED_EDGE('',*,*,#1056,.T.);
#1056 = EDGE_CURVE('',#1057,#32,#1059,.T.);
#1057 = VERTEX_POINT('',#1058);
#1058 = CARTESIAN_POINT('',(-9.385,5.1,1.8));
#1059 = LINE('',#1060,#1061);
#1060 = CARTESIAN_POINT('',(-9.385,5.1,1.8));
#1061 = VECTOR('',#1062,1.);
#1062 = DIRECTION('',(0.,-1.,0.));
#1063 = ORIENTED_EDGE('',*,*,#31,.T.);
#1064 = ORIENTED_EDGE('',*,*,#1017,.F.);
#1065 = ORIENTED_EDGE('',*,*,#1066,.T.);
#1066 = EDGE_CURVE('',#1018,#1057,#1067,.T.);
#1067 = LINE('',#1068,#1069);
#1068 = CARTESIAN_POINT('',(-3.74,5.1,1.8));
#1069 = VECTOR('',#1070,1.);
#1070 = DIRECTION('',(-1.,0.,0.));
#1071 = PLANE('',#1072);
#1072 = AXIS2_PLACEMENT_3D('',#1073,#1074,#1075);
#1073 = CARTESIAN_POINT('',(-9.385,5.4,1.8));
#1074 = DIRECTION('',(0.,0.,1.));
#1075 = DIRECTION('',(1.,0.,-0.));
#1076 = ADVANCED_FACE('',(#1077),#1095,.F.);
#1077 = FACE_BOUND('',#1078,.F.);
#1078 = EDGE_LOOP('',(#1079,#1087,#1088,#1089));
#1079 = ORIENTED_EDGE('',*,*,#1080,.T.);
#1080 = EDGE_CURVE('',#1081,#40,#1083,.T.);
#1081 = VERTEX_POINT('',#1082);
#1082 = CARTESIAN_POINT('',(-9.385,5.1,-1.8));
#1083 = LINE('',#1084,#1085);
#1084 = CARTESIAN_POINT('',(-9.385,5.1,-1.8));
#1085 = VECTOR('',#1086,1.);
#1086 = DIRECTION('',(0.,-1.,0.));
#1087 = ORIENTED_EDGE('',*,*,#39,.T.);
#1088 = ORIENTED_EDGE('',*,*,#1056,.F.);
#1089 = ORIENTED_EDGE('',*,*,#1090,.T.);
#1090 = EDGE_CURVE('',#1057,#1081,#1091,.T.);
#1091 = LINE('',#1092,#1093);
#1092 = CARTESIAN_POINT('',(-9.385,5.1,1.8));
#1093 = VECTOR('',#1094,1.);
#1094 = DIRECTION('',(0.,0.,-1.));
#1095 = PLANE('',#1096);
#1096 = AXIS2_PLACEMENT_3D('',#1097,#1098,#1099);
#1097 = CARTESIAN_POINT('',(-9.385,5.4,-1.8));
#1098 = DIRECTION('',(-1.,0.,0.));
#1099 = DIRECTION('',(0.,0.,1.));
#1100 = ADVANCED_FACE('',(#1101),#1119,.F.);
#1101 = FACE_BOUND('',#1102,.F.);
#1102 = EDGE_LOOP('',(#1103,#1104,#1112,#1118));
#1103 = ORIENTED_EDGE('',*,*,#1080,.F.);
#1104 = ORIENTED_EDGE('',*,*,#1105,.T.);
#1105 = EDGE_CURVE('',#1081,#1106,#1108,.T.);
#1106 = VERTEX_POINT('',#1107);
#1107 = CARTESIAN_POINT('',(4.305,5.1,-1.8));
#1108 = LINE('',#1109,#1110);
#1109 = CARTESIAN_POINT('',(-9.385,5.1,-1.8));
#1110 = VECTOR('',#1111,1.);
#1111 = DIRECTION('',(1.,0.,0.));
#1112 = ORIENTED_EDGE('',*,*,#1113,.T.);
#1113 = EDGE_CURVE('',#1106,#48,#1114,.T.);
#1114 = LINE('',#1115,#1116);
#1115 = CARTESIAN_POINT('',(4.305,5.1,-1.8));
#1116 = VECTOR('',#1117,1.);
#1117 = DIRECTION('',(0.,-1.,0.));
#1118 = ORIENTED_EDGE('',*,*,#47,.T.);
#1119 = PLANE('',#1120);
#1120 = AXIS2_PLACEMENT_3D('',#1121,#1122,#1123);
#1121 = CARTESIAN_POINT('',(4.305,5.4,-1.8));
#1122 = DIRECTION('',(0.,0.,-1.));
#1123 = DIRECTION('',(-1.,0.,0.));
#1124 = ADVANCED_FACE('',(#1125),#1150,.T.);
#1125 = FACE_BOUND('',#1126,.F.);
#1126 = EDGE_LOOP('',(#1127,#1135,#1136,#1144));
#1127 = ORIENTED_EDGE('',*,*,#1128,.T.);
#1128 = EDGE_CURVE('',#1129,#1106,#1131,.T.);
#1129 = VERTEX_POINT('',#1130);
#1130 = CARTESIAN_POINT('',(4.605,5.4,-2.1));
#1131 = LINE('',#1132,#1133);
#1132 = CARTESIAN_POINT('',(4.605,5.4,-2.1));
#1133 = VECTOR('',#1134,1.);
#1134 = DIRECTION('',(-0.57735026919,-0.57735026919,0.57735026919));
#1135 = ORIENTED_EDGE('',*,*,#1105,.F.);
#1136 = ORIENTED_EDGE('',*,*,#1137,.F.);
#1137 = EDGE_CURVE('',#1138,#1081,#1140,.T.);
#1138 = VERTEX_POINT('',#1139);
#1139 = CARTESIAN_POINT('',(-9.685,5.4,-2.1));
#1140 = LINE('',#1141,#1142);
#1141 = CARTESIAN_POINT('',(-9.685,5.4,-2.1));
#1142 = VECTOR('',#1143,1.);
#1143 = DIRECTION('',(0.57735026919,-0.57735026919,0.57735026919));
#1144 = ORIENTED_EDGE('',*,*,#1145,.T.);
#1145 = EDGE_CURVE('',#1138,#1129,#1146,.T.);
#1146 = LINE('',#1147,#1148);
#1147 = CARTESIAN_POINT('',(-9.685,5.4,-2.1));
#1148 = VECTOR('',#1149,1.);
#1149 = DIRECTION('',(1.,0.,0.));
#1150 = PLANE('',#1151);
#1151 = AXIS2_PLACEMENT_3D('',#1152,#1153,#1154);
#1152 = CARTESIAN_POINT('',(-2.54,5.25,-1.95));
#1153 = DIRECTION('',(0.,0.707106781187,0.707106781187));
#1154 = DIRECTION('',(0.,-0.707106781187,0.707106781187));
#1155 = ADVANCED_FACE('',(#1156),#1181,.T.);
#1156 = FACE_BOUND('',#1157,.F.);
#1157 = EDGE_LOOP('',(#1158,#1168,#1174,#1175));
#1158 = ORIENTED_EDGE('',*,*,#1159,.T.);
#1159 = EDGE_CURVE('',#1160,#1162,#1164,.T.);
#1160 = VERTEX_POINT('',#1161);
#1161 = CARTESIAN_POINT('',(4.605,5.4,2.1));
#1162 = VERTEX_POINT('',#1163);
#1163 = CARTESIAN_POINT('',(4.305,5.1,1.8));
#1164 = LINE('',#1165,#1166);
#1165 = CARTESIAN_POINT('',(4.605,5.4,2.1));
#1166 = VECTOR('',#1167,1.);
#1167 = DIRECTION('',(-0.57735026919,-0.57735026919,-0.57735026919));
#1168 = ORIENTED_EDGE('',*,*,#1169,.F.);
#1169 = EDGE_CURVE('',#1106,#1162,#1170,.T.);
#1170 = LINE('',#1171,#1172);
#1171 = CARTESIAN_POINT('',(4.305,5.1,-1.8));
#1172 = VECTOR('',#1173,1.);
#1173 = DIRECTION('',(0.,0.,1.));
#1174 = ORIENTED_EDGE('',*,*,#1128,.F.);
#1175 = ORIENTED_EDGE('',*,*,#1176,.T.);
#1176 = EDGE_CURVE('',#1129,#1160,#1177,.T.);
#1177 = LINE('',#1178,#1179);
#1178 = CARTESIAN_POINT('',(4.605,5.4,-2.1));
#1179 = VECTOR('',#1180,1.);
#1180 = DIRECTION('',(0.,0.,1.));
#1181 = PLANE('',#1182);
#1182 = AXIS2_PLACEMENT_3D('',#1183,#1184,#1185);
#1183 = CARTESIAN_POINT('',(4.455,5.25,0.));
#1184 = DIRECTION('',(-0.707106781187,0.707106781187,0.));
#1185 = DIRECTION('',(-0.707106781187,-0.707106781187,0.));
#1186 = ADVANCED_FACE('',(#1187),#1212,.T.);
#1187 = FACE_BOUND('',#1188,.F.);
#1188 = EDGE_LOOP('',(#1189,#1190,#1198,#1206));
#1189 = ORIENTED_EDGE('',*,*,#1159,.F.);
#1190 = ORIENTED_EDGE('',*,*,#1191,.T.);
#1191 = EDGE_CURVE('',#1160,#1192,#1194,.T.);
#1192 = VERTEX_POINT('',#1193);
#1193 = CARTESIAN_POINT('',(-1.34,5.4,2.1));
#1194 = LINE('',#1195,#1196);
#1195 = CARTESIAN_POINT('',(4.605,5.4,2.1));
#1196 = VECTOR('',#1197,1.);
#1197 = DIRECTION('',(-1.,0.,0.));
#1198 = ORIENTED_EDGE('',*,*,#1199,.T.);
#1199 = EDGE_CURVE('',#1192,#1200,#1202,.T.);
#1200 = VERTEX_POINT('',#1201);
#1201 = CARTESIAN_POINT('',(-1.34,5.1,1.8));
#1202 = LINE('',#1203,#1204);
#1203 = CARTESIAN_POINT('',(-1.34,5.4,2.1));
#1204 = VECTOR('',#1205,1.);
#1205 = DIRECTION('',(0.,-0.707106781187,-0.707106781187));
#1206 = ORIENTED_EDGE('',*,*,#1207,.F.);
#1207 = EDGE_CURVE('',#1162,#1200,#1208,.T.);
#1208 = LINE('',#1209,#1210);
#1209 = CARTESIAN_POINT('',(4.305,5.1,1.8));
#1210 = VECTOR('',#1211,1.);
#1211 = DIRECTION('',(-1.,0.,0.));
#1212 = PLANE('',#1213);
#1213 = AXIS2_PLACEMENT_3D('',#1214,#1215,#1216);
#1214 = CARTESIAN_POINT('',(1.4825,5.25,1.95));
#1215 = DIRECTION('',(0.,0.707106781187,-0.707106781187));
#1216 = DIRECTION('',(0.,-0.707106781187,-0.707106781187));
#1217 = ADVANCED_FACE('',(#1218),#1284,.T.);
#1218 = FACE_BOUND('',#1219,.F.);
#1219 = EDGE_LOOP('',(#1220,#1228,#1229,#1237,#1245,#1253,#1261,#1269,
    #1275,#1276,#1277,#1278));
#1220 = ORIENTED_EDGE('',*,*,#1221,.F.);
#1221 = EDGE_CURVE('',#1035,#1222,#1224,.T.);
#1222 = VERTEX_POINT('',#1223);
#1223 = CARTESIAN_POINT('',(-9.685,5.4,2.1));
#1224 = LINE('',#1225,#1226);
#1225 = CARTESIAN_POINT('',(-3.74,5.4,2.1));
#1226 = VECTOR('',#1227,1.);
#1227 = DIRECTION('',(-1.,0.,0.));
#1228 = ORIENTED_EDGE('',*,*,#1034,.F.);
#1229 = ORIENTED_EDGE('',*,*,#1230,.F.);
#1230 = EDGE_CURVE('',#1231,#1027,#1233,.T.);
#1231 = VERTEX_POINT('',#1232);
#1232 = CARTESIAN_POINT('',(-10.135,5.4,2.55));
#1233 = LINE('',#1234,#1235);
#1234 = CARTESIAN_POINT('',(-10.135,5.4,2.55));
#1235 = VECTOR('',#1236,1.);
#1236 = DIRECTION('',(1.,0.,0.));
#1237 = ORIENTED_EDGE('',*,*,#1238,.F.);
#1238 = EDGE_CURVE('',#1239,#1231,#1241,.T.);
#1239 = VERTEX_POINT('',#1240);
#1240 = CARTESIAN_POINT('',(-10.135,5.4,-2.55));
#1241 = LINE('',#1242,#1243);
#1242 = CARTESIAN_POINT('',(-10.135,5.4,-2.55));
#1243 = VECTOR('',#1244,1.);
#1244 = DIRECTION('',(0.,0.,1.));
#1245 = ORIENTED_EDGE('',*,*,#1246,.F.);
#1246 = EDGE_CURVE('',#1247,#1239,#1249,.T.);
#1247 = VERTEX_POINT('',#1248);
#1248 = CARTESIAN_POINT('',(5.055,5.4,-2.55));
#1249 = LINE('',#1250,#1251);
#1250 = CARTESIAN_POINT('',(5.055,5.4,-2.55));
#1251 = VECTOR('',#1252,1.);
#1252 = DIRECTION('',(-1.,0.,0.));
#1253 = ORIENTED_EDGE('',*,*,#1254,.F.);
#1254 = EDGE_CURVE('',#1255,#1247,#1257,.T.);
#1255 = VERTEX_POINT('',#1256);
#1256 = CARTESIAN_POINT('',(5.055,5.4,2.55));
#1257 = LINE('',#1258,#1259);
#1258 = CARTESIAN_POINT('',(5.055,5.4,2.55));
#1259 = VECTOR('',#1260,1.);
#1260 = DIRECTION('',(0.,0.,-1.));
#1261 = ORIENTED_EDGE('',*,*,#1262,.F.);
#1262 = EDGE_CURVE('',#1263,#1255,#1265,.T.);
#1263 = VERTEX_POINT('',#1264);
#1264 = CARTESIAN_POINT('',(-1.34,5.4,2.55));
#1265 = LINE('',#1266,#1267);
#1266 = CARTESIAN_POINT('',(-1.34,5.4,2.55));
#1267 = VECTOR('',#1268,1.);
#1268 = DIRECTION('',(1.,0.,0.));
#1269 = ORIENTED_EDGE('',*,*,#1270,.T.);
#1270 = EDGE_CURVE('',#1263,#1192,#1271,.T.);
#1271 = LINE('',#1272,#1273);
#1272 = CARTESIAN_POINT('',(-1.34,5.4,2.55));
#1273 = VECTOR('',#1274,1.);
#1274 = DIRECTION('',(0.,0.,-1.));
#1275 = ORIENTED_EDGE('',*,*,#1191,.F.);
#1276 = ORIENTED_EDGE('',*,*,#1176,.F.);
#1277 = ORIENTED_EDGE('',*,*,#1145,.F.);
#1278 = ORIENTED_EDGE('',*,*,#1279,.F.);
#1279 = EDGE_CURVE('',#1222,#1138,#1280,.T.);
#1280 = LINE('',#1281,#1282);
#1281 = CARTESIAN_POINT('',(-9.685,5.4,2.1));
#1282 = VECTOR('',#1283,1.);
#1283 = DIRECTION('',(0.,0.,-1.));
#1284 = PLANE('',#1285);
#1285 = AXIS2_PLACEMENT_3D('',#1286,#1287,#1288);
#1286 = CARTESIAN_POINT('',(0.,5.4,0.));
#1287 = DIRECTION('',(0.,1.,0.));
#1288 = DIRECTION('',(1.,0.,0.));
#1289 = ADVANCED_FACE('',(#1290),#1301,.T.);
#1290 = FACE_BOUND('',#1291,.F.);
#1291 = EDGE_LOOP('',(#1292,#1298,#1299,#1300));
#1292 = ORIENTED_EDGE('',*,*,#1293,.T.);
#1293 = EDGE_CURVE('',#1222,#1057,#1294,.T.);
#1294 = LINE('',#1295,#1296);
#1295 = CARTESIAN_POINT('',(-9.685,5.4,2.1));
#1296 = VECTOR('',#1297,1.);
#1297 = DIRECTION('',(0.57735026919,-0.57735026919,-0.57735026919));
#1298 = ORIENTED_EDGE('',*,*,#1066,.F.);
#1299 = ORIENTED_EDGE('',*,*,#1042,.T.);
#1300 = ORIENTED_EDGE('',*,*,#1221,.T.);
#1301 = PLANE('',#1302);
#1302 = AXIS2_PLACEMENT_3D('',#1303,#1304,#1305);
#1303 = CARTESIAN_POINT('',(-6.5625,5.25,1.95));
#1304 = DIRECTION('',(0.,0.707106781187,-0.707106781187));
#1305 = DIRECTION('',(0.,-0.707106781187,-0.707106781187));
#1306 = ADVANCED_FACE('',(#1307),#1313,.T.);
#1307 = FACE_BOUND('',#1308,.F.);
#1308 = EDGE_LOOP('',(#1309,#1310,#1311,#1312));
#1309 = ORIENTED_EDGE('',*,*,#1137,.T.);
#1310 = ORIENTED_EDGE('',*,*,#1090,.F.);
#1311 = ORIENTED_EDGE('',*,*,#1293,.F.);
#1312 = ORIENTED_EDGE('',*,*,#1279,.T.);
#1313 = PLANE('',#1314);
#1314 = AXIS2_PLACEMENT_3D('',#1315,#1316,#1317);
#1315 = CARTESIAN_POINT('',(-9.535,5.25,0.));
#1316 = DIRECTION('',(0.707106781187,0.707106781187,0.));
#1317 = DIRECTION('',(0.707106781187,-0.707106781187,0.));
#1318 = ADVANCED_FACE('',(#1319),#1577,.T.);
#1319 = FACE_BOUND('',#1320,.F.);
#1320 = EDGE_LOOP('',(#1321,#1331,#1339,#1345,#1346,#1347,#1348,#1354,
    #1355,#1363,#1371,#1379,#1387,#1395,#1403,#1411,#1419,#1427,#1435,
    #1443,#1451,#1459,#1467,#1475,#1483,#1491,#1499,#1507,#1515,#1523,
    #1531,#1539,#1547,#1555,#1563,#1571));
#1321 = ORIENTED_EDGE('',*,*,#1322,.F.);
#1322 = EDGE_CURVE('',#1323,#1325,#1327,.T.);
#1323 = VERTEX_POINT('',#1324);
#1324 = CARTESIAN_POINT('',(-6.8,0.,2.55));
#1325 = VERTEX_POINT('',#1326);
#1326 = CARTESIAN_POINT('',(-6.8,0.5,2.55));
#1327 = LINE('',#1328,#1329);
#1328 = CARTESIAN_POINT('',(-6.8,0.,2.55));
#1329 = VECTOR('',#1330,1.);
#1330 = DIRECTION('',(0.,1.,0.));
#1331 = ORIENTED_EDGE('',*,*,#1332,.F.);
#1332 = EDGE_CURVE('',#1333,#1323,#1335,.T.);
#1333 = VERTEX_POINT('',#1334);
#1334 = CARTESIAN_POINT('',(-10.135,0.,2.55));
#1335 = LINE('',#1336,#1337);
#1336 = CARTESIAN_POINT('',(-10.135,0.,2.55));
#1337 = VECTOR('',#1338,1.);
#1338 = DIRECTION('',(1.,0.,0.));
#1339 = ORIENTED_EDGE('',*,*,#1340,.T.);
#1340 = EDGE_CURVE('',#1333,#1231,#1341,.T.);
#1341 = LINE('',#1342,#1343);
#1342 = CARTESIAN_POINT('',(-10.135,0.,2.55));
#1343 = VECTOR('',#1344,1.);
#1344 = DIRECTION('',(0.,1.,0.));
#1345 = ORIENTED_EDGE('',*,*,#1230,.T.);
#1346 = ORIENTED_EDGE('',*,*,#1026,.T.);
#1347 = ORIENTED_EDGE('',*,*,#79,.T.);
#1348 = ORIENTED_EDGE('',*,*,#1349,.F.);
#1349 = EDGE_CURVE('',#1263,#72,#1350,.T.);
#1350 = LINE('',#1351,#1352);
#1351 = CARTESIAN_POINT('',(-1.34,5.4,2.55));
#1352 = VECTOR('',#1353,1.);
#1353 = DIRECTION('',(0.,-1.,0.));
#1354 = ORIENTED_EDGE('',*,*,#1262,.T.);
#1355 = ORIENTED_EDGE('',*,*,#1356,.F.);
#1356 = EDGE_CURVE('',#1357,#1255,#1359,.T.);
#1357 = VERTEX_POINT('',#1358);
#1358 = CARTESIAN_POINT('',(5.055,0.,2.55));
#1359 = LINE('',#1360,#1361);
#1360 = CARTESIAN_POINT('',(5.055,0.,2.55));
#1361 = VECTOR('',#1362,1.);
#1362 = DIRECTION('',(0.,1.,0.));
#1363 = ORIENTED_EDGE('',*,*,#1364,.F.);
#1364 = EDGE_CURVE('',#1365,#1357,#1367,.T.);
#1365 = VERTEX_POINT('',#1366);
#1366 = CARTESIAN_POINT('',(1.72,0.,2.55));
#1367 = LINE('',#1368,#1369);
#1368 = CARTESIAN_POINT('',(1.72,0.,2.55));
#1369 = VECTOR('',#1370,1.);
#1370 = DIRECTION('',(1.,0.,0.));
#1371 = ORIENTED_EDGE('',*,*,#1372,.T.);
#1372 = EDGE_CURVE('',#1365,#1373,#1375,.T.);
#1373 = VERTEX_POINT('',#1374);
#1374 = CARTESIAN_POINT('',(1.72,0.5,2.55));
#1375 = LINE('',#1376,#1377);
#1376 = CARTESIAN_POINT('',(1.72,0.,2.55));
#1377 = VECTOR('',#1378,1.);
#1378 = DIRECTION('',(0.,1.,0.));
#1379 = ORIENTED_EDGE('',*,*,#1380,.F.);
#1380 = EDGE_CURVE('',#1381,#1373,#1383,.T.);
#1381 = VERTEX_POINT('',#1382);
#1382 = CARTESIAN_POINT('',(0.82,0.5,2.55));
#1383 = LINE('',#1384,#1385);
#1384 = CARTESIAN_POINT('',(0.82,0.5,2.55));
#1385 = VECTOR('',#1386,1.);
#1386 = DIRECTION('',(1.,0.,0.));
#1387 = ORIENTED_EDGE('',*,*,#1388,.F.);
#1388 = EDGE_CURVE('',#1389,#1381,#1391,.T.);
#1389 = VERTEX_POINT('',#1390);
#1390 = CARTESIAN_POINT('',(0.82,0.,2.55));
#1391 = LINE('',#1392,#1393);
#1392 = CARTESIAN_POINT('',(0.82,0.,2.55));
#1393 = VECTOR('',#1394,1.);
#1394 = DIRECTION('',(0.,1.,0.));
#1395 = ORIENTED_EDGE('',*,*,#1396,.F.);
#1396 = EDGE_CURVE('',#1397,#1389,#1399,.T.);
#1397 = VERTEX_POINT('',#1398);
#1398 = CARTESIAN_POINT('',(0.45,0.,2.55));
#1399 = LINE('',#1400,#1401);
#1400 = CARTESIAN_POINT('',(0.45,0.,2.55));
#1401 = VECTOR('',#1402,1.);
#1402 = DIRECTION('',(1.,0.,0.));
#1403 = ORIENTED_EDGE('',*,*,#1404,.T.);
#1404 = EDGE_CURVE('',#1397,#1405,#1407,.T.);
#1405 = VERTEX_POINT('',#1406);
#1406 = CARTESIAN_POINT('',(0.45,0.5,2.55));
#1407 = LINE('',#1408,#1409);
#1408 = CARTESIAN_POINT('',(0.45,0.,2.55));
#1409 = VECTOR('',#1410,1.);
#1410 = DIRECTION('',(0.,1.,0.));
#1411 = ORIENTED_EDGE('',*,*,#1412,.F.);
#1412 = EDGE_CURVE('',#1413,#1405,#1415,.T.);
#1413 = VERTEX_POINT('',#1414);
#1414 = CARTESIAN_POINT('',(-0.45,0.5,2.55));
#1415 = LINE('',#1416,#1417);
#1416 = CARTESIAN_POINT('',(-0.45,0.5,2.55));
#1417 = VECTOR('',#1418,1.);
#1418 = DIRECTION('',(1.,0.,0.));
#1419 = ORIENTED_EDGE('',*,*,#1420,.F.);
#1420 = EDGE_CURVE('',#1421,#1413,#1423,.T.);
#1421 = VERTEX_POINT('',#1422);
#1422 = CARTESIAN_POINT('',(-0.45,0.,2.55));
#1423 = LINE('',#1424,#1425);
#1424 = CARTESIAN_POINT('',(-0.45,0.,2.55));
#1425 = VECTOR('',#1426,1.);
#1426 = DIRECTION('',(0.,1.,0.));
#1427 = ORIENTED_EDGE('',*,*,#1428,.F.);
#1428 = EDGE_CURVE('',#1429,#1421,#1431,.T.);
#1429 = VERTEX_POINT('',#1430);
#1430 = CARTESIAN_POINT('',(-0.82,0.,2.55));
#1431 = LINE('',#1432,#1433);
#1432 = CARTESIAN_POINT('',(-0.82,0.,2.55));
#1433 = VECTOR('',#1434,1.);
#1434 = DIRECTION('',(1.,0.,0.));
#1435 = ORIENTED_EDGE('',*,*,#1436,.T.);
#1436 = EDGE_CURVE('',#1429,#1437,#1439,.T.);
#1437 = VERTEX_POINT('',#1438);
#1438 = CARTESIAN_POINT('',(-0.82,0.5,2.55));
#1439 = LINE('',#1440,#1441);
#1440 = CARTESIAN_POINT('',(-0.82,0.,2.55));
#1441 = VECTOR('',#1442,1.);
#1442 = DIRECTION('',(0.,1.,0.));
#1443 = ORIENTED_EDGE('',*,*,#1444,.F.);
#1444 = EDGE_CURVE('',#1445,#1437,#1447,.T.);
#1445 = VERTEX_POINT('',#1446);
#1446 = CARTESIAN_POINT('',(-1.72,0.5,2.55));
#1447 = LINE('',#1448,#1449);
#1448 = CARTESIAN_POINT('',(-1.72,0.5,2.55));
#1449 = VECTOR('',#1450,1.);
#1450 = DIRECTION('',(1.,0.,0.));
#1451 = ORIENTED_EDGE('',*,*,#1452,.F.);
#1452 = EDGE_CURVE('',#1453,#1445,#1455,.T.);
#1453 = VERTEX_POINT('',#1454);
#1454 = CARTESIAN_POINT('',(-1.72,0.,2.55));
#1455 = LINE('',#1456,#1457);
#1456 = CARTESIAN_POINT('',(-1.72,0.,2.55));
#1457 = VECTOR('',#1458,1.);
#1458 = DIRECTION('',(0.,1.,0.));
#1459 = ORIENTED_EDGE('',*,*,#1460,.F.);
#1460 = EDGE_CURVE('',#1461,#1453,#1463,.T.);
#1461 = VERTEX_POINT('',#1462);
#1462 = CARTESIAN_POINT('',(-2.09,0.,2.55));
#1463 = LINE('',#1464,#1465);
#1464 = CARTESIAN_POINT('',(-2.09,0.,2.55));
#1465 = VECTOR('',#1466,1.);
#1466 = DIRECTION('',(1.,0.,0.));
#1467 = ORIENTED_EDGE('',*,*,#1468,.T.);
#1468 = EDGE_CURVE('',#1461,#1469,#1471,.T.);
#1469 = VERTEX_POINT('',#1470);
#1470 = CARTESIAN_POINT('',(-2.09,0.5,2.55));
#1471 = LINE('',#1472,#1473);
#1472 = CARTESIAN_POINT('',(-2.09,0.,2.55));
#1473 = VECTOR('',#1474,1.);
#1474 = DIRECTION('',(0.,1.,0.));
#1475 = ORIENTED_EDGE('',*,*,#1476,.F.);
#1476 = EDGE_CURVE('',#1477,#1469,#1479,.T.);
#1477 = VERTEX_POINT('',#1478);
#1478 = CARTESIAN_POINT('',(-2.99,0.5,2.55));
#1479 = LINE('',#1480,#1481);
#1480 = CARTESIAN_POINT('',(-2.99,0.5,2.55));
#1481 = VECTOR('',#1482,1.);
#1482 = DIRECTION('',(1.,0.,0.));
#1483 = ORIENTED_EDGE('',*,*,#1484,.F.);
#1484 = EDGE_CURVE('',#1485,#1477,#1487,.T.);
#1485 = VERTEX_POINT('',#1486);
#1486 = CARTESIAN_POINT('',(-2.99,0.,2.55));
#1487 = LINE('',#1488,#1489);
#1488 = CARTESIAN_POINT('',(-2.99,0.,2.55));
#1489 = VECTOR('',#1490,1.);
#1490 = DIRECTION('',(0.,1.,0.));
#1491 = ORIENTED_EDGE('',*,*,#1492,.F.);
#1492 = EDGE_CURVE('',#1493,#1485,#1495,.T.);
#1493 = VERTEX_POINT('',#1494);
#1494 = CARTESIAN_POINT('',(-3.36,0.,2.55));
#1495 = LINE('',#1496,#1497);
#1496 = CARTESIAN_POINT('',(-3.36,0.,2.55));
#1497 = VECTOR('',#1498,1.);
#1498 = DIRECTION('',(1.,0.,0.));
#1499 = ORIENTED_EDGE('',*,*,#1500,.T.);
#1500 = EDGE_CURVE('',#1493,#1501,#1503,.T.);
#1501 = VERTEX_POINT('',#1502);
#1502 = CARTESIAN_POINT('',(-3.36,0.5,2.55));
#1503 = LINE('',#1504,#1505);
#1504 = CARTESIAN_POINT('',(-3.36,0.,2.55));
#1505 = VECTOR('',#1506,1.);
#1506 = DIRECTION('',(0.,1.,0.));
#1507 = ORIENTED_EDGE('',*,*,#1508,.F.);
#1508 = EDGE_CURVE('',#1509,#1501,#1511,.T.);
#1509 = VERTEX_POINT('',#1510);
#1510 = CARTESIAN_POINT('',(-4.26,0.5,2.55));
#1511 = LINE('',#1512,#1513);
#1512 = CARTESIAN_POINT('',(-4.26,0.5,2.55));
#1513 = VECTOR('',#1514,1.);
#1514 = DIRECTION('',(1.,0.,0.));
#1515 = ORIENTED_EDGE('',*,*,#1516,.F.);
#1516 = EDGE_CURVE('',#1517,#1509,#1519,.T.);
#1517 = VERTEX_POINT('',#1518);
#1518 = CARTESIAN_POINT('',(-4.26,0.,2.55));
#1519 = LINE('',#1520,#1521);
#1520 = CARTESIAN_POINT('',(-4.26,0.,2.55));
#1521 = VECTOR('',#1522,1.);
#1522 = DIRECTION('',(0.,1.,0.));
#1523 = ORIENTED_EDGE('',*,*,#1524,.F.);
#1524 = EDGE_CURVE('',#1525,#1517,#1527,.T.);
#1525 = VERTEX_POINT('',#1526);
#1526 = CARTESIAN_POINT('',(-4.63,0.,2.55));
#1527 = LINE('',#1528,#1529);
#1528 = CARTESIAN_POINT('',(-4.63,0.,2.55));
#1529 = VECTOR('',#1530,1.);
#1530 = DIRECTION('',(1.,0.,0.));
#1531 = ORIENTED_EDGE('',*,*,#1532,.T.);
#1532 = EDGE_CURVE('',#1525,#1533,#1535,.T.);
#1533 = VERTEX_POINT('',#1534);
#1534 = CARTESIAN_POINT('',(-4.63,0.5,2.55));
#1535 = LINE('',#1536,#1537);
#1536 = CARTESIAN_POINT('',(-4.63,0.,2.55));
#1537 = VECTOR('',#1538,1.);
#1538 = DIRECTION('',(0.,1.,0.));
#1539 = ORIENTED_EDGE('',*,*,#1540,.F.);
#1540 = EDGE_CURVE('',#1541,#1533,#1543,.T.);
#1541 = VERTEX_POINT('',#1542);
#1542 = CARTESIAN_POINT('',(-5.53,0.5,2.55));
#1543 = LINE('',#1544,#1545);
#1544 = CARTESIAN_POINT('',(-5.53,0.5,2.55));
#1545 = VECTOR('',#1546,1.);
#1546 = DIRECTION('',(1.,0.,0.));
#1547 = ORIENTED_EDGE('',*,*,#1548,.F.);
#1548 = EDGE_CURVE('',#1549,#1541,#1551,.T.);
#1549 = VERTEX_POINT('',#1550);
#1550 = CARTESIAN_POINT('',(-5.53,0.,2.55));
#1551 = LINE('',#1552,#1553);
#1552 = CARTESIAN_POINT('',(-5.53,0.,2.55));
#1553 = VECTOR('',#1554,1.);
#1554 = DIRECTION('',(0.,1.,0.));
#1555 = ORIENTED_EDGE('',*,*,#1556,.F.);
#1556 = EDGE_CURVE('',#1557,#1549,#1559,.T.);
#1557 = VERTEX_POINT('',#1558);
#1558 = CARTESIAN_POINT('',(-5.9,0.,2.55));
#1559 = LINE('',#1560,#1561);
#1560 = CARTESIAN_POINT('',(-5.9,0.,2.55));
#1561 = VECTOR('',#1562,1.);
#1562 = DIRECTION('',(1.,0.,0.));
#1563 = ORIENTED_EDGE('',*,*,#1564,.T.);
#1564 = EDGE_CURVE('',#1557,#1565,#1567,.T.);
#1565 = VERTEX_POINT('',#1566);
#1566 = CARTESIAN_POINT('',(-5.9,0.5,2.55));
#1567 = LINE('',#1568,#1569);
#1568 = CARTESIAN_POINT('',(-5.9,0.,2.55));
#1569 = VECTOR('',#1570,1.);
#1570 = DIRECTION('',(0.,1.,0.));
#1571 = ORIENTED_EDGE('',*,*,#1572,.F.);
#1572 = EDGE_CURVE('',#1325,#1565,#1573,.T.);
#1573 = LINE('',#1574,#1575);
#1574 = CARTESIAN_POINT('',(-6.8,0.5,2.55));
#1575 = VECTOR('',#1576,1.);
#1576 = DIRECTION('',(1.,0.,0.));
#1577 = PLANE('',#1578);
#1578 = AXIS2_PLACEMENT_3D('',#1579,#1580,#1581);
#1579 = CARTESIAN_POINT('',(-10.135,0.,2.55));
#1580 = DIRECTION('',(0.,0.,1.));
#1581 = DIRECTION('',(1.,0.,-0.));
#1582 = ADVANCED_FACE('',(#1583),#1608,.T.);
#1583 = FACE_BOUND('',#1584,.F.);
#1584 = EDGE_LOOP('',(#1585,#1593,#1594,#1602));
#1585 = ORIENTED_EDGE('',*,*,#1586,.F.);
#1586 = EDGE_CURVE('',#1323,#1587,#1589,.T.);
#1587 = VERTEX_POINT('',#1588);
#1588 = CARTESIAN_POINT('',(-6.8,0.,-2.55));
#1589 = LINE('',#1590,#1591);
#1590 = CARTESIAN_POINT('',(-6.8,0.,2.55));
#1591 = VECTOR('',#1592,1.);
#1592 = DIRECTION('',(0.,0.,-1.));
#1593 = ORIENTED_EDGE('',*,*,#1322,.T.);
#1594 = ORIENTED_EDGE('',*,*,#1595,.F.);
#1595 = EDGE_CURVE('',#1596,#1325,#1598,.T.);
#1596 = VERTEX_POINT('',#1597);
#1597 = CARTESIAN_POINT('',(-6.8,0.5,-2.55));
#1598 = LINE('',#1599,#1600);
#1599 = CARTESIAN_POINT('',(-6.8,0.5,-2.55));
#1600 = VECTOR('',#1601,1.);
#1601 = DIRECTION('',(0.,0.,1.));
#1602 = ORIENTED_EDGE('',*,*,#1603,.F.);
#1603 = EDGE_CURVE('',#1587,#1596,#1604,.T.);
#1604 = LINE('',#1605,#1606);
#1605 = CARTESIAN_POINT('',(-6.8,0.,-2.55));
#1606 = VECTOR('',#1607,1.);
#1607 = DIRECTION('',(0.,1.,0.));
#1608 = PLANE('',#1609);
#1609 = AXIS2_PLACEMENT_3D('',#1610,#1611,#1612);
#1610 = CARTESIAN_POINT('',(-6.8,0.,0.));
#1611 = DIRECTION('',(1.,0.,0.));
#1612 = DIRECTION('',(0.,0.,-1.));
#1613 = ADVANCED_FACE('',(#1614),#1632,.F.);
#1614 = FACE_BOUND('',#1615,.F.);
#1615 = EDGE_LOOP('',(#1616,#1617,#1625,#1631));
#1616 = ORIENTED_EDGE('',*,*,#1586,.T.);
#1617 = ORIENTED_EDGE('',*,*,#1618,.T.);
#1618 = EDGE_CURVE('',#1587,#1619,#1621,.T.);
#1619 = VERTEX_POINT('',#1620);
#1620 = CARTESIAN_POINT('',(-10.135,0.,-2.55));
#1621 = LINE('',#1622,#1623);
#1622 = CARTESIAN_POINT('',(-6.8,0.,-2.55));
#1623 = VECTOR('',#1624,1.);
#1624 = DIRECTION('',(-1.,0.,0.));
#1625 = ORIENTED_EDGE('',*,*,#1626,.T.);
#1626 = EDGE_CURVE('',#1619,#1333,#1627,.T.);
#1627 = LINE('',#1628,#1629);
#1628 = CARTESIAN_POINT('',(-10.135,0.,-2.55));
#1629 = VECTOR('',#1630,1.);
#1630 = DIRECTION('',(0.,0.,1.));
#1631 = ORIENTED_EDGE('',*,*,#1332,.T.);
#1632 = PLANE('',#1633);
#1633 = AXIS2_PLACEMENT_3D('',#1634,#1635,#1636);
#1634 = CARTESIAN_POINT('',(0.,0.,0.));
#1635 = DIRECTION('',(0.,1.,0.));
#1636 = DIRECTION('',(1.,0.,0.));
#1637 = ADVANCED_FACE('',(#1638),#1871,.T.);
#1638 = FACE_BOUND('',#1639,.F.);
#1639 = EDGE_LOOP('',(#1640,#1641,#1649,#1657,#1665,#1673,#1681,#1689,
    #1697,#1705,#1713,#1721,#1729,#1737,#1745,#1753,#1761,#1769,#1777,
    #1785,#1793,#1801,#1809,#1817,#1825,#1833,#1841,#1849,#1857,#1863,
    #1864,#1870));
#1640 = ORIENTED_EDGE('',*,*,#1603,.T.);
#1641 = ORIENTED_EDGE('',*,*,#1642,.T.);
#1642 = EDGE_CURVE('',#1596,#1643,#1645,.T.);
#1643 = VERTEX_POINT('',#1644);
#1644 = CARTESIAN_POINT('',(-5.9,0.5,-2.55));
#1645 = LINE('',#1646,#1647);
#1646 = CARTESIAN_POINT('',(-6.8,0.5,-2.55));
#1647 = VECTOR('',#1648,1.);
#1648 = DIRECTION('',(1.,0.,0.));
#1649 = ORIENTED_EDGE('',*,*,#1650,.F.);
#1650 = EDGE_CURVE('',#1651,#1643,#1653,.T.);
#1651 = VERTEX_POINT('',#1652);
#1652 = CARTESIAN_POINT('',(-5.9,0.,-2.55));
#1653 = LINE('',#1654,#1655);
#1654 = CARTESIAN_POINT('',(-5.9,0.,-2.55));
#1655 = VECTOR('',#1656,1.);
#1656 = DIRECTION('',(0.,1.,0.));
#1657 = ORIENTED_EDGE('',*,*,#1658,.F.);
#1658 = EDGE_CURVE('',#1659,#1651,#1661,.T.);
#1659 = VERTEX_POINT('',#1660);
#1660 = CARTESIAN_POINT('',(-5.53,0.,-2.55));
#1661 = LINE('',#1662,#1663);
#1662 = CARTESIAN_POINT('',(-5.53,0.,-2.55));
#1663 = VECTOR('',#1664,1.);
#1664 = DIRECTION('',(-1.,0.,0.));
#1665 = ORIENTED_EDGE('',*,*,#1666,.T.);
#1666 = EDGE_CURVE('',#1659,#1667,#1669,.T.);
#1667 = VERTEX_POINT('',#1668);
#1668 = CARTESIAN_POINT('',(-5.53,0.5,-2.55));
#1669 = LINE('',#1670,#1671);
#1670 = CARTESIAN_POINT('',(-5.53,0.,-2.55));
#1671 = VECTOR('',#1672,1.);
#1672 = DIRECTION('',(0.,1.,0.));
#1673 = ORIENTED_EDGE('',*,*,#1674,.T.);
#1674 = EDGE_CURVE('',#1667,#1675,#1677,.T.);
#1675 = VERTEX_POINT('',#1676);
#1676 = CARTESIAN_POINT('',(-4.63,0.5,-2.55));
#1677 = LINE('',#1678,#1679);
#1678 = CARTESIAN_POINT('',(-5.53,0.5,-2.55));
#1679 = VECTOR('',#1680,1.);
#1680 = DIRECTION('',(1.,0.,0.));
#1681 = ORIENTED_EDGE('',*,*,#1682,.F.);
#1682 = EDGE_CURVE('',#1683,#1675,#1685,.T.);
#1683 = VERTEX_POINT('',#1684);
#1684 = CARTESIAN_POINT('',(-4.63,0.,-2.55));
#1685 = LINE('',#1686,#1687);
#1686 = CARTESIAN_POINT('',(-4.63,0.,-2.55));
#1687 = VECTOR('',#1688,1.);
#1688 = DIRECTION('',(0.,1.,0.));
#1689 = ORIENTED_EDGE('',*,*,#1690,.F.);
#1690 = EDGE_CURVE('',#1691,#1683,#1693,.T.);
#1691 = VERTEX_POINT('',#1692);
#1692 = CARTESIAN_POINT('',(-4.26,0.,-2.55));
#1693 = LINE('',#1694,#1695);
#1694 = CARTESIAN_POINT('',(-4.26,0.,-2.55));
#1695 = VECTOR('',#1696,1.);
#1696 = DIRECTION('',(-1.,0.,0.));
#1697 = ORIENTED_EDGE('',*,*,#1698,.T.);
#1698 = EDGE_CURVE('',#1691,#1699,#1701,.T.);
#1699 = VERTEX_POINT('',#1700);
#1700 = CARTESIAN_POINT('',(-4.26,0.5,-2.55));
#1701 = LINE('',#1702,#1703);
#1702 = CARTESIAN_POINT('',(-4.26,0.,-2.55));
#1703 = VECTOR('',#1704,1.);
#1704 = DIRECTION('',(0.,1.,0.));
#1705 = ORIENTED_EDGE('',*,*,#1706,.T.);
#1706 = EDGE_CURVE('',#1699,#1707,#1709,.T.);
#1707 = VERTEX_POINT('',#1708);
#1708 = CARTESIAN_POINT('',(-3.36,0.5,-2.55));
#1709 = LINE('',#1710,#1711);
#1710 = CARTESIAN_POINT('',(-4.26,0.5,-2.55));
#1711 = VECTOR('',#1712,1.);
#1712 = DIRECTION('',(1.,0.,0.));
#1713 = ORIENTED_EDGE('',*,*,#1714,.F.);
#1714 = EDGE_CURVE('',#1715,#1707,#1717,.T.);
#1715 = VERTEX_POINT('',#1716);
#1716 = CARTESIAN_POINT('',(-3.36,0.,-2.55));
#1717 = LINE('',#1718,#1719);
#1718 = CARTESIAN_POINT('',(-3.36,0.,-2.55));
#1719 = VECTOR('',#1720,1.);
#1720 = DIRECTION('',(0.,1.,0.));
#1721 = ORIENTED_EDGE('',*,*,#1722,.F.);
#1722 = EDGE_CURVE('',#1723,#1715,#1725,.T.);
#1723 = VERTEX_POINT('',#1724);
#1724 = CARTESIAN_POINT('',(-2.99,0.,-2.55));
#1725 = LINE('',#1726,#1727);
#1726 = CARTESIAN_POINT('',(-2.99,0.,-2.55));
#1727 = VECTOR('',#1728,1.);
#1728 = DIRECTION('',(-1.,0.,0.));
#1729 = ORIENTED_EDGE('',*,*,#1730,.T.);
#1730 = EDGE_CURVE('',#1723,#1731,#1733,.T.);
#1731 = VERTEX_POINT('',#1732);
#1732 = CARTESIAN_POINT('',(-2.99,0.5,-2.55));
#1733 = LINE('',#1734,#1735);
#1734 = CARTESIAN_POINT('',(-2.99,0.,-2.55));
#1735 = VECTOR('',#1736,1.);
#1736 = DIRECTION('',(0.,1.,0.));
#1737 = ORIENTED_EDGE('',*,*,#1738,.T.);
#1738 = EDGE_CURVE('',#1731,#1739,#1741,.T.);
#1739 = VERTEX_POINT('',#1740);
#1740 = CARTESIAN_POINT('',(-2.09,0.5,-2.55));
#1741 = LINE('',#1742,#1743);
#1742 = CARTESIAN_POINT('',(-2.99,0.5,-2.55));
#1743 = VECTOR('',#1744,1.);
#1744 = DIRECTION('',(1.,0.,0.));
#1745 = ORIENTED_EDGE('',*,*,#1746,.F.);
#1746 = EDGE_CURVE('',#1747,#1739,#1749,.T.);
#1747 = VERTEX_POINT('',#1748);
#1748 = CARTESIAN_POINT('',(-2.09,0.,-2.55));
#1749 = LINE('',#1750,#1751);
#1750 = CARTESIAN_POINT('',(-2.09,0.,-2.55));
#1751 = VECTOR('',#1752,1.);
#1752 = DIRECTION('',(0.,1.,0.));
#1753 = ORIENTED_EDGE('',*,*,#1754,.F.);
#1754 = EDGE_CURVE('',#1755,#1747,#1757,.T.);
#1755 = VERTEX_POINT('',#1756);
#1756 = CARTESIAN_POINT('',(-1.72,0.,-2.55));
#1757 = LINE('',#1758,#1759);
#1758 = CARTESIAN_POINT('',(-1.72,0.,-2.55));
#1759 = VECTOR('',#1760,1.);
#1760 = DIRECTION('',(-1.,0.,0.));
#1761 = ORIENTED_EDGE('',*,*,#1762,.T.);
#1762 = EDGE_CURVE('',#1755,#1763,#1765,.T.);
#1763 = VERTEX_POINT('',#1764);
#1764 = CARTESIAN_POINT('',(-1.72,0.5,-2.55));
#1765 = LINE('',#1766,#1767);
#1766 = CARTESIAN_POINT('',(-1.72,0.,-2.55));
#1767 = VECTOR('',#1768,1.);
#1768 = DIRECTION('',(0.,1.,0.));
#1769 = ORIENTED_EDGE('',*,*,#1770,.T.);
#1770 = EDGE_CURVE('',#1763,#1771,#1773,.T.);
#1771 = VERTEX_POINT('',#1772);
#1772 = CARTESIAN_POINT('',(-0.82,0.5,-2.55));
#1773 = LINE('',#1774,#1775);
#1774 = CARTESIAN_POINT('',(-1.72,0.5,-2.55));
#1775 = VECTOR('',#1776,1.);
#1776 = DIRECTION('',(1.,0.,0.));
#1777 = ORIENTED_EDGE('',*,*,#1778,.F.);
#1778 = EDGE_CURVE('',#1779,#1771,#1781,.T.);
#1779 = VERTEX_POINT('',#1780);
#1780 = CARTESIAN_POINT('',(-0.82,0.,-2.55));
#1781 = LINE('',#1782,#1783);
#1782 = CARTESIAN_POINT('',(-0.82,0.,-2.55));
#1783 = VECTOR('',#1784,1.);
#1784 = DIRECTION('',(0.,1.,0.));
#1785 = ORIENTED_EDGE('',*,*,#1786,.F.);
#1786 = EDGE_CURVE('',#1787,#1779,#1789,.T.);
#1787 = VERTEX_POINT('',#1788);
#1788 = CARTESIAN_POINT('',(-0.45,0.,-2.55));
#1789 = LINE('',#1790,#1791);
#1790 = CARTESIAN_POINT('',(-0.45,0.,-2.55));
#1791 = VECTOR('',#1792,1.);
#1792 = DIRECTION('',(-1.,0.,0.));
#1793 = ORIENTED_EDGE('',*,*,#1794,.T.);
#1794 = EDGE_CURVE('',#1787,#1795,#1797,.T.);
#1795 = VERTEX_POINT('',#1796);
#1796 = CARTESIAN_POINT('',(-0.45,0.5,-2.55));
#1797 = LINE('',#1798,#1799);
#1798 = CARTESIAN_POINT('',(-0.45,0.,-2.55));
#1799 = VECTOR('',#1800,1.);
#1800 = DIRECTION('',(0.,1.,0.));
#1801 = ORIENTED_EDGE('',*,*,#1802,.T.);
#1802 = EDGE_CURVE('',#1795,#1803,#1805,.T.);
#1803 = VERTEX_POINT('',#1804);
#1804 = CARTESIAN_POINT('',(0.45,0.5,-2.55));
#1805 = LINE('',#1806,#1807);
#1806 = CARTESIAN_POINT('',(-0.45,0.5,-2.55));
#1807 = VECTOR('',#1808,1.);
#1808 = DIRECTION('',(1.,0.,0.));
#1809 = ORIENTED_EDGE('',*,*,#1810,.F.);
#1810 = EDGE_CURVE('',#1811,#1803,#1813,.T.);
#1811 = VERTEX_POINT('',#1812);
#1812 = CARTESIAN_POINT('',(0.45,0.,-2.55));
#1813 = LINE('',#1814,#1815);
#1814 = CARTESIAN_POINT('',(0.45,0.,-2.55));
#1815 = VECTOR('',#1816,1.);
#1816 = DIRECTION('',(0.,1.,0.));
#1817 = ORIENTED_EDGE('',*,*,#1818,.F.);
#1818 = EDGE_CURVE('',#1819,#1811,#1821,.T.);
#1819 = VERTEX_POINT('',#1820);
#1820 = CARTESIAN_POINT('',(0.82,0.,-2.55));
#1821 = LINE('',#1822,#1823);
#1822 = CARTESIAN_POINT('',(0.82,0.,-2.55));
#1823 = VECTOR('',#1824,1.);
#1824 = DIRECTION('',(-1.,0.,0.));
#1825 = ORIENTED_EDGE('',*,*,#1826,.T.);
#1826 = EDGE_CURVE('',#1819,#1827,#1829,.T.);
#1827 = VERTEX_POINT('',#1828);
#1828 = CARTESIAN_POINT('',(0.82,0.5,-2.55));
#1829 = LINE('',#1830,#1831);
#1830 = CARTESIAN_POINT('',(0.82,0.,-2.55));
#1831 = VECTOR('',#1832,1.);
#1832 = DIRECTION('',(0.,1.,0.));
#1833 = ORIENTED_EDGE('',*,*,#1834,.T.);
#1834 = EDGE_CURVE('',#1827,#1835,#1837,.T.);
#1835 = VERTEX_POINT('',#1836);
#1836 = CARTESIAN_POINT('',(1.72,0.5,-2.55));
#1837 = LINE('',#1838,#1839);
#1838 = CARTESIAN_POINT('',(0.82,0.5,-2.55));
#1839 = VECTOR('',#1840,1.);
#1840 = DIRECTION('',(1.,0.,0.));
#1841 = ORIENTED_EDGE('',*,*,#1842,.F.);
#1842 = EDGE_CURVE('',#1843,#1835,#1845,.T.);
#1843 = VERTEX_POINT('',#1844);
#1844 = CARTESIAN_POINT('',(1.72,0.,-2.55));
#1845 = LINE('',#1846,#1847);
#1846 = CARTESIAN_POINT('',(1.72,0.,-2.55));
#1847 = VECTOR('',#1848,1.);
#1848 = DIRECTION('',(0.,1.,0.));
#1849 = ORIENTED_EDGE('',*,*,#1850,.F.);
#1850 = EDGE_CURVE('',#1851,#1843,#1853,.T.);
#1851 = VERTEX_POINT('',#1852);
#1852 = CARTESIAN_POINT('',(5.055,0.,-2.55));
#1853 = LINE('',#1854,#1855);
#1854 = CARTESIAN_POINT('',(5.055,0.,-2.55));
#1855 = VECTOR('',#1856,1.);
#1856 = DIRECTION('',(-1.,0.,0.));
#1857 = ORIENTED_EDGE('',*,*,#1858,.T.);
#1858 = EDGE_CURVE('',#1851,#1247,#1859,.T.);
#1859 = LINE('',#1860,#1861);
#1860 = CARTESIAN_POINT('',(5.055,0.,-2.55));
#1861 = VECTOR('',#1862,1.);
#1862 = DIRECTION('',(0.,1.,0.));
#1863 = ORIENTED_EDGE('',*,*,#1246,.T.);
#1864 = ORIENTED_EDGE('',*,*,#1865,.F.);
#1865 = EDGE_CURVE('',#1619,#1239,#1866,.T.);
#1866 = LINE('',#1867,#1868);
#1867 = CARTESIAN_POINT('',(-10.135,0.,-2.55));
#1868 = VECTOR('',#1869,1.);
#1869 = DIRECTION('',(0.,1.,0.));
#1870 = ORIENTED_EDGE('',*,*,#1618,.F.);
#1871 = PLANE('',#1872);
#1872 = AXIS2_PLACEMENT_3D('',#1873,#1874,#1875);
#1873 = CARTESIAN_POINT('',(5.055,0.,-2.55));
#1874 = DIRECTION('',(0.,0.,-1.));
#1875 = DIRECTION('',(-1.,0.,0.));
#1876 = ADVANCED_FACE('',(#1877,#1888,#1954),#2020,.F.);
#1877 = FACE_BOUND('',#1878,.F.);
#1878 = EDGE_LOOP('',(#1879,#1880,#1886,#1887));
#1879 = ORIENTED_EDGE('',*,*,#1572,.T.);
#1880 = ORIENTED_EDGE('',*,*,#1881,.F.);
#1881 = EDGE_CURVE('',#1643,#1565,#1882,.T.);
#1882 = LINE('',#1883,#1884);
#1883 = CARTESIAN_POINT('',(-5.9,0.5,-2.55));
#1884 = VECTOR('',#1885,1.);
#1885 = DIRECTION('',(0.,0.,1.));
#1886 = ORIENTED_EDGE('',*,*,#1642,.F.);
#1887 = ORIENTED_EDGE('',*,*,#1595,.T.);
#1888 = FACE_BOUND('',#1889,.F.);
#1889 = EDGE_LOOP('',(#1890,#1900,#1908,#1916,#1924,#1932,#1940,#1948));
#1890 = ORIENTED_EDGE('',*,*,#1891,.T.);
#1891 = EDGE_CURVE('',#1892,#1894,#1896,.T.);
#1892 = VERTEX_POINT('',#1893);
#1893 = CARTESIAN_POINT('',(-6.15,0.5,-0.875));
#1894 = VERTEX_POINT('',#1895);
#1895 = CARTESIAN_POINT('',(-6.11,0.5,-0.875));
#1896 = LINE('',#1897,#1898);
#1897 = CARTESIAN_POINT('',(-6.15,0.5,-0.875));
#1898 = VECTOR('',#1899,1.);
#1899 = DIRECTION('',(1.,0.,0.));
#1900 = ORIENTED_EDGE('',*,*,#1901,.F.);
#1901 = EDGE_CURVE('',#1902,#1894,#1904,.T.);
#1902 = VERTEX_POINT('',#1903);
#1903 = CARTESIAN_POINT('',(-6.11,0.5,-0.395));
#1904 = LINE('',#1905,#1906);
#1905 = CARTESIAN_POINT('',(-6.11,0.5,-0.395));
#1906 = VECTOR('',#1907,1.);
#1907 = DIRECTION('',(0.,0.,-1.));
#1908 = ORIENTED_EDGE('',*,*,#1909,.F.);
#1909 = EDGE_CURVE('',#1910,#1902,#1912,.T.);
#1910 = VERTEX_POINT('',#1911);
#1911 = CARTESIAN_POINT('',(-6.15,0.5,-0.395));
#1912 = LINE('',#1913,#1914);
#1913 = CARTESIAN_POINT('',(-6.15,0.5,-0.395));
#1914 = VECTOR('',#1915,1.);
#1915 = DIRECTION('',(1.,0.,0.));
#1916 = ORIENTED_EDGE('',*,*,#1917,.F.);
#1917 = EDGE_CURVE('',#1918,#1910,#1920,.T.);
#1918 = VERTEX_POINT('',#1919);
#1919 = CARTESIAN_POINT('',(-6.55,0.5,-0.395));
#1920 = LINE('',#1921,#1922);
#1921 = CARTESIAN_POINT('',(-6.55,0.5,-0.395));
#1922 = VECTOR('',#1923,1.);
#1923 = DIRECTION('',(1.,0.,0.));
#1924 = ORIENTED_EDGE('',*,*,#1925,.F.);
#1925 = EDGE_CURVE('',#1926,#1918,#1928,.T.);
#1926 = VERTEX_POINT('',#1927);
#1927 = CARTESIAN_POINT('',(-6.59,0.5,-0.395));
#1928 = LINE('',#1929,#1930);
#1929 = CARTESIAN_POINT('',(-6.59,0.5,-0.395));
#1930 = VECTOR('',#1931,1.);
#1931 = DIRECTION('',(1.,0.,0.));
#1932 = ORIENTED_EDGE('',*,*,#1933,.T.);
#1933 = EDGE_CURVE('',#1926,#1934,#1936,.T.);
#1934 = VERTEX_POINT('',#1935);
#1935 = CARTESIAN_POINT('',(-6.59,0.5,-0.875));
#1936 = LINE('',#1937,#1938);
#1937 = CARTESIAN_POINT('',(-6.59,0.5,-0.395));
#1938 = VECTOR('',#1939,1.);
#1939 = DIRECTION('',(0.,0.,-1.));
#1940 = ORIENTED_EDGE('',*,*,#1941,.T.);
#1941 = EDGE_CURVE('',#1934,#1942,#1944,.T.);
#1942 = VERTEX_POINT('',#1943);
#1943 = CARTESIAN_POINT('',(-6.55,0.5,-0.875));
#1944 = LINE('',#1945,#1946);
#1945 = CARTESIAN_POINT('',(-6.59,0.5,-0.875));
#1946 = VECTOR('',#1947,1.);
#1947 = DIRECTION('',(1.,0.,0.));
#1948 = ORIENTED_EDGE('',*,*,#1949,.T.);
#1949 = EDGE_CURVE('',#1942,#1892,#1950,.T.);
#1950 = LINE('',#1951,#1952);
#1951 = CARTESIAN_POINT('',(-6.55,0.5,-0.875));
#1952 = VECTOR('',#1953,1.);
#1953 = DIRECTION('',(1.,0.,0.));
#1954 = FACE_BOUND('',#1955,.F.);
#1955 = EDGE_LOOP('',(#1956,#1966,#1974,#1982,#1990,#1998,#2006,#2014));
#1956 = ORIENTED_EDGE('',*,*,#1957,.T.);
#1957 = EDGE_CURVE('',#1958,#1960,#1962,.T.);
#1958 = VERTEX_POINT('',#1959);
#1959 = CARTESIAN_POINT('',(-6.15,0.5,0.395));
#1960 = VERTEX_POINT('',#1961);
#1961 = CARTESIAN_POINT('',(-6.11,0.5,0.395));
#1962 = LINE('',#1963,#1964);
#1963 = CARTESIAN_POINT('',(-6.15,0.5,0.395));
#1964 = VECTOR('',#1965,1.);
#1965 = DIRECTION('',(1.,0.,0.));
#1966 = ORIENTED_EDGE('',*,*,#1967,.F.);
#1967 = EDGE_CURVE('',#1968,#1960,#1970,.T.);
#1968 = VERTEX_POINT('',#1969);
#1969 = CARTESIAN_POINT('',(-6.11,0.5,0.875));
#1970 = LINE('',#1971,#1972);
#1971 = CARTESIAN_POINT('',(-6.11,0.5,0.875));
#1972 = VECTOR('',#1973,1.);
#1973 = DIRECTION('',(0.,0.,-1.));
#1974 = ORIENTED_EDGE('',*,*,#1975,.F.);
#1975 = EDGE_CURVE('',#1976,#1968,#1978,.T.);
#1976 = VERTEX_POINT('',#1977);
#1977 = CARTESIAN_POINT('',(-6.15,0.5,0.875));
#1978 = LINE('',#1979,#1980);
#1979 = CARTESIAN_POINT('',(-6.15,0.5,0.875));
#1980 = VECTOR('',#1981,1.);
#1981 = DIRECTION('',(1.,0.,0.));
#1982 = ORIENTED_EDGE('',*,*,#1983,.F.);
#1983 = EDGE_CURVE('',#1984,#1976,#1986,.T.);
#1984 = VERTEX_POINT('',#1985);
#1985 = CARTESIAN_POINT('',(-6.55,0.5,0.875));
#1986 = LINE('',#1987,#1988);
#1987 = CARTESIAN_POINT('',(-6.55,0.5,0.875));
#1988 = VECTOR('',#1989,1.);
#1989 = DIRECTION('',(1.,0.,0.));
#1990 = ORIENTED_EDGE('',*,*,#1991,.F.);
#1991 = EDGE_CURVE('',#1992,#1984,#1994,.T.);
#1992 = VERTEX_POINT('',#1993);
#1993 = CARTESIAN_POINT('',(-6.59,0.5,0.875));
#1994 = LINE('',#1995,#1996);
#1995 = CARTESIAN_POINT('',(-6.59,0.5,0.875));
#1996 = VECTOR('',#1997,1.);
#1997 = DIRECTION('',(1.,0.,0.));
#1998 = ORIENTED_EDGE('',*,*,#1999,.T.);
#1999 = EDGE_CURVE('',#1992,#2000,#2002,.T.);
#2000 = VERTEX_POINT('',#2001);
#2001 = CARTESIAN_POINT('',(-6.59,0.5,0.395));
#2002 = LINE('',#2003,#2004);
#2003 = CARTESIAN_POINT('',(-6.59,0.5,0.875));
#2004 = VECTOR('',#2005,1.);
#2005 = DIRECTION('',(0.,0.,-1.));
#2006 = ORIENTED_EDGE('',*,*,#2007,.T.);
#2007 = EDGE_CURVE('',#2000,#2008,#2010,.T.);
#2008 = VERTEX_POINT('',#2009);
#2009 = CARTESIAN_POINT('',(-6.55,0.5,0.395));
#2010 = LINE('',#2011,#2012);
#2011 = CARTESIAN_POINT('',(-6.59,0.5,0.395));
#2012 = VECTOR('',#2013,1.);
#2013 = DIRECTION('',(1.,0.,0.));
#2014 = ORIENTED_EDGE('',*,*,#2015,.T.);
#2015 = EDGE_CURVE('',#2008,#1958,#2016,.T.);
#2016 = LINE('',#2017,#2018);
#2017 = CARTESIAN_POINT('',(-6.55,0.5,0.395));
#2018 = VECTOR('',#2019,1.);
#2019 = DIRECTION('',(1.,0.,0.));
#2020 = PLANE('',#2021);
#2021 = AXIS2_PLACEMENT_3D('',#2022,#2023,#2024);
#2022 = CARTESIAN_POINT('',(-6.8,0.5,-2.55));
#2023 = DIRECTION('',(0.,1.,0.));
#2024 = DIRECTION('',(0.,-0.,1.));
#2025 = ADVANCED_FACE('',(#2026),#2037,.F.);
#2026 = FACE_BOUND('',#2027,.F.);
#2027 = EDGE_LOOP('',(#2028,#2034,#2035,#2036));
#2028 = ORIENTED_EDGE('',*,*,#2029,.T.);
#2029 = EDGE_CURVE('',#1557,#1651,#2030,.T.);
#2030 = LINE('',#2031,#2032);
#2031 = CARTESIAN_POINT('',(-5.9,0.,2.55));
#2032 = VECTOR('',#2033,1.);
#2033 = DIRECTION('',(0.,0.,-1.));
#2034 = ORIENTED_EDGE('',*,*,#1650,.T.);
#2035 = ORIENTED_EDGE('',*,*,#1881,.T.);
#2036 = ORIENTED_EDGE('',*,*,#1564,.F.);
#2037 = PLANE('',#2038);
#2038 = AXIS2_PLACEMENT_3D('',#2039,#2040,#2041);
#2039 = CARTESIAN_POINT('',(-5.9,0.,0.));
#2040 = DIRECTION('',(1.,0.,0.));
#2041 = DIRECTION('',(0.,0.,-1.));
#2042 = ADVANCED_FACE('',(#2043),#2054,.F.);
#2043 = FACE_BOUND('',#2044,.F.);
#2044 = EDGE_LOOP('',(#2045,#2046,#2047,#2053));
#2045 = ORIENTED_EDGE('',*,*,#2029,.F.);
#2046 = ORIENTED_EDGE('',*,*,#1556,.T.);
#2047 = ORIENTED_EDGE('',*,*,#2048,.T.);
#2048 = EDGE_CURVE('',#1549,#1659,#2049,.T.);
#2049 = LINE('',#2050,#2051);
#2050 = CARTESIAN_POINT('',(-5.53,0.,2.55));
#2051 = VECTOR('',#2052,1.);
#2052 = DIRECTION('',(0.,0.,-1.));
#2053 = ORIENTED_EDGE('',*,*,#1658,.T.);
#2054 = PLANE('',#2055);
#2055 = AXIS2_PLACEMENT_3D('',#2056,#2057,#2058);
#2056 = CARTESIAN_POINT('',(0.,0.,0.));
#2057 = DIRECTION('',(0.,1.,0.));
#2058 = DIRECTION('',(1.,0.,0.));
#2059 = ADVANCED_FACE('',(#2060),#2071,.T.);
#2060 = FACE_BOUND('',#2061,.F.);
#2061 = EDGE_LOOP('',(#2062,#2063,#2064,#2070));
#2062 = ORIENTED_EDGE('',*,*,#2048,.F.);
#2063 = ORIENTED_EDGE('',*,*,#1548,.T.);
#2064 = ORIENTED_EDGE('',*,*,#2065,.F.);
#2065 = EDGE_CURVE('',#1667,#1541,#2066,.T.);
#2066 = LINE('',#2067,#2068);
#2067 = CARTESIAN_POINT('',(-5.53,0.5,-2.55));
#2068 = VECTOR('',#2069,1.);
#2069 = DIRECTION('',(0.,0.,1.));
#2070 = ORIENTED_EDGE('',*,*,#1666,.F.);
#2071 = PLANE('',#2072);
#2072 = AXIS2_PLACEMENT_3D('',#2073,#2074,#2075);
#2073 = CARTESIAN_POINT('',(-5.53,0.,0.));
#2074 = DIRECTION('',(1.,0.,0.));
#2075 = DIRECTION('',(0.,0.,-1.));
#2076 = ADVANCED_FACE('',(#2077,#2088,#2154),#2220,.F.);
#2077 = FACE_BOUND('',#2078,.F.);
#2078 = EDGE_LOOP('',(#2079,#2080,#2086,#2087));
#2079 = ORIENTED_EDGE('',*,*,#1540,.T.);
#2080 = ORIENTED_EDGE('',*,*,#2081,.F.);
#2081 = EDGE_CURVE('',#1675,#1533,#2082,.T.);
#2082 = LINE('',#2083,#2084);
#2083 = CARTESIAN_POINT('',(-4.63,0.5,-2.55));
#2084 = VECTOR('',#2085,1.);
#2085 = DIRECTION('',(0.,0.,1.));
#2086 = ORIENTED_EDGE('',*,*,#1674,.F.);
#2087 = ORIENTED_EDGE('',*,*,#2065,.T.);
#2088 = FACE_BOUND('',#2089,.F.);
#2089 = EDGE_LOOP('',(#2090,#2100,#2108,#2116,#2124,#2132,#2140,#2148));
#2090 = ORIENTED_EDGE('',*,*,#2091,.T.);
#2091 = EDGE_CURVE('',#2092,#2094,#2096,.T.);
#2092 = VERTEX_POINT('',#2093);
#2093 = CARTESIAN_POINT('',(-4.88,0.5,-0.875));
#2094 = VERTEX_POINT('',#2095);
#2095 = CARTESIAN_POINT('',(-4.84,0.5,-0.875));
#2096 = LINE('',#2097,#2098);
#2097 = CARTESIAN_POINT('',(-4.88,0.5,-0.875));
#2098 = VECTOR('',#2099,1.);
#2099 = DIRECTION('',(1.,0.,0.));
#2100 = ORIENTED_EDGE('',*,*,#2101,.F.);
#2101 = EDGE_CURVE('',#2102,#2094,#2104,.T.);
#2102 = VERTEX_POINT('',#2103);
#2103 = CARTESIAN_POINT('',(-4.84,0.5,-0.395));
#2104 = LINE('',#2105,#2106);
#2105 = CARTESIAN_POINT('',(-4.84,0.5,-0.395));
#2106 = VECTOR('',#2107,1.);
#2107 = DIRECTION('',(0.,0.,-1.));
#2108 = ORIENTED_EDGE('',*,*,#2109,.F.);
#2109 = EDGE_CURVE('',#2110,#2102,#2112,.T.);
#2110 = VERTEX_POINT('',#2111);
#2111 = CARTESIAN_POINT('',(-4.88,0.5,-0.395));
#2112 = LINE('',#2113,#2114);
#2113 = CARTESIAN_POINT('',(-4.88,0.5,-0.395));
#2114 = VECTOR('',#2115,1.);
#2115 = DIRECTION('',(1.,0.,0.));
#2116 = ORIENTED_EDGE('',*,*,#2117,.F.);
#2117 = EDGE_CURVE('',#2118,#2110,#2120,.T.);
#2118 = VERTEX_POINT('',#2119);
#2119 = CARTESIAN_POINT('',(-5.28,0.5,-0.395));
#2120 = LINE('',#2121,#2122);
#2121 = CARTESIAN_POINT('',(-5.28,0.5,-0.395));
#2122 = VECTOR('',#2123,1.);
#2123 = DIRECTION('',(1.,0.,0.));
#2124 = ORIENTED_EDGE('',*,*,#2125,.F.);
#2125 = EDGE_CURVE('',#2126,#2118,#2128,.T.);
#2126 = VERTEX_POINT('',#2127);
#2127 = CARTESIAN_POINT('',(-5.32,0.5,-0.395));
#2128 = LINE('',#2129,#2130);
#2129 = CARTESIAN_POINT('',(-5.32,0.5,-0.395));
#2130 = VECTOR('',#2131,1.);
#2131 = DIRECTION('',(1.,0.,0.));
#2132 = ORIENTED_EDGE('',*,*,#2133,.T.);
#2133 = EDGE_CURVE('',#2126,#2134,#2136,.T.);
#2134 = VERTEX_POINT('',#2135);
#2135 = CARTESIAN_POINT('',(-5.32,0.5,-0.875));
#2136 = LINE('',#2137,#2138);
#2137 = CARTESIAN_POINT('',(-5.32,0.5,-0.395));
#2138 = VECTOR('',#2139,1.);
#2139 = DIRECTION('',(0.,0.,-1.));
#2140 = ORIENTED_EDGE('',*,*,#2141,.T.);
#2141 = EDGE_CURVE('',#2134,#2142,#2144,.T.);
#2142 = VERTEX_POINT('',#2143);
#2143 = CARTESIAN_POINT('',(-5.28,0.5,-0.875));
#2144 = LINE('',#2145,#2146);
#2145 = CARTESIAN_POINT('',(-5.32,0.5,-0.875));
#2146 = VECTOR('',#2147,1.);
#2147 = DIRECTION('',(1.,0.,0.));
#2148 = ORIENTED_EDGE('',*,*,#2149,.T.);
#2149 = EDGE_CURVE('',#2142,#2092,#2150,.T.);
#2150 = LINE('',#2151,#2152);
#2151 = CARTESIAN_POINT('',(-5.28,0.5,-0.875));
#2152 = VECTOR('',#2153,1.);
#2153 = DIRECTION('',(1.,0.,0.));
#2154 = FACE_BOUND('',#2155,.F.);
#2155 = EDGE_LOOP('',(#2156,#2166,#2174,#2182,#2190,#2198,#2206,#2214));
#2156 = ORIENTED_EDGE('',*,*,#2157,.T.);
#2157 = EDGE_CURVE('',#2158,#2160,#2162,.T.);
#2158 = VERTEX_POINT('',#2159);
#2159 = CARTESIAN_POINT('',(-4.88,0.5,0.395));
#2160 = VERTEX_POINT('',#2161);
#2161 = CARTESIAN_POINT('',(-4.84,0.5,0.395));
#2162 = LINE('',#2163,#2164);
#2163 = CARTESIAN_POINT('',(-4.88,0.5,0.395));
#2164 = VECTOR('',#2165,1.);
#2165 = DIRECTION('',(1.,0.,0.));
#2166 = ORIENTED_EDGE('',*,*,#2167,.F.);
#2167 = EDGE_CURVE('',#2168,#2160,#2170,.T.);
#2168 = VERTEX_POINT('',#2169);
#2169 = CARTESIAN_POINT('',(-4.84,0.5,0.875));
#2170 = LINE('',#2171,#2172);
#2171 = CARTESIAN_POINT('',(-4.84,0.5,0.875));
#2172 = VECTOR('',#2173,1.);
#2173 = DIRECTION('',(0.,0.,-1.));
#2174 = ORIENTED_EDGE('',*,*,#2175,.F.);
#2175 = EDGE_CURVE('',#2176,#2168,#2178,.T.);
#2176 = VERTEX_POINT('',#2177);
#2177 = CARTESIAN_POINT('',(-4.88,0.5,0.875));
#2178 = LINE('',#2179,#2180);
#2179 = CARTESIAN_POINT('',(-4.88,0.5,0.875));
#2180 = VECTOR('',#2181,1.);
#2181 = DIRECTION('',(1.,0.,0.));
#2182 = ORIENTED_EDGE('',*,*,#2183,.F.);
#2183 = EDGE_CURVE('',#2184,#2176,#2186,.T.);
#2184 = VERTEX_POINT('',#2185);
#2185 = CARTESIAN_POINT('',(-5.28,0.5,0.875));
#2186 = LINE('',#2187,#2188);
#2187 = CARTESIAN_POINT('',(-5.28,0.5,0.875));
#2188 = VECTOR('',#2189,1.);
#2189 = DIRECTION('',(1.,0.,0.));
#2190 = ORIENTED_EDGE('',*,*,#2191,.F.);
#2191 = EDGE_CURVE('',#2192,#2184,#2194,.T.);
#2192 = VERTEX_POINT('',#2193);
#2193 = CARTESIAN_POINT('',(-5.32,0.5,0.875));
#2194 = LINE('',#2195,#2196);
#2195 = CARTESIAN_POINT('',(-5.32,0.5,0.875));
#2196 = VECTOR('',#2197,1.);
#2197 = DIRECTION('',(1.,0.,0.));
#2198 = ORIENTED_EDGE('',*,*,#2199,.T.);
#2199 = EDGE_CURVE('',#2192,#2200,#2202,.T.);
#2200 = VERTEX_POINT('',#2201);
#2201 = CARTESIAN_POINT('',(-5.32,0.5,0.395));
#2202 = LINE('',#2203,#2204);
#2203 = CARTESIAN_POINT('',(-5.32,0.5,0.875));
#2204 = VECTOR('',#2205,1.);
#2205 = DIRECTION('',(0.,0.,-1.));
#2206 = ORIENTED_EDGE('',*,*,#2207,.T.);
#2207 = EDGE_CURVE('',#2200,#2208,#2210,.T.);
#2208 = VERTEX_POINT('',#2209);
#2209 = CARTESIAN_POINT('',(-5.28,0.5,0.395));
#2210 = LINE('',#2211,#2212);
#2211 = CARTESIAN_POINT('',(-5.32,0.5,0.395));
#2212 = VECTOR('',#2213,1.);
#2213 = DIRECTION('',(1.,0.,0.));
#2214 = ORIENTED_EDGE('',*,*,#2215,.T.);
#2215 = EDGE_CURVE('',#2208,#2158,#2216,.T.);
#2216 = LINE('',#2217,#2218);
#2217 = CARTESIAN_POINT('',(-5.28,0.5,0.395));
#2218 = VECTOR('',#2219,1.);
#2219 = DIRECTION('',(1.,0.,0.));
#2220 = PLANE('',#2221);
#2221 = AXIS2_PLACEMENT_3D('',#2222,#2223,#2224);
#2222 = CARTESIAN_POINT('',(-5.53,0.5,-2.55));
#2223 = DIRECTION('',(0.,1.,0.));
#2224 = DIRECTION('',(0.,-0.,1.));
#2225 = ADVANCED_FACE('',(#2226),#2237,.F.);
#2226 = FACE_BOUND('',#2227,.F.);
#2227 = EDGE_LOOP('',(#2228,#2234,#2235,#2236));
#2228 = ORIENTED_EDGE('',*,*,#2229,.T.);
#2229 = EDGE_CURVE('',#1525,#1683,#2230,.T.);
#2230 = LINE('',#2231,#2232);
#2231 = CARTESIAN_POINT('',(-4.63,0.,2.55));
#2232 = VECTOR('',#2233,1.);
#2233 = DIRECTION('',(0.,0.,-1.));
#2234 = ORIENTED_EDGE('',*,*,#1682,.T.);
#2235 = ORIENTED_EDGE('',*,*,#2081,.T.);
#2236 = ORIENTED_EDGE('',*,*,#1532,.F.);
#2237 = PLANE('',#2238);
#2238 = AXIS2_PLACEMENT_3D('',#2239,#2240,#2241);
#2239 = CARTESIAN_POINT('',(-4.63,0.,0.));
#2240 = DIRECTION('',(1.,0.,0.));
#2241 = DIRECTION('',(0.,0.,-1.));
#2242 = ADVANCED_FACE('',(#2243),#2254,.F.);
#2243 = FACE_BOUND('',#2244,.F.);
#2244 = EDGE_LOOP('',(#2245,#2246,#2247,#2253));
#2245 = ORIENTED_EDGE('',*,*,#2229,.F.);
#2246 = ORIENTED_EDGE('',*,*,#1524,.T.);
#2247 = ORIENTED_EDGE('',*,*,#2248,.T.);
#2248 = EDGE_CURVE('',#1517,#1691,#2249,.T.);
#2249 = LINE('',#2250,#2251);
#2250 = CARTESIAN_POINT('',(-4.26,0.,2.55));
#2251 = VECTOR('',#2252,1.);
#2252 = DIRECTION('',(0.,0.,-1.));
#2253 = ORIENTED_EDGE('',*,*,#1690,.T.);
#2254 = PLANE('',#2255);
#2255 = AXIS2_PLACEMENT_3D('',#2256,#2257,#2258);
#2256 = CARTESIAN_POINT('',(0.,0.,0.));
#2257 = DIRECTION('',(0.,1.,0.));
#2258 = DIRECTION('',(1.,0.,0.));
#2259 = ADVANCED_FACE('',(#2260),#2271,.T.);
#2260 = FACE_BOUND('',#2261,.F.);
#2261 = EDGE_LOOP('',(#2262,#2263,#2264,#2270));
#2262 = ORIENTED_EDGE('',*,*,#2248,.F.);
#2263 = ORIENTED_EDGE('',*,*,#1516,.T.);
#2264 = ORIENTED_EDGE('',*,*,#2265,.F.);
#2265 = EDGE_CURVE('',#1699,#1509,#2266,.T.);
#2266 = LINE('',#2267,#2268);
#2267 = CARTESIAN_POINT('',(-4.26,0.5,-2.55));
#2268 = VECTOR('',#2269,1.);
#2269 = DIRECTION('',(0.,0.,1.));
#2270 = ORIENTED_EDGE('',*,*,#1698,.F.);
#2271 = PLANE('',#2272);
#2272 = AXIS2_PLACEMENT_3D('',#2273,#2274,#2275);
#2273 = CARTESIAN_POINT('',(-4.26,0.,0.));
#2274 = DIRECTION('',(1.,0.,0.));
#2275 = DIRECTION('',(0.,0.,-1.));
#2276 = ADVANCED_FACE('',(#2277,#2288,#2354),#2420,.F.);
#2277 = FACE_BOUND('',#2278,.F.);
#2278 = EDGE_LOOP('',(#2279,#2280,#2286,#2287));
#2279 = ORIENTED_EDGE('',*,*,#1508,.T.);
#2280 = ORIENTED_EDGE('',*,*,#2281,.F.);
#2281 = EDGE_CURVE('',#1707,#1501,#2282,.T.);
#2282 = LINE('',#2283,#2284);
#2283 = CARTESIAN_POINT('',(-3.36,0.5,-2.55));
#2284 = VECTOR('',#2285,1.);
#2285 = DIRECTION('',(0.,0.,1.));
#2286 = ORIENTED_EDGE('',*,*,#1706,.F.);
#2287 = ORIENTED_EDGE('',*,*,#2265,.T.);
#2288 = FACE_BOUND('',#2289,.F.);
#2289 = EDGE_LOOP('',(#2290,#2300,#2308,#2316,#2324,#2332,#2340,#2348));
#2290 = ORIENTED_EDGE('',*,*,#2291,.T.);
#2291 = EDGE_CURVE('',#2292,#2294,#2296,.T.);
#2292 = VERTEX_POINT('',#2293);
#2293 = CARTESIAN_POINT('',(-3.61,0.5,-0.875));
#2294 = VERTEX_POINT('',#2295);
#2295 = CARTESIAN_POINT('',(-3.57,0.5,-0.875));
#2296 = LINE('',#2297,#2298);
#2297 = CARTESIAN_POINT('',(-3.61,0.5,-0.875));
#2298 = VECTOR('',#2299,1.);
#2299 = DIRECTION('',(1.,0.,0.));
#2300 = ORIENTED_EDGE('',*,*,#2301,.F.);
#2301 = EDGE_CURVE('',#2302,#2294,#2304,.T.);
#2302 = VERTEX_POINT('',#2303);
#2303 = CARTESIAN_POINT('',(-3.57,0.5,-0.395));
#2304 = LINE('',#2305,#2306);
#2305 = CARTESIAN_POINT('',(-3.57,0.5,-0.395));
#2306 = VECTOR('',#2307,1.);
#2307 = DIRECTION('',(0.,0.,-1.));
#2308 = ORIENTED_EDGE('',*,*,#2309,.F.);
#2309 = EDGE_CURVE('',#2310,#2302,#2312,.T.);
#2310 = VERTEX_POINT('',#2311);
#2311 = CARTESIAN_POINT('',(-3.61,0.5,-0.395));
#2312 = LINE('',#2313,#2314);
#2313 = CARTESIAN_POINT('',(-3.61,0.5,-0.395));
#2314 = VECTOR('',#2315,1.);
#2315 = DIRECTION('',(1.,0.,0.));
#2316 = ORIENTED_EDGE('',*,*,#2317,.F.);
#2317 = EDGE_CURVE('',#2318,#2310,#2320,.T.);
#2318 = VERTEX_POINT('',#2319);
#2319 = CARTESIAN_POINT('',(-4.01,0.5,-0.395));
#2320 = LINE('',#2321,#2322);
#2321 = CARTESIAN_POINT('',(-4.01,0.5,-0.395));
#2322 = VECTOR('',#2323,1.);
#2323 = DIRECTION('',(1.,0.,0.));
#2324 = ORIENTED_EDGE('',*,*,#2325,.F.);
#2325 = EDGE_CURVE('',#2326,#2318,#2328,.T.);
#2326 = VERTEX_POINT('',#2327);
#2327 = CARTESIAN_POINT('',(-4.05,0.5,-0.395));
#2328 = LINE('',#2329,#2330);
#2329 = CARTESIAN_POINT('',(-4.05,0.5,-0.395));
#2330 = VECTOR('',#2331,1.);
#2331 = DIRECTION('',(1.,0.,0.));
#2332 = ORIENTED_EDGE('',*,*,#2333,.T.);
#2333 = EDGE_CURVE('',#2326,#2334,#2336,.T.);
#2334 = VERTEX_POINT('',#2335);
#2335 = CARTESIAN_POINT('',(-4.05,0.5,-0.875));
#2336 = LINE('',#2337,#2338);
#2337 = CARTESIAN_POINT('',(-4.05,0.5,-0.395));
#2338 = VECTOR('',#2339,1.);
#2339 = DIRECTION('',(0.,0.,-1.));
#2340 = ORIENTED_EDGE('',*,*,#2341,.T.);
#2341 = EDGE_CURVE('',#2334,#2342,#2344,.T.);
#2342 = VERTEX_POINT('',#2343);
#2343 = CARTESIAN_POINT('',(-4.01,0.5,-0.875));
#2344 = LINE('',#2345,#2346);
#2345 = CARTESIAN_POINT('',(-4.05,0.5,-0.875));
#2346 = VECTOR('',#2347,1.);
#2347 = DIRECTION('',(1.,0.,0.));
#2348 = ORIENTED_EDGE('',*,*,#2349,.T.);
#2349 = EDGE_CURVE('',#2342,#2292,#2350,.T.);
#2350 = LINE('',#2351,#2352);
#2351 = CARTESIAN_POINT('',(-4.01,0.5,-0.875));
#2352 = VECTOR('',#2353,1.);
#2353 = DIRECTION('',(1.,0.,0.));
#2354 = FACE_BOUND('',#2355,.F.);
#2355 = EDGE_LOOP('',(#2356,#2366,#2374,#2382,#2390,#2398,#2406,#2414));
#2356 = ORIENTED_EDGE('',*,*,#2357,.T.);
#2357 = EDGE_CURVE('',#2358,#2360,#2362,.T.);
#2358 = VERTEX_POINT('',#2359);
#2359 = CARTESIAN_POINT('',(-3.61,0.5,0.395));
#2360 = VERTEX_POINT('',#2361);
#2361 = CARTESIAN_POINT('',(-3.57,0.5,0.395));
#2362 = LINE('',#2363,#2364);
#2363 = CARTESIAN_POINT('',(-3.61,0.5,0.395));
#2364 = VECTOR('',#2365,1.);
#2365 = DIRECTION('',(1.,0.,0.));
#2366 = ORIENTED_EDGE('',*,*,#2367,.F.);
#2367 = EDGE_CURVE('',#2368,#2360,#2370,.T.);
#2368 = VERTEX_POINT('',#2369);
#2369 = CARTESIAN_POINT('',(-3.57,0.5,0.875));
#2370 = LINE('',#2371,#2372);
#2371 = CARTESIAN_POINT('',(-3.57,0.5,0.875));
#2372 = VECTOR('',#2373,1.);
#2373 = DIRECTION('',(0.,0.,-1.));
#2374 = ORIENTED_EDGE('',*,*,#2375,.F.);
#2375 = EDGE_CURVE('',#2376,#2368,#2378,.T.);
#2376 = VERTEX_POINT('',#2377);
#2377 = CARTESIAN_POINT('',(-3.61,0.5,0.875));
#2378 = LINE('',#2379,#2380);
#2379 = CARTESIAN_POINT('',(-3.61,0.5,0.875));
#2380 = VECTOR('',#2381,1.);
#2381 = DIRECTION('',(1.,0.,0.));
#2382 = ORIENTED_EDGE('',*,*,#2383,.F.);
#2383 = EDGE_CURVE('',#2384,#2376,#2386,.T.);
#2384 = VERTEX_POINT('',#2385);
#2385 = CARTESIAN_POINT('',(-4.01,0.5,0.875));
#2386 = LINE('',#2387,#2388);
#2387 = CARTESIAN_POINT('',(-4.01,0.5,0.875));
#2388 = VECTOR('',#2389,1.);
#2389 = DIRECTION('',(1.,0.,0.));
#2390 = ORIENTED_EDGE('',*,*,#2391,.F.);
#2391 = EDGE_CURVE('',#2392,#2384,#2394,.T.);
#2392 = VERTEX_POINT('',#2393);
#2393 = CARTESIAN_POINT('',(-4.05,0.5,0.875));
#2394 = LINE('',#2395,#2396);
#2395 = CARTESIAN_POINT('',(-4.05,0.5,0.875));
#2396 = VECTOR('',#2397,1.);
#2397 = DIRECTION('',(1.,0.,0.));
#2398 = ORIENTED_EDGE('',*,*,#2399,.T.);
#2399 = EDGE_CURVE('',#2392,#2400,#2402,.T.);
#2400 = VERTEX_POINT('',#2401);
#2401 = CARTESIAN_POINT('',(-4.05,0.5,0.395));
#2402 = LINE('',#2403,#2404);
#2403 = CARTESIAN_POINT('',(-4.05,0.5,0.875));
#2404 = VECTOR('',#2405,1.);
#2405 = DIRECTION('',(0.,0.,-1.));
#2406 = ORIENTED_EDGE('',*,*,#2407,.T.);
#2407 = EDGE_CURVE('',#2400,#2408,#2410,.T.);
#2408 = VERTEX_POINT('',#2409);
#2409 = CARTESIAN_POINT('',(-4.01,0.5,0.395));
#2410 = LINE('',#2411,#2412);
#2411 = CARTESIAN_POINT('',(-4.05,0.5,0.395));
#2412 = VECTOR('',#2413,1.);
#2413 = DIRECTION('',(1.,0.,0.));
#2414 = ORIENTED_EDGE('',*,*,#2415,.T.);
#2415 = EDGE_CURVE('',#2408,#2358,#2416,.T.);
#2416 = LINE('',#2417,#2418);
#2417 = CARTESIAN_POINT('',(-4.01,0.5,0.395));
#2418 = VECTOR('',#2419,1.);
#2419 = DIRECTION('',(1.,0.,0.));
#2420 = PLANE('',#2421);
#2421 = AXIS2_PLACEMENT_3D('',#2422,#2423,#2424);
#2422 = CARTESIAN_POINT('',(-4.26,0.5,-2.55));
#2423 = DIRECTION('',(0.,1.,0.));
#2424 = DIRECTION('',(0.,-0.,1.));
#2425 = ADVANCED_FACE('',(#2426),#2437,.F.);
#2426 = FACE_BOUND('',#2427,.F.);
#2427 = EDGE_LOOP('',(#2428,#2434,#2435,#2436));
#2428 = ORIENTED_EDGE('',*,*,#2429,.T.);
#2429 = EDGE_CURVE('',#1493,#1715,#2430,.T.);
#2430 = LINE('',#2431,#2432);
#2431 = CARTESIAN_POINT('',(-3.36,0.,2.55));
#2432 = VECTOR('',#2433,1.);
#2433 = DIRECTION('',(0.,0.,-1.));
#2434 = ORIENTED_EDGE('',*,*,#1714,.T.);
#2435 = ORIENTED_EDGE('',*,*,#2281,.T.);
#2436 = ORIENTED_EDGE('',*,*,#1500,.F.);
#2437 = PLANE('',#2438);
#2438 = AXIS2_PLACEMENT_3D('',#2439,#2440,#2441);
#2439 = CARTESIAN_POINT('',(-3.36,0.,0.));
#2440 = DIRECTION('',(1.,0.,0.));
#2441 = DIRECTION('',(0.,0.,-1.));
#2442 = ADVANCED_FACE('',(#2443),#2454,.F.);
#2443 = FACE_BOUND('',#2444,.F.);
#2444 = EDGE_LOOP('',(#2445,#2446,#2447,#2453));
#2445 = ORIENTED_EDGE('',*,*,#2429,.F.);
#2446 = ORIENTED_EDGE('',*,*,#1492,.T.);
#2447 = ORIENTED_EDGE('',*,*,#2448,.T.);
#2448 = EDGE_CURVE('',#1485,#1723,#2449,.T.);
#2449 = LINE('',#2450,#2451);
#2450 = CARTESIAN_POINT('',(-2.99,0.,2.55));
#2451 = VECTOR('',#2452,1.);
#2452 = DIRECTION('',(0.,0.,-1.));
#2453 = ORIENTED_EDGE('',*,*,#1722,.T.);
#2454 = PLANE('',#2455);
#2455 = AXIS2_PLACEMENT_3D('',#2456,#2457,#2458);
#2456 = CARTESIAN_POINT('',(0.,0.,0.));
#2457 = DIRECTION('',(0.,1.,0.));
#2458 = DIRECTION('',(1.,0.,0.));
#2459 = ADVANCED_FACE('',(#2460),#2471,.T.);
#2460 = FACE_BOUND('',#2461,.F.);
#2461 = EDGE_LOOP('',(#2462,#2463,#2464,#2470));
#2462 = ORIENTED_EDGE('',*,*,#2448,.F.);
#2463 = ORIENTED_EDGE('',*,*,#1484,.T.);
#2464 = ORIENTED_EDGE('',*,*,#2465,.F.);
#2465 = EDGE_CURVE('',#1731,#1477,#2466,.T.);
#2466 = LINE('',#2467,#2468);
#2467 = CARTESIAN_POINT('',(-2.99,0.5,-2.55));
#2468 = VECTOR('',#2469,1.);
#2469 = DIRECTION('',(0.,0.,1.));
#2470 = ORIENTED_EDGE('',*,*,#1730,.F.);
#2471 = PLANE('',#2472);
#2472 = AXIS2_PLACEMENT_3D('',#2473,#2474,#2475);
#2473 = CARTESIAN_POINT('',(-2.99,0.,0.));
#2474 = DIRECTION('',(1.,0.,0.));
#2475 = DIRECTION('',(0.,0.,-1.));
#2476 = ADVANCED_FACE('',(#2477,#2488,#2554),#2620,.F.);
#2477 = FACE_BOUND('',#2478,.F.);
#2478 = EDGE_LOOP('',(#2479,#2480,#2486,#2487));
#2479 = ORIENTED_EDGE('',*,*,#1476,.T.);
#2480 = ORIENTED_EDGE('',*,*,#2481,.F.);
#2481 = EDGE_CURVE('',#1739,#1469,#2482,.T.);
#2482 = LINE('',#2483,#2484);
#2483 = CARTESIAN_POINT('',(-2.09,0.5,-2.55));
#2484 = VECTOR('',#2485,1.);
#2485 = DIRECTION('',(0.,0.,1.));
#2486 = ORIENTED_EDGE('',*,*,#1738,.F.);
#2487 = ORIENTED_EDGE('',*,*,#2465,.T.);
#2488 = FACE_BOUND('',#2489,.F.);
#2489 = EDGE_LOOP('',(#2490,#2500,#2508,#2516,#2524,#2532,#2540,#2548));
#2490 = ORIENTED_EDGE('',*,*,#2491,.T.);
#2491 = EDGE_CURVE('',#2492,#2494,#2496,.T.);
#2492 = VERTEX_POINT('',#2493);
#2493 = CARTESIAN_POINT('',(-2.34,0.5,-0.875));
#2494 = VERTEX_POINT('',#2495);
#2495 = CARTESIAN_POINT('',(-2.3,0.5,-0.875));
#2496 = LINE('',#2497,#2498);
#2497 = CARTESIAN_POINT('',(-2.34,0.5,-0.875));
#2498 = VECTOR('',#2499,1.);
#2499 = DIRECTION('',(1.,0.,0.));
#2500 = ORIENTED_EDGE('',*,*,#2501,.F.);
#2501 = EDGE_CURVE('',#2502,#2494,#2504,.T.);
#2502 = VERTEX_POINT('',#2503);
#2503 = CARTESIAN_POINT('',(-2.3,0.5,-0.395));
#2504 = LINE('',#2505,#2506);
#2505 = CARTESIAN_POINT('',(-2.3,0.5,-0.395));
#2506 = VECTOR('',#2507,1.);
#2507 = DIRECTION('',(0.,0.,-1.));
#2508 = ORIENTED_EDGE('',*,*,#2509,.F.);
#2509 = EDGE_CURVE('',#2510,#2502,#2512,.T.);
#2510 = VERTEX_POINT('',#2511);
#2511 = CARTESIAN_POINT('',(-2.34,0.5,-0.395));
#2512 = LINE('',#2513,#2514);
#2513 = CARTESIAN_POINT('',(-2.34,0.5,-0.395));
#2514 = VECTOR('',#2515,1.);
#2515 = DIRECTION('',(1.,0.,0.));
#2516 = ORIENTED_EDGE('',*,*,#2517,.F.);
#2517 = EDGE_CURVE('',#2518,#2510,#2520,.T.);
#2518 = VERTEX_POINT('',#2519);
#2519 = CARTESIAN_POINT('',(-2.74,0.5,-0.395));
#2520 = LINE('',#2521,#2522);
#2521 = CARTESIAN_POINT('',(-2.74,0.5,-0.395));
#2522 = VECTOR('',#2523,1.);
#2523 = DIRECTION('',(1.,0.,0.));
#2524 = ORIENTED_EDGE('',*,*,#2525,.F.);
#2525 = EDGE_CURVE('',#2526,#2518,#2528,.T.);
#2526 = VERTEX_POINT('',#2527);
#2527 = CARTESIAN_POINT('',(-2.78,0.5,-0.395));
#2528 = LINE('',#2529,#2530);
#2529 = CARTESIAN_POINT('',(-2.78,0.5,-0.395));
#2530 = VECTOR('',#2531,1.);
#2531 = DIRECTION('',(1.,0.,0.));
#2532 = ORIENTED_EDGE('',*,*,#2533,.T.);
#2533 = EDGE_CURVE('',#2526,#2534,#2536,.T.);
#2534 = VERTEX_POINT('',#2535);
#2535 = CARTESIAN_POINT('',(-2.78,0.5,-0.875));
#2536 = LINE('',#2537,#2538);
#2537 = CARTESIAN_POINT('',(-2.78,0.5,-0.395));
#2538 = VECTOR('',#2539,1.);
#2539 = DIRECTION('',(0.,0.,-1.));
#2540 = ORIENTED_EDGE('',*,*,#2541,.T.);
#2541 = EDGE_CURVE('',#2534,#2542,#2544,.T.);
#2542 = VERTEX_POINT('',#2543);
#2543 = CARTESIAN_POINT('',(-2.74,0.5,-0.875));
#2544 = LINE('',#2545,#2546);
#2545 = CARTESIAN_POINT('',(-2.78,0.5,-0.875));
#2546 = VECTOR('',#2547,1.);
#2547 = DIRECTION('',(1.,0.,0.));
#2548 = ORIENTED_EDGE('',*,*,#2549,.T.);
#2549 = EDGE_CURVE('',#2542,#2492,#2550,.T.);
#2550 = LINE('',#2551,#2552);
#2551 = CARTESIAN_POINT('',(-2.74,0.5,-0.875));
#2552 = VECTOR('',#2553,1.);
#2553 = DIRECTION('',(1.,0.,0.));
#2554 = FACE_BOUND('',#2555,.F.);
#2555 = EDGE_LOOP('',(#2556,#2566,#2574,#2582,#2590,#2598,#2606,#2614));
#2556 = ORIENTED_EDGE('',*,*,#2557,.T.);
#2557 = EDGE_CURVE('',#2558,#2560,#2562,.T.);
#2558 = VERTEX_POINT('',#2559);
#2559 = CARTESIAN_POINT('',(-2.34,0.5,0.395));
#2560 = VERTEX_POINT('',#2561);
#2561 = CARTESIAN_POINT('',(-2.3,0.5,0.395));
#2562 = LINE('',#2563,#2564);
#2563 = CARTESIAN_POINT('',(-2.34,0.5,0.395));
#2564 = VECTOR('',#2565,1.);
#2565 = DIRECTION('',(1.,0.,0.));
#2566 = ORIENTED_EDGE('',*,*,#2567,.F.);
#2567 = EDGE_CURVE('',#2568,#2560,#2570,.T.);
#2568 = VERTEX_POINT('',#2569);
#2569 = CARTESIAN_POINT('',(-2.3,0.5,0.875));
#2570 = LINE('',#2571,#2572);
#2571 = CARTESIAN_POINT('',(-2.3,0.5,0.875));
#2572 = VECTOR('',#2573,1.);
#2573 = DIRECTION('',(0.,0.,-1.));
#2574 = ORIENTED_EDGE('',*,*,#2575,.F.);
#2575 = EDGE_CURVE('',#2576,#2568,#2578,.T.);
#2576 = VERTEX_POINT('',#2577);
#2577 = CARTESIAN_POINT('',(-2.34,0.5,0.875));
#2578 = LINE('',#2579,#2580);
#2579 = CARTESIAN_POINT('',(-2.34,0.5,0.875));
#2580 = VECTOR('',#2581,1.);
#2581 = DIRECTION('',(1.,0.,0.));
#2582 = ORIENTED_EDGE('',*,*,#2583,.F.);
#2583 = EDGE_CURVE('',#2584,#2576,#2586,.T.);
#2584 = VERTEX_POINT('',#2585);
#2585 = CARTESIAN_POINT('',(-2.74,0.5,0.875));
#2586 = LINE('',#2587,#2588);
#2587 = CARTESIAN_POINT('',(-2.74,0.5,0.875));
#2588 = VECTOR('',#2589,1.);
#2589 = DIRECTION('',(1.,0.,0.));
#2590 = ORIENTED_EDGE('',*,*,#2591,.F.);
#2591 = EDGE_CURVE('',#2592,#2584,#2594,.T.);
#2592 = VERTEX_POINT('',#2593);
#2593 = CARTESIAN_POINT('',(-2.78,0.5,0.875));
#2594 = LINE('',#2595,#2596);
#2595 = CARTESIAN_POINT('',(-2.78,0.5,0.875));
#2596 = VECTOR('',#2597,1.);
#2597 = DIRECTION('',(1.,0.,0.));
#2598 = ORIENTED_EDGE('',*,*,#2599,.T.);
#2599 = EDGE_CURVE('',#2592,#2600,#2602,.T.);
#2600 = VERTEX_POINT('',#2601);
#2601 = CARTESIAN_POINT('',(-2.78,0.5,0.395));
#2602 = LINE('',#2603,#2604);
#2603 = CARTESIAN_POINT('',(-2.78,0.5,0.875));
#2604 = VECTOR('',#2605,1.);
#2605 = DIRECTION('',(0.,0.,-1.));
#2606 = ORIENTED_EDGE('',*,*,#2607,.T.);
#2607 = EDGE_CURVE('',#2600,#2608,#2610,.T.);
#2608 = VERTEX_POINT('',#2609);
#2609 = CARTESIAN_POINT('',(-2.74,0.5,0.395));
#2610 = LINE('',#2611,#2612);
#2611 = CARTESIAN_POINT('',(-2.78,0.5,0.395));
#2612 = VECTOR('',#2613,1.);
#2613 = DIRECTION('',(1.,0.,0.));
#2614 = ORIENTED_EDGE('',*,*,#2615,.T.);
#2615 = EDGE_CURVE('',#2608,#2558,#2616,.T.);
#2616 = LINE('',#2617,#2618);
#2617 = CARTESIAN_POINT('',(-2.74,0.5,0.395));
#2618 = VECTOR('',#2619,1.);
#2619 = DIRECTION('',(1.,0.,0.));
#2620 = PLANE('',#2621);
#2621 = AXIS2_PLACEMENT_3D('',#2622,#2623,#2624);
#2622 = CARTESIAN_POINT('',(-2.99,0.5,-2.55));
#2623 = DIRECTION('',(0.,1.,0.));
#2624 = DIRECTION('',(0.,-0.,1.));
#2625 = ADVANCED_FACE('',(#2626),#2637,.F.);
#2626 = FACE_BOUND('',#2627,.F.);
#2627 = EDGE_LOOP('',(#2628,#2634,#2635,#2636));
#2628 = ORIENTED_EDGE('',*,*,#2629,.T.);
#2629 = EDGE_CURVE('',#1461,#1747,#2630,.T.);
#2630 = LINE('',#2631,#2632);
#2631 = CARTESIAN_POINT('',(-2.09,0.,2.55));
#2632 = VECTOR('',#2633,1.);
#2633 = DIRECTION('',(0.,0.,-1.));
#2634 = ORIENTED_EDGE('',*,*,#1746,.T.);
#2635 = ORIENTED_EDGE('',*,*,#2481,.T.);
#2636 = ORIENTED_EDGE('',*,*,#1468,.F.);
#2637 = PLANE('',#2638);
#2638 = AXIS2_PLACEMENT_3D('',#2639,#2640,#2641);
#2639 = CARTESIAN_POINT('',(-2.09,0.,0.));
#2640 = DIRECTION('',(1.,0.,0.));
#2641 = DIRECTION('',(0.,0.,-1.));
#2642 = ADVANCED_FACE('',(#2643),#2654,.F.);
#2643 = FACE_BOUND('',#2644,.F.);
#2644 = EDGE_LOOP('',(#2645,#2646,#2647,#2653));
#2645 = ORIENTED_EDGE('',*,*,#2629,.F.);
#2646 = ORIENTED_EDGE('',*,*,#1460,.T.);
#2647 = ORIENTED_EDGE('',*,*,#2648,.T.);
#2648 = EDGE_CURVE('',#1453,#1755,#2649,.T.);
#2649 = LINE('',#2650,#2651);
#2650 = CARTESIAN_POINT('',(-1.72,0.,2.55));
#2651 = VECTOR('',#2652,1.);
#2652 = DIRECTION('',(0.,0.,-1.));
#2653 = ORIENTED_EDGE('',*,*,#1754,.T.);
#2654 = PLANE('',#2655);
#2655 = AXIS2_PLACEMENT_3D('',#2656,#2657,#2658);
#2656 = CARTESIAN_POINT('',(0.,0.,0.));
#2657 = DIRECTION('',(0.,1.,0.));
#2658 = DIRECTION('',(1.,0.,0.));
#2659 = ADVANCED_FACE('',(#2660),#2671,.T.);
#2660 = FACE_BOUND('',#2661,.F.);
#2661 = EDGE_LOOP('',(#2662,#2668,#2669,#2670));
#2662 = ORIENTED_EDGE('',*,*,#2663,.F.);
#2663 = EDGE_CURVE('',#1763,#1445,#2664,.T.);
#2664 = LINE('',#2665,#2666);
#2665 = CARTESIAN_POINT('',(-1.72,0.5,-2.55));
#2666 = VECTOR('',#2667,1.);
#2667 = DIRECTION('',(0.,0.,1.));
#2668 = ORIENTED_EDGE('',*,*,#1762,.F.);
#2669 = ORIENTED_EDGE('',*,*,#2648,.F.);
#2670 = ORIENTED_EDGE('',*,*,#1452,.T.);
#2671 = PLANE('',#2672);
#2672 = AXIS2_PLACEMENT_3D('',#2673,#2674,#2675);
#2673 = CARTESIAN_POINT('',(-1.72,0.,0.));
#2674 = DIRECTION('',(1.,0.,0.));
#2675 = DIRECTION('',(0.,0.,-1.));
#2676 = ADVANCED_FACE('',(#2677,#2688,#2754),#2820,.F.);
#2677 = FACE_BOUND('',#2678,.F.);
#2678 = EDGE_LOOP('',(#2679,#2680,#2681,#2687));
#2679 = ORIENTED_EDGE('',*,*,#2663,.T.);
#2680 = ORIENTED_EDGE('',*,*,#1444,.T.);
#2681 = ORIENTED_EDGE('',*,*,#2682,.F.);
#2682 = EDGE_CURVE('',#1771,#1437,#2683,.T.);
#2683 = LINE('',#2684,#2685);
#2684 = CARTESIAN_POINT('',(-0.82,0.5,-2.55));
#2685 = VECTOR('',#2686,1.);
#2686 = DIRECTION('',(0.,0.,1.));
#2687 = ORIENTED_EDGE('',*,*,#1770,.F.);
#2688 = FACE_BOUND('',#2689,.F.);
#2689 = EDGE_LOOP('',(#2690,#2700,#2708,#2716,#2724,#2732,#2740,#2748));
#2690 = ORIENTED_EDGE('',*,*,#2691,.T.);
#2691 = EDGE_CURVE('',#2692,#2694,#2696,.T.);
#2692 = VERTEX_POINT('',#2693);
#2693 = CARTESIAN_POINT('',(-1.07,0.5,-0.875));
#2694 = VERTEX_POINT('',#2695);
#2695 = CARTESIAN_POINT('',(-1.03,0.5,-0.875));
#2696 = LINE('',#2697,#2698);
#2697 = CARTESIAN_POINT('',(-1.07,0.5,-0.875));
#2698 = VECTOR('',#2699,1.);
#2699 = DIRECTION('',(1.,0.,0.));
#2700 = ORIENTED_EDGE('',*,*,#2701,.F.);
#2701 = EDGE_CURVE('',#2702,#2694,#2704,.T.);
#2702 = VERTEX_POINT('',#2703);
#2703 = CARTESIAN_POINT('',(-1.03,0.5,-0.395));
#2704 = LINE('',#2705,#2706);
#2705 = CARTESIAN_POINT('',(-1.03,0.5,-0.395));
#2706 = VECTOR('',#2707,1.);
#2707 = DIRECTION('',(0.,0.,-1.));
#2708 = ORIENTED_EDGE('',*,*,#2709,.F.);
#2709 = EDGE_CURVE('',#2710,#2702,#2712,.T.);
#2710 = VERTEX_POINT('',#2711);
#2711 = CARTESIAN_POINT('',(-1.07,0.5,-0.395));
#2712 = LINE('',#2713,#2714);
#2713 = CARTESIAN_POINT('',(-1.07,0.5,-0.395));
#2714 = VECTOR('',#2715,1.);
#2715 = DIRECTION('',(1.,0.,0.));
#2716 = ORIENTED_EDGE('',*,*,#2717,.F.);
#2717 = EDGE_CURVE('',#2718,#2710,#2720,.T.);
#2718 = VERTEX_POINT('',#2719);
#2719 = CARTESIAN_POINT('',(-1.47,0.5,-0.395));
#2720 = LINE('',#2721,#2722);
#2721 = CARTESIAN_POINT('',(-1.47,0.5,-0.395));
#2722 = VECTOR('',#2723,1.);
#2723 = DIRECTION('',(1.,0.,0.));
#2724 = ORIENTED_EDGE('',*,*,#2725,.F.);
#2725 = EDGE_CURVE('',#2726,#2718,#2728,.T.);
#2726 = VERTEX_POINT('',#2727);
#2727 = CARTESIAN_POINT('',(-1.51,0.5,-0.395));
#2728 = LINE('',#2729,#2730);
#2729 = CARTESIAN_POINT('',(-1.51,0.5,-0.395));
#2730 = VECTOR('',#2731,1.);
#2731 = DIRECTION('',(1.,0.,0.));
#2732 = ORIENTED_EDGE('',*,*,#2733,.T.);
#2733 = EDGE_CURVE('',#2726,#2734,#2736,.T.);
#2734 = VERTEX_POINT('',#2735);
#2735 = CARTESIAN_POINT('',(-1.51,0.5,-0.875));
#2736 = LINE('',#2737,#2738);
#2737 = CARTESIAN_POINT('',(-1.51,0.5,-0.395));
#2738 = VECTOR('',#2739,1.);
#2739 = DIRECTION('',(0.,0.,-1.));
#2740 = ORIENTED_EDGE('',*,*,#2741,.T.);
#2741 = EDGE_CURVE('',#2734,#2742,#2744,.T.);
#2742 = VERTEX_POINT('',#2743);
#2743 = CARTESIAN_POINT('',(-1.47,0.5,-0.875));
#2744 = LINE('',#2745,#2746);
#2745 = CARTESIAN_POINT('',(-1.51,0.5,-0.875));
#2746 = VECTOR('',#2747,1.);
#2747 = DIRECTION('',(1.,0.,0.));
#2748 = ORIENTED_EDGE('',*,*,#2749,.T.);
#2749 = EDGE_CURVE('',#2742,#2692,#2750,.T.);
#2750 = LINE('',#2751,#2752);
#2751 = CARTESIAN_POINT('',(-1.47,0.5,-0.875));
#2752 = VECTOR('',#2753,1.);
#2753 = DIRECTION('',(1.,0.,0.));
#2754 = FACE_BOUND('',#2755,.F.);
#2755 = EDGE_LOOP('',(#2756,#2766,#2774,#2782,#2790,#2798,#2806,#2814));
#2756 = ORIENTED_EDGE('',*,*,#2757,.T.);
#2757 = EDGE_CURVE('',#2758,#2760,#2762,.T.);
#2758 = VERTEX_POINT('',#2759);
#2759 = CARTESIAN_POINT('',(-1.07,0.5,0.395));
#2760 = VERTEX_POINT('',#2761);
#2761 = CARTESIAN_POINT('',(-1.03,0.5,0.395));
#2762 = LINE('',#2763,#2764);
#2763 = CARTESIAN_POINT('',(-1.07,0.5,0.395));
#2764 = VECTOR('',#2765,1.);
#2765 = DIRECTION('',(1.,0.,0.));
#2766 = ORIENTED_EDGE('',*,*,#2767,.F.);
#2767 = EDGE_CURVE('',#2768,#2760,#2770,.T.);
#2768 = VERTEX_POINT('',#2769);
#2769 = CARTESIAN_POINT('',(-1.03,0.5,0.875));
#2770 = LINE('',#2771,#2772);
#2771 = CARTESIAN_POINT('',(-1.03,0.5,0.875));
#2772 = VECTOR('',#2773,1.);
#2773 = DIRECTION('',(0.,0.,-1.));
#2774 = ORIENTED_EDGE('',*,*,#2775,.F.);
#2775 = EDGE_CURVE('',#2776,#2768,#2778,.T.);
#2776 = VERTEX_POINT('',#2777);
#2777 = CARTESIAN_POINT('',(-1.07,0.5,0.875));
#2778 = LINE('',#2779,#2780);
#2779 = CARTESIAN_POINT('',(-1.07,0.5,0.875));
#2780 = VECTOR('',#2781,1.);
#2781 = DIRECTION('',(1.,0.,0.));
#2782 = ORIENTED_EDGE('',*,*,#2783,.F.);
#2783 = EDGE_CURVE('',#2784,#2776,#2786,.T.);
#2784 = VERTEX_POINT('',#2785);
#2785 = CARTESIAN_POINT('',(-1.47,0.5,0.875));
#2786 = LINE('',#2787,#2788);
#2787 = CARTESIAN_POINT('',(-1.47,0.5,0.875));
#2788 = VECTOR('',#2789,1.);
#2789 = DIRECTION('',(1.,0.,0.));
#2790 = ORIENTED_EDGE('',*,*,#2791,.F.);
#2791 = EDGE_CURVE('',#2792,#2784,#2794,.T.);
#2792 = VERTEX_POINT('',#2793);
#2793 = CARTESIAN_POINT('',(-1.51,0.5,0.875));
#2794 = LINE('',#2795,#2796);
#2795 = CARTESIAN_POINT('',(-1.51,0.5,0.875));
#2796 = VECTOR('',#2797,1.);
#2797 = DIRECTION('',(1.,0.,0.));
#2798 = ORIENTED_EDGE('',*,*,#2799,.T.);
#2799 = EDGE_CURVE('',#2792,#2800,#2802,.T.);
#2800 = VERTEX_POINT('',#2801);
#2801 = CARTESIAN_POINT('',(-1.51,0.5,0.395));
#2802 = LINE('',#2803,#2804);
#2803 = CARTESIAN_POINT('',(-1.51,0.5,0.875));
#2804 = VECTOR('',#2805,1.);
#2805 = DIRECTION('',(0.,0.,-1.));
#2806 = ORIENTED_EDGE('',*,*,#2807,.T.);
#2807 = EDGE_CURVE('',#2800,#2808,#2810,.T.);
#2808 = VERTEX_POINT('',#2809);
#2809 = CARTESIAN_POINT('',(-1.47,0.5,0.395));
#2810 = LINE('',#2811,#2812);
#2811 = CARTESIAN_POINT('',(-1.51,0.5,0.395));
#2812 = VECTOR('',#2813,1.);
#2813 = DIRECTION('',(1.,0.,0.));
#2814 = ORIENTED_EDGE('',*,*,#2815,.T.);
#2815 = EDGE_CURVE('',#2808,#2758,#2816,.T.);
#2816 = LINE('',#2817,#2818);
#2817 = CARTESIAN_POINT('',(-1.47,0.5,0.395));
#2818 = VECTOR('',#2819,1.);
#2819 = DIRECTION('',(1.,0.,0.));
#2820 = PLANE('',#2821);
#2821 = AXIS2_PLACEMENT_3D('',#2822,#2823,#2824);
#2822 = CARTESIAN_POINT('',(-1.72,0.5,-2.55));
#2823 = DIRECTION('',(0.,1.,0.));
#2824 = DIRECTION('',(0.,-0.,1.));
#2825 = ADVANCED_FACE('',(#2826),#2837,.F.);
#2826 = FACE_BOUND('',#2827,.F.);
#2827 = EDGE_LOOP('',(#2828,#2829,#2830,#2836));
#2828 = ORIENTED_EDGE('',*,*,#2682,.T.);
#2829 = ORIENTED_EDGE('',*,*,#1436,.F.);
#2830 = ORIENTED_EDGE('',*,*,#2831,.T.);
#2831 = EDGE_CURVE('',#1429,#1779,#2832,.T.);
#2832 = LINE('',#2833,#2834);
#2833 = CARTESIAN_POINT('',(-0.82,0.,2.55));
#2834 = VECTOR('',#2835,1.);
#2835 = DIRECTION('',(0.,0.,-1.));
#2836 = ORIENTED_EDGE('',*,*,#1778,.T.);
#2837 = PLANE('',#2838);
#2838 = AXIS2_PLACEMENT_3D('',#2839,#2840,#2841);
#2839 = CARTESIAN_POINT('',(-0.82,0.,0.));
#2840 = DIRECTION('',(1.,0.,0.));
#2841 = DIRECTION('',(0.,0.,-1.));
#2842 = ADVANCED_FACE('',(#2843),#2854,.F.);
#2843 = FACE_BOUND('',#2844,.F.);
#2844 = EDGE_LOOP('',(#2845,#2846,#2847,#2853));
#2845 = ORIENTED_EDGE('',*,*,#2831,.F.);
#2846 = ORIENTED_EDGE('',*,*,#1428,.T.);
#2847 = ORIENTED_EDGE('',*,*,#2848,.T.);
#2848 = EDGE_CURVE('',#1421,#1787,#2849,.T.);
#2849 = LINE('',#2850,#2851);
#2850 = CARTESIAN_POINT('',(-0.45,0.,2.55));
#2851 = VECTOR('',#2852,1.);
#2852 = DIRECTION('',(0.,0.,-1.));
#2853 = ORIENTED_EDGE('',*,*,#1786,.T.);
#2854 = PLANE('',#2855);
#2855 = AXIS2_PLACEMENT_3D('',#2856,#2857,#2858);
#2856 = CARTESIAN_POINT('',(0.,0.,0.));
#2857 = DIRECTION('',(0.,1.,0.));
#2858 = DIRECTION('',(1.,0.,0.));
#2859 = ADVANCED_FACE('',(#2860),#2871,.T.);
#2860 = FACE_BOUND('',#2861,.F.);
#2861 = EDGE_LOOP('',(#2862,#2868,#2869,#2870));
#2862 = ORIENTED_EDGE('',*,*,#2863,.F.);
#2863 = EDGE_CURVE('',#1795,#1413,#2864,.T.);
#2864 = LINE('',#2865,#2866);
#2865 = CARTESIAN_POINT('',(-0.45,0.5,-2.55));
#2866 = VECTOR('',#2867,1.);
#2867 = DIRECTION('',(0.,0.,1.));
#2868 = ORIENTED_EDGE('',*,*,#1794,.F.);
#2869 = ORIENTED_EDGE('',*,*,#2848,.F.);
#2870 = ORIENTED_EDGE('',*,*,#1420,.T.);
#2871 = PLANE('',#2872);
#2872 = AXIS2_PLACEMENT_3D('',#2873,#2874,#2875);
#2873 = CARTESIAN_POINT('',(-0.45,0.,0.));
#2874 = DIRECTION('',(1.,0.,0.));
#2875 = DIRECTION('',(0.,0.,-1.));
#2876 = ADVANCED_FACE('',(#2877,#2888,#2954),#3020,.F.);
#2877 = FACE_BOUND('',#2878,.F.);
#2878 = EDGE_LOOP('',(#2879,#2880,#2881,#2887));
#2879 = ORIENTED_EDGE('',*,*,#2863,.T.);
#2880 = ORIENTED_EDGE('',*,*,#1412,.T.);
#2881 = ORIENTED_EDGE('',*,*,#2882,.F.);
#2882 = EDGE_CURVE('',#1803,#1405,#2883,.T.);
#2883 = LINE('',#2884,#2885);
#2884 = CARTESIAN_POINT('',(0.45,0.5,-2.55));
#2885 = VECTOR('',#2886,1.);
#2886 = DIRECTION('',(0.,0.,1.));
#2887 = ORIENTED_EDGE('',*,*,#1802,.F.);
#2888 = FACE_BOUND('',#2889,.F.);
#2889 = EDGE_LOOP('',(#2890,#2900,#2908,#2916,#2924,#2932,#2940,#2948));
#2890 = ORIENTED_EDGE('',*,*,#2891,.T.);
#2891 = EDGE_CURVE('',#2892,#2894,#2896,.T.);
#2892 = VERTEX_POINT('',#2893);
#2893 = CARTESIAN_POINT('',(0.2,0.5,-0.875));
#2894 = VERTEX_POINT('',#2895);
#2895 = CARTESIAN_POINT('',(0.24,0.5,-0.875));
#2896 = LINE('',#2897,#2898);
#2897 = CARTESIAN_POINT('',(0.2,0.5,-0.875));
#2898 = VECTOR('',#2899,1.);
#2899 = DIRECTION('',(1.,0.,0.));
#2900 = ORIENTED_EDGE('',*,*,#2901,.F.);
#2901 = EDGE_CURVE('',#2902,#2894,#2904,.T.);
#2902 = VERTEX_POINT('',#2903);
#2903 = CARTESIAN_POINT('',(0.24,0.5,-0.395));
#2904 = LINE('',#2905,#2906);
#2905 = CARTESIAN_POINT('',(0.24,0.5,-0.395));
#2906 = VECTOR('',#2907,1.);
#2907 = DIRECTION('',(0.,0.,-1.));
#2908 = ORIENTED_EDGE('',*,*,#2909,.F.);
#2909 = EDGE_CURVE('',#2910,#2902,#2912,.T.);
#2910 = VERTEX_POINT('',#2911);
#2911 = CARTESIAN_POINT('',(0.2,0.5,-0.395));
#2912 = LINE('',#2913,#2914);
#2913 = CARTESIAN_POINT('',(0.2,0.5,-0.395));
#2914 = VECTOR('',#2915,1.);
#2915 = DIRECTION('',(1.,0.,0.));
#2916 = ORIENTED_EDGE('',*,*,#2917,.F.);
#2917 = EDGE_CURVE('',#2918,#2910,#2920,.T.);
#2918 = VERTEX_POINT('',#2919);
#2919 = CARTESIAN_POINT('',(-0.2,0.5,-0.395));
#2920 = LINE('',#2921,#2922);
#2921 = CARTESIAN_POINT('',(-0.2,0.5,-0.395));
#2922 = VECTOR('',#2923,1.);
#2923 = DIRECTION('',(1.,0.,0.));
#2924 = ORIENTED_EDGE('',*,*,#2925,.F.);
#2925 = EDGE_CURVE('',#2926,#2918,#2928,.T.);
#2926 = VERTEX_POINT('',#2927);
#2927 = CARTESIAN_POINT('',(-0.24,0.5,-0.395));
#2928 = LINE('',#2929,#2930);
#2929 = CARTESIAN_POINT('',(-0.24,0.5,-0.395));
#2930 = VECTOR('',#2931,1.);
#2931 = DIRECTION('',(1.,0.,0.));
#2932 = ORIENTED_EDGE('',*,*,#2933,.T.);
#2933 = EDGE_CURVE('',#2926,#2934,#2936,.T.);
#2934 = VERTEX_POINT('',#2935);
#2935 = CARTESIAN_POINT('',(-0.24,0.5,-0.875));
#2936 = LINE('',#2937,#2938);
#2937 = CARTESIAN_POINT('',(-0.24,0.5,-0.395));
#2938 = VECTOR('',#2939,1.);
#2939 = DIRECTION('',(0.,0.,-1.));
#2940 = ORIENTED_EDGE('',*,*,#2941,.T.);
#2941 = EDGE_CURVE('',#2934,#2942,#2944,.T.);
#2942 = VERTEX_POINT('',#2943);
#2943 = CARTESIAN_POINT('',(-0.2,0.5,-0.875));
#2944 = LINE('',#2945,#2946);
#2945 = CARTESIAN_POINT('',(-0.24,0.5,-0.875));
#2946 = VECTOR('',#2947,1.);
#2947 = DIRECTION('',(1.,0.,0.));
#2948 = ORIENTED_EDGE('',*,*,#2949,.T.);
#2949 = EDGE_CURVE('',#2942,#2892,#2950,.T.);
#2950 = LINE('',#2951,#2952);
#2951 = CARTESIAN_POINT('',(-0.2,0.5,-0.875));
#2952 = VECTOR('',#2953,1.);
#2953 = DIRECTION('',(1.,0.,0.));
#2954 = FACE_BOUND('',#2955,.F.);
#2955 = EDGE_LOOP('',(#2956,#2966,#2974,#2982,#2990,#2998,#3006,#3014));
#2956 = ORIENTED_EDGE('',*,*,#2957,.T.);
#2957 = EDGE_CURVE('',#2958,#2960,#2962,.T.);
#2958 = VERTEX_POINT('',#2959);
#2959 = CARTESIAN_POINT('',(0.2,0.5,0.395));
#2960 = VERTEX_POINT('',#2961);
#2961 = CARTESIAN_POINT('',(0.24,0.5,0.395));
#2962 = LINE('',#2963,#2964);
#2963 = CARTESIAN_POINT('',(0.2,0.5,0.395));
#2964 = VECTOR('',#2965,1.);
#2965 = DIRECTION('',(1.,0.,0.));
#2966 = ORIENTED_EDGE('',*,*,#2967,.F.);
#2967 = EDGE_CURVE('',#2968,#2960,#2970,.T.);
#2968 = VERTEX_POINT('',#2969);
#2969 = CARTESIAN_POINT('',(0.24,0.5,0.875));
#2970 = LINE('',#2971,#2972);
#2971 = CARTESIAN_POINT('',(0.24,0.5,0.875));
#2972 = VECTOR('',#2973,1.);
#2973 = DIRECTION('',(0.,0.,-1.));
#2974 = ORIENTED_EDGE('',*,*,#2975,.F.);
#2975 = EDGE_CURVE('',#2976,#2968,#2978,.T.);
#2976 = VERTEX_POINT('',#2977);
#2977 = CARTESIAN_POINT('',(0.2,0.5,0.875));
#2978 = LINE('',#2979,#2980);
#2979 = CARTESIAN_POINT('',(0.2,0.5,0.875));
#2980 = VECTOR('',#2981,1.);
#2981 = DIRECTION('',(1.,0.,0.));
#2982 = ORIENTED_EDGE('',*,*,#2983,.F.);
#2983 = EDGE_CURVE('',#2984,#2976,#2986,.T.);
#2984 = VERTEX_POINT('',#2985);
#2985 = CARTESIAN_POINT('',(-0.2,0.5,0.875));
#2986 = LINE('',#2987,#2988);
#2987 = CARTESIAN_POINT('',(-0.2,0.5,0.875));
#2988 = VECTOR('',#2989,1.);
#2989 = DIRECTION('',(1.,0.,0.));
#2990 = ORIENTED_EDGE('',*,*,#2991,.F.);
#2991 = EDGE_CURVE('',#2992,#2984,#2994,.T.);
#2992 = VERTEX_POINT('',#2993);
#2993 = CARTESIAN_POINT('',(-0.24,0.5,0.875));
#2994 = LINE('',#2995,#2996);
#2995 = CARTESIAN_POINT('',(-0.24,0.5,0.875));
#2996 = VECTOR('',#2997,1.);
#2997 = DIRECTION('',(1.,0.,0.));
#2998 = ORIENTED_EDGE('',*,*,#2999,.T.);
#2999 = EDGE_CURVE('',#2992,#3000,#3002,.T.);
#3000 = VERTEX_POINT('',#3001);
#3001 = CARTESIAN_POINT('',(-0.24,0.5,0.395));
#3002 = LINE('',#3003,#3004);
#3003 = CARTESIAN_POINT('',(-0.24,0.5,0.875));
#3004 = VECTOR('',#3005,1.);
#3005 = DIRECTION('',(0.,0.,-1.));
#3006 = ORIENTED_EDGE('',*,*,#3007,.T.);
#3007 = EDGE_CURVE('',#3000,#3008,#3010,.T.);
#3008 = VERTEX_POINT('',#3009);
#3009 = CARTESIAN_POINT('',(-0.2,0.5,0.395));
#3010 = LINE('',#3011,#3012);
#3011 = CARTESIAN_POINT('',(-0.24,0.5,0.395));
#3012 = VECTOR('',#3013,1.);
#3013 = DIRECTION('',(1.,0.,0.));
#3014 = ORIENTED_EDGE('',*,*,#3015,.T.);
#3015 = EDGE_CURVE('',#3008,#2958,#3016,.T.);
#3016 = LINE('',#3017,#3018);
#3017 = CARTESIAN_POINT('',(-0.2,0.5,0.395));
#3018 = VECTOR('',#3019,1.);
#3019 = DIRECTION('',(1.,0.,0.));
#3020 = PLANE('',#3021);
#3021 = AXIS2_PLACEMENT_3D('',#3022,#3023,#3024);
#3022 = CARTESIAN_POINT('',(-0.45,0.5,-2.55));
#3023 = DIRECTION('',(0.,1.,0.));
#3024 = DIRECTION('',(0.,-0.,1.));
#3025 = ADVANCED_FACE('',(#3026),#3037,.F.);
#3026 = FACE_BOUND('',#3027,.F.);
#3027 = EDGE_LOOP('',(#3028,#3029,#3030,#3036));
#3028 = ORIENTED_EDGE('',*,*,#2882,.T.);
#3029 = ORIENTED_EDGE('',*,*,#1404,.F.);
#3030 = ORIENTED_EDGE('',*,*,#3031,.T.);
#3031 = EDGE_CURVE('',#1397,#1811,#3032,.T.);
#3032 = LINE('',#3033,#3034);
#3033 = CARTESIAN_POINT('',(0.45,0.,2.55));
#3034 = VECTOR('',#3035,1.);
#3035 = DIRECTION('',(0.,0.,-1.));
#3036 = ORIENTED_EDGE('',*,*,#1810,.T.);
#3037 = PLANE('',#3038);
#3038 = AXIS2_PLACEMENT_3D('',#3039,#3040,#3041);
#3039 = CARTESIAN_POINT('',(0.45,0.,0.));
#3040 = DIRECTION('',(1.,0.,0.));
#3041 = DIRECTION('',(0.,0.,-1.));
#3042 = ADVANCED_FACE('',(#3043),#3054,.F.);
#3043 = FACE_BOUND('',#3044,.F.);
#3044 = EDGE_LOOP('',(#3045,#3046,#3047,#3053));
#3045 = ORIENTED_EDGE('',*,*,#3031,.F.);
#3046 = ORIENTED_EDGE('',*,*,#1396,.T.);
#3047 = ORIENTED_EDGE('',*,*,#3048,.T.);
#3048 = EDGE_CURVE('',#1389,#1819,#3049,.T.);
#3049 = LINE('',#3050,#3051);
#3050 = CARTESIAN_POINT('',(0.82,0.,2.55));
#3051 = VECTOR('',#3052,1.);
#3052 = DIRECTION('',(0.,0.,-1.));
#3053 = ORIENTED_EDGE('',*,*,#1818,.T.);
#3054 = PLANE('',#3055);
#3055 = AXIS2_PLACEMENT_3D('',#3056,#3057,#3058);
#3056 = CARTESIAN_POINT('',(0.,0.,0.));
#3057 = DIRECTION('',(0.,1.,0.));
#3058 = DIRECTION('',(1.,0.,0.));
#3059 = ADVANCED_FACE('',(#3060),#3071,.T.);
#3060 = FACE_BOUND('',#3061,.F.);
#3061 = EDGE_LOOP('',(#3062,#3068,#3069,#3070));
#3062 = ORIENTED_EDGE('',*,*,#3063,.F.);
#3063 = EDGE_CURVE('',#1827,#1381,#3064,.T.);
#3064 = LINE('',#3065,#3066);
#3065 = CARTESIAN_POINT('',(0.82,0.5,-2.55));
#3066 = VECTOR('',#3067,1.);
#3067 = DIRECTION('',(0.,0.,1.));
#3068 = ORIENTED_EDGE('',*,*,#1826,.F.);
#3069 = ORIENTED_EDGE('',*,*,#3048,.F.);
#3070 = ORIENTED_EDGE('',*,*,#1388,.T.);
#3071 = PLANE('',#3072);
#3072 = AXIS2_PLACEMENT_3D('',#3073,#3074,#3075);
#3073 = CARTESIAN_POINT('',(0.82,0.,0.));
#3074 = DIRECTION('',(1.,0.,0.));
#3075 = DIRECTION('',(0.,0.,-1.));
#3076 = ADVANCED_FACE('',(#3077,#3088,#3154),#3220,.F.);
#3077 = FACE_BOUND('',#3078,.F.);
#3078 = EDGE_LOOP('',(#3079,#3080,#3081,#3087));
#3079 = ORIENTED_EDGE('',*,*,#3063,.T.);
#3080 = ORIENTED_EDGE('',*,*,#1380,.T.);
#3081 = ORIENTED_EDGE('',*,*,#3082,.F.);
#3082 = EDGE_CURVE('',#1835,#1373,#3083,.T.);
#3083 = LINE('',#3084,#3085);
#3084 = CARTESIAN_POINT('',(1.72,0.5,-2.55));
#3085 = VECTOR('',#3086,1.);
#3086 = DIRECTION('',(0.,0.,1.));
#3087 = ORIENTED_EDGE('',*,*,#1834,.F.);
#3088 = FACE_BOUND('',#3089,.F.);
#3089 = EDGE_LOOP('',(#3090,#3100,#3108,#3116,#3124,#3132,#3140,#3148));
#3090 = ORIENTED_EDGE('',*,*,#3091,.T.);
#3091 = EDGE_CURVE('',#3092,#3094,#3096,.T.);
#3092 = VERTEX_POINT('',#3093);
#3093 = CARTESIAN_POINT('',(1.47,0.5,-0.875));
#3094 = VERTEX_POINT('',#3095);
#3095 = CARTESIAN_POINT('',(1.51,0.5,-0.875));
#3096 = LINE('',#3097,#3098);
#3097 = CARTESIAN_POINT('',(1.47,0.5,-0.875));
#3098 = VECTOR('',#3099,1.);
#3099 = DIRECTION('',(1.,0.,0.));
#3100 = ORIENTED_EDGE('',*,*,#3101,.F.);
#3101 = EDGE_CURVE('',#3102,#3094,#3104,.T.);
#3102 = VERTEX_POINT('',#3103);
#3103 = CARTESIAN_POINT('',(1.51,0.5,-0.395));
#3104 = LINE('',#3105,#3106);
#3105 = CARTESIAN_POINT('',(1.51,0.5,-0.395));
#3106 = VECTOR('',#3107,1.);
#3107 = DIRECTION('',(0.,0.,-1.));
#3108 = ORIENTED_EDGE('',*,*,#3109,.F.);
#3109 = EDGE_CURVE('',#3110,#3102,#3112,.T.);
#3110 = VERTEX_POINT('',#3111);
#3111 = CARTESIAN_POINT('',(1.47,0.5,-0.395));
#3112 = LINE('',#3113,#3114);
#3113 = CARTESIAN_POINT('',(1.47,0.5,-0.395));
#3114 = VECTOR('',#3115,1.);
#3115 = DIRECTION('',(1.,0.,0.));
#3116 = ORIENTED_EDGE('',*,*,#3117,.F.);
#3117 = EDGE_CURVE('',#3118,#3110,#3120,.T.);
#3118 = VERTEX_POINT('',#3119);
#3119 = CARTESIAN_POINT('',(1.07,0.5,-0.395));
#3120 = LINE('',#3121,#3122);
#3121 = CARTESIAN_POINT('',(1.07,0.5,-0.395));
#3122 = VECTOR('',#3123,1.);
#3123 = DIRECTION('',(1.,0.,0.));
#3124 = ORIENTED_EDGE('',*,*,#3125,.F.);
#3125 = EDGE_CURVE('',#3126,#3118,#3128,.T.);
#3126 = VERTEX_POINT('',#3127);
#3127 = CARTESIAN_POINT('',(1.03,0.5,-0.395));
#3128 = LINE('',#3129,#3130);
#3129 = CARTESIAN_POINT('',(1.03,0.5,-0.395));
#3130 = VECTOR('',#3131,1.);
#3131 = DIRECTION('',(1.,0.,0.));
#3132 = ORIENTED_EDGE('',*,*,#3133,.T.);
#3133 = EDGE_CURVE('',#3126,#3134,#3136,.T.);
#3134 = VERTEX_POINT('',#3135);
#3135 = CARTESIAN_POINT('',(1.03,0.5,-0.875));
#3136 = LINE('',#3137,#3138);
#3137 = CARTESIAN_POINT('',(1.03,0.5,-0.395));
#3138 = VECTOR('',#3139,1.);
#3139 = DIRECTION('',(0.,0.,-1.));
#3140 = ORIENTED_EDGE('',*,*,#3141,.T.);
#3141 = EDGE_CURVE('',#3134,#3142,#3144,.T.);
#3142 = VERTEX_POINT('',#3143);
#3143 = CARTESIAN_POINT('',(1.07,0.5,-0.875));
#3144 = LINE('',#3145,#3146);
#3145 = CARTESIAN_POINT('',(1.03,0.5,-0.875));
#3146 = VECTOR('',#3147,1.);
#3147 = DIRECTION('',(1.,0.,0.));
#3148 = ORIENTED_EDGE('',*,*,#3149,.T.);
#3149 = EDGE_CURVE('',#3142,#3092,#3150,.T.);
#3150 = LINE('',#3151,#3152);
#3151 = CARTESIAN_POINT('',(1.07,0.5,-0.875));
#3152 = VECTOR('',#3153,1.);
#3153 = DIRECTION('',(1.,0.,0.));
#3154 = FACE_BOUND('',#3155,.F.);
#3155 = EDGE_LOOP('',(#3156,#3166,#3174,#3182,#3190,#3198,#3206,#3214));
#3156 = ORIENTED_EDGE('',*,*,#3157,.T.);
#3157 = EDGE_CURVE('',#3158,#3160,#3162,.T.);
#3158 = VERTEX_POINT('',#3159);
#3159 = CARTESIAN_POINT('',(1.47,0.5,0.395));
#3160 = VERTEX_POINT('',#3161);
#3161 = CARTESIAN_POINT('',(1.51,0.5,0.395));
#3162 = LINE('',#3163,#3164);
#3163 = CARTESIAN_POINT('',(1.47,0.5,0.395));
#3164 = VECTOR('',#3165,1.);
#3165 = DIRECTION('',(1.,0.,0.));
#3166 = ORIENTED_EDGE('',*,*,#3167,.F.);
#3167 = EDGE_CURVE('',#3168,#3160,#3170,.T.);
#3168 = VERTEX_POINT('',#3169);
#3169 = CARTESIAN_POINT('',(1.51,0.5,0.875));
#3170 = LINE('',#3171,#3172);
#3171 = CARTESIAN_POINT('',(1.51,0.5,0.875));
#3172 = VECTOR('',#3173,1.);
#3173 = DIRECTION('',(0.,0.,-1.));
#3174 = ORIENTED_EDGE('',*,*,#3175,.F.);
#3175 = EDGE_CURVE('',#3176,#3168,#3178,.T.);
#3176 = VERTEX_POINT('',#3177);
#3177 = CARTESIAN_POINT('',(1.47,0.5,0.875));
#3178 = LINE('',#3179,#3180);
#3179 = CARTESIAN_POINT('',(1.47,0.5,0.875));
#3180 = VECTOR('',#3181,1.);
#3181 = DIRECTION('',(1.,0.,0.));
#3182 = ORIENTED_EDGE('',*,*,#3183,.F.);
#3183 = EDGE_CURVE('',#3184,#3176,#3186,.T.);
#3184 = VERTEX_POINT('',#3185);
#3185 = CARTESIAN_POINT('',(1.07,0.5,0.875));
#3186 = LINE('',#3187,#3188);
#3187 = CARTESIAN_POINT('',(1.07,0.5,0.875));
#3188 = VECTOR('',#3189,1.);
#3189 = DIRECTION('',(1.,0.,0.));
#3190 = ORIENTED_EDGE('',*,*,#3191,.F.);
#3191 = EDGE_CURVE('',#3192,#3184,#3194,.T.);
#3192 = VERTEX_POINT('',#3193);
#3193 = CARTESIAN_POINT('',(1.03,0.5,0.875));
#3194 = LINE('',#3195,#3196);
#3195 = CARTESIAN_POINT('',(1.03,0.5,0.875));
#3196 = VECTOR('',#3197,1.);
#3197 = DIRECTION('',(1.,0.,0.));
#3198 = ORIENTED_EDGE('',*,*,#3199,.T.);
#3199 = EDGE_CURVE('',#3192,#3200,#3202,.T.);
#3200 = VERTEX_POINT('',#3201);
#3201 = CARTESIAN_POINT('',(1.03,0.5,0.395));
#3202 = LINE('',#3203,#3204);
#3203 = CARTESIAN_POINT('',(1.03,0.5,0.875));
#3204 = VECTOR('',#3205,1.);
#3205 = DIRECTION('',(0.,0.,-1.));
#3206 = ORIENTED_EDGE('',*,*,#3207,.T.);
#3207 = EDGE_CURVE('',#3200,#3208,#3210,.T.);
#3208 = VERTEX_POINT('',#3209);
#3209 = CARTESIAN_POINT('',(1.07,0.5,0.395));
#3210 = LINE('',#3211,#3212);
#3211 = CARTESIAN_POINT('',(1.03,0.5,0.395));
#3212 = VECTOR('',#3213,1.);
#3213 = DIRECTION('',(1.,0.,0.));
#3214 = ORIENTED_EDGE('',*,*,#3215,.T.);
#3215 = EDGE_CURVE('',#3208,#3158,#3216,.T.);
#3216 = LINE('',#3217,#3218);
#3217 = CARTESIAN_POINT('',(1.07,0.5,0.395));
#3218 = VECTOR('',#3219,1.);
#3219 = DIRECTION('',(1.,0.,0.));
#3220 = PLANE('',#3221);
#3221 = AXIS2_PLACEMENT_3D('',#3222,#3223,#3224);
#3222 = CARTESIAN_POINT('',(0.82,0.5,-2.55));
#3223 = DIRECTION('',(0.,1.,0.));
#3224 = DIRECTION('',(0.,-0.,1.));
#3225 = ADVANCED_FACE('',(#3226),#3237,.F.);
#3226 = FACE_BOUND('',#3227,.F.);
#3227 = EDGE_LOOP('',(#3228,#3229,#3230,#3236));
#3228 = ORIENTED_EDGE('',*,*,#3082,.T.);
#3229 = ORIENTED_EDGE('',*,*,#1372,.F.);
#3230 = ORIENTED_EDGE('',*,*,#3231,.T.);
#3231 = EDGE_CURVE('',#1365,#1843,#3232,.T.);
#3232 = LINE('',#3233,#3234);
#3233 = CARTESIAN_POINT('',(1.72,0.,2.55));
#3234 = VECTOR('',#3235,1.);
#3235 = DIRECTION('',(0.,0.,-1.));
#3236 = ORIENTED_EDGE('',*,*,#1842,.T.);
#3237 = PLANE('',#3238);
#3238 = AXIS2_PLACEMENT_3D('',#3239,#3240,#3241);
#3239 = CARTESIAN_POINT('',(1.72,0.,0.));
#3240 = DIRECTION('',(1.,0.,0.));
#3241 = DIRECTION('',(0.,0.,-1.));
#3242 = ADVANCED_FACE('',(#3243),#3254,.F.);
#3243 = FACE_BOUND('',#3244,.F.);
#3244 = EDGE_LOOP('',(#3245,#3246,#3247,#3253));
#3245 = ORIENTED_EDGE('',*,*,#3231,.F.);
#3246 = ORIENTED_EDGE('',*,*,#1364,.T.);
#3247 = ORIENTED_EDGE('',*,*,#3248,.T.);
#3248 = EDGE_CURVE('',#1357,#1851,#3249,.T.);
#3249 = LINE('',#3250,#3251);
#3250 = CARTESIAN_POINT('',(5.055,0.,2.55));
#3251 = VECTOR('',#3252,1.);
#3252 = DIRECTION('',(0.,0.,-1.));
#3253 = ORIENTED_EDGE('',*,*,#1850,.T.);
#3254 = PLANE('',#3255);
#3255 = AXIS2_PLACEMENT_3D('',#3256,#3257,#3258);
#3256 = CARTESIAN_POINT('',(0.,0.,0.));
#3257 = DIRECTION('',(0.,1.,0.));
#3258 = DIRECTION('',(1.,0.,0.));
#3259 = ADVANCED_FACE('',(#3260),#3266,.T.);
#3260 = FACE_BOUND('',#3261,.F.);
#3261 = EDGE_LOOP('',(#3262,#3263,#3264,#3265));
#3262 = ORIENTED_EDGE('',*,*,#3248,.F.);
#3263 = ORIENTED_EDGE('',*,*,#1356,.T.);
#3264 = ORIENTED_EDGE('',*,*,#1254,.T.);
#3265 = ORIENTED_EDGE('',*,*,#1858,.F.);
#3266 = PLANE('',#3267);
#3267 = AXIS2_PLACEMENT_3D('',#3268,#3269,#3270);
#3268 = CARTESIAN_POINT('',(5.055,0.,2.55));
#3269 = DIRECTION('',(1.,0.,0.));
#3270 = DIRECTION('',(0.,0.,-1.));
#3271 = ADVANCED_FACE('',(#3272),#3288,.F.);
#3272 = FACE_BOUND('',#3273,.F.);
#3273 = EDGE_LOOP('',(#3274,#3280,#3281,#3287));
#3274 = ORIENTED_EDGE('',*,*,#3275,.T.);
#3275 = EDGE_CURVE('',#3092,#138,#3276,.T.);
#3276 = LINE('',#3277,#3278);
#3277 = CARTESIAN_POINT('',(1.47,0.5,-0.875));
#3278 = VECTOR('',#3279,1.);
#3279 = DIRECTION('',(0.,1.,0.));
#3280 = ORIENTED_EDGE('',*,*,#137,.T.);
#3281 = ORIENTED_EDGE('',*,*,#3282,.F.);
#3282 = EDGE_CURVE('',#3094,#130,#3283,.T.);
#3283 = LINE('',#3284,#3285);
#3284 = CARTESIAN_POINT('',(1.51,0.5,-0.875));
#3285 = VECTOR('',#3286,1.);
#3286 = DIRECTION('',(0.,1.,0.));
#3287 = ORIENTED_EDGE('',*,*,#3091,.F.);
#3288 = PLANE('',#3289);
#3289 = AXIS2_PLACEMENT_3D('',#3290,#3291,#3292);
#3290 = CARTESIAN_POINT('',(1.03,0.,-0.875));
#3291 = DIRECTION('',(0.,0.,-1.));
#3292 = DIRECTION('',(0.,1.,0.));
#3293 = ADVANCED_FACE('',(#3294),#3381,.T.);
#3294 = FACE_BOUND('',#3295,.F.);
#3295 = EDGE_LOOP('',(#3296,#3302,#3310,#3318,#3324,#3325,#3333,#3342,
    #3350,#3358,#3366,#3375));
#3296 = ORIENTED_EDGE('',*,*,#3297,.F.);
#3297 = EDGE_CURVE('',#114,#3110,#3298,.T.);
#3298 = LINE('',#3299,#3300);
#3299 = CARTESIAN_POINT('',(1.47,2.,-0.395));
#3300 = VECTOR('',#3301,1.);
#3301 = DIRECTION('',(0.,-1.,0.));
#3302 = ORIENTED_EDGE('',*,*,#3303,.F.);
#3303 = EDGE_CURVE('',#3304,#114,#3306,.T.);
#3304 = VERTEX_POINT('',#3305);
#3305 = CARTESIAN_POINT('',(1.47,5.26,-0.395));
#3306 = LINE('',#3307,#3308);
#3307 = CARTESIAN_POINT('',(1.47,5.26,-0.395));
#3308 = VECTOR('',#3309,1.);
#3309 = DIRECTION('',(0.,-1.,0.));
#3310 = ORIENTED_EDGE('',*,*,#3311,.F.);
#3311 = EDGE_CURVE('',#3312,#3304,#3314,.T.);
#3312 = VERTEX_POINT('',#3313);
#3313 = CARTESIAN_POINT('',(1.47,5.26,-0.875));
#3314 = LINE('',#3315,#3316);
#3315 = CARTESIAN_POINT('',(1.47,5.26,-0.875));
#3316 = VECTOR('',#3317,1.);
#3317 = DIRECTION('',(0.,0.,1.));
#3318 = ORIENTED_EDGE('',*,*,#3319,.F.);
#3319 = EDGE_CURVE('',#138,#3312,#3320,.T.);
#3320 = LINE('',#3321,#3322);
#3321 = CARTESIAN_POINT('',(1.47,2.,-0.875));
#3322 = VECTOR('',#3323,1.);
#3323 = DIRECTION('',(0.,1.,0.));
#3324 = ORIENTED_EDGE('',*,*,#3275,.F.);
#3325 = ORIENTED_EDGE('',*,*,#3326,.F.);
#3326 = EDGE_CURVE('',#3327,#3092,#3329,.T.);
#3327 = VERTEX_POINT('',#3328);
#3328 = CARTESIAN_POINT('',(1.47,-0.6,-0.875));
#3329 = LINE('',#3330,#3331);
#3330 = CARTESIAN_POINT('',(1.47,-0.6,-0.875));
#3331 = VECTOR('',#3332,1.);
#3332 = DIRECTION('',(0.,1.,0.));
#3333 = ORIENTED_EDGE('',*,*,#3334,.F.);
#3334 = EDGE_CURVE('',#3335,#3327,#3337,.T.);
#3335 = VERTEX_POINT('',#3336);
#3336 = CARTESIAN_POINT('',(1.47,-1.,-1.275));
#3337 = CIRCLE('',#3338,0.4);
#3338 = AXIS2_PLACEMENT_3D('',#3339,#3340,#3341);
#3339 = CARTESIAN_POINT('',(1.47,-0.6,-1.275));
#3340 = DIRECTION('',(-1.,0.,0.));
#3341 = DIRECTION('',(0.,-1.,0.));
#3342 = ORIENTED_EDGE('',*,*,#3343,.F.);
#3343 = EDGE_CURVE('',#3344,#3335,#3346,.T.);
#3344 = VERTEX_POINT('',#3345);
#3345 = CARTESIAN_POINT('',(1.47,-1.,-4.85));
#3346 = LINE('',#3347,#3348);
#3347 = CARTESIAN_POINT('',(1.47,-1.,-4.85));
#3348 = VECTOR('',#3349,1.);
#3349 = DIRECTION('',(0.,0.,1.));
#3350 = ORIENTED_EDGE('',*,*,#3351,.F.);
#3351 = EDGE_CURVE('',#3352,#3344,#3354,.T.);
#3352 = VERTEX_POINT('',#3353);
#3353 = CARTESIAN_POINT('',(1.47,-1.4,-4.85));
#3354 = LINE('',#3355,#3356);
#3355 = CARTESIAN_POINT('',(1.47,-1.4,-4.85));
#3356 = VECTOR('',#3357,1.);
#3357 = DIRECTION('',(0.,1.,0.));
#3358 = ORIENTED_EDGE('',*,*,#3359,.F.);
#3359 = EDGE_CURVE('',#3360,#3352,#3362,.T.);
#3360 = VERTEX_POINT('',#3361);
#3361 = CARTESIAN_POINT('',(1.47,-1.4,-1.195));
#3362 = LINE('',#3363,#3364);
#3363 = CARTESIAN_POINT('',(1.47,-1.4,-1.195));
#3364 = VECTOR('',#3365,1.);
#3365 = DIRECTION('',(0.,0.,-1.));
#3366 = ORIENTED_EDGE('',*,*,#3367,.F.);
#3367 = EDGE_CURVE('',#3368,#3360,#3370,.T.);
#3368 = VERTEX_POINT('',#3369);
#3369 = CARTESIAN_POINT('',(1.47,-0.6,-0.395));
#3370 = CIRCLE('',#3371,0.8);
#3371 = AXIS2_PLACEMENT_3D('',#3372,#3373,#3374);
#3372 = CARTESIAN_POINT('',(1.47,-0.6,-1.195));
#3373 = DIRECTION('',(1.,0.,-0.));
#3374 = DIRECTION('',(0.,0.,1.));
#3375 = ORIENTED_EDGE('',*,*,#3376,.F.);
#3376 = EDGE_CURVE('',#3110,#3368,#3377,.T.);
#3377 = LINE('',#3378,#3379);
#3378 = CARTESIAN_POINT('',(1.47,0.5,-0.395));
#3379 = VECTOR('',#3380,1.);
#3380 = DIRECTION('',(0.,-1.,0.));
#3381 = PLANE('',#3382);
#3382 = AXIS2_PLACEMENT_3D('',#3383,#3384,#3385);
#3383 = CARTESIAN_POINT('',(1.47,0.,0.));
#3384 = DIRECTION('',(1.,0.,0.));
#3385 = DIRECTION('',(0.,-1.,0.));
#3386 = ADVANCED_FACE('',(#3387),#3398,.F.);
#3387 = FACE_BOUND('',#3388,.F.);
#3388 = EDGE_LOOP('',(#3389,#3390,#3391,#3397));
#3389 = ORIENTED_EDGE('',*,*,#3297,.T.);
#3390 = ORIENTED_EDGE('',*,*,#3109,.T.);
#3391 = ORIENTED_EDGE('',*,*,#3392,.F.);
#3392 = EDGE_CURVE('',#122,#3102,#3393,.T.);
#3393 = LINE('',#3394,#3395);
#3394 = CARTESIAN_POINT('',(1.51,2.,-0.395));
#3395 = VECTOR('',#3396,1.);
#3396 = DIRECTION('',(0.,-1.,0.));
#3397 = ORIENTED_EDGE('',*,*,#121,.F.);
#3398 = PLANE('',#3399);
#3399 = AXIS2_PLACEMENT_3D('',#3400,#3401,#3402);
#3400 = CARTESIAN_POINT('',(1.03,2.,-0.395));
#3401 = DIRECTION('',(0.,0.,1.));
#3402 = DIRECTION('',(0.,-1.,0.));
#3403 = ADVANCED_FACE('',(#3404),#3410,.F.);
#3404 = FACE_BOUND('',#3405,.F.);
#3405 = EDGE_LOOP('',(#3406,#3407,#3408,#3409));
#3406 = ORIENTED_EDGE('',*,*,#3101,.T.);
#3407 = ORIENTED_EDGE('',*,*,#3282,.T.);
#3408 = ORIENTED_EDGE('',*,*,#129,.F.);
#3409 = ORIENTED_EDGE('',*,*,#3392,.T.);
#3410 = PLANE('',#3411);
#3411 = AXIS2_PLACEMENT_3D('',#3412,#3413,#3414);
#3412 = CARTESIAN_POINT('',(1.51,0.,0.));
#3413 = DIRECTION('',(1.,0.,0.));
#3414 = DIRECTION('',(0.,-1.,0.));
#3415 = ADVANCED_FACE('',(#3416),#3434,.T.);
#3416 = FACE_BOUND('',#3417,.F.);
#3417 = EDGE_LOOP('',(#3418,#3419,#3427,#3433));
#3418 = ORIENTED_EDGE('',*,*,#113,.F.);
#3419 = ORIENTED_EDGE('',*,*,#3420,.F.);
#3420 = EDGE_CURVE('',#3421,#106,#3423,.T.);
#3421 = VERTEX_POINT('',#3422);
#3422 = CARTESIAN_POINT('',(1.07,5.26,-0.395));
#3423 = LINE('',#3424,#3425);
#3424 = CARTESIAN_POINT('',(1.07,5.26,-0.395));
#3425 = VECTOR('',#3426,1.);
#3426 = DIRECTION('',(0.,-1.,0.));
#3427 = ORIENTED_EDGE('',*,*,#3428,.T.);
#3428 = EDGE_CURVE('',#3421,#3304,#3429,.T.);
#3429 = LINE('',#3430,#3431);
#3430 = CARTESIAN_POINT('',(1.07,5.26,-0.395));
#3431 = VECTOR('',#3432,1.);
#3432 = DIRECTION('',(1.,0.,0.));
#3433 = ORIENTED_EDGE('',*,*,#3303,.T.);
#3434 = PLANE('',#3435);
#3435 = AXIS2_PLACEMENT_3D('',#3436,#3437,#3438);
#3436 = CARTESIAN_POINT('',(1.07,5.26,-0.395));
#3437 = DIRECTION('',(0.,0.,1.));
#3438 = DIRECTION('',(0.,-1.,0.));
#3439 = ADVANCED_FACE('',(#3440),#3525,.F.);
#3440 = FACE_BOUND('',#3441,.F.);
#3441 = EDGE_LOOP('',(#3442,#3448,#3456,#3465,#3473,#3481,#3489,#3498,
    #3504,#3510,#3518,#3524));
#3442 = ORIENTED_EDGE('',*,*,#3443,.T.);
#3443 = EDGE_CURVE('',#106,#3118,#3444,.T.);
#3444 = LINE('',#3445,#3446);
#3445 = CARTESIAN_POINT('',(1.07,2.,-0.395));
#3446 = VECTOR('',#3447,1.);
#3447 = DIRECTION('',(0.,-1.,0.));
#3448 = ORIENTED_EDGE('',*,*,#3449,.T.);
#3449 = EDGE_CURVE('',#3118,#3450,#3452,.T.);
#3450 = VERTEX_POINT('',#3451);
#3451 = CARTESIAN_POINT('',(1.07,-0.6,-0.395));
#3452 = LINE('',#3453,#3454);
#3453 = CARTESIAN_POINT('',(1.07,0.5,-0.395));
#3454 = VECTOR('',#3455,1.);
#3455 = DIRECTION('',(0.,-1.,0.));
#3456 = ORIENTED_EDGE('',*,*,#3457,.T.);
#3457 = EDGE_CURVE('',#3450,#3458,#3460,.T.);
#3458 = VERTEX_POINT('',#3459);
#3459 = CARTESIAN_POINT('',(1.07,-1.4,-1.195));
#3460 = CIRCLE('',#3461,0.8);
#3461 = AXIS2_PLACEMENT_3D('',#3462,#3463,#3464);
#3462 = CARTESIAN_POINT('',(1.07,-0.6,-1.195));
#3463 = DIRECTION('',(1.,0.,-0.));
#3464 = DIRECTION('',(0.,0.,1.));
#3465 = ORIENTED_EDGE('',*,*,#3466,.T.);
#3466 = EDGE_CURVE('',#3458,#3467,#3469,.T.);
#3467 = VERTEX_POINT('',#3468);
#3468 = CARTESIAN_POINT('',(1.07,-1.4,-4.85));
#3469 = LINE('',#3470,#3471);
#3470 = CARTESIAN_POINT('',(1.07,-1.4,-1.195));
#3471 = VECTOR('',#3472,1.);
#3472 = DIRECTION('',(0.,0.,-1.));
#3473 = ORIENTED_EDGE('',*,*,#3474,.T.);
#3474 = EDGE_CURVE('',#3467,#3475,#3477,.T.);
#3475 = VERTEX_POINT('',#3476);
#3476 = CARTESIAN_POINT('',(1.07,-1.,-4.85));
#3477 = LINE('',#3478,#3479);
#3478 = CARTESIAN_POINT('',(1.07,-1.4,-4.85));
#3479 = VECTOR('',#3480,1.);
#3480 = DIRECTION('',(0.,1.,0.));
#3481 = ORIENTED_EDGE('',*,*,#3482,.T.);
#3482 = EDGE_CURVE('',#3475,#3483,#3485,.T.);
#3483 = VERTEX_POINT('',#3484);
#3484 = CARTESIAN_POINT('',(1.07,-1.,-1.275));
#3485 = LINE('',#3486,#3487);
#3486 = CARTESIAN_POINT('',(1.07,-1.,-4.85));
#3487 = VECTOR('',#3488,1.);
#3488 = DIRECTION('',(0.,0.,1.));
#3489 = ORIENTED_EDGE('',*,*,#3490,.T.);
#3490 = EDGE_CURVE('',#3483,#3491,#3493,.T.);
#3491 = VERTEX_POINT('',#3492);
#3492 = CARTESIAN_POINT('',(1.07,-0.6,-0.875));
#3493 = CIRCLE('',#3494,0.4);
#3494 = AXIS2_PLACEMENT_3D('',#3495,#3496,#3497);
#3495 = CARTESIAN_POINT('',(1.07,-0.6,-1.275));
#3496 = DIRECTION('',(-1.,0.,0.));
#3497 = DIRECTION('',(0.,-1.,0.));
#3498 = ORIENTED_EDGE('',*,*,#3499,.T.);
#3499 = EDGE_CURVE('',#3491,#3142,#3500,.T.);
#3500 = LINE('',#3501,#3502);
#3501 = CARTESIAN_POINT('',(1.07,-0.6,-0.875));
#3502 = VECTOR('',#3503,1.);
#3503 = DIRECTION('',(0.,1.,0.));
#3504 = ORIENTED_EDGE('',*,*,#3505,.T.);
#3505 = EDGE_CURVE('',#3142,#90,#3506,.T.);
#3506 = LINE('',#3507,#3508);
#3507 = CARTESIAN_POINT('',(1.07,0.5,-0.875));
#3508 = VECTOR('',#3509,1.);
#3509 = DIRECTION('',(0.,1.,0.));
#3510 = ORIENTED_EDGE('',*,*,#3511,.T.);
#3511 = EDGE_CURVE('',#90,#3512,#3514,.T.);
#3512 = VERTEX_POINT('',#3513);
#3513 = CARTESIAN_POINT('',(1.07,5.26,-0.875));
#3514 = LINE('',#3515,#3516);
#3515 = CARTESIAN_POINT('',(1.07,2.,-0.875));
#3516 = VECTOR('',#3517,1.);
#3517 = DIRECTION('',(0.,1.,0.));
#3518 = ORIENTED_EDGE('',*,*,#3519,.T.);
#3519 = EDGE_CURVE('',#3512,#3421,#3520,.T.);
#3520 = LINE('',#3521,#3522);
#3521 = CARTESIAN_POINT('',(1.07,5.26,-0.875));
#3522 = VECTOR('',#3523,1.);
#3523 = DIRECTION('',(0.,0.,1.));
#3524 = ORIENTED_EDGE('',*,*,#3420,.T.);
#3525 = PLANE('',#3526);
#3526 = AXIS2_PLACEMENT_3D('',#3527,#3528,#3529);
#3527 = CARTESIAN_POINT('',(1.07,0.,0.));
#3528 = DIRECTION('',(1.,0.,0.));
#3529 = DIRECTION('',(0.,-1.,0.));
#3530 = ADVANCED_FACE('',(#3531),#3542,.F.);
#3531 = FACE_BOUND('',#3532,.F.);
#3532 = EDGE_LOOP('',(#3533,#3534,#3535,#3541));
#3533 = ORIENTED_EDGE('',*,*,#3443,.F.);
#3534 = ORIENTED_EDGE('',*,*,#105,.F.);
#3535 = ORIENTED_EDGE('',*,*,#3536,.T.);
#3536 = EDGE_CURVE('',#98,#3126,#3537,.T.);
#3537 = LINE('',#3538,#3539);
#3538 = CARTESIAN_POINT('',(1.03,2.,-0.395));
#3539 = VECTOR('',#3540,1.);
#3540 = DIRECTION('',(0.,-1.,0.));
#3541 = ORIENTED_EDGE('',*,*,#3125,.T.);
#3542 = PLANE('',#3543);
#3543 = AXIS2_PLACEMENT_3D('',#3544,#3545,#3546);
#3544 = CARTESIAN_POINT('',(1.03,2.,-0.395));
#3545 = DIRECTION('',(0.,0.,1.));
#3546 = DIRECTION('',(0.,-1.,0.));
#3547 = ADVANCED_FACE('',(#3548),#3559,.T.);
#3548 = FACE_BOUND('',#3549,.F.);
#3549 = EDGE_LOOP('',(#3550,#3551,#3552,#3553));
#3550 = ORIENTED_EDGE('',*,*,#3133,.F.);
#3551 = ORIENTED_EDGE('',*,*,#3536,.F.);
#3552 = ORIENTED_EDGE('',*,*,#97,.T.);
#3553 = ORIENTED_EDGE('',*,*,#3554,.F.);
#3554 = EDGE_CURVE('',#3134,#88,#3555,.T.);
#3555 = LINE('',#3556,#3557);
#3556 = CARTESIAN_POINT('',(1.03,0.5,-0.875));
#3557 = VECTOR('',#3558,1.);
#3558 = DIRECTION('',(0.,1.,0.));
#3559 = PLANE('',#3560);
#3560 = AXIS2_PLACEMENT_3D('',#3561,#3562,#3563);
#3561 = CARTESIAN_POINT('',(1.03,0.,0.));
#3562 = DIRECTION('',(1.,0.,0.));
#3563 = DIRECTION('',(0.,-1.,0.));
#3564 = ADVANCED_FACE('',(#3565),#3571,.F.);
#3565 = FACE_BOUND('',#3566,.F.);
#3566 = EDGE_LOOP('',(#3567,#3568,#3569,#3570));
#3567 = ORIENTED_EDGE('',*,*,#3505,.F.);
#3568 = ORIENTED_EDGE('',*,*,#3141,.F.);
#3569 = ORIENTED_EDGE('',*,*,#3554,.T.);
#3570 = ORIENTED_EDGE('',*,*,#87,.T.);
#3571 = PLANE('',#3572);
#3572 = AXIS2_PLACEMENT_3D('',#3573,#3574,#3575);
#3573 = CARTESIAN_POINT('',(1.03,0.,-0.875));
#3574 = DIRECTION('',(0.,0.,-1.));
#3575 = DIRECTION('',(0.,1.,0.));
#3576 = ADVANCED_FACE('',(#3577),#3588,.T.);
#3577 = FACE_BOUND('',#3578,.F.);
#3578 = EDGE_LOOP('',(#3579,#3580,#3581,#3587));
#3579 = ORIENTED_EDGE('',*,*,#3117,.T.);
#3580 = ORIENTED_EDGE('',*,*,#3376,.T.);
#3581 = ORIENTED_EDGE('',*,*,#3582,.F.);
#3582 = EDGE_CURVE('',#3450,#3368,#3583,.T.);
#3583 = LINE('',#3584,#3585);
#3584 = CARTESIAN_POINT('',(1.07,-0.6,-0.395));
#3585 = VECTOR('',#3586,1.);
#3586 = DIRECTION('',(1.,0.,0.));
#3587 = ORIENTED_EDGE('',*,*,#3449,.F.);
#3588 = PLANE('',#3589);
#3589 = AXIS2_PLACEMENT_3D('',#3590,#3591,#3592);
#3590 = CARTESIAN_POINT('',(1.07,5.26,-0.395));
#3591 = DIRECTION('',(0.,0.,1.));
#3592 = DIRECTION('',(0.,-1.,0.));
#3593 = ADVANCED_FACE('',(#3594),#3605,.T.);
#3594 = FACE_BOUND('',#3595,.T.);
#3595 = EDGE_LOOP('',(#3596,#3602,#3603,#3604));
#3596 = ORIENTED_EDGE('',*,*,#3597,.T.);
#3597 = EDGE_CURVE('',#3458,#3360,#3598,.T.);
#3598 = LINE('',#3599,#3600);
#3599 = CARTESIAN_POINT('',(1.07,-1.4,-1.195));
#3600 = VECTOR('',#3601,1.);
#3601 = DIRECTION('',(1.,0.,0.));
#3602 = ORIENTED_EDGE('',*,*,#3367,.F.);
#3603 = ORIENTED_EDGE('',*,*,#3582,.F.);
#3604 = ORIENTED_EDGE('',*,*,#3457,.T.);
#3605 = CYLINDRICAL_SURFACE('',#3606,0.8);
#3606 = AXIS2_PLACEMENT_3D('',#3607,#3608,#3609);
#3607 = CARTESIAN_POINT('',(1.07,-0.6,-1.195));
#3608 = DIRECTION('',(1.,0.,0.));
#3609 = DIRECTION('',(0.,-1.,0.));
#3610 = ADVANCED_FACE('',(#3611),#3622,.T.);
#3611 = FACE_BOUND('',#3612,.F.);
#3612 = EDGE_LOOP('',(#3613,#3614,#3615,#3616));
#3613 = ORIENTED_EDGE('',*,*,#3466,.F.);
#3614 = ORIENTED_EDGE('',*,*,#3597,.T.);
#3615 = ORIENTED_EDGE('',*,*,#3359,.T.);
#3616 = ORIENTED_EDGE('',*,*,#3617,.F.);
#3617 = EDGE_CURVE('',#3467,#3352,#3618,.T.);
#3618 = LINE('',#3619,#3620);
#3619 = CARTESIAN_POINT('',(1.07,-1.4,-4.85));
#3620 = VECTOR('',#3621,1.);
#3621 = DIRECTION('',(1.,0.,0.));
#3622 = PLANE('',#3623);
#3623 = AXIS2_PLACEMENT_3D('',#3624,#3625,#3626);
#3624 = CARTESIAN_POINT('',(1.07,-1.4,-1.195));
#3625 = DIRECTION('',(0.,-1.,0.));
#3626 = DIRECTION('',(0.,0.,-1.));
#3627 = ADVANCED_FACE('',(#3628),#3639,.T.);
#3628 = FACE_BOUND('',#3629,.F.);
#3629 = EDGE_LOOP('',(#3630,#3631,#3632,#3633));
#3630 = ORIENTED_EDGE('',*,*,#3474,.F.);
#3631 = ORIENTED_EDGE('',*,*,#3617,.T.);
#3632 = ORIENTED_EDGE('',*,*,#3351,.T.);
#3633 = ORIENTED_EDGE('',*,*,#3634,.F.);
#3634 = EDGE_CURVE('',#3475,#3344,#3635,.T.);
#3635 = LINE('',#3636,#3637);
#3636 = CARTESIAN_POINT('',(1.07,-1.,-4.85));
#3637 = VECTOR('',#3638,1.);
#3638 = DIRECTION('',(1.,0.,0.));
#3639 = PLANE('',#3640);
#3640 = AXIS2_PLACEMENT_3D('',#3641,#3642,#3643);
#3641 = CARTESIAN_POINT('',(1.07,-1.4,-4.85));
#3642 = DIRECTION('',(0.,0.,-1.));
#3643 = DIRECTION('',(0.,1.,0.));
#3644 = ADVANCED_FACE('',(#3645),#3656,.T.);
#3645 = FACE_BOUND('',#3646,.F.);
#3646 = EDGE_LOOP('',(#3647,#3648,#3649,#3650));
#3647 = ORIENTED_EDGE('',*,*,#3482,.F.);
#3648 = ORIENTED_EDGE('',*,*,#3634,.T.);
#3649 = ORIENTED_EDGE('',*,*,#3343,.T.);
#3650 = ORIENTED_EDGE('',*,*,#3651,.F.);
#3651 = EDGE_CURVE('',#3483,#3335,#3652,.T.);
#3652 = LINE('',#3653,#3654);
#3653 = CARTESIAN_POINT('',(1.07,-1.,-1.275));
#3654 = VECTOR('',#3655,1.);
#3655 = DIRECTION('',(1.,0.,0.));
#3656 = PLANE('',#3657);
#3657 = AXIS2_PLACEMENT_3D('',#3658,#3659,#3660);
#3658 = CARTESIAN_POINT('',(1.07,-1.,-4.85));
#3659 = DIRECTION('',(0.,1.,0.));
#3660 = DIRECTION('',(0.,-0.,1.));
#3661 = ADVANCED_FACE('',(#3662),#3673,.F.);
#3662 = FACE_BOUND('',#3663,.F.);
#3663 = EDGE_LOOP('',(#3664,#3665,#3666,#3667));
#3664 = ORIENTED_EDGE('',*,*,#3490,.F.);
#3665 = ORIENTED_EDGE('',*,*,#3651,.T.);
#3666 = ORIENTED_EDGE('',*,*,#3334,.T.);
#3667 = ORIENTED_EDGE('',*,*,#3668,.F.);
#3668 = EDGE_CURVE('',#3491,#3327,#3669,.T.);
#3669 = LINE('',#3670,#3671);
#3670 = CARTESIAN_POINT('',(1.07,-0.6,-0.875));
#3671 = VECTOR('',#3672,1.);
#3672 = DIRECTION('',(1.,0.,0.));
#3673 = CYLINDRICAL_SURFACE('',#3674,0.4);
#3674 = AXIS2_PLACEMENT_3D('',#3675,#3676,#3677);
#3675 = CARTESIAN_POINT('',(1.07,-0.6,-1.275));
#3676 = DIRECTION('',(1.,0.,0.));
#3677 = DIRECTION('',(0.,-1.,0.));
#3678 = ADVANCED_FACE('',(#3679),#3685,.T.);
#3679 = FACE_BOUND('',#3680,.F.);
#3680 = EDGE_LOOP('',(#3681,#3682,#3683,#3684));
#3681 = ORIENTED_EDGE('',*,*,#3149,.F.);
#3682 = ORIENTED_EDGE('',*,*,#3499,.F.);
#3683 = ORIENTED_EDGE('',*,*,#3668,.T.);
#3684 = ORIENTED_EDGE('',*,*,#3326,.T.);
#3685 = PLANE('',#3686);
#3686 = AXIS2_PLACEMENT_3D('',#3687,#3688,#3689);
#3687 = CARTESIAN_POINT('',(1.07,-0.6,-0.875));
#3688 = DIRECTION('',(0.,0.,-1.));
#3689 = DIRECTION('',(0.,1.,0.));
#3690 = ADVANCED_FACE('',(#3691),#3702,.T.);
#3691 = FACE_BOUND('',#3692,.F.);
#3692 = EDGE_LOOP('',(#3693,#3694,#3695,#3701));
#3693 = ORIENTED_EDGE('',*,*,#145,.T.);
#3694 = ORIENTED_EDGE('',*,*,#3319,.T.);
#3695 = ORIENTED_EDGE('',*,*,#3696,.F.);
#3696 = EDGE_CURVE('',#3512,#3312,#3697,.T.);
#3697 = LINE('',#3698,#3699);
#3698 = CARTESIAN_POINT('',(1.07,5.26,-0.875));
#3699 = VECTOR('',#3700,1.);
#3700 = DIRECTION('',(1.,0.,0.));
#3701 = ORIENTED_EDGE('',*,*,#3511,.F.);
#3702 = PLANE('',#3703);
#3703 = AXIS2_PLACEMENT_3D('',#3704,#3705,#3706);
#3704 = CARTESIAN_POINT('',(1.07,-0.6,-0.875));
#3705 = DIRECTION('',(0.,0.,-1.));
#3706 = DIRECTION('',(0.,1.,0.));
#3707 = ADVANCED_FACE('',(#3708),#3714,.T.);
#3708 = FACE_BOUND('',#3709,.F.);
#3709 = EDGE_LOOP('',(#3710,#3711,#3712,#3713));
#3710 = ORIENTED_EDGE('',*,*,#3519,.F.);
#3711 = ORIENTED_EDGE('',*,*,#3696,.T.);
#3712 = ORIENTED_EDGE('',*,*,#3311,.T.);
#3713 = ORIENTED_EDGE('',*,*,#3428,.F.);
#3714 = PLANE('',#3715);
#3715 = AXIS2_PLACEMENT_3D('',#3716,#3717,#3718);
#3716 = CARTESIAN_POINT('',(1.07,5.26,-0.875));
#3717 = DIRECTION('',(0.,1.,0.));
#3718 = DIRECTION('',(0.,-0.,1.));
#3719 = ADVANCED_FACE('',(#3720),#3736,.F.);
#3720 = FACE_BOUND('',#3721,.F.);
#3721 = EDGE_LOOP('',(#3722,#3728,#3729,#3735));
#3722 = ORIENTED_EDGE('',*,*,#3723,.T.);
#3723 = EDGE_CURVE('',#3158,#204,#3724,.T.);
#3724 = LINE('',#3725,#3726);
#3725 = CARTESIAN_POINT('',(1.47,0.5,0.395));
#3726 = VECTOR('',#3727,1.);
#3727 = DIRECTION('',(0.,1.,0.));
#3728 = ORIENTED_EDGE('',*,*,#203,.T.);
#3729 = ORIENTED_EDGE('',*,*,#3730,.F.);
#3730 = EDGE_CURVE('',#3160,#196,#3731,.T.);
#3731 = LINE('',#3732,#3733);
#3732 = CARTESIAN_POINT('',(1.51,0.5,0.395));
#3733 = VECTOR('',#3734,1.);
#3734 = DIRECTION('',(0.,1.,0.));
#3735 = ORIENTED_EDGE('',*,*,#3157,.F.);
#3736 = PLANE('',#3737);
#3737 = AXIS2_PLACEMENT_3D('',#3738,#3739,#3740);
#3738 = CARTESIAN_POINT('',(1.03,0.,0.395));
#3739 = DIRECTION('',(0.,0.,-1.));
#3740 = DIRECTION('',(0.,1.,0.));
#3741 = ADVANCED_FACE('',(#3742),#3829,.T.);
#3742 = FACE_BOUND('',#3743,.F.);
#3743 = EDGE_LOOP('',(#3744,#3750,#3758,#3766,#3772,#3773,#3781,#3790,
    #3798,#3806,#3814,#3823));
#3744 = ORIENTED_EDGE('',*,*,#3745,.F.);
#3745 = EDGE_CURVE('',#180,#3176,#3746,.T.);
#3746 = LINE('',#3747,#3748);
#3747 = CARTESIAN_POINT('',(1.47,2.,0.875));
#3748 = VECTOR('',#3749,1.);
#3749 = DIRECTION('',(0.,-1.,0.));
#3750 = ORIENTED_EDGE('',*,*,#3751,.F.);
#3751 = EDGE_CURVE('',#3752,#180,#3754,.T.);
#3752 = VERTEX_POINT('',#3753);
#3753 = CARTESIAN_POINT('',(1.47,5.26,0.875));
#3754 = LINE('',#3755,#3756);
#3755 = CARTESIAN_POINT('',(1.47,5.26,0.875));
#3756 = VECTOR('',#3757,1.);
#3757 = DIRECTION('',(0.,-1.,0.));
#3758 = ORIENTED_EDGE('',*,*,#3759,.F.);
#3759 = EDGE_CURVE('',#3760,#3752,#3762,.T.);
#3760 = VERTEX_POINT('',#3761);
#3761 = CARTESIAN_POINT('',(1.47,5.26,0.395));
#3762 = LINE('',#3763,#3764);
#3763 = CARTESIAN_POINT('',(1.47,5.26,0.395));
#3764 = VECTOR('',#3765,1.);
#3765 = DIRECTION('',(0.,0.,1.));
#3766 = ORIENTED_EDGE('',*,*,#3767,.F.);
#3767 = EDGE_CURVE('',#204,#3760,#3768,.T.);
#3768 = LINE('',#3769,#3770);
#3769 = CARTESIAN_POINT('',(1.47,2.,0.395));
#3770 = VECTOR('',#3771,1.);
#3771 = DIRECTION('',(0.,1.,0.));
#3772 = ORIENTED_EDGE('',*,*,#3723,.F.);
#3773 = ORIENTED_EDGE('',*,*,#3774,.F.);
#3774 = EDGE_CURVE('',#3775,#3158,#3777,.T.);
#3775 = VERTEX_POINT('',#3776);
#3776 = CARTESIAN_POINT('',(1.47,-1.87,0.395));
#3777 = LINE('',#3778,#3779);
#3778 = CARTESIAN_POINT('',(1.47,-1.87,0.395));
#3779 = VECTOR('',#3780,1.);
#3780 = DIRECTION('',(0.,1.,0.));
#3781 = ORIENTED_EDGE('',*,*,#3782,.F.);
#3782 = EDGE_CURVE('',#3783,#3775,#3785,.T.);
#3783 = VERTEX_POINT('',#3784);
#3784 = CARTESIAN_POINT('',(1.47,-2.27,-5.E-03));
#3785 = CIRCLE('',#3786,0.4);
#3786 = AXIS2_PLACEMENT_3D('',#3787,#3788,#3789);
#3787 = CARTESIAN_POINT('',(1.47,-1.87,-5.E-03));
#3788 = DIRECTION('',(-1.,0.,0.));
#3789 = DIRECTION('',(0.,-1.,0.));
#3790 = ORIENTED_EDGE('',*,*,#3791,.F.);
#3791 = EDGE_CURVE('',#3792,#3783,#3794,.T.);
#3792 = VERTEX_POINT('',#3793);
#3793 = CARTESIAN_POINT('',(1.47,-2.27,-4.85));
#3794 = LINE('',#3795,#3796);
#3795 = CARTESIAN_POINT('',(1.47,-2.27,-4.85));
#3796 = VECTOR('',#3797,1.);
#3797 = DIRECTION('',(0.,0.,1.));
#3798 = ORIENTED_EDGE('',*,*,#3799,.F.);
#3799 = EDGE_CURVE('',#3800,#3792,#3802,.T.);
#3800 = VERTEX_POINT('',#3801);
#3801 = CARTESIAN_POINT('',(1.47,-2.67,-4.85));
#3802 = LINE('',#3803,#3804);
#3803 = CARTESIAN_POINT('',(1.47,-2.67,-4.85));
#3804 = VECTOR('',#3805,1.);
#3805 = DIRECTION('',(0.,1.,0.));
#3806 = ORIENTED_EDGE('',*,*,#3807,.F.);
#3807 = EDGE_CURVE('',#3808,#3800,#3810,.T.);
#3808 = VERTEX_POINT('',#3809);
#3809 = CARTESIAN_POINT('',(1.47,-2.67,7.5E-02));
#3810 = LINE('',#3811,#3812);
#3811 = CARTESIAN_POINT('',(1.47,-2.67,7.5E-02));
#3812 = VECTOR('',#3813,1.);
#3813 = DIRECTION('',(0.,0.,-1.));
#3814 = ORIENTED_EDGE('',*,*,#3815,.F.);
#3815 = EDGE_CURVE('',#3816,#3808,#3818,.T.);
#3816 = VERTEX_POINT('',#3817);
#3817 = CARTESIAN_POINT('',(1.47,-1.87,0.875));
#3818 = CIRCLE('',#3819,0.8);
#3819 = AXIS2_PLACEMENT_3D('',#3820,#3821,#3822);
#3820 = CARTESIAN_POINT('',(1.47,-1.87,7.5E-02));
#3821 = DIRECTION('',(1.,0.,-0.));
#3822 = DIRECTION('',(0.,0.,1.));
#3823 = ORIENTED_EDGE('',*,*,#3824,.F.);
#3824 = EDGE_CURVE('',#3176,#3816,#3825,.T.);
#3825 = LINE('',#3826,#3827);
#3826 = CARTESIAN_POINT('',(1.47,0.5,0.875));
#3827 = VECTOR('',#3828,1.);
#3828 = DIRECTION('',(0.,-1.,0.));
#3829 = PLANE('',#3830);
#3830 = AXIS2_PLACEMENT_3D('',#3831,#3832,#3833);
#3831 = CARTESIAN_POINT('',(1.47,0.,0.));
#3832 = DIRECTION('',(1.,0.,0.));
#3833 = DIRECTION('',(0.,-1.,0.));
#3834 = ADVANCED_FACE('',(#3835),#3846,.F.);
#3835 = FACE_BOUND('',#3836,.F.);
#3836 = EDGE_LOOP('',(#3837,#3838,#3839,#3845));
#3837 = ORIENTED_EDGE('',*,*,#3745,.T.);
#3838 = ORIENTED_EDGE('',*,*,#3175,.T.);
#3839 = ORIENTED_EDGE('',*,*,#3840,.F.);
#3840 = EDGE_CURVE('',#188,#3168,#3841,.T.);
#3841 = LINE('',#3842,#3843);
#3842 = CARTESIAN_POINT('',(1.51,2.,0.875));
#3843 = VECTOR('',#3844,1.);
#3844 = DIRECTION('',(0.,-1.,0.));
#3845 = ORIENTED_EDGE('',*,*,#187,.F.);
#3846 = PLANE('',#3847);
#3847 = AXIS2_PLACEMENT_3D('',#3848,#3849,#3850);
#3848 = CARTESIAN_POINT('',(1.03,2.,0.875));
#3849 = DIRECTION('',(0.,0.,1.));
#3850 = DIRECTION('',(0.,-1.,0.));
#3851 = ADVANCED_FACE('',(#3852),#3858,.F.);
#3852 = FACE_BOUND('',#3853,.F.);
#3853 = EDGE_LOOP('',(#3854,#3855,#3856,#3857));
#3854 = ORIENTED_EDGE('',*,*,#3167,.T.);
#3855 = ORIENTED_EDGE('',*,*,#3730,.T.);
#3856 = ORIENTED_EDGE('',*,*,#195,.F.);
#3857 = ORIENTED_EDGE('',*,*,#3840,.T.);
#3858 = PLANE('',#3859);
#3859 = AXIS2_PLACEMENT_3D('',#3860,#3861,#3862);
#3860 = CARTESIAN_POINT('',(1.51,0.,0.));
#3861 = DIRECTION('',(1.,0.,0.));
#3862 = DIRECTION('',(0.,-1.,0.));
#3863 = ADVANCED_FACE('',(#3864),#3882,.T.);
#3864 = FACE_BOUND('',#3865,.F.);
#3865 = EDGE_LOOP('',(#3866,#3867,#3875,#3881));
#3866 = ORIENTED_EDGE('',*,*,#179,.F.);
#3867 = ORIENTED_EDGE('',*,*,#3868,.F.);
#3868 = EDGE_CURVE('',#3869,#172,#3871,.T.);
#3869 = VERTEX_POINT('',#3870);
#3870 = CARTESIAN_POINT('',(1.07,5.26,0.875));
#3871 = LINE('',#3872,#3873);
#3872 = CARTESIAN_POINT('',(1.07,5.26,0.875));
#3873 = VECTOR('',#3874,1.);
#3874 = DIRECTION('',(0.,-1.,0.));
#3875 = ORIENTED_EDGE('',*,*,#3876,.T.);
#3876 = EDGE_CURVE('',#3869,#3752,#3877,.T.);
#3877 = LINE('',#3878,#3879);
#3878 = CARTESIAN_POINT('',(1.07,5.26,0.875));
#3879 = VECTOR('',#3880,1.);
#3880 = DIRECTION('',(1.,0.,0.));
#3881 = ORIENTED_EDGE('',*,*,#3751,.T.);
#3882 = PLANE('',#3883);
#3883 = AXIS2_PLACEMENT_3D('',#3884,#3885,#3886);
#3884 = CARTESIAN_POINT('',(1.07,5.26,0.875));
#3885 = DIRECTION('',(0.,0.,1.));
#3886 = DIRECTION('',(0.,-1.,0.));
#3887 = ADVANCED_FACE('',(#3888),#3973,.F.);
#3888 = FACE_BOUND('',#3889,.F.);
#3889 = EDGE_LOOP('',(#3890,#3896,#3904,#3913,#3921,#3929,#3937,#3946,
    #3952,#3958,#3966,#3972));
#3890 = ORIENTED_EDGE('',*,*,#3891,.T.);
#3891 = EDGE_CURVE('',#172,#3184,#3892,.T.);
#3892 = LINE('',#3893,#3894);
#3893 = CARTESIAN_POINT('',(1.07,2.,0.875));
#3894 = VECTOR('',#3895,1.);
#3895 = DIRECTION('',(0.,-1.,0.));
#3896 = ORIENTED_EDGE('',*,*,#3897,.T.);
#3897 = EDGE_CURVE('',#3184,#3898,#3900,.T.);
#3898 = VERTEX_POINT('',#3899);
#3899 = CARTESIAN_POINT('',(1.07,-1.87,0.875));
#3900 = LINE('',#3901,#3902);
#3901 = CARTESIAN_POINT('',(1.07,0.5,0.875));
#3902 = VECTOR('',#3903,1.);
#3903 = DIRECTION('',(0.,-1.,0.));
#3904 = ORIENTED_EDGE('',*,*,#3905,.T.);
#3905 = EDGE_CURVE('',#3898,#3906,#3908,.T.);
#3906 = VERTEX_POINT('',#3907);
#3907 = CARTESIAN_POINT('',(1.07,-2.67,7.5E-02));
#3908 = CIRCLE('',#3909,0.8);
#3909 = AXIS2_PLACEMENT_3D('',#3910,#3911,#3912);
#3910 = CARTESIAN_POINT('',(1.07,-1.87,7.5E-02));
#3911 = DIRECTION('',(1.,0.,-0.));
#3912 = DIRECTION('',(0.,0.,1.));
#3913 = ORIENTED_EDGE('',*,*,#3914,.T.);
#3914 = EDGE_CURVE('',#3906,#3915,#3917,.T.);
#3915 = VERTEX_POINT('',#3916);
#3916 = CARTESIAN_POINT('',(1.07,-2.67,-4.85));
#3917 = LINE('',#3918,#3919);
#3918 = CARTESIAN_POINT('',(1.07,-2.67,7.5E-02));
#3919 = VECTOR('',#3920,1.);
#3920 = DIRECTION('',(0.,0.,-1.));
#3921 = ORIENTED_EDGE('',*,*,#3922,.T.);
#3922 = EDGE_CURVE('',#3915,#3923,#3925,.T.);
#3923 = VERTEX_POINT('',#3924);
#3924 = CARTESIAN_POINT('',(1.07,-2.27,-4.85));
#3925 = LINE('',#3926,#3927);
#3926 = CARTESIAN_POINT('',(1.07,-2.67,-4.85));
#3927 = VECTOR('',#3928,1.);
#3928 = DIRECTION('',(0.,1.,0.));
#3929 = ORIENTED_EDGE('',*,*,#3930,.T.);
#3930 = EDGE_CURVE('',#3923,#3931,#3933,.T.);
#3931 = VERTEX_POINT('',#3932);
#3932 = CARTESIAN_POINT('',(1.07,-2.27,-5.E-03));
#3933 = LINE('',#3934,#3935);
#3934 = CARTESIAN_POINT('',(1.07,-2.27,-4.85));
#3935 = VECTOR('',#3936,1.);
#3936 = DIRECTION('',(0.,0.,1.));
#3937 = ORIENTED_EDGE('',*,*,#3938,.T.);
#3938 = EDGE_CURVE('',#3931,#3939,#3941,.T.);
#3939 = VERTEX_POINT('',#3940);
#3940 = CARTESIAN_POINT('',(1.07,-1.87,0.395));
#3941 = CIRCLE('',#3942,0.4);
#3942 = AXIS2_PLACEMENT_3D('',#3943,#3944,#3945);
#3943 = CARTESIAN_POINT('',(1.07,-1.87,-5.E-03));
#3944 = DIRECTION('',(-1.,0.,0.));
#3945 = DIRECTION('',(0.,-1.,0.));
#3946 = ORIENTED_EDGE('',*,*,#3947,.T.);
#3947 = EDGE_CURVE('',#3939,#3208,#3948,.T.);
#3948 = LINE('',#3949,#3950);
#3949 = CARTESIAN_POINT('',(1.07,-1.87,0.395));
#3950 = VECTOR('',#3951,1.);
#3951 = DIRECTION('',(0.,1.,0.));
#3952 = ORIENTED_EDGE('',*,*,#3953,.T.);
#3953 = EDGE_CURVE('',#3208,#156,#3954,.T.);
#3954 = LINE('',#3955,#3956);
#3955 = CARTESIAN_POINT('',(1.07,0.5,0.395));
#3956 = VECTOR('',#3957,1.);
#3957 = DIRECTION('',(0.,1.,0.));
#3958 = ORIENTED_EDGE('',*,*,#3959,.T.);
#3959 = EDGE_CURVE('',#156,#3960,#3962,.T.);
#3960 = VERTEX_POINT('',#3961);
#3961 = CARTESIAN_POINT('',(1.07,5.26,0.395));
#3962 = LINE('',#3963,#3964);
#3963 = CARTESIAN_POINT('',(1.07,2.,0.395));
#3964 = VECTOR('',#3965,1.);
#3965 = DIRECTION('',(0.,1.,0.));
#3966 = ORIENTED_EDGE('',*,*,#3967,.T.);
#3967 = EDGE_CURVE('',#3960,#3869,#3968,.T.);
#3968 = LINE('',#3969,#3970);
#3969 = CARTESIAN_POINT('',(1.07,5.26,0.395));
#3970 = VECTOR('',#3971,1.);
#3971 = DIRECTION('',(0.,0.,1.));
#3972 = ORIENTED_EDGE('',*,*,#3868,.T.);
#3973 = PLANE('',#3974);
#3974 = AXIS2_PLACEMENT_3D('',#3975,#3976,#3977);
#3975 = CARTESIAN_POINT('',(1.07,0.,0.));
#3976 = DIRECTION('',(1.,0.,0.));
#3977 = DIRECTION('',(0.,-1.,0.));
#3978 = ADVANCED_FACE('',(#3979),#3990,.F.);
#3979 = FACE_BOUND('',#3980,.F.);
#3980 = EDGE_LOOP('',(#3981,#3982,#3983,#3989));
#3981 = ORIENTED_EDGE('',*,*,#3891,.F.);
#3982 = ORIENTED_EDGE('',*,*,#171,.F.);
#3983 = ORIENTED_EDGE('',*,*,#3984,.T.);
#3984 = EDGE_CURVE('',#164,#3192,#3985,.T.);
#3985 = LINE('',#3986,#3987);
#3986 = CARTESIAN_POINT('',(1.03,2.,0.875));
#3987 = VECTOR('',#3988,1.);
#3988 = DIRECTION('',(0.,-1.,0.));
#3989 = ORIENTED_EDGE('',*,*,#3191,.T.);
#3990 = PLANE('',#3991);
#3991 = AXIS2_PLACEMENT_3D('',#3992,#3993,#3994);
#3992 = CARTESIAN_POINT('',(1.03,2.,0.875));
#3993 = DIRECTION('',(0.,0.,1.));
#3994 = DIRECTION('',(0.,-1.,0.));
#3995 = ADVANCED_FACE('',(#3996),#4007,.T.);
#3996 = FACE_BOUND('',#3997,.F.);
#3997 = EDGE_LOOP('',(#3998,#3999,#4000,#4001));
#3998 = ORIENTED_EDGE('',*,*,#3199,.F.);
#3999 = ORIENTED_EDGE('',*,*,#3984,.F.);
#4000 = ORIENTED_EDGE('',*,*,#163,.T.);
#4001 = ORIENTED_EDGE('',*,*,#4002,.F.);
#4002 = EDGE_CURVE('',#3200,#154,#4003,.T.);
#4003 = LINE('',#4004,#4005);
#4004 = CARTESIAN_POINT('',(1.03,0.5,0.395));
#4005 = VECTOR('',#4006,1.);
#4006 = DIRECTION('',(0.,1.,0.));
#4007 = PLANE('',#4008);
#4008 = AXIS2_PLACEMENT_3D('',#4009,#4010,#4011);
#4009 = CARTESIAN_POINT('',(1.03,0.,0.));
#4010 = DIRECTION('',(1.,0.,0.));
#4011 = DIRECTION('',(0.,-1.,0.));
#4012 = ADVANCED_FACE('',(#4013),#4019,.F.);
#4013 = FACE_BOUND('',#4014,.F.);
#4014 = EDGE_LOOP('',(#4015,#4016,#4017,#4018));
#4015 = ORIENTED_EDGE('',*,*,#3953,.F.);
#4016 = ORIENTED_EDGE('',*,*,#3207,.F.);
#4017 = ORIENTED_EDGE('',*,*,#4002,.T.);
#4018 = ORIENTED_EDGE('',*,*,#153,.T.);
#4019 = PLANE('',#4020);
#4020 = AXIS2_PLACEMENT_3D('',#4021,#4022,#4023);
#4021 = CARTESIAN_POINT('',(1.03,0.,0.395));
#4022 = DIRECTION('',(0.,0.,-1.));
#4023 = DIRECTION('',(0.,1.,0.));
#4024 = ADVANCED_FACE('',(#4025),#4036,.T.);
#4025 = FACE_BOUND('',#4026,.F.);
#4026 = EDGE_LOOP('',(#4027,#4028,#4029,#4035));
#4027 = ORIENTED_EDGE('',*,*,#3183,.T.);
#4028 = ORIENTED_EDGE('',*,*,#3824,.T.);
#4029 = ORIENTED_EDGE('',*,*,#4030,.F.);
#4030 = EDGE_CURVE('',#3898,#3816,#4031,.T.);
#4031 = LINE('',#4032,#4033);
#4032 = CARTESIAN_POINT('',(1.07,-1.87,0.875));
#4033 = VECTOR('',#4034,1.);
#4034 = DIRECTION('',(1.,0.,0.));
#4035 = ORIENTED_EDGE('',*,*,#3897,.F.);
#4036 = PLANE('',#4037);
#4037 = AXIS2_PLACEMENT_3D('',#4038,#4039,#4040);
#4038 = CARTESIAN_POINT('',(1.07,5.26,0.875));
#4039 = DIRECTION('',(0.,0.,1.));
#4040 = DIRECTION('',(0.,-1.,0.));
#4041 = ADVANCED_FACE('',(#4042),#4053,.T.);
#4042 = FACE_BOUND('',#4043,.T.);
#4043 = EDGE_LOOP('',(#4044,#4050,#4051,#4052));
#4044 = ORIENTED_EDGE('',*,*,#4045,.T.);
#4045 = EDGE_CURVE('',#3906,#3808,#4046,.T.);
#4046 = LINE('',#4047,#4048);
#4047 = CARTESIAN_POINT('',(1.07,-2.67,7.5E-02));
#4048 = VECTOR('',#4049,1.);
#4049 = DIRECTION('',(1.,0.,0.));
#4050 = ORIENTED_EDGE('',*,*,#3815,.F.);
#4051 = ORIENTED_EDGE('',*,*,#4030,.F.);
#4052 = ORIENTED_EDGE('',*,*,#3905,.T.);
#4053 = CYLINDRICAL_SURFACE('',#4054,0.8);
#4054 = AXIS2_PLACEMENT_3D('',#4055,#4056,#4057);
#4055 = CARTESIAN_POINT('',(1.07,-1.87,7.5E-02));
#4056 = DIRECTION('',(1.,0.,0.));
#4057 = DIRECTION('',(0.,-1.,0.));
#4058 = ADVANCED_FACE('',(#4059),#4070,.T.);
#4059 = FACE_BOUND('',#4060,.F.);
#4060 = EDGE_LOOP('',(#4061,#4062,#4063,#4064));
#4061 = ORIENTED_EDGE('',*,*,#3914,.F.);
#4062 = ORIENTED_EDGE('',*,*,#4045,.T.);
#4063 = ORIENTED_EDGE('',*,*,#3807,.T.);
#4064 = ORIENTED_EDGE('',*,*,#4065,.F.);
#4065 = EDGE_CURVE('',#3915,#3800,#4066,.T.);
#4066 = LINE('',#4067,#4068);
#4067 = CARTESIAN_POINT('',(1.07,-2.67,-4.85));
#4068 = VECTOR('',#4069,1.);
#4069 = DIRECTION('',(1.,0.,0.));
#4070 = PLANE('',#4071);
#4071 = AXIS2_PLACEMENT_3D('',#4072,#4073,#4074);
#4072 = CARTESIAN_POINT('',(1.07,-2.67,7.5E-02));
#4073 = DIRECTION('',(0.,-1.,0.));
#4074 = DIRECTION('',(0.,0.,-1.));
#4075 = ADVANCED_FACE('',(#4076),#4087,.T.);
#4076 = FACE_BOUND('',#4077,.F.);
#4077 = EDGE_LOOP('',(#4078,#4079,#4080,#4081));
#4078 = ORIENTED_EDGE('',*,*,#3922,.F.);
#4079 = ORIENTED_EDGE('',*,*,#4065,.T.);
#4080 = ORIENTED_EDGE('',*,*,#3799,.T.);
#4081 = ORIENTED_EDGE('',*,*,#4082,.F.);
#4082 = EDGE_CURVE('',#3923,#3792,#4083,.T.);
#4083 = LINE('',#4084,#4085);
#4084 = CARTESIAN_POINT('',(1.07,-2.27,-4.85));
#4085 = VECTOR('',#4086,1.);
#4086 = DIRECTION('',(1.,0.,0.));
#4087 = PLANE('',#4088);
#4088 = AXIS2_PLACEMENT_3D('',#4089,#4090,#4091);
#4089 = CARTESIAN_POINT('',(1.07,-2.67,-4.85));
#4090 = DIRECTION('',(0.,0.,-1.));
#4091 = DIRECTION('',(0.,1.,0.));
#4092 = ADVANCED_FACE('',(#4093),#4104,.T.);
#4093 = FACE_BOUND('',#4094,.F.);
#4094 = EDGE_LOOP('',(#4095,#4096,#4097,#4098));
#4095 = ORIENTED_EDGE('',*,*,#3930,.F.);
#4096 = ORIENTED_EDGE('',*,*,#4082,.T.);
#4097 = ORIENTED_EDGE('',*,*,#3791,.T.);
#4098 = ORIENTED_EDGE('',*,*,#4099,.F.);
#4099 = EDGE_CURVE('',#3931,#3783,#4100,.T.);
#4100 = LINE('',#4101,#4102);
#4101 = CARTESIAN_POINT('',(1.07,-2.27,-5.E-03));
#4102 = VECTOR('',#4103,1.);
#4103 = DIRECTION('',(1.,0.,0.));
#4104 = PLANE('',#4105);
#4105 = AXIS2_PLACEMENT_3D('',#4106,#4107,#4108);
#4106 = CARTESIAN_POINT('',(1.07,-2.27,-4.85));
#4107 = DIRECTION('',(0.,1.,0.));
#4108 = DIRECTION('',(0.,-0.,1.));
#4109 = ADVANCED_FACE('',(#4110),#4121,.F.);
#4110 = FACE_BOUND('',#4111,.F.);
#4111 = EDGE_LOOP('',(#4112,#4113,#4114,#4115));
#4112 = ORIENTED_EDGE('',*,*,#3938,.F.);
#4113 = ORIENTED_EDGE('',*,*,#4099,.T.);
#4114 = ORIENTED_EDGE('',*,*,#3782,.T.);
#4115 = ORIENTED_EDGE('',*,*,#4116,.F.);
#4116 = EDGE_CURVE('',#3939,#3775,#4117,.T.);
#4117 = LINE('',#4118,#4119);
#4118 = CARTESIAN_POINT('',(1.07,-1.87,0.395));
#4119 = VECTOR('',#4120,1.);
#4120 = DIRECTION('',(1.,0.,0.));
#4121 = CYLINDRICAL_SURFACE('',#4122,0.4);
#4122 = AXIS2_PLACEMENT_3D('',#4123,#4124,#4125);
#4123 = CARTESIAN_POINT('',(1.07,-1.87,-5.E-03));
#4124 = DIRECTION('',(1.,0.,0.));
#4125 = DIRECTION('',(0.,-1.,0.));
#4126 = ADVANCED_FACE('',(#4127),#4133,.T.);
#4127 = FACE_BOUND('',#4128,.F.);
#4128 = EDGE_LOOP('',(#4129,#4130,#4131,#4132));
#4129 = ORIENTED_EDGE('',*,*,#3215,.F.);
#4130 = ORIENTED_EDGE('',*,*,#3947,.F.);
#4131 = ORIENTED_EDGE('',*,*,#4116,.T.);
#4132 = ORIENTED_EDGE('',*,*,#3774,.T.);
#4133 = PLANE('',#4134);
#4134 = AXIS2_PLACEMENT_3D('',#4135,#4136,#4137);
#4135 = CARTESIAN_POINT('',(1.07,-1.87,0.395));
#4136 = DIRECTION('',(0.,0.,-1.));
#4137 = DIRECTION('',(0.,1.,0.));
#4138 = ADVANCED_FACE('',(#4139),#4150,.T.);
#4139 = FACE_BOUND('',#4140,.F.);
#4140 = EDGE_LOOP('',(#4141,#4142,#4143,#4149));
#4141 = ORIENTED_EDGE('',*,*,#211,.T.);
#4142 = ORIENTED_EDGE('',*,*,#3767,.T.);
#4143 = ORIENTED_EDGE('',*,*,#4144,.F.);
#4144 = EDGE_CURVE('',#3960,#3760,#4145,.T.);
#4145 = LINE('',#4146,#4147);
#4146 = CARTESIAN_POINT('',(1.07,5.26,0.395));
#4147 = VECTOR('',#4148,1.);
#4148 = DIRECTION('',(1.,0.,0.));
#4149 = ORIENTED_EDGE('',*,*,#3959,.F.);
#4150 = PLANE('',#4151);
#4151 = AXIS2_PLACEMENT_3D('',#4152,#4153,#4154);
#4152 = CARTESIAN_POINT('',(1.07,-1.87,0.395));
#4153 = DIRECTION('',(0.,0.,-1.));
#4154 = DIRECTION('',(0.,1.,0.));
#4155 = ADVANCED_FACE('',(#4156),#4162,.T.);
#4156 = FACE_BOUND('',#4157,.F.);
#4157 = EDGE_LOOP('',(#4158,#4159,#4160,#4161));
#4158 = ORIENTED_EDGE('',*,*,#3967,.F.);
#4159 = ORIENTED_EDGE('',*,*,#4144,.T.);
#4160 = ORIENTED_EDGE('',*,*,#3759,.T.);
#4161 = ORIENTED_EDGE('',*,*,#3876,.F.);
#4162 = PLANE('',#4163);
#4163 = AXIS2_PLACEMENT_3D('',#4164,#4165,#4166);
#4164 = CARTESIAN_POINT('',(1.07,5.26,0.395));
#4165 = DIRECTION('',(0.,1.,0.));
#4166 = DIRECTION('',(0.,-0.,1.));
#4167 = ADVANCED_FACE('',(#4168),#4184,.F.);
#4168 = FACE_BOUND('',#4169,.F.);
#4169 = EDGE_LOOP('',(#4170,#4176,#4177,#4183));
#4170 = ORIENTED_EDGE('',*,*,#4171,.T.);
#4171 = EDGE_CURVE('',#2892,#270,#4172,.T.);
#4172 = LINE('',#4173,#4174);
#4173 = CARTESIAN_POINT('',(0.2,0.5,-0.875));
#4174 = VECTOR('',#4175,1.);
#4175 = DIRECTION('',(0.,1.,0.));
#4176 = ORIENTED_EDGE('',*,*,#269,.T.);
#4177 = ORIENTED_EDGE('',*,*,#4178,.F.);
#4178 = EDGE_CURVE('',#2894,#262,#4179,.T.);
#4179 = LINE('',#4180,#4181);
#4180 = CARTESIAN_POINT('',(0.24,0.5,-0.875));
#4181 = VECTOR('',#4182,1.);
#4182 = DIRECTION('',(0.,1.,0.));
#4183 = ORIENTED_EDGE('',*,*,#2891,.F.);
#4184 = PLANE('',#4185);
#4185 = AXIS2_PLACEMENT_3D('',#4186,#4187,#4188);
#4186 = CARTESIAN_POINT('',(-0.24,0.,-0.875));
#4187 = DIRECTION('',(0.,0.,-1.));
#4188 = DIRECTION('',(0.,1.,0.));
#4189 = ADVANCED_FACE('',(#4190),#4277,.T.);
#4190 = FACE_BOUND('',#4191,.F.);
#4191 = EDGE_LOOP('',(#4192,#4198,#4206,#4214,#4220,#4221,#4229,#4238,
    #4246,#4254,#4262,#4271));
#4192 = ORIENTED_EDGE('',*,*,#4193,.F.);
#4193 = EDGE_CURVE('',#246,#2910,#4194,.T.);
#4194 = LINE('',#4195,#4196);
#4195 = CARTESIAN_POINT('',(0.2,2.,-0.395));
#4196 = VECTOR('',#4197,1.);
#4197 = DIRECTION('',(0.,-1.,0.));
#4198 = ORIENTED_EDGE('',*,*,#4199,.F.);
#4199 = EDGE_CURVE('',#4200,#246,#4202,.T.);
#4200 = VERTEX_POINT('',#4201);
#4201 = CARTESIAN_POINT('',(0.2,5.26,-0.395));
#4202 = LINE('',#4203,#4204);
#4203 = CARTESIAN_POINT('',(0.2,5.26,-0.395));
#4204 = VECTOR('',#4205,1.);
#4205 = DIRECTION('',(0.,-1.,0.));
#4206 = ORIENTED_EDGE('',*,*,#4207,.F.);
#4207 = EDGE_CURVE('',#4208,#4200,#4210,.T.);
#4208 = VERTEX_POINT('',#4209);
#4209 = CARTESIAN_POINT('',(0.2,5.26,-0.875));
#4210 = LINE('',#4211,#4212);
#4211 = CARTESIAN_POINT('',(0.2,5.26,-0.875));
#4212 = VECTOR('',#4213,1.);
#4213 = DIRECTION('',(0.,0.,1.));
#4214 = ORIENTED_EDGE('',*,*,#4215,.F.);
#4215 = EDGE_CURVE('',#270,#4208,#4216,.T.);
#4216 = LINE('',#4217,#4218);
#4217 = CARTESIAN_POINT('',(0.2,2.,-0.875));
#4218 = VECTOR('',#4219,1.);
#4219 = DIRECTION('',(0.,1.,0.));
#4220 = ORIENTED_EDGE('',*,*,#4171,.F.);
#4221 = ORIENTED_EDGE('',*,*,#4222,.F.);
#4222 = EDGE_CURVE('',#4223,#2892,#4225,.T.);
#4223 = VERTEX_POINT('',#4224);
#4224 = CARTESIAN_POINT('',(0.2,-0.6,-0.875));
#4225 = LINE('',#4226,#4227);
#4226 = CARTESIAN_POINT('',(0.2,-0.6,-0.875));
#4227 = VECTOR('',#4228,1.);
#4228 = DIRECTION('',(0.,1.,0.));
#4229 = ORIENTED_EDGE('',*,*,#4230,.F.);
#4230 = EDGE_CURVE('',#4231,#4223,#4233,.T.);
#4231 = VERTEX_POINT('',#4232);
#4232 = CARTESIAN_POINT('',(0.2,-1.,-1.275));
#4233 = CIRCLE('',#4234,0.4);
#4234 = AXIS2_PLACEMENT_3D('',#4235,#4236,#4237);
#4235 = CARTESIAN_POINT('',(0.2,-0.6,-1.275));
#4236 = DIRECTION('',(-1.,0.,0.));
#4237 = DIRECTION('',(0.,-1.,0.));
#4238 = ORIENTED_EDGE('',*,*,#4239,.F.);
#4239 = EDGE_CURVE('',#4240,#4231,#4242,.T.);
#4240 = VERTEX_POINT('',#4241);
#4241 = CARTESIAN_POINT('',(0.2,-1.,-4.85));
#4242 = LINE('',#4243,#4244);
#4243 = CARTESIAN_POINT('',(0.2,-1.,-4.85));
#4244 = VECTOR('',#4245,1.);
#4245 = DIRECTION('',(0.,0.,1.));
#4246 = ORIENTED_EDGE('',*,*,#4247,.F.);
#4247 = EDGE_CURVE('',#4248,#4240,#4250,.T.);
#4248 = VERTEX_POINT('',#4249);
#4249 = CARTESIAN_POINT('',(0.2,-1.4,-4.85));
#4250 = LINE('',#4251,#4252);
#4251 = CARTESIAN_POINT('',(0.2,-1.4,-4.85));
#4252 = VECTOR('',#4253,1.);
#4253 = DIRECTION('',(0.,1.,0.));
#4254 = ORIENTED_EDGE('',*,*,#4255,.F.);
#4255 = EDGE_CURVE('',#4256,#4248,#4258,.T.);
#4256 = VERTEX_POINT('',#4257);
#4257 = CARTESIAN_POINT('',(0.2,-1.4,-1.195));
#4258 = LINE('',#4259,#4260);
#4259 = CARTESIAN_POINT('',(0.2,-1.4,-1.195));
#4260 = VECTOR('',#4261,1.);
#4261 = DIRECTION('',(0.,0.,-1.));
#4262 = ORIENTED_EDGE('',*,*,#4263,.F.);
#4263 = EDGE_CURVE('',#4264,#4256,#4266,.T.);
#4264 = VERTEX_POINT('',#4265);
#4265 = CARTESIAN_POINT('',(0.2,-0.6,-0.395));
#4266 = CIRCLE('',#4267,0.8);
#4267 = AXIS2_PLACEMENT_3D('',#4268,#4269,#4270);
#4268 = CARTESIAN_POINT('',(0.2,-0.6,-1.195));
#4269 = DIRECTION('',(1.,0.,-0.));
#4270 = DIRECTION('',(0.,0.,1.));
#4271 = ORIENTED_EDGE('',*,*,#4272,.F.);
#4272 = EDGE_CURVE('',#2910,#4264,#4273,.T.);
#4273 = LINE('',#4274,#4275);
#4274 = CARTESIAN_POINT('',(0.2,0.5,-0.395));
#4275 = VECTOR('',#4276,1.);
#4276 = DIRECTION('',(0.,-1.,0.));
#4277 = PLANE('',#4278);
#4278 = AXIS2_PLACEMENT_3D('',#4279,#4280,#4281);
#4279 = CARTESIAN_POINT('',(0.2,0.,0.));
#4280 = DIRECTION('',(1.,0.,0.));
#4281 = DIRECTION('',(0.,-1.,0.));
#4282 = ADVANCED_FACE('',(#4283),#4294,.F.);
#4283 = FACE_BOUND('',#4284,.F.);
#4284 = EDGE_LOOP('',(#4285,#4286,#4287,#4293));
#4285 = ORIENTED_EDGE('',*,*,#4193,.T.);
#4286 = ORIENTED_EDGE('',*,*,#2909,.T.);
#4287 = ORIENTED_EDGE('',*,*,#4288,.F.);
#4288 = EDGE_CURVE('',#254,#2902,#4289,.T.);
#4289 = LINE('',#4290,#4291);
#4290 = CARTESIAN_POINT('',(0.24,2.,-0.395));
#4291 = VECTOR('',#4292,1.);
#4292 = DIRECTION('',(0.,-1.,0.));
#4293 = ORIENTED_EDGE('',*,*,#253,.F.);
#4294 = PLANE('',#4295);
#4295 = AXIS2_PLACEMENT_3D('',#4296,#4297,#4298);
#4296 = CARTESIAN_POINT('',(-0.24,2.,-0.395));
#4297 = DIRECTION('',(0.,0.,1.));
#4298 = DIRECTION('',(0.,-1.,0.));
#4299 = ADVANCED_FACE('',(#4300),#4306,.F.);
#4300 = FACE_BOUND('',#4301,.F.);
#4301 = EDGE_LOOP('',(#4302,#4303,#4304,#4305));
#4302 = ORIENTED_EDGE('',*,*,#2901,.T.);
#4303 = ORIENTED_EDGE('',*,*,#4178,.T.);
#4304 = ORIENTED_EDGE('',*,*,#261,.F.);
#4305 = ORIENTED_EDGE('',*,*,#4288,.T.);
#4306 = PLANE('',#4307);
#4307 = AXIS2_PLACEMENT_3D('',#4308,#4309,#4310);
#4308 = CARTESIAN_POINT('',(0.24,0.,0.));
#4309 = DIRECTION('',(1.,0.,0.));
#4310 = DIRECTION('',(0.,-1.,0.));
#4311 = ADVANCED_FACE('',(#4312),#4330,.T.);
#4312 = FACE_BOUND('',#4313,.F.);
#4313 = EDGE_LOOP('',(#4314,#4315,#4323,#4329));
#4314 = ORIENTED_EDGE('',*,*,#245,.F.);
#4315 = ORIENTED_EDGE('',*,*,#4316,.F.);
#4316 = EDGE_CURVE('',#4317,#238,#4319,.T.);
#4317 = VERTEX_POINT('',#4318);
#4318 = CARTESIAN_POINT('',(-0.2,5.26,-0.395));
#4319 = LINE('',#4320,#4321);
#4320 = CARTESIAN_POINT('',(-0.2,5.26,-0.395));
#4321 = VECTOR('',#4322,1.);
#4322 = DIRECTION('',(0.,-1.,0.));
#4323 = ORIENTED_EDGE('',*,*,#4324,.T.);
#4324 = EDGE_CURVE('',#4317,#4200,#4325,.T.);
#4325 = LINE('',#4326,#4327);
#4326 = CARTESIAN_POINT('',(-0.2,5.26,-0.395));
#4327 = VECTOR('',#4328,1.);
#4328 = DIRECTION('',(1.,0.,0.));
#4329 = ORIENTED_EDGE('',*,*,#4199,.T.);
#4330 = PLANE('',#4331);
#4331 = AXIS2_PLACEMENT_3D('',#4332,#4333,#4334);
#4332 = CARTESIAN_POINT('',(-0.2,5.26,-0.395));
#4333 = DIRECTION('',(0.,0.,1.));
#4334 = DIRECTION('',(0.,-1.,0.));
#4335 = ADVANCED_FACE('',(#4336),#4421,.F.);
#4336 = FACE_BOUND('',#4337,.F.);
#4337 = EDGE_LOOP('',(#4338,#4344,#4352,#4361,#4369,#4377,#4385,#4394,
    #4400,#4406,#4414,#4420));
#4338 = ORIENTED_EDGE('',*,*,#4339,.T.);
#4339 = EDGE_CURVE('',#238,#2918,#4340,.T.);
#4340 = LINE('',#4341,#4342);
#4341 = CARTESIAN_POINT('',(-0.2,2.,-0.395));
#4342 = VECTOR('',#4343,1.);
#4343 = DIRECTION('',(0.,-1.,0.));
#4344 = ORIENTED_EDGE('',*,*,#4345,.T.);
#4345 = EDGE_CURVE('',#2918,#4346,#4348,.T.);
#4346 = VERTEX_POINT('',#4347);
#4347 = CARTESIAN_POINT('',(-0.2,-0.6,-0.395));
#4348 = LINE('',#4349,#4350);
#4349 = CARTESIAN_POINT('',(-0.2,0.5,-0.395));
#4350 = VECTOR('',#4351,1.);
#4351 = DIRECTION('',(0.,-1.,0.));
#4352 = ORIENTED_EDGE('',*,*,#4353,.T.);
#4353 = EDGE_CURVE('',#4346,#4354,#4356,.T.);
#4354 = VERTEX_POINT('',#4355);
#4355 = CARTESIAN_POINT('',(-0.2,-1.4,-1.195));
#4356 = CIRCLE('',#4357,0.8);
#4357 = AXIS2_PLACEMENT_3D('',#4358,#4359,#4360);
#4358 = CARTESIAN_POINT('',(-0.2,-0.6,-1.195));
#4359 = DIRECTION('',(1.,0.,-0.));
#4360 = DIRECTION('',(0.,0.,1.));
#4361 = ORIENTED_EDGE('',*,*,#4362,.T.);
#4362 = EDGE_CURVE('',#4354,#4363,#4365,.T.);
#4363 = VERTEX_POINT('',#4364);
#4364 = CARTESIAN_POINT('',(-0.2,-1.4,-4.85));
#4365 = LINE('',#4366,#4367);
#4366 = CARTESIAN_POINT('',(-0.2,-1.4,-1.195));
#4367 = VECTOR('',#4368,1.);
#4368 = DIRECTION('',(0.,0.,-1.));
#4369 = ORIENTED_EDGE('',*,*,#4370,.T.);
#4370 = EDGE_CURVE('',#4363,#4371,#4373,.T.);
#4371 = VERTEX_POINT('',#4372);
#4372 = CARTESIAN_POINT('',(-0.2,-1.,-4.85));
#4373 = LINE('',#4374,#4375);
#4374 = CARTESIAN_POINT('',(-0.2,-1.4,-4.85));
#4375 = VECTOR('',#4376,1.);
#4376 = DIRECTION('',(0.,1.,0.));
#4377 = ORIENTED_EDGE('',*,*,#4378,.T.);
#4378 = EDGE_CURVE('',#4371,#4379,#4381,.T.);
#4379 = VERTEX_POINT('',#4380);
#4380 = CARTESIAN_POINT('',(-0.2,-1.,-1.275));
#4381 = LINE('',#4382,#4383);
#4382 = CARTESIAN_POINT('',(-0.2,-1.,-4.85));
#4383 = VECTOR('',#4384,1.);
#4384 = DIRECTION('',(0.,0.,1.));
#4385 = ORIENTED_EDGE('',*,*,#4386,.T.);
#4386 = EDGE_CURVE('',#4379,#4387,#4389,.T.);
#4387 = VERTEX_POINT('',#4388);
#4388 = CARTESIAN_POINT('',(-0.2,-0.6,-0.875));
#4389 = CIRCLE('',#4390,0.4);
#4390 = AXIS2_PLACEMENT_3D('',#4391,#4392,#4393);
#4391 = CARTESIAN_POINT('',(-0.2,-0.6,-1.275));
#4392 = DIRECTION('',(-1.,0.,0.));
#4393 = DIRECTION('',(0.,-1.,0.));
#4394 = ORIENTED_EDGE('',*,*,#4395,.T.);
#4395 = EDGE_CURVE('',#4387,#2942,#4396,.T.);
#4396 = LINE('',#4397,#4398);
#4397 = CARTESIAN_POINT('',(-0.2,-0.6,-0.875));
#4398 = VECTOR('',#4399,1.);
#4399 = DIRECTION('',(0.,1.,0.));
#4400 = ORIENTED_EDGE('',*,*,#4401,.T.);
#4401 = EDGE_CURVE('',#2942,#222,#4402,.T.);
#4402 = LINE('',#4403,#4404);
#4403 = CARTESIAN_POINT('',(-0.2,0.5,-0.875));
#4404 = VECTOR('',#4405,1.);
#4405 = DIRECTION('',(0.,1.,0.));
#4406 = ORIENTED_EDGE('',*,*,#4407,.T.);
#4407 = EDGE_CURVE('',#222,#4408,#4410,.T.);
#4408 = VERTEX_POINT('',#4409);
#4409 = CARTESIAN_POINT('',(-0.2,5.26,-0.875));
#4410 = LINE('',#4411,#4412);
#4411 = CARTESIAN_POINT('',(-0.2,2.,-0.875));
#4412 = VECTOR('',#4413,1.);
#4413 = DIRECTION('',(0.,1.,0.));
#4414 = ORIENTED_EDGE('',*,*,#4415,.T.);
#4415 = EDGE_CURVE('',#4408,#4317,#4416,.T.);
#4416 = LINE('',#4417,#4418);
#4417 = CARTESIAN_POINT('',(-0.2,5.26,-0.875));
#4418 = VECTOR('',#4419,1.);
#4419 = DIRECTION('',(0.,0.,1.));
#4420 = ORIENTED_EDGE('',*,*,#4316,.T.);
#4421 = PLANE('',#4422);
#4422 = AXIS2_PLACEMENT_3D('',#4423,#4424,#4425);
#4423 = CARTESIAN_POINT('',(-0.2,0.,0.));
#4424 = DIRECTION('',(1.,0.,0.));
#4425 = DIRECTION('',(0.,-1.,0.));
#4426 = ADVANCED_FACE('',(#4427),#4438,.F.);
#4427 = FACE_BOUND('',#4428,.F.);
#4428 = EDGE_LOOP('',(#4429,#4430,#4431,#4437));
#4429 = ORIENTED_EDGE('',*,*,#4339,.F.);
#4430 = ORIENTED_EDGE('',*,*,#237,.F.);
#4431 = ORIENTED_EDGE('',*,*,#4432,.T.);
#4432 = EDGE_CURVE('',#230,#2926,#4433,.T.);
#4433 = LINE('',#4434,#4435);
#4434 = CARTESIAN_POINT('',(-0.24,2.,-0.395));
#4435 = VECTOR('',#4436,1.);
#4436 = DIRECTION('',(0.,-1.,0.));
#4437 = ORIENTED_EDGE('',*,*,#2925,.T.);
#4438 = PLANE('',#4439);
#4439 = AXIS2_PLACEMENT_3D('',#4440,#4441,#4442);
#4440 = CARTESIAN_POINT('',(-0.24,2.,-0.395));
#4441 = DIRECTION('',(0.,0.,1.));
#4442 = DIRECTION('',(0.,-1.,0.));
#4443 = ADVANCED_FACE('',(#4444),#4455,.T.);
#4444 = FACE_BOUND('',#4445,.F.);
#4445 = EDGE_LOOP('',(#4446,#4447,#4448,#4449));
#4446 = ORIENTED_EDGE('',*,*,#2933,.F.);
#4447 = ORIENTED_EDGE('',*,*,#4432,.F.);
#4448 = ORIENTED_EDGE('',*,*,#229,.T.);
#4449 = ORIENTED_EDGE('',*,*,#4450,.F.);
#4450 = EDGE_CURVE('',#2934,#220,#4451,.T.);
#4451 = LINE('',#4452,#4453);
#4452 = CARTESIAN_POINT('',(-0.24,0.5,-0.875));
#4453 = VECTOR('',#4454,1.);
#4454 = DIRECTION('',(0.,1.,0.));
#4455 = PLANE('',#4456);
#4456 = AXIS2_PLACEMENT_3D('',#4457,#4458,#4459);
#4457 = CARTESIAN_POINT('',(-0.24,0.,0.));
#4458 = DIRECTION('',(1.,0.,0.));
#4459 = DIRECTION('',(0.,-1.,0.));
#4460 = ADVANCED_FACE('',(#4461),#4467,.F.);
#4461 = FACE_BOUND('',#4462,.F.);
#4462 = EDGE_LOOP('',(#4463,#4464,#4465,#4466));
#4463 = ORIENTED_EDGE('',*,*,#4401,.F.);
#4464 = ORIENTED_EDGE('',*,*,#2941,.F.);
#4465 = ORIENTED_EDGE('',*,*,#4450,.T.);
#4466 = ORIENTED_EDGE('',*,*,#219,.T.);
#4467 = PLANE('',#4468);
#4468 = AXIS2_PLACEMENT_3D('',#4469,#4470,#4471);
#4469 = CARTESIAN_POINT('',(-0.24,0.,-0.875));
#4470 = DIRECTION('',(0.,0.,-1.));
#4471 = DIRECTION('',(0.,1.,0.));
#4472 = ADVANCED_FACE('',(#4473),#4484,.T.);
#4473 = FACE_BOUND('',#4474,.F.);
#4474 = EDGE_LOOP('',(#4475,#4476,#4477,#4483));
#4475 = ORIENTED_EDGE('',*,*,#2917,.T.);
#4476 = ORIENTED_EDGE('',*,*,#4272,.T.);
#4477 = ORIENTED_EDGE('',*,*,#4478,.F.);
#4478 = EDGE_CURVE('',#4346,#4264,#4479,.T.);
#4479 = LINE('',#4480,#4481);
#4480 = CARTESIAN_POINT('',(-0.2,-0.6,-0.395));
#4481 = VECTOR('',#4482,1.);
#4482 = DIRECTION('',(1.,0.,0.));
#4483 = ORIENTED_EDGE('',*,*,#4345,.F.);
#4484 = PLANE('',#4485);
#4485 = AXIS2_PLACEMENT_3D('',#4486,#4487,#4488);
#4486 = CARTESIAN_POINT('',(-0.2,5.26,-0.395));
#4487 = DIRECTION('',(0.,0.,1.));
#4488 = DIRECTION('',(0.,-1.,0.));
#4489 = ADVANCED_FACE('',(#4490),#4501,.T.);
#4490 = FACE_BOUND('',#4491,.T.);
#4491 = EDGE_LOOP('',(#4492,#4498,#4499,#4500));
#4492 = ORIENTED_EDGE('',*,*,#4493,.T.);
#4493 = EDGE_CURVE('',#4354,#4256,#4494,.T.);
#4494 = LINE('',#4495,#4496);
#4495 = CARTESIAN_POINT('',(-0.2,-1.4,-1.195));
#4496 = VECTOR('',#4497,1.);
#4497 = DIRECTION('',(1.,0.,0.));
#4498 = ORIENTED_EDGE('',*,*,#4263,.F.);
#4499 = ORIENTED_EDGE('',*,*,#4478,.F.);
#4500 = ORIENTED_EDGE('',*,*,#4353,.T.);
#4501 = CYLINDRICAL_SURFACE('',#4502,0.8);
#4502 = AXIS2_PLACEMENT_3D('',#4503,#4504,#4505);
#4503 = CARTESIAN_POINT('',(-0.2,-0.6,-1.195));
#4504 = DIRECTION('',(1.,0.,0.));
#4505 = DIRECTION('',(0.,-1.,0.));
#4506 = ADVANCED_FACE('',(#4507),#4518,.T.);
#4507 = FACE_BOUND('',#4508,.F.);
#4508 = EDGE_LOOP('',(#4509,#4510,#4511,#4512));
#4509 = ORIENTED_EDGE('',*,*,#4362,.F.);
#4510 = ORIENTED_EDGE('',*,*,#4493,.T.);
#4511 = ORIENTED_EDGE('',*,*,#4255,.T.);
#4512 = ORIENTED_EDGE('',*,*,#4513,.F.);
#4513 = EDGE_CURVE('',#4363,#4248,#4514,.T.);
#4514 = LINE('',#4515,#4516);
#4515 = CARTESIAN_POINT('',(-0.2,-1.4,-4.85));
#4516 = VECTOR('',#4517,1.);
#4517 = DIRECTION('',(1.,0.,0.));
#4518 = PLANE('',#4519);
#4519 = AXIS2_PLACEMENT_3D('',#4520,#4521,#4522);
#4520 = CARTESIAN_POINT('',(-0.2,-1.4,-1.195));
#4521 = DIRECTION('',(0.,-1.,0.));
#4522 = DIRECTION('',(0.,0.,-1.));
#4523 = ADVANCED_FACE('',(#4524),#4535,.T.);
#4524 = FACE_BOUND('',#4525,.F.);
#4525 = EDGE_LOOP('',(#4526,#4527,#4528,#4529));
#4526 = ORIENTED_EDGE('',*,*,#4370,.F.);
#4527 = ORIENTED_EDGE('',*,*,#4513,.T.);
#4528 = ORIENTED_EDGE('',*,*,#4247,.T.);
#4529 = ORIENTED_EDGE('',*,*,#4530,.F.);
#4530 = EDGE_CURVE('',#4371,#4240,#4531,.T.);
#4531 = LINE('',#4532,#4533);
#4532 = CARTESIAN_POINT('',(-0.2,-1.,-4.85));
#4533 = VECTOR('',#4534,1.);
#4534 = DIRECTION('',(1.,0.,0.));
#4535 = PLANE('',#4536);
#4536 = AXIS2_PLACEMENT_3D('',#4537,#4538,#4539);
#4537 = CARTESIAN_POINT('',(-0.2,-1.4,-4.85));
#4538 = DIRECTION('',(0.,0.,-1.));
#4539 = DIRECTION('',(0.,1.,0.));
#4540 = ADVANCED_FACE('',(#4541),#4552,.T.);
#4541 = FACE_BOUND('',#4542,.F.);
#4542 = EDGE_LOOP('',(#4543,#4544,#4545,#4546));
#4543 = ORIENTED_EDGE('',*,*,#4378,.F.);
#4544 = ORIENTED_EDGE('',*,*,#4530,.T.);
#4545 = ORIENTED_EDGE('',*,*,#4239,.T.);
#4546 = ORIENTED_EDGE('',*,*,#4547,.F.);
#4547 = EDGE_CURVE('',#4379,#4231,#4548,.T.);
#4548 = LINE('',#4549,#4550);
#4549 = CARTESIAN_POINT('',(-0.2,-1.,-1.275));
#4550 = VECTOR('',#4551,1.);
#4551 = DIRECTION('',(1.,0.,0.));
#4552 = PLANE('',#4553);
#4553 = AXIS2_PLACEMENT_3D('',#4554,#4555,#4556);
#4554 = CARTESIAN_POINT('',(-0.2,-1.,-4.85));
#4555 = DIRECTION('',(0.,1.,0.));
#4556 = DIRECTION('',(0.,-0.,1.));
#4557 = ADVANCED_FACE('',(#4558),#4569,.F.);
#4558 = FACE_BOUND('',#4559,.F.);
#4559 = EDGE_LOOP('',(#4560,#4561,#4562,#4563));
#4560 = ORIENTED_EDGE('',*,*,#4386,.F.);
#4561 = ORIENTED_EDGE('',*,*,#4547,.T.);
#4562 = ORIENTED_EDGE('',*,*,#4230,.T.);
#4563 = ORIENTED_EDGE('',*,*,#4564,.F.);
#4564 = EDGE_CURVE('',#4387,#4223,#4565,.T.);
#4565 = LINE('',#4566,#4567);
#4566 = CARTESIAN_POINT('',(-0.2,-0.6,-0.875));
#4567 = VECTOR('',#4568,1.);
#4568 = DIRECTION('',(1.,0.,0.));
#4569 = CYLINDRICAL_SURFACE('',#4570,0.4);
#4570 = AXIS2_PLACEMENT_3D('',#4571,#4572,#4573);
#4571 = CARTESIAN_POINT('',(-0.2,-0.6,-1.275));
#4572 = DIRECTION('',(1.,0.,0.));
#4573 = DIRECTION('',(0.,-1.,0.));
#4574 = ADVANCED_FACE('',(#4575),#4581,.T.);
#4575 = FACE_BOUND('',#4576,.F.);
#4576 = EDGE_LOOP('',(#4577,#4578,#4579,#4580));
#4577 = ORIENTED_EDGE('',*,*,#2949,.F.);
#4578 = ORIENTED_EDGE('',*,*,#4395,.F.);
#4579 = ORIENTED_EDGE('',*,*,#4564,.T.);
#4580 = ORIENTED_EDGE('',*,*,#4222,.T.);
#4581 = PLANE('',#4582);
#4582 = AXIS2_PLACEMENT_3D('',#4583,#4584,#4585);
#4583 = CARTESIAN_POINT('',(-0.2,-0.6,-0.875));
#4584 = DIRECTION('',(0.,0.,-1.));
#4585 = DIRECTION('',(0.,1.,0.));
#4586 = ADVANCED_FACE('',(#4587),#4598,.T.);
#4587 = FACE_BOUND('',#4588,.F.);
#4588 = EDGE_LOOP('',(#4589,#4590,#4591,#4597));
#4589 = ORIENTED_EDGE('',*,*,#277,.T.);
#4590 = ORIENTED_EDGE('',*,*,#4215,.T.);
#4591 = ORIENTED_EDGE('',*,*,#4592,.F.);
#4592 = EDGE_CURVE('',#4408,#4208,#4593,.T.);
#4593 = LINE('',#4594,#4595);
#4594 = CARTESIAN_POINT('',(-0.2,5.26,-0.875));
#4595 = VECTOR('',#4596,1.);
#4596 = DIRECTION('',(1.,0.,0.));
#4597 = ORIENTED_EDGE('',*,*,#4407,.F.);
#4598 = PLANE('',#4599);
#4599 = AXIS2_PLACEMENT_3D('',#4600,#4601,#4602);
#4600 = CARTESIAN_POINT('',(-0.2,-0.6,-0.875));
#4601 = DIRECTION('',(0.,0.,-1.));
#4602 = DIRECTION('',(0.,1.,0.));
#4603 = ADVANCED_FACE('',(#4604),#4610,.T.);
#4604 = FACE_BOUND('',#4605,.F.);
#4605 = EDGE_LOOP('',(#4606,#4607,#4608,#4609));
#4606 = ORIENTED_EDGE('',*,*,#4415,.F.);
#4607 = ORIENTED_EDGE('',*,*,#4592,.T.);
#4608 = ORIENTED_EDGE('',*,*,#4207,.T.);
#4609 = ORIENTED_EDGE('',*,*,#4324,.F.);
#4610 = PLANE('',#4611);
#4611 = AXIS2_PLACEMENT_3D('',#4612,#4613,#4614);
#4612 = CARTESIAN_POINT('',(-0.2,5.26,-0.875));
#4613 = DIRECTION('',(0.,1.,0.));
#4614 = DIRECTION('',(0.,-0.,1.));
#4615 = ADVANCED_FACE('',(#4616),#4632,.F.);
#4616 = FACE_BOUND('',#4617,.F.);
#4617 = EDGE_LOOP('',(#4618,#4624,#4625,#4631));
#4618 = ORIENTED_EDGE('',*,*,#4619,.T.);
#4619 = EDGE_CURVE('',#2958,#336,#4620,.T.);
#4620 = LINE('',#4621,#4622);
#4621 = CARTESIAN_POINT('',(0.2,0.5,0.395));
#4622 = VECTOR('',#4623,1.);
#4623 = DIRECTION('',(0.,1.,0.));
#4624 = ORIENTED_EDGE('',*,*,#335,.T.);
#4625 = ORIENTED_EDGE('',*,*,#4626,.F.);
#4626 = EDGE_CURVE('',#2960,#328,#4627,.T.);
#4627 = LINE('',#4628,#4629);
#4628 = CARTESIAN_POINT('',(0.24,0.5,0.395));
#4629 = VECTOR('',#4630,1.);
#4630 = DIRECTION('',(0.,1.,0.));
#4631 = ORIENTED_EDGE('',*,*,#2957,.F.);
#4632 = PLANE('',#4633);
#4633 = AXIS2_PLACEMENT_3D('',#4634,#4635,#4636);
#4634 = CARTESIAN_POINT('',(-0.24,0.,0.395));
#4635 = DIRECTION('',(0.,0.,-1.));
#4636 = DIRECTION('',(0.,1.,0.));
#4637 = ADVANCED_FACE('',(#4638),#4725,.T.);
#4638 = FACE_BOUND('',#4639,.F.);
#4639 = EDGE_LOOP('',(#4640,#4646,#4654,#4662,#4668,#4669,#4677,#4686,
    #4694,#4702,#4710,#4719));
#4640 = ORIENTED_EDGE('',*,*,#4641,.F.);
#4641 = EDGE_CURVE('',#312,#2976,#4642,.T.);
#4642 = LINE('',#4643,#4644);
#4643 = CARTESIAN_POINT('',(0.2,2.,0.875));
#4644 = VECTOR('',#4645,1.);
#4645 = DIRECTION('',(0.,-1.,0.));
#4646 = ORIENTED_EDGE('',*,*,#4647,.F.);
#4647 = EDGE_CURVE('',#4648,#312,#4650,.T.);
#4648 = VERTEX_POINT('',#4649);
#4649 = CARTESIAN_POINT('',(0.2,5.26,0.875));
#4650 = LINE('',#4651,#4652);
#4651 = CARTESIAN_POINT('',(0.2,5.26,0.875));
#4652 = VECTOR('',#4653,1.);
#4653 = DIRECTION('',(0.,-1.,0.));
#4654 = ORIENTED_EDGE('',*,*,#4655,.F.);
#4655 = EDGE_CURVE('',#4656,#4648,#4658,.T.);
#4656 = VERTEX_POINT('',#4657);
#4657 = CARTESIAN_POINT('',(0.2,5.26,0.395));
#4658 = LINE('',#4659,#4660);
#4659 = CARTESIAN_POINT('',(0.2,5.26,0.395));
#4660 = VECTOR('',#4661,1.);
#4661 = DIRECTION('',(0.,0.,1.));
#4662 = ORIENTED_EDGE('',*,*,#4663,.F.);
#4663 = EDGE_CURVE('',#336,#4656,#4664,.T.);
#4664 = LINE('',#4665,#4666);
#4665 = CARTESIAN_POINT('',(0.2,2.,0.395));
#4666 = VECTOR('',#4667,1.);
#4667 = DIRECTION('',(0.,1.,0.));
#4668 = ORIENTED_EDGE('',*,*,#4619,.F.);
#4669 = ORIENTED_EDGE('',*,*,#4670,.F.);
#4670 = EDGE_CURVE('',#4671,#2958,#4673,.T.);
#4671 = VERTEX_POINT('',#4672);
#4672 = CARTESIAN_POINT('',(0.2,-1.87,0.395));
#4673 = LINE('',#4674,#4675);
#4674 = CARTESIAN_POINT('',(0.2,-1.87,0.395));
#4675 = VECTOR('',#4676,1.);
#4676 = DIRECTION('',(0.,1.,0.));
#4677 = ORIENTED_EDGE('',*,*,#4678,.F.);
#4678 = EDGE_CURVE('',#4679,#4671,#4681,.T.);
#4679 = VERTEX_POINT('',#4680);
#4680 = CARTESIAN_POINT('',(0.2,-2.27,-5.E-03));
#4681 = CIRCLE('',#4682,0.4);
#4682 = AXIS2_PLACEMENT_3D('',#4683,#4684,#4685);
#4683 = CARTESIAN_POINT('',(0.2,-1.87,-5.E-03));
#4684 = DIRECTION('',(-1.,0.,0.));
#4685 = DIRECTION('',(0.,-1.,0.));
#4686 = ORIENTED_EDGE('',*,*,#4687,.F.);
#4687 = EDGE_CURVE('',#4688,#4679,#4690,.T.);
#4688 = VERTEX_POINT('',#4689);
#4689 = CARTESIAN_POINT('',(0.2,-2.27,-4.85));
#4690 = LINE('',#4691,#4692);
#4691 = CARTESIAN_POINT('',(0.2,-2.27,-4.85));
#4692 = VECTOR('',#4693,1.);
#4693 = DIRECTION('',(0.,0.,1.));
#4694 = ORIENTED_EDGE('',*,*,#4695,.F.);
#4695 = EDGE_CURVE('',#4696,#4688,#4698,.T.);
#4696 = VERTEX_POINT('',#4697);
#4697 = CARTESIAN_POINT('',(0.2,-2.67,-4.85));
#4698 = LINE('',#4699,#4700);
#4699 = CARTESIAN_POINT('',(0.2,-2.67,-4.85));
#4700 = VECTOR('',#4701,1.);
#4701 = DIRECTION('',(0.,1.,0.));
#4702 = ORIENTED_EDGE('',*,*,#4703,.F.);
#4703 = EDGE_CURVE('',#4704,#4696,#4706,.T.);
#4704 = VERTEX_POINT('',#4705);
#4705 = CARTESIAN_POINT('',(0.2,-2.67,7.5E-02));
#4706 = LINE('',#4707,#4708);
#4707 = CARTESIAN_POINT('',(0.2,-2.67,7.5E-02));
#4708 = VECTOR('',#4709,1.);
#4709 = DIRECTION('',(0.,0.,-1.));
#4710 = ORIENTED_EDGE('',*,*,#4711,.F.);
#4711 = EDGE_CURVE('',#4712,#4704,#4714,.T.);
#4712 = VERTEX_POINT('',#4713);
#4713 = CARTESIAN_POINT('',(0.2,-1.87,0.875));
#4714 = CIRCLE('',#4715,0.8);
#4715 = AXIS2_PLACEMENT_3D('',#4716,#4717,#4718);
#4716 = CARTESIAN_POINT('',(0.2,-1.87,7.5E-02));
#4717 = DIRECTION('',(1.,0.,-0.));
#4718 = DIRECTION('',(0.,0.,1.));
#4719 = ORIENTED_EDGE('',*,*,#4720,.F.);
#4720 = EDGE_CURVE('',#2976,#4712,#4721,.T.);
#4721 = LINE('',#4722,#4723);
#4722 = CARTESIAN_POINT('',(0.2,0.5,0.875));
#4723 = VECTOR('',#4724,1.);
#4724 = DIRECTION('',(0.,-1.,0.));
#4725 = PLANE('',#4726);
#4726 = AXIS2_PLACEMENT_3D('',#4727,#4728,#4729);
#4727 = CARTESIAN_POINT('',(0.2,0.,0.));
#4728 = DIRECTION('',(1.,0.,0.));
#4729 = DIRECTION('',(0.,-1.,0.));
#4730 = ADVANCED_FACE('',(#4731),#4742,.F.);
#4731 = FACE_BOUND('',#4732,.F.);
#4732 = EDGE_LOOP('',(#4733,#4734,#4735,#4741));
#4733 = ORIENTED_EDGE('',*,*,#4641,.T.);
#4734 = ORIENTED_EDGE('',*,*,#2975,.T.);
#4735 = ORIENTED_EDGE('',*,*,#4736,.F.);
#4736 = EDGE_CURVE('',#320,#2968,#4737,.T.);
#4737 = LINE('',#4738,#4739);
#4738 = CARTESIAN_POINT('',(0.24,2.,0.875));
#4739 = VECTOR('',#4740,1.);
#4740 = DIRECTION('',(0.,-1.,0.));
#4741 = ORIENTED_EDGE('',*,*,#319,.F.);
#4742 = PLANE('',#4743);
#4743 = AXIS2_PLACEMENT_3D('',#4744,#4745,#4746);
#4744 = CARTESIAN_POINT('',(-0.24,2.,0.875));
#4745 = DIRECTION('',(0.,0.,1.));
#4746 = DIRECTION('',(0.,-1.,0.));
#4747 = ADVANCED_FACE('',(#4748),#4754,.F.);
#4748 = FACE_BOUND('',#4749,.F.);
#4749 = EDGE_LOOP('',(#4750,#4751,#4752,#4753));
#4750 = ORIENTED_EDGE('',*,*,#2967,.T.);
#4751 = ORIENTED_EDGE('',*,*,#4626,.T.);
#4752 = ORIENTED_EDGE('',*,*,#327,.F.);
#4753 = ORIENTED_EDGE('',*,*,#4736,.T.);
#4754 = PLANE('',#4755);
#4755 = AXIS2_PLACEMENT_3D('',#4756,#4757,#4758);
#4756 = CARTESIAN_POINT('',(0.24,0.,0.));
#4757 = DIRECTION('',(1.,0.,0.));
#4758 = DIRECTION('',(0.,-1.,0.));
#4759 = ADVANCED_FACE('',(#4760),#4778,.T.);
#4760 = FACE_BOUND('',#4761,.F.);
#4761 = EDGE_LOOP('',(#4762,#4763,#4771,#4777));
#4762 = ORIENTED_EDGE('',*,*,#311,.F.);
#4763 = ORIENTED_EDGE('',*,*,#4764,.F.);
#4764 = EDGE_CURVE('',#4765,#304,#4767,.T.);
#4765 = VERTEX_POINT('',#4766);
#4766 = CARTESIAN_POINT('',(-0.2,5.26,0.875));
#4767 = LINE('',#4768,#4769);
#4768 = CARTESIAN_POINT('',(-0.2,5.26,0.875));
#4769 = VECTOR('',#4770,1.);
#4770 = DIRECTION('',(0.,-1.,0.));
#4771 = ORIENTED_EDGE('',*,*,#4772,.T.);
#4772 = EDGE_CURVE('',#4765,#4648,#4773,.T.);
#4773 = LINE('',#4774,#4775);
#4774 = CARTESIAN_POINT('',(-0.2,5.26,0.875));
#4775 = VECTOR('',#4776,1.);
#4776 = DIRECTION('',(1.,0.,0.));
#4777 = ORIENTED_EDGE('',*,*,#4647,.T.);
#4778 = PLANE('',#4779);
#4779 = AXIS2_PLACEMENT_3D('',#4780,#4781,#4782);
#4780 = CARTESIAN_POINT('',(-0.2,5.26,0.875));
#4781 = DIRECTION('',(0.,0.,1.));
#4782 = DIRECTION('',(0.,-1.,0.));
#4783 = ADVANCED_FACE('',(#4784),#4869,.F.);
#4784 = FACE_BOUND('',#4785,.F.);
#4785 = EDGE_LOOP('',(#4786,#4792,#4800,#4809,#4817,#4825,#4833,#4842,
    #4848,#4854,#4862,#4868));
#4786 = ORIENTED_EDGE('',*,*,#4787,.T.);
#4787 = EDGE_CURVE('',#304,#2984,#4788,.T.);
#4788 = LINE('',#4789,#4790);
#4789 = CARTESIAN_POINT('',(-0.2,2.,0.875));
#4790 = VECTOR('',#4791,1.);
#4791 = DIRECTION('',(0.,-1.,0.));
#4792 = ORIENTED_EDGE('',*,*,#4793,.T.);
#4793 = EDGE_CURVE('',#2984,#4794,#4796,.T.);
#4794 = VERTEX_POINT('',#4795);
#4795 = CARTESIAN_POINT('',(-0.2,-1.87,0.875));
#4796 = LINE('',#4797,#4798);
#4797 = CARTESIAN_POINT('',(-0.2,0.5,0.875));
#4798 = VECTOR('',#4799,1.);
#4799 = DIRECTION('',(0.,-1.,0.));
#4800 = ORIENTED_EDGE('',*,*,#4801,.T.);
#4801 = EDGE_CURVE('',#4794,#4802,#4804,.T.);
#4802 = VERTEX_POINT('',#4803);
#4803 = CARTESIAN_POINT('',(-0.2,-2.67,7.5E-02));
#4804 = CIRCLE('',#4805,0.8);
#4805 = AXIS2_PLACEMENT_3D('',#4806,#4807,#4808);
#4806 = CARTESIAN_POINT('',(-0.2,-1.87,7.5E-02));
#4807 = DIRECTION('',(1.,0.,-0.));
#4808 = DIRECTION('',(0.,0.,1.));
#4809 = ORIENTED_EDGE('',*,*,#4810,.T.);
#4810 = EDGE_CURVE('',#4802,#4811,#4813,.T.);
#4811 = VERTEX_POINT('',#4812);
#4812 = CARTESIAN_POINT('',(-0.2,-2.67,-4.85));
#4813 = LINE('',#4814,#4815);
#4814 = CARTESIAN_POINT('',(-0.2,-2.67,7.5E-02));
#4815 = VECTOR('',#4816,1.);
#4816 = DIRECTION('',(0.,0.,-1.));
#4817 = ORIENTED_EDGE('',*,*,#4818,.T.);
#4818 = EDGE_CURVE('',#4811,#4819,#4821,.T.);
#4819 = VERTEX_POINT('',#4820);
#4820 = CARTESIAN_POINT('',(-0.2,-2.27,-4.85));
#4821 = LINE('',#4822,#4823);
#4822 = CARTESIAN_POINT('',(-0.2,-2.67,-4.85));
#4823 = VECTOR('',#4824,1.);
#4824 = DIRECTION('',(0.,1.,0.));
#4825 = ORIENTED_EDGE('',*,*,#4826,.T.);
#4826 = EDGE_CURVE('',#4819,#4827,#4829,.T.);
#4827 = VERTEX_POINT('',#4828);
#4828 = CARTESIAN_POINT('',(-0.2,-2.27,-5.E-03));
#4829 = LINE('',#4830,#4831);
#4830 = CARTESIAN_POINT('',(-0.2,-2.27,-4.85));
#4831 = VECTOR('',#4832,1.);
#4832 = DIRECTION('',(0.,0.,1.));
#4833 = ORIENTED_EDGE('',*,*,#4834,.T.);
#4834 = EDGE_CURVE('',#4827,#4835,#4837,.T.);
#4835 = VERTEX_POINT('',#4836);
#4836 = CARTESIAN_POINT('',(-0.2,-1.87,0.395));
#4837 = CIRCLE('',#4838,0.4);
#4838 = AXIS2_PLACEMENT_3D('',#4839,#4840,#4841);
#4839 = CARTESIAN_POINT('',(-0.2,-1.87,-5.E-03));
#4840 = DIRECTION('',(-1.,0.,0.));
#4841 = DIRECTION('',(0.,-1.,0.));
#4842 = ORIENTED_EDGE('',*,*,#4843,.T.);
#4843 = EDGE_CURVE('',#4835,#3008,#4844,.T.);
#4844 = LINE('',#4845,#4846);
#4845 = CARTESIAN_POINT('',(-0.2,-1.87,0.395));
#4846 = VECTOR('',#4847,1.);
#4847 = DIRECTION('',(0.,1.,0.));
#4848 = ORIENTED_EDGE('',*,*,#4849,.T.);
#4849 = EDGE_CURVE('',#3008,#288,#4850,.T.);
#4850 = LINE('',#4851,#4852);
#4851 = CARTESIAN_POINT('',(-0.2,0.5,0.395));
#4852 = VECTOR('',#4853,1.);
#4853 = DIRECTION('',(0.,1.,0.));
#4854 = ORIENTED_EDGE('',*,*,#4855,.T.);
#4855 = EDGE_CURVE('',#288,#4856,#4858,.T.);
#4856 = VERTEX_POINT('',#4857);
#4857 = CARTESIAN_POINT('',(-0.2,5.26,0.395));
#4858 = LINE('',#4859,#4860);
#4859 = CARTESIAN_POINT('',(-0.2,2.,0.395));
#4860 = VECTOR('',#4861,1.);
#4861 = DIRECTION('',(0.,1.,0.));
#4862 = ORIENTED_EDGE('',*,*,#4863,.T.);
#4863 = EDGE_CURVE('',#4856,#4765,#4864,.T.);
#4864 = LINE('',#4865,#4866);
#4865 = CARTESIAN_POINT('',(-0.2,5.26,0.395));
#4866 = VECTOR('',#4867,1.);
#4867 = DIRECTION('',(0.,0.,1.));
#4868 = ORIENTED_EDGE('',*,*,#4764,.T.);
#4869 = PLANE('',#4870);
#4870 = AXIS2_PLACEMENT_3D('',#4871,#4872,#4873);
#4871 = CARTESIAN_POINT('',(-0.2,0.,0.));
#4872 = DIRECTION('',(1.,0.,0.));
#4873 = DIRECTION('',(0.,-1.,0.));
#4874 = ADVANCED_FACE('',(#4875),#4886,.F.);
#4875 = FACE_BOUND('',#4876,.F.);
#4876 = EDGE_LOOP('',(#4877,#4878,#4879,#4885));
#4877 = ORIENTED_EDGE('',*,*,#4787,.F.);
#4878 = ORIENTED_EDGE('',*,*,#303,.F.);
#4879 = ORIENTED_EDGE('',*,*,#4880,.T.);
#4880 = EDGE_CURVE('',#296,#2992,#4881,.T.);
#4881 = LINE('',#4882,#4883);
#4882 = CARTESIAN_POINT('',(-0.24,2.,0.875));
#4883 = VECTOR('',#4884,1.);
#4884 = DIRECTION('',(0.,-1.,0.));
#4885 = ORIENTED_EDGE('',*,*,#2991,.T.);
#4886 = PLANE('',#4887);
#4887 = AXIS2_PLACEMENT_3D('',#4888,#4889,#4890);
#4888 = CARTESIAN_POINT('',(-0.24,2.,0.875));
#4889 = DIRECTION('',(0.,0.,1.));
#4890 = DIRECTION('',(0.,-1.,0.));
#4891 = ADVANCED_FACE('',(#4892),#4903,.T.);
#4892 = FACE_BOUND('',#4893,.F.);
#4893 = EDGE_LOOP('',(#4894,#4895,#4896,#4897));
#4894 = ORIENTED_EDGE('',*,*,#2999,.F.);
#4895 = ORIENTED_EDGE('',*,*,#4880,.F.);
#4896 = ORIENTED_EDGE('',*,*,#295,.T.);
#4897 = ORIENTED_EDGE('',*,*,#4898,.F.);
#4898 = EDGE_CURVE('',#3000,#286,#4899,.T.);
#4899 = LINE('',#4900,#4901);
#4900 = CARTESIAN_POINT('',(-0.24,0.5,0.395));
#4901 = VECTOR('',#4902,1.);
#4902 = DIRECTION('',(0.,1.,0.));
#4903 = PLANE('',#4904);
#4904 = AXIS2_PLACEMENT_3D('',#4905,#4906,#4907);
#4905 = CARTESIAN_POINT('',(-0.24,0.,0.));
#4906 = DIRECTION('',(1.,0.,0.));
#4907 = DIRECTION('',(0.,-1.,0.));
#4908 = ADVANCED_FACE('',(#4909),#4915,.F.);
#4909 = FACE_BOUND('',#4910,.F.);
#4910 = EDGE_LOOP('',(#4911,#4912,#4913,#4914));
#4911 = ORIENTED_EDGE('',*,*,#4849,.F.);
#4912 = ORIENTED_EDGE('',*,*,#3007,.F.);
#4913 = ORIENTED_EDGE('',*,*,#4898,.T.);
#4914 = ORIENTED_EDGE('',*,*,#285,.T.);
#4915 = PLANE('',#4916);
#4916 = AXIS2_PLACEMENT_3D('',#4917,#4918,#4919);
#4917 = CARTESIAN_POINT('',(-0.24,0.,0.395));
#4918 = DIRECTION('',(0.,0.,-1.));
#4919 = DIRECTION('',(0.,1.,0.));
#4920 = ADVANCED_FACE('',(#4921),#4932,.T.);
#4921 = FACE_BOUND('',#4922,.F.);
#4922 = EDGE_LOOP('',(#4923,#4924,#4925,#4931));
#4923 = ORIENTED_EDGE('',*,*,#2983,.T.);
#4924 = ORIENTED_EDGE('',*,*,#4720,.T.);
#4925 = ORIENTED_EDGE('',*,*,#4926,.F.);
#4926 = EDGE_CURVE('',#4794,#4712,#4927,.T.);
#4927 = LINE('',#4928,#4929);
#4928 = CARTESIAN_POINT('',(-0.2,-1.87,0.875));
#4929 = VECTOR('',#4930,1.);
#4930 = DIRECTION('',(1.,0.,0.));
#4931 = ORIENTED_EDGE('',*,*,#4793,.F.);
#4932 = PLANE('',#4933);
#4933 = AXIS2_PLACEMENT_3D('',#4934,#4935,#4936);
#4934 = CARTESIAN_POINT('',(-0.2,5.26,0.875));
#4935 = DIRECTION('',(0.,0.,1.));
#4936 = DIRECTION('',(0.,-1.,0.));
#4937 = ADVANCED_FACE('',(#4938),#4949,.T.);
#4938 = FACE_BOUND('',#4939,.T.);
#4939 = EDGE_LOOP('',(#4940,#4946,#4947,#4948));
#4940 = ORIENTED_EDGE('',*,*,#4941,.T.);
#4941 = EDGE_CURVE('',#4802,#4704,#4942,.T.);
#4942 = LINE('',#4943,#4944);
#4943 = CARTESIAN_POINT('',(-0.2,-2.67,7.5E-02));
#4944 = VECTOR('',#4945,1.);
#4945 = DIRECTION('',(1.,0.,0.));
#4946 = ORIENTED_EDGE('',*,*,#4711,.F.);
#4947 = ORIENTED_EDGE('',*,*,#4926,.F.);
#4948 = ORIENTED_EDGE('',*,*,#4801,.T.);
#4949 = CYLINDRICAL_SURFACE('',#4950,0.8);
#4950 = AXIS2_PLACEMENT_3D('',#4951,#4952,#4953);
#4951 = CARTESIAN_POINT('',(-0.2,-1.87,7.5E-02));
#4952 = DIRECTION('',(1.,0.,0.));
#4953 = DIRECTION('',(0.,-1.,0.));
#4954 = ADVANCED_FACE('',(#4955),#4966,.T.);
#4955 = FACE_BOUND('',#4956,.F.);
#4956 = EDGE_LOOP('',(#4957,#4958,#4959,#4960));
#4957 = ORIENTED_EDGE('',*,*,#4810,.F.);
#4958 = ORIENTED_EDGE('',*,*,#4941,.T.);
#4959 = ORIENTED_EDGE('',*,*,#4703,.T.);
#4960 = ORIENTED_EDGE('',*,*,#4961,.F.);
#4961 = EDGE_CURVE('',#4811,#4696,#4962,.T.);
#4962 = LINE('',#4963,#4964);
#4963 = CARTESIAN_POINT('',(-0.2,-2.67,-4.85));
#4964 = VECTOR('',#4965,1.);
#4965 = DIRECTION('',(1.,0.,0.));
#4966 = PLANE('',#4967);
#4967 = AXIS2_PLACEMENT_3D('',#4968,#4969,#4970);
#4968 = CARTESIAN_POINT('',(-0.2,-2.67,7.5E-02));
#4969 = DIRECTION('',(0.,-1.,0.));
#4970 = DIRECTION('',(0.,0.,-1.));
#4971 = ADVANCED_FACE('',(#4972),#4983,.T.);
#4972 = FACE_BOUND('',#4973,.F.);
#4973 = EDGE_LOOP('',(#4974,#4975,#4976,#4977));
#4974 = ORIENTED_EDGE('',*,*,#4818,.F.);
#4975 = ORIENTED_EDGE('',*,*,#4961,.T.);
#4976 = ORIENTED_EDGE('',*,*,#4695,.T.);
#4977 = ORIENTED_EDGE('',*,*,#4978,.F.);
#4978 = EDGE_CURVE('',#4819,#4688,#4979,.T.);
#4979 = LINE('',#4980,#4981);
#4980 = CARTESIAN_POINT('',(-0.2,-2.27,-4.85));
#4981 = VECTOR('',#4982,1.);
#4982 = DIRECTION('',(1.,0.,0.));
#4983 = PLANE('',#4984);
#4984 = AXIS2_PLACEMENT_3D('',#4985,#4986,#4987);
#4985 = CARTESIAN_POINT('',(-0.2,-2.67,-4.85));
#4986 = DIRECTION('',(0.,0.,-1.));
#4987 = DIRECTION('',(0.,1.,0.));
#4988 = ADVANCED_FACE('',(#4989),#5000,.T.);
#4989 = FACE_BOUND('',#4990,.F.);
#4990 = EDGE_LOOP('',(#4991,#4992,#4993,#4994));
#4991 = ORIENTED_EDGE('',*,*,#4826,.F.);
#4992 = ORIENTED_EDGE('',*,*,#4978,.T.);
#4993 = ORIENTED_EDGE('',*,*,#4687,.T.);
#4994 = ORIENTED_EDGE('',*,*,#4995,.F.);
#4995 = EDGE_CURVE('',#4827,#4679,#4996,.T.);
#4996 = LINE('',#4997,#4998);
#4997 = CARTESIAN_POINT('',(-0.2,-2.27,-5.E-03));
#4998 = VECTOR('',#4999,1.);
#4999 = DIRECTION('',(1.,0.,0.));
#5000 = PLANE('',#5001);
#5001 = AXIS2_PLACEMENT_3D('',#5002,#5003,#5004);
#5002 = CARTESIAN_POINT('',(-0.2,-2.27,-4.85));
#5003 = DIRECTION('',(0.,1.,0.));
#5004 = DIRECTION('',(0.,-0.,1.));
#5005 = ADVANCED_FACE('',(#5006),#5017,.F.);
#5006 = FACE_BOUND('',#5007,.F.);
#5007 = EDGE_LOOP('',(#5008,#5009,#5010,#5011));
#5008 = ORIENTED_EDGE('',*,*,#4834,.F.);
#5009 = ORIENTED_EDGE('',*,*,#4995,.T.);
#5010 = ORIENTED_EDGE('',*,*,#4678,.T.);
#5011 = ORIENTED_EDGE('',*,*,#5012,.F.);
#5012 = EDGE_CURVE('',#4835,#4671,#5013,.T.);
#5013 = LINE('',#5014,#5015);
#5014 = CARTESIAN_POINT('',(-0.2,-1.87,0.395));
#5015 = VECTOR('',#5016,1.);
#5016 = DIRECTION('',(1.,0.,0.));
#5017 = CYLINDRICAL_SURFACE('',#5018,0.4);
#5018 = AXIS2_PLACEMENT_3D('',#5019,#5020,#5021);
#5019 = CARTESIAN_POINT('',(-0.2,-1.87,-5.E-03));
#5020 = DIRECTION('',(1.,0.,0.));
#5021 = DIRECTION('',(0.,-1.,0.));
#5022 = ADVANCED_FACE('',(#5023),#5029,.T.);
#5023 = FACE_BOUND('',#5024,.F.);
#5024 = EDGE_LOOP('',(#5025,#5026,#5027,#5028));
#5025 = ORIENTED_EDGE('',*,*,#3015,.F.);
#5026 = ORIENTED_EDGE('',*,*,#4843,.F.);
#5027 = ORIENTED_EDGE('',*,*,#5012,.T.);
#5028 = ORIENTED_EDGE('',*,*,#4670,.T.);
#5029 = PLANE('',#5030);
#5030 = AXIS2_PLACEMENT_3D('',#5031,#5032,#5033);
#5031 = CARTESIAN_POINT('',(-0.2,-1.87,0.395));
#5032 = DIRECTION('',(0.,0.,-1.));
#5033 = DIRECTION('',(0.,1.,0.));
#5034 = ADVANCED_FACE('',(#5035),#5046,.T.);
#5035 = FACE_BOUND('',#5036,.F.);
#5036 = EDGE_LOOP('',(#5037,#5038,#5039,#5045));
#5037 = ORIENTED_EDGE('',*,*,#343,.T.);
#5038 = ORIENTED_EDGE('',*,*,#4663,.T.);
#5039 = ORIENTED_EDGE('',*,*,#5040,.F.);
#5040 = EDGE_CURVE('',#4856,#4656,#5041,.T.);
#5041 = LINE('',#5042,#5043);
#5042 = CARTESIAN_POINT('',(-0.2,5.26,0.395));
#5043 = VECTOR('',#5044,1.);
#5044 = DIRECTION('',(1.,0.,0.));
#5045 = ORIENTED_EDGE('',*,*,#4855,.F.);
#5046 = PLANE('',#5047);
#5047 = AXIS2_PLACEMENT_3D('',#5048,#5049,#5050);
#5048 = CARTESIAN_POINT('',(-0.2,-1.87,0.395));
#5049 = DIRECTION('',(0.,0.,-1.));
#5050 = DIRECTION('',(0.,1.,0.));
#5051 = ADVANCED_FACE('',(#5052),#5058,.T.);
#5052 = FACE_BOUND('',#5053,.F.);
#5053 = EDGE_LOOP('',(#5054,#5055,#5056,#5057));
#5054 = ORIENTED_EDGE('',*,*,#4863,.F.);
#5055 = ORIENTED_EDGE('',*,*,#5040,.T.);
#5056 = ORIENTED_EDGE('',*,*,#4655,.T.);
#5057 = ORIENTED_EDGE('',*,*,#4772,.F.);
#5058 = PLANE('',#5059);
#5059 = AXIS2_PLACEMENT_3D('',#5060,#5061,#5062);
#5060 = CARTESIAN_POINT('',(-0.2,5.26,0.395));
#5061 = DIRECTION('',(0.,1.,0.));
#5062 = DIRECTION('',(0.,-0.,1.));
#5063 = ADVANCED_FACE('',(#5064),#5080,.F.);
#5064 = FACE_BOUND('',#5065,.F.);
#5065 = EDGE_LOOP('',(#5066,#5072,#5073,#5079));
#5066 = ORIENTED_EDGE('',*,*,#5067,.T.);
#5067 = EDGE_CURVE('',#2692,#402,#5068,.T.);
#5068 = LINE('',#5069,#5070);
#5069 = CARTESIAN_POINT('',(-1.07,0.5,-0.875));
#5070 = VECTOR('',#5071,1.);
#5071 = DIRECTION('',(0.,1.,0.));
#5072 = ORIENTED_EDGE('',*,*,#401,.T.);
#5073 = ORIENTED_EDGE('',*,*,#5074,.F.);
#5074 = EDGE_CURVE('',#2694,#394,#5075,.T.);
#5075 = LINE('',#5076,#5077);
#5076 = CARTESIAN_POINT('',(-1.03,0.5,-0.875));
#5077 = VECTOR('',#5078,1.);
#5078 = DIRECTION('',(0.,1.,0.));
#5079 = ORIENTED_EDGE('',*,*,#2691,.F.);
#5080 = PLANE('',#5081);
#5081 = AXIS2_PLACEMENT_3D('',#5082,#5083,#5084);
#5082 = CARTESIAN_POINT('',(-1.51,0.,-0.875));
#5083 = DIRECTION('',(0.,0.,-1.));
#5084 = DIRECTION('',(0.,1.,0.));
#5085 = ADVANCED_FACE('',(#5086),#5173,.T.);
#5086 = FACE_BOUND('',#5087,.F.);
#5087 = EDGE_LOOP('',(#5088,#5094,#5102,#5110,#5116,#5117,#5125,#5134,
    #5142,#5150,#5158,#5167));
#5088 = ORIENTED_EDGE('',*,*,#5089,.F.);
#5089 = EDGE_CURVE('',#378,#2710,#5090,.T.);
#5090 = LINE('',#5091,#5092);
#5091 = CARTESIAN_POINT('',(-1.07,2.,-0.395));
#5092 = VECTOR('',#5093,1.);
#5093 = DIRECTION('',(0.,-1.,0.));
#5094 = ORIENTED_EDGE('',*,*,#5095,.F.);
#5095 = EDGE_CURVE('',#5096,#378,#5098,.T.);
#5096 = VERTEX_POINT('',#5097);
#5097 = CARTESIAN_POINT('',(-1.07,5.26,-0.395));
#5098 = LINE('',#5099,#5100);
#5099 = CARTESIAN_POINT('',(-1.07,5.26,-0.395));
#5100 = VECTOR('',#5101,1.);
#5101 = DIRECTION('',(0.,-1.,0.));
#5102 = ORIENTED_EDGE('',*,*,#5103,.F.);
#5103 = EDGE_CURVE('',#5104,#5096,#5106,.T.);
#5104 = VERTEX_POINT('',#5105);
#5105 = CARTESIAN_POINT('',(-1.07,5.26,-0.875));
#5106 = LINE('',#5107,#5108);
#5107 = CARTESIAN_POINT('',(-1.07,5.26,-0.875));
#5108 = VECTOR('',#5109,1.);
#5109 = DIRECTION('',(0.,0.,1.));
#5110 = ORIENTED_EDGE('',*,*,#5111,.F.);
#5111 = EDGE_CURVE('',#402,#5104,#5112,.T.);
#5112 = LINE('',#5113,#5114);
#5113 = CARTESIAN_POINT('',(-1.07,2.,-0.875));
#5114 = VECTOR('',#5115,1.);
#5115 = DIRECTION('',(0.,1.,0.));
#5116 = ORIENTED_EDGE('',*,*,#5067,.F.);
#5117 = ORIENTED_EDGE('',*,*,#5118,.F.);
#5118 = EDGE_CURVE('',#5119,#2692,#5121,.T.);
#5119 = VERTEX_POINT('',#5120);
#5120 = CARTESIAN_POINT('',(-1.07,-0.6,-0.875));
#5121 = LINE('',#5122,#5123);
#5122 = CARTESIAN_POINT('',(-1.07,-0.6,-0.875));
#5123 = VECTOR('',#5124,1.);
#5124 = DIRECTION('',(0.,1.,0.));
#5125 = ORIENTED_EDGE('',*,*,#5126,.F.);
#5126 = EDGE_CURVE('',#5127,#5119,#5129,.T.);
#5127 = VERTEX_POINT('',#5128);
#5128 = CARTESIAN_POINT('',(-1.07,-1.,-1.275));
#5129 = CIRCLE('',#5130,0.4);
#5130 = AXIS2_PLACEMENT_3D('',#5131,#5132,#5133);
#5131 = CARTESIAN_POINT('',(-1.07,-0.6,-1.275));
#5132 = DIRECTION('',(-1.,0.,0.));
#5133 = DIRECTION('',(0.,-1.,0.));
#5134 = ORIENTED_EDGE('',*,*,#5135,.F.);
#5135 = EDGE_CURVE('',#5136,#5127,#5138,.T.);
#5136 = VERTEX_POINT('',#5137);
#5137 = CARTESIAN_POINT('',(-1.07,-1.,-4.85));
#5138 = LINE('',#5139,#5140);
#5139 = CARTESIAN_POINT('',(-1.07,-1.,-4.85));
#5140 = VECTOR('',#5141,1.);
#5141 = DIRECTION('',(0.,0.,1.));
#5142 = ORIENTED_EDGE('',*,*,#5143,.F.);
#5143 = EDGE_CURVE('',#5144,#5136,#5146,.T.);
#5144 = VERTEX_POINT('',#5145);
#5145 = CARTESIAN_POINT('',(-1.07,-1.4,-4.85));
#5146 = LINE('',#5147,#5148);
#5147 = CARTESIAN_POINT('',(-1.07,-1.4,-4.85));
#5148 = VECTOR('',#5149,1.);
#5149 = DIRECTION('',(0.,1.,0.));
#5150 = ORIENTED_EDGE('',*,*,#5151,.F.);
#5151 = EDGE_CURVE('',#5152,#5144,#5154,.T.);
#5152 = VERTEX_POINT('',#5153);
#5153 = CARTESIAN_POINT('',(-1.07,-1.4,-1.195));
#5154 = LINE('',#5155,#5156);
#5155 = CARTESIAN_POINT('',(-1.07,-1.4,-1.195));
#5156 = VECTOR('',#5157,1.);
#5157 = DIRECTION('',(0.,0.,-1.));
#5158 = ORIENTED_EDGE('',*,*,#5159,.F.);
#5159 = EDGE_CURVE('',#5160,#5152,#5162,.T.);
#5160 = VERTEX_POINT('',#5161);
#5161 = CARTESIAN_POINT('',(-1.07,-0.6,-0.395));
#5162 = CIRCLE('',#5163,0.8);
#5163 = AXIS2_PLACEMENT_3D('',#5164,#5165,#5166);
#5164 = CARTESIAN_POINT('',(-1.07,-0.6,-1.195));
#5165 = DIRECTION('',(1.,0.,-0.));
#5166 = DIRECTION('',(0.,0.,1.));
#5167 = ORIENTED_EDGE('',*,*,#5168,.F.);
#5168 = EDGE_CURVE('',#2710,#5160,#5169,.T.);
#5169 = LINE('',#5170,#5171);
#5170 = CARTESIAN_POINT('',(-1.07,0.5,-0.395));
#5171 = VECTOR('',#5172,1.);
#5172 = DIRECTION('',(0.,-1.,0.));
#5173 = PLANE('',#5174);
#5174 = AXIS2_PLACEMENT_3D('',#5175,#5176,#5177);
#5175 = CARTESIAN_POINT('',(-1.07,0.,0.));
#5176 = DIRECTION('',(1.,0.,0.));
#5177 = DIRECTION('',(0.,-1.,0.));
#5178 = ADVANCED_FACE('',(#5179),#5190,.F.);
#5179 = FACE_BOUND('',#5180,.F.);
#5180 = EDGE_LOOP('',(#5181,#5182,#5183,#5189));
#5181 = ORIENTED_EDGE('',*,*,#5089,.T.);
#5182 = ORIENTED_EDGE('',*,*,#2709,.T.);
#5183 = ORIENTED_EDGE('',*,*,#5184,.F.);
#5184 = EDGE_CURVE('',#386,#2702,#5185,.T.);
#5185 = LINE('',#5186,#5187);
#5186 = CARTESIAN_POINT('',(-1.03,2.,-0.395));
#5187 = VECTOR('',#5188,1.);
#5188 = DIRECTION('',(0.,-1.,0.));
#5189 = ORIENTED_EDGE('',*,*,#385,.F.);
#5190 = PLANE('',#5191);
#5191 = AXIS2_PLACEMENT_3D('',#5192,#5193,#5194);
#5192 = CARTESIAN_POINT('',(-1.51,2.,-0.395));
#5193 = DIRECTION('',(0.,0.,1.));
#5194 = DIRECTION('',(0.,-1.,0.));
#5195 = ADVANCED_FACE('',(#5196),#5202,.F.);
#5196 = FACE_BOUND('',#5197,.F.);
#5197 = EDGE_LOOP('',(#5198,#5199,#5200,#5201));
#5198 = ORIENTED_EDGE('',*,*,#2701,.T.);
#5199 = ORIENTED_EDGE('',*,*,#5074,.T.);
#5200 = ORIENTED_EDGE('',*,*,#393,.F.);
#5201 = ORIENTED_EDGE('',*,*,#5184,.T.);
#5202 = PLANE('',#5203);
#5203 = AXIS2_PLACEMENT_3D('',#5204,#5205,#5206);
#5204 = CARTESIAN_POINT('',(-1.03,0.,0.));
#5205 = DIRECTION('',(1.,0.,0.));
#5206 = DIRECTION('',(0.,-1.,0.));
#5207 = ADVANCED_FACE('',(#5208),#5226,.T.);
#5208 = FACE_BOUND('',#5209,.F.);
#5209 = EDGE_LOOP('',(#5210,#5211,#5219,#5225));
#5210 = ORIENTED_EDGE('',*,*,#377,.F.);
#5211 = ORIENTED_EDGE('',*,*,#5212,.F.);
#5212 = EDGE_CURVE('',#5213,#370,#5215,.T.);
#5213 = VERTEX_POINT('',#5214);
#5214 = CARTESIAN_POINT('',(-1.47,5.26,-0.395));
#5215 = LINE('',#5216,#5217);
#5216 = CARTESIAN_POINT('',(-1.47,5.26,-0.395));
#5217 = VECTOR('',#5218,1.);
#5218 = DIRECTION('',(0.,-1.,0.));
#5219 = ORIENTED_EDGE('',*,*,#5220,.T.);
#5220 = EDGE_CURVE('',#5213,#5096,#5221,.T.);
#5221 = LINE('',#5222,#5223);
#5222 = CARTESIAN_POINT('',(-1.47,5.26,-0.395));
#5223 = VECTOR('',#5224,1.);
#5224 = DIRECTION('',(1.,0.,0.));
#5225 = ORIENTED_EDGE('',*,*,#5095,.T.);
#5226 = PLANE('',#5227);
#5227 = AXIS2_PLACEMENT_3D('',#5228,#5229,#5230);
#5228 = CARTESIAN_POINT('',(-1.47,5.26,-0.395));
#5229 = DIRECTION('',(0.,0.,1.));
#5230 = DIRECTION('',(0.,-1.,0.));
#5231 = ADVANCED_FACE('',(#5232),#5317,.F.);
#5232 = FACE_BOUND('',#5233,.F.);
#5233 = EDGE_LOOP('',(#5234,#5240,#5248,#5257,#5265,#5273,#5281,#5290,
    #5296,#5302,#5310,#5316));
#5234 = ORIENTED_EDGE('',*,*,#5235,.T.);
#5235 = EDGE_CURVE('',#370,#2718,#5236,.T.);
#5236 = LINE('',#5237,#5238);
#5237 = CARTESIAN_POINT('',(-1.47,2.,-0.395));
#5238 = VECTOR('',#5239,1.);
#5239 = DIRECTION('',(0.,-1.,0.));
#5240 = ORIENTED_EDGE('',*,*,#5241,.T.);
#5241 = EDGE_CURVE('',#2718,#5242,#5244,.T.);
#5242 = VERTEX_POINT('',#5243);
#5243 = CARTESIAN_POINT('',(-1.47,-0.6,-0.395));
#5244 = LINE('',#5245,#5246);
#5245 = CARTESIAN_POINT('',(-1.47,0.5,-0.395));
#5246 = VECTOR('',#5247,1.);
#5247 = DIRECTION('',(0.,-1.,0.));
#5248 = ORIENTED_EDGE('',*,*,#5249,.T.);
#5249 = EDGE_CURVE('',#5242,#5250,#5252,.T.);
#5250 = VERTEX_POINT('',#5251);
#5251 = CARTESIAN_POINT('',(-1.47,-1.4,-1.195));
#5252 = CIRCLE('',#5253,0.8);
#5253 = AXIS2_PLACEMENT_3D('',#5254,#5255,#5256);
#5254 = CARTESIAN_POINT('',(-1.47,-0.6,-1.195));
#5255 = DIRECTION('',(1.,0.,-0.));
#5256 = DIRECTION('',(0.,0.,1.));
#5257 = ORIENTED_EDGE('',*,*,#5258,.T.);
#5258 = EDGE_CURVE('',#5250,#5259,#5261,.T.);
#5259 = VERTEX_POINT('',#5260);
#5260 = CARTESIAN_POINT('',(-1.47,-1.4,-4.85));
#5261 = LINE('',#5262,#5263);
#5262 = CARTESIAN_POINT('',(-1.47,-1.4,-1.195));
#5263 = VECTOR('',#5264,1.);
#5264 = DIRECTION('',(0.,0.,-1.));
#5265 = ORIENTED_EDGE('',*,*,#5266,.T.);
#5266 = EDGE_CURVE('',#5259,#5267,#5269,.T.);
#5267 = VERTEX_POINT('',#5268);
#5268 = CARTESIAN_POINT('',(-1.47,-1.,-4.85));
#5269 = LINE('',#5270,#5271);
#5270 = CARTESIAN_POINT('',(-1.47,-1.4,-4.85));
#5271 = VECTOR('',#5272,1.);
#5272 = DIRECTION('',(0.,1.,0.));
#5273 = ORIENTED_EDGE('',*,*,#5274,.T.);
#5274 = EDGE_CURVE('',#5267,#5275,#5277,.T.);
#5275 = VERTEX_POINT('',#5276);
#5276 = CARTESIAN_POINT('',(-1.47,-1.,-1.275));
#5277 = LINE('',#5278,#5279);
#5278 = CARTESIAN_POINT('',(-1.47,-1.,-4.85));
#5279 = VECTOR('',#5280,1.);
#5280 = DIRECTION('',(0.,0.,1.));
#5281 = ORIENTED_EDGE('',*,*,#5282,.T.);
#5282 = EDGE_CURVE('',#5275,#5283,#5285,.T.);
#5283 = VERTEX_POINT('',#5284);
#5284 = CARTESIAN_POINT('',(-1.47,-0.6,-0.875));
#5285 = CIRCLE('',#5286,0.4);
#5286 = AXIS2_PLACEMENT_3D('',#5287,#5288,#5289);
#5287 = CARTESIAN_POINT('',(-1.47,-0.6,-1.275));
#5288 = DIRECTION('',(-1.,0.,0.));
#5289 = DIRECTION('',(0.,-1.,0.));
#5290 = ORIENTED_EDGE('',*,*,#5291,.T.);
#5291 = EDGE_CURVE('',#5283,#2742,#5292,.T.);
#5292 = LINE('',#5293,#5294);
#5293 = CARTESIAN_POINT('',(-1.47,-0.6,-0.875));
#5294 = VECTOR('',#5295,1.);
#5295 = DIRECTION('',(0.,1.,0.));
#5296 = ORIENTED_EDGE('',*,*,#5297,.T.);
#5297 = EDGE_CURVE('',#2742,#354,#5298,.T.);
#5298 = LINE('',#5299,#5300);
#5299 = CARTESIAN_POINT('',(-1.47,0.5,-0.875));
#5300 = VECTOR('',#5301,1.);
#5301 = DIRECTION('',(0.,1.,0.));
#5302 = ORIENTED_EDGE('',*,*,#5303,.T.);
#5303 = EDGE_CURVE('',#354,#5304,#5306,.T.);
#5304 = VERTEX_POINT('',#5305);
#5305 = CARTESIAN_POINT('',(-1.47,5.26,-0.875));
#5306 = LINE('',#5307,#5308);
#5307 = CARTESIAN_POINT('',(-1.47,2.,-0.875));
#5308 = VECTOR('',#5309,1.);
#5309 = DIRECTION('',(0.,1.,0.));
#5310 = ORIENTED_EDGE('',*,*,#5311,.T.);
#5311 = EDGE_CURVE('',#5304,#5213,#5312,.T.);
#5312 = LINE('',#5313,#5314);
#5313 = CARTESIAN_POINT('',(-1.47,5.26,-0.875));
#5314 = VECTOR('',#5315,1.);
#5315 = DIRECTION('',(0.,0.,1.));
#5316 = ORIENTED_EDGE('',*,*,#5212,.T.);
#5317 = PLANE('',#5318);
#5318 = AXIS2_PLACEMENT_3D('',#5319,#5320,#5321);
#5319 = CARTESIAN_POINT('',(-1.47,0.,0.));
#5320 = DIRECTION('',(1.,0.,0.));
#5321 = DIRECTION('',(0.,-1.,0.));
#5322 = ADVANCED_FACE('',(#5323),#5334,.F.);
#5323 = FACE_BOUND('',#5324,.F.);
#5324 = EDGE_LOOP('',(#5325,#5326,#5327,#5333));
#5325 = ORIENTED_EDGE('',*,*,#5235,.F.);
#5326 = ORIENTED_EDGE('',*,*,#369,.F.);
#5327 = ORIENTED_EDGE('',*,*,#5328,.T.);
#5328 = EDGE_CURVE('',#362,#2726,#5329,.T.);
#5329 = LINE('',#5330,#5331);
#5330 = CARTESIAN_POINT('',(-1.51,2.,-0.395));
#5331 = VECTOR('',#5332,1.);
#5332 = DIRECTION('',(0.,-1.,0.));
#5333 = ORIENTED_EDGE('',*,*,#2725,.T.);
#5334 = PLANE('',#5335);
#5335 = AXIS2_PLACEMENT_3D('',#5336,#5337,#5338);
#5336 = CARTESIAN_POINT('',(-1.51,2.,-0.395));
#5337 = DIRECTION('',(0.,0.,1.));
#5338 = DIRECTION('',(0.,-1.,0.));
#5339 = ADVANCED_FACE('',(#5340),#5351,.T.);
#5340 = FACE_BOUND('',#5341,.F.);
#5341 = EDGE_LOOP('',(#5342,#5343,#5344,#5345));
#5342 = ORIENTED_EDGE('',*,*,#2733,.F.);
#5343 = ORIENTED_EDGE('',*,*,#5328,.F.);
#5344 = ORIENTED_EDGE('',*,*,#361,.T.);
#5345 = ORIENTED_EDGE('',*,*,#5346,.F.);
#5346 = EDGE_CURVE('',#2734,#352,#5347,.T.);
#5347 = LINE('',#5348,#5349);
#5348 = CARTESIAN_POINT('',(-1.51,0.5,-0.875));
#5349 = VECTOR('',#5350,1.);
#5350 = DIRECTION('',(0.,1.,0.));
#5351 = PLANE('',#5352);
#5352 = AXIS2_PLACEMENT_3D('',#5353,#5354,#5355);
#5353 = CARTESIAN_POINT('',(-1.51,0.,0.));
#5354 = DIRECTION('',(1.,0.,0.));
#5355 = DIRECTION('',(0.,-1.,0.));
#5356 = ADVANCED_FACE('',(#5357),#5363,.F.);
#5357 = FACE_BOUND('',#5358,.F.);
#5358 = EDGE_LOOP('',(#5359,#5360,#5361,#5362));
#5359 = ORIENTED_EDGE('',*,*,#5297,.F.);
#5360 = ORIENTED_EDGE('',*,*,#2741,.F.);
#5361 = ORIENTED_EDGE('',*,*,#5346,.T.);
#5362 = ORIENTED_EDGE('',*,*,#351,.T.);
#5363 = PLANE('',#5364);
#5364 = AXIS2_PLACEMENT_3D('',#5365,#5366,#5367);
#5365 = CARTESIAN_POINT('',(-1.51,0.,-0.875));
#5366 = DIRECTION('',(0.,0.,-1.));
#5367 = DIRECTION('',(0.,1.,0.));
#5368 = ADVANCED_FACE('',(#5369),#5380,.T.);
#5369 = FACE_BOUND('',#5370,.F.);
#5370 = EDGE_LOOP('',(#5371,#5372,#5373,#5379));
#5371 = ORIENTED_EDGE('',*,*,#2717,.T.);
#5372 = ORIENTED_EDGE('',*,*,#5168,.T.);
#5373 = ORIENTED_EDGE('',*,*,#5374,.F.);
#5374 = EDGE_CURVE('',#5242,#5160,#5375,.T.);
#5375 = LINE('',#5376,#5377);
#5376 = CARTESIAN_POINT('',(-1.47,-0.6,-0.395));
#5377 = VECTOR('',#5378,1.);
#5378 = DIRECTION('',(1.,0.,0.));
#5379 = ORIENTED_EDGE('',*,*,#5241,.F.);
#5380 = PLANE('',#5381);
#5381 = AXIS2_PLACEMENT_3D('',#5382,#5383,#5384);
#5382 = CARTESIAN_POINT('',(-1.47,5.26,-0.395));
#5383 = DIRECTION('',(0.,0.,1.));
#5384 = DIRECTION('',(0.,-1.,0.));
#5385 = ADVANCED_FACE('',(#5386),#5397,.T.);
#5386 = FACE_BOUND('',#5387,.T.);
#5387 = EDGE_LOOP('',(#5388,#5394,#5395,#5396));
#5388 = ORIENTED_EDGE('',*,*,#5389,.T.);
#5389 = EDGE_CURVE('',#5250,#5152,#5390,.T.);
#5390 = LINE('',#5391,#5392);
#5391 = CARTESIAN_POINT('',(-1.47,-1.4,-1.195));
#5392 = VECTOR('',#5393,1.);
#5393 = DIRECTION('',(1.,0.,0.));
#5394 = ORIENTED_EDGE('',*,*,#5159,.F.);
#5395 = ORIENTED_EDGE('',*,*,#5374,.F.);
#5396 = ORIENTED_EDGE('',*,*,#5249,.T.);
#5397 = CYLINDRICAL_SURFACE('',#5398,0.8);
#5398 = AXIS2_PLACEMENT_3D('',#5399,#5400,#5401);
#5399 = CARTESIAN_POINT('',(-1.47,-0.6,-1.195));
#5400 = DIRECTION('',(1.,0.,0.));
#5401 = DIRECTION('',(0.,-1.,0.));
#5402 = ADVANCED_FACE('',(#5403),#5414,.T.);
#5403 = FACE_BOUND('',#5404,.F.);
#5404 = EDGE_LOOP('',(#5405,#5406,#5407,#5408));
#5405 = ORIENTED_EDGE('',*,*,#5258,.F.);
#5406 = ORIENTED_EDGE('',*,*,#5389,.T.);
#5407 = ORIENTED_EDGE('',*,*,#5151,.T.);
#5408 = ORIENTED_EDGE('',*,*,#5409,.F.);
#5409 = EDGE_CURVE('',#5259,#5144,#5410,.T.);
#5410 = LINE('',#5411,#5412);
#5411 = CARTESIAN_POINT('',(-1.47,-1.4,-4.85));
#5412 = VECTOR('',#5413,1.);
#5413 = DIRECTION('',(1.,0.,0.));
#5414 = PLANE('',#5415);
#5415 = AXIS2_PLACEMENT_3D('',#5416,#5417,#5418);
#5416 = CARTESIAN_POINT('',(-1.47,-1.4,-1.195));
#5417 = DIRECTION('',(0.,-1.,0.));
#5418 = DIRECTION('',(0.,0.,-1.));
#5419 = ADVANCED_FACE('',(#5420),#5431,.T.);
#5420 = FACE_BOUND('',#5421,.F.);
#5421 = EDGE_LOOP('',(#5422,#5423,#5424,#5425));
#5422 = ORIENTED_EDGE('',*,*,#5266,.F.);
#5423 = ORIENTED_EDGE('',*,*,#5409,.T.);
#5424 = ORIENTED_EDGE('',*,*,#5143,.T.);
#5425 = ORIENTED_EDGE('',*,*,#5426,.F.);
#5426 = EDGE_CURVE('',#5267,#5136,#5427,.T.);
#5427 = LINE('',#5428,#5429);
#5428 = CARTESIAN_POINT('',(-1.47,-1.,-4.85));
#5429 = VECTOR('',#5430,1.);
#5430 = DIRECTION('',(1.,0.,0.));
#5431 = PLANE('',#5432);
#5432 = AXIS2_PLACEMENT_3D('',#5433,#5434,#5435);
#5433 = CARTESIAN_POINT('',(-1.47,-1.4,-4.85));
#5434 = DIRECTION('',(0.,0.,-1.));
#5435 = DIRECTION('',(0.,1.,0.));
#5436 = ADVANCED_FACE('',(#5437),#5448,.T.);
#5437 = FACE_BOUND('',#5438,.F.);
#5438 = EDGE_LOOP('',(#5439,#5440,#5441,#5442));
#5439 = ORIENTED_EDGE('',*,*,#5274,.F.);
#5440 = ORIENTED_EDGE('',*,*,#5426,.T.);
#5441 = ORIENTED_EDGE('',*,*,#5135,.T.);
#5442 = ORIENTED_EDGE('',*,*,#5443,.F.);
#5443 = EDGE_CURVE('',#5275,#5127,#5444,.T.);
#5444 = LINE('',#5445,#5446);
#5445 = CARTESIAN_POINT('',(-1.47,-1.,-1.275));
#5446 = VECTOR('',#5447,1.);
#5447 = DIRECTION('',(1.,0.,0.));
#5448 = PLANE('',#5449);
#5449 = AXIS2_PLACEMENT_3D('',#5450,#5451,#5452);
#5450 = CARTESIAN_POINT('',(-1.47,-1.,-4.85));
#5451 = DIRECTION('',(0.,1.,0.));
#5452 = DIRECTION('',(0.,-0.,1.));
#5453 = ADVANCED_FACE('',(#5454),#5465,.F.);
#5454 = FACE_BOUND('',#5455,.F.);
#5455 = EDGE_LOOP('',(#5456,#5457,#5458,#5459));
#5456 = ORIENTED_EDGE('',*,*,#5282,.F.);
#5457 = ORIENTED_EDGE('',*,*,#5443,.T.);
#5458 = ORIENTED_EDGE('',*,*,#5126,.T.);
#5459 = ORIENTED_EDGE('',*,*,#5460,.F.);
#5460 = EDGE_CURVE('',#5283,#5119,#5461,.T.);
#5461 = LINE('',#5462,#5463);
#5462 = CARTESIAN_POINT('',(-1.47,-0.6,-0.875));
#5463 = VECTOR('',#5464,1.);
#5464 = DIRECTION('',(1.,0.,0.));
#5465 = CYLINDRICAL_SURFACE('',#5466,0.4);
#5466 = AXIS2_PLACEMENT_3D('',#5467,#5468,#5469);
#5467 = CARTESIAN_POINT('',(-1.47,-0.6,-1.275));
#5468 = DIRECTION('',(1.,0.,0.));
#5469 = DIRECTION('',(0.,-1.,0.));
#5470 = ADVANCED_FACE('',(#5471),#5477,.T.);
#5471 = FACE_BOUND('',#5472,.F.);
#5472 = EDGE_LOOP('',(#5473,#5474,#5475,#5476));
#5473 = ORIENTED_EDGE('',*,*,#2749,.F.);
#5474 = ORIENTED_EDGE('',*,*,#5291,.F.);
#5475 = ORIENTED_EDGE('',*,*,#5460,.T.);
#5476 = ORIENTED_EDGE('',*,*,#5118,.T.);
#5477 = PLANE('',#5478);
#5478 = AXIS2_PLACEMENT_3D('',#5479,#5480,#5481);
#5479 = CARTESIAN_POINT('',(-1.47,-0.6,-0.875));
#5480 = DIRECTION('',(0.,0.,-1.));
#5481 = DIRECTION('',(0.,1.,0.));
#5482 = ADVANCED_FACE('',(#5483),#5494,.T.);
#5483 = FACE_BOUND('',#5484,.F.);
#5484 = EDGE_LOOP('',(#5485,#5486,#5487,#5493));
#5485 = ORIENTED_EDGE('',*,*,#409,.T.);
#5486 = ORIENTED_EDGE('',*,*,#5111,.T.);
#5487 = ORIENTED_EDGE('',*,*,#5488,.F.);
#5488 = EDGE_CURVE('',#5304,#5104,#5489,.T.);
#5489 = LINE('',#5490,#5491);
#5490 = CARTESIAN_POINT('',(-1.47,5.26,-0.875));
#5491 = VECTOR('',#5492,1.);
#5492 = DIRECTION('',(1.,0.,0.));
#5493 = ORIENTED_EDGE('',*,*,#5303,.F.);
#5494 = PLANE('',#5495);
#5495 = AXIS2_PLACEMENT_3D('',#5496,#5497,#5498);
#5496 = CARTESIAN_POINT('',(-1.47,-0.6,-0.875));
#5497 = DIRECTION('',(0.,0.,-1.));
#5498 = DIRECTION('',(0.,1.,0.));
#5499 = ADVANCED_FACE('',(#5500),#5506,.T.);
#5500 = FACE_BOUND('',#5501,.F.);
#5501 = EDGE_LOOP('',(#5502,#5503,#5504,#5505));
#5502 = ORIENTED_EDGE('',*,*,#5311,.F.);
#5503 = ORIENTED_EDGE('',*,*,#5488,.T.);
#5504 = ORIENTED_EDGE('',*,*,#5103,.T.);
#5505 = ORIENTED_EDGE('',*,*,#5220,.F.);
#5506 = PLANE('',#5507);
#5507 = AXIS2_PLACEMENT_3D('',#5508,#5509,#5510);
#5508 = CARTESIAN_POINT('',(-1.47,5.26,-0.875));
#5509 = DIRECTION('',(0.,1.,0.));
#5510 = DIRECTION('',(0.,-0.,1.));
#5511 = ADVANCED_FACE('',(#5512),#5528,.F.);
#5512 = FACE_BOUND('',#5513,.F.);
#5513 = EDGE_LOOP('',(#5514,#5520,#5521,#5527));
#5514 = ORIENTED_EDGE('',*,*,#5515,.T.);
#5515 = EDGE_CURVE('',#2758,#468,#5516,.T.);
#5516 = LINE('',#5517,#5518);
#5517 = CARTESIAN_POINT('',(-1.07,0.5,0.395));
#5518 = VECTOR('',#5519,1.);
#5519 = DIRECTION('',(0.,1.,0.));
#5520 = ORIENTED_EDGE('',*,*,#467,.T.);
#5521 = ORIENTED_EDGE('',*,*,#5522,.F.);
#5522 = EDGE_CURVE('',#2760,#460,#5523,.T.);
#5523 = LINE('',#5524,#5525);
#5524 = CARTESIAN_POINT('',(-1.03,0.5,0.395));
#5525 = VECTOR('',#5526,1.);
#5526 = DIRECTION('',(0.,1.,0.));
#5527 = ORIENTED_EDGE('',*,*,#2757,.F.);
#5528 = PLANE('',#5529);
#5529 = AXIS2_PLACEMENT_3D('',#5530,#5531,#5532);
#5530 = CARTESIAN_POINT('',(-1.51,0.,0.395));
#5531 = DIRECTION('',(0.,0.,-1.));
#5532 = DIRECTION('',(0.,1.,0.));
#5533 = ADVANCED_FACE('',(#5534),#5621,.T.);
#5534 = FACE_BOUND('',#5535,.F.);
#5535 = EDGE_LOOP('',(#5536,#5542,#5550,#5558,#5564,#5565,#5573,#5582,
    #5590,#5598,#5606,#5615));
#5536 = ORIENTED_EDGE('',*,*,#5537,.F.);
#5537 = EDGE_CURVE('',#444,#2776,#5538,.T.);
#5538 = LINE('',#5539,#5540);
#5539 = CARTESIAN_POINT('',(-1.07,2.,0.875));
#5540 = VECTOR('',#5541,1.);
#5541 = DIRECTION('',(0.,-1.,0.));
#5542 = ORIENTED_EDGE('',*,*,#5543,.F.);
#5543 = EDGE_CURVE('',#5544,#444,#5546,.T.);
#5544 = VERTEX_POINT('',#5545);
#5545 = CARTESIAN_POINT('',(-1.07,5.26,0.875));
#5546 = LINE('',#5547,#5548);
#5547 = CARTESIAN_POINT('',(-1.07,5.26,0.875));
#5548 = VECTOR('',#5549,1.);
#5549 = DIRECTION('',(0.,-1.,0.));
#5550 = ORIENTED_EDGE('',*,*,#5551,.F.);
#5551 = EDGE_CURVE('',#5552,#5544,#5554,.T.);
#5552 = VERTEX_POINT('',#5553);
#5553 = CARTESIAN_POINT('',(-1.07,5.26,0.395));
#5554 = LINE('',#5555,#5556);
#5555 = CARTESIAN_POINT('',(-1.07,5.26,0.395));
#5556 = VECTOR('',#5557,1.);
#5557 = DIRECTION('',(0.,0.,1.));
#5558 = ORIENTED_EDGE('',*,*,#5559,.F.);
#5559 = EDGE_CURVE('',#468,#5552,#5560,.T.);
#5560 = LINE('',#5561,#5562);
#5561 = CARTESIAN_POINT('',(-1.07,2.,0.395));
#5562 = VECTOR('',#5563,1.);
#5563 = DIRECTION('',(0.,1.,0.));
#5564 = ORIENTED_EDGE('',*,*,#5515,.F.);
#5565 = ORIENTED_EDGE('',*,*,#5566,.F.);
#5566 = EDGE_CURVE('',#5567,#2758,#5569,.T.);
#5567 = VERTEX_POINT('',#5568);
#5568 = CARTESIAN_POINT('',(-1.07,-1.87,0.395));
#5569 = LINE('',#5570,#5571);
#5570 = CARTESIAN_POINT('',(-1.07,-1.87,0.395));
#5571 = VECTOR('',#5572,1.);
#5572 = DIRECTION('',(0.,1.,0.));
#5573 = ORIENTED_EDGE('',*,*,#5574,.F.);
#5574 = EDGE_CURVE('',#5575,#5567,#5577,.T.);
#5575 = VERTEX_POINT('',#5576);
#5576 = CARTESIAN_POINT('',(-1.07,-2.27,-5.E-03));
#5577 = CIRCLE('',#5578,0.4);
#5578 = AXIS2_PLACEMENT_3D('',#5579,#5580,#5581);
#5579 = CARTESIAN_POINT('',(-1.07,-1.87,-5.E-03));
#5580 = DIRECTION('',(-1.,0.,0.));
#5581 = DIRECTION('',(0.,-1.,0.));
#5582 = ORIENTED_EDGE('',*,*,#5583,.F.);
#5583 = EDGE_CURVE('',#5584,#5575,#5586,.T.);
#5584 = VERTEX_POINT('',#5585);
#5585 = CARTESIAN_POINT('',(-1.07,-2.27,-4.85));
#5586 = LINE('',#5587,#5588);
#5587 = CARTESIAN_POINT('',(-1.07,-2.27,-4.85));
#5588 = VECTOR('',#5589,1.);
#5589 = DIRECTION('',(0.,0.,1.));
#5590 = ORIENTED_EDGE('',*,*,#5591,.F.);
#5591 = EDGE_CURVE('',#5592,#5584,#5594,.T.);
#5592 = VERTEX_POINT('',#5593);
#5593 = CARTESIAN_POINT('',(-1.07,-2.67,-4.85));
#5594 = LINE('',#5595,#5596);
#5595 = CARTESIAN_POINT('',(-1.07,-2.67,-4.85));
#5596 = VECTOR('',#5597,1.);
#5597 = DIRECTION('',(0.,1.,0.));
#5598 = ORIENTED_EDGE('',*,*,#5599,.F.);
#5599 = EDGE_CURVE('',#5600,#5592,#5602,.T.);
#5600 = VERTEX_POINT('',#5601);
#5601 = CARTESIAN_POINT('',(-1.07,-2.67,7.5E-02));
#5602 = LINE('',#5603,#5604);
#5603 = CARTESIAN_POINT('',(-1.07,-2.67,7.5E-02));
#5604 = VECTOR('',#5605,1.);
#5605 = DIRECTION('',(0.,0.,-1.));
#5606 = ORIENTED_EDGE('',*,*,#5607,.F.);
#5607 = EDGE_CURVE('',#5608,#5600,#5610,.T.);
#5608 = VERTEX_POINT('',#5609);
#5609 = CARTESIAN_POINT('',(-1.07,-1.87,0.875));
#5610 = CIRCLE('',#5611,0.8);
#5611 = AXIS2_PLACEMENT_3D('',#5612,#5613,#5614);
#5612 = CARTESIAN_POINT('',(-1.07,-1.87,7.5E-02));
#5613 = DIRECTION('',(1.,0.,-0.));
#5614 = DIRECTION('',(0.,0.,1.));
#5615 = ORIENTED_EDGE('',*,*,#5616,.F.);
#5616 = EDGE_CURVE('',#2776,#5608,#5617,.T.);
#5617 = LINE('',#5618,#5619);
#5618 = CARTESIAN_POINT('',(-1.07,0.5,0.875));
#5619 = VECTOR('',#5620,1.);
#5620 = DIRECTION('',(0.,-1.,0.));
#5621 = PLANE('',#5622);
#5622 = AXIS2_PLACEMENT_3D('',#5623,#5624,#5625);
#5623 = CARTESIAN_POINT('',(-1.07,0.,0.));
#5624 = DIRECTION('',(1.,0.,0.));
#5625 = DIRECTION('',(0.,-1.,0.));
#5626 = ADVANCED_FACE('',(#5627),#5638,.F.);
#5627 = FACE_BOUND('',#5628,.F.);
#5628 = EDGE_LOOP('',(#5629,#5630,#5631,#5637));
#5629 = ORIENTED_EDGE('',*,*,#5537,.T.);
#5630 = ORIENTED_EDGE('',*,*,#2775,.T.);
#5631 = ORIENTED_EDGE('',*,*,#5632,.F.);
#5632 = EDGE_CURVE('',#452,#2768,#5633,.T.);
#5633 = LINE('',#5634,#5635);
#5634 = CARTESIAN_POINT('',(-1.03,2.,0.875));
#5635 = VECTOR('',#5636,1.);
#5636 = DIRECTION('',(0.,-1.,0.));
#5637 = ORIENTED_EDGE('',*,*,#451,.F.);
#5638 = PLANE('',#5639);
#5639 = AXIS2_PLACEMENT_3D('',#5640,#5641,#5642);
#5640 = CARTESIAN_POINT('',(-1.51,2.,0.875));
#5641 = DIRECTION('',(0.,0.,1.));
#5642 = DIRECTION('',(0.,-1.,0.));
#5643 = ADVANCED_FACE('',(#5644),#5650,.F.);
#5644 = FACE_BOUND('',#5645,.F.);
#5645 = EDGE_LOOP('',(#5646,#5647,#5648,#5649));
#5646 = ORIENTED_EDGE('',*,*,#2767,.T.);
#5647 = ORIENTED_EDGE('',*,*,#5522,.T.);
#5648 = ORIENTED_EDGE('',*,*,#459,.F.);
#5649 = ORIENTED_EDGE('',*,*,#5632,.T.);
#5650 = PLANE('',#5651);
#5651 = AXIS2_PLACEMENT_3D('',#5652,#5653,#5654);
#5652 = CARTESIAN_POINT('',(-1.03,0.,0.));
#5653 = DIRECTION('',(1.,0.,0.));
#5654 = DIRECTION('',(0.,-1.,0.));
#5655 = ADVANCED_FACE('',(#5656),#5674,.T.);
#5656 = FACE_BOUND('',#5657,.F.);
#5657 = EDGE_LOOP('',(#5658,#5659,#5667,#5673));
#5658 = ORIENTED_EDGE('',*,*,#443,.F.);
#5659 = ORIENTED_EDGE('',*,*,#5660,.F.);
#5660 = EDGE_CURVE('',#5661,#436,#5663,.T.);
#5661 = VERTEX_POINT('',#5662);
#5662 = CARTESIAN_POINT('',(-1.47,5.26,0.875));
#5663 = LINE('',#5664,#5665);
#5664 = CARTESIAN_POINT('',(-1.47,5.26,0.875));
#5665 = VECTOR('',#5666,1.);
#5666 = DIRECTION('',(0.,-1.,0.));
#5667 = ORIENTED_EDGE('',*,*,#5668,.T.);
#5668 = EDGE_CURVE('',#5661,#5544,#5669,.T.);
#5669 = LINE('',#5670,#5671);
#5670 = CARTESIAN_POINT('',(-1.47,5.26,0.875));
#5671 = VECTOR('',#5672,1.);
#5672 = DIRECTION('',(1.,0.,0.));
#5673 = ORIENTED_EDGE('',*,*,#5543,.T.);
#5674 = PLANE('',#5675);
#5675 = AXIS2_PLACEMENT_3D('',#5676,#5677,#5678);
#5676 = CARTESIAN_POINT('',(-1.47,5.26,0.875));
#5677 = DIRECTION('',(0.,0.,1.));
#5678 = DIRECTION('',(0.,-1.,0.));
#5679 = ADVANCED_FACE('',(#5680),#5765,.F.);
#5680 = FACE_BOUND('',#5681,.F.);
#5681 = EDGE_LOOP('',(#5682,#5688,#5696,#5705,#5713,#5721,#5729,#5738,
    #5744,#5750,#5758,#5764));
#5682 = ORIENTED_EDGE('',*,*,#5683,.T.);
#5683 = EDGE_CURVE('',#436,#2784,#5684,.T.);
#5684 = LINE('',#5685,#5686);
#5685 = CARTESIAN_POINT('',(-1.47,2.,0.875));
#5686 = VECTOR('',#5687,1.);
#5687 = DIRECTION('',(0.,-1.,0.));
#5688 = ORIENTED_EDGE('',*,*,#5689,.T.);
#5689 = EDGE_CURVE('',#2784,#5690,#5692,.T.);
#5690 = VERTEX_POINT('',#5691);
#5691 = CARTESIAN_POINT('',(-1.47,-1.87,0.875));
#5692 = LINE('',#5693,#5694);
#5693 = CARTESIAN_POINT('',(-1.47,0.5,0.875));
#5694 = VECTOR('',#5695,1.);
#5695 = DIRECTION('',(0.,-1.,0.));
#5696 = ORIENTED_EDGE('',*,*,#5697,.T.);
#5697 = EDGE_CURVE('',#5690,#5698,#5700,.T.);
#5698 = VERTEX_POINT('',#5699);
#5699 = CARTESIAN_POINT('',(-1.47,-2.67,7.5E-02));
#5700 = CIRCLE('',#5701,0.8);
#5701 = AXIS2_PLACEMENT_3D('',#5702,#5703,#5704);
#5702 = CARTESIAN_POINT('',(-1.47,-1.87,7.5E-02));
#5703 = DIRECTION('',(1.,0.,-0.));
#5704 = DIRECTION('',(0.,0.,1.));
#5705 = ORIENTED_EDGE('',*,*,#5706,.T.);
#5706 = EDGE_CURVE('',#5698,#5707,#5709,.T.);
#5707 = VERTEX_POINT('',#5708);
#5708 = CARTESIAN_POINT('',(-1.47,-2.67,-4.85));
#5709 = LINE('',#5710,#5711);
#5710 = CARTESIAN_POINT('',(-1.47,-2.67,7.5E-02));
#5711 = VECTOR('',#5712,1.);
#5712 = DIRECTION('',(0.,0.,-1.));
#5713 = ORIENTED_EDGE('',*,*,#5714,.T.);
#5714 = EDGE_CURVE('',#5707,#5715,#5717,.T.);
#5715 = VERTEX_POINT('',#5716);
#5716 = CARTESIAN_POINT('',(-1.47,-2.27,-4.85));
#5717 = LINE('',#5718,#5719);
#5718 = CARTESIAN_POINT('',(-1.47,-2.67,-4.85));
#5719 = VECTOR('',#5720,1.);
#5720 = DIRECTION('',(0.,1.,0.));
#5721 = ORIENTED_EDGE('',*,*,#5722,.T.);
#5722 = EDGE_CURVE('',#5715,#5723,#5725,.T.);
#5723 = VERTEX_POINT('',#5724);
#5724 = CARTESIAN_POINT('',(-1.47,-2.27,-5.E-03));
#5725 = LINE('',#5726,#5727);
#5726 = CARTESIAN_POINT('',(-1.47,-2.27,-4.85));
#5727 = VECTOR('',#5728,1.);
#5728 = DIRECTION('',(0.,0.,1.));
#5729 = ORIENTED_EDGE('',*,*,#5730,.T.);
#5730 = EDGE_CURVE('',#5723,#5731,#5733,.T.);
#5731 = VERTEX_POINT('',#5732);
#5732 = CARTESIAN_POINT('',(-1.47,-1.87,0.395));
#5733 = CIRCLE('',#5734,0.4);
#5734 = AXIS2_PLACEMENT_3D('',#5735,#5736,#5737);
#5735 = CARTESIAN_POINT('',(-1.47,-1.87,-5.E-03));
#5736 = DIRECTION('',(-1.,0.,0.));
#5737 = DIRECTION('',(0.,-1.,0.));
#5738 = ORIENTED_EDGE('',*,*,#5739,.T.);
#5739 = EDGE_CURVE('',#5731,#2808,#5740,.T.);
#5740 = LINE('',#5741,#5742);
#5741 = CARTESIAN_POINT('',(-1.47,-1.87,0.395));
#5742 = VECTOR('',#5743,1.);
#5743 = DIRECTION('',(0.,1.,0.));
#5744 = ORIENTED_EDGE('',*,*,#5745,.T.);
#5745 = EDGE_CURVE('',#2808,#420,#5746,.T.);
#5746 = LINE('',#5747,#5748);
#5747 = CARTESIAN_POINT('',(-1.47,0.5,0.395));
#5748 = VECTOR('',#5749,1.);
#5749 = DIRECTION('',(0.,1.,0.));
#5750 = ORIENTED_EDGE('',*,*,#5751,.T.);
#5751 = EDGE_CURVE('',#420,#5752,#5754,.T.);
#5752 = VERTEX_POINT('',#5753);
#5753 = CARTESIAN_POINT('',(-1.47,5.26,0.395));
#5754 = LINE('',#5755,#5756);
#5755 = CARTESIAN_POINT('',(-1.47,2.,0.395));
#5756 = VECTOR('',#5757,1.);
#5757 = DIRECTION('',(0.,1.,0.));
#5758 = ORIENTED_EDGE('',*,*,#5759,.T.);
#5759 = EDGE_CURVE('',#5752,#5661,#5760,.T.);
#5760 = LINE('',#5761,#5762);
#5761 = CARTESIAN_POINT('',(-1.47,5.26,0.395));
#5762 = VECTOR('',#5763,1.);
#5763 = DIRECTION('',(0.,0.,1.));
#5764 = ORIENTED_EDGE('',*,*,#5660,.T.);
#5765 = PLANE('',#5766);
#5766 = AXIS2_PLACEMENT_3D('',#5767,#5768,#5769);
#5767 = CARTESIAN_POINT('',(-1.47,0.,0.));
#5768 = DIRECTION('',(1.,0.,0.));
#5769 = DIRECTION('',(0.,-1.,0.));
#5770 = ADVANCED_FACE('',(#5771),#5782,.F.);
#5771 = FACE_BOUND('',#5772,.F.);
#5772 = EDGE_LOOP('',(#5773,#5774,#5775,#5781));
#5773 = ORIENTED_EDGE('',*,*,#5683,.F.);
#5774 = ORIENTED_EDGE('',*,*,#435,.F.);
#5775 = ORIENTED_EDGE('',*,*,#5776,.T.);
#5776 = EDGE_CURVE('',#428,#2792,#5777,.T.);
#5777 = LINE('',#5778,#5779);
#5778 = CARTESIAN_POINT('',(-1.51,2.,0.875));
#5779 = VECTOR('',#5780,1.);
#5780 = DIRECTION('',(0.,-1.,0.));
#5781 = ORIENTED_EDGE('',*,*,#2791,.T.);
#5782 = PLANE('',#5783);
#5783 = AXIS2_PLACEMENT_3D('',#5784,#5785,#5786);
#5784 = CARTESIAN_POINT('',(-1.51,2.,0.875));
#5785 = DIRECTION('',(0.,0.,1.));
#5786 = DIRECTION('',(0.,-1.,0.));
#5787 = ADVANCED_FACE('',(#5788),#5799,.T.);
#5788 = FACE_BOUND('',#5789,.F.);
#5789 = EDGE_LOOP('',(#5790,#5791,#5792,#5793));
#5790 = ORIENTED_EDGE('',*,*,#2799,.F.);
#5791 = ORIENTED_EDGE('',*,*,#5776,.F.);
#5792 = ORIENTED_EDGE('',*,*,#427,.T.);
#5793 = ORIENTED_EDGE('',*,*,#5794,.F.);
#5794 = EDGE_CURVE('',#2800,#418,#5795,.T.);
#5795 = LINE('',#5796,#5797);
#5796 = CARTESIAN_POINT('',(-1.51,0.5,0.395));
#5797 = VECTOR('',#5798,1.);
#5798 = DIRECTION('',(0.,1.,0.));
#5799 = PLANE('',#5800);
#5800 = AXIS2_PLACEMENT_3D('',#5801,#5802,#5803);
#5801 = CARTESIAN_POINT('',(-1.51,0.,0.));
#5802 = DIRECTION('',(1.,0.,0.));
#5803 = DIRECTION('',(0.,-1.,0.));
#5804 = ADVANCED_FACE('',(#5805),#5811,.F.);
#5805 = FACE_BOUND('',#5806,.F.);
#5806 = EDGE_LOOP('',(#5807,#5808,#5809,#5810));
#5807 = ORIENTED_EDGE('',*,*,#5745,.F.);
#5808 = ORIENTED_EDGE('',*,*,#2807,.F.);
#5809 = ORIENTED_EDGE('',*,*,#5794,.T.);
#5810 = ORIENTED_EDGE('',*,*,#417,.T.);
#5811 = PLANE('',#5812);
#5812 = AXIS2_PLACEMENT_3D('',#5813,#5814,#5815);
#5813 = CARTESIAN_POINT('',(-1.51,0.,0.395));
#5814 = DIRECTION('',(0.,0.,-1.));
#5815 = DIRECTION('',(0.,1.,0.));
#5816 = ADVANCED_FACE('',(#5817),#5828,.T.);
#5817 = FACE_BOUND('',#5818,.F.);
#5818 = EDGE_LOOP('',(#5819,#5820,#5821,#5827));
#5819 = ORIENTED_EDGE('',*,*,#2783,.T.);
#5820 = ORIENTED_EDGE('',*,*,#5616,.T.);
#5821 = ORIENTED_EDGE('',*,*,#5822,.F.);
#5822 = EDGE_CURVE('',#5690,#5608,#5823,.T.);
#5823 = LINE('',#5824,#5825);
#5824 = CARTESIAN_POINT('',(-1.47,-1.87,0.875));
#5825 = VECTOR('',#5826,1.);
#5826 = DIRECTION('',(1.,0.,0.));
#5827 = ORIENTED_EDGE('',*,*,#5689,.F.);
#5828 = PLANE('',#5829);
#5829 = AXIS2_PLACEMENT_3D('',#5830,#5831,#5832);
#5830 = CARTESIAN_POINT('',(-1.47,5.26,0.875));
#5831 = DIRECTION('',(0.,0.,1.));
#5832 = DIRECTION('',(0.,-1.,0.));
#5833 = ADVANCED_FACE('',(#5834),#5845,.T.);
#5834 = FACE_BOUND('',#5835,.T.);
#5835 = EDGE_LOOP('',(#5836,#5842,#5843,#5844));
#5836 = ORIENTED_EDGE('',*,*,#5837,.T.);
#5837 = EDGE_CURVE('',#5698,#5600,#5838,.T.);
#5838 = LINE('',#5839,#5840);
#5839 = CARTESIAN_POINT('',(-1.47,-2.67,7.5E-02));
#5840 = VECTOR('',#5841,1.);
#5841 = DIRECTION('',(1.,0.,0.));
#5842 = ORIENTED_EDGE('',*,*,#5607,.F.);
#5843 = ORIENTED_EDGE('',*,*,#5822,.F.);
#5844 = ORIENTED_EDGE('',*,*,#5697,.T.);
#5845 = CYLINDRICAL_SURFACE('',#5846,0.8);
#5846 = AXIS2_PLACEMENT_3D('',#5847,#5848,#5849);
#5847 = CARTESIAN_POINT('',(-1.47,-1.87,7.5E-02));
#5848 = DIRECTION('',(1.,0.,0.));
#5849 = DIRECTION('',(0.,-1.,0.));
#5850 = ADVANCED_FACE('',(#5851),#5862,.T.);
#5851 = FACE_BOUND('',#5852,.F.);
#5852 = EDGE_LOOP('',(#5853,#5854,#5855,#5856));
#5853 = ORIENTED_EDGE('',*,*,#5706,.F.);
#5854 = ORIENTED_EDGE('',*,*,#5837,.T.);
#5855 = ORIENTED_EDGE('',*,*,#5599,.T.);
#5856 = ORIENTED_EDGE('',*,*,#5857,.F.);
#5857 = EDGE_CURVE('',#5707,#5592,#5858,.T.);
#5858 = LINE('',#5859,#5860);
#5859 = CARTESIAN_POINT('',(-1.47,-2.67,-4.85));
#5860 = VECTOR('',#5861,1.);
#5861 = DIRECTION('',(1.,0.,0.));
#5862 = PLANE('',#5863);
#5863 = AXIS2_PLACEMENT_3D('',#5864,#5865,#5866);
#5864 = CARTESIAN_POINT('',(-1.47,-2.67,7.5E-02));
#5865 = DIRECTION('',(0.,-1.,0.));
#5866 = DIRECTION('',(0.,0.,-1.));
#5867 = ADVANCED_FACE('',(#5868),#5879,.T.);
#5868 = FACE_BOUND('',#5869,.F.);
#5869 = EDGE_LOOP('',(#5870,#5871,#5872,#5873));
#5870 = ORIENTED_EDGE('',*,*,#5714,.F.);
#5871 = ORIENTED_EDGE('',*,*,#5857,.T.);
#5872 = ORIENTED_EDGE('',*,*,#5591,.T.);
#5873 = ORIENTED_EDGE('',*,*,#5874,.F.);
#5874 = EDGE_CURVE('',#5715,#5584,#5875,.T.);
#5875 = LINE('',#5876,#5877);
#5876 = CARTESIAN_POINT('',(-1.47,-2.27,-4.85));
#5877 = VECTOR('',#5878,1.);
#5878 = DIRECTION('',(1.,0.,0.));
#5879 = PLANE('',#5880);
#5880 = AXIS2_PLACEMENT_3D('',#5881,#5882,#5883);
#5881 = CARTESIAN_POINT('',(-1.47,-2.67,-4.85));
#5882 = DIRECTION('',(0.,0.,-1.));
#5883 = DIRECTION('',(0.,1.,0.));
#5884 = ADVANCED_FACE('',(#5885),#5896,.T.);
#5885 = FACE_BOUND('',#5886,.F.);
#5886 = EDGE_LOOP('',(#5887,#5888,#5889,#5890));
#5887 = ORIENTED_EDGE('',*,*,#5722,.F.);
#5888 = ORIENTED_EDGE('',*,*,#5874,.T.);
#5889 = ORIENTED_EDGE('',*,*,#5583,.T.);
#5890 = ORIENTED_EDGE('',*,*,#5891,.F.);
#5891 = EDGE_CURVE('',#5723,#5575,#5892,.T.);
#5892 = LINE('',#5893,#5894);
#5893 = CARTESIAN_POINT('',(-1.47,-2.27,-5.E-03));
#5894 = VECTOR('',#5895,1.);
#5895 = DIRECTION('',(1.,0.,0.));
#5896 = PLANE('',#5897);
#5897 = AXIS2_PLACEMENT_3D('',#5898,#5899,#5900);
#5898 = CARTESIAN_POINT('',(-1.47,-2.27,-4.85));
#5899 = DIRECTION('',(0.,1.,0.));
#5900 = DIRECTION('',(0.,-0.,1.));
#5901 = ADVANCED_FACE('',(#5902),#5913,.F.);
#5902 = FACE_BOUND('',#5903,.F.);
#5903 = EDGE_LOOP('',(#5904,#5905,#5906,#5907));
#5904 = ORIENTED_EDGE('',*,*,#5730,.F.);
#5905 = ORIENTED_EDGE('',*,*,#5891,.T.);
#5906 = ORIENTED_EDGE('',*,*,#5574,.T.);
#5907 = ORIENTED_EDGE('',*,*,#5908,.F.);
#5908 = EDGE_CURVE('',#5731,#5567,#5909,.T.);
#5909 = LINE('',#5910,#5911);
#5910 = CARTESIAN_POINT('',(-1.47,-1.87,0.395));
#5911 = VECTOR('',#5912,1.);
#5912 = DIRECTION('',(1.,0.,0.));
#5913 = CYLINDRICAL_SURFACE('',#5914,0.4);
#5914 = AXIS2_PLACEMENT_3D('',#5915,#5916,#5917);
#5915 = CARTESIAN_POINT('',(-1.47,-1.87,-5.E-03));
#5916 = DIRECTION('',(1.,0.,0.));
#5917 = DIRECTION('',(0.,-1.,0.));
#5918 = ADVANCED_FACE('',(#5919),#5925,.T.);
#5919 = FACE_BOUND('',#5920,.F.);
#5920 = EDGE_LOOP('',(#5921,#5922,#5923,#5924));
#5921 = ORIENTED_EDGE('',*,*,#2815,.F.);
#5922 = ORIENTED_EDGE('',*,*,#5739,.F.);
#5923 = ORIENTED_EDGE('',*,*,#5908,.T.);
#5924 = ORIENTED_EDGE('',*,*,#5566,.T.);
#5925 = PLANE('',#5926);
#5926 = AXIS2_PLACEMENT_3D('',#5927,#5928,#5929);
#5927 = CARTESIAN_POINT('',(-1.47,-1.87,0.395));
#5928 = DIRECTION('',(0.,0.,-1.));
#5929 = DIRECTION('',(0.,1.,0.));
#5930 = ADVANCED_FACE('',(#5931),#5942,.T.);
#5931 = FACE_BOUND('',#5932,.F.);
#5932 = EDGE_LOOP('',(#5933,#5934,#5935,#5941));
#5933 = ORIENTED_EDGE('',*,*,#475,.T.);
#5934 = ORIENTED_EDGE('',*,*,#5559,.T.);
#5935 = ORIENTED_EDGE('',*,*,#5936,.F.);
#5936 = EDGE_CURVE('',#5752,#5552,#5937,.T.);
#5937 = LINE('',#5938,#5939);
#5938 = CARTESIAN_POINT('',(-1.47,5.26,0.395));
#5939 = VECTOR('',#5940,1.);
#5940 = DIRECTION('',(1.,0.,0.));
#5941 = ORIENTED_EDGE('',*,*,#5751,.F.);
#5942 = PLANE('',#5943);
#5943 = AXIS2_PLACEMENT_3D('',#5944,#5945,#5946);
#5944 = CARTESIAN_POINT('',(-1.47,-1.87,0.395));
#5945 = DIRECTION('',(0.,0.,-1.));
#5946 = DIRECTION('',(0.,1.,0.));
#5947 = ADVANCED_FACE('',(#5948),#5954,.T.);
#5948 = FACE_BOUND('',#5949,.F.);
#5949 = EDGE_LOOP('',(#5950,#5951,#5952,#5953));
#5950 = ORIENTED_EDGE('',*,*,#5759,.F.);
#5951 = ORIENTED_EDGE('',*,*,#5936,.T.);
#5952 = ORIENTED_EDGE('',*,*,#5551,.T.);
#5953 = ORIENTED_EDGE('',*,*,#5668,.F.);
#5954 = PLANE('',#5955);
#5955 = AXIS2_PLACEMENT_3D('',#5956,#5957,#5958);
#5956 = CARTESIAN_POINT('',(-1.47,5.26,0.395));
#5957 = DIRECTION('',(0.,1.,0.));
#5958 = DIRECTION('',(0.,-0.,1.));
#5959 = ADVANCED_FACE('',(#5960),#5976,.F.);
#5960 = FACE_BOUND('',#5961,.F.);
#5961 = EDGE_LOOP('',(#5962,#5968,#5969,#5975));
#5962 = ORIENTED_EDGE('',*,*,#5963,.T.);
#5963 = EDGE_CURVE('',#2492,#534,#5964,.T.);
#5964 = LINE('',#5965,#5966);
#5965 = CARTESIAN_POINT('',(-2.34,0.5,-0.875));
#5966 = VECTOR('',#5967,1.);
#5967 = DIRECTION('',(0.,1.,0.));
#5968 = ORIENTED_EDGE('',*,*,#533,.T.);
#5969 = ORIENTED_EDGE('',*,*,#5970,.F.);
#5970 = EDGE_CURVE('',#2494,#526,#5971,.T.);
#5971 = LINE('',#5972,#5973);
#5972 = CARTESIAN_POINT('',(-2.3,0.5,-0.875));
#5973 = VECTOR('',#5974,1.);
#5974 = DIRECTION('',(0.,1.,0.));
#5975 = ORIENTED_EDGE('',*,*,#2491,.F.);
#5976 = PLANE('',#5977);
#5977 = AXIS2_PLACEMENT_3D('',#5978,#5979,#5980);
#5978 = CARTESIAN_POINT('',(-2.78,0.,-0.875));
#5979 = DIRECTION('',(0.,0.,-1.));
#5980 = DIRECTION('',(0.,1.,0.));
#5981 = ADVANCED_FACE('',(#5982),#6069,.T.);
#5982 = FACE_BOUND('',#5983,.F.);
#5983 = EDGE_LOOP('',(#5984,#5990,#5998,#6006,#6012,#6013,#6021,#6030,
    #6038,#6046,#6054,#6063));
#5984 = ORIENTED_EDGE('',*,*,#5985,.F.);
#5985 = EDGE_CURVE('',#510,#2510,#5986,.T.);
#5986 = LINE('',#5987,#5988);
#5987 = CARTESIAN_POINT('',(-2.34,2.,-0.395));
#5988 = VECTOR('',#5989,1.);
#5989 = DIRECTION('',(0.,-1.,0.));
#5990 = ORIENTED_EDGE('',*,*,#5991,.F.);
#5991 = EDGE_CURVE('',#5992,#510,#5994,.T.);
#5992 = VERTEX_POINT('',#5993);
#5993 = CARTESIAN_POINT('',(-2.34,5.26,-0.395));
#5994 = LINE('',#5995,#5996);
#5995 = CARTESIAN_POINT('',(-2.34,5.26,-0.395));
#5996 = VECTOR('',#5997,1.);
#5997 = DIRECTION('',(0.,-1.,0.));
#5998 = ORIENTED_EDGE('',*,*,#5999,.F.);
#5999 = EDGE_CURVE('',#6000,#5992,#6002,.T.);
#6000 = VERTEX_POINT('',#6001);
#6001 = CARTESIAN_POINT('',(-2.34,5.26,-0.875));
#6002 = LINE('',#6003,#6004);
#6003 = CARTESIAN_POINT('',(-2.34,5.26,-0.875));
#6004 = VECTOR('',#6005,1.);
#6005 = DIRECTION('',(0.,0.,1.));
#6006 = ORIENTED_EDGE('',*,*,#6007,.F.);
#6007 = EDGE_CURVE('',#534,#6000,#6008,.T.);
#6008 = LINE('',#6009,#6010);
#6009 = CARTESIAN_POINT('',(-2.34,2.,-0.875));
#6010 = VECTOR('',#6011,1.);
#6011 = DIRECTION('',(0.,1.,0.));
#6012 = ORIENTED_EDGE('',*,*,#5963,.F.);
#6013 = ORIENTED_EDGE('',*,*,#6014,.F.);
#6014 = EDGE_CURVE('',#6015,#2492,#6017,.T.);
#6015 = VERTEX_POINT('',#6016);
#6016 = CARTESIAN_POINT('',(-2.34,-0.6,-0.875));
#6017 = LINE('',#6018,#6019);
#6018 = CARTESIAN_POINT('',(-2.34,-0.6,-0.875));
#6019 = VECTOR('',#6020,1.);
#6020 = DIRECTION('',(0.,1.,0.));
#6021 = ORIENTED_EDGE('',*,*,#6022,.F.);
#6022 = EDGE_CURVE('',#6023,#6015,#6025,.T.);
#6023 = VERTEX_POINT('',#6024);
#6024 = CARTESIAN_POINT('',(-2.34,-1.,-1.275));
#6025 = CIRCLE('',#6026,0.4);
#6026 = AXIS2_PLACEMENT_3D('',#6027,#6028,#6029);
#6027 = CARTESIAN_POINT('',(-2.34,-0.6,-1.275));
#6028 = DIRECTION('',(-1.,0.,0.));
#6029 = DIRECTION('',(0.,-1.,0.));
#6030 = ORIENTED_EDGE('',*,*,#6031,.F.);
#6031 = EDGE_CURVE('',#6032,#6023,#6034,.T.);
#6032 = VERTEX_POINT('',#6033);
#6033 = CARTESIAN_POINT('',(-2.34,-1.,-4.85));
#6034 = LINE('',#6035,#6036);
#6035 = CARTESIAN_POINT('',(-2.34,-1.,-4.85));
#6036 = VECTOR('',#6037,1.);
#6037 = DIRECTION('',(0.,0.,1.));
#6038 = ORIENTED_EDGE('',*,*,#6039,.F.);
#6039 = EDGE_CURVE('',#6040,#6032,#6042,.T.);
#6040 = VERTEX_POINT('',#6041);
#6041 = CARTESIAN_POINT('',(-2.34,-1.4,-4.85));
#6042 = LINE('',#6043,#6044);
#6043 = CARTESIAN_POINT('',(-2.34,-1.4,-4.85));
#6044 = VECTOR('',#6045,1.);
#6045 = DIRECTION('',(0.,1.,0.));
#6046 = ORIENTED_EDGE('',*,*,#6047,.F.);
#6047 = EDGE_CURVE('',#6048,#6040,#6050,.T.);
#6048 = VERTEX_POINT('',#6049);
#6049 = CARTESIAN_POINT('',(-2.34,-1.4,-1.195));
#6050 = LINE('',#6051,#6052);
#6051 = CARTESIAN_POINT('',(-2.34,-1.4,-1.195));
#6052 = VECTOR('',#6053,1.);
#6053 = DIRECTION('',(0.,0.,-1.));
#6054 = ORIENTED_EDGE('',*,*,#6055,.F.);
#6055 = EDGE_CURVE('',#6056,#6048,#6058,.T.);
#6056 = VERTEX_POINT('',#6057);
#6057 = CARTESIAN_POINT('',(-2.34,-0.6,-0.395));
#6058 = CIRCLE('',#6059,0.8);
#6059 = AXIS2_PLACEMENT_3D('',#6060,#6061,#6062);
#6060 = CARTESIAN_POINT('',(-2.34,-0.6,-1.195));
#6061 = DIRECTION('',(1.,0.,-0.));
#6062 = DIRECTION('',(0.,0.,1.));
#6063 = ORIENTED_EDGE('',*,*,#6064,.F.);
#6064 = EDGE_CURVE('',#2510,#6056,#6065,.T.);
#6065 = LINE('',#6066,#6067);
#6066 = CARTESIAN_POINT('',(-2.34,0.5,-0.395));
#6067 = VECTOR('',#6068,1.);
#6068 = DIRECTION('',(0.,-1.,0.));
#6069 = PLANE('',#6070);
#6070 = AXIS2_PLACEMENT_3D('',#6071,#6072,#6073);
#6071 = CARTESIAN_POINT('',(-2.34,0.,0.));
#6072 = DIRECTION('',(1.,0.,0.));
#6073 = DIRECTION('',(0.,-1.,0.));
#6074 = ADVANCED_FACE('',(#6075),#6086,.F.);
#6075 = FACE_BOUND('',#6076,.F.);
#6076 = EDGE_LOOP('',(#6077,#6078,#6079,#6085));
#6077 = ORIENTED_EDGE('',*,*,#5985,.T.);
#6078 = ORIENTED_EDGE('',*,*,#2509,.T.);
#6079 = ORIENTED_EDGE('',*,*,#6080,.F.);
#6080 = EDGE_CURVE('',#518,#2502,#6081,.T.);
#6081 = LINE('',#6082,#6083);
#6082 = CARTESIAN_POINT('',(-2.3,2.,-0.395));
#6083 = VECTOR('',#6084,1.);
#6084 = DIRECTION('',(0.,-1.,0.));
#6085 = ORIENTED_EDGE('',*,*,#517,.F.);
#6086 = PLANE('',#6087);
#6087 = AXIS2_PLACEMENT_3D('',#6088,#6089,#6090);
#6088 = CARTESIAN_POINT('',(-2.78,2.,-0.395));
#6089 = DIRECTION('',(0.,0.,1.));
#6090 = DIRECTION('',(0.,-1.,0.));
#6091 = ADVANCED_FACE('',(#6092),#6098,.F.);
#6092 = FACE_BOUND('',#6093,.F.);
#6093 = EDGE_LOOP('',(#6094,#6095,#6096,#6097));
#6094 = ORIENTED_EDGE('',*,*,#2501,.T.);
#6095 = ORIENTED_EDGE('',*,*,#5970,.T.);
#6096 = ORIENTED_EDGE('',*,*,#525,.F.);
#6097 = ORIENTED_EDGE('',*,*,#6080,.T.);
#6098 = PLANE('',#6099);
#6099 = AXIS2_PLACEMENT_3D('',#6100,#6101,#6102);
#6100 = CARTESIAN_POINT('',(-2.3,0.,0.));
#6101 = DIRECTION('',(1.,0.,0.));
#6102 = DIRECTION('',(0.,-1.,0.));
#6103 = ADVANCED_FACE('',(#6104),#6122,.T.);
#6104 = FACE_BOUND('',#6105,.F.);
#6105 = EDGE_LOOP('',(#6106,#6107,#6115,#6121));
#6106 = ORIENTED_EDGE('',*,*,#509,.F.);
#6107 = ORIENTED_EDGE('',*,*,#6108,.F.);
#6108 = EDGE_CURVE('',#6109,#502,#6111,.T.);
#6109 = VERTEX_POINT('',#6110);
#6110 = CARTESIAN_POINT('',(-2.74,5.26,-0.395));
#6111 = LINE('',#6112,#6113);
#6112 = CARTESIAN_POINT('',(-2.74,5.26,-0.395));
#6113 = VECTOR('',#6114,1.);
#6114 = DIRECTION('',(0.,-1.,0.));
#6115 = ORIENTED_EDGE('',*,*,#6116,.T.);
#6116 = EDGE_CURVE('',#6109,#5992,#6117,.T.);
#6117 = LINE('',#6118,#6119);
#6118 = CARTESIAN_POINT('',(-2.74,5.26,-0.395));
#6119 = VECTOR('',#6120,1.);
#6120 = DIRECTION('',(1.,0.,0.));
#6121 = ORIENTED_EDGE('',*,*,#5991,.T.);
#6122 = PLANE('',#6123);
#6123 = AXIS2_PLACEMENT_3D('',#6124,#6125,#6126);
#6124 = CARTESIAN_POINT('',(-2.74,5.26,-0.395));
#6125 = DIRECTION('',(0.,0.,1.));
#6126 = DIRECTION('',(0.,-1.,0.));
#6127 = ADVANCED_FACE('',(#6128),#6213,.F.);
#6128 = FACE_BOUND('',#6129,.F.);
#6129 = EDGE_LOOP('',(#6130,#6136,#6144,#6153,#6161,#6169,#6177,#6186,
    #6192,#6198,#6206,#6212));
#6130 = ORIENTED_EDGE('',*,*,#6131,.T.);
#6131 = EDGE_CURVE('',#502,#2518,#6132,.T.);
#6132 = LINE('',#6133,#6134);
#6133 = CARTESIAN_POINT('',(-2.74,2.,-0.395));
#6134 = VECTOR('',#6135,1.);
#6135 = DIRECTION('',(0.,-1.,0.));
#6136 = ORIENTED_EDGE('',*,*,#6137,.T.);
#6137 = EDGE_CURVE('',#2518,#6138,#6140,.T.);
#6138 = VERTEX_POINT('',#6139);
#6139 = CARTESIAN_POINT('',(-2.74,-0.6,-0.395));
#6140 = LINE('',#6141,#6142);
#6141 = CARTESIAN_POINT('',(-2.74,0.5,-0.395));
#6142 = VECTOR('',#6143,1.);
#6143 = DIRECTION('',(0.,-1.,0.));
#6144 = ORIENTED_EDGE('',*,*,#6145,.T.);
#6145 = EDGE_CURVE('',#6138,#6146,#6148,.T.);
#6146 = VERTEX_POINT('',#6147);
#6147 = CARTESIAN_POINT('',(-2.74,-1.4,-1.195));
#6148 = CIRCLE('',#6149,0.8);
#6149 = AXIS2_PLACEMENT_3D('',#6150,#6151,#6152);
#6150 = CARTESIAN_POINT('',(-2.74,-0.6,-1.195));
#6151 = DIRECTION('',(1.,0.,-0.));
#6152 = DIRECTION('',(0.,0.,1.));
#6153 = ORIENTED_EDGE('',*,*,#6154,.T.);
#6154 = EDGE_CURVE('',#6146,#6155,#6157,.T.);
#6155 = VERTEX_POINT('',#6156);
#6156 = CARTESIAN_POINT('',(-2.74,-1.4,-4.85));
#6157 = LINE('',#6158,#6159);
#6158 = CARTESIAN_POINT('',(-2.74,-1.4,-1.195));
#6159 = VECTOR('',#6160,1.);
#6160 = DIRECTION('',(0.,0.,-1.));
#6161 = ORIENTED_EDGE('',*,*,#6162,.T.);
#6162 = EDGE_CURVE('',#6155,#6163,#6165,.T.);
#6163 = VERTEX_POINT('',#6164);
#6164 = CARTESIAN_POINT('',(-2.74,-1.,-4.85));
#6165 = LINE('',#6166,#6167);
#6166 = CARTESIAN_POINT('',(-2.74,-1.4,-4.85));
#6167 = VECTOR('',#6168,1.);
#6168 = DIRECTION('',(0.,1.,0.));
#6169 = ORIENTED_EDGE('',*,*,#6170,.T.);
#6170 = EDGE_CURVE('',#6163,#6171,#6173,.T.);
#6171 = VERTEX_POINT('',#6172);
#6172 = CARTESIAN_POINT('',(-2.74,-1.,-1.275));
#6173 = LINE('',#6174,#6175);
#6174 = CARTESIAN_POINT('',(-2.74,-1.,-4.85));
#6175 = VECTOR('',#6176,1.);
#6176 = DIRECTION('',(0.,0.,1.));
#6177 = ORIENTED_EDGE('',*,*,#6178,.T.);
#6178 = EDGE_CURVE('',#6171,#6179,#6181,.T.);
#6179 = VERTEX_POINT('',#6180);
#6180 = CARTESIAN_POINT('',(-2.74,-0.6,-0.875));
#6181 = CIRCLE('',#6182,0.4);
#6182 = AXIS2_PLACEMENT_3D('',#6183,#6184,#6185);
#6183 = CARTESIAN_POINT('',(-2.74,-0.6,-1.275));
#6184 = DIRECTION('',(-1.,0.,0.));
#6185 = DIRECTION('',(0.,-1.,0.));
#6186 = ORIENTED_EDGE('',*,*,#6187,.T.);
#6187 = EDGE_CURVE('',#6179,#2542,#6188,.T.);
#6188 = LINE('',#6189,#6190);
#6189 = CARTESIAN_POINT('',(-2.74,-0.6,-0.875));
#6190 = VECTOR('',#6191,1.);
#6191 = DIRECTION('',(0.,1.,0.));
#6192 = ORIENTED_EDGE('',*,*,#6193,.T.);
#6193 = EDGE_CURVE('',#2542,#486,#6194,.T.);
#6194 = LINE('',#6195,#6196);
#6195 = CARTESIAN_POINT('',(-2.74,0.5,-0.875));
#6196 = VECTOR('',#6197,1.);
#6197 = DIRECTION('',(0.,1.,0.));
#6198 = ORIENTED_EDGE('',*,*,#6199,.T.);
#6199 = EDGE_CURVE('',#486,#6200,#6202,.T.);
#6200 = VERTEX_POINT('',#6201);
#6201 = CARTESIAN_POINT('',(-2.74,5.26,-0.875));
#6202 = LINE('',#6203,#6204);
#6203 = CARTESIAN_POINT('',(-2.74,2.,-0.875));
#6204 = VECTOR('',#6205,1.);
#6205 = DIRECTION('',(0.,1.,0.));
#6206 = ORIENTED_EDGE('',*,*,#6207,.T.);
#6207 = EDGE_CURVE('',#6200,#6109,#6208,.T.);
#6208 = LINE('',#6209,#6210);
#6209 = CARTESIAN_POINT('',(-2.74,5.26,-0.875));
#6210 = VECTOR('',#6211,1.);
#6211 = DIRECTION('',(0.,0.,1.));
#6212 = ORIENTED_EDGE('',*,*,#6108,.T.);
#6213 = PLANE('',#6214);
#6214 = AXIS2_PLACEMENT_3D('',#6215,#6216,#6217);
#6215 = CARTESIAN_POINT('',(-2.74,0.,0.));
#6216 = DIRECTION('',(1.,0.,0.));
#6217 = DIRECTION('',(0.,-1.,0.));
#6218 = ADVANCED_FACE('',(#6219),#6230,.F.);
#6219 = FACE_BOUND('',#6220,.F.);
#6220 = EDGE_LOOP('',(#6221,#6222,#6223,#6229));
#6221 = ORIENTED_EDGE('',*,*,#6131,.F.);
#6222 = ORIENTED_EDGE('',*,*,#501,.F.);
#6223 = ORIENTED_EDGE('',*,*,#6224,.T.);
#6224 = EDGE_CURVE('',#494,#2526,#6225,.T.);
#6225 = LINE('',#6226,#6227);
#6226 = CARTESIAN_POINT('',(-2.78,2.,-0.395));
#6227 = VECTOR('',#6228,1.);
#6228 = DIRECTION('',(0.,-1.,0.));
#6229 = ORIENTED_EDGE('',*,*,#2525,.T.);
#6230 = PLANE('',#6231);
#6231 = AXIS2_PLACEMENT_3D('',#6232,#6233,#6234);
#6232 = CARTESIAN_POINT('',(-2.78,2.,-0.395));
#6233 = DIRECTION('',(0.,0.,1.));
#6234 = DIRECTION('',(0.,-1.,0.));
#6235 = ADVANCED_FACE('',(#6236),#6247,.T.);
#6236 = FACE_BOUND('',#6237,.F.);
#6237 = EDGE_LOOP('',(#6238,#6239,#6240,#6241));
#6238 = ORIENTED_EDGE('',*,*,#2533,.F.);
#6239 = ORIENTED_EDGE('',*,*,#6224,.F.);
#6240 = ORIENTED_EDGE('',*,*,#493,.T.);
#6241 = ORIENTED_EDGE('',*,*,#6242,.F.);
#6242 = EDGE_CURVE('',#2534,#484,#6243,.T.);
#6243 = LINE('',#6244,#6245);
#6244 = CARTESIAN_POINT('',(-2.78,0.5,-0.875));
#6245 = VECTOR('',#6246,1.);
#6246 = DIRECTION('',(0.,1.,0.));
#6247 = PLANE('',#6248);
#6248 = AXIS2_PLACEMENT_3D('',#6249,#6250,#6251);
#6249 = CARTESIAN_POINT('',(-2.78,0.,0.));
#6250 = DIRECTION('',(1.,0.,0.));
#6251 = DIRECTION('',(0.,-1.,0.));
#6252 = ADVANCED_FACE('',(#6253),#6259,.F.);
#6253 = FACE_BOUND('',#6254,.F.);
#6254 = EDGE_LOOP('',(#6255,#6256,#6257,#6258));
#6255 = ORIENTED_EDGE('',*,*,#6193,.F.);
#6256 = ORIENTED_EDGE('',*,*,#2541,.F.);
#6257 = ORIENTED_EDGE('',*,*,#6242,.T.);
#6258 = ORIENTED_EDGE('',*,*,#483,.T.);
#6259 = PLANE('',#6260);
#6260 = AXIS2_PLACEMENT_3D('',#6261,#6262,#6263);
#6261 = CARTESIAN_POINT('',(-2.78,0.,-0.875));
#6262 = DIRECTION('',(0.,0.,-1.));
#6263 = DIRECTION('',(0.,1.,0.));
#6264 = ADVANCED_FACE('',(#6265),#6276,.T.);
#6265 = FACE_BOUND('',#6266,.F.);
#6266 = EDGE_LOOP('',(#6267,#6268,#6269,#6275));
#6267 = ORIENTED_EDGE('',*,*,#2517,.T.);
#6268 = ORIENTED_EDGE('',*,*,#6064,.T.);
#6269 = ORIENTED_EDGE('',*,*,#6270,.F.);
#6270 = EDGE_CURVE('',#6138,#6056,#6271,.T.);
#6271 = LINE('',#6272,#6273);
#6272 = CARTESIAN_POINT('',(-2.74,-0.6,-0.395));
#6273 = VECTOR('',#6274,1.);
#6274 = DIRECTION('',(1.,0.,0.));
#6275 = ORIENTED_EDGE('',*,*,#6137,.F.);
#6276 = PLANE('',#6277);
#6277 = AXIS2_PLACEMENT_3D('',#6278,#6279,#6280);
#6278 = CARTESIAN_POINT('',(-2.74,5.26,-0.395));
#6279 = DIRECTION('',(0.,0.,1.));
#6280 = DIRECTION('',(0.,-1.,0.));
#6281 = ADVANCED_FACE('',(#6282),#6293,.T.);
#6282 = FACE_BOUND('',#6283,.T.);
#6283 = EDGE_LOOP('',(#6284,#6290,#6291,#6292));
#6284 = ORIENTED_EDGE('',*,*,#6285,.T.);
#6285 = EDGE_CURVE('',#6146,#6048,#6286,.T.);
#6286 = LINE('',#6287,#6288);
#6287 = CARTESIAN_POINT('',(-2.74,-1.4,-1.195));
#6288 = VECTOR('',#6289,1.);
#6289 = DIRECTION('',(1.,0.,0.));
#6290 = ORIENTED_EDGE('',*,*,#6055,.F.);
#6291 = ORIENTED_EDGE('',*,*,#6270,.F.);
#6292 = ORIENTED_EDGE('',*,*,#6145,.T.);
#6293 = CYLINDRICAL_SURFACE('',#6294,0.8);
#6294 = AXIS2_PLACEMENT_3D('',#6295,#6296,#6297);
#6295 = CARTESIAN_POINT('',(-2.74,-0.6,-1.195));
#6296 = DIRECTION('',(1.,0.,0.));
#6297 = DIRECTION('',(0.,-1.,0.));
#6298 = ADVANCED_FACE('',(#6299),#6310,.T.);
#6299 = FACE_BOUND('',#6300,.F.);
#6300 = EDGE_LOOP('',(#6301,#6302,#6303,#6304));
#6301 = ORIENTED_EDGE('',*,*,#6154,.F.);
#6302 = ORIENTED_EDGE('',*,*,#6285,.T.);
#6303 = ORIENTED_EDGE('',*,*,#6047,.T.);
#6304 = ORIENTED_EDGE('',*,*,#6305,.F.);
#6305 = EDGE_CURVE('',#6155,#6040,#6306,.T.);
#6306 = LINE('',#6307,#6308);
#6307 = CARTESIAN_POINT('',(-2.74,-1.4,-4.85));
#6308 = VECTOR('',#6309,1.);
#6309 = DIRECTION('',(1.,0.,0.));
#6310 = PLANE('',#6311);
#6311 = AXIS2_PLACEMENT_3D('',#6312,#6313,#6314);
#6312 = CARTESIAN_POINT('',(-2.74,-1.4,-1.195));
#6313 = DIRECTION('',(0.,-1.,0.));
#6314 = DIRECTION('',(0.,0.,-1.));
#6315 = ADVANCED_FACE('',(#6316),#6327,.T.);
#6316 = FACE_BOUND('',#6317,.F.);
#6317 = EDGE_LOOP('',(#6318,#6319,#6320,#6321));
#6318 = ORIENTED_EDGE('',*,*,#6162,.F.);
#6319 = ORIENTED_EDGE('',*,*,#6305,.T.);
#6320 = ORIENTED_EDGE('',*,*,#6039,.T.);
#6321 = ORIENTED_EDGE('',*,*,#6322,.F.);
#6322 = EDGE_CURVE('',#6163,#6032,#6323,.T.);
#6323 = LINE('',#6324,#6325);
#6324 = CARTESIAN_POINT('',(-2.74,-1.,-4.85));
#6325 = VECTOR('',#6326,1.);
#6326 = DIRECTION('',(1.,0.,0.));
#6327 = PLANE('',#6328);
#6328 = AXIS2_PLACEMENT_3D('',#6329,#6330,#6331);
#6329 = CARTESIAN_POINT('',(-2.74,-1.4,-4.85));
#6330 = DIRECTION('',(0.,0.,-1.));
#6331 = DIRECTION('',(0.,1.,0.));
#6332 = ADVANCED_FACE('',(#6333),#6344,.T.);
#6333 = FACE_BOUND('',#6334,.F.);
#6334 = EDGE_LOOP('',(#6335,#6336,#6337,#6338));
#6335 = ORIENTED_EDGE('',*,*,#6170,.F.);
#6336 = ORIENTED_EDGE('',*,*,#6322,.T.);
#6337 = ORIENTED_EDGE('',*,*,#6031,.T.);
#6338 = ORIENTED_EDGE('',*,*,#6339,.F.);
#6339 = EDGE_CURVE('',#6171,#6023,#6340,.T.);
#6340 = LINE('',#6341,#6342);
#6341 = CARTESIAN_POINT('',(-2.74,-1.,-1.275));
#6342 = VECTOR('',#6343,1.);
#6343 = DIRECTION('',(1.,0.,0.));
#6344 = PLANE('',#6345);
#6345 = AXIS2_PLACEMENT_3D('',#6346,#6347,#6348);
#6346 = CARTESIAN_POINT('',(-2.74,-1.,-4.85));
#6347 = DIRECTION('',(0.,1.,0.));
#6348 = DIRECTION('',(0.,-0.,1.));
#6349 = ADVANCED_FACE('',(#6350),#6361,.F.);
#6350 = FACE_BOUND('',#6351,.F.);
#6351 = EDGE_LOOP('',(#6352,#6353,#6354,#6355));
#6352 = ORIENTED_EDGE('',*,*,#6178,.F.);
#6353 = ORIENTED_EDGE('',*,*,#6339,.T.);
#6354 = ORIENTED_EDGE('',*,*,#6022,.T.);
#6355 = ORIENTED_EDGE('',*,*,#6356,.F.);
#6356 = EDGE_CURVE('',#6179,#6015,#6357,.T.);
#6357 = LINE('',#6358,#6359);
#6358 = CARTESIAN_POINT('',(-2.74,-0.6,-0.875));
#6359 = VECTOR('',#6360,1.);
#6360 = DIRECTION('',(1.,0.,0.));
#6361 = CYLINDRICAL_SURFACE('',#6362,0.4);
#6362 = AXIS2_PLACEMENT_3D('',#6363,#6364,#6365);
#6363 = CARTESIAN_POINT('',(-2.74,-0.6,-1.275));
#6364 = DIRECTION('',(1.,0.,0.));
#6365 = DIRECTION('',(0.,-1.,0.));
#6366 = ADVANCED_FACE('',(#6367),#6373,.T.);
#6367 = FACE_BOUND('',#6368,.F.);
#6368 = EDGE_LOOP('',(#6369,#6370,#6371,#6372));
#6369 = ORIENTED_EDGE('',*,*,#2549,.F.);
#6370 = ORIENTED_EDGE('',*,*,#6187,.F.);
#6371 = ORIENTED_EDGE('',*,*,#6356,.T.);
#6372 = ORIENTED_EDGE('',*,*,#6014,.T.);
#6373 = PLANE('',#6374);
#6374 = AXIS2_PLACEMENT_3D('',#6375,#6376,#6377);
#6375 = CARTESIAN_POINT('',(-2.74,-0.6,-0.875));
#6376 = DIRECTION('',(0.,0.,-1.));
#6377 = DIRECTION('',(0.,1.,0.));
#6378 = ADVANCED_FACE('',(#6379),#6390,.T.);
#6379 = FACE_BOUND('',#6380,.F.);
#6380 = EDGE_LOOP('',(#6381,#6382,#6383,#6389));
#6381 = ORIENTED_EDGE('',*,*,#541,.T.);
#6382 = ORIENTED_EDGE('',*,*,#6007,.T.);
#6383 = ORIENTED_EDGE('',*,*,#6384,.F.);
#6384 = EDGE_CURVE('',#6200,#6000,#6385,.T.);
#6385 = LINE('',#6386,#6387);
#6386 = CARTESIAN_POINT('',(-2.74,5.26,-0.875));
#6387 = VECTOR('',#6388,1.);
#6388 = DIRECTION('',(1.,0.,0.));
#6389 = ORIENTED_EDGE('',*,*,#6199,.F.);
#6390 = PLANE('',#6391);
#6391 = AXIS2_PLACEMENT_3D('',#6392,#6393,#6394);
#6392 = CARTESIAN_POINT('',(-2.74,-0.6,-0.875));
#6393 = DIRECTION('',(0.,0.,-1.));
#6394 = DIRECTION('',(0.,1.,0.));
#6395 = ADVANCED_FACE('',(#6396),#6402,.T.);
#6396 = FACE_BOUND('',#6397,.F.);
#6397 = EDGE_LOOP('',(#6398,#6399,#6400,#6401));
#6398 = ORIENTED_EDGE('',*,*,#6207,.F.);
#6399 = ORIENTED_EDGE('',*,*,#6384,.T.);
#6400 = ORIENTED_EDGE('',*,*,#5999,.T.);
#6401 = ORIENTED_EDGE('',*,*,#6116,.F.);
#6402 = PLANE('',#6403);
#6403 = AXIS2_PLACEMENT_3D('',#6404,#6405,#6406);
#6404 = CARTESIAN_POINT('',(-2.74,5.26,-0.875));
#6405 = DIRECTION('',(0.,1.,0.));
#6406 = DIRECTION('',(0.,-0.,1.));
#6407 = ADVANCED_FACE('',(#6408),#6424,.F.);
#6408 = FACE_BOUND('',#6409,.F.);
#6409 = EDGE_LOOP('',(#6410,#6416,#6417,#6423));
#6410 = ORIENTED_EDGE('',*,*,#6411,.T.);
#6411 = EDGE_CURVE('',#2558,#600,#6412,.T.);
#6412 = LINE('',#6413,#6414);
#6413 = CARTESIAN_POINT('',(-2.34,0.5,0.395));
#6414 = VECTOR('',#6415,1.);
#6415 = DIRECTION('',(0.,1.,0.));
#6416 = ORIENTED_EDGE('',*,*,#599,.T.);
#6417 = ORIENTED_EDGE('',*,*,#6418,.F.);
#6418 = EDGE_CURVE('',#2560,#592,#6419,.T.);
#6419 = LINE('',#6420,#6421);
#6420 = CARTESIAN_POINT('',(-2.3,0.5,0.395));
#6421 = VECTOR('',#6422,1.);
#6422 = DIRECTION('',(0.,1.,0.));
#6423 = ORIENTED_EDGE('',*,*,#2557,.F.);
#6424 = PLANE('',#6425);
#6425 = AXIS2_PLACEMENT_3D('',#6426,#6427,#6428);
#6426 = CARTESIAN_POINT('',(-2.78,0.,0.395));
#6427 = DIRECTION('',(0.,0.,-1.));
#6428 = DIRECTION('',(0.,1.,0.));
#6429 = ADVANCED_FACE('',(#6430),#6517,.T.);
#6430 = FACE_BOUND('',#6431,.F.);
#6431 = EDGE_LOOP('',(#6432,#6438,#6446,#6454,#6460,#6461,#6469,#6478,
    #6486,#6494,#6502,#6511));
#6432 = ORIENTED_EDGE('',*,*,#6433,.F.);
#6433 = EDGE_CURVE('',#576,#2576,#6434,.T.);
#6434 = LINE('',#6435,#6436);
#6435 = CARTESIAN_POINT('',(-2.34,2.,0.875));
#6436 = VECTOR('',#6437,1.);
#6437 = DIRECTION('',(0.,-1.,0.));
#6438 = ORIENTED_EDGE('',*,*,#6439,.F.);
#6439 = EDGE_CURVE('',#6440,#576,#6442,.T.);
#6440 = VERTEX_POINT('',#6441);
#6441 = CARTESIAN_POINT('',(-2.34,5.26,0.875));
#6442 = LINE('',#6443,#6444);
#6443 = CARTESIAN_POINT('',(-2.34,5.26,0.875));
#6444 = VECTOR('',#6445,1.);
#6445 = DIRECTION('',(0.,-1.,0.));
#6446 = ORIENTED_EDGE('',*,*,#6447,.F.);
#6447 = EDGE_CURVE('',#6448,#6440,#6450,.T.);
#6448 = VERTEX_POINT('',#6449);
#6449 = CARTESIAN_POINT('',(-2.34,5.26,0.395));
#6450 = LINE('',#6451,#6452);
#6451 = CARTESIAN_POINT('',(-2.34,5.26,0.395));
#6452 = VECTOR('',#6453,1.);
#6453 = DIRECTION('',(0.,0.,1.));
#6454 = ORIENTED_EDGE('',*,*,#6455,.F.);
#6455 = EDGE_CURVE('',#600,#6448,#6456,.T.);
#6456 = LINE('',#6457,#6458);
#6457 = CARTESIAN_POINT('',(-2.34,2.,0.395));
#6458 = VECTOR('',#6459,1.);
#6459 = DIRECTION('',(0.,1.,0.));
#6460 = ORIENTED_EDGE('',*,*,#6411,.F.);
#6461 = ORIENTED_EDGE('',*,*,#6462,.F.);
#6462 = EDGE_CURVE('',#6463,#2558,#6465,.T.);
#6463 = VERTEX_POINT('',#6464);
#6464 = CARTESIAN_POINT('',(-2.34,-1.87,0.395));
#6465 = LINE('',#6466,#6467);
#6466 = CARTESIAN_POINT('',(-2.34,-1.87,0.395));
#6467 = VECTOR('',#6468,1.);
#6468 = DIRECTION('',(0.,1.,0.));
#6469 = ORIENTED_EDGE('',*,*,#6470,.F.);
#6470 = EDGE_CURVE('',#6471,#6463,#6473,.T.);
#6471 = VERTEX_POINT('',#6472);
#6472 = CARTESIAN_POINT('',(-2.34,-2.27,-5.E-03));
#6473 = CIRCLE('',#6474,0.4);
#6474 = AXIS2_PLACEMENT_3D('',#6475,#6476,#6477);
#6475 = CARTESIAN_POINT('',(-2.34,-1.87,-5.E-03));
#6476 = DIRECTION('',(-1.,0.,0.));
#6477 = DIRECTION('',(0.,-1.,0.));
#6478 = ORIENTED_EDGE('',*,*,#6479,.F.);
#6479 = EDGE_CURVE('',#6480,#6471,#6482,.T.);
#6480 = VERTEX_POINT('',#6481);
#6481 = CARTESIAN_POINT('',(-2.34,-2.27,-4.85));
#6482 = LINE('',#6483,#6484);
#6483 = CARTESIAN_POINT('',(-2.34,-2.27,-4.85));
#6484 = VECTOR('',#6485,1.);
#6485 = DIRECTION('',(0.,0.,1.));
#6486 = ORIENTED_EDGE('',*,*,#6487,.F.);
#6487 = EDGE_CURVE('',#6488,#6480,#6490,.T.);
#6488 = VERTEX_POINT('',#6489);
#6489 = CARTESIAN_POINT('',(-2.34,-2.67,-4.85));
#6490 = LINE('',#6491,#6492);
#6491 = CARTESIAN_POINT('',(-2.34,-2.67,-4.85));
#6492 = VECTOR('',#6493,1.);
#6493 = DIRECTION('',(0.,1.,0.));
#6494 = ORIENTED_EDGE('',*,*,#6495,.F.);
#6495 = EDGE_CURVE('',#6496,#6488,#6498,.T.);
#6496 = VERTEX_POINT('',#6497);
#6497 = CARTESIAN_POINT('',(-2.34,-2.67,7.5E-02));
#6498 = LINE('',#6499,#6500);
#6499 = CARTESIAN_POINT('',(-2.34,-2.67,7.5E-02));
#6500 = VECTOR('',#6501,1.);
#6501 = DIRECTION('',(0.,0.,-1.));
#6502 = ORIENTED_EDGE('',*,*,#6503,.F.);
#6503 = EDGE_CURVE('',#6504,#6496,#6506,.T.);
#6504 = VERTEX_POINT('',#6505);
#6505 = CARTESIAN_POINT('',(-2.34,-1.87,0.875));
#6506 = CIRCLE('',#6507,0.8);
#6507 = AXIS2_PLACEMENT_3D('',#6508,#6509,#6510);
#6508 = CARTESIAN_POINT('',(-2.34,-1.87,7.5E-02));
#6509 = DIRECTION('',(1.,0.,-0.));
#6510 = DIRECTION('',(0.,0.,1.));
#6511 = ORIENTED_EDGE('',*,*,#6512,.F.);
#6512 = EDGE_CURVE('',#2576,#6504,#6513,.T.);
#6513 = LINE('',#6514,#6515);
#6514 = CARTESIAN_POINT('',(-2.34,0.5,0.875));
#6515 = VECTOR('',#6516,1.);
#6516 = DIRECTION('',(0.,-1.,0.));
#6517 = PLANE('',#6518);
#6518 = AXIS2_PLACEMENT_3D('',#6519,#6520,#6521);
#6519 = CARTESIAN_POINT('',(-2.34,0.,0.));
#6520 = DIRECTION('',(1.,0.,0.));
#6521 = DIRECTION('',(0.,-1.,0.));
#6522 = ADVANCED_FACE('',(#6523),#6534,.F.);
#6523 = FACE_BOUND('',#6524,.F.);
#6524 = EDGE_LOOP('',(#6525,#6526,#6527,#6533));
#6525 = ORIENTED_EDGE('',*,*,#6433,.T.);
#6526 = ORIENTED_EDGE('',*,*,#2575,.T.);
#6527 = ORIENTED_EDGE('',*,*,#6528,.F.);
#6528 = EDGE_CURVE('',#584,#2568,#6529,.T.);
#6529 = LINE('',#6530,#6531);
#6530 = CARTESIAN_POINT('',(-2.3,2.,0.875));
#6531 = VECTOR('',#6532,1.);
#6532 = DIRECTION('',(0.,-1.,0.));
#6533 = ORIENTED_EDGE('',*,*,#583,.F.);
#6534 = PLANE('',#6535);
#6535 = AXIS2_PLACEMENT_3D('',#6536,#6537,#6538);
#6536 = CARTESIAN_POINT('',(-2.78,2.,0.875));
#6537 = DIRECTION('',(0.,0.,1.));
#6538 = DIRECTION('',(0.,-1.,0.));
#6539 = ADVANCED_FACE('',(#6540),#6546,.F.);
#6540 = FACE_BOUND('',#6541,.F.);
#6541 = EDGE_LOOP('',(#6542,#6543,#6544,#6545));
#6542 = ORIENTED_EDGE('',*,*,#2567,.T.);
#6543 = ORIENTED_EDGE('',*,*,#6418,.T.);
#6544 = ORIENTED_EDGE('',*,*,#591,.F.);
#6545 = ORIENTED_EDGE('',*,*,#6528,.T.);
#6546 = PLANE('',#6547);
#6547 = AXIS2_PLACEMENT_3D('',#6548,#6549,#6550);
#6548 = CARTESIAN_POINT('',(-2.3,0.,0.));
#6549 = DIRECTION('',(1.,0.,0.));
#6550 = DIRECTION('',(0.,-1.,0.));
#6551 = ADVANCED_FACE('',(#6552),#6570,.T.);
#6552 = FACE_BOUND('',#6553,.F.);
#6553 = EDGE_LOOP('',(#6554,#6555,#6563,#6569));
#6554 = ORIENTED_EDGE('',*,*,#575,.F.);
#6555 = ORIENTED_EDGE('',*,*,#6556,.F.);
#6556 = EDGE_CURVE('',#6557,#568,#6559,.T.);
#6557 = VERTEX_POINT('',#6558);
#6558 = CARTESIAN_POINT('',(-2.74,5.26,0.875));
#6559 = LINE('',#6560,#6561);
#6560 = CARTESIAN_POINT('',(-2.74,5.26,0.875));
#6561 = VECTOR('',#6562,1.);
#6562 = DIRECTION('',(0.,-1.,0.));
#6563 = ORIENTED_EDGE('',*,*,#6564,.T.);
#6564 = EDGE_CURVE('',#6557,#6440,#6565,.T.);
#6565 = LINE('',#6566,#6567);
#6566 = CARTESIAN_POINT('',(-2.74,5.26,0.875));
#6567 = VECTOR('',#6568,1.);
#6568 = DIRECTION('',(1.,0.,0.));
#6569 = ORIENTED_EDGE('',*,*,#6439,.T.);
#6570 = PLANE('',#6571);
#6571 = AXIS2_PLACEMENT_3D('',#6572,#6573,#6574);
#6572 = CARTESIAN_POINT('',(-2.74,5.26,0.875));
#6573 = DIRECTION('',(0.,0.,1.));
#6574 = DIRECTION('',(0.,-1.,0.));
#6575 = ADVANCED_FACE('',(#6576),#6661,.F.);
#6576 = FACE_BOUND('',#6577,.F.);
#6577 = EDGE_LOOP('',(#6578,#6584,#6592,#6601,#6609,#6617,#6625,#6634,
    #6640,#6646,#6654,#6660));
#6578 = ORIENTED_EDGE('',*,*,#6579,.T.);
#6579 = EDGE_CURVE('',#568,#2584,#6580,.T.);
#6580 = LINE('',#6581,#6582);
#6581 = CARTESIAN_POINT('',(-2.74,2.,0.875));
#6582 = VECTOR('',#6583,1.);
#6583 = DIRECTION('',(0.,-1.,0.));
#6584 = ORIENTED_EDGE('',*,*,#6585,.T.);
#6585 = EDGE_CURVE('',#2584,#6586,#6588,.T.);
#6586 = VERTEX_POINT('',#6587);
#6587 = CARTESIAN_POINT('',(-2.74,-1.87,0.875));
#6588 = LINE('',#6589,#6590);
#6589 = CARTESIAN_POINT('',(-2.74,0.5,0.875));
#6590 = VECTOR('',#6591,1.);
#6591 = DIRECTION('',(0.,-1.,0.));
#6592 = ORIENTED_EDGE('',*,*,#6593,.T.);
#6593 = EDGE_CURVE('',#6586,#6594,#6596,.T.);
#6594 = VERTEX_POINT('',#6595);
#6595 = CARTESIAN_POINT('',(-2.74,-2.67,7.5E-02));
#6596 = CIRCLE('',#6597,0.8);
#6597 = AXIS2_PLACEMENT_3D('',#6598,#6599,#6600);
#6598 = CARTESIAN_POINT('',(-2.74,-1.87,7.5E-02));
#6599 = DIRECTION('',(1.,0.,-0.));
#6600 = DIRECTION('',(0.,0.,1.));
#6601 = ORIENTED_EDGE('',*,*,#6602,.T.);
#6602 = EDGE_CURVE('',#6594,#6603,#6605,.T.);
#6603 = VERTEX_POINT('',#6604);
#6604 = CARTESIAN_POINT('',(-2.74,-2.67,-4.85));
#6605 = LINE('',#6606,#6607);
#6606 = CARTESIAN_POINT('',(-2.74,-2.67,7.5E-02));
#6607 = VECTOR('',#6608,1.);
#6608 = DIRECTION('',(0.,0.,-1.));
#6609 = ORIENTED_EDGE('',*,*,#6610,.T.);
#6610 = EDGE_CURVE('',#6603,#6611,#6613,.T.);
#6611 = VERTEX_POINT('',#6612);
#6612 = CARTESIAN_POINT('',(-2.74,-2.27,-4.85));
#6613 = LINE('',#6614,#6615);
#6614 = CARTESIAN_POINT('',(-2.74,-2.67,-4.85));
#6615 = VECTOR('',#6616,1.);
#6616 = DIRECTION('',(0.,1.,0.));
#6617 = ORIENTED_EDGE('',*,*,#6618,.T.);
#6618 = EDGE_CURVE('',#6611,#6619,#6621,.T.);
#6619 = VERTEX_POINT('',#6620);
#6620 = CARTESIAN_POINT('',(-2.74,-2.27,-5.E-03));
#6621 = LINE('',#6622,#6623);
#6622 = CARTESIAN_POINT('',(-2.74,-2.27,-4.85));
#6623 = VECTOR('',#6624,1.);
#6624 = DIRECTION('',(0.,0.,1.));
#6625 = ORIENTED_EDGE('',*,*,#6626,.T.);
#6626 = EDGE_CURVE('',#6619,#6627,#6629,.T.);
#6627 = VERTEX_POINT('',#6628);
#6628 = CARTESIAN_POINT('',(-2.74,-1.87,0.395));
#6629 = CIRCLE('',#6630,0.4);
#6630 = AXIS2_PLACEMENT_3D('',#6631,#6632,#6633);
#6631 = CARTESIAN_POINT('',(-2.74,-1.87,-5.E-03));
#6632 = DIRECTION('',(-1.,0.,0.));
#6633 = DIRECTION('',(0.,-1.,0.));
#6634 = ORIENTED_EDGE('',*,*,#6635,.T.);
#6635 = EDGE_CURVE('',#6627,#2608,#6636,.T.);
#6636 = LINE('',#6637,#6638);
#6637 = CARTESIAN_POINT('',(-2.74,-1.87,0.395));
#6638 = VECTOR('',#6639,1.);
#6639 = DIRECTION('',(0.,1.,0.));
#6640 = ORIENTED_EDGE('',*,*,#6641,.T.);
#6641 = EDGE_CURVE('',#2608,#552,#6642,.T.);
#6642 = LINE('',#6643,#6644);
#6643 = CARTESIAN_POINT('',(-2.74,0.5,0.395));
#6644 = VECTOR('',#6645,1.);
#6645 = DIRECTION('',(0.,1.,0.));
#6646 = ORIENTED_EDGE('',*,*,#6647,.T.);
#6647 = EDGE_CURVE('',#552,#6648,#6650,.T.);
#6648 = VERTEX_POINT('',#6649);
#6649 = CARTESIAN_POINT('',(-2.74,5.26,0.395));
#6650 = LINE('',#6651,#6652);
#6651 = CARTESIAN_POINT('',(-2.74,2.,0.395));
#6652 = VECTOR('',#6653,1.);
#6653 = DIRECTION('',(0.,1.,0.));
#6654 = ORIENTED_EDGE('',*,*,#6655,.T.);
#6655 = EDGE_CURVE('',#6648,#6557,#6656,.T.);
#6656 = LINE('',#6657,#6658);
#6657 = CARTESIAN_POINT('',(-2.74,5.26,0.395));
#6658 = VECTOR('',#6659,1.);
#6659 = DIRECTION('',(0.,0.,1.));
#6660 = ORIENTED_EDGE('',*,*,#6556,.T.);
#6661 = PLANE('',#6662);
#6662 = AXIS2_PLACEMENT_3D('',#6663,#6664,#6665);
#6663 = CARTESIAN_POINT('',(-2.74,0.,0.));
#6664 = DIRECTION('',(1.,0.,0.));
#6665 = DIRECTION('',(0.,-1.,0.));
#6666 = ADVANCED_FACE('',(#6667),#6678,.F.);
#6667 = FACE_BOUND('',#6668,.F.);
#6668 = EDGE_LOOP('',(#6669,#6670,#6671,#6677));
#6669 = ORIENTED_EDGE('',*,*,#6579,.F.);
#6670 = ORIENTED_EDGE('',*,*,#567,.F.);
#6671 = ORIENTED_EDGE('',*,*,#6672,.T.);
#6672 = EDGE_CURVE('',#560,#2592,#6673,.T.);
#6673 = LINE('',#6674,#6675);
#6674 = CARTESIAN_POINT('',(-2.78,2.,0.875));
#6675 = VECTOR('',#6676,1.);
#6676 = DIRECTION('',(0.,-1.,0.));
#6677 = ORIENTED_EDGE('',*,*,#2591,.T.);
#6678 = PLANE('',#6679);
#6679 = AXIS2_PLACEMENT_3D('',#6680,#6681,#6682);
#6680 = CARTESIAN_POINT('',(-2.78,2.,0.875));
#6681 = DIRECTION('',(0.,0.,1.));
#6682 = DIRECTION('',(0.,-1.,0.));
#6683 = ADVANCED_FACE('',(#6684),#6695,.T.);
#6684 = FACE_BOUND('',#6685,.F.);
#6685 = EDGE_LOOP('',(#6686,#6687,#6688,#6689));
#6686 = ORIENTED_EDGE('',*,*,#2599,.F.);
#6687 = ORIENTED_EDGE('',*,*,#6672,.F.);
#6688 = ORIENTED_EDGE('',*,*,#559,.T.);
#6689 = ORIENTED_EDGE('',*,*,#6690,.F.);
#6690 = EDGE_CURVE('',#2600,#550,#6691,.T.);
#6691 = LINE('',#6692,#6693);
#6692 = CARTESIAN_POINT('',(-2.78,0.5,0.395));
#6693 = VECTOR('',#6694,1.);
#6694 = DIRECTION('',(0.,1.,0.));
#6695 = PLANE('',#6696);
#6696 = AXIS2_PLACEMENT_3D('',#6697,#6698,#6699);
#6697 = CARTESIAN_POINT('',(-2.78,0.,0.));
#6698 = DIRECTION('',(1.,0.,0.));
#6699 = DIRECTION('',(0.,-1.,0.));
#6700 = ADVANCED_FACE('',(#6701),#6707,.F.);
#6701 = FACE_BOUND('',#6702,.F.);
#6702 = EDGE_LOOP('',(#6703,#6704,#6705,#6706));
#6703 = ORIENTED_EDGE('',*,*,#6641,.F.);
#6704 = ORIENTED_EDGE('',*,*,#2607,.F.);
#6705 = ORIENTED_EDGE('',*,*,#6690,.T.);
#6706 = ORIENTED_EDGE('',*,*,#549,.T.);
#6707 = PLANE('',#6708);
#6708 = AXIS2_PLACEMENT_3D('',#6709,#6710,#6711);
#6709 = CARTESIAN_POINT('',(-2.78,0.,0.395));
#6710 = DIRECTION('',(0.,0.,-1.));
#6711 = DIRECTION('',(0.,1.,0.));
#6712 = ADVANCED_FACE('',(#6713),#6724,.T.);
#6713 = FACE_BOUND('',#6714,.F.);
#6714 = EDGE_LOOP('',(#6715,#6716,#6717,#6723));
#6715 = ORIENTED_EDGE('',*,*,#2583,.T.);
#6716 = ORIENTED_EDGE('',*,*,#6512,.T.);
#6717 = ORIENTED_EDGE('',*,*,#6718,.F.);
#6718 = EDGE_CURVE('',#6586,#6504,#6719,.T.);
#6719 = LINE('',#6720,#6721);
#6720 = CARTESIAN_POINT('',(-2.74,-1.87,0.875));
#6721 = VECTOR('',#6722,1.);
#6722 = DIRECTION('',(1.,0.,0.));
#6723 = ORIENTED_EDGE('',*,*,#6585,.F.);
#6724 = PLANE('',#6725);
#6725 = AXIS2_PLACEMENT_3D('',#6726,#6727,#6728);
#6726 = CARTESIAN_POINT('',(-2.74,5.26,0.875));
#6727 = DIRECTION('',(0.,0.,1.));
#6728 = DIRECTION('',(0.,-1.,0.));
#6729 = ADVANCED_FACE('',(#6730),#6741,.T.);
#6730 = FACE_BOUND('',#6731,.T.);
#6731 = EDGE_LOOP('',(#6732,#6738,#6739,#6740));
#6732 = ORIENTED_EDGE('',*,*,#6733,.T.);
#6733 = EDGE_CURVE('',#6594,#6496,#6734,.T.);
#6734 = LINE('',#6735,#6736);
#6735 = CARTESIAN_POINT('',(-2.74,-2.67,7.5E-02));
#6736 = VECTOR('',#6737,1.);
#6737 = DIRECTION('',(1.,0.,0.));
#6738 = ORIENTED_EDGE('',*,*,#6503,.F.);
#6739 = ORIENTED_EDGE('',*,*,#6718,.F.);
#6740 = ORIENTED_EDGE('',*,*,#6593,.T.);
#6741 = CYLINDRICAL_SURFACE('',#6742,0.8);
#6742 = AXIS2_PLACEMENT_3D('',#6743,#6744,#6745);
#6743 = CARTESIAN_POINT('',(-2.74,-1.87,7.5E-02));
#6744 = DIRECTION('',(1.,0.,0.));
#6745 = DIRECTION('',(0.,-1.,0.));
#6746 = ADVANCED_FACE('',(#6747),#6758,.T.);
#6747 = FACE_BOUND('',#6748,.F.);
#6748 = EDGE_LOOP('',(#6749,#6750,#6751,#6752));
#6749 = ORIENTED_EDGE('',*,*,#6602,.F.);
#6750 = ORIENTED_EDGE('',*,*,#6733,.T.);
#6751 = ORIENTED_EDGE('',*,*,#6495,.T.);
#6752 = ORIENTED_EDGE('',*,*,#6753,.F.);
#6753 = EDGE_CURVE('',#6603,#6488,#6754,.T.);
#6754 = LINE('',#6755,#6756);
#6755 = CARTESIAN_POINT('',(-2.74,-2.67,-4.85));
#6756 = VECTOR('',#6757,1.);
#6757 = DIRECTION('',(1.,0.,0.));
#6758 = PLANE('',#6759);
#6759 = AXIS2_PLACEMENT_3D('',#6760,#6761,#6762);
#6760 = CARTESIAN_POINT('',(-2.74,-2.67,7.5E-02));
#6761 = DIRECTION('',(0.,-1.,0.));
#6762 = DIRECTION('',(0.,0.,-1.));
#6763 = ADVANCED_FACE('',(#6764),#6775,.T.);
#6764 = FACE_BOUND('',#6765,.F.);
#6765 = EDGE_LOOP('',(#6766,#6767,#6768,#6769));
#6766 = ORIENTED_EDGE('',*,*,#6610,.F.);
#6767 = ORIENTED_EDGE('',*,*,#6753,.T.);
#6768 = ORIENTED_EDGE('',*,*,#6487,.T.);
#6769 = ORIENTED_EDGE('',*,*,#6770,.F.);
#6770 = EDGE_CURVE('',#6611,#6480,#6771,.T.);
#6771 = LINE('',#6772,#6773);
#6772 = CARTESIAN_POINT('',(-2.74,-2.27,-4.85));
#6773 = VECTOR('',#6774,1.);
#6774 = DIRECTION('',(1.,0.,0.));
#6775 = PLANE('',#6776);
#6776 = AXIS2_PLACEMENT_3D('',#6777,#6778,#6779);
#6777 = CARTESIAN_POINT('',(-2.74,-2.67,-4.85));
#6778 = DIRECTION('',(0.,0.,-1.));
#6779 = DIRECTION('',(0.,1.,0.));
#6780 = ADVANCED_FACE('',(#6781),#6792,.T.);
#6781 = FACE_BOUND('',#6782,.F.);
#6782 = EDGE_LOOP('',(#6783,#6784,#6785,#6786));
#6783 = ORIENTED_EDGE('',*,*,#6618,.F.);
#6784 = ORIENTED_EDGE('',*,*,#6770,.T.);
#6785 = ORIENTED_EDGE('',*,*,#6479,.T.);
#6786 = ORIENTED_EDGE('',*,*,#6787,.F.);
#6787 = EDGE_CURVE('',#6619,#6471,#6788,.T.);
#6788 = LINE('',#6789,#6790);
#6789 = CARTESIAN_POINT('',(-2.74,-2.27,-5.E-03));
#6790 = VECTOR('',#6791,1.);
#6791 = DIRECTION('',(1.,0.,0.));
#6792 = PLANE('',#6793);
#6793 = AXIS2_PLACEMENT_3D('',#6794,#6795,#6796);
#6794 = CARTESIAN_POINT('',(-2.74,-2.27,-4.85));
#6795 = DIRECTION('',(0.,1.,0.));
#6796 = DIRECTION('',(0.,-0.,1.));
#6797 = ADVANCED_FACE('',(#6798),#6809,.F.);
#6798 = FACE_BOUND('',#6799,.F.);
#6799 = EDGE_LOOP('',(#6800,#6801,#6802,#6803));
#6800 = ORIENTED_EDGE('',*,*,#6626,.F.);
#6801 = ORIENTED_EDGE('',*,*,#6787,.T.);
#6802 = ORIENTED_EDGE('',*,*,#6470,.T.);
#6803 = ORIENTED_EDGE('',*,*,#6804,.F.);
#6804 = EDGE_CURVE('',#6627,#6463,#6805,.T.);
#6805 = LINE('',#6806,#6807);
#6806 = CARTESIAN_POINT('',(-2.74,-1.87,0.395));
#6807 = VECTOR('',#6808,1.);
#6808 = DIRECTION('',(1.,0.,0.));
#6809 = CYLINDRICAL_SURFACE('',#6810,0.4);
#6810 = AXIS2_PLACEMENT_3D('',#6811,#6812,#6813);
#6811 = CARTESIAN_POINT('',(-2.74,-1.87,-5.E-03));
#6812 = DIRECTION('',(1.,0.,0.));
#6813 = DIRECTION('',(0.,-1.,0.));
#6814 = ADVANCED_FACE('',(#6815),#6821,.T.);
#6815 = FACE_BOUND('',#6816,.F.);
#6816 = EDGE_LOOP('',(#6817,#6818,#6819,#6820));
#6817 = ORIENTED_EDGE('',*,*,#2615,.F.);
#6818 = ORIENTED_EDGE('',*,*,#6635,.F.);
#6819 = ORIENTED_EDGE('',*,*,#6804,.T.);
#6820 = ORIENTED_EDGE('',*,*,#6462,.T.);
#6821 = PLANE('',#6822);
#6822 = AXIS2_PLACEMENT_3D('',#6823,#6824,#6825);
#6823 = CARTESIAN_POINT('',(-2.74,-1.87,0.395));
#6824 = DIRECTION('',(0.,0.,-1.));
#6825 = DIRECTION('',(0.,1.,0.));
#6826 = ADVANCED_FACE('',(#6827),#6838,.T.);
#6827 = FACE_BOUND('',#6828,.F.);
#6828 = EDGE_LOOP('',(#6829,#6830,#6831,#6837));
#6829 = ORIENTED_EDGE('',*,*,#607,.T.);
#6830 = ORIENTED_EDGE('',*,*,#6455,.T.);
#6831 = ORIENTED_EDGE('',*,*,#6832,.F.);
#6832 = EDGE_CURVE('',#6648,#6448,#6833,.T.);
#6833 = LINE('',#6834,#6835);
#6834 = CARTESIAN_POINT('',(-2.74,5.26,0.395));
#6835 = VECTOR('',#6836,1.);
#6836 = DIRECTION('',(1.,0.,0.));
#6837 = ORIENTED_EDGE('',*,*,#6647,.F.);
#6838 = PLANE('',#6839);
#6839 = AXIS2_PLACEMENT_3D('',#6840,#6841,#6842);
#6840 = CARTESIAN_POINT('',(-2.74,-1.87,0.395));
#6841 = DIRECTION('',(0.,0.,-1.));
#6842 = DIRECTION('',(0.,1.,0.));
#6843 = ADVANCED_FACE('',(#6844),#6850,.T.);
#6844 = FACE_BOUND('',#6845,.F.);
#6845 = EDGE_LOOP('',(#6846,#6847,#6848,#6849));
#6846 = ORIENTED_EDGE('',*,*,#6655,.F.);
#6847 = ORIENTED_EDGE('',*,*,#6832,.T.);
#6848 = ORIENTED_EDGE('',*,*,#6447,.T.);
#6849 = ORIENTED_EDGE('',*,*,#6564,.F.);
#6850 = PLANE('',#6851);
#6851 = AXIS2_PLACEMENT_3D('',#6852,#6853,#6854);
#6852 = CARTESIAN_POINT('',(-2.74,5.26,0.395));
#6853 = DIRECTION('',(0.,1.,0.));
#6854 = DIRECTION('',(0.,-0.,1.));
#6855 = ADVANCED_FACE('',(#6856),#6872,.F.);
#6856 = FACE_BOUND('',#6857,.F.);
#6857 = EDGE_LOOP('',(#6858,#6864,#6865,#6871));
#6858 = ORIENTED_EDGE('',*,*,#6859,.T.);
#6859 = EDGE_CURVE('',#2292,#666,#6860,.T.);
#6860 = LINE('',#6861,#6862);
#6861 = CARTESIAN_POINT('',(-3.61,0.5,-0.875));
#6862 = VECTOR('',#6863,1.);
#6863 = DIRECTION('',(0.,1.,0.));
#6864 = ORIENTED_EDGE('',*,*,#665,.T.);
#6865 = ORIENTED_EDGE('',*,*,#6866,.F.);
#6866 = EDGE_CURVE('',#2294,#658,#6867,.T.);
#6867 = LINE('',#6868,#6869);
#6868 = CARTESIAN_POINT('',(-3.57,0.5,-0.875));
#6869 = VECTOR('',#6870,1.);
#6870 = DIRECTION('',(0.,1.,0.));
#6871 = ORIENTED_EDGE('',*,*,#2291,.F.);
#6872 = PLANE('',#6873);
#6873 = AXIS2_PLACEMENT_3D('',#6874,#6875,#6876);
#6874 = CARTESIAN_POINT('',(-4.05,0.,-0.875));
#6875 = DIRECTION('',(0.,0.,-1.));
#6876 = DIRECTION('',(0.,1.,0.));
#6877 = ADVANCED_FACE('',(#6878),#6965,.T.);
#6878 = FACE_BOUND('',#6879,.F.);
#6879 = EDGE_LOOP('',(#6880,#6886,#6894,#6902,#6908,#6909,#6917,#6926,
    #6934,#6942,#6950,#6959));
#6880 = ORIENTED_EDGE('',*,*,#6881,.F.);
#6881 = EDGE_CURVE('',#642,#2310,#6882,.T.);
#6882 = LINE('',#6883,#6884);
#6883 = CARTESIAN_POINT('',(-3.61,2.,-0.395));
#6884 = VECTOR('',#6885,1.);
#6885 = DIRECTION('',(0.,-1.,0.));
#6886 = ORIENTED_EDGE('',*,*,#6887,.F.);
#6887 = EDGE_CURVE('',#6888,#642,#6890,.T.);
#6888 = VERTEX_POINT('',#6889);
#6889 = CARTESIAN_POINT('',(-3.61,5.26,-0.395));
#6890 = LINE('',#6891,#6892);
#6891 = CARTESIAN_POINT('',(-3.61,5.26,-0.395));
#6892 = VECTOR('',#6893,1.);
#6893 = DIRECTION('',(0.,-1.,0.));
#6894 = ORIENTED_EDGE('',*,*,#6895,.F.);
#6895 = EDGE_CURVE('',#6896,#6888,#6898,.T.);
#6896 = VERTEX_POINT('',#6897);
#6897 = CARTESIAN_POINT('',(-3.61,5.26,-0.875));
#6898 = LINE('',#6899,#6900);
#6899 = CARTESIAN_POINT('',(-3.61,5.26,-0.875));
#6900 = VECTOR('',#6901,1.);
#6901 = DIRECTION('',(0.,0.,1.));
#6902 = ORIENTED_EDGE('',*,*,#6903,.F.);
#6903 = EDGE_CURVE('',#666,#6896,#6904,.T.);
#6904 = LINE('',#6905,#6906);
#6905 = CARTESIAN_POINT('',(-3.61,2.,-0.875));
#6906 = VECTOR('',#6907,1.);
#6907 = DIRECTION('',(0.,1.,0.));
#6908 = ORIENTED_EDGE('',*,*,#6859,.F.);
#6909 = ORIENTED_EDGE('',*,*,#6910,.F.);
#6910 = EDGE_CURVE('',#6911,#2292,#6913,.T.);
#6911 = VERTEX_POINT('',#6912);
#6912 = CARTESIAN_POINT('',(-3.61,-0.6,-0.875));
#6913 = LINE('',#6914,#6915);
#6914 = CARTESIAN_POINT('',(-3.61,-0.6,-0.875));
#6915 = VECTOR('',#6916,1.);
#6916 = DIRECTION('',(0.,1.,0.));
#6917 = ORIENTED_EDGE('',*,*,#6918,.F.);
#6918 = EDGE_CURVE('',#6919,#6911,#6921,.T.);
#6919 = VERTEX_POINT('',#6920);
#6920 = CARTESIAN_POINT('',(-3.61,-1.,-1.275));
#6921 = CIRCLE('',#6922,0.4);
#6922 = AXIS2_PLACEMENT_3D('',#6923,#6924,#6925);
#6923 = CARTESIAN_POINT('',(-3.61,-0.6,-1.275));
#6924 = DIRECTION('',(-1.,0.,0.));
#6925 = DIRECTION('',(0.,-1.,0.));
#6926 = ORIENTED_EDGE('',*,*,#6927,.F.);
#6927 = EDGE_CURVE('',#6928,#6919,#6930,.T.);
#6928 = VERTEX_POINT('',#6929);
#6929 = CARTESIAN_POINT('',(-3.61,-1.,-4.85));
#6930 = LINE('',#6931,#6932);
#6931 = CARTESIAN_POINT('',(-3.61,-1.,-4.85));
#6932 = VECTOR('',#6933,1.);
#6933 = DIRECTION('',(0.,0.,1.));
#6934 = ORIENTED_EDGE('',*,*,#6935,.F.);
#6935 = EDGE_CURVE('',#6936,#6928,#6938,.T.);
#6936 = VERTEX_POINT('',#6937);
#6937 = CARTESIAN_POINT('',(-3.61,-1.4,-4.85));
#6938 = LINE('',#6939,#6940);
#6939 = CARTESIAN_POINT('',(-3.61,-1.4,-4.85));
#6940 = VECTOR('',#6941,1.);
#6941 = DIRECTION('',(0.,1.,0.));
#6942 = ORIENTED_EDGE('',*,*,#6943,.F.);
#6943 = EDGE_CURVE('',#6944,#6936,#6946,.T.);
#6944 = VERTEX_POINT('',#6945);
#6945 = CARTESIAN_POINT('',(-3.61,-1.4,-1.195));
#6946 = LINE('',#6947,#6948);
#6947 = CARTESIAN_POINT('',(-3.61,-1.4,-1.195));
#6948 = VECTOR('',#6949,1.);
#6949 = DIRECTION('',(0.,0.,-1.));
#6950 = ORIENTED_EDGE('',*,*,#6951,.F.);
#6951 = EDGE_CURVE('',#6952,#6944,#6954,.T.);
#6952 = VERTEX_POINT('',#6953);
#6953 = CARTESIAN_POINT('',(-3.61,-0.6,-0.395));
#6954 = CIRCLE('',#6955,0.8);
#6955 = AXIS2_PLACEMENT_3D('',#6956,#6957,#6958);
#6956 = CARTESIAN_POINT('',(-3.61,-0.6,-1.195));
#6957 = DIRECTION('',(1.,0.,-0.));
#6958 = DIRECTION('',(0.,0.,1.));
#6959 = ORIENTED_EDGE('',*,*,#6960,.F.);
#6960 = EDGE_CURVE('',#2310,#6952,#6961,.T.);
#6961 = LINE('',#6962,#6963);
#6962 = CARTESIAN_POINT('',(-3.61,0.5,-0.395));
#6963 = VECTOR('',#6964,1.);
#6964 = DIRECTION('',(0.,-1.,0.));
#6965 = PLANE('',#6966);
#6966 = AXIS2_PLACEMENT_3D('',#6967,#6968,#6969);
#6967 = CARTESIAN_POINT('',(-3.61,0.,0.));
#6968 = DIRECTION('',(1.,0.,0.));
#6969 = DIRECTION('',(0.,-1.,0.));
#6970 = ADVANCED_FACE('',(#6971),#6982,.F.);
#6971 = FACE_BOUND('',#6972,.F.);
#6972 = EDGE_LOOP('',(#6973,#6974,#6975,#6981));
#6973 = ORIENTED_EDGE('',*,*,#6881,.T.);
#6974 = ORIENTED_EDGE('',*,*,#2309,.T.);
#6975 = ORIENTED_EDGE('',*,*,#6976,.F.);
#6976 = EDGE_CURVE('',#650,#2302,#6977,.T.);
#6977 = LINE('',#6978,#6979);
#6978 = CARTESIAN_POINT('',(-3.57,2.,-0.395));
#6979 = VECTOR('',#6980,1.);
#6980 = DIRECTION('',(0.,-1.,0.));
#6981 = ORIENTED_EDGE('',*,*,#649,.F.);
#6982 = PLANE('',#6983);
#6983 = AXIS2_PLACEMENT_3D('',#6984,#6985,#6986);
#6984 = CARTESIAN_POINT('',(-4.05,2.,-0.395));
#6985 = DIRECTION('',(0.,0.,1.));
#6986 = DIRECTION('',(0.,-1.,0.));
#6987 = ADVANCED_FACE('',(#6988),#6994,.F.);
#6988 = FACE_BOUND('',#6989,.F.);
#6989 = EDGE_LOOP('',(#6990,#6991,#6992,#6993));
#6990 = ORIENTED_EDGE('',*,*,#2301,.T.);
#6991 = ORIENTED_EDGE('',*,*,#6866,.T.);
#6992 = ORIENTED_EDGE('',*,*,#657,.F.);
#6993 = ORIENTED_EDGE('',*,*,#6976,.T.);
#6994 = PLANE('',#6995);
#6995 = AXIS2_PLACEMENT_3D('',#6996,#6997,#6998);
#6996 = CARTESIAN_POINT('',(-3.57,0.,0.));
#6997 = DIRECTION('',(1.,0.,0.));
#6998 = DIRECTION('',(0.,-1.,0.));
#6999 = ADVANCED_FACE('',(#7000),#7018,.T.);
#7000 = FACE_BOUND('',#7001,.F.);
#7001 = EDGE_LOOP('',(#7002,#7003,#7011,#7017));
#7002 = ORIENTED_EDGE('',*,*,#641,.F.);
#7003 = ORIENTED_EDGE('',*,*,#7004,.F.);
#7004 = EDGE_CURVE('',#7005,#634,#7007,.T.);
#7005 = VERTEX_POINT('',#7006);
#7006 = CARTESIAN_POINT('',(-4.01,5.26,-0.395));
#7007 = LINE('',#7008,#7009);
#7008 = CARTESIAN_POINT('',(-4.01,5.26,-0.395));
#7009 = VECTOR('',#7010,1.);
#7010 = DIRECTION('',(0.,-1.,0.));
#7011 = ORIENTED_EDGE('',*,*,#7012,.T.);
#7012 = EDGE_CURVE('',#7005,#6888,#7013,.T.);
#7013 = LINE('',#7014,#7015);
#7014 = CARTESIAN_POINT('',(-4.01,5.26,-0.395));
#7015 = VECTOR('',#7016,1.);
#7016 = DIRECTION('',(1.,0.,0.));
#7017 = ORIENTED_EDGE('',*,*,#6887,.T.);
#7018 = PLANE('',#7019);
#7019 = AXIS2_PLACEMENT_3D('',#7020,#7021,#7022);
#7020 = CARTESIAN_POINT('',(-4.01,5.26,-0.395));
#7021 = DIRECTION('',(0.,0.,1.));
#7022 = DIRECTION('',(0.,-1.,0.));
#7023 = ADVANCED_FACE('',(#7024),#7109,.F.);
#7024 = FACE_BOUND('',#7025,.F.);
#7025 = EDGE_LOOP('',(#7026,#7032,#7040,#7049,#7057,#7065,#7073,#7082,
    #7088,#7094,#7102,#7108));
#7026 = ORIENTED_EDGE('',*,*,#7027,.T.);
#7027 = EDGE_CURVE('',#634,#2318,#7028,.T.);
#7028 = LINE('',#7029,#7030);
#7029 = CARTESIAN_POINT('',(-4.01,2.,-0.395));
#7030 = VECTOR('',#7031,1.);
#7031 = DIRECTION('',(0.,-1.,0.));
#7032 = ORIENTED_EDGE('',*,*,#7033,.T.);
#7033 = EDGE_CURVE('',#2318,#7034,#7036,.T.);
#7034 = VERTEX_POINT('',#7035);
#7035 = CARTESIAN_POINT('',(-4.01,-0.6,-0.395));
#7036 = LINE('',#7037,#7038);
#7037 = CARTESIAN_POINT('',(-4.01,0.5,-0.395));
#7038 = VECTOR('',#7039,1.);
#7039 = DIRECTION('',(0.,-1.,0.));
#7040 = ORIENTED_EDGE('',*,*,#7041,.T.);
#7041 = EDGE_CURVE('',#7034,#7042,#7044,.T.);
#7042 = VERTEX_POINT('',#7043);
#7043 = CARTESIAN_POINT('',(-4.01,-1.4,-1.195));
#7044 = CIRCLE('',#7045,0.8);
#7045 = AXIS2_PLACEMENT_3D('',#7046,#7047,#7048);
#7046 = CARTESIAN_POINT('',(-4.01,-0.6,-1.195));
#7047 = DIRECTION('',(1.,0.,-0.));
#7048 = DIRECTION('',(0.,0.,1.));
#7049 = ORIENTED_EDGE('',*,*,#7050,.T.);
#7050 = EDGE_CURVE('',#7042,#7051,#7053,.T.);
#7051 = VERTEX_POINT('',#7052);
#7052 = CARTESIAN_POINT('',(-4.01,-1.4,-4.85));
#7053 = LINE('',#7054,#7055);
#7054 = CARTESIAN_POINT('',(-4.01,-1.4,-1.195));
#7055 = VECTOR('',#7056,1.);
#7056 = DIRECTION('',(0.,0.,-1.));
#7057 = ORIENTED_EDGE('',*,*,#7058,.T.);
#7058 = EDGE_CURVE('',#7051,#7059,#7061,.T.);
#7059 = VERTEX_POINT('',#7060);
#7060 = CARTESIAN_POINT('',(-4.01,-1.,-4.85));
#7061 = LINE('',#7062,#7063);
#7062 = CARTESIAN_POINT('',(-4.01,-1.4,-4.85));
#7063 = VECTOR('',#7064,1.);
#7064 = DIRECTION('',(0.,1.,0.));
#7065 = ORIENTED_EDGE('',*,*,#7066,.T.);
#7066 = EDGE_CURVE('',#7059,#7067,#7069,.T.);
#7067 = VERTEX_POINT('',#7068);
#7068 = CARTESIAN_POINT('',(-4.01,-1.,-1.275));
#7069 = LINE('',#7070,#7071);
#7070 = CARTESIAN_POINT('',(-4.01,-1.,-4.85));
#7071 = VECTOR('',#7072,1.);
#7072 = DIRECTION('',(0.,0.,1.));
#7073 = ORIENTED_EDGE('',*,*,#7074,.T.);
#7074 = EDGE_CURVE('',#7067,#7075,#7077,.T.);
#7075 = VERTEX_POINT('',#7076);
#7076 = CARTESIAN_POINT('',(-4.01,-0.6,-0.875));
#7077 = CIRCLE('',#7078,0.4);
#7078 = AXIS2_PLACEMENT_3D('',#7079,#7080,#7081);
#7079 = CARTESIAN_POINT('',(-4.01,-0.6,-1.275));
#7080 = DIRECTION('',(-1.,0.,0.));
#7081 = DIRECTION('',(0.,-1.,0.));
#7082 = ORIENTED_EDGE('',*,*,#7083,.T.);
#7083 = EDGE_CURVE('',#7075,#2342,#7084,.T.);
#7084 = LINE('',#7085,#7086);
#7085 = CARTESIAN_POINT('',(-4.01,-0.6,-0.875));
#7086 = VECTOR('',#7087,1.);
#7087 = DIRECTION('',(0.,1.,0.));
#7088 = ORIENTED_EDGE('',*,*,#7089,.T.);
#7089 = EDGE_CURVE('',#2342,#618,#7090,.T.);
#7090 = LINE('',#7091,#7092);
#7091 = CARTESIAN_POINT('',(-4.01,0.5,-0.875));
#7092 = VECTOR('',#7093,1.);
#7093 = DIRECTION('',(0.,1.,0.));
#7094 = ORIENTED_EDGE('',*,*,#7095,.T.);
#7095 = EDGE_CURVE('',#618,#7096,#7098,.T.);
#7096 = VERTEX_POINT('',#7097);
#7097 = CARTESIAN_POINT('',(-4.01,5.26,-0.875));
#7098 = LINE('',#7099,#7100);
#7099 = CARTESIAN_POINT('',(-4.01,2.,-0.875));
#7100 = VECTOR('',#7101,1.);
#7101 = DIRECTION('',(0.,1.,0.));
#7102 = ORIENTED_EDGE('',*,*,#7103,.T.);
#7103 = EDGE_CURVE('',#7096,#7005,#7104,.T.);
#7104 = LINE('',#7105,#7106);
#7105 = CARTESIAN_POINT('',(-4.01,5.26,-0.875));
#7106 = VECTOR('',#7107,1.);
#7107 = DIRECTION('',(0.,0.,1.));
#7108 = ORIENTED_EDGE('',*,*,#7004,.T.);
#7109 = PLANE('',#7110);
#7110 = AXIS2_PLACEMENT_3D('',#7111,#7112,#7113);
#7111 = CARTESIAN_POINT('',(-4.01,0.,0.));
#7112 = DIRECTION('',(1.,0.,0.));
#7113 = DIRECTION('',(0.,-1.,0.));
#7114 = ADVANCED_FACE('',(#7115),#7126,.F.);
#7115 = FACE_BOUND('',#7116,.F.);
#7116 = EDGE_LOOP('',(#7117,#7118,#7119,#7125));
#7117 = ORIENTED_EDGE('',*,*,#7027,.F.);
#7118 = ORIENTED_EDGE('',*,*,#633,.F.);
#7119 = ORIENTED_EDGE('',*,*,#7120,.T.);
#7120 = EDGE_CURVE('',#626,#2326,#7121,.T.);
#7121 = LINE('',#7122,#7123);
#7122 = CARTESIAN_POINT('',(-4.05,2.,-0.395));
#7123 = VECTOR('',#7124,1.);
#7124 = DIRECTION('',(0.,-1.,0.));
#7125 = ORIENTED_EDGE('',*,*,#2325,.T.);
#7126 = PLANE('',#7127);
#7127 = AXIS2_PLACEMENT_3D('',#7128,#7129,#7130);
#7128 = CARTESIAN_POINT('',(-4.05,2.,-0.395));
#7129 = DIRECTION('',(0.,0.,1.));
#7130 = DIRECTION('',(0.,-1.,0.));
#7131 = ADVANCED_FACE('',(#7132),#7143,.T.);
#7132 = FACE_BOUND('',#7133,.F.);
#7133 = EDGE_LOOP('',(#7134,#7135,#7136,#7137));
#7134 = ORIENTED_EDGE('',*,*,#2333,.F.);
#7135 = ORIENTED_EDGE('',*,*,#7120,.F.);
#7136 = ORIENTED_EDGE('',*,*,#625,.T.);
#7137 = ORIENTED_EDGE('',*,*,#7138,.F.);
#7138 = EDGE_CURVE('',#2334,#616,#7139,.T.);
#7139 = LINE('',#7140,#7141);
#7140 = CARTESIAN_POINT('',(-4.05,0.5,-0.875));
#7141 = VECTOR('',#7142,1.);
#7142 = DIRECTION('',(0.,1.,0.));
#7143 = PLANE('',#7144);
#7144 = AXIS2_PLACEMENT_3D('',#7145,#7146,#7147);
#7145 = CARTESIAN_POINT('',(-4.05,0.,0.));
#7146 = DIRECTION('',(1.,0.,0.));
#7147 = DIRECTION('',(0.,-1.,0.));
#7148 = ADVANCED_FACE('',(#7149),#7155,.F.);
#7149 = FACE_BOUND('',#7150,.F.);
#7150 = EDGE_LOOP('',(#7151,#7152,#7153,#7154));
#7151 = ORIENTED_EDGE('',*,*,#7089,.F.);
#7152 = ORIENTED_EDGE('',*,*,#2341,.F.);
#7153 = ORIENTED_EDGE('',*,*,#7138,.T.);
#7154 = ORIENTED_EDGE('',*,*,#615,.T.);
#7155 = PLANE('',#7156);
#7156 = AXIS2_PLACEMENT_3D('',#7157,#7158,#7159);
#7157 = CARTESIAN_POINT('',(-4.05,0.,-0.875));
#7158 = DIRECTION('',(0.,0.,-1.));
#7159 = DIRECTION('',(0.,1.,0.));
#7160 = ADVANCED_FACE('',(#7161),#7172,.T.);
#7161 = FACE_BOUND('',#7162,.F.);
#7162 = EDGE_LOOP('',(#7163,#7164,#7165,#7171));
#7163 = ORIENTED_EDGE('',*,*,#2317,.T.);
#7164 = ORIENTED_EDGE('',*,*,#6960,.T.);
#7165 = ORIENTED_EDGE('',*,*,#7166,.F.);
#7166 = EDGE_CURVE('',#7034,#6952,#7167,.T.);
#7167 = LINE('',#7168,#7169);
#7168 = CARTESIAN_POINT('',(-4.01,-0.6,-0.395));
#7169 = VECTOR('',#7170,1.);
#7170 = DIRECTION('',(1.,0.,0.));
#7171 = ORIENTED_EDGE('',*,*,#7033,.F.);
#7172 = PLANE('',#7173);
#7173 = AXIS2_PLACEMENT_3D('',#7174,#7175,#7176);
#7174 = CARTESIAN_POINT('',(-4.01,5.26,-0.395));
#7175 = DIRECTION('',(0.,0.,1.));
#7176 = DIRECTION('',(0.,-1.,0.));
#7177 = ADVANCED_FACE('',(#7178),#7189,.T.);
#7178 = FACE_BOUND('',#7179,.T.);
#7179 = EDGE_LOOP('',(#7180,#7186,#7187,#7188));
#7180 = ORIENTED_EDGE('',*,*,#7181,.T.);
#7181 = EDGE_CURVE('',#7042,#6944,#7182,.T.);
#7182 = LINE('',#7183,#7184);
#7183 = CARTESIAN_POINT('',(-4.01,-1.4,-1.195));
#7184 = VECTOR('',#7185,1.);
#7185 = DIRECTION('',(1.,0.,0.));
#7186 = ORIENTED_EDGE('',*,*,#6951,.F.);
#7187 = ORIENTED_EDGE('',*,*,#7166,.F.);
#7188 = ORIENTED_EDGE('',*,*,#7041,.T.);
#7189 = CYLINDRICAL_SURFACE('',#7190,0.8);
#7190 = AXIS2_PLACEMENT_3D('',#7191,#7192,#7193);
#7191 = CARTESIAN_POINT('',(-4.01,-0.6,-1.195));
#7192 = DIRECTION('',(1.,0.,0.));
#7193 = DIRECTION('',(0.,-1.,0.));
#7194 = ADVANCED_FACE('',(#7195),#7206,.T.);
#7195 = FACE_BOUND('',#7196,.F.);
#7196 = EDGE_LOOP('',(#7197,#7198,#7199,#7200));
#7197 = ORIENTED_EDGE('',*,*,#7050,.F.);
#7198 = ORIENTED_EDGE('',*,*,#7181,.T.);
#7199 = ORIENTED_EDGE('',*,*,#6943,.T.);
#7200 = ORIENTED_EDGE('',*,*,#7201,.F.);
#7201 = EDGE_CURVE('',#7051,#6936,#7202,.T.);
#7202 = LINE('',#7203,#7204);
#7203 = CARTESIAN_POINT('',(-4.01,-1.4,-4.85));
#7204 = VECTOR('',#7205,1.);
#7205 = DIRECTION('',(1.,0.,0.));
#7206 = PLANE('',#7207);
#7207 = AXIS2_PLACEMENT_3D('',#7208,#7209,#7210);
#7208 = CARTESIAN_POINT('',(-4.01,-1.4,-1.195));
#7209 = DIRECTION('',(0.,-1.,0.));
#7210 = DIRECTION('',(0.,0.,-1.));
#7211 = ADVANCED_FACE('',(#7212),#7223,.T.);
#7212 = FACE_BOUND('',#7213,.F.);
#7213 = EDGE_LOOP('',(#7214,#7215,#7216,#7217));
#7214 = ORIENTED_EDGE('',*,*,#7058,.F.);
#7215 = ORIENTED_EDGE('',*,*,#7201,.T.);
#7216 = ORIENTED_EDGE('',*,*,#6935,.T.);
#7217 = ORIENTED_EDGE('',*,*,#7218,.F.);
#7218 = EDGE_CURVE('',#7059,#6928,#7219,.T.);
#7219 = LINE('',#7220,#7221);
#7220 = CARTESIAN_POINT('',(-4.01,-1.,-4.85));
#7221 = VECTOR('',#7222,1.);
#7222 = DIRECTION('',(1.,0.,0.));
#7223 = PLANE('',#7224);
#7224 = AXIS2_PLACEMENT_3D('',#7225,#7226,#7227);
#7225 = CARTESIAN_POINT('',(-4.01,-1.4,-4.85));
#7226 = DIRECTION('',(0.,0.,-1.));
#7227 = DIRECTION('',(0.,1.,0.));
#7228 = ADVANCED_FACE('',(#7229),#7240,.T.);
#7229 = FACE_BOUND('',#7230,.F.);
#7230 = EDGE_LOOP('',(#7231,#7232,#7233,#7234));
#7231 = ORIENTED_EDGE('',*,*,#7066,.F.);
#7232 = ORIENTED_EDGE('',*,*,#7218,.T.);
#7233 = ORIENTED_EDGE('',*,*,#6927,.T.);
#7234 = ORIENTED_EDGE('',*,*,#7235,.F.);
#7235 = EDGE_CURVE('',#7067,#6919,#7236,.T.);
#7236 = LINE('',#7237,#7238);
#7237 = CARTESIAN_POINT('',(-4.01,-1.,-1.275));
#7238 = VECTOR('',#7239,1.);
#7239 = DIRECTION('',(1.,0.,0.));
#7240 = PLANE('',#7241);
#7241 = AXIS2_PLACEMENT_3D('',#7242,#7243,#7244);
#7242 = CARTESIAN_POINT('',(-4.01,-1.,-4.85));
#7243 = DIRECTION('',(0.,1.,0.));
#7244 = DIRECTION('',(0.,-0.,1.));
#7245 = ADVANCED_FACE('',(#7246),#7257,.F.);
#7246 = FACE_BOUND('',#7247,.F.);
#7247 = EDGE_LOOP('',(#7248,#7249,#7250,#7251));
#7248 = ORIENTED_EDGE('',*,*,#7074,.F.);
#7249 = ORIENTED_EDGE('',*,*,#7235,.T.);
#7250 = ORIENTED_EDGE('',*,*,#6918,.T.);
#7251 = ORIENTED_EDGE('',*,*,#7252,.F.);
#7252 = EDGE_CURVE('',#7075,#6911,#7253,.T.);
#7253 = LINE('',#7254,#7255);
#7254 = CARTESIAN_POINT('',(-4.01,-0.6,-0.875));
#7255 = VECTOR('',#7256,1.);
#7256 = DIRECTION('',(1.,0.,0.));
#7257 = CYLINDRICAL_SURFACE('',#7258,0.4);
#7258 = AXIS2_PLACEMENT_3D('',#7259,#7260,#7261);
#7259 = CARTESIAN_POINT('',(-4.01,-0.6,-1.275));
#7260 = DIRECTION('',(1.,0.,0.));
#7261 = DIRECTION('',(0.,-1.,0.));
#7262 = ADVANCED_FACE('',(#7263),#7269,.T.);
#7263 = FACE_BOUND('',#7264,.F.);
#7264 = EDGE_LOOP('',(#7265,#7266,#7267,#7268));
#7265 = ORIENTED_EDGE('',*,*,#2349,.F.);
#7266 = ORIENTED_EDGE('',*,*,#7083,.F.);
#7267 = ORIENTED_EDGE('',*,*,#7252,.T.);
#7268 = ORIENTED_EDGE('',*,*,#6910,.T.);
#7269 = PLANE('',#7270);
#7270 = AXIS2_PLACEMENT_3D('',#7271,#7272,#7273);
#7271 = CARTESIAN_POINT('',(-4.01,-0.6,-0.875));
#7272 = DIRECTION('',(0.,0.,-1.));
#7273 = DIRECTION('',(0.,1.,0.));
#7274 = ADVANCED_FACE('',(#7275),#7286,.T.);
#7275 = FACE_BOUND('',#7276,.F.);
#7276 = EDGE_LOOP('',(#7277,#7278,#7279,#7285));
#7277 = ORIENTED_EDGE('',*,*,#673,.T.);
#7278 = ORIENTED_EDGE('',*,*,#6903,.T.);
#7279 = ORIENTED_EDGE('',*,*,#7280,.F.);
#7280 = EDGE_CURVE('',#7096,#6896,#7281,.T.);
#7281 = LINE('',#7282,#7283);
#7282 = CARTESIAN_POINT('',(-4.01,5.26,-0.875));
#7283 = VECTOR('',#7284,1.);
#7284 = DIRECTION('',(1.,0.,0.));
#7285 = ORIENTED_EDGE('',*,*,#7095,.F.);
#7286 = PLANE('',#7287);
#7287 = AXIS2_PLACEMENT_3D('',#7288,#7289,#7290);
#7288 = CARTESIAN_POINT('',(-4.01,-0.6,-0.875));
#7289 = DIRECTION('',(0.,0.,-1.));
#7290 = DIRECTION('',(0.,1.,0.));
#7291 = ADVANCED_FACE('',(#7292),#7298,.T.);
#7292 = FACE_BOUND('',#7293,.F.);
#7293 = EDGE_LOOP('',(#7294,#7295,#7296,#7297));
#7294 = ORIENTED_EDGE('',*,*,#7103,.F.);
#7295 = ORIENTED_EDGE('',*,*,#7280,.T.);
#7296 = ORIENTED_EDGE('',*,*,#6895,.T.);
#7297 = ORIENTED_EDGE('',*,*,#7012,.F.);
#7298 = PLANE('',#7299);
#7299 = AXIS2_PLACEMENT_3D('',#7300,#7301,#7302);
#7300 = CARTESIAN_POINT('',(-4.01,5.26,-0.875));
#7301 = DIRECTION('',(0.,1.,0.));
#7302 = DIRECTION('',(0.,-0.,1.));
#7303 = ADVANCED_FACE('',(#7304),#7320,.F.);
#7304 = FACE_BOUND('',#7305,.F.);
#7305 = EDGE_LOOP('',(#7306,#7312,#7313,#7319));
#7306 = ORIENTED_EDGE('',*,*,#7307,.T.);
#7307 = EDGE_CURVE('',#2358,#732,#7308,.T.);
#7308 = LINE('',#7309,#7310);
#7309 = CARTESIAN_POINT('',(-3.61,0.5,0.395));
#7310 = VECTOR('',#7311,1.);
#7311 = DIRECTION('',(0.,1.,0.));
#7312 = ORIENTED_EDGE('',*,*,#731,.T.);
#7313 = ORIENTED_EDGE('',*,*,#7314,.F.);
#7314 = EDGE_CURVE('',#2360,#724,#7315,.T.);
#7315 = LINE('',#7316,#7317);
#7316 = CARTESIAN_POINT('',(-3.57,0.5,0.395));
#7317 = VECTOR('',#7318,1.);
#7318 = DIRECTION('',(0.,1.,0.));
#7319 = ORIENTED_EDGE('',*,*,#2357,.F.);
#7320 = PLANE('',#7321);
#7321 = AXIS2_PLACEMENT_3D('',#7322,#7323,#7324);
#7322 = CARTESIAN_POINT('',(-4.05,0.,0.395));
#7323 = DIRECTION('',(0.,0.,-1.));
#7324 = DIRECTION('',(0.,1.,0.));
#7325 = ADVANCED_FACE('',(#7326),#7413,.T.);
#7326 = FACE_BOUND('',#7327,.F.);
#7327 = EDGE_LOOP('',(#7328,#7334,#7342,#7350,#7356,#7357,#7365,#7374,
    #7382,#7390,#7398,#7407));
#7328 = ORIENTED_EDGE('',*,*,#7329,.F.);
#7329 = EDGE_CURVE('',#708,#2376,#7330,.T.);
#7330 = LINE('',#7331,#7332);
#7331 = CARTESIAN_POINT('',(-3.61,2.,0.875));
#7332 = VECTOR('',#7333,1.);
#7333 = DIRECTION('',(0.,-1.,0.));
#7334 = ORIENTED_EDGE('',*,*,#7335,.F.);
#7335 = EDGE_CURVE('',#7336,#708,#7338,.T.);
#7336 = VERTEX_POINT('',#7337);
#7337 = CARTESIAN_POINT('',(-3.61,5.26,0.875));
#7338 = LINE('',#7339,#7340);
#7339 = CARTESIAN_POINT('',(-3.61,5.26,0.875));
#7340 = VECTOR('',#7341,1.);
#7341 = DIRECTION('',(0.,-1.,0.));
#7342 = ORIENTED_EDGE('',*,*,#7343,.F.);
#7343 = EDGE_CURVE('',#7344,#7336,#7346,.T.);
#7344 = VERTEX_POINT('',#7345);
#7345 = CARTESIAN_POINT('',(-3.61,5.26,0.395));
#7346 = LINE('',#7347,#7348);
#7347 = CARTESIAN_POINT('',(-3.61,5.26,0.395));
#7348 = VECTOR('',#7349,1.);
#7349 = DIRECTION('',(0.,0.,1.));
#7350 = ORIENTED_EDGE('',*,*,#7351,.F.);
#7351 = EDGE_CURVE('',#732,#7344,#7352,.T.);
#7352 = LINE('',#7353,#7354);
#7353 = CARTESIAN_POINT('',(-3.61,2.,0.395));
#7354 = VECTOR('',#7355,1.);
#7355 = DIRECTION('',(0.,1.,0.));
#7356 = ORIENTED_EDGE('',*,*,#7307,.F.);
#7357 = ORIENTED_EDGE('',*,*,#7358,.F.);
#7358 = EDGE_CURVE('',#7359,#2358,#7361,.T.);
#7359 = VERTEX_POINT('',#7360);
#7360 = CARTESIAN_POINT('',(-3.61,-1.87,0.395));
#7361 = LINE('',#7362,#7363);
#7362 = CARTESIAN_POINT('',(-3.61,-1.87,0.395));
#7363 = VECTOR('',#7364,1.);
#7364 = DIRECTION('',(0.,1.,0.));
#7365 = ORIENTED_EDGE('',*,*,#7366,.F.);
#7366 = EDGE_CURVE('',#7367,#7359,#7369,.T.);
#7367 = VERTEX_POINT('',#7368);
#7368 = CARTESIAN_POINT('',(-3.61,-2.27,-5.E-03));
#7369 = CIRCLE('',#7370,0.4);
#7370 = AXIS2_PLACEMENT_3D('',#7371,#7372,#7373);
#7371 = CARTESIAN_POINT('',(-3.61,-1.87,-5.E-03));
#7372 = DIRECTION('',(-1.,0.,0.));
#7373 = DIRECTION('',(0.,-1.,0.));
#7374 = ORIENTED_EDGE('',*,*,#7375,.F.);
#7375 = EDGE_CURVE('',#7376,#7367,#7378,.T.);
#7376 = VERTEX_POINT('',#7377);
#7377 = CARTESIAN_POINT('',(-3.61,-2.27,-4.85));
#7378 = LINE('',#7379,#7380);
#7379 = CARTESIAN_POINT('',(-3.61,-2.27,-4.85));
#7380 = VECTOR('',#7381,1.);
#7381 = DIRECTION('',(0.,0.,1.));
#7382 = ORIENTED_EDGE('',*,*,#7383,.F.);
#7383 = EDGE_CURVE('',#7384,#7376,#7386,.T.);
#7384 = VERTEX_POINT('',#7385);
#7385 = CARTESIAN_POINT('',(-3.61,-2.67,-4.85));
#7386 = LINE('',#7387,#7388);
#7387 = CARTESIAN_POINT('',(-3.61,-2.67,-4.85));
#7388 = VECTOR('',#7389,1.);
#7389 = DIRECTION('',(0.,1.,0.));
#7390 = ORIENTED_EDGE('',*,*,#7391,.F.);
#7391 = EDGE_CURVE('',#7392,#7384,#7394,.T.);
#7392 = VERTEX_POINT('',#7393);
#7393 = CARTESIAN_POINT('',(-3.61,-2.67,7.5E-02));
#7394 = LINE('',#7395,#7396);
#7395 = CARTESIAN_POINT('',(-3.61,-2.67,7.5E-02));
#7396 = VECTOR('',#7397,1.);
#7397 = DIRECTION('',(0.,0.,-1.));
#7398 = ORIENTED_EDGE('',*,*,#7399,.F.);
#7399 = EDGE_CURVE('',#7400,#7392,#7402,.T.);
#7400 = VERTEX_POINT('',#7401);
#7401 = CARTESIAN_POINT('',(-3.61,-1.87,0.875));
#7402 = CIRCLE('',#7403,0.8);
#7403 = AXIS2_PLACEMENT_3D('',#7404,#7405,#7406);
#7404 = CARTESIAN_POINT('',(-3.61,-1.87,7.5E-02));
#7405 = DIRECTION('',(1.,0.,-0.));
#7406 = DIRECTION('',(0.,0.,1.));
#7407 = ORIENTED_EDGE('',*,*,#7408,.F.);
#7408 = EDGE_CURVE('',#2376,#7400,#7409,.T.);
#7409 = LINE('',#7410,#7411);
#7410 = CARTESIAN_POINT('',(-3.61,0.5,0.875));
#7411 = VECTOR('',#7412,1.);
#7412 = DIRECTION('',(0.,-1.,0.));
#7413 = PLANE('',#7414);
#7414 = AXIS2_PLACEMENT_3D('',#7415,#7416,#7417);
#7415 = CARTESIAN_POINT('',(-3.61,0.,0.));
#7416 = DIRECTION('',(1.,0.,0.));
#7417 = DIRECTION('',(0.,-1.,0.));
#7418 = ADVANCED_FACE('',(#7419),#7430,.F.);
#7419 = FACE_BOUND('',#7420,.F.);
#7420 = EDGE_LOOP('',(#7421,#7422,#7423,#7429));
#7421 = ORIENTED_EDGE('',*,*,#7329,.T.);
#7422 = ORIENTED_EDGE('',*,*,#2375,.T.);
#7423 = ORIENTED_EDGE('',*,*,#7424,.F.);
#7424 = EDGE_CURVE('',#716,#2368,#7425,.T.);
#7425 = LINE('',#7426,#7427);
#7426 = CARTESIAN_POINT('',(-3.57,2.,0.875));
#7427 = VECTOR('',#7428,1.);
#7428 = DIRECTION('',(0.,-1.,0.));
#7429 = ORIENTED_EDGE('',*,*,#715,.F.);
#7430 = PLANE('',#7431);
#7431 = AXIS2_PLACEMENT_3D('',#7432,#7433,#7434);
#7432 = CARTESIAN_POINT('',(-4.05,2.,0.875));
#7433 = DIRECTION('',(0.,0.,1.));
#7434 = DIRECTION('',(0.,-1.,0.));
#7435 = ADVANCED_FACE('',(#7436),#7442,.F.);
#7436 = FACE_BOUND('',#7437,.F.);
#7437 = EDGE_LOOP('',(#7438,#7439,#7440,#7441));
#7438 = ORIENTED_EDGE('',*,*,#2367,.T.);
#7439 = ORIENTED_EDGE('',*,*,#7314,.T.);
#7440 = ORIENTED_EDGE('',*,*,#723,.F.);
#7441 = ORIENTED_EDGE('',*,*,#7424,.T.);
#7442 = PLANE('',#7443);
#7443 = AXIS2_PLACEMENT_3D('',#7444,#7445,#7446);
#7444 = CARTESIAN_POINT('',(-3.57,0.,0.));
#7445 = DIRECTION('',(1.,0.,0.));
#7446 = DIRECTION('',(0.,-1.,0.));
#7447 = ADVANCED_FACE('',(#7448),#7466,.T.);
#7448 = FACE_BOUND('',#7449,.F.);
#7449 = EDGE_LOOP('',(#7450,#7451,#7459,#7465));
#7450 = ORIENTED_EDGE('',*,*,#707,.F.);
#7451 = ORIENTED_EDGE('',*,*,#7452,.F.);
#7452 = EDGE_CURVE('',#7453,#700,#7455,.T.);
#7453 = VERTEX_POINT('',#7454);
#7454 = CARTESIAN_POINT('',(-4.01,5.26,0.875));
#7455 = LINE('',#7456,#7457);
#7456 = CARTESIAN_POINT('',(-4.01,5.26,0.875));
#7457 = VECTOR('',#7458,1.);
#7458 = DIRECTION('',(0.,-1.,0.));
#7459 = ORIENTED_EDGE('',*,*,#7460,.T.);
#7460 = EDGE_CURVE('',#7453,#7336,#7461,.T.);
#7461 = LINE('',#7462,#7463);
#7462 = CARTESIAN_POINT('',(-4.01,5.26,0.875));
#7463 = VECTOR('',#7464,1.);
#7464 = DIRECTION('',(1.,0.,0.));
#7465 = ORIENTED_EDGE('',*,*,#7335,.T.);
#7466 = PLANE('',#7467);
#7467 = AXIS2_PLACEMENT_3D('',#7468,#7469,#7470);
#7468 = CARTESIAN_POINT('',(-4.01,5.26,0.875));
#7469 = DIRECTION('',(0.,0.,1.));
#7470 = DIRECTION('',(0.,-1.,0.));
#7471 = ADVANCED_FACE('',(#7472),#7557,.F.);
#7472 = FACE_BOUND('',#7473,.F.);
#7473 = EDGE_LOOP('',(#7474,#7480,#7488,#7497,#7505,#7513,#7521,#7530,
    #7536,#7542,#7550,#7556));
#7474 = ORIENTED_EDGE('',*,*,#7475,.T.);
#7475 = EDGE_CURVE('',#700,#2384,#7476,.T.);
#7476 = LINE('',#7477,#7478);
#7477 = CARTESIAN_POINT('',(-4.01,2.,0.875));
#7478 = VECTOR('',#7479,1.);
#7479 = DIRECTION('',(0.,-1.,0.));
#7480 = ORIENTED_EDGE('',*,*,#7481,.T.);
#7481 = EDGE_CURVE('',#2384,#7482,#7484,.T.);
#7482 = VERTEX_POINT('',#7483);
#7483 = CARTESIAN_POINT('',(-4.01,-1.87,0.875));
#7484 = LINE('',#7485,#7486);
#7485 = CARTESIAN_POINT('',(-4.01,0.5,0.875));
#7486 = VECTOR('',#7487,1.);
#7487 = DIRECTION('',(0.,-1.,0.));
#7488 = ORIENTED_EDGE('',*,*,#7489,.T.);
#7489 = EDGE_CURVE('',#7482,#7490,#7492,.T.);
#7490 = VERTEX_POINT('',#7491);
#7491 = CARTESIAN_POINT('',(-4.01,-2.67,7.5E-02));
#7492 = CIRCLE('',#7493,0.8);
#7493 = AXIS2_PLACEMENT_3D('',#7494,#7495,#7496);
#7494 = CARTESIAN_POINT('',(-4.01,-1.87,7.5E-02));
#7495 = DIRECTION('',(1.,0.,-0.));
#7496 = DIRECTION('',(0.,0.,1.));
#7497 = ORIENTED_EDGE('',*,*,#7498,.T.);
#7498 = EDGE_CURVE('',#7490,#7499,#7501,.T.);
#7499 = VERTEX_POINT('',#7500);
#7500 = CARTESIAN_POINT('',(-4.01,-2.67,-4.85));
#7501 = LINE('',#7502,#7503);
#7502 = CARTESIAN_POINT('',(-4.01,-2.67,7.5E-02));
#7503 = VECTOR('',#7504,1.);
#7504 = DIRECTION('',(0.,0.,-1.));
#7505 = ORIENTED_EDGE('',*,*,#7506,.T.);
#7506 = EDGE_CURVE('',#7499,#7507,#7509,.T.);
#7507 = VERTEX_POINT('',#7508);
#7508 = CARTESIAN_POINT('',(-4.01,-2.27,-4.85));
#7509 = LINE('',#7510,#7511);
#7510 = CARTESIAN_POINT('',(-4.01,-2.67,-4.85));
#7511 = VECTOR('',#7512,1.);
#7512 = DIRECTION('',(0.,1.,0.));
#7513 = ORIENTED_EDGE('',*,*,#7514,.T.);
#7514 = EDGE_CURVE('',#7507,#7515,#7517,.T.);
#7515 = VERTEX_POINT('',#7516);
#7516 = CARTESIAN_POINT('',(-4.01,-2.27,-5.E-03));
#7517 = LINE('',#7518,#7519);
#7518 = CARTESIAN_POINT('',(-4.01,-2.27,-4.85));
#7519 = VECTOR('',#7520,1.);
#7520 = DIRECTION('',(0.,0.,1.));
#7521 = ORIENTED_EDGE('',*,*,#7522,.T.);
#7522 = EDGE_CURVE('',#7515,#7523,#7525,.T.);
#7523 = VERTEX_POINT('',#7524);
#7524 = CARTESIAN_POINT('',(-4.01,-1.87,0.395));
#7525 = CIRCLE('',#7526,0.4);
#7526 = AXIS2_PLACEMENT_3D('',#7527,#7528,#7529);
#7527 = CARTESIAN_POINT('',(-4.01,-1.87,-5.E-03));
#7528 = DIRECTION('',(-1.,0.,0.));
#7529 = DIRECTION('',(0.,-1.,0.));
#7530 = ORIENTED_EDGE('',*,*,#7531,.T.);
#7531 = EDGE_CURVE('',#7523,#2408,#7532,.T.);
#7532 = LINE('',#7533,#7534);
#7533 = CARTESIAN_POINT('',(-4.01,-1.87,0.395));
#7534 = VECTOR('',#7535,1.);
#7535 = DIRECTION('',(0.,1.,0.));
#7536 = ORIENTED_EDGE('',*,*,#7537,.T.);
#7537 = EDGE_CURVE('',#2408,#684,#7538,.T.);
#7538 = LINE('',#7539,#7540);
#7539 = CARTESIAN_POINT('',(-4.01,0.5,0.395));
#7540 = VECTOR('',#7541,1.);
#7541 = DIRECTION('',(0.,1.,0.));
#7542 = ORIENTED_EDGE('',*,*,#7543,.T.);
#7543 = EDGE_CURVE('',#684,#7544,#7546,.T.);
#7544 = VERTEX_POINT('',#7545);
#7545 = CARTESIAN_POINT('',(-4.01,5.26,0.395));
#7546 = LINE('',#7547,#7548);
#7547 = CARTESIAN_POINT('',(-4.01,2.,0.395));
#7548 = VECTOR('',#7549,1.);
#7549 = DIRECTION('',(0.,1.,0.));
#7550 = ORIENTED_EDGE('',*,*,#7551,.T.);
#7551 = EDGE_CURVE('',#7544,#7453,#7552,.T.);
#7552 = LINE('',#7553,#7554);
#7553 = CARTESIAN_POINT('',(-4.01,5.26,0.395));
#7554 = VECTOR('',#7555,1.);
#7555 = DIRECTION('',(0.,0.,1.));
#7556 = ORIENTED_EDGE('',*,*,#7452,.T.);
#7557 = PLANE('',#7558);
#7558 = AXIS2_PLACEMENT_3D('',#7559,#7560,#7561);
#7559 = CARTESIAN_POINT('',(-4.01,0.,0.));
#7560 = DIRECTION('',(1.,0.,0.));
#7561 = DIRECTION('',(0.,-1.,0.));
#7562 = ADVANCED_FACE('',(#7563),#7574,.F.);
#7563 = FACE_BOUND('',#7564,.F.);
#7564 = EDGE_LOOP('',(#7565,#7566,#7567,#7573));
#7565 = ORIENTED_EDGE('',*,*,#7475,.F.);
#7566 = ORIENTED_EDGE('',*,*,#699,.F.);
#7567 = ORIENTED_EDGE('',*,*,#7568,.T.);
#7568 = EDGE_CURVE('',#692,#2392,#7569,.T.);
#7569 = LINE('',#7570,#7571);
#7570 = CARTESIAN_POINT('',(-4.05,2.,0.875));
#7571 = VECTOR('',#7572,1.);
#7572 = DIRECTION('',(0.,-1.,0.));
#7573 = ORIENTED_EDGE('',*,*,#2391,.T.);
#7574 = PLANE('',#7575);
#7575 = AXIS2_PLACEMENT_3D('',#7576,#7577,#7578);
#7576 = CARTESIAN_POINT('',(-4.05,2.,0.875));
#7577 = DIRECTION('',(0.,0.,1.));
#7578 = DIRECTION('',(0.,-1.,0.));
#7579 = ADVANCED_FACE('',(#7580),#7591,.T.);
#7580 = FACE_BOUND('',#7581,.F.);
#7581 = EDGE_LOOP('',(#7582,#7583,#7584,#7585));
#7582 = ORIENTED_EDGE('',*,*,#2399,.F.);
#7583 = ORIENTED_EDGE('',*,*,#7568,.F.);
#7584 = ORIENTED_EDGE('',*,*,#691,.T.);
#7585 = ORIENTED_EDGE('',*,*,#7586,.F.);
#7586 = EDGE_CURVE('',#2400,#682,#7587,.T.);
#7587 = LINE('',#7588,#7589);
#7588 = CARTESIAN_POINT('',(-4.05,0.5,0.395));
#7589 = VECTOR('',#7590,1.);
#7590 = DIRECTION('',(0.,1.,0.));
#7591 = PLANE('',#7592);
#7592 = AXIS2_PLACEMENT_3D('',#7593,#7594,#7595);
#7593 = CARTESIAN_POINT('',(-4.05,0.,0.));
#7594 = DIRECTION('',(1.,0.,0.));
#7595 = DIRECTION('',(0.,-1.,0.));
#7596 = ADVANCED_FACE('',(#7597),#7603,.F.);
#7597 = FACE_BOUND('',#7598,.F.);
#7598 = EDGE_LOOP('',(#7599,#7600,#7601,#7602));
#7599 = ORIENTED_EDGE('',*,*,#7537,.F.);
#7600 = ORIENTED_EDGE('',*,*,#2407,.F.);
#7601 = ORIENTED_EDGE('',*,*,#7586,.T.);
#7602 = ORIENTED_EDGE('',*,*,#681,.T.);
#7603 = PLANE('',#7604);
#7604 = AXIS2_PLACEMENT_3D('',#7605,#7606,#7607);
#7605 = CARTESIAN_POINT('',(-4.05,0.,0.395));
#7606 = DIRECTION('',(0.,0.,-1.));
#7607 = DIRECTION('',(0.,1.,0.));
#7608 = ADVANCED_FACE('',(#7609),#7620,.T.);
#7609 = FACE_BOUND('',#7610,.F.);
#7610 = EDGE_LOOP('',(#7611,#7612,#7613,#7619));
#7611 = ORIENTED_EDGE('',*,*,#2383,.T.);
#7612 = ORIENTED_EDGE('',*,*,#7408,.T.);
#7613 = ORIENTED_EDGE('',*,*,#7614,.F.);
#7614 = EDGE_CURVE('',#7482,#7400,#7615,.T.);
#7615 = LINE('',#7616,#7617);
#7616 = CARTESIAN_POINT('',(-4.01,-1.87,0.875));
#7617 = VECTOR('',#7618,1.);
#7618 = DIRECTION('',(1.,0.,0.));
#7619 = ORIENTED_EDGE('',*,*,#7481,.F.);
#7620 = PLANE('',#7621);
#7621 = AXIS2_PLACEMENT_3D('',#7622,#7623,#7624);
#7622 = CARTESIAN_POINT('',(-4.01,5.26,0.875));
#7623 = DIRECTION('',(0.,0.,1.));
#7624 = DIRECTION('',(0.,-1.,0.));
#7625 = ADVANCED_FACE('',(#7626),#7637,.T.);
#7626 = FACE_BOUND('',#7627,.T.);
#7627 = EDGE_LOOP('',(#7628,#7634,#7635,#7636));
#7628 = ORIENTED_EDGE('',*,*,#7629,.T.);
#7629 = EDGE_CURVE('',#7490,#7392,#7630,.T.);
#7630 = LINE('',#7631,#7632);
#7631 = CARTESIAN_POINT('',(-4.01,-2.67,7.5E-02));
#7632 = VECTOR('',#7633,1.);
#7633 = DIRECTION('',(1.,0.,0.));
#7634 = ORIENTED_EDGE('',*,*,#7399,.F.);
#7635 = ORIENTED_EDGE('',*,*,#7614,.F.);
#7636 = ORIENTED_EDGE('',*,*,#7489,.T.);
#7637 = CYLINDRICAL_SURFACE('',#7638,0.8);
#7638 = AXIS2_PLACEMENT_3D('',#7639,#7640,#7641);
#7639 = CARTESIAN_POINT('',(-4.01,-1.87,7.5E-02));
#7640 = DIRECTION('',(1.,0.,0.));
#7641 = DIRECTION('',(0.,-1.,0.));
#7642 = ADVANCED_FACE('',(#7643),#7654,.T.);
#7643 = FACE_BOUND('',#7644,.F.);
#7644 = EDGE_LOOP('',(#7645,#7646,#7647,#7648));
#7645 = ORIENTED_EDGE('',*,*,#7498,.F.);
#7646 = ORIENTED_EDGE('',*,*,#7629,.T.);
#7647 = ORIENTED_EDGE('',*,*,#7391,.T.);
#7648 = ORIENTED_EDGE('',*,*,#7649,.F.);
#7649 = EDGE_CURVE('',#7499,#7384,#7650,.T.);
#7650 = LINE('',#7651,#7652);
#7651 = CARTESIAN_POINT('',(-4.01,-2.67,-4.85));
#7652 = VECTOR('',#7653,1.);
#7653 = DIRECTION('',(1.,0.,0.));
#7654 = PLANE('',#7655);
#7655 = AXIS2_PLACEMENT_3D('',#7656,#7657,#7658);
#7656 = CARTESIAN_POINT('',(-4.01,-2.67,7.5E-02));
#7657 = DIRECTION('',(0.,-1.,0.));
#7658 = DIRECTION('',(0.,0.,-1.));
#7659 = ADVANCED_FACE('',(#7660),#7671,.T.);
#7660 = FACE_BOUND('',#7661,.F.);
#7661 = EDGE_LOOP('',(#7662,#7663,#7664,#7665));
#7662 = ORIENTED_EDGE('',*,*,#7506,.F.);
#7663 = ORIENTED_EDGE('',*,*,#7649,.T.);
#7664 = ORIENTED_EDGE('',*,*,#7383,.T.);
#7665 = ORIENTED_EDGE('',*,*,#7666,.F.);
#7666 = EDGE_CURVE('',#7507,#7376,#7667,.T.);
#7667 = LINE('',#7668,#7669);
#7668 = CARTESIAN_POINT('',(-4.01,-2.27,-4.85));
#7669 = VECTOR('',#7670,1.);
#7670 = DIRECTION('',(1.,0.,0.));
#7671 = PLANE('',#7672);
#7672 = AXIS2_PLACEMENT_3D('',#7673,#7674,#7675);
#7673 = CARTESIAN_POINT('',(-4.01,-2.67,-4.85));
#7674 = DIRECTION('',(0.,0.,-1.));
#7675 = DIRECTION('',(0.,1.,0.));
#7676 = ADVANCED_FACE('',(#7677),#7688,.T.);
#7677 = FACE_BOUND('',#7678,.F.);
#7678 = EDGE_LOOP('',(#7679,#7680,#7681,#7682));
#7679 = ORIENTED_EDGE('',*,*,#7514,.F.);
#7680 = ORIENTED_EDGE('',*,*,#7666,.T.);
#7681 = ORIENTED_EDGE('',*,*,#7375,.T.);
#7682 = ORIENTED_EDGE('',*,*,#7683,.F.);
#7683 = EDGE_CURVE('',#7515,#7367,#7684,.T.);
#7684 = LINE('',#7685,#7686);
#7685 = CARTESIAN_POINT('',(-4.01,-2.27,-5.E-03));
#7686 = VECTOR('',#7687,1.);
#7687 = DIRECTION('',(1.,0.,0.));
#7688 = PLANE('',#7689);
#7689 = AXIS2_PLACEMENT_3D('',#7690,#7691,#7692);
#7690 = CARTESIAN_POINT('',(-4.01,-2.27,-4.85));
#7691 = DIRECTION('',(0.,1.,0.));
#7692 = DIRECTION('',(0.,-0.,1.));
#7693 = ADVANCED_FACE('',(#7694),#7705,.F.);
#7694 = FACE_BOUND('',#7695,.F.);
#7695 = EDGE_LOOP('',(#7696,#7697,#7698,#7699));
#7696 = ORIENTED_EDGE('',*,*,#7522,.F.);
#7697 = ORIENTED_EDGE('',*,*,#7683,.T.);
#7698 = ORIENTED_EDGE('',*,*,#7366,.T.);
#7699 = ORIENTED_EDGE('',*,*,#7700,.F.);
#7700 = EDGE_CURVE('',#7523,#7359,#7701,.T.);
#7701 = LINE('',#7702,#7703);
#7702 = CARTESIAN_POINT('',(-4.01,-1.87,0.395));
#7703 = VECTOR('',#7704,1.);
#7704 = DIRECTION('',(1.,0.,0.));
#7705 = CYLINDRICAL_SURFACE('',#7706,0.4);
#7706 = AXIS2_PLACEMENT_3D('',#7707,#7708,#7709);
#7707 = CARTESIAN_POINT('',(-4.01,-1.87,-5.E-03));
#7708 = DIRECTION('',(1.,0.,0.));
#7709 = DIRECTION('',(0.,-1.,0.));
#7710 = ADVANCED_FACE('',(#7711),#7717,.T.);
#7711 = FACE_BOUND('',#7712,.F.);
#7712 = EDGE_LOOP('',(#7713,#7714,#7715,#7716));
#7713 = ORIENTED_EDGE('',*,*,#2415,.F.);
#7714 = ORIENTED_EDGE('',*,*,#7531,.F.);
#7715 = ORIENTED_EDGE('',*,*,#7700,.T.);
#7716 = ORIENTED_EDGE('',*,*,#7358,.T.);
#7717 = PLANE('',#7718);
#7718 = AXIS2_PLACEMENT_3D('',#7719,#7720,#7721);
#7719 = CARTESIAN_POINT('',(-4.01,-1.87,0.395));
#7720 = DIRECTION('',(0.,0.,-1.));
#7721 = DIRECTION('',(0.,1.,0.));
#7722 = ADVANCED_FACE('',(#7723),#7734,.T.);
#7723 = FACE_BOUND('',#7724,.F.);
#7724 = EDGE_LOOP('',(#7725,#7726,#7727,#7733));
#7725 = ORIENTED_EDGE('',*,*,#739,.T.);
#7726 = ORIENTED_EDGE('',*,*,#7351,.T.);
#7727 = ORIENTED_EDGE('',*,*,#7728,.F.);
#7728 = EDGE_CURVE('',#7544,#7344,#7729,.T.);
#7729 = LINE('',#7730,#7731);
#7730 = CARTESIAN_POINT('',(-4.01,5.26,0.395));
#7731 = VECTOR('',#7732,1.);
#7732 = DIRECTION('',(1.,0.,0.));
#7733 = ORIENTED_EDGE('',*,*,#7543,.F.);
#7734 = PLANE('',#7735);
#7735 = AXIS2_PLACEMENT_3D('',#7736,#7737,#7738);
#7736 = CARTESIAN_POINT('',(-4.01,-1.87,0.395));
#7737 = DIRECTION('',(0.,0.,-1.));
#7738 = DIRECTION('',(0.,1.,0.));
#7739 = ADVANCED_FACE('',(#7740),#7746,.T.);
#7740 = FACE_BOUND('',#7741,.F.);
#7741 = EDGE_LOOP('',(#7742,#7743,#7744,#7745));
#7742 = ORIENTED_EDGE('',*,*,#7551,.F.);
#7743 = ORIENTED_EDGE('',*,*,#7728,.T.);
#7744 = ORIENTED_EDGE('',*,*,#7343,.T.);
#7745 = ORIENTED_EDGE('',*,*,#7460,.F.);
#7746 = PLANE('',#7747);
#7747 = AXIS2_PLACEMENT_3D('',#7748,#7749,#7750);
#7748 = CARTESIAN_POINT('',(-4.01,5.26,0.395));
#7749 = DIRECTION('',(0.,1.,0.));
#7750 = DIRECTION('',(0.,-0.,1.));
#7751 = ADVANCED_FACE('',(#7752),#7768,.F.);
#7752 = FACE_BOUND('',#7753,.F.);
#7753 = EDGE_LOOP('',(#7754,#7760,#7761,#7767));
#7754 = ORIENTED_EDGE('',*,*,#7755,.T.);
#7755 = EDGE_CURVE('',#2092,#798,#7756,.T.);
#7756 = LINE('',#7757,#7758);
#7757 = CARTESIAN_POINT('',(-4.88,0.5,-0.875));
#7758 = VECTOR('',#7759,1.);
#7759 = DIRECTION('',(0.,1.,0.));
#7760 = ORIENTED_EDGE('',*,*,#797,.T.);
#7761 = ORIENTED_EDGE('',*,*,#7762,.F.);
#7762 = EDGE_CURVE('',#2094,#790,#7763,.T.);
#7763 = LINE('',#7764,#7765);
#7764 = CARTESIAN_POINT('',(-4.84,0.5,-0.875));
#7765 = VECTOR('',#7766,1.);
#7766 = DIRECTION('',(0.,1.,0.));
#7767 = ORIENTED_EDGE('',*,*,#2091,.F.);
#7768 = PLANE('',#7769);
#7769 = AXIS2_PLACEMENT_3D('',#7770,#7771,#7772);
#7770 = CARTESIAN_POINT('',(-5.32,0.,-0.875));
#7771 = DIRECTION('',(0.,0.,-1.));
#7772 = DIRECTION('',(0.,1.,0.));
#7773 = ADVANCED_FACE('',(#7774),#7861,.T.);
#7774 = FACE_BOUND('',#7775,.F.);
#7775 = EDGE_LOOP('',(#7776,#7782,#7790,#7798,#7804,#7805,#7813,#7822,
    #7830,#7838,#7846,#7855));
#7776 = ORIENTED_EDGE('',*,*,#7777,.F.);
#7777 = EDGE_CURVE('',#774,#2110,#7778,.T.);
#7778 = LINE('',#7779,#7780);
#7779 = CARTESIAN_POINT('',(-4.88,2.,-0.395));
#7780 = VECTOR('',#7781,1.);
#7781 = DIRECTION('',(0.,-1.,0.));
#7782 = ORIENTED_EDGE('',*,*,#7783,.F.);
#7783 = EDGE_CURVE('',#7784,#774,#7786,.T.);
#7784 = VERTEX_POINT('',#7785);
#7785 = CARTESIAN_POINT('',(-4.88,5.26,-0.395));
#7786 = LINE('',#7787,#7788);
#7787 = CARTESIAN_POINT('',(-4.88,5.26,-0.395));
#7788 = VECTOR('',#7789,1.);
#7789 = DIRECTION('',(0.,-1.,0.));
#7790 = ORIENTED_EDGE('',*,*,#7791,.F.);
#7791 = EDGE_CURVE('',#7792,#7784,#7794,.T.);
#7792 = VERTEX_POINT('',#7793);
#7793 = CARTESIAN_POINT('',(-4.88,5.26,-0.875));
#7794 = LINE('',#7795,#7796);
#7795 = CARTESIAN_POINT('',(-4.88,5.26,-0.875));
#7796 = VECTOR('',#7797,1.);
#7797 = DIRECTION('',(0.,0.,1.));
#7798 = ORIENTED_EDGE('',*,*,#7799,.F.);
#7799 = EDGE_CURVE('',#798,#7792,#7800,.T.);
#7800 = LINE('',#7801,#7802);
#7801 = CARTESIAN_POINT('',(-4.88,2.,-0.875));
#7802 = VECTOR('',#7803,1.);
#7803 = DIRECTION('',(0.,1.,0.));
#7804 = ORIENTED_EDGE('',*,*,#7755,.F.);
#7805 = ORIENTED_EDGE('',*,*,#7806,.F.);
#7806 = EDGE_CURVE('',#7807,#2092,#7809,.T.);
#7807 = VERTEX_POINT('',#7808);
#7808 = CARTESIAN_POINT('',(-4.88,-0.6,-0.875));
#7809 = LINE('',#7810,#7811);
#7810 = CARTESIAN_POINT('',(-4.88,-0.6,-0.875));
#7811 = VECTOR('',#7812,1.);
#7812 = DIRECTION('',(0.,1.,0.));
#7813 = ORIENTED_EDGE('',*,*,#7814,.F.);
#7814 = EDGE_CURVE('',#7815,#7807,#7817,.T.);
#7815 = VERTEX_POINT('',#7816);
#7816 = CARTESIAN_POINT('',(-4.88,-1.,-1.275));
#7817 = CIRCLE('',#7818,0.4);
#7818 = AXIS2_PLACEMENT_3D('',#7819,#7820,#7821);
#7819 = CARTESIAN_POINT('',(-4.88,-0.6,-1.275));
#7820 = DIRECTION('',(-1.,0.,0.));
#7821 = DIRECTION('',(0.,-1.,0.));
#7822 = ORIENTED_EDGE('',*,*,#7823,.F.);
#7823 = EDGE_CURVE('',#7824,#7815,#7826,.T.);
#7824 = VERTEX_POINT('',#7825);
#7825 = CARTESIAN_POINT('',(-4.88,-1.,-4.85));
#7826 = LINE('',#7827,#7828);
#7827 = CARTESIAN_POINT('',(-4.88,-1.,-4.85));
#7828 = VECTOR('',#7829,1.);
#7829 = DIRECTION('',(0.,0.,1.));
#7830 = ORIENTED_EDGE('',*,*,#7831,.F.);
#7831 = EDGE_CURVE('',#7832,#7824,#7834,.T.);
#7832 = VERTEX_POINT('',#7833);
#7833 = CARTESIAN_POINT('',(-4.88,-1.4,-4.85));
#7834 = LINE('',#7835,#7836);
#7835 = CARTESIAN_POINT('',(-4.88,-1.4,-4.85));
#7836 = VECTOR('',#7837,1.);
#7837 = DIRECTION('',(0.,1.,0.));
#7838 = ORIENTED_EDGE('',*,*,#7839,.F.);
#7839 = EDGE_CURVE('',#7840,#7832,#7842,.T.);
#7840 = VERTEX_POINT('',#7841);
#7841 = CARTESIAN_POINT('',(-4.88,-1.4,-1.195));
#7842 = LINE('',#7843,#7844);
#7843 = CARTESIAN_POINT('',(-4.88,-1.4,-1.195));
#7844 = VECTOR('',#7845,1.);
#7845 = DIRECTION('',(0.,0.,-1.));
#7846 = ORIENTED_EDGE('',*,*,#7847,.F.);
#7847 = EDGE_CURVE('',#7848,#7840,#7850,.T.);
#7848 = VERTEX_POINT('',#7849);
#7849 = CARTESIAN_POINT('',(-4.88,-0.6,-0.395));
#7850 = CIRCLE('',#7851,0.8);
#7851 = AXIS2_PLACEMENT_3D('',#7852,#7853,#7854);
#7852 = CARTESIAN_POINT('',(-4.88,-0.6,-1.195));
#7853 = DIRECTION('',(1.,0.,-0.));
#7854 = DIRECTION('',(0.,0.,1.));
#7855 = ORIENTED_EDGE('',*,*,#7856,.F.);
#7856 = EDGE_CURVE('',#2110,#7848,#7857,.T.);
#7857 = LINE('',#7858,#7859);
#7858 = CARTESIAN_POINT('',(-4.88,0.5,-0.395));
#7859 = VECTOR('',#7860,1.);
#7860 = DIRECTION('',(0.,-1.,0.));
#7861 = PLANE('',#7862);
#7862 = AXIS2_PLACEMENT_3D('',#7863,#7864,#7865);
#7863 = CARTESIAN_POINT('',(-4.88,0.,0.));
#7864 = DIRECTION('',(1.,0.,0.));
#7865 = DIRECTION('',(0.,-1.,0.));
#7866 = ADVANCED_FACE('',(#7867),#7878,.F.);
#7867 = FACE_BOUND('',#7868,.F.);
#7868 = EDGE_LOOP('',(#7869,#7870,#7871,#7877));
#7869 = ORIENTED_EDGE('',*,*,#7777,.T.);
#7870 = ORIENTED_EDGE('',*,*,#2109,.T.);
#7871 = ORIENTED_EDGE('',*,*,#7872,.F.);
#7872 = EDGE_CURVE('',#782,#2102,#7873,.T.);
#7873 = LINE('',#7874,#7875);
#7874 = CARTESIAN_POINT('',(-4.84,2.,-0.395));
#7875 = VECTOR('',#7876,1.);
#7876 = DIRECTION('',(0.,-1.,0.));
#7877 = ORIENTED_EDGE('',*,*,#781,.F.);
#7878 = PLANE('',#7879);
#7879 = AXIS2_PLACEMENT_3D('',#7880,#7881,#7882);
#7880 = CARTESIAN_POINT('',(-5.32,2.,-0.395));
#7881 = DIRECTION('',(0.,0.,1.));
#7882 = DIRECTION('',(0.,-1.,0.));
#7883 = ADVANCED_FACE('',(#7884),#7890,.F.);
#7884 = FACE_BOUND('',#7885,.F.);
#7885 = EDGE_LOOP('',(#7886,#7887,#7888,#7889));
#7886 = ORIENTED_EDGE('',*,*,#2101,.T.);
#7887 = ORIENTED_EDGE('',*,*,#7762,.T.);
#7888 = ORIENTED_EDGE('',*,*,#789,.F.);
#7889 = ORIENTED_EDGE('',*,*,#7872,.T.);
#7890 = PLANE('',#7891);
#7891 = AXIS2_PLACEMENT_3D('',#7892,#7893,#7894);
#7892 = CARTESIAN_POINT('',(-4.84,0.,0.));
#7893 = DIRECTION('',(1.,0.,0.));
#7894 = DIRECTION('',(0.,-1.,0.));
#7895 = ADVANCED_FACE('',(#7896),#7914,.T.);
#7896 = FACE_BOUND('',#7897,.F.);
#7897 = EDGE_LOOP('',(#7898,#7899,#7907,#7913));
#7898 = ORIENTED_EDGE('',*,*,#773,.F.);
#7899 = ORIENTED_EDGE('',*,*,#7900,.F.);
#7900 = EDGE_CURVE('',#7901,#766,#7903,.T.);
#7901 = VERTEX_POINT('',#7902);
#7902 = CARTESIAN_POINT('',(-5.28,5.26,-0.395));
#7903 = LINE('',#7904,#7905);
#7904 = CARTESIAN_POINT('',(-5.28,5.26,-0.395));
#7905 = VECTOR('',#7906,1.);
#7906 = DIRECTION('',(0.,-1.,0.));
#7907 = ORIENTED_EDGE('',*,*,#7908,.T.);
#7908 = EDGE_CURVE('',#7901,#7784,#7909,.T.);
#7909 = LINE('',#7910,#7911);
#7910 = CARTESIAN_POINT('',(-5.28,5.26,-0.395));
#7911 = VECTOR('',#7912,1.);
#7912 = DIRECTION('',(1.,0.,0.));
#7913 = ORIENTED_EDGE('',*,*,#7783,.T.);
#7914 = PLANE('',#7915);
#7915 = AXIS2_PLACEMENT_3D('',#7916,#7917,#7918);
#7916 = CARTESIAN_POINT('',(-5.28,5.26,-0.395));
#7917 = DIRECTION('',(0.,0.,1.));
#7918 = DIRECTION('',(0.,-1.,0.));
#7919 = ADVANCED_FACE('',(#7920),#8005,.F.);
#7920 = FACE_BOUND('',#7921,.F.);
#7921 = EDGE_LOOP('',(#7922,#7928,#7936,#7945,#7953,#7961,#7969,#7978,
    #7984,#7990,#7998,#8004));
#7922 = ORIENTED_EDGE('',*,*,#7923,.T.);
#7923 = EDGE_CURVE('',#766,#2118,#7924,.T.);
#7924 = LINE('',#7925,#7926);
#7925 = CARTESIAN_POINT('',(-5.28,2.,-0.395));
#7926 = VECTOR('',#7927,1.);
#7927 = DIRECTION('',(0.,-1.,0.));
#7928 = ORIENTED_EDGE('',*,*,#7929,.T.);
#7929 = EDGE_CURVE('',#2118,#7930,#7932,.T.);
#7930 = VERTEX_POINT('',#7931);
#7931 = CARTESIAN_POINT('',(-5.28,-0.6,-0.395));
#7932 = LINE('',#7933,#7934);
#7933 = CARTESIAN_POINT('',(-5.28,0.5,-0.395));
#7934 = VECTOR('',#7935,1.);
#7935 = DIRECTION('',(0.,-1.,0.));
#7936 = ORIENTED_EDGE('',*,*,#7937,.T.);
#7937 = EDGE_CURVE('',#7930,#7938,#7940,.T.);
#7938 = VERTEX_POINT('',#7939);
#7939 = CARTESIAN_POINT('',(-5.28,-1.4,-1.195));
#7940 = CIRCLE('',#7941,0.8);
#7941 = AXIS2_PLACEMENT_3D('',#7942,#7943,#7944);
#7942 = CARTESIAN_POINT('',(-5.28,-0.6,-1.195));
#7943 = DIRECTION('',(1.,0.,-0.));
#7944 = DIRECTION('',(0.,0.,1.));
#7945 = ORIENTED_EDGE('',*,*,#7946,.T.);
#7946 = EDGE_CURVE('',#7938,#7947,#7949,.T.);
#7947 = VERTEX_POINT('',#7948);
#7948 = CARTESIAN_POINT('',(-5.28,-1.4,-4.85));
#7949 = LINE('',#7950,#7951);
#7950 = CARTESIAN_POINT('',(-5.28,-1.4,-1.195));
#7951 = VECTOR('',#7952,1.);
#7952 = DIRECTION('',(0.,0.,-1.));
#7953 = ORIENTED_EDGE('',*,*,#7954,.T.);
#7954 = EDGE_CURVE('',#7947,#7955,#7957,.T.);
#7955 = VERTEX_POINT('',#7956);
#7956 = CARTESIAN_POINT('',(-5.28,-1.,-4.85));
#7957 = LINE('',#7958,#7959);
#7958 = CARTESIAN_POINT('',(-5.28,-1.4,-4.85));
#7959 = VECTOR('',#7960,1.);
#7960 = DIRECTION('',(0.,1.,0.));
#7961 = ORIENTED_EDGE('',*,*,#7962,.T.);
#7962 = EDGE_CURVE('',#7955,#7963,#7965,.T.);
#7963 = VERTEX_POINT('',#7964);
#7964 = CARTESIAN_POINT('',(-5.28,-1.,-1.275));
#7965 = LINE('',#7966,#7967);
#7966 = CARTESIAN_POINT('',(-5.28,-1.,-4.85));
#7967 = VECTOR('',#7968,1.);
#7968 = DIRECTION('',(0.,0.,1.));
#7969 = ORIENTED_EDGE('',*,*,#7970,.T.);
#7970 = EDGE_CURVE('',#7963,#7971,#7973,.T.);
#7971 = VERTEX_POINT('',#7972);
#7972 = CARTESIAN_POINT('',(-5.28,-0.6,-0.875));
#7973 = CIRCLE('',#7974,0.4);
#7974 = AXIS2_PLACEMENT_3D('',#7975,#7976,#7977);
#7975 = CARTESIAN_POINT('',(-5.28,-0.6,-1.275));
#7976 = DIRECTION('',(-1.,0.,0.));
#7977 = DIRECTION('',(0.,-1.,0.));
#7978 = ORIENTED_EDGE('',*,*,#7979,.T.);
#7979 = EDGE_CURVE('',#7971,#2142,#7980,.T.);
#7980 = LINE('',#7981,#7982);
#7981 = CARTESIAN_POINT('',(-5.28,-0.6,-0.875));
#7982 = VECTOR('',#7983,1.);
#7983 = DIRECTION('',(0.,1.,0.));
#7984 = ORIENTED_EDGE('',*,*,#7985,.T.);
#7985 = EDGE_CURVE('',#2142,#750,#7986,.T.);
#7986 = LINE('',#7987,#7988);
#7987 = CARTESIAN_POINT('',(-5.28,0.5,-0.875));
#7988 = VECTOR('',#7989,1.);
#7989 = DIRECTION('',(0.,1.,0.));
#7990 = ORIENTED_EDGE('',*,*,#7991,.T.);
#7991 = EDGE_CURVE('',#750,#7992,#7994,.T.);
#7992 = VERTEX_POINT('',#7993);
#7993 = CARTESIAN_POINT('',(-5.28,5.26,-0.875));
#7994 = LINE('',#7995,#7996);
#7995 = CARTESIAN_POINT('',(-5.28,2.,-0.875));
#7996 = VECTOR('',#7997,1.);
#7997 = DIRECTION('',(0.,1.,0.));
#7998 = ORIENTED_EDGE('',*,*,#7999,.T.);
#7999 = EDGE_CURVE('',#7992,#7901,#8000,.T.);
#8000 = LINE('',#8001,#8002);
#8001 = CARTESIAN_POINT('',(-5.28,5.26,-0.875));
#8002 = VECTOR('',#8003,1.);
#8003 = DIRECTION('',(0.,0.,1.));
#8004 = ORIENTED_EDGE('',*,*,#7900,.T.);
#8005 = PLANE('',#8006);
#8006 = AXIS2_PLACEMENT_3D('',#8007,#8008,#8009);
#8007 = CARTESIAN_POINT('',(-5.28,0.,0.));
#8008 = DIRECTION('',(1.,0.,0.));
#8009 = DIRECTION('',(0.,-1.,0.));
#8010 = ADVANCED_FACE('',(#8011),#8022,.F.);
#8011 = FACE_BOUND('',#8012,.F.);
#8012 = EDGE_LOOP('',(#8013,#8014,#8015,#8021));
#8013 = ORIENTED_EDGE('',*,*,#7923,.F.);
#8014 = ORIENTED_EDGE('',*,*,#765,.F.);
#8015 = ORIENTED_EDGE('',*,*,#8016,.T.);
#8016 = EDGE_CURVE('',#758,#2126,#8017,.T.);
#8017 = LINE('',#8018,#8019);
#8018 = CARTESIAN_POINT('',(-5.32,2.,-0.395));
#8019 = VECTOR('',#8020,1.);
#8020 = DIRECTION('',(0.,-1.,0.));
#8021 = ORIENTED_EDGE('',*,*,#2125,.T.);
#8022 = PLANE('',#8023);
#8023 = AXIS2_PLACEMENT_3D('',#8024,#8025,#8026);
#8024 = CARTESIAN_POINT('',(-5.32,2.,-0.395));
#8025 = DIRECTION('',(0.,0.,1.));
#8026 = DIRECTION('',(0.,-1.,0.));
#8027 = ADVANCED_FACE('',(#8028),#8039,.T.);
#8028 = FACE_BOUND('',#8029,.F.);
#8029 = EDGE_LOOP('',(#8030,#8031,#8032,#8033));
#8030 = ORIENTED_EDGE('',*,*,#2133,.F.);
#8031 = ORIENTED_EDGE('',*,*,#8016,.F.);
#8032 = ORIENTED_EDGE('',*,*,#757,.T.);
#8033 = ORIENTED_EDGE('',*,*,#8034,.F.);
#8034 = EDGE_CURVE('',#2134,#748,#8035,.T.);
#8035 = LINE('',#8036,#8037);
#8036 = CARTESIAN_POINT('',(-5.32,0.5,-0.875));
#8037 = VECTOR('',#8038,1.);
#8038 = DIRECTION('',(0.,1.,0.));
#8039 = PLANE('',#8040);
#8040 = AXIS2_PLACEMENT_3D('',#8041,#8042,#8043);
#8041 = CARTESIAN_POINT('',(-5.32,0.,0.));
#8042 = DIRECTION('',(1.,0.,0.));
#8043 = DIRECTION('',(0.,-1.,0.));
#8044 = ADVANCED_FACE('',(#8045),#8051,.F.);
#8045 = FACE_BOUND('',#8046,.F.);
#8046 = EDGE_LOOP('',(#8047,#8048,#8049,#8050));
#8047 = ORIENTED_EDGE('',*,*,#7985,.F.);
#8048 = ORIENTED_EDGE('',*,*,#2141,.F.);
#8049 = ORIENTED_EDGE('',*,*,#8034,.T.);
#8050 = ORIENTED_EDGE('',*,*,#747,.T.);
#8051 = PLANE('',#8052);
#8052 = AXIS2_PLACEMENT_3D('',#8053,#8054,#8055);
#8053 = CARTESIAN_POINT('',(-5.32,0.,-0.875));
#8054 = DIRECTION('',(0.,0.,-1.));
#8055 = DIRECTION('',(0.,1.,0.));
#8056 = ADVANCED_FACE('',(#8057),#8068,.T.);
#8057 = FACE_BOUND('',#8058,.F.);
#8058 = EDGE_LOOP('',(#8059,#8060,#8061,#8067));
#8059 = ORIENTED_EDGE('',*,*,#2117,.T.);
#8060 = ORIENTED_EDGE('',*,*,#7856,.T.);
#8061 = ORIENTED_EDGE('',*,*,#8062,.F.);
#8062 = EDGE_CURVE('',#7930,#7848,#8063,.T.);
#8063 = LINE('',#8064,#8065);
#8064 = CARTESIAN_POINT('',(-5.28,-0.6,-0.395));
#8065 = VECTOR('',#8066,1.);
#8066 = DIRECTION('',(1.,0.,0.));
#8067 = ORIENTED_EDGE('',*,*,#7929,.F.);
#8068 = PLANE('',#8069);
#8069 = AXIS2_PLACEMENT_3D('',#8070,#8071,#8072);
#8070 = CARTESIAN_POINT('',(-5.28,5.26,-0.395));
#8071 = DIRECTION('',(0.,0.,1.));
#8072 = DIRECTION('',(0.,-1.,0.));
#8073 = ADVANCED_FACE('',(#8074),#8085,.T.);
#8074 = FACE_BOUND('',#8075,.T.);
#8075 = EDGE_LOOP('',(#8076,#8082,#8083,#8084));
#8076 = ORIENTED_EDGE('',*,*,#8077,.T.);
#8077 = EDGE_CURVE('',#7938,#7840,#8078,.T.);
#8078 = LINE('',#8079,#8080);
#8079 = CARTESIAN_POINT('',(-5.28,-1.4,-1.195));
#8080 = VECTOR('',#8081,1.);
#8081 = DIRECTION('',(1.,0.,0.));
#8082 = ORIENTED_EDGE('',*,*,#7847,.F.);
#8083 = ORIENTED_EDGE('',*,*,#8062,.F.);
#8084 = ORIENTED_EDGE('',*,*,#7937,.T.);
#8085 = CYLINDRICAL_SURFACE('',#8086,0.8);
#8086 = AXIS2_PLACEMENT_3D('',#8087,#8088,#8089);
#8087 = CARTESIAN_POINT('',(-5.28,-0.6,-1.195));
#8088 = DIRECTION('',(1.,0.,0.));
#8089 = DIRECTION('',(0.,-1.,0.));
#8090 = ADVANCED_FACE('',(#8091),#8102,.T.);
#8091 = FACE_BOUND('',#8092,.F.);
#8092 = EDGE_LOOP('',(#8093,#8094,#8095,#8096));
#8093 = ORIENTED_EDGE('',*,*,#7946,.F.);
#8094 = ORIENTED_EDGE('',*,*,#8077,.T.);
#8095 = ORIENTED_EDGE('',*,*,#7839,.T.);
#8096 = ORIENTED_EDGE('',*,*,#8097,.F.);
#8097 = EDGE_CURVE('',#7947,#7832,#8098,.T.);
#8098 = LINE('',#8099,#8100);
#8099 = CARTESIAN_POINT('',(-5.28,-1.4,-4.85));
#8100 = VECTOR('',#8101,1.);
#8101 = DIRECTION('',(1.,0.,0.));
#8102 = PLANE('',#8103);
#8103 = AXIS2_PLACEMENT_3D('',#8104,#8105,#8106);
#8104 = CARTESIAN_POINT('',(-5.28,-1.4,-1.195));
#8105 = DIRECTION('',(0.,-1.,0.));
#8106 = DIRECTION('',(0.,0.,-1.));
#8107 = ADVANCED_FACE('',(#8108),#8119,.T.);
#8108 = FACE_BOUND('',#8109,.F.);
#8109 = EDGE_LOOP('',(#8110,#8111,#8112,#8113));
#8110 = ORIENTED_EDGE('',*,*,#7954,.F.);
#8111 = ORIENTED_EDGE('',*,*,#8097,.T.);
#8112 = ORIENTED_EDGE('',*,*,#7831,.T.);
#8113 = ORIENTED_EDGE('',*,*,#8114,.F.);
#8114 = EDGE_CURVE('',#7955,#7824,#8115,.T.);
#8115 = LINE('',#8116,#8117);
#8116 = CARTESIAN_POINT('',(-5.28,-1.,-4.85));
#8117 = VECTOR('',#8118,1.);
#8118 = DIRECTION('',(1.,0.,0.));
#8119 = PLANE('',#8120);
#8120 = AXIS2_PLACEMENT_3D('',#8121,#8122,#8123);
#8121 = CARTESIAN_POINT('',(-5.28,-1.4,-4.85));
#8122 = DIRECTION('',(0.,0.,-1.));
#8123 = DIRECTION('',(0.,1.,0.));
#8124 = ADVANCED_FACE('',(#8125),#8136,.T.);
#8125 = FACE_BOUND('',#8126,.F.);
#8126 = EDGE_LOOP('',(#8127,#8128,#8129,#8130));
#8127 = ORIENTED_EDGE('',*,*,#7962,.F.);
#8128 = ORIENTED_EDGE('',*,*,#8114,.T.);
#8129 = ORIENTED_EDGE('',*,*,#7823,.T.);
#8130 = ORIENTED_EDGE('',*,*,#8131,.F.);
#8131 = EDGE_CURVE('',#7963,#7815,#8132,.T.);
#8132 = LINE('',#8133,#8134);
#8133 = CARTESIAN_POINT('',(-5.28,-1.,-1.275));
#8134 = VECTOR('',#8135,1.);
#8135 = DIRECTION('',(1.,0.,0.));
#8136 = PLANE('',#8137);
#8137 = AXIS2_PLACEMENT_3D('',#8138,#8139,#8140);
#8138 = CARTESIAN_POINT('',(-5.28,-1.,-4.85));
#8139 = DIRECTION('',(0.,1.,0.));
#8140 = DIRECTION('',(0.,-0.,1.));
#8141 = ADVANCED_FACE('',(#8142),#8153,.F.);
#8142 = FACE_BOUND('',#8143,.F.);
#8143 = EDGE_LOOP('',(#8144,#8145,#8146,#8147));
#8144 = ORIENTED_EDGE('',*,*,#7970,.F.);
#8145 = ORIENTED_EDGE('',*,*,#8131,.T.);
#8146 = ORIENTED_EDGE('',*,*,#7814,.T.);
#8147 = ORIENTED_EDGE('',*,*,#8148,.F.);
#8148 = EDGE_CURVE('',#7971,#7807,#8149,.T.);
#8149 = LINE('',#8150,#8151);
#8150 = CARTESIAN_POINT('',(-5.28,-0.6,-0.875));
#8151 = VECTOR('',#8152,1.);
#8152 = DIRECTION('',(1.,0.,0.));
#8153 = CYLINDRICAL_SURFACE('',#8154,0.4);
#8154 = AXIS2_PLACEMENT_3D('',#8155,#8156,#8157);
#8155 = CARTESIAN_POINT('',(-5.28,-0.6,-1.275));
#8156 = DIRECTION('',(1.,0.,0.));
#8157 = DIRECTION('',(0.,-1.,0.));
#8158 = ADVANCED_FACE('',(#8159),#8165,.T.);
#8159 = FACE_BOUND('',#8160,.F.);
#8160 = EDGE_LOOP('',(#8161,#8162,#8163,#8164));
#8161 = ORIENTED_EDGE('',*,*,#2149,.F.);
#8162 = ORIENTED_EDGE('',*,*,#7979,.F.);
#8163 = ORIENTED_EDGE('',*,*,#8148,.T.);
#8164 = ORIENTED_EDGE('',*,*,#7806,.T.);
#8165 = PLANE('',#8166);
#8166 = AXIS2_PLACEMENT_3D('',#8167,#8168,#8169);
#8167 = CARTESIAN_POINT('',(-5.28,-0.6,-0.875));
#8168 = DIRECTION('',(0.,0.,-1.));
#8169 = DIRECTION('',(0.,1.,0.));
#8170 = ADVANCED_FACE('',(#8171),#8182,.T.);
#8171 = FACE_BOUND('',#8172,.F.);
#8172 = EDGE_LOOP('',(#8173,#8174,#8175,#8181));
#8173 = ORIENTED_EDGE('',*,*,#805,.T.);
#8174 = ORIENTED_EDGE('',*,*,#7799,.T.);
#8175 = ORIENTED_EDGE('',*,*,#8176,.F.);
#8176 = EDGE_CURVE('',#7992,#7792,#8177,.T.);
#8177 = LINE('',#8178,#8179);
#8178 = CARTESIAN_POINT('',(-5.28,5.26,-0.875));
#8179 = VECTOR('',#8180,1.);
#8180 = DIRECTION('',(1.,0.,0.));
#8181 = ORIENTED_EDGE('',*,*,#7991,.F.);
#8182 = PLANE('',#8183);
#8183 = AXIS2_PLACEMENT_3D('',#8184,#8185,#8186);
#8184 = CARTESIAN_POINT('',(-5.28,-0.6,-0.875));
#8185 = DIRECTION('',(0.,0.,-1.));
#8186 = DIRECTION('',(0.,1.,0.));
#8187 = ADVANCED_FACE('',(#8188),#8194,.T.);
#8188 = FACE_BOUND('',#8189,.F.);
#8189 = EDGE_LOOP('',(#8190,#8191,#8192,#8193));
#8190 = ORIENTED_EDGE('',*,*,#7999,.F.);
#8191 = ORIENTED_EDGE('',*,*,#8176,.T.);
#8192 = ORIENTED_EDGE('',*,*,#7791,.T.);
#8193 = ORIENTED_EDGE('',*,*,#7908,.F.);
#8194 = PLANE('',#8195);
#8195 = AXIS2_PLACEMENT_3D('',#8196,#8197,#8198);
#8196 = CARTESIAN_POINT('',(-5.28,5.26,-0.875));
#8197 = DIRECTION('',(0.,1.,0.));
#8198 = DIRECTION('',(0.,-0.,1.));
#8199 = ADVANCED_FACE('',(#8200),#8216,.F.);
#8200 = FACE_BOUND('',#8201,.F.);
#8201 = EDGE_LOOP('',(#8202,#8208,#8209,#8215));
#8202 = ORIENTED_EDGE('',*,*,#8203,.T.);
#8203 = EDGE_CURVE('',#2158,#864,#8204,.T.);
#8204 = LINE('',#8205,#8206);
#8205 = CARTESIAN_POINT('',(-4.88,0.5,0.395));
#8206 = VECTOR('',#8207,1.);
#8207 = DIRECTION('',(0.,1.,0.));
#8208 = ORIENTED_EDGE('',*,*,#863,.T.);
#8209 = ORIENTED_EDGE('',*,*,#8210,.F.);
#8210 = EDGE_CURVE('',#2160,#856,#8211,.T.);
#8211 = LINE('',#8212,#8213);
#8212 = CARTESIAN_POINT('',(-4.84,0.5,0.395));
#8213 = VECTOR('',#8214,1.);
#8214 = DIRECTION('',(0.,1.,0.));
#8215 = ORIENTED_EDGE('',*,*,#2157,.F.);
#8216 = PLANE('',#8217);
#8217 = AXIS2_PLACEMENT_3D('',#8218,#8219,#8220);
#8218 = CARTESIAN_POINT('',(-5.32,0.,0.395));
#8219 = DIRECTION('',(0.,0.,-1.));
#8220 = DIRECTION('',(0.,1.,0.));
#8221 = ADVANCED_FACE('',(#8222),#8309,.T.);
#8222 = FACE_BOUND('',#8223,.F.);
#8223 = EDGE_LOOP('',(#8224,#8230,#8238,#8246,#8252,#8253,#8261,#8270,
    #8278,#8286,#8294,#8303));
#8224 = ORIENTED_EDGE('',*,*,#8225,.F.);
#8225 = EDGE_CURVE('',#840,#2176,#8226,.T.);
#8226 = LINE('',#8227,#8228);
#8227 = CARTESIAN_POINT('',(-4.88,2.,0.875));
#8228 = VECTOR('',#8229,1.);
#8229 = DIRECTION('',(0.,-1.,0.));
#8230 = ORIENTED_EDGE('',*,*,#8231,.F.);
#8231 = EDGE_CURVE('',#8232,#840,#8234,.T.);
#8232 = VERTEX_POINT('',#8233);
#8233 = CARTESIAN_POINT('',(-4.88,5.26,0.875));
#8234 = LINE('',#8235,#8236);
#8235 = CARTESIAN_POINT('',(-4.88,5.26,0.875));
#8236 = VECTOR('',#8237,1.);
#8237 = DIRECTION('',(0.,-1.,0.));
#8238 = ORIENTED_EDGE('',*,*,#8239,.F.);
#8239 = EDGE_CURVE('',#8240,#8232,#8242,.T.);
#8240 = VERTEX_POINT('',#8241);
#8241 = CARTESIAN_POINT('',(-4.88,5.26,0.395));
#8242 = LINE('',#8243,#8244);
#8243 = CARTESIAN_POINT('',(-4.88,5.26,0.395));
#8244 = VECTOR('',#8245,1.);
#8245 = DIRECTION('',(0.,0.,1.));
#8246 = ORIENTED_EDGE('',*,*,#8247,.F.);
#8247 = EDGE_CURVE('',#864,#8240,#8248,.T.);
#8248 = LINE('',#8249,#8250);
#8249 = CARTESIAN_POINT('',(-4.88,2.,0.395));
#8250 = VECTOR('',#8251,1.);
#8251 = DIRECTION('',(0.,1.,0.));
#8252 = ORIENTED_EDGE('',*,*,#8203,.F.);
#8253 = ORIENTED_EDGE('',*,*,#8254,.F.);
#8254 = EDGE_CURVE('',#8255,#2158,#8257,.T.);
#8255 = VERTEX_POINT('',#8256);
#8256 = CARTESIAN_POINT('',(-4.88,-1.87,0.395));
#8257 = LINE('',#8258,#8259);
#8258 = CARTESIAN_POINT('',(-4.88,-1.87,0.395));
#8259 = VECTOR('',#8260,1.);
#8260 = DIRECTION('',(0.,1.,0.));
#8261 = ORIENTED_EDGE('',*,*,#8262,.F.);
#8262 = EDGE_CURVE('',#8263,#8255,#8265,.T.);
#8263 = VERTEX_POINT('',#8264);
#8264 = CARTESIAN_POINT('',(-4.88,-2.27,-5.E-03));
#8265 = CIRCLE('',#8266,0.4);
#8266 = AXIS2_PLACEMENT_3D('',#8267,#8268,#8269);
#8267 = CARTESIAN_POINT('',(-4.88,-1.87,-5.E-03));
#8268 = DIRECTION('',(-1.,0.,0.));
#8269 = DIRECTION('',(0.,-1.,0.));
#8270 = ORIENTED_EDGE('',*,*,#8271,.F.);
#8271 = EDGE_CURVE('',#8272,#8263,#8274,.T.);
#8272 = VERTEX_POINT('',#8273);
#8273 = CARTESIAN_POINT('',(-4.88,-2.27,-4.85));
#8274 = LINE('',#8275,#8276);
#8275 = CARTESIAN_POINT('',(-4.88,-2.27,-4.85));
#8276 = VECTOR('',#8277,1.);
#8277 = DIRECTION('',(0.,0.,1.));
#8278 = ORIENTED_EDGE('',*,*,#8279,.F.);
#8279 = EDGE_CURVE('',#8280,#8272,#8282,.T.);
#8280 = VERTEX_POINT('',#8281);
#8281 = CARTESIAN_POINT('',(-4.88,-2.67,-4.85));
#8282 = LINE('',#8283,#8284);
#8283 = CARTESIAN_POINT('',(-4.88,-2.67,-4.85));
#8284 = VECTOR('',#8285,1.);
#8285 = DIRECTION('',(0.,1.,0.));
#8286 = ORIENTED_EDGE('',*,*,#8287,.F.);
#8287 = EDGE_CURVE('',#8288,#8280,#8290,.T.);
#8288 = VERTEX_POINT('',#8289);
#8289 = CARTESIAN_POINT('',(-4.88,-2.67,7.5E-02));
#8290 = LINE('',#8291,#8292);
#8291 = CARTESIAN_POINT('',(-4.88,-2.67,7.5E-02));
#8292 = VECTOR('',#8293,1.);
#8293 = DIRECTION('',(0.,0.,-1.));
#8294 = ORIENTED_EDGE('',*,*,#8295,.F.);
#8295 = EDGE_CURVE('',#8296,#8288,#8298,.T.);
#8296 = VERTEX_POINT('',#8297);
#8297 = CARTESIAN_POINT('',(-4.88,-1.87,0.875));
#8298 = CIRCLE('',#8299,0.8);
#8299 = AXIS2_PLACEMENT_3D('',#8300,#8301,#8302);
#8300 = CARTESIAN_POINT('',(-4.88,-1.87,7.5E-02));
#8301 = DIRECTION('',(1.,0.,-0.));
#8302 = DIRECTION('',(0.,0.,1.));
#8303 = ORIENTED_EDGE('',*,*,#8304,.F.);
#8304 = EDGE_CURVE('',#2176,#8296,#8305,.T.);
#8305 = LINE('',#8306,#8307);
#8306 = CARTESIAN_POINT('',(-4.88,0.5,0.875));
#8307 = VECTOR('',#8308,1.);
#8308 = DIRECTION('',(0.,-1.,0.));
#8309 = PLANE('',#8310);
#8310 = AXIS2_PLACEMENT_3D('',#8311,#8312,#8313);
#8311 = CARTESIAN_POINT('',(-4.88,0.,0.));
#8312 = DIRECTION('',(1.,0.,0.));
#8313 = DIRECTION('',(0.,-1.,0.));
#8314 = ADVANCED_FACE('',(#8315),#8326,.F.);
#8315 = FACE_BOUND('',#8316,.F.);
#8316 = EDGE_LOOP('',(#8317,#8318,#8319,#8325));
#8317 = ORIENTED_EDGE('',*,*,#8225,.T.);
#8318 = ORIENTED_EDGE('',*,*,#2175,.T.);
#8319 = ORIENTED_EDGE('',*,*,#8320,.F.);
#8320 = EDGE_CURVE('',#848,#2168,#8321,.T.);
#8321 = LINE('',#8322,#8323);
#8322 = CARTESIAN_POINT('',(-4.84,2.,0.875));
#8323 = VECTOR('',#8324,1.);
#8324 = DIRECTION('',(0.,-1.,0.));
#8325 = ORIENTED_EDGE('',*,*,#847,.F.);
#8326 = PLANE('',#8327);
#8327 = AXIS2_PLACEMENT_3D('',#8328,#8329,#8330);
#8328 = CARTESIAN_POINT('',(-5.32,2.,0.875));
#8329 = DIRECTION('',(0.,0.,1.));
#8330 = DIRECTION('',(0.,-1.,0.));
#8331 = ADVANCED_FACE('',(#8332),#8338,.F.);
#8332 = FACE_BOUND('',#8333,.F.);
#8333 = EDGE_LOOP('',(#8334,#8335,#8336,#8337));
#8334 = ORIENTED_EDGE('',*,*,#2167,.T.);
#8335 = ORIENTED_EDGE('',*,*,#8210,.T.);
#8336 = ORIENTED_EDGE('',*,*,#855,.F.);
#8337 = ORIENTED_EDGE('',*,*,#8320,.T.);
#8338 = PLANE('',#8339);
#8339 = AXIS2_PLACEMENT_3D('',#8340,#8341,#8342);
#8340 = CARTESIAN_POINT('',(-4.84,0.,0.));
#8341 = DIRECTION('',(1.,0.,0.));
#8342 = DIRECTION('',(0.,-1.,0.));
#8343 = ADVANCED_FACE('',(#8344),#8362,.T.);
#8344 = FACE_BOUND('',#8345,.F.);
#8345 = EDGE_LOOP('',(#8346,#8347,#8355,#8361));
#8346 = ORIENTED_EDGE('',*,*,#839,.F.);
#8347 = ORIENTED_EDGE('',*,*,#8348,.F.);
#8348 = EDGE_CURVE('',#8349,#832,#8351,.T.);
#8349 = VERTEX_POINT('',#8350);
#8350 = CARTESIAN_POINT('',(-5.28,5.26,0.875));
#8351 = LINE('',#8352,#8353);
#8352 = CARTESIAN_POINT('',(-5.28,5.26,0.875));
#8353 = VECTOR('',#8354,1.);
#8354 = DIRECTION('',(0.,-1.,0.));
#8355 = ORIENTED_EDGE('',*,*,#8356,.T.);
#8356 = EDGE_CURVE('',#8349,#8232,#8357,.T.);
#8357 = LINE('',#8358,#8359);
#8358 = CARTESIAN_POINT('',(-5.28,5.26,0.875));
#8359 = VECTOR('',#8360,1.);
#8360 = DIRECTION('',(1.,0.,0.));
#8361 = ORIENTED_EDGE('',*,*,#8231,.T.);
#8362 = PLANE('',#8363);
#8363 = AXIS2_PLACEMENT_3D('',#8364,#8365,#8366);
#8364 = CARTESIAN_POINT('',(-5.28,5.26,0.875));
#8365 = DIRECTION('',(0.,0.,1.));
#8366 = DIRECTION('',(0.,-1.,0.));
#8367 = ADVANCED_FACE('',(#8368),#8453,.F.);
#8368 = FACE_BOUND('',#8369,.F.);
#8369 = EDGE_LOOP('',(#8370,#8376,#8384,#8393,#8401,#8409,#8417,#8426,
    #8432,#8438,#8446,#8452));
#8370 = ORIENTED_EDGE('',*,*,#8371,.T.);
#8371 = EDGE_CURVE('',#832,#2184,#8372,.T.);
#8372 = LINE('',#8373,#8374);
#8373 = CARTESIAN_POINT('',(-5.28,2.,0.875));
#8374 = VECTOR('',#8375,1.);
#8375 = DIRECTION('',(0.,-1.,0.));
#8376 = ORIENTED_EDGE('',*,*,#8377,.T.);
#8377 = EDGE_CURVE('',#2184,#8378,#8380,.T.);
#8378 = VERTEX_POINT('',#8379);
#8379 = CARTESIAN_POINT('',(-5.28,-1.87,0.875));
#8380 = LINE('',#8381,#8382);
#8381 = CARTESIAN_POINT('',(-5.28,0.5,0.875));
#8382 = VECTOR('',#8383,1.);
#8383 = DIRECTION('',(0.,-1.,0.));
#8384 = ORIENTED_EDGE('',*,*,#8385,.T.);
#8385 = EDGE_CURVE('',#8378,#8386,#8388,.T.);
#8386 = VERTEX_POINT('',#8387);
#8387 = CARTESIAN_POINT('',(-5.28,-2.67,7.5E-02));
#8388 = CIRCLE('',#8389,0.8);
#8389 = AXIS2_PLACEMENT_3D('',#8390,#8391,#8392);
#8390 = CARTESIAN_POINT('',(-5.28,-1.87,7.5E-02));
#8391 = DIRECTION('',(1.,0.,-0.));
#8392 = DIRECTION('',(0.,0.,1.));
#8393 = ORIENTED_EDGE('',*,*,#8394,.T.);
#8394 = EDGE_CURVE('',#8386,#8395,#8397,.T.);
#8395 = VERTEX_POINT('',#8396);
#8396 = CARTESIAN_POINT('',(-5.28,-2.67,-4.85));
#8397 = LINE('',#8398,#8399);
#8398 = CARTESIAN_POINT('',(-5.28,-2.67,7.5E-02));
#8399 = VECTOR('',#8400,1.);
#8400 = DIRECTION('',(0.,0.,-1.));
#8401 = ORIENTED_EDGE('',*,*,#8402,.T.);
#8402 = EDGE_CURVE('',#8395,#8403,#8405,.T.);
#8403 = VERTEX_POINT('',#8404);
#8404 = CARTESIAN_POINT('',(-5.28,-2.27,-4.85));
#8405 = LINE('',#8406,#8407);
#8406 = CARTESIAN_POINT('',(-5.28,-2.67,-4.85));
#8407 = VECTOR('',#8408,1.);
#8408 = DIRECTION('',(0.,1.,0.));
#8409 = ORIENTED_EDGE('',*,*,#8410,.T.);
#8410 = EDGE_CURVE('',#8403,#8411,#8413,.T.);
#8411 = VERTEX_POINT('',#8412);
#8412 = CARTESIAN_POINT('',(-5.28,-2.27,-5.E-03));
#8413 = LINE('',#8414,#8415);
#8414 = CARTESIAN_POINT('',(-5.28,-2.27,-4.85));
#8415 = VECTOR('',#8416,1.);
#8416 = DIRECTION('',(0.,0.,1.));
#8417 = ORIENTED_EDGE('',*,*,#8418,.T.);
#8418 = EDGE_CURVE('',#8411,#8419,#8421,.T.);
#8419 = VERTEX_POINT('',#8420);
#8420 = CARTESIAN_POINT('',(-5.28,-1.87,0.395));
#8421 = CIRCLE('',#8422,0.4);
#8422 = AXIS2_PLACEMENT_3D('',#8423,#8424,#8425);
#8423 = CARTESIAN_POINT('',(-5.28,-1.87,-5.E-03));
#8424 = DIRECTION('',(-1.,0.,0.));
#8425 = DIRECTION('',(0.,-1.,0.));
#8426 = ORIENTED_EDGE('',*,*,#8427,.T.);
#8427 = EDGE_CURVE('',#8419,#2208,#8428,.T.);
#8428 = LINE('',#8429,#8430);
#8429 = CARTESIAN_POINT('',(-5.28,-1.87,0.395));
#8430 = VECTOR('',#8431,1.);
#8431 = DIRECTION('',(0.,1.,0.));
#8432 = ORIENTED_EDGE('',*,*,#8433,.T.);
#8433 = EDGE_CURVE('',#2208,#816,#8434,.T.);
#8434 = LINE('',#8435,#8436);
#8435 = CARTESIAN_POINT('',(-5.28,0.5,0.395));
#8436 = VECTOR('',#8437,1.);
#8437 = DIRECTION('',(0.,1.,0.));
#8438 = ORIENTED_EDGE('',*,*,#8439,.T.);
#8439 = EDGE_CURVE('',#816,#8440,#8442,.T.);
#8440 = VERTEX_POINT('',#8441);
#8441 = CARTESIAN_POINT('',(-5.28,5.26,0.395));
#8442 = LINE('',#8443,#8444);
#8443 = CARTESIAN_POINT('',(-5.28,2.,0.395));
#8444 = VECTOR('',#8445,1.);
#8445 = DIRECTION('',(0.,1.,0.));
#8446 = ORIENTED_EDGE('',*,*,#8447,.T.);
#8447 = EDGE_CURVE('',#8440,#8349,#8448,.T.);
#8448 = LINE('',#8449,#8450);
#8449 = CARTESIAN_POINT('',(-5.28,5.26,0.395));
#8450 = VECTOR('',#8451,1.);
#8451 = DIRECTION('',(0.,0.,1.));
#8452 = ORIENTED_EDGE('',*,*,#8348,.T.);
#8453 = PLANE('',#8454);
#8454 = AXIS2_PLACEMENT_3D('',#8455,#8456,#8457);
#8455 = CARTESIAN_POINT('',(-5.28,0.,0.));
#8456 = DIRECTION('',(1.,0.,0.));
#8457 = DIRECTION('',(0.,-1.,0.));
#8458 = ADVANCED_FACE('',(#8459),#8470,.F.);
#8459 = FACE_BOUND('',#8460,.F.);
#8460 = EDGE_LOOP('',(#8461,#8462,#8463,#8469));
#8461 = ORIENTED_EDGE('',*,*,#8371,.F.);
#8462 = ORIENTED_EDGE('',*,*,#831,.F.);
#8463 = ORIENTED_EDGE('',*,*,#8464,.T.);
#8464 = EDGE_CURVE('',#824,#2192,#8465,.T.);
#8465 = LINE('',#8466,#8467);
#8466 = CARTESIAN_POINT('',(-5.32,2.,0.875));
#8467 = VECTOR('',#8468,1.);
#8468 = DIRECTION('',(0.,-1.,0.));
#8469 = ORIENTED_EDGE('',*,*,#2191,.T.);
#8470 = PLANE('',#8471);
#8471 = AXIS2_PLACEMENT_3D('',#8472,#8473,#8474);
#8472 = CARTESIAN_POINT('',(-5.32,2.,0.875));
#8473 = DIRECTION('',(0.,0.,1.));
#8474 = DIRECTION('',(0.,-1.,0.));
#8475 = ADVANCED_FACE('',(#8476),#8487,.T.);
#8476 = FACE_BOUND('',#8477,.F.);
#8477 = EDGE_LOOP('',(#8478,#8479,#8480,#8481));
#8478 = ORIENTED_EDGE('',*,*,#2199,.F.);
#8479 = ORIENTED_EDGE('',*,*,#8464,.F.);
#8480 = ORIENTED_EDGE('',*,*,#823,.T.);
#8481 = ORIENTED_EDGE('',*,*,#8482,.F.);
#8482 = EDGE_CURVE('',#2200,#814,#8483,.T.);
#8483 = LINE('',#8484,#8485);
#8484 = CARTESIAN_POINT('',(-5.32,0.5,0.395));
#8485 = VECTOR('',#8486,1.);
#8486 = DIRECTION('',(0.,1.,0.));
#8487 = PLANE('',#8488);
#8488 = AXIS2_PLACEMENT_3D('',#8489,#8490,#8491);
#8489 = CARTESIAN_POINT('',(-5.32,0.,0.));
#8490 = DIRECTION('',(1.,0.,0.));
#8491 = DIRECTION('',(0.,-1.,0.));
#8492 = ADVANCED_FACE('',(#8493),#8499,.F.);
#8493 = FACE_BOUND('',#8494,.F.);
#8494 = EDGE_LOOP('',(#8495,#8496,#8497,#8498));
#8495 = ORIENTED_EDGE('',*,*,#8433,.F.);
#8496 = ORIENTED_EDGE('',*,*,#2207,.F.);
#8497 = ORIENTED_EDGE('',*,*,#8482,.T.);
#8498 = ORIENTED_EDGE('',*,*,#813,.T.);
#8499 = PLANE('',#8500);
#8500 = AXIS2_PLACEMENT_3D('',#8501,#8502,#8503);
#8501 = CARTESIAN_POINT('',(-5.32,0.,0.395));
#8502 = DIRECTION('',(0.,0.,-1.));
#8503 = DIRECTION('',(0.,1.,0.));
#8504 = ADVANCED_FACE('',(#8505),#8516,.T.);
#8505 = FACE_BOUND('',#8506,.F.);
#8506 = EDGE_LOOP('',(#8507,#8508,#8509,#8515));
#8507 = ORIENTED_EDGE('',*,*,#2183,.T.);
#8508 = ORIENTED_EDGE('',*,*,#8304,.T.);
#8509 = ORIENTED_EDGE('',*,*,#8510,.F.);
#8510 = EDGE_CURVE('',#8378,#8296,#8511,.T.);
#8511 = LINE('',#8512,#8513);
#8512 = CARTESIAN_POINT('',(-5.28,-1.87,0.875));
#8513 = VECTOR('',#8514,1.);
#8514 = DIRECTION('',(1.,0.,0.));
#8515 = ORIENTED_EDGE('',*,*,#8377,.F.);
#8516 = PLANE('',#8517);
#8517 = AXIS2_PLACEMENT_3D('',#8518,#8519,#8520);
#8518 = CARTESIAN_POINT('',(-5.28,5.26,0.875));
#8519 = DIRECTION('',(0.,0.,1.));
#8520 = DIRECTION('',(0.,-1.,0.));
#8521 = ADVANCED_FACE('',(#8522),#8533,.T.);
#8522 = FACE_BOUND('',#8523,.T.);
#8523 = EDGE_LOOP('',(#8524,#8530,#8531,#8532));
#8524 = ORIENTED_EDGE('',*,*,#8525,.T.);
#8525 = EDGE_CURVE('',#8386,#8288,#8526,.T.);
#8526 = LINE('',#8527,#8528);
#8527 = CARTESIAN_POINT('',(-5.28,-2.67,7.5E-02));
#8528 = VECTOR('',#8529,1.);
#8529 = DIRECTION('',(1.,0.,0.));
#8530 = ORIENTED_EDGE('',*,*,#8295,.F.);
#8531 = ORIENTED_EDGE('',*,*,#8510,.F.);
#8532 = ORIENTED_EDGE('',*,*,#8385,.T.);
#8533 = CYLINDRICAL_SURFACE('',#8534,0.8);
#8534 = AXIS2_PLACEMENT_3D('',#8535,#8536,#8537);
#8535 = CARTESIAN_POINT('',(-5.28,-1.87,7.5E-02));
#8536 = DIRECTION('',(1.,0.,0.));
#8537 = DIRECTION('',(0.,-1.,0.));
#8538 = ADVANCED_FACE('',(#8539),#8550,.T.);
#8539 = FACE_BOUND('',#8540,.F.);
#8540 = EDGE_LOOP('',(#8541,#8542,#8543,#8544));
#8541 = ORIENTED_EDGE('',*,*,#8394,.F.);
#8542 = ORIENTED_EDGE('',*,*,#8525,.T.);
#8543 = ORIENTED_EDGE('',*,*,#8287,.T.);
#8544 = ORIENTED_EDGE('',*,*,#8545,.F.);
#8545 = EDGE_CURVE('',#8395,#8280,#8546,.T.);
#8546 = LINE('',#8547,#8548);
#8547 = CARTESIAN_POINT('',(-5.28,-2.67,-4.85));
#8548 = VECTOR('',#8549,1.);
#8549 = DIRECTION('',(1.,0.,0.));
#8550 = PLANE('',#8551);
#8551 = AXIS2_PLACEMENT_3D('',#8552,#8553,#8554);
#8552 = CARTESIAN_POINT('',(-5.28,-2.67,7.5E-02));
#8553 = DIRECTION('',(0.,-1.,0.));
#8554 = DIRECTION('',(0.,0.,-1.));
#8555 = ADVANCED_FACE('',(#8556),#8567,.T.);
#8556 = FACE_BOUND('',#8557,.F.);
#8557 = EDGE_LOOP('',(#8558,#8559,#8560,#8561));
#8558 = ORIENTED_EDGE('',*,*,#8402,.F.);
#8559 = ORIENTED_EDGE('',*,*,#8545,.T.);
#8560 = ORIENTED_EDGE('',*,*,#8279,.T.);
#8561 = ORIENTED_EDGE('',*,*,#8562,.F.);
#8562 = EDGE_CURVE('',#8403,#8272,#8563,.T.);
#8563 = LINE('',#8564,#8565);
#8564 = CARTESIAN_POINT('',(-5.28,-2.27,-4.85));
#8565 = VECTOR('',#8566,1.);
#8566 = DIRECTION('',(1.,0.,0.));
#8567 = PLANE('',#8568);
#8568 = AXIS2_PLACEMENT_3D('',#8569,#8570,#8571);
#8569 = CARTESIAN_POINT('',(-5.28,-2.67,-4.85));
#8570 = DIRECTION('',(0.,0.,-1.));
#8571 = DIRECTION('',(0.,1.,0.));
#8572 = ADVANCED_FACE('',(#8573),#8584,.T.);
#8573 = FACE_BOUND('',#8574,.F.);
#8574 = EDGE_LOOP('',(#8575,#8576,#8577,#8578));
#8575 = ORIENTED_EDGE('',*,*,#8410,.F.);
#8576 = ORIENTED_EDGE('',*,*,#8562,.T.);
#8577 = ORIENTED_EDGE('',*,*,#8271,.T.);
#8578 = ORIENTED_EDGE('',*,*,#8579,.F.);
#8579 = EDGE_CURVE('',#8411,#8263,#8580,.T.);
#8580 = LINE('',#8581,#8582);
#8581 = CARTESIAN_POINT('',(-5.28,-2.27,-5.E-03));
#8582 = VECTOR('',#8583,1.);
#8583 = DIRECTION('',(1.,0.,0.));
#8584 = PLANE('',#8585);
#8585 = AXIS2_PLACEMENT_3D('',#8586,#8587,#8588);
#8586 = CARTESIAN_POINT('',(-5.28,-2.27,-4.85));
#8587 = DIRECTION('',(0.,1.,0.));
#8588 = DIRECTION('',(0.,-0.,1.));
#8589 = ADVANCED_FACE('',(#8590),#8601,.F.);
#8590 = FACE_BOUND('',#8591,.F.);
#8591 = EDGE_LOOP('',(#8592,#8593,#8594,#8595));
#8592 = ORIENTED_EDGE('',*,*,#8418,.F.);
#8593 = ORIENTED_EDGE('',*,*,#8579,.T.);
#8594 = ORIENTED_EDGE('',*,*,#8262,.T.);
#8595 = ORIENTED_EDGE('',*,*,#8596,.F.);
#8596 = EDGE_CURVE('',#8419,#8255,#8597,.T.);
#8597 = LINE('',#8598,#8599);
#8598 = CARTESIAN_POINT('',(-5.28,-1.87,0.395));
#8599 = VECTOR('',#8600,1.);
#8600 = DIRECTION('',(1.,0.,0.));
#8601 = CYLINDRICAL_SURFACE('',#8602,0.4);
#8602 = AXIS2_PLACEMENT_3D('',#8603,#8604,#8605);
#8603 = CARTESIAN_POINT('',(-5.28,-1.87,-5.E-03));
#8604 = DIRECTION('',(1.,0.,0.));
#8605 = DIRECTION('',(0.,-1.,0.));
#8606 = ADVANCED_FACE('',(#8607),#8613,.T.);
#8607 = FACE_BOUND('',#8608,.F.);
#8608 = EDGE_LOOP('',(#8609,#8610,#8611,#8612));
#8609 = ORIENTED_EDGE('',*,*,#2215,.F.);
#8610 = ORIENTED_EDGE('',*,*,#8427,.F.);
#8611 = ORIENTED_EDGE('',*,*,#8596,.T.);
#8612 = ORIENTED_EDGE('',*,*,#8254,.T.);
#8613 = PLANE('',#8614);
#8614 = AXIS2_PLACEMENT_3D('',#8615,#8616,#8617);
#8615 = CARTESIAN_POINT('',(-5.28,-1.87,0.395));
#8616 = DIRECTION('',(0.,0.,-1.));
#8617 = DIRECTION('',(0.,1.,0.));
#8618 = ADVANCED_FACE('',(#8619),#8630,.T.);
#8619 = FACE_BOUND('',#8620,.F.);
#8620 = EDGE_LOOP('',(#8621,#8622,#8623,#8629));
#8621 = ORIENTED_EDGE('',*,*,#871,.T.);
#8622 = ORIENTED_EDGE('',*,*,#8247,.T.);
#8623 = ORIENTED_EDGE('',*,*,#8624,.F.);
#8624 = EDGE_CURVE('',#8440,#8240,#8625,.T.);
#8625 = LINE('',#8626,#8627);
#8626 = CARTESIAN_POINT('',(-5.28,5.26,0.395));
#8627 = VECTOR('',#8628,1.);
#8628 = DIRECTION('',(1.,0.,0.));
#8629 = ORIENTED_EDGE('',*,*,#8439,.F.);
#8630 = PLANE('',#8631);
#8631 = AXIS2_PLACEMENT_3D('',#8632,#8633,#8634);
#8632 = CARTESIAN_POINT('',(-5.28,-1.87,0.395));
#8633 = DIRECTION('',(0.,0.,-1.));
#8634 = DIRECTION('',(0.,1.,0.));
#8635 = ADVANCED_FACE('',(#8636),#8642,.T.);
#8636 = FACE_BOUND('',#8637,.F.);
#8637 = EDGE_LOOP('',(#8638,#8639,#8640,#8641));
#8638 = ORIENTED_EDGE('',*,*,#8447,.F.);
#8639 = ORIENTED_EDGE('',*,*,#8624,.T.);
#8640 = ORIENTED_EDGE('',*,*,#8239,.T.);
#8641 = ORIENTED_EDGE('',*,*,#8356,.F.);
#8642 = PLANE('',#8643);
#8643 = AXIS2_PLACEMENT_3D('',#8644,#8645,#8646);
#8644 = CARTESIAN_POINT('',(-5.28,5.26,0.395));
#8645 = DIRECTION('',(0.,1.,0.));
#8646 = DIRECTION('',(0.,-0.,1.));
#8647 = ADVANCED_FACE('',(#8648),#8664,.F.);
#8648 = FACE_BOUND('',#8649,.F.);
#8649 = EDGE_LOOP('',(#8650,#8656,#8657,#8663));
#8650 = ORIENTED_EDGE('',*,*,#8651,.T.);
#8651 = EDGE_CURVE('',#1892,#930,#8652,.T.);
#8652 = LINE('',#8653,#8654);
#8653 = CARTESIAN_POINT('',(-6.15,0.5,-0.875));
#8654 = VECTOR('',#8655,1.);
#8655 = DIRECTION('',(0.,1.,0.));
#8656 = ORIENTED_EDGE('',*,*,#929,.T.);
#8657 = ORIENTED_EDGE('',*,*,#8658,.F.);
#8658 = EDGE_CURVE('',#1894,#922,#8659,.T.);
#8659 = LINE('',#8660,#8661);
#8660 = CARTESIAN_POINT('',(-6.11,0.5,-0.875));
#8661 = VECTOR('',#8662,1.);
#8662 = DIRECTION('',(0.,1.,0.));
#8663 = ORIENTED_EDGE('',*,*,#1891,.F.);
#8664 = PLANE('',#8665);
#8665 = AXIS2_PLACEMENT_3D('',#8666,#8667,#8668);
#8666 = CARTESIAN_POINT('',(-6.59,0.,-0.875));
#8667 = DIRECTION('',(0.,0.,-1.));
#8668 = DIRECTION('',(0.,1.,0.));
#8669 = ADVANCED_FACE('',(#8670),#8757,.T.);
#8670 = FACE_BOUND('',#8671,.F.);
#8671 = EDGE_LOOP('',(#8672,#8678,#8686,#8694,#8700,#8701,#8709,#8718,
    #8726,#8734,#8742,#8751));
#8672 = ORIENTED_EDGE('',*,*,#8673,.F.);
#8673 = EDGE_CURVE('',#906,#1910,#8674,.T.);
#8674 = LINE('',#8675,#8676);
#8675 = CARTESIAN_POINT('',(-6.15,2.,-0.395));
#8676 = VECTOR('',#8677,1.);
#8677 = DIRECTION('',(0.,-1.,0.));
#8678 = ORIENTED_EDGE('',*,*,#8679,.F.);
#8679 = EDGE_CURVE('',#8680,#906,#8682,.T.);
#8680 = VERTEX_POINT('',#8681);
#8681 = CARTESIAN_POINT('',(-6.15,5.26,-0.395));
#8682 = LINE('',#8683,#8684);
#8683 = CARTESIAN_POINT('',(-6.15,5.26,-0.395));
#8684 = VECTOR('',#8685,1.);
#8685 = DIRECTION('',(0.,-1.,0.));
#8686 = ORIENTED_EDGE('',*,*,#8687,.F.);
#8687 = EDGE_CURVE('',#8688,#8680,#8690,.T.);
#8688 = VERTEX_POINT('',#8689);
#8689 = CARTESIAN_POINT('',(-6.15,5.26,-0.875));
#8690 = LINE('',#8691,#8692);
#8691 = CARTESIAN_POINT('',(-6.15,5.26,-0.875));
#8692 = VECTOR('',#8693,1.);
#8693 = DIRECTION('',(0.,0.,1.));
#8694 = ORIENTED_EDGE('',*,*,#8695,.F.);
#8695 = EDGE_CURVE('',#930,#8688,#8696,.T.);
#8696 = LINE('',#8697,#8698);
#8697 = CARTESIAN_POINT('',(-6.15,2.,-0.875));
#8698 = VECTOR('',#8699,1.);
#8699 = DIRECTION('',(0.,1.,0.));
#8700 = ORIENTED_EDGE('',*,*,#8651,.F.);
#8701 = ORIENTED_EDGE('',*,*,#8702,.F.);
#8702 = EDGE_CURVE('',#8703,#1892,#8705,.T.);
#8703 = VERTEX_POINT('',#8704);
#8704 = CARTESIAN_POINT('',(-6.15,-0.6,-0.875));
#8705 = LINE('',#8706,#8707);
#8706 = CARTESIAN_POINT('',(-6.15,-0.6,-0.875));
#8707 = VECTOR('',#8708,1.);
#8708 = DIRECTION('',(0.,1.,0.));
#8709 = ORIENTED_EDGE('',*,*,#8710,.F.);
#8710 = EDGE_CURVE('',#8711,#8703,#8713,.T.);
#8711 = VERTEX_POINT('',#8712);
#8712 = CARTESIAN_POINT('',(-6.15,-1.,-1.275));
#8713 = CIRCLE('',#8714,0.4);
#8714 = AXIS2_PLACEMENT_3D('',#8715,#8716,#8717);
#8715 = CARTESIAN_POINT('',(-6.15,-0.6,-1.275));
#8716 = DIRECTION('',(-1.,0.,0.));
#8717 = DIRECTION('',(0.,-1.,0.));
#8718 = ORIENTED_EDGE('',*,*,#8719,.F.);
#8719 = EDGE_CURVE('',#8720,#8711,#8722,.T.);
#8720 = VERTEX_POINT('',#8721);
#8721 = CARTESIAN_POINT('',(-6.15,-1.,-4.85));
#8722 = LINE('',#8723,#8724);
#8723 = CARTESIAN_POINT('',(-6.15,-1.,-4.85));
#8724 = VECTOR('',#8725,1.);
#8725 = DIRECTION('',(0.,0.,1.));
#8726 = ORIENTED_EDGE('',*,*,#8727,.F.);
#8727 = EDGE_CURVE('',#8728,#8720,#8730,.T.);
#8728 = VERTEX_POINT('',#8729);
#8729 = CARTESIAN_POINT('',(-6.15,-1.4,-4.85));
#8730 = LINE('',#8731,#8732);
#8731 = CARTESIAN_POINT('',(-6.15,-1.4,-4.85));
#8732 = VECTOR('',#8733,1.);
#8733 = DIRECTION('',(0.,1.,0.));
#8734 = ORIENTED_EDGE('',*,*,#8735,.F.);
#8735 = EDGE_CURVE('',#8736,#8728,#8738,.T.);
#8736 = VERTEX_POINT('',#8737);
#8737 = CARTESIAN_POINT('',(-6.15,-1.4,-1.195));
#8738 = LINE('',#8739,#8740);
#8739 = CARTESIAN_POINT('',(-6.15,-1.4,-1.195));
#8740 = VECTOR('',#8741,1.);
#8741 = DIRECTION('',(0.,0.,-1.));
#8742 = ORIENTED_EDGE('',*,*,#8743,.F.);
#8743 = EDGE_CURVE('',#8744,#8736,#8746,.T.);
#8744 = VERTEX_POINT('',#8745);
#8745 = CARTESIAN_POINT('',(-6.15,-0.6,-0.395));
#8746 = CIRCLE('',#8747,0.8);
#8747 = AXIS2_PLACEMENT_3D('',#8748,#8749,#8750);
#8748 = CARTESIAN_POINT('',(-6.15,-0.6,-1.195));
#8749 = DIRECTION('',(1.,0.,-0.));
#8750 = DIRECTION('',(0.,0.,1.));
#8751 = ORIENTED_EDGE('',*,*,#8752,.F.);
#8752 = EDGE_CURVE('',#1910,#8744,#8753,.T.);
#8753 = LINE('',#8754,#8755);
#8754 = CARTESIAN_POINT('',(-6.15,0.5,-0.395));
#8755 = VECTOR('',#8756,1.);
#8756 = DIRECTION('',(0.,-1.,0.));
#8757 = PLANE('',#8758);
#8758 = AXIS2_PLACEMENT_3D('',#8759,#8760,#8761);
#8759 = CARTESIAN_POINT('',(-6.15,0.,0.));
#8760 = DIRECTION('',(1.,0.,0.));
#8761 = DIRECTION('',(0.,-1.,0.));
#8762 = ADVANCED_FACE('',(#8763),#8774,.F.);
#8763 = FACE_BOUND('',#8764,.F.);
#8764 = EDGE_LOOP('',(#8765,#8766,#8767,#8773));
#8765 = ORIENTED_EDGE('',*,*,#8673,.T.);
#8766 = ORIENTED_EDGE('',*,*,#1909,.T.);
#8767 = ORIENTED_EDGE('',*,*,#8768,.F.);
#8768 = EDGE_CURVE('',#914,#1902,#8769,.T.);
#8769 = LINE('',#8770,#8771);
#8770 = CARTESIAN_POINT('',(-6.11,2.,-0.395));
#8771 = VECTOR('',#8772,1.);
#8772 = DIRECTION('',(0.,-1.,0.));
#8773 = ORIENTED_EDGE('',*,*,#913,.F.);
#8774 = PLANE('',#8775);
#8775 = AXIS2_PLACEMENT_3D('',#8776,#8777,#8778);
#8776 = CARTESIAN_POINT('',(-6.59,2.,-0.395));
#8777 = DIRECTION('',(0.,0.,1.));
#8778 = DIRECTION('',(0.,-1.,0.));
#8779 = ADVANCED_FACE('',(#8780),#8786,.F.);
#8780 = FACE_BOUND('',#8781,.F.);
#8781 = EDGE_LOOP('',(#8782,#8783,#8784,#8785));
#8782 = ORIENTED_EDGE('',*,*,#1901,.T.);
#8783 = ORIENTED_EDGE('',*,*,#8658,.T.);
#8784 = ORIENTED_EDGE('',*,*,#921,.F.);
#8785 = ORIENTED_EDGE('',*,*,#8768,.T.);
#8786 = PLANE('',#8787);
#8787 = AXIS2_PLACEMENT_3D('',#8788,#8789,#8790);
#8788 = CARTESIAN_POINT('',(-6.11,0.,0.));
#8789 = DIRECTION('',(1.,0.,0.));
#8790 = DIRECTION('',(0.,-1.,0.));
#8791 = ADVANCED_FACE('',(#8792),#8810,.T.);
#8792 = FACE_BOUND('',#8793,.F.);
#8793 = EDGE_LOOP('',(#8794,#8795,#8803,#8809));
#8794 = ORIENTED_EDGE('',*,*,#905,.F.);
#8795 = ORIENTED_EDGE('',*,*,#8796,.F.);
#8796 = EDGE_CURVE('',#8797,#898,#8799,.T.);
#8797 = VERTEX_POINT('',#8798);
#8798 = CARTESIAN_POINT('',(-6.55,5.26,-0.395));
#8799 = LINE('',#8800,#8801);
#8800 = CARTESIAN_POINT('',(-6.55,5.26,-0.395));
#8801 = VECTOR('',#8802,1.);
#8802 = DIRECTION('',(0.,-1.,0.));
#8803 = ORIENTED_EDGE('',*,*,#8804,.T.);
#8804 = EDGE_CURVE('',#8797,#8680,#8805,.T.);
#8805 = LINE('',#8806,#8807);
#8806 = CARTESIAN_POINT('',(-6.55,5.26,-0.395));
#8807 = VECTOR('',#8808,1.);
#8808 = DIRECTION('',(1.,0.,0.));
#8809 = ORIENTED_EDGE('',*,*,#8679,.T.);
#8810 = PLANE('',#8811);
#8811 = AXIS2_PLACEMENT_3D('',#8812,#8813,#8814);
#8812 = CARTESIAN_POINT('',(-6.55,5.26,-0.395));
#8813 = DIRECTION('',(0.,0.,1.));
#8814 = DIRECTION('',(0.,-1.,0.));
#8815 = ADVANCED_FACE('',(#8816),#8901,.F.);
#8816 = FACE_BOUND('',#8817,.F.);
#8817 = EDGE_LOOP('',(#8818,#8824,#8832,#8841,#8849,#8857,#8865,#8874,
    #8880,#8886,#8894,#8900));
#8818 = ORIENTED_EDGE('',*,*,#8819,.T.);
#8819 = EDGE_CURVE('',#898,#1918,#8820,.T.);
#8820 = LINE('',#8821,#8822);
#8821 = CARTESIAN_POINT('',(-6.55,2.,-0.395));
#8822 = VECTOR('',#8823,1.);
#8823 = DIRECTION('',(0.,-1.,0.));
#8824 = ORIENTED_EDGE('',*,*,#8825,.T.);
#8825 = EDGE_CURVE('',#1918,#8826,#8828,.T.);
#8826 = VERTEX_POINT('',#8827);
#8827 = CARTESIAN_POINT('',(-6.55,-0.6,-0.395));
#8828 = LINE('',#8829,#8830);
#8829 = CARTESIAN_POINT('',(-6.55,0.5,-0.395));
#8830 = VECTOR('',#8831,1.);
#8831 = DIRECTION('',(0.,-1.,0.));
#8832 = ORIENTED_EDGE('',*,*,#8833,.T.);
#8833 = EDGE_CURVE('',#8826,#8834,#8836,.T.);
#8834 = VERTEX_POINT('',#8835);
#8835 = CARTESIAN_POINT('',(-6.55,-1.4,-1.195));
#8836 = CIRCLE('',#8837,0.8);
#8837 = AXIS2_PLACEMENT_3D('',#8838,#8839,#8840);
#8838 = CARTESIAN_POINT('',(-6.55,-0.6,-1.195));
#8839 = DIRECTION('',(1.,0.,-0.));
#8840 = DIRECTION('',(0.,0.,1.));
#8841 = ORIENTED_EDGE('',*,*,#8842,.T.);
#8842 = EDGE_CURVE('',#8834,#8843,#8845,.T.);
#8843 = VERTEX_POINT('',#8844);
#8844 = CARTESIAN_POINT('',(-6.55,-1.4,-4.85));
#8845 = LINE('',#8846,#8847);
#8846 = CARTESIAN_POINT('',(-6.55,-1.4,-1.195));
#8847 = VECTOR('',#8848,1.);
#8848 = DIRECTION('',(0.,0.,-1.));
#8849 = ORIENTED_EDGE('',*,*,#8850,.T.);
#8850 = EDGE_CURVE('',#8843,#8851,#8853,.T.);
#8851 = VERTEX_POINT('',#8852);
#8852 = CARTESIAN_POINT('',(-6.55,-1.,-4.85));
#8853 = LINE('',#8854,#8855);
#8854 = CARTESIAN_POINT('',(-6.55,-1.4,-4.85));
#8855 = VECTOR('',#8856,1.);
#8856 = DIRECTION('',(0.,1.,0.));
#8857 = ORIENTED_EDGE('',*,*,#8858,.T.);
#8858 = EDGE_CURVE('',#8851,#8859,#8861,.T.);
#8859 = VERTEX_POINT('',#8860);
#8860 = CARTESIAN_POINT('',(-6.55,-1.,-1.275));
#8861 = LINE('',#8862,#8863);
#8862 = CARTESIAN_POINT('',(-6.55,-1.,-4.85));
#8863 = VECTOR('',#8864,1.);
#8864 = DIRECTION('',(0.,0.,1.));
#8865 = ORIENTED_EDGE('',*,*,#8866,.T.);
#8866 = EDGE_CURVE('',#8859,#8867,#8869,.T.);
#8867 = VERTEX_POINT('',#8868);
#8868 = CARTESIAN_POINT('',(-6.55,-0.6,-0.875));
#8869 = CIRCLE('',#8870,0.4);
#8870 = AXIS2_PLACEMENT_3D('',#8871,#8872,#8873);
#8871 = CARTESIAN_POINT('',(-6.55,-0.6,-1.275));
#8872 = DIRECTION('',(-1.,0.,0.));
#8873 = DIRECTION('',(0.,-1.,0.));
#8874 = ORIENTED_EDGE('',*,*,#8875,.T.);
#8875 = EDGE_CURVE('',#8867,#1942,#8876,.T.);
#8876 = LINE('',#8877,#8878);
#8877 = CARTESIAN_POINT('',(-6.55,-0.6,-0.875));
#8878 = VECTOR('',#8879,1.);
#8879 = DIRECTION('',(0.,1.,0.));
#8880 = ORIENTED_EDGE('',*,*,#8881,.T.);
#8881 = EDGE_CURVE('',#1942,#882,#8882,.T.);
#8882 = LINE('',#8883,#8884);
#8883 = CARTESIAN_POINT('',(-6.55,0.5,-0.875));
#8884 = VECTOR('',#8885,1.);
#8885 = DIRECTION('',(0.,1.,0.));
#8886 = ORIENTED_EDGE('',*,*,#8887,.T.);
#8887 = EDGE_CURVE('',#882,#8888,#8890,.T.);
#8888 = VERTEX_POINT('',#8889);
#8889 = CARTESIAN_POINT('',(-6.55,5.26,-0.875));
#8890 = LINE('',#8891,#8892);
#8891 = CARTESIAN_POINT('',(-6.55,2.,-0.875));
#8892 = VECTOR('',#8893,1.);
#8893 = DIRECTION('',(0.,1.,0.));
#8894 = ORIENTED_EDGE('',*,*,#8895,.T.);
#8895 = EDGE_CURVE('',#8888,#8797,#8896,.T.);
#8896 = LINE('',#8897,#8898);
#8897 = CARTESIAN_POINT('',(-6.55,5.26,-0.875));
#8898 = VECTOR('',#8899,1.);
#8899 = DIRECTION('',(0.,0.,1.));
#8900 = ORIENTED_EDGE('',*,*,#8796,.T.);
#8901 = PLANE('',#8902);
#8902 = AXIS2_PLACEMENT_3D('',#8903,#8904,#8905);
#8903 = CARTESIAN_POINT('',(-6.55,0.,0.));
#8904 = DIRECTION('',(1.,0.,0.));
#8905 = DIRECTION('',(0.,-1.,0.));
#8906 = ADVANCED_FACE('',(#8907),#8918,.F.);
#8907 = FACE_BOUND('',#8908,.F.);
#8908 = EDGE_LOOP('',(#8909,#8910,#8911,#8917));
#8909 = ORIENTED_EDGE('',*,*,#8819,.F.);
#8910 = ORIENTED_EDGE('',*,*,#897,.F.);
#8911 = ORIENTED_EDGE('',*,*,#8912,.T.);
#8912 = EDGE_CURVE('',#890,#1926,#8913,.T.);
#8913 = LINE('',#8914,#8915);
#8914 = CARTESIAN_POINT('',(-6.59,2.,-0.395));
#8915 = VECTOR('',#8916,1.);
#8916 = DIRECTION('',(0.,-1.,0.));
#8917 = ORIENTED_EDGE('',*,*,#1925,.T.);
#8918 = PLANE('',#8919);
#8919 = AXIS2_PLACEMENT_3D('',#8920,#8921,#8922);
#8920 = CARTESIAN_POINT('',(-6.59,2.,-0.395));
#8921 = DIRECTION('',(0.,0.,1.));
#8922 = DIRECTION('',(0.,-1.,0.));
#8923 = ADVANCED_FACE('',(#8924),#8935,.T.);
#8924 = FACE_BOUND('',#8925,.F.);
#8925 = EDGE_LOOP('',(#8926,#8927,#8928,#8929));
#8926 = ORIENTED_EDGE('',*,*,#1933,.F.);
#8927 = ORIENTED_EDGE('',*,*,#8912,.F.);
#8928 = ORIENTED_EDGE('',*,*,#889,.T.);
#8929 = ORIENTED_EDGE('',*,*,#8930,.F.);
#8930 = EDGE_CURVE('',#1934,#880,#8931,.T.);
#8931 = LINE('',#8932,#8933);
#8932 = CARTESIAN_POINT('',(-6.59,0.5,-0.875));
#8933 = VECTOR('',#8934,1.);
#8934 = DIRECTION('',(0.,1.,0.));
#8935 = PLANE('',#8936);
#8936 = AXIS2_PLACEMENT_3D('',#8937,#8938,#8939);
#8937 = CARTESIAN_POINT('',(-6.59,0.,0.));
#8938 = DIRECTION('',(1.,0.,0.));
#8939 = DIRECTION('',(0.,-1.,0.));
#8940 = ADVANCED_FACE('',(#8941),#8947,.F.);
#8941 = FACE_BOUND('',#8942,.F.);
#8942 = EDGE_LOOP('',(#8943,#8944,#8945,#8946));
#8943 = ORIENTED_EDGE('',*,*,#8881,.F.);
#8944 = ORIENTED_EDGE('',*,*,#1941,.F.);
#8945 = ORIENTED_EDGE('',*,*,#8930,.T.);
#8946 = ORIENTED_EDGE('',*,*,#879,.T.);
#8947 = PLANE('',#8948);
#8948 = AXIS2_PLACEMENT_3D('',#8949,#8950,#8951);
#8949 = CARTESIAN_POINT('',(-6.59,0.,-0.875));
#8950 = DIRECTION('',(0.,0.,-1.));
#8951 = DIRECTION('',(0.,1.,0.));
#8952 = ADVANCED_FACE('',(#8953),#8964,.T.);
#8953 = FACE_BOUND('',#8954,.F.);
#8954 = EDGE_LOOP('',(#8955,#8956,#8957,#8963));
#8955 = ORIENTED_EDGE('',*,*,#1917,.T.);
#8956 = ORIENTED_EDGE('',*,*,#8752,.T.);
#8957 = ORIENTED_EDGE('',*,*,#8958,.F.);
#8958 = EDGE_CURVE('',#8826,#8744,#8959,.T.);
#8959 = LINE('',#8960,#8961);
#8960 = CARTESIAN_POINT('',(-6.55,-0.6,-0.395));
#8961 = VECTOR('',#8962,1.);
#8962 = DIRECTION('',(1.,0.,0.));
#8963 = ORIENTED_EDGE('',*,*,#8825,.F.);
#8964 = PLANE('',#8965);
#8965 = AXIS2_PLACEMENT_3D('',#8966,#8967,#8968);
#8966 = CARTESIAN_POINT('',(-6.55,5.26,-0.395));
#8967 = DIRECTION('',(0.,0.,1.));
#8968 = DIRECTION('',(0.,-1.,0.));
#8969 = ADVANCED_FACE('',(#8970),#8981,.T.);
#8970 = FACE_BOUND('',#8971,.T.);
#8971 = EDGE_LOOP('',(#8972,#8978,#8979,#8980));
#8972 = ORIENTED_EDGE('',*,*,#8973,.T.);
#8973 = EDGE_CURVE('',#8834,#8736,#8974,.T.);
#8974 = LINE('',#8975,#8976);
#8975 = CARTESIAN_POINT('',(-6.55,-1.4,-1.195));
#8976 = VECTOR('',#8977,1.);
#8977 = DIRECTION('',(1.,0.,0.));
#8978 = ORIENTED_EDGE('',*,*,#8743,.F.);
#8979 = ORIENTED_EDGE('',*,*,#8958,.F.);
#8980 = ORIENTED_EDGE('',*,*,#8833,.T.);
#8981 = CYLINDRICAL_SURFACE('',#8982,0.8);
#8982 = AXIS2_PLACEMENT_3D('',#8983,#8984,#8985);
#8983 = CARTESIAN_POINT('',(-6.55,-0.6,-1.195));
#8984 = DIRECTION('',(1.,0.,0.));
#8985 = DIRECTION('',(0.,-1.,0.));
#8986 = ADVANCED_FACE('',(#8987),#8998,.T.);
#8987 = FACE_BOUND('',#8988,.F.);
#8988 = EDGE_LOOP('',(#8989,#8990,#8991,#8992));
#8989 = ORIENTED_EDGE('',*,*,#8842,.F.);
#8990 = ORIENTED_EDGE('',*,*,#8973,.T.);
#8991 = ORIENTED_EDGE('',*,*,#8735,.T.);
#8992 = ORIENTED_EDGE('',*,*,#8993,.F.);
#8993 = EDGE_CURVE('',#8843,#8728,#8994,.T.);
#8994 = LINE('',#8995,#8996);
#8995 = CARTESIAN_POINT('',(-6.55,-1.4,-4.85));
#8996 = VECTOR('',#8997,1.);
#8997 = DIRECTION('',(1.,0.,0.));
#8998 = PLANE('',#8999);
#8999 = AXIS2_PLACEMENT_3D('',#9000,#9001,#9002);
#9000 = CARTESIAN_POINT('',(-6.55,-1.4,-1.195));
#9001 = DIRECTION('',(0.,-1.,0.));
#9002 = DIRECTION('',(0.,0.,-1.));
#9003 = ADVANCED_FACE('',(#9004),#9015,.T.);
#9004 = FACE_BOUND('',#9005,.F.);
#9005 = EDGE_LOOP('',(#9006,#9007,#9008,#9009));
#9006 = ORIENTED_EDGE('',*,*,#8850,.F.);
#9007 = ORIENTED_EDGE('',*,*,#8993,.T.);
#9008 = ORIENTED_EDGE('',*,*,#8727,.T.);
#9009 = ORIENTED_EDGE('',*,*,#9010,.F.);
#9010 = EDGE_CURVE('',#8851,#8720,#9011,.T.);
#9011 = LINE('',#9012,#9013);
#9012 = CARTESIAN_POINT('',(-6.55,-1.,-4.85));
#9013 = VECTOR('',#9014,1.);
#9014 = DIRECTION('',(1.,0.,0.));
#9015 = PLANE('',#9016);
#9016 = AXIS2_PLACEMENT_3D('',#9017,#9018,#9019);
#9017 = CARTESIAN_POINT('',(-6.55,-1.4,-4.85));
#9018 = DIRECTION('',(0.,0.,-1.));
#9019 = DIRECTION('',(0.,1.,0.));
#9020 = ADVANCED_FACE('',(#9021),#9032,.T.);
#9021 = FACE_BOUND('',#9022,.F.);
#9022 = EDGE_LOOP('',(#9023,#9024,#9025,#9026));
#9023 = ORIENTED_EDGE('',*,*,#8858,.F.);
#9024 = ORIENTED_EDGE('',*,*,#9010,.T.);
#9025 = ORIENTED_EDGE('',*,*,#8719,.T.);
#9026 = ORIENTED_EDGE('',*,*,#9027,.F.);
#9027 = EDGE_CURVE('',#8859,#8711,#9028,.T.);
#9028 = LINE('',#9029,#9030);
#9029 = CARTESIAN_POINT('',(-6.55,-1.,-1.275));
#9030 = VECTOR('',#9031,1.);
#9031 = DIRECTION('',(1.,0.,0.));
#9032 = PLANE('',#9033);
#9033 = AXIS2_PLACEMENT_3D('',#9034,#9035,#9036);
#9034 = CARTESIAN_POINT('',(-6.55,-1.,-4.85));
#9035 = DIRECTION('',(0.,1.,0.));
#9036 = DIRECTION('',(0.,-0.,1.));
#9037 = ADVANCED_FACE('',(#9038),#9049,.F.);
#9038 = FACE_BOUND('',#9039,.F.);
#9039 = EDGE_LOOP('',(#9040,#9041,#9042,#9043));
#9040 = ORIENTED_EDGE('',*,*,#8866,.F.);
#9041 = ORIENTED_EDGE('',*,*,#9027,.T.);
#9042 = ORIENTED_EDGE('',*,*,#8710,.T.);
#9043 = ORIENTED_EDGE('',*,*,#9044,.F.);
#9044 = EDGE_CURVE('',#8867,#8703,#9045,.T.);
#9045 = LINE('',#9046,#9047);
#9046 = CARTESIAN_POINT('',(-6.55,-0.6,-0.875));
#9047 = VECTOR('',#9048,1.);
#9048 = DIRECTION('',(1.,0.,0.));
#9049 = CYLINDRICAL_SURFACE('',#9050,0.4);
#9050 = AXIS2_PLACEMENT_3D('',#9051,#9052,#9053);
#9051 = CARTESIAN_POINT('',(-6.55,-0.6,-1.275));
#9052 = DIRECTION('',(1.,0.,0.));
#9053 = DIRECTION('',(0.,-1.,0.));
#9054 = ADVANCED_FACE('',(#9055),#9061,.T.);
#9055 = FACE_BOUND('',#9056,.F.);
#9056 = EDGE_LOOP('',(#9057,#9058,#9059,#9060));
#9057 = ORIENTED_EDGE('',*,*,#1949,.F.);
#9058 = ORIENTED_EDGE('',*,*,#8875,.F.);
#9059 = ORIENTED_EDGE('',*,*,#9044,.T.);
#9060 = ORIENTED_EDGE('',*,*,#8702,.T.);
#9061 = PLANE('',#9062);
#9062 = AXIS2_PLACEMENT_3D('',#9063,#9064,#9065);
#9063 = CARTESIAN_POINT('',(-6.55,-0.6,-0.875));
#9064 = DIRECTION('',(0.,0.,-1.));
#9065 = DIRECTION('',(0.,1.,0.));
#9066 = ADVANCED_FACE('',(#9067),#9078,.T.);
#9067 = FACE_BOUND('',#9068,.F.);
#9068 = EDGE_LOOP('',(#9069,#9070,#9071,#9077));
#9069 = ORIENTED_EDGE('',*,*,#937,.T.);
#9070 = ORIENTED_EDGE('',*,*,#8695,.T.);
#9071 = ORIENTED_EDGE('',*,*,#9072,.F.);
#9072 = EDGE_CURVE('',#8888,#8688,#9073,.T.);
#9073 = LINE('',#9074,#9075);
#9074 = CARTESIAN_POINT('',(-6.55,5.26,-0.875));
#9075 = VECTOR('',#9076,1.);
#9076 = DIRECTION('',(1.,0.,0.));
#9077 = ORIENTED_EDGE('',*,*,#8887,.F.);
#9078 = PLANE('',#9079);
#9079 = AXIS2_PLACEMENT_3D('',#9080,#9081,#9082);
#9080 = CARTESIAN_POINT('',(-6.55,-0.6,-0.875));
#9081 = DIRECTION('',(0.,0.,-1.));
#9082 = DIRECTION('',(0.,1.,0.));
#9083 = ADVANCED_FACE('',(#9084),#9090,.T.);
#9084 = FACE_BOUND('',#9085,.F.);
#9085 = EDGE_LOOP('',(#9086,#9087,#9088,#9089));
#9086 = ORIENTED_EDGE('',*,*,#8895,.F.);
#9087 = ORIENTED_EDGE('',*,*,#9072,.T.);
#9088 = ORIENTED_EDGE('',*,*,#8687,.T.);
#9089 = ORIENTED_EDGE('',*,*,#8804,.F.);
#9090 = PLANE('',#9091);
#9091 = AXIS2_PLACEMENT_3D('',#9092,#9093,#9094);
#9092 = CARTESIAN_POINT('',(-6.55,5.26,-0.875));
#9093 = DIRECTION('',(0.,1.,0.));
#9094 = DIRECTION('',(0.,-0.,1.));
#9095 = ADVANCED_FACE('',(#9096),#9112,.F.);
#9096 = FACE_BOUND('',#9097,.F.);
#9097 = EDGE_LOOP('',(#9098,#9104,#9105,#9111));
#9098 = ORIENTED_EDGE('',*,*,#9099,.T.);
#9099 = EDGE_CURVE('',#1958,#996,#9100,.T.);
#9100 = LINE('',#9101,#9102);
#9101 = CARTESIAN_POINT('',(-6.15,0.5,0.395));
#9102 = VECTOR('',#9103,1.);
#9103 = DIRECTION('',(0.,1.,0.));
#9104 = ORIENTED_EDGE('',*,*,#995,.T.);
#9105 = ORIENTED_EDGE('',*,*,#9106,.F.);
#9106 = EDGE_CURVE('',#1960,#988,#9107,.T.);
#9107 = LINE('',#9108,#9109);
#9108 = CARTESIAN_POINT('',(-6.11,0.5,0.395));
#9109 = VECTOR('',#9110,1.);
#9110 = DIRECTION('',(0.,1.,0.));
#9111 = ORIENTED_EDGE('',*,*,#1957,.F.);
#9112 = PLANE('',#9113);
#9113 = AXIS2_PLACEMENT_3D('',#9114,#9115,#9116);
#9114 = CARTESIAN_POINT('',(-6.59,0.,0.395));
#9115 = DIRECTION('',(0.,0.,-1.));
#9116 = DIRECTION('',(0.,1.,0.));
#9117 = ADVANCED_FACE('',(#9118),#9205,.T.);
#9118 = FACE_BOUND('',#9119,.F.);
#9119 = EDGE_LOOP('',(#9120,#9126,#9134,#9142,#9148,#9149,#9157,#9166,
    #9174,#9182,#9190,#9199));
#9120 = ORIENTED_EDGE('',*,*,#9121,.F.);
#9121 = EDGE_CURVE('',#972,#1976,#9122,.T.);
#9122 = LINE('',#9123,#9124);
#9123 = CARTESIAN_POINT('',(-6.15,2.,0.875));
#9124 = VECTOR('',#9125,1.);
#9125 = DIRECTION('',(0.,-1.,0.));
#9126 = ORIENTED_EDGE('',*,*,#9127,.F.);
#9127 = EDGE_CURVE('',#9128,#972,#9130,.T.);
#9128 = VERTEX_POINT('',#9129);
#9129 = CARTESIAN_POINT('',(-6.15,5.26,0.875));
#9130 = LINE('',#9131,#9132);
#9131 = CARTESIAN_POINT('',(-6.15,5.26,0.875));
#9132 = VECTOR('',#9133,1.);
#9133 = DIRECTION('',(0.,-1.,0.));
#9134 = ORIENTED_EDGE('',*,*,#9135,.F.);
#9135 = EDGE_CURVE('',#9136,#9128,#9138,.T.);
#9136 = VERTEX_POINT('',#9137);
#9137 = CARTESIAN_POINT('',(-6.15,5.26,0.395));
#9138 = LINE('',#9139,#9140);
#9139 = CARTESIAN_POINT('',(-6.15,5.26,0.395));
#9140 = VECTOR('',#9141,1.);
#9141 = DIRECTION('',(0.,0.,1.));
#9142 = ORIENTED_EDGE('',*,*,#9143,.F.);
#9143 = EDGE_CURVE('',#996,#9136,#9144,.T.);
#9144 = LINE('',#9145,#9146);
#9145 = CARTESIAN_POINT('',(-6.15,2.,0.395));
#9146 = VECTOR('',#9147,1.);
#9147 = DIRECTION('',(0.,1.,0.));
#9148 = ORIENTED_EDGE('',*,*,#9099,.F.);
#9149 = ORIENTED_EDGE('',*,*,#9150,.F.);
#9150 = EDGE_CURVE('',#9151,#1958,#9153,.T.);
#9151 = VERTEX_POINT('',#9152);
#9152 = CARTESIAN_POINT('',(-6.15,-1.87,0.395));
#9153 = LINE('',#9154,#9155);
#9154 = CARTESIAN_POINT('',(-6.15,-1.87,0.395));
#9155 = VECTOR('',#9156,1.);
#9156 = DIRECTION('',(0.,1.,0.));
#9157 = ORIENTED_EDGE('',*,*,#9158,.F.);
#9158 = EDGE_CURVE('',#9159,#9151,#9161,.T.);
#9159 = VERTEX_POINT('',#9160);
#9160 = CARTESIAN_POINT('',(-6.15,-2.27,-5.E-03));
#9161 = CIRCLE('',#9162,0.4);
#9162 = AXIS2_PLACEMENT_3D('',#9163,#9164,#9165);
#9163 = CARTESIAN_POINT('',(-6.15,-1.87,-5.E-03));
#9164 = DIRECTION('',(-1.,0.,0.));
#9165 = DIRECTION('',(0.,-1.,0.));
#9166 = ORIENTED_EDGE('',*,*,#9167,.F.);
#9167 = EDGE_CURVE('',#9168,#9159,#9170,.T.);
#9168 = VERTEX_POINT('',#9169);
#9169 = CARTESIAN_POINT('',(-6.15,-2.27,-4.85));
#9170 = LINE('',#9171,#9172);
#9171 = CARTESIAN_POINT('',(-6.15,-2.27,-4.85));
#9172 = VECTOR('',#9173,1.);
#9173 = DIRECTION('',(0.,0.,1.));
#9174 = ORIENTED_EDGE('',*,*,#9175,.F.);
#9175 = EDGE_CURVE('',#9176,#9168,#9178,.T.);
#9176 = VERTEX_POINT('',#9177);
#9177 = CARTESIAN_POINT('',(-6.15,-2.67,-4.85));
#9178 = LINE('',#9179,#9180);
#9179 = CARTESIAN_POINT('',(-6.15,-2.67,-4.85));
#9180 = VECTOR('',#9181,1.);
#9181 = DIRECTION('',(0.,1.,0.));
#9182 = ORIENTED_EDGE('',*,*,#9183,.F.);
#9183 = EDGE_CURVE('',#9184,#9176,#9186,.T.);
#9184 = VERTEX_POINT('',#9185);
#9185 = CARTESIAN_POINT('',(-6.15,-2.67,7.5E-02));
#9186 = LINE('',#9187,#9188);
#9187 = CARTESIAN_POINT('',(-6.15,-2.67,7.5E-02));
#9188 = VECTOR('',#9189,1.);
#9189 = DIRECTION('',(0.,0.,-1.));
#9190 = ORIENTED_EDGE('',*,*,#9191,.F.);
#9191 = EDGE_CURVE('',#9192,#9184,#9194,.T.);
#9192 = VERTEX_POINT('',#9193);
#9193 = CARTESIAN_POINT('',(-6.15,-1.87,0.875));
#9194 = CIRCLE('',#9195,0.8);
#9195 = AXIS2_PLACEMENT_3D('',#9196,#9197,#9198);
#9196 = CARTESIAN_POINT('',(-6.15,-1.87,7.5E-02));
#9197 = DIRECTION('',(1.,0.,-0.));
#9198 = DIRECTION('',(0.,0.,1.));
#9199 = ORIENTED_EDGE('',*,*,#9200,.F.);
#9200 = EDGE_CURVE('',#1976,#9192,#9201,.T.);
#9201 = LINE('',#9202,#9203);
#9202 = CARTESIAN_POINT('',(-6.15,0.5,0.875));
#9203 = VECTOR('',#9204,1.);
#9204 = DIRECTION('',(0.,-1.,0.));
#9205 = PLANE('',#9206);
#9206 = AXIS2_PLACEMENT_3D('',#9207,#9208,#9209);
#9207 = CARTESIAN_POINT('',(-6.15,0.,0.));
#9208 = DIRECTION('',(1.,0.,0.));
#9209 = DIRECTION('',(0.,-1.,0.));
#9210 = ADVANCED_FACE('',(#9211),#9222,.F.);
#9211 = FACE_BOUND('',#9212,.F.);
#9212 = EDGE_LOOP('',(#9213,#9214,#9215,#9221));
#9213 = ORIENTED_EDGE('',*,*,#9121,.T.);
#9214 = ORIENTED_EDGE('',*,*,#1975,.T.);
#9215 = ORIENTED_EDGE('',*,*,#9216,.F.);
#9216 = EDGE_CURVE('',#980,#1968,#9217,.T.);
#9217 = LINE('',#9218,#9219);
#9218 = CARTESIAN_POINT('',(-6.11,2.,0.875));
#9219 = VECTOR('',#9220,1.);
#9220 = DIRECTION('',(0.,-1.,0.));
#9221 = ORIENTED_EDGE('',*,*,#979,.F.);
#9222 = PLANE('',#9223);
#9223 = AXIS2_PLACEMENT_3D('',#9224,#9225,#9226);
#9224 = CARTESIAN_POINT('',(-6.59,2.,0.875));
#9225 = DIRECTION('',(0.,0.,1.));
#9226 = DIRECTION('',(0.,-1.,0.));
#9227 = ADVANCED_FACE('',(#9228),#9234,.F.);
#9228 = FACE_BOUND('',#9229,.F.);
#9229 = EDGE_LOOP('',(#9230,#9231,#9232,#9233));
#9230 = ORIENTED_EDGE('',*,*,#1967,.T.);
#9231 = ORIENTED_EDGE('',*,*,#9106,.T.);
#9232 = ORIENTED_EDGE('',*,*,#987,.F.);
#9233 = ORIENTED_EDGE('',*,*,#9216,.T.);
#9234 = PLANE('',#9235);
#9235 = AXIS2_PLACEMENT_3D('',#9236,#9237,#9238);
#9236 = CARTESIAN_POINT('',(-6.11,0.,0.));
#9237 = DIRECTION('',(1.,0.,0.));
#9238 = DIRECTION('',(0.,-1.,0.));
#9239 = ADVANCED_FACE('',(#9240),#9258,.T.);
#9240 = FACE_BOUND('',#9241,.F.);
#9241 = EDGE_LOOP('',(#9242,#9243,#9251,#9257));
#9242 = ORIENTED_EDGE('',*,*,#971,.F.);
#9243 = ORIENTED_EDGE('',*,*,#9244,.F.);
#9244 = EDGE_CURVE('',#9245,#964,#9247,.T.);
#9245 = VERTEX_POINT('',#9246);
#9246 = CARTESIAN_POINT('',(-6.55,5.26,0.875));
#9247 = LINE('',#9248,#9249);
#9248 = CARTESIAN_POINT('',(-6.55,5.26,0.875));
#9249 = VECTOR('',#9250,1.);
#9250 = DIRECTION('',(0.,-1.,0.));
#9251 = ORIENTED_EDGE('',*,*,#9252,.T.);
#9252 = EDGE_CURVE('',#9245,#9128,#9253,.T.);
#9253 = LINE('',#9254,#9255);
#9254 = CARTESIAN_POINT('',(-6.55,5.26,0.875));
#9255 = VECTOR('',#9256,1.);
#9256 = DIRECTION('',(1.,0.,0.));
#9257 = ORIENTED_EDGE('',*,*,#9127,.T.);
#9258 = PLANE('',#9259);
#9259 = AXIS2_PLACEMENT_3D('',#9260,#9261,#9262);
#9260 = CARTESIAN_POINT('',(-6.55,5.26,0.875));
#9261 = DIRECTION('',(0.,0.,1.));
#9262 = DIRECTION('',(0.,-1.,0.));
#9263 = ADVANCED_FACE('',(#9264),#9349,.F.);
#9264 = FACE_BOUND('',#9265,.F.);
#9265 = EDGE_LOOP('',(#9266,#9272,#9280,#9289,#9297,#9305,#9313,#9322,
    #9328,#9334,#9342,#9348));
#9266 = ORIENTED_EDGE('',*,*,#9267,.T.);
#9267 = EDGE_CURVE('',#964,#1984,#9268,.T.);
#9268 = LINE('',#9269,#9270);
#9269 = CARTESIAN_POINT('',(-6.55,2.,0.875));
#9270 = VECTOR('',#9271,1.);
#9271 = DIRECTION('',(0.,-1.,0.));
#9272 = ORIENTED_EDGE('',*,*,#9273,.T.);
#9273 = EDGE_CURVE('',#1984,#9274,#9276,.T.);
#9274 = VERTEX_POINT('',#9275);
#9275 = CARTESIAN_POINT('',(-6.55,-1.87,0.875));
#9276 = LINE('',#9277,#9278);
#9277 = CARTESIAN_POINT('',(-6.55,0.5,0.875));
#9278 = VECTOR('',#9279,1.);
#9279 = DIRECTION('',(0.,-1.,0.));
#9280 = ORIENTED_EDGE('',*,*,#9281,.T.);
#9281 = EDGE_CURVE('',#9274,#9282,#9284,.T.);
#9282 = VERTEX_POINT('',#9283);
#9283 = CARTESIAN_POINT('',(-6.55,-2.67,7.5E-02));
#9284 = CIRCLE('',#9285,0.8);
#9285 = AXIS2_PLACEMENT_3D('',#9286,#9287,#9288);
#9286 = CARTESIAN_POINT('',(-6.55,-1.87,7.5E-02));
#9287 = DIRECTION('',(1.,0.,-0.));
#9288 = DIRECTION('',(0.,0.,1.));
#9289 = ORIENTED_EDGE('',*,*,#9290,.T.);
#9290 = EDGE_CURVE('',#9282,#9291,#9293,.T.);
#9291 = VERTEX_POINT('',#9292);
#9292 = CARTESIAN_POINT('',(-6.55,-2.67,-4.85));
#9293 = LINE('',#9294,#9295);
#9294 = CARTESIAN_POINT('',(-6.55,-2.67,7.5E-02));
#9295 = VECTOR('',#9296,1.);
#9296 = DIRECTION('',(0.,0.,-1.));
#9297 = ORIENTED_EDGE('',*,*,#9298,.T.);
#9298 = EDGE_CURVE('',#9291,#9299,#9301,.T.);
#9299 = VERTEX_POINT('',#9300);
#9300 = CARTESIAN_POINT('',(-6.55,-2.27,-4.85));
#9301 = LINE('',#9302,#9303);
#9302 = CARTESIAN_POINT('',(-6.55,-2.67,-4.85));
#9303 = VECTOR('',#9304,1.);
#9304 = DIRECTION('',(0.,1.,0.));
#9305 = ORIENTED_EDGE('',*,*,#9306,.T.);
#9306 = EDGE_CURVE('',#9299,#9307,#9309,.T.);
#9307 = VERTEX_POINT('',#9308);
#9308 = CARTESIAN_POINT('',(-6.55,-2.27,-5.E-03));
#9309 = LINE('',#9310,#9311);
#9310 = CARTESIAN_POINT('',(-6.55,-2.27,-4.85));
#9311 = VECTOR('',#9312,1.);
#9312 = DIRECTION('',(0.,0.,1.));
#9313 = ORIENTED_EDGE('',*,*,#9314,.T.);
#9314 = EDGE_CURVE('',#9307,#9315,#9317,.T.);
#9315 = VERTEX_POINT('',#9316);
#9316 = CARTESIAN_POINT('',(-6.55,-1.87,0.395));
#9317 = CIRCLE('',#9318,0.4);
#9318 = AXIS2_PLACEMENT_3D('',#9319,#9320,#9321);
#9319 = CARTESIAN_POINT('',(-6.55,-1.87,-5.E-03));
#9320 = DIRECTION('',(-1.,0.,0.));
#9321 = DIRECTION('',(0.,-1.,0.));
#9322 = ORIENTED_EDGE('',*,*,#9323,.T.);
#9323 = EDGE_CURVE('',#9315,#2008,#9324,.T.);
#9324 = LINE('',#9325,#9326);
#9325 = CARTESIAN_POINT('',(-6.55,-1.87,0.395));
#9326 = VECTOR('',#9327,1.);
#9327 = DIRECTION('',(0.,1.,0.));
#9328 = ORIENTED_EDGE('',*,*,#9329,.T.);
#9329 = EDGE_CURVE('',#2008,#948,#9330,.T.);
#9330 = LINE('',#9331,#9332);
#9331 = CARTESIAN_POINT('',(-6.55,0.5,0.395));
#9332 = VECTOR('',#9333,1.);
#9333 = DIRECTION('',(0.,1.,0.));
#9334 = ORIENTED_EDGE('',*,*,#9335,.T.);
#9335 = EDGE_CURVE('',#948,#9336,#9338,.T.);
#9336 = VERTEX_POINT('',#9337);
#9337 = CARTESIAN_POINT('',(-6.55,5.26,0.395));
#9338 = LINE('',#9339,#9340);
#9339 = CARTESIAN_POINT('',(-6.55,2.,0.395));
#9340 = VECTOR('',#9341,1.);
#9341 = DIRECTION('',(0.,1.,0.));
#9342 = ORIENTED_EDGE('',*,*,#9343,.T.);
#9343 = EDGE_CURVE('',#9336,#9245,#9344,.T.);
#9344 = LINE('',#9345,#9346);
#9345 = CARTESIAN_POINT('',(-6.55,5.26,0.395));
#9346 = VECTOR('',#9347,1.);
#9347 = DIRECTION('',(0.,0.,1.));
#9348 = ORIENTED_EDGE('',*,*,#9244,.T.);
#9349 = PLANE('',#9350);
#9350 = AXIS2_PLACEMENT_3D('',#9351,#9352,#9353);
#9351 = CARTESIAN_POINT('',(-6.55,0.,0.));
#9352 = DIRECTION('',(1.,0.,0.));
#9353 = DIRECTION('',(0.,-1.,0.));
#9354 = ADVANCED_FACE('',(#9355),#9366,.F.);
#9355 = FACE_BOUND('',#9356,.F.);
#9356 = EDGE_LOOP('',(#9357,#9358,#9359,#9365));
#9357 = ORIENTED_EDGE('',*,*,#9267,.F.);
#9358 = ORIENTED_EDGE('',*,*,#963,.F.);
#9359 = ORIENTED_EDGE('',*,*,#9360,.T.);
#9360 = EDGE_CURVE('',#956,#1992,#9361,.T.);
#9361 = LINE('',#9362,#9363);
#9362 = CARTESIAN_POINT('',(-6.59,2.,0.875));
#9363 = VECTOR('',#9364,1.);
#9364 = DIRECTION('',(0.,-1.,0.));
#9365 = ORIENTED_EDGE('',*,*,#1991,.T.);
#9366 = PLANE('',#9367);
#9367 = AXIS2_PLACEMENT_3D('',#9368,#9369,#9370);
#9368 = CARTESIAN_POINT('',(-6.59,2.,0.875));
#9369 = DIRECTION('',(0.,0.,1.));
#9370 = DIRECTION('',(0.,-1.,0.));
#9371 = ADVANCED_FACE('',(#9372),#9383,.T.);
#9372 = FACE_BOUND('',#9373,.F.);
#9373 = EDGE_LOOP('',(#9374,#9375,#9376,#9377));
#9374 = ORIENTED_EDGE('',*,*,#1999,.F.);
#9375 = ORIENTED_EDGE('',*,*,#9360,.F.);
#9376 = ORIENTED_EDGE('',*,*,#955,.T.);
#9377 = ORIENTED_EDGE('',*,*,#9378,.F.);
#9378 = EDGE_CURVE('',#2000,#946,#9379,.T.);
#9379 = LINE('',#9380,#9381);
#9380 = CARTESIAN_POINT('',(-6.59,0.5,0.395));
#9381 = VECTOR('',#9382,1.);
#9382 = DIRECTION('',(0.,1.,0.));
#9383 = PLANE('',#9384);
#9384 = AXIS2_PLACEMENT_3D('',#9385,#9386,#9387);
#9385 = CARTESIAN_POINT('',(-6.59,0.,0.));
#9386 = DIRECTION('',(1.,0.,0.));
#9387 = DIRECTION('',(0.,-1.,0.));
#9388 = ADVANCED_FACE('',(#9389),#9395,.F.);
#9389 = FACE_BOUND('',#9390,.F.);
#9390 = EDGE_LOOP('',(#9391,#9392,#9393,#9394));
#9391 = ORIENTED_EDGE('',*,*,#9329,.F.);
#9392 = ORIENTED_EDGE('',*,*,#2007,.F.);
#9393 = ORIENTED_EDGE('',*,*,#9378,.T.);
#9394 = ORIENTED_EDGE('',*,*,#945,.T.);
#9395 = PLANE('',#9396);
#9396 = AXIS2_PLACEMENT_3D('',#9397,#9398,#9399);
#9397 = CARTESIAN_POINT('',(-6.59,0.,0.395));
#9398 = DIRECTION('',(0.,0.,-1.));
#9399 = DIRECTION('',(0.,1.,0.));
#9400 = ADVANCED_FACE('',(#9401),#9412,.T.);
#9401 = FACE_BOUND('',#9402,.F.);
#9402 = EDGE_LOOP('',(#9403,#9404,#9405,#9411));
#9403 = ORIENTED_EDGE('',*,*,#1983,.T.);
#9404 = ORIENTED_EDGE('',*,*,#9200,.T.);
#9405 = ORIENTED_EDGE('',*,*,#9406,.F.);
#9406 = EDGE_CURVE('',#9274,#9192,#9407,.T.);
#9407 = LINE('',#9408,#9409);
#9408 = CARTESIAN_POINT('',(-6.55,-1.87,0.875));
#9409 = VECTOR('',#9410,1.);
#9410 = DIRECTION('',(1.,0.,0.));
#9411 = ORIENTED_EDGE('',*,*,#9273,.F.);
#9412 = PLANE('',#9413);
#9413 = AXIS2_PLACEMENT_3D('',#9414,#9415,#9416);
#9414 = CARTESIAN_POINT('',(-6.55,5.26,0.875));
#9415 = DIRECTION('',(0.,0.,1.));
#9416 = DIRECTION('',(0.,-1.,0.));
#9417 = ADVANCED_FACE('',(#9418),#9429,.T.);
#9418 = FACE_BOUND('',#9419,.T.);
#9419 = EDGE_LOOP('',(#9420,#9426,#9427,#9428));
#9420 = ORIENTED_EDGE('',*,*,#9421,.T.);
#9421 = EDGE_CURVE('',#9282,#9184,#9422,.T.);
#9422 = LINE('',#9423,#9424);
#9423 = CARTESIAN_POINT('',(-6.55,-2.67,7.5E-02));
#9424 = VECTOR('',#9425,1.);
#9425 = DIRECTION('',(1.,0.,0.));
#9426 = ORIENTED_EDGE('',*,*,#9191,.F.);
#9427 = ORIENTED_EDGE('',*,*,#9406,.F.);
#9428 = ORIENTED_EDGE('',*,*,#9281,.T.);
#9429 = CYLINDRICAL_SURFACE('',#9430,0.8);
#9430 = AXIS2_PLACEMENT_3D('',#9431,#9432,#9433);
#9431 = CARTESIAN_POINT('',(-6.55,-1.87,7.5E-02));
#9432 = DIRECTION('',(1.,0.,0.));
#9433 = DIRECTION('',(0.,-1.,0.));
#9434 = ADVANCED_FACE('',(#9435),#9446,.T.);
#9435 = FACE_BOUND('',#9436,.F.);
#9436 = EDGE_LOOP('',(#9437,#9438,#9439,#9440));
#9437 = ORIENTED_EDGE('',*,*,#9290,.F.);
#9438 = ORIENTED_EDGE('',*,*,#9421,.T.);
#9439 = ORIENTED_EDGE('',*,*,#9183,.T.);
#9440 = ORIENTED_EDGE('',*,*,#9441,.F.);
#9441 = EDGE_CURVE('',#9291,#9176,#9442,.T.);
#9442 = LINE('',#9443,#9444);
#9443 = CARTESIAN_POINT('',(-6.55,-2.67,-4.85));
#9444 = VECTOR('',#9445,1.);
#9445 = DIRECTION('',(1.,0.,0.));
#9446 = PLANE('',#9447);
#9447 = AXIS2_PLACEMENT_3D('',#9448,#9449,#9450);
#9448 = CARTESIAN_POINT('',(-6.55,-2.67,7.5E-02));
#9449 = DIRECTION('',(0.,-1.,0.));
#9450 = DIRECTION('',(0.,0.,-1.));
#9451 = ADVANCED_FACE('',(#9452),#9463,.T.);
#9452 = FACE_BOUND('',#9453,.F.);
#9453 = EDGE_LOOP('',(#9454,#9455,#9456,#9457));
#9454 = ORIENTED_EDGE('',*,*,#9298,.F.);
#9455 = ORIENTED_EDGE('',*,*,#9441,.T.);
#9456 = ORIENTED_EDGE('',*,*,#9175,.T.);
#9457 = ORIENTED_EDGE('',*,*,#9458,.F.);
#9458 = EDGE_CURVE('',#9299,#9168,#9459,.T.);
#9459 = LINE('',#9460,#9461);
#9460 = CARTESIAN_POINT('',(-6.55,-2.27,-4.85));
#9461 = VECTOR('',#9462,1.);
#9462 = DIRECTION('',(1.,0.,0.));
#9463 = PLANE('',#9464);
#9464 = AXIS2_PLACEMENT_3D('',#9465,#9466,#9467);
#9465 = CARTESIAN_POINT('',(-6.55,-2.67,-4.85));
#9466 = DIRECTION('',(0.,0.,-1.));
#9467 = DIRECTION('',(0.,1.,0.));
#9468 = ADVANCED_FACE('',(#9469),#9480,.T.);
#9469 = FACE_BOUND('',#9470,.F.);
#9470 = EDGE_LOOP('',(#9471,#9472,#9473,#9474));
#9471 = ORIENTED_EDGE('',*,*,#9306,.F.);
#9472 = ORIENTED_EDGE('',*,*,#9458,.T.);
#9473 = ORIENTED_EDGE('',*,*,#9167,.T.);
#9474 = ORIENTED_EDGE('',*,*,#9475,.F.);
#9475 = EDGE_CURVE('',#9307,#9159,#9476,.T.);
#9476 = LINE('',#9477,#9478);
#9477 = CARTESIAN_POINT('',(-6.55,-2.27,-5.E-03));
#9478 = VECTOR('',#9479,1.);
#9479 = DIRECTION('',(1.,0.,0.));
#9480 = PLANE('',#9481);
#9481 = AXIS2_PLACEMENT_3D('',#9482,#9483,#9484);
#9482 = CARTESIAN_POINT('',(-6.55,-2.27,-4.85));
#9483 = DIRECTION('',(0.,1.,0.));
#9484 = DIRECTION('',(0.,-0.,1.));
#9485 = ADVANCED_FACE('',(#9486),#9497,.F.);
#9486 = FACE_BOUND('',#9487,.F.);
#9487 = EDGE_LOOP('',(#9488,#9489,#9490,#9491));
#9488 = ORIENTED_EDGE('',*,*,#9314,.F.);
#9489 = ORIENTED_EDGE('',*,*,#9475,.T.);
#9490 = ORIENTED_EDGE('',*,*,#9158,.T.);
#9491 = ORIENTED_EDGE('',*,*,#9492,.F.);
#9492 = EDGE_CURVE('',#9315,#9151,#9493,.T.);
#9493 = LINE('',#9494,#9495);
#9494 = CARTESIAN_POINT('',(-6.55,-1.87,0.395));
#9495 = VECTOR('',#9496,1.);
#9496 = DIRECTION('',(1.,0.,0.));
#9497 = CYLINDRICAL_SURFACE('',#9498,0.4);
#9498 = AXIS2_PLACEMENT_3D('',#9499,#9500,#9501);
#9499 = CARTESIAN_POINT('',(-6.55,-1.87,-5.E-03));
#9500 = DIRECTION('',(1.,0.,0.));
#9501 = DIRECTION('',(0.,-1.,0.));
#9502 = ADVANCED_FACE('',(#9503),#9509,.T.);
#9503 = FACE_BOUND('',#9504,.F.);
#9504 = EDGE_LOOP('',(#9505,#9506,#9507,#9508));
#9505 = ORIENTED_EDGE('',*,*,#2015,.F.);
#9506 = ORIENTED_EDGE('',*,*,#9323,.F.);
#9507 = ORIENTED_EDGE('',*,*,#9492,.T.);
#9508 = ORIENTED_EDGE('',*,*,#9150,.T.);
#9509 = PLANE('',#9510);
#9510 = AXIS2_PLACEMENT_3D('',#9511,#9512,#9513);
#9511 = CARTESIAN_POINT('',(-6.55,-1.87,0.395));
#9512 = DIRECTION('',(0.,0.,-1.));
#9513 = DIRECTION('',(0.,1.,0.));
#9514 = ADVANCED_FACE('',(#9515),#9526,.T.);
#9515 = FACE_BOUND('',#9516,.F.);
#9516 = EDGE_LOOP('',(#9517,#9518,#9519,#9525));
#9517 = ORIENTED_EDGE('',*,*,#1003,.T.);
#9518 = ORIENTED_EDGE('',*,*,#9143,.T.);
#9519 = ORIENTED_EDGE('',*,*,#9520,.F.);
#9520 = EDGE_CURVE('',#9336,#9136,#9521,.T.);
#9521 = LINE('',#9522,#9523);
#9522 = CARTESIAN_POINT('',(-6.55,5.26,0.395));
#9523 = VECTOR('',#9524,1.);
#9524 = DIRECTION('',(1.,0.,0.));
#9525 = ORIENTED_EDGE('',*,*,#9335,.F.);
#9526 = PLANE('',#9527);
#9527 = AXIS2_PLACEMENT_3D('',#9528,#9529,#9530);
#9528 = CARTESIAN_POINT('',(-6.55,-1.87,0.395));
#9529 = DIRECTION('',(0.,0.,-1.));
#9530 = DIRECTION('',(0.,1.,0.));
#9531 = ADVANCED_FACE('',(#9532),#9538,.T.);
#9532 = FACE_BOUND('',#9533,.F.);
#9533 = EDGE_LOOP('',(#9534,#9535,#9536,#9537));
#9534 = ORIENTED_EDGE('',*,*,#9343,.F.);
#9535 = ORIENTED_EDGE('',*,*,#9520,.T.);
#9536 = ORIENTED_EDGE('',*,*,#9135,.T.);
#9537 = ORIENTED_EDGE('',*,*,#9252,.F.);
#9538 = PLANE('',#9539);
#9539 = AXIS2_PLACEMENT_3D('',#9540,#9541,#9542);
#9540 = CARTESIAN_POINT('',(-6.55,5.26,0.395));
#9541 = DIRECTION('',(0.,1.,0.));
#9542 = DIRECTION('',(0.,-0.,1.));
#9543 = ADVANCED_FACE('',(#9544),#9550,.T.);
#9544 = FACE_BOUND('',#9545,.F.);
#9545 = EDGE_LOOP('',(#9546,#9547,#9548,#9549));
#9546 = ORIENTED_EDGE('',*,*,#1626,.F.);
#9547 = ORIENTED_EDGE('',*,*,#1865,.T.);
#9548 = ORIENTED_EDGE('',*,*,#1238,.T.);
#9549 = ORIENTED_EDGE('',*,*,#1340,.F.);
#9550 = PLANE('',#9551);
#9551 = AXIS2_PLACEMENT_3D('',#9552,#9553,#9554);
#9552 = CARTESIAN_POINT('',(-10.135,0.,-2.55));
#9553 = DIRECTION('',(-1.,0.,0.));
#9554 = DIRECTION('',(0.,0.,1.));
#9555 = ADVANCED_FACE('',(#9556),#9568,.F.);
#9556 = FACE_BOUND('',#9557,.F.);
#9557 = EDGE_LOOP('',(#9558,#9564,#9565,#9566,#9567));
#9558 = ORIENTED_EDGE('',*,*,#9559,.F.);
#9559 = EDGE_CURVE('',#1200,#64,#9560,.T.);
#9560 = LINE('',#9561,#9562);
#9561 = CARTESIAN_POINT('',(-1.34,5.1,1.8));
#9562 = VECTOR('',#9563,1.);
#9563 = DIRECTION('',(0.,-1.,0.));
#9564 = ORIENTED_EDGE('',*,*,#1199,.F.);
#9565 = ORIENTED_EDGE('',*,*,#1270,.F.);
#9566 = ORIENTED_EDGE('',*,*,#1349,.T.);
#9567 = ORIENTED_EDGE('',*,*,#71,.T.);
#9568 = PLANE('',#9569);
#9569 = AXIS2_PLACEMENT_3D('',#9570,#9571,#9572);
#9570 = CARTESIAN_POINT('',(-1.34,5.4,2.55));
#9571 = DIRECTION('',(1.,0.,0.));
#9572 = DIRECTION('',(0.,0.,-1.));
#9573 = ADVANCED_FACE('',(#9574),#9585,.F.);
#9574 = FACE_BOUND('',#9575,.F.);
#9575 = EDGE_LOOP('',(#9576,#9577,#9578,#9584));
#9576 = ORIENTED_EDGE('',*,*,#9559,.T.);
#9577 = ORIENTED_EDGE('',*,*,#63,.T.);
#9578 = ORIENTED_EDGE('',*,*,#9579,.F.);
#9579 = EDGE_CURVE('',#1162,#56,#9580,.T.);
#9580 = LINE('',#9581,#9582);
#9581 = CARTESIAN_POINT('',(4.305,5.1,1.8));
#9582 = VECTOR('',#9583,1.);
#9583 = DIRECTION('',(0.,-1.,0.));
#9584 = ORIENTED_EDGE('',*,*,#1207,.T.);
#9585 = PLANE('',#9586);
#9586 = AXIS2_PLACEMENT_3D('',#9587,#9588,#9589);
#9587 = CARTESIAN_POINT('',(-1.34,5.4,1.8));
#9588 = DIRECTION('',(0.,0.,1.));
#9589 = DIRECTION('',(1.,0.,-0.));
#9590 = ADVANCED_FACE('',(#9591),#9597,.F.);
#9591 = FACE_BOUND('',#9592,.F.);
#9592 = EDGE_LOOP('',(#9593,#9594,#9595,#9596));
#9593 = ORIENTED_EDGE('',*,*,#9579,.T.);
#9594 = ORIENTED_EDGE('',*,*,#55,.T.);
#9595 = ORIENTED_EDGE('',*,*,#1113,.F.);
#9596 = ORIENTED_EDGE('',*,*,#1169,.T.);
#9597 = PLANE('',#9598);
#9598 = AXIS2_PLACEMENT_3D('',#9599,#9600,#9601);
#9599 = CARTESIAN_POINT('',(4.305,5.4,1.8));
#9600 = DIRECTION('',(1.,0.,0.));
#9601 = DIRECTION('',(0.,0.,-1.));
#9602 = ( GEOMETRIC_REPRESENTATION_CONTEXT(3) 
GLOBAL_UNCERTAINTY_ASSIGNED_CONTEXT((#9606)) 
GLOBAL_UNIT_ASSIGNED_CONTEXT((#9603,#9604,#9605)) REPRESENTATION_CONTEXT
('Context #1','3D Context with UNIT and UNCERTAINTY') );
#9603 = ( LENGTH_UNIT() NAMED_UNIT(*) SI_UNIT(.MILLI.,.METRE.) );
#9604 = ( NAMED_UNIT(*) PLANE_ANGLE_UNIT() SI_UNIT($,.RADIAN.) );
#9605 = ( NAMED_UNIT(*) SI_UNIT($,.STERADIAN.) SOLID_ANGLE_UNIT() );
#9606 = UNCERTAINTY_MEASURE_WITH_UNIT(LENGTH_MEASURE(1.E-07),#9603,
  'distance_accuracy_value','confusion accuracy');
#9607 = PRODUCT_RELATED_PRODUCT_CATEGORY('part',$,(#7));
#9608 = MECHANICAL_DESIGN_GEOMETRIC_PRESENTATION_REPRESENTATION('',(
    #9609,#9620,#9628,#9635,#9642,#9649,#9656,#9663,#9670,#9677,#9684,
    #9691,#9698,#9705,#9712,#9719,#9726,#9733,#9740,#9747,#9754,#9761,
    #9768,#9775,#9782,#9789,#9796,#9803,#9810,#9817,#9824,#9831,#9838,
    #9845,#9852,#9859,#9866,#9873,#9880,#9887,#9894,#9901,#9908,#9915,
    #9922,#9929,#9936,#9943,#9950,#9957,#9964,#9971,#9978,#9985,#9992,
    #9999,#10006,#10013,#10020,#10027,#10034,#10041,#10048,#10055,#10062
    ,#10069,#10076,#10083,#10090,#10097,#10104,#10111,#10118,#10125,
    #10132,#10139,#10146,#10153,#10160,#10167,#10174,#10181,#10188,
    #10195,#10202,#10209,#10216,#10223,#10230,#10237,#10244,#10251,
    #10258,#10265,#10272,#10279,#10286,#10293,#10300,#10307,#10314,
    #10321,#10328,#10335,#10342,#10349,#10356,#10363,#10370,#10377,
    #10384,#10391,#10398,#10405,#10412,#10419,#10426,#10433,#10440,
    #10447,#10454,#10461,#10468,#10475,#10482,#10489,#10496,#10503,
    #10510,#10517,#10524,#10531,#10538,#10545,#10552,#10559,#10566,
    #10573,#10580,#10587,#10594,#10601,#10608,#10615,#10622,#10629,
    #10636,#10643,#10650,#10657,#10664,#10671,#10678,#10685,#10692,
    #10699,#10706,#10713,#10720,#10727,#10734,#10741,#10748,#10755,
    #10762,#10769,#10776,#10783,#10790),#9602);
#9609 = STYLED_ITEM('color',(#9610),#15);
#9610 = PRESENTATION_STYLE_ASSIGNMENT((#9611,#9617));
#9611 = SURFACE_STYLE_USAGE(.BOTH.,#9612);
#9612 = SURFACE_SIDE_STYLE('',(#9613));
#9613 = SURFACE_STYLE_FILL_AREA(#9614);
#9614 = FILL_AREA_STYLE('',(#9615));
#9615 = FILL_AREA_STYLE_COLOUR('',#9616);
#9616 = COLOUR_RGB('',0.199999998682,0.209999992975,0.219999994989);
#9617 = CURVE_STYLE('',#9618,POSITIVE_LENGTH_MEASURE(0.1),#9619);
#9618 = DRAUGHTING_PRE_DEFINED_CURVE_FONT('continuous');
#9619 = COLOUR_RGB('',9.803921802644E-02,9.803921802644E-02,
  9.803921802644E-02);
#9620 = OVER_RIDING_STYLED_ITEM('overriding color',(#9621),#3293,#9609);
#9621 = PRESENTATION_STYLE_ASSIGNMENT((#9622));
#9622 = SURFACE_STYLE_USAGE(.BOTH.,#9623);
#9623 = SURFACE_SIDE_STYLE('',(#9624));
#9624 = SURFACE_STYLE_FILL_AREA(#9625);
#9625 = FILL_AREA_STYLE('',(#9626));
#9626 = FILL_AREA_STYLE_COLOUR('',#9627);
#9627 = COLOUR_RGB('',0.988235296747,0.827450977613,0.341176475329);
#9628 = OVER_RIDING_STYLED_ITEM('overriding color',(#9629),#3415,#9609);
#9629 = PRESENTATION_STYLE_ASSIGNMENT((#9630));
#9630 = SURFACE_STYLE_USAGE(.BOTH.,#9631);
#9631 = SURFACE_SIDE_STYLE('',(#9632));
#9632 = SURFACE_STYLE_FILL_AREA(#9633);
#9633 = FILL_AREA_STYLE('',(#9634));
#9634 = FILL_AREA_STYLE_COLOUR('',#9627);
#9635 = OVER_RIDING_STYLED_ITEM('overriding color',(#9636),#3439,#9609);
#9636 = PRESENTATION_STYLE_ASSIGNMENT((#9637));
#9637 = SURFACE_STYLE_USAGE(.BOTH.,#9638);
#9638 = SURFACE_SIDE_STYLE('',(#9639));
#9639 = SURFACE_STYLE_FILL_AREA(#9640);
#9640 = FILL_AREA_STYLE('',(#9641));
#9641 = FILL_AREA_STYLE_COLOUR('',#9627);
#9642 = OVER_RIDING_STYLED_ITEM('overriding color',(#9643),#3576,#9609);
#9643 = PRESENTATION_STYLE_ASSIGNMENT((#9644));
#9644 = SURFACE_STYLE_USAGE(.BOTH.,#9645);
#9645 = SURFACE_SIDE_STYLE('',(#9646));
#9646 = SURFACE_STYLE_FILL_AREA(#9647);
#9647 = FILL_AREA_STYLE('',(#9648));
#9648 = FILL_AREA_STYLE_COLOUR('',#9627);
#9649 = OVER_RIDING_STYLED_ITEM('overriding color',(#9650),#3593,#9609);
#9650 = PRESENTATION_STYLE_ASSIGNMENT((#9651));
#9651 = SURFACE_STYLE_USAGE(.BOTH.,#9652);
#9652 = SURFACE_SIDE_STYLE('',(#9653));
#9653 = SURFACE_STYLE_FILL_AREA(#9654);
#9654 = FILL_AREA_STYLE('',(#9655));
#9655 = FILL_AREA_STYLE_COLOUR('',#9627);
#9656 = OVER_RIDING_STYLED_ITEM('overriding color',(#9657),#3610,#9609);
#9657 = PRESENTATION_STYLE_ASSIGNMENT((#9658));
#9658 = SURFACE_STYLE_USAGE(.BOTH.,#9659);
#9659 = SURFACE_SIDE_STYLE('',(#9660));
#9660 = SURFACE_STYLE_FILL_AREA(#9661);
#9661 = FILL_AREA_STYLE('',(#9662));
#9662 = FILL_AREA_STYLE_COLOUR('',#9627);
#9663 = OVER_RIDING_STYLED_ITEM('overriding color',(#9664),#3627,#9609);
#9664 = PRESENTATION_STYLE_ASSIGNMENT((#9665));
#9665 = SURFACE_STYLE_USAGE(.BOTH.,#9666);
#9666 = SURFACE_SIDE_STYLE('',(#9667));
#9667 = SURFACE_STYLE_FILL_AREA(#9668);
#9668 = FILL_AREA_STYLE('',(#9669));
#9669 = FILL_AREA_STYLE_COLOUR('',#9627);
#9670 = OVER_RIDING_STYLED_ITEM('overriding color',(#9671),#3644,#9609);
#9671 = PRESENTATION_STYLE_ASSIGNMENT((#9672));
#9672 = SURFACE_STYLE_USAGE(.BOTH.,#9673);
#9673 = SURFACE_SIDE_STYLE('',(#9674));
#9674 = SURFACE_STYLE_FILL_AREA(#9675);
#9675 = FILL_AREA_STYLE('',(#9676));
#9676 = FILL_AREA_STYLE_COLOUR('',#9627);
#9677 = OVER_RIDING_STYLED_ITEM('overriding color',(#9678),#3661,#9609);
#9678 = PRESENTATION_STYLE_ASSIGNMENT((#9679));
#9679 = SURFACE_STYLE_USAGE(.BOTH.,#9680);
#9680 = SURFACE_SIDE_STYLE('',(#9681));
#9681 = SURFACE_STYLE_FILL_AREA(#9682);
#9682 = FILL_AREA_STYLE('',(#9683));
#9683 = FILL_AREA_STYLE_COLOUR('',#9627);
#9684 = OVER_RIDING_STYLED_ITEM('overriding color',(#9685),#3678,#9609);
#9685 = PRESENTATION_STYLE_ASSIGNMENT((#9686));
#9686 = SURFACE_STYLE_USAGE(.BOTH.,#9687);
#9687 = SURFACE_SIDE_STYLE('',(#9688));
#9688 = SURFACE_STYLE_FILL_AREA(#9689);
#9689 = FILL_AREA_STYLE('',(#9690));
#9690 = FILL_AREA_STYLE_COLOUR('',#9627);
#9691 = OVER_RIDING_STYLED_ITEM('overriding color',(#9692),#3690,#9609);
#9692 = PRESENTATION_STYLE_ASSIGNMENT((#9693));
#9693 = SURFACE_STYLE_USAGE(.BOTH.,#9694);
#9694 = SURFACE_SIDE_STYLE('',(#9695));
#9695 = SURFACE_STYLE_FILL_AREA(#9696);
#9696 = FILL_AREA_STYLE('',(#9697));
#9697 = FILL_AREA_STYLE_COLOUR('',#9627);
#9698 = OVER_RIDING_STYLED_ITEM('overriding color',(#9699),#3707,#9609);
#9699 = PRESENTATION_STYLE_ASSIGNMENT((#9700));
#9700 = SURFACE_STYLE_USAGE(.BOTH.,#9701);
#9701 = SURFACE_SIDE_STYLE('',(#9702));
#9702 = SURFACE_STYLE_FILL_AREA(#9703);
#9703 = FILL_AREA_STYLE('',(#9704));
#9704 = FILL_AREA_STYLE_COLOUR('',#9627);
#9705 = OVER_RIDING_STYLED_ITEM('overriding color',(#9706),#3741,#9609);
#9706 = PRESENTATION_STYLE_ASSIGNMENT((#9707));
#9707 = SURFACE_STYLE_USAGE(.BOTH.,#9708);
#9708 = SURFACE_SIDE_STYLE('',(#9709));
#9709 = SURFACE_STYLE_FILL_AREA(#9710);
#9710 = FILL_AREA_STYLE('',(#9711));
#9711 = FILL_AREA_STYLE_COLOUR('',#9627);
#9712 = OVER_RIDING_STYLED_ITEM('overriding color',(#9713),#3863,#9609);
#9713 = PRESENTATION_STYLE_ASSIGNMENT((#9714));
#9714 = SURFACE_STYLE_USAGE(.BOTH.,#9715);
#9715 = SURFACE_SIDE_STYLE('',(#9716));
#9716 = SURFACE_STYLE_FILL_AREA(#9717);
#9717 = FILL_AREA_STYLE('',(#9718));
#9718 = FILL_AREA_STYLE_COLOUR('',#9627);
#9719 = OVER_RIDING_STYLED_ITEM('overriding color',(#9720),#3887,#9609);
#9720 = PRESENTATION_STYLE_ASSIGNMENT((#9721));
#9721 = SURFACE_STYLE_USAGE(.BOTH.,#9722);
#9722 = SURFACE_SIDE_STYLE('',(#9723));
#9723 = SURFACE_STYLE_FILL_AREA(#9724);
#9724 = FILL_AREA_STYLE('',(#9725));
#9725 = FILL_AREA_STYLE_COLOUR('',#9627);
#9726 = OVER_RIDING_STYLED_ITEM('overriding color',(#9727),#4024,#9609);
#9727 = PRESENTATION_STYLE_ASSIGNMENT((#9728));
#9728 = SURFACE_STYLE_USAGE(.BOTH.,#9729);
#9729 = SURFACE_SIDE_STYLE('',(#9730));
#9730 = SURFACE_STYLE_FILL_AREA(#9731);
#9731 = FILL_AREA_STYLE('',(#9732));
#9732 = FILL_AREA_STYLE_COLOUR('',#9627);
#9733 = OVER_RIDING_STYLED_ITEM('overriding color',(#9734),#4041,#9609);
#9734 = PRESENTATION_STYLE_ASSIGNMENT((#9735));
#9735 = SURFACE_STYLE_USAGE(.BOTH.,#9736);
#9736 = SURFACE_SIDE_STYLE('',(#9737));
#9737 = SURFACE_STYLE_FILL_AREA(#9738);
#9738 = FILL_AREA_STYLE('',(#9739));
#9739 = FILL_AREA_STYLE_COLOUR('',#9627);
#9740 = OVER_RIDING_STYLED_ITEM('overriding color',(#9741),#4058,#9609);
#9741 = PRESENTATION_STYLE_ASSIGNMENT((#9742));
#9742 = SURFACE_STYLE_USAGE(.BOTH.,#9743);
#9743 = SURFACE_SIDE_STYLE('',(#9744));
#9744 = SURFACE_STYLE_FILL_AREA(#9745);
#9745 = FILL_AREA_STYLE('',(#9746));
#9746 = FILL_AREA_STYLE_COLOUR('',#9627);
#9747 = OVER_RIDING_STYLED_ITEM('overriding color',(#9748),#4075,#9609);
#9748 = PRESENTATION_STYLE_ASSIGNMENT((#9749));
#9749 = SURFACE_STYLE_USAGE(.BOTH.,#9750);
#9750 = SURFACE_SIDE_STYLE('',(#9751));
#9751 = SURFACE_STYLE_FILL_AREA(#9752);
#9752 = FILL_AREA_STYLE('',(#9753));
#9753 = FILL_AREA_STYLE_COLOUR('',#9627);
#9754 = OVER_RIDING_STYLED_ITEM('overriding color',(#9755),#4092,#9609);
#9755 = PRESENTATION_STYLE_ASSIGNMENT((#9756));
#9756 = SURFACE_STYLE_USAGE(.BOTH.,#9757);
#9757 = SURFACE_SIDE_STYLE('',(#9758));
#9758 = SURFACE_STYLE_FILL_AREA(#9759);
#9759 = FILL_AREA_STYLE('',(#9760));
#9760 = FILL_AREA_STYLE_COLOUR('',#9627);
#9761 = OVER_RIDING_STYLED_ITEM('overriding color',(#9762),#4109,#9609);
#9762 = PRESENTATION_STYLE_ASSIGNMENT((#9763));
#9763 = SURFACE_STYLE_USAGE(.BOTH.,#9764);
#9764 = SURFACE_SIDE_STYLE('',(#9765));
#9765 = SURFACE_STYLE_FILL_AREA(#9766);
#9766 = FILL_AREA_STYLE('',(#9767));
#9767 = FILL_AREA_STYLE_COLOUR('',#9627);
#9768 = OVER_RIDING_STYLED_ITEM('overriding color',(#9769),#4126,#9609);
#9769 = PRESENTATION_STYLE_ASSIGNMENT((#9770));
#9770 = SURFACE_STYLE_USAGE(.BOTH.,#9771);
#9771 = SURFACE_SIDE_STYLE('',(#9772));
#9772 = SURFACE_STYLE_FILL_AREA(#9773);
#9773 = FILL_AREA_STYLE('',(#9774));
#9774 = FILL_AREA_STYLE_COLOUR('',#9627);
#9775 = OVER_RIDING_STYLED_ITEM('overriding color',(#9776),#4138,#9609);
#9776 = PRESENTATION_STYLE_ASSIGNMENT((#9777));
#9777 = SURFACE_STYLE_USAGE(.BOTH.,#9778);
#9778 = SURFACE_SIDE_STYLE('',(#9779));
#9779 = SURFACE_STYLE_FILL_AREA(#9780);
#9780 = FILL_AREA_STYLE('',(#9781));
#9781 = FILL_AREA_STYLE_COLOUR('',#9627);
#9782 = OVER_RIDING_STYLED_ITEM('overriding color',(#9783),#4155,#9609);
#9783 = PRESENTATION_STYLE_ASSIGNMENT((#9784));
#9784 = SURFACE_STYLE_USAGE(.BOTH.,#9785);
#9785 = SURFACE_SIDE_STYLE('',(#9786));
#9786 = SURFACE_STYLE_FILL_AREA(#9787);
#9787 = FILL_AREA_STYLE('',(#9788));
#9788 = FILL_AREA_STYLE_COLOUR('',#9627);
#9789 = OVER_RIDING_STYLED_ITEM('overriding color',(#9790),#4189,#9609);
#9790 = PRESENTATION_STYLE_ASSIGNMENT((#9791));
#9791 = SURFACE_STYLE_USAGE(.BOTH.,#9792);
#9792 = SURFACE_SIDE_STYLE('',(#9793));
#9793 = SURFACE_STYLE_FILL_AREA(#9794);
#9794 = FILL_AREA_STYLE('',(#9795));
#9795 = FILL_AREA_STYLE_COLOUR('',#9627);
#9796 = OVER_RIDING_STYLED_ITEM('overriding color',(#9797),#4311,#9609);
#9797 = PRESENTATION_STYLE_ASSIGNMENT((#9798));
#9798 = SURFACE_STYLE_USAGE(.BOTH.,#9799);
#9799 = SURFACE_SIDE_STYLE('',(#9800));
#9800 = SURFACE_STYLE_FILL_AREA(#9801);
#9801 = FILL_AREA_STYLE('',(#9802));
#9802 = FILL_AREA_STYLE_COLOUR('',#9627);
#9803 = OVER_RIDING_STYLED_ITEM('overriding color',(#9804),#4335,#9609);
#9804 = PRESENTATION_STYLE_ASSIGNMENT((#9805));
#9805 = SURFACE_STYLE_USAGE(.BOTH.,#9806);
#9806 = SURFACE_SIDE_STYLE('',(#9807));
#9807 = SURFACE_STYLE_FILL_AREA(#9808);
#9808 = FILL_AREA_STYLE('',(#9809));
#9809 = FILL_AREA_STYLE_COLOUR('',#9627);
#9810 = OVER_RIDING_STYLED_ITEM('overriding color',(#9811),#4472,#9609);
#9811 = PRESENTATION_STYLE_ASSIGNMENT((#9812));
#9812 = SURFACE_STYLE_USAGE(.BOTH.,#9813);
#9813 = SURFACE_SIDE_STYLE('',(#9814));
#9814 = SURFACE_STYLE_FILL_AREA(#9815);
#9815 = FILL_AREA_STYLE('',(#9816));
#9816 = FILL_AREA_STYLE_COLOUR('',#9627);
#9817 = OVER_RIDING_STYLED_ITEM('overriding color',(#9818),#4489,#9609);
#9818 = PRESENTATION_STYLE_ASSIGNMENT((#9819));
#9819 = SURFACE_STYLE_USAGE(.BOTH.,#9820);
#9820 = SURFACE_SIDE_STYLE('',(#9821));
#9821 = SURFACE_STYLE_FILL_AREA(#9822);
#9822 = FILL_AREA_STYLE('',(#9823));
#9823 = FILL_AREA_STYLE_COLOUR('',#9627);
#9824 = OVER_RIDING_STYLED_ITEM('overriding color',(#9825),#4506,#9609);
#9825 = PRESENTATION_STYLE_ASSIGNMENT((#9826));
#9826 = SURFACE_STYLE_USAGE(.BOTH.,#9827);
#9827 = SURFACE_SIDE_STYLE('',(#9828));
#9828 = SURFACE_STYLE_FILL_AREA(#9829);
#9829 = FILL_AREA_STYLE('',(#9830));
#9830 = FILL_AREA_STYLE_COLOUR('',#9627);
#9831 = OVER_RIDING_STYLED_ITEM('overriding color',(#9832),#4523,#9609);
#9832 = PRESENTATION_STYLE_ASSIGNMENT((#9833));
#9833 = SURFACE_STYLE_USAGE(.BOTH.,#9834);
#9834 = SURFACE_SIDE_STYLE('',(#9835));
#9835 = SURFACE_STYLE_FILL_AREA(#9836);
#9836 = FILL_AREA_STYLE('',(#9837));
#9837 = FILL_AREA_STYLE_COLOUR('',#9627);
#9838 = OVER_RIDING_STYLED_ITEM('overriding color',(#9839),#4540,#9609);
#9839 = PRESENTATION_STYLE_ASSIGNMENT((#9840));
#9840 = SURFACE_STYLE_USAGE(.BOTH.,#9841);
#9841 = SURFACE_SIDE_STYLE('',(#9842));
#9842 = SURFACE_STYLE_FILL_AREA(#9843);
#9843 = FILL_AREA_STYLE('',(#9844));
#9844 = FILL_AREA_STYLE_COLOUR('',#9627);
#9845 = OVER_RIDING_STYLED_ITEM('overriding color',(#9846),#4557,#9609);
#9846 = PRESENTATION_STYLE_ASSIGNMENT((#9847));
#9847 = SURFACE_STYLE_USAGE(.BOTH.,#9848);
#9848 = SURFACE_SIDE_STYLE('',(#9849));
#9849 = SURFACE_STYLE_FILL_AREA(#9850);
#9850 = FILL_AREA_STYLE('',(#9851));
#9851 = FILL_AREA_STYLE_COLOUR('',#9627);
#9852 = OVER_RIDING_STYLED_ITEM('overriding color',(#9853),#4574,#9609);
#9853 = PRESENTATION_STYLE_ASSIGNMENT((#9854));
#9854 = SURFACE_STYLE_USAGE(.BOTH.,#9855);
#9855 = SURFACE_SIDE_STYLE('',(#9856));
#9856 = SURFACE_STYLE_FILL_AREA(#9857);
#9857 = FILL_AREA_STYLE('',(#9858));
#9858 = FILL_AREA_STYLE_COLOUR('',#9627);
#9859 = OVER_RIDING_STYLED_ITEM('overriding color',(#9860),#4586,#9609);
#9860 = PRESENTATION_STYLE_ASSIGNMENT((#9861));
#9861 = SURFACE_STYLE_USAGE(.BOTH.,#9862);
#9862 = SURFACE_SIDE_STYLE('',(#9863));
#9863 = SURFACE_STYLE_FILL_AREA(#9864);
#9864 = FILL_AREA_STYLE('',(#9865));
#9865 = FILL_AREA_STYLE_COLOUR('',#9627);
#9866 = OVER_RIDING_STYLED_ITEM('overriding color',(#9867),#4603,#9609);
#9867 = PRESENTATION_STYLE_ASSIGNMENT((#9868));
#9868 = SURFACE_STYLE_USAGE(.BOTH.,#9869);
#9869 = SURFACE_SIDE_STYLE('',(#9870));
#9870 = SURFACE_STYLE_FILL_AREA(#9871);
#9871 = FILL_AREA_STYLE('',(#9872));
#9872 = FILL_AREA_STYLE_COLOUR('',#9627);
#9873 = OVER_RIDING_STYLED_ITEM('overriding color',(#9874),#4637,#9609);
#9874 = PRESENTATION_STYLE_ASSIGNMENT((#9875));
#9875 = SURFACE_STYLE_USAGE(.BOTH.,#9876);
#9876 = SURFACE_SIDE_STYLE('',(#9877));
#9877 = SURFACE_STYLE_FILL_AREA(#9878);
#9878 = FILL_AREA_STYLE('',(#9879));
#9879 = FILL_AREA_STYLE_COLOUR('',#9627);
#9880 = OVER_RIDING_STYLED_ITEM('overriding color',(#9881),#4759,#9609);
#9881 = PRESENTATION_STYLE_ASSIGNMENT((#9882));
#9882 = SURFACE_STYLE_USAGE(.BOTH.,#9883);
#9883 = SURFACE_SIDE_STYLE('',(#9884));
#9884 = SURFACE_STYLE_FILL_AREA(#9885);
#9885 = FILL_AREA_STYLE('',(#9886));
#9886 = FILL_AREA_STYLE_COLOUR('',#9627);
#9887 = OVER_RIDING_STYLED_ITEM('overriding color',(#9888),#4783,#9609);
#9888 = PRESENTATION_STYLE_ASSIGNMENT((#9889));
#9889 = SURFACE_STYLE_USAGE(.BOTH.,#9890);
#9890 = SURFACE_SIDE_STYLE('',(#9891));
#9891 = SURFACE_STYLE_FILL_AREA(#9892);
#9892 = FILL_AREA_STYLE('',(#9893));
#9893 = FILL_AREA_STYLE_COLOUR('',#9627);
#9894 = OVER_RIDING_STYLED_ITEM('overriding color',(#9895),#4920,#9609);
#9895 = PRESENTATION_STYLE_ASSIGNMENT((#9896));
#9896 = SURFACE_STYLE_USAGE(.BOTH.,#9897);
#9897 = SURFACE_SIDE_STYLE('',(#9898));
#9898 = SURFACE_STYLE_FILL_AREA(#9899);
#9899 = FILL_AREA_STYLE('',(#9900));
#9900 = FILL_AREA_STYLE_COLOUR('',#9627);
#9901 = OVER_RIDING_STYLED_ITEM('overriding color',(#9902),#4937,#9609);
#9902 = PRESENTATION_STYLE_ASSIGNMENT((#9903));
#9903 = SURFACE_STYLE_USAGE(.BOTH.,#9904);
#9904 = SURFACE_SIDE_STYLE('',(#9905));
#9905 = SURFACE_STYLE_FILL_AREA(#9906);
#9906 = FILL_AREA_STYLE('',(#9907));
#9907 = FILL_AREA_STYLE_COLOUR('',#9627);
#9908 = OVER_RIDING_STYLED_ITEM('overriding color',(#9909),#4954,#9609);
#9909 = PRESENTATION_STYLE_ASSIGNMENT((#9910));
#9910 = SURFACE_STYLE_USAGE(.BOTH.,#9911);
#9911 = SURFACE_SIDE_STYLE('',(#9912));
#9912 = SURFACE_STYLE_FILL_AREA(#9913);
#9913 = FILL_AREA_STYLE('',(#9914));
#9914 = FILL_AREA_STYLE_COLOUR('',#9627);
#9915 = OVER_RIDING_STYLED_ITEM('overriding color',(#9916),#4971,#9609);
#9916 = PRESENTATION_STYLE_ASSIGNMENT((#9917));
#9917 = SURFACE_STYLE_USAGE(.BOTH.,#9918);
#9918 = SURFACE_SIDE_STYLE('',(#9919));
#9919 = SURFACE_STYLE_FILL_AREA(#9920);
#9920 = FILL_AREA_STYLE('',(#9921));
#9921 = FILL_AREA_STYLE_COLOUR('',#9627);
#9922 = OVER_RIDING_STYLED_ITEM('overriding color',(#9923),#4988,#9609);
#9923 = PRESENTATION_STYLE_ASSIGNMENT((#9924));
#9924 = SURFACE_STYLE_USAGE(.BOTH.,#9925);
#9925 = SURFACE_SIDE_STYLE('',(#9926));
#9926 = SURFACE_STYLE_FILL_AREA(#9927);
#9927 = FILL_AREA_STYLE('',(#9928));
#9928 = FILL_AREA_STYLE_COLOUR('',#9627);
#9929 = OVER_RIDING_STYLED_ITEM('overriding color',(#9930),#5005,#9609);
#9930 = PRESENTATION_STYLE_ASSIGNMENT((#9931));
#9931 = SURFACE_STYLE_USAGE(.BOTH.,#9932);
#9932 = SURFACE_SIDE_STYLE('',(#9933));
#9933 = SURFACE_STYLE_FILL_AREA(#9934);
#9934 = FILL_AREA_STYLE('',(#9935));
#9935 = FILL_AREA_STYLE_COLOUR('',#9627);
#9936 = OVER_RIDING_STYLED_ITEM('overriding color',(#9937),#5022,#9609);
#9937 = PRESENTATION_STYLE_ASSIGNMENT((#9938));
#9938 = SURFACE_STYLE_USAGE(.BOTH.,#9939);
#9939 = SURFACE_SIDE_STYLE('',(#9940));
#9940 = SURFACE_STYLE_FILL_AREA(#9941);
#9941 = FILL_AREA_STYLE('',(#9942));
#9942 = FILL_AREA_STYLE_COLOUR('',#9627);
#9943 = OVER_RIDING_STYLED_ITEM('overriding color',(#9944),#5034,#9609);
#9944 = PRESENTATION_STYLE_ASSIGNMENT((#9945));
#9945 = SURFACE_STYLE_USAGE(.BOTH.,#9946);
#9946 = SURFACE_SIDE_STYLE('',(#9947));
#9947 = SURFACE_STYLE_FILL_AREA(#9948);
#9948 = FILL_AREA_STYLE('',(#9949));
#9949 = FILL_AREA_STYLE_COLOUR('',#9627);
#9950 = OVER_RIDING_STYLED_ITEM('overriding color',(#9951),#5051,#9609);
#9951 = PRESENTATION_STYLE_ASSIGNMENT((#9952));
#9952 = SURFACE_STYLE_USAGE(.BOTH.,#9953);
#9953 = SURFACE_SIDE_STYLE('',(#9954));
#9954 = SURFACE_STYLE_FILL_AREA(#9955);
#9955 = FILL_AREA_STYLE('',(#9956));
#9956 = FILL_AREA_STYLE_COLOUR('',#9627);
#9957 = OVER_RIDING_STYLED_ITEM('overriding color',(#9958),#5085,#9609);
#9958 = PRESENTATION_STYLE_ASSIGNMENT((#9959));
#9959 = SURFACE_STYLE_USAGE(.BOTH.,#9960);
#9960 = SURFACE_SIDE_STYLE('',(#9961));
#9961 = SURFACE_STYLE_FILL_AREA(#9962);
#9962 = FILL_AREA_STYLE('',(#9963));
#9963 = FILL_AREA_STYLE_COLOUR('',#9627);
#9964 = OVER_RIDING_STYLED_ITEM('overriding color',(#9965),#5207,#9609);
#9965 = PRESENTATION_STYLE_ASSIGNMENT((#9966));
#9966 = SURFACE_STYLE_USAGE(.BOTH.,#9967);
#9967 = SURFACE_SIDE_STYLE('',(#9968));
#9968 = SURFACE_STYLE_FILL_AREA(#9969);
#9969 = FILL_AREA_STYLE('',(#9970));
#9970 = FILL_AREA_STYLE_COLOUR('',#9627);
#9971 = OVER_RIDING_STYLED_ITEM('overriding color',(#9972),#5231,#9609);
#9972 = PRESENTATION_STYLE_ASSIGNMENT((#9973));
#9973 = SURFACE_STYLE_USAGE(.BOTH.,#9974);
#9974 = SURFACE_SIDE_STYLE('',(#9975));
#9975 = SURFACE_STYLE_FILL_AREA(#9976);
#9976 = FILL_AREA_STYLE('',(#9977));
#9977 = FILL_AREA_STYLE_COLOUR('',#9627);
#9978 = OVER_RIDING_STYLED_ITEM('overriding color',(#9979),#5368,#9609);
#9979 = PRESENTATION_STYLE_ASSIGNMENT((#9980));
#9980 = SURFACE_STYLE_USAGE(.BOTH.,#9981);
#9981 = SURFACE_SIDE_STYLE('',(#9982));
#9982 = SURFACE_STYLE_FILL_AREA(#9983);
#9983 = FILL_AREA_STYLE('',(#9984));
#9984 = FILL_AREA_STYLE_COLOUR('',#9627);
#9985 = OVER_RIDING_STYLED_ITEM('overriding color',(#9986),#5385,#9609);
#9986 = PRESENTATION_STYLE_ASSIGNMENT((#9987));
#9987 = SURFACE_STYLE_USAGE(.BOTH.,#9988);
#9988 = SURFACE_SIDE_STYLE('',(#9989));
#9989 = SURFACE_STYLE_FILL_AREA(#9990);
#9990 = FILL_AREA_STYLE('',(#9991));
#9991 = FILL_AREA_STYLE_COLOUR('',#9627);
#9992 = OVER_RIDING_STYLED_ITEM('overriding color',(#9993),#5402,#9609);
#9993 = PRESENTATION_STYLE_ASSIGNMENT((#9994));
#9994 = SURFACE_STYLE_USAGE(.BOTH.,#9995);
#9995 = SURFACE_SIDE_STYLE('',(#9996));
#9996 = SURFACE_STYLE_FILL_AREA(#9997);
#9997 = FILL_AREA_STYLE('',(#9998));
#9998 = FILL_AREA_STYLE_COLOUR('',#9627);
#9999 = OVER_RIDING_STYLED_ITEM('overriding color',(#10000),#5419,#9609
  );
#10000 = PRESENTATION_STYLE_ASSIGNMENT((#10001));
#10001 = SURFACE_STYLE_USAGE(.BOTH.,#10002);
#10002 = SURFACE_SIDE_STYLE('',(#10003));
#10003 = SURFACE_STYLE_FILL_AREA(#10004);
#10004 = FILL_AREA_STYLE('',(#10005));
#10005 = FILL_AREA_STYLE_COLOUR('',#9627);
#10006 = OVER_RIDING_STYLED_ITEM('overriding color',(#10007),#5436,#9609
  );
#10007 = PRESENTATION_STYLE_ASSIGNMENT((#10008));
#10008 = SURFACE_STYLE_USAGE(.BOTH.,#10009);
#10009 = SURFACE_SIDE_STYLE('',(#10010));
#10010 = SURFACE_STYLE_FILL_AREA(#10011);
#10011 = FILL_AREA_STYLE('',(#10012));
#10012 = FILL_AREA_STYLE_COLOUR('',#9627);
#10013 = OVER_RIDING_STYLED_ITEM('overriding color',(#10014),#5453,#9609
  );
#10014 = PRESENTATION_STYLE_ASSIGNMENT((#10015));
#10015 = SURFACE_STYLE_USAGE(.BOTH.,#10016);
#10016 = SURFACE_SIDE_STYLE('',(#10017));
#10017 = SURFACE_STYLE_FILL_AREA(#10018);
#10018 = FILL_AREA_STYLE('',(#10019));
#10019 = FILL_AREA_STYLE_COLOUR('',#9627);
#10020 = OVER_RIDING_STYLED_ITEM('overriding color',(#10021),#5470,#9609
  );
#10021 = PRESENTATION_STYLE_ASSIGNMENT((#10022));
#10022 = SURFACE_STYLE_USAGE(.BOTH.,#10023);
#10023 = SURFACE_SIDE_STYLE('',(#10024));
#10024 = SURFACE_STYLE_FILL_AREA(#10025);
#10025 = FILL_AREA_STYLE('',(#10026));
#10026 = FILL_AREA_STYLE_COLOUR('',#9627);
#10027 = OVER_RIDING_STYLED_ITEM('overriding color',(#10028),#5482,#9609
  );
#10028 = PRESENTATION_STYLE_ASSIGNMENT((#10029));
#10029 = SURFACE_STYLE_USAGE(.BOTH.,#10030);
#10030 = SURFACE_SIDE_STYLE('',(#10031));
#10031 = SURFACE_STYLE_FILL_AREA(#10032);
#10032 = FILL_AREA_STYLE('',(#10033));
#10033 = FILL_AREA_STYLE_COLOUR('',#9627);
#10034 = OVER_RIDING_STYLED_ITEM('overriding color',(#10035),#5499,#9609
  );
#10035 = PRESENTATION_STYLE_ASSIGNMENT((#10036));
#10036 = SURFACE_STYLE_USAGE(.BOTH.,#10037);
#10037 = SURFACE_SIDE_STYLE('',(#10038));
#10038 = SURFACE_STYLE_FILL_AREA(#10039);
#10039 = FILL_AREA_STYLE('',(#10040));
#10040 = FILL_AREA_STYLE_COLOUR('',#9627);
#10041 = OVER_RIDING_STYLED_ITEM('overriding color',(#10042),#5533,#9609
  );
#10042 = PRESENTATION_STYLE_ASSIGNMENT((#10043));
#10043 = SURFACE_STYLE_USAGE(.BOTH.,#10044);
#10044 = SURFACE_SIDE_STYLE('',(#10045));
#10045 = SURFACE_STYLE_FILL_AREA(#10046);
#10046 = FILL_AREA_STYLE('',(#10047));
#10047 = FILL_AREA_STYLE_COLOUR('',#9627);
#10048 = OVER_RIDING_STYLED_ITEM('overriding color',(#10049),#5655,#9609
  );
#10049 = PRESENTATION_STYLE_ASSIGNMENT((#10050));
#10050 = SURFACE_STYLE_USAGE(.BOTH.,#10051);
#10051 = SURFACE_SIDE_STYLE('',(#10052));
#10052 = SURFACE_STYLE_FILL_AREA(#10053);
#10053 = FILL_AREA_STYLE('',(#10054));
#10054 = FILL_AREA_STYLE_COLOUR('',#9627);
#10055 = OVER_RIDING_STYLED_ITEM('overriding color',(#10056),#5679,#9609
  );
#10056 = PRESENTATION_STYLE_ASSIGNMENT((#10057));
#10057 = SURFACE_STYLE_USAGE(.BOTH.,#10058);
#10058 = SURFACE_SIDE_STYLE('',(#10059));
#10059 = SURFACE_STYLE_FILL_AREA(#10060);
#10060 = FILL_AREA_STYLE('',(#10061));
#10061 = FILL_AREA_STYLE_COLOUR('',#9627);
#10062 = OVER_RIDING_STYLED_ITEM('overriding color',(#10063),#5816,#9609
  );
#10063 = PRESENTATION_STYLE_ASSIGNMENT((#10064));
#10064 = SURFACE_STYLE_USAGE(.BOTH.,#10065);
#10065 = SURFACE_SIDE_STYLE('',(#10066));
#10066 = SURFACE_STYLE_FILL_AREA(#10067);
#10067 = FILL_AREA_STYLE('',(#10068));
#10068 = FILL_AREA_STYLE_COLOUR('',#9627);
#10069 = OVER_RIDING_STYLED_ITEM('overriding color',(#10070),#5833,#9609
  );
#10070 = PRESENTATION_STYLE_ASSIGNMENT((#10071));
#10071 = SURFACE_STYLE_USAGE(.BOTH.,#10072);
#10072 = SURFACE_SIDE_STYLE('',(#10073));
#10073 = SURFACE_STYLE_FILL_AREA(#10074);
#10074 = FILL_AREA_STYLE('',(#10075));
#10075 = FILL_AREA_STYLE_COLOUR('',#9627);
#10076 = OVER_RIDING_STYLED_ITEM('overriding color',(#10077),#5850,#9609
  );
#10077 = PRESENTATION_STYLE_ASSIGNMENT((#10078));
#10078 = SURFACE_STYLE_USAGE(.BOTH.,#10079);
#10079 = SURFACE_SIDE_STYLE('',(#10080));
#10080 = SURFACE_STYLE_FILL_AREA(#10081);
#10081 = FILL_AREA_STYLE('',(#10082));
#10082 = FILL_AREA_STYLE_COLOUR('',#9627);
#10083 = OVER_RIDING_STYLED_ITEM('overriding color',(#10084),#5867,#9609
  );
#10084 = PRESENTATION_STYLE_ASSIGNMENT((#10085));
#10085 = SURFACE_STYLE_USAGE(.BOTH.,#10086);
#10086 = SURFACE_SIDE_STYLE('',(#10087));
#10087 = SURFACE_STYLE_FILL_AREA(#10088);
#10088 = FILL_AREA_STYLE('',(#10089));
#10089 = FILL_AREA_STYLE_COLOUR('',#9627);
#10090 = OVER_RIDING_STYLED_ITEM('overriding color',(#10091),#5884,#9609
  );
#10091 = PRESENTATION_STYLE_ASSIGNMENT((#10092));
#10092 = SURFACE_STYLE_USAGE(.BOTH.,#10093);
#10093 = SURFACE_SIDE_STYLE('',(#10094));
#10094 = SURFACE_STYLE_FILL_AREA(#10095);
#10095 = FILL_AREA_STYLE('',(#10096));
#10096 = FILL_AREA_STYLE_COLOUR('',#9627);
#10097 = OVER_RIDING_STYLED_ITEM('overriding color',(#10098),#5901,#9609
  );
#10098 = PRESENTATION_STYLE_ASSIGNMENT((#10099));
#10099 = SURFACE_STYLE_USAGE(.BOTH.,#10100);
#10100 = SURFACE_SIDE_STYLE('',(#10101));
#10101 = SURFACE_STYLE_FILL_AREA(#10102);
#10102 = FILL_AREA_STYLE('',(#10103));
#10103 = FILL_AREA_STYLE_COLOUR('',#9627);
#10104 = OVER_RIDING_STYLED_ITEM('overriding color',(#10105),#5918,#9609
  );
#10105 = PRESENTATION_STYLE_ASSIGNMENT((#10106));
#10106 = SURFACE_STYLE_USAGE(.BOTH.,#10107);
#10107 = SURFACE_SIDE_STYLE('',(#10108));
#10108 = SURFACE_STYLE_FILL_AREA(#10109);
#10109 = FILL_AREA_STYLE('',(#10110));
#10110 = FILL_AREA_STYLE_COLOUR('',#9627);
#10111 = OVER_RIDING_STYLED_ITEM('overriding color',(#10112),#5930,#9609
  );
#10112 = PRESENTATION_STYLE_ASSIGNMENT((#10113));
#10113 = SURFACE_STYLE_USAGE(.BOTH.,#10114);
#10114 = SURFACE_SIDE_STYLE('',(#10115));
#10115 = SURFACE_STYLE_FILL_AREA(#10116);
#10116 = FILL_AREA_STYLE('',(#10117));
#10117 = FILL_AREA_STYLE_COLOUR('',#9627);
#10118 = OVER_RIDING_STYLED_ITEM('overriding color',(#10119),#5947,#9609
  );
#10119 = PRESENTATION_STYLE_ASSIGNMENT((#10120));
#10120 = SURFACE_STYLE_USAGE(.BOTH.,#10121);
#10121 = SURFACE_SIDE_STYLE('',(#10122));
#10122 = SURFACE_STYLE_FILL_AREA(#10123);
#10123 = FILL_AREA_STYLE('',(#10124));
#10124 = FILL_AREA_STYLE_COLOUR('',#9627);
#10125 = OVER_RIDING_STYLED_ITEM('overriding color',(#10126),#5981,#9609
  );
#10126 = PRESENTATION_STYLE_ASSIGNMENT((#10127));
#10127 = SURFACE_STYLE_USAGE(.BOTH.,#10128);
#10128 = SURFACE_SIDE_STYLE('',(#10129));
#10129 = SURFACE_STYLE_FILL_AREA(#10130);
#10130 = FILL_AREA_STYLE('',(#10131));
#10131 = FILL_AREA_STYLE_COLOUR('',#9627);
#10132 = OVER_RIDING_STYLED_ITEM('overriding color',(#10133),#6103,#9609
  );
#10133 = PRESENTATION_STYLE_ASSIGNMENT((#10134));
#10134 = SURFACE_STYLE_USAGE(.BOTH.,#10135);
#10135 = SURFACE_SIDE_STYLE('',(#10136));
#10136 = SURFACE_STYLE_FILL_AREA(#10137);
#10137 = FILL_AREA_STYLE('',(#10138));
#10138 = FILL_AREA_STYLE_COLOUR('',#9627);
#10139 = OVER_RIDING_STYLED_ITEM('overriding color',(#10140),#6127,#9609
  );
#10140 = PRESENTATION_STYLE_ASSIGNMENT((#10141));
#10141 = SURFACE_STYLE_USAGE(.BOTH.,#10142);
#10142 = SURFACE_SIDE_STYLE('',(#10143));
#10143 = SURFACE_STYLE_FILL_AREA(#10144);
#10144 = FILL_AREA_STYLE('',(#10145));
#10145 = FILL_AREA_STYLE_COLOUR('',#9627);
#10146 = OVER_RIDING_STYLED_ITEM('overriding color',(#10147),#6264,#9609
  );
#10147 = PRESENTATION_STYLE_ASSIGNMENT((#10148));
#10148 = SURFACE_STYLE_USAGE(.BOTH.,#10149);
#10149 = SURFACE_SIDE_STYLE('',(#10150));
#10150 = SURFACE_STYLE_FILL_AREA(#10151);
#10151 = FILL_AREA_STYLE('',(#10152));
#10152 = FILL_AREA_STYLE_COLOUR('',#9627);
#10153 = OVER_RIDING_STYLED_ITEM('overriding color',(#10154),#6281,#9609
  );
#10154 = PRESENTATION_STYLE_ASSIGNMENT((#10155));
#10155 = SURFACE_STYLE_USAGE(.BOTH.,#10156);
#10156 = SURFACE_SIDE_STYLE('',(#10157));
#10157 = SURFACE_STYLE_FILL_AREA(#10158);
#10158 = FILL_AREA_STYLE('',(#10159));
#10159 = FILL_AREA_STYLE_COLOUR('',#9627);
#10160 = OVER_RIDING_STYLED_ITEM('overriding color',(#10161),#6298,#9609
  );
#10161 = PRESENTATION_STYLE_ASSIGNMENT((#10162));
#10162 = SURFACE_STYLE_USAGE(.BOTH.,#10163);
#10163 = SURFACE_SIDE_STYLE('',(#10164));
#10164 = SURFACE_STYLE_FILL_AREA(#10165);
#10165 = FILL_AREA_STYLE('',(#10166));
#10166 = FILL_AREA_STYLE_COLOUR('',#9627);
#10167 = OVER_RIDING_STYLED_ITEM('overriding color',(#10168),#6315,#9609
  );
#10168 = PRESENTATION_STYLE_ASSIGNMENT((#10169));
#10169 = SURFACE_STYLE_USAGE(.BOTH.,#10170);
#10170 = SURFACE_SIDE_STYLE('',(#10171));
#10171 = SURFACE_STYLE_FILL_AREA(#10172);
#10172 = FILL_AREA_STYLE('',(#10173));
#10173 = FILL_AREA_STYLE_COLOUR('',#9627);
#10174 = OVER_RIDING_STYLED_ITEM('overriding color',(#10175),#6332,#9609
  );
#10175 = PRESENTATION_STYLE_ASSIGNMENT((#10176));
#10176 = SURFACE_STYLE_USAGE(.BOTH.,#10177);
#10177 = SURFACE_SIDE_STYLE('',(#10178));
#10178 = SURFACE_STYLE_FILL_AREA(#10179);
#10179 = FILL_AREA_STYLE('',(#10180));
#10180 = FILL_AREA_STYLE_COLOUR('',#9627);
#10181 = OVER_RIDING_STYLED_ITEM('overriding color',(#10182),#6349,#9609
  );
#10182 = PRESENTATION_STYLE_ASSIGNMENT((#10183));
#10183 = SURFACE_STYLE_USAGE(.BOTH.,#10184);
#10184 = SURFACE_SIDE_STYLE('',(#10185));
#10185 = SURFACE_STYLE_FILL_AREA(#10186);
#10186 = FILL_AREA_STYLE('',(#10187));
#10187 = FILL_AREA_STYLE_COLOUR('',#9627);
#10188 = OVER_RIDING_STYLED_ITEM('overriding color',(#10189),#6366,#9609
  );
#10189 = PRESENTATION_STYLE_ASSIGNMENT((#10190));
#10190 = SURFACE_STYLE_USAGE(.BOTH.,#10191);
#10191 = SURFACE_SIDE_STYLE('',(#10192));
#10192 = SURFACE_STYLE_FILL_AREA(#10193);
#10193 = FILL_AREA_STYLE('',(#10194));
#10194 = FILL_AREA_STYLE_COLOUR('',#9627);
#10195 = OVER_RIDING_STYLED_ITEM('overriding color',(#10196),#6378,#9609
  );
#10196 = PRESENTATION_STYLE_ASSIGNMENT((#10197));
#10197 = SURFACE_STYLE_USAGE(.BOTH.,#10198);
#10198 = SURFACE_SIDE_STYLE('',(#10199));
#10199 = SURFACE_STYLE_FILL_AREA(#10200);
#10200 = FILL_AREA_STYLE('',(#10201));
#10201 = FILL_AREA_STYLE_COLOUR('',#9627);
#10202 = OVER_RIDING_STYLED_ITEM('overriding color',(#10203),#6395,#9609
  );
#10203 = PRESENTATION_STYLE_ASSIGNMENT((#10204));
#10204 = SURFACE_STYLE_USAGE(.BOTH.,#10205);
#10205 = SURFACE_SIDE_STYLE('',(#10206));
#10206 = SURFACE_STYLE_FILL_AREA(#10207);
#10207 = FILL_AREA_STYLE('',(#10208));
#10208 = FILL_AREA_STYLE_COLOUR('',#9627);
#10209 = OVER_RIDING_STYLED_ITEM('overriding color',(#10210),#6429,#9609
  );
#10210 = PRESENTATION_STYLE_ASSIGNMENT((#10211));
#10211 = SURFACE_STYLE_USAGE(.BOTH.,#10212);
#10212 = SURFACE_SIDE_STYLE('',(#10213));
#10213 = SURFACE_STYLE_FILL_AREA(#10214);
#10214 = FILL_AREA_STYLE('',(#10215));
#10215 = FILL_AREA_STYLE_COLOUR('',#9627);
#10216 = OVER_RIDING_STYLED_ITEM('overriding color',(#10217),#6551,#9609
  );
#10217 = PRESENTATION_STYLE_ASSIGNMENT((#10218));
#10218 = SURFACE_STYLE_USAGE(.BOTH.,#10219);
#10219 = SURFACE_SIDE_STYLE('',(#10220));
#10220 = SURFACE_STYLE_FILL_AREA(#10221);
#10221 = FILL_AREA_STYLE('',(#10222));
#10222 = FILL_AREA_STYLE_COLOUR('',#9627);
#10223 = OVER_RIDING_STYLED_ITEM('overriding color',(#10224),#6575,#9609
  );
#10224 = PRESENTATION_STYLE_ASSIGNMENT((#10225));
#10225 = SURFACE_STYLE_USAGE(.BOTH.,#10226);
#10226 = SURFACE_SIDE_STYLE('',(#10227));
#10227 = SURFACE_STYLE_FILL_AREA(#10228);
#10228 = FILL_AREA_STYLE('',(#10229));
#10229 = FILL_AREA_STYLE_COLOUR('',#9627);
#10230 = OVER_RIDING_STYLED_ITEM('overriding color',(#10231),#6712,#9609
  );
#10231 = PRESENTATION_STYLE_ASSIGNMENT((#10232));
#10232 = SURFACE_STYLE_USAGE(.BOTH.,#10233);
#10233 = SURFACE_SIDE_STYLE('',(#10234));
#10234 = SURFACE_STYLE_FILL_AREA(#10235);
#10235 = FILL_AREA_STYLE('',(#10236));
#10236 = FILL_AREA_STYLE_COLOUR('',#9627);
#10237 = OVER_RIDING_STYLED_ITEM('overriding color',(#10238),#6729,#9609
  );
#10238 = PRESENTATION_STYLE_ASSIGNMENT((#10239));
#10239 = SURFACE_STYLE_USAGE(.BOTH.,#10240);
#10240 = SURFACE_SIDE_STYLE('',(#10241));
#10241 = SURFACE_STYLE_FILL_AREA(#10242);
#10242 = FILL_AREA_STYLE('',(#10243));
#10243 = FILL_AREA_STYLE_COLOUR('',#9627);
#10244 = OVER_RIDING_STYLED_ITEM('overriding color',(#10245),#6746,#9609
  );
#10245 = PRESENTATION_STYLE_ASSIGNMENT((#10246));
#10246 = SURFACE_STYLE_USAGE(.BOTH.,#10247);
#10247 = SURFACE_SIDE_STYLE('',(#10248));
#10248 = SURFACE_STYLE_FILL_AREA(#10249);
#10249 = FILL_AREA_STYLE('',(#10250));
#10250 = FILL_AREA_STYLE_COLOUR('',#9627);
#10251 = OVER_RIDING_STYLED_ITEM('overriding color',(#10252),#6763,#9609
  );
#10252 = PRESENTATION_STYLE_ASSIGNMENT((#10253));
#10253 = SURFACE_STYLE_USAGE(.BOTH.,#10254);
#10254 = SURFACE_SIDE_STYLE('',(#10255));
#10255 = SURFACE_STYLE_FILL_AREA(#10256);
#10256 = FILL_AREA_STYLE('',(#10257));
#10257 = FILL_AREA_STYLE_COLOUR('',#9627);
#10258 = OVER_RIDING_STYLED_ITEM('overriding color',(#10259),#6780,#9609
  );
#10259 = PRESENTATION_STYLE_ASSIGNMENT((#10260));
#10260 = SURFACE_STYLE_USAGE(.BOTH.,#10261);
#10261 = SURFACE_SIDE_STYLE('',(#10262));
#10262 = SURFACE_STYLE_FILL_AREA(#10263);
#10263 = FILL_AREA_STYLE('',(#10264));
#10264 = FILL_AREA_STYLE_COLOUR('',#9627);
#10265 = OVER_RIDING_STYLED_ITEM('overriding color',(#10266),#6797,#9609
  );
#10266 = PRESENTATION_STYLE_ASSIGNMENT((#10267));
#10267 = SURFACE_STYLE_USAGE(.BOTH.,#10268);
#10268 = SURFACE_SIDE_STYLE('',(#10269));
#10269 = SURFACE_STYLE_FILL_AREA(#10270);
#10270 = FILL_AREA_STYLE('',(#10271));
#10271 = FILL_AREA_STYLE_COLOUR('',#9627);
#10272 = OVER_RIDING_STYLED_ITEM('overriding color',(#10273),#6814,#9609
  );
#10273 = PRESENTATION_STYLE_ASSIGNMENT((#10274));
#10274 = SURFACE_STYLE_USAGE(.BOTH.,#10275);
#10275 = SURFACE_SIDE_STYLE('',(#10276));
#10276 = SURFACE_STYLE_FILL_AREA(#10277);
#10277 = FILL_AREA_STYLE('',(#10278));
#10278 = FILL_AREA_STYLE_COLOUR('',#9627);
#10279 = OVER_RIDING_STYLED_ITEM('overriding color',(#10280),#6826,#9609
  );
#10280 = PRESENTATION_STYLE_ASSIGNMENT((#10281));
#10281 = SURFACE_STYLE_USAGE(.BOTH.,#10282);
#10282 = SURFACE_SIDE_STYLE('',(#10283));
#10283 = SURFACE_STYLE_FILL_AREA(#10284);
#10284 = FILL_AREA_STYLE('',(#10285));
#10285 = FILL_AREA_STYLE_COLOUR('',#9627);
#10286 = OVER_RIDING_STYLED_ITEM('overriding color',(#10287),#6843,#9609
  );
#10287 = PRESENTATION_STYLE_ASSIGNMENT((#10288));
#10288 = SURFACE_STYLE_USAGE(.BOTH.,#10289);
#10289 = SURFACE_SIDE_STYLE('',(#10290));
#10290 = SURFACE_STYLE_FILL_AREA(#10291);
#10291 = FILL_AREA_STYLE('',(#10292));
#10292 = FILL_AREA_STYLE_COLOUR('',#9627);
#10293 = OVER_RIDING_STYLED_ITEM('overriding color',(#10294),#6877,#9609
  );
#10294 = PRESENTATION_STYLE_ASSIGNMENT((#10295));
#10295 = SURFACE_STYLE_USAGE(.BOTH.,#10296);
#10296 = SURFACE_SIDE_STYLE('',(#10297));
#10297 = SURFACE_STYLE_FILL_AREA(#10298);
#10298 = FILL_AREA_STYLE('',(#10299));
#10299 = FILL_AREA_STYLE_COLOUR('',#9627);
#10300 = OVER_RIDING_STYLED_ITEM('overriding color',(#10301),#6999,#9609
  );
#10301 = PRESENTATION_STYLE_ASSIGNMENT((#10302));
#10302 = SURFACE_STYLE_USAGE(.BOTH.,#10303);
#10303 = SURFACE_SIDE_STYLE('',(#10304));
#10304 = SURFACE_STYLE_FILL_AREA(#10305);
#10305 = FILL_AREA_STYLE('',(#10306));
#10306 = FILL_AREA_STYLE_COLOUR('',#9627);
#10307 = OVER_RIDING_STYLED_ITEM('overriding color',(#10308),#7023,#9609
  );
#10308 = PRESENTATION_STYLE_ASSIGNMENT((#10309));
#10309 = SURFACE_STYLE_USAGE(.BOTH.,#10310);
#10310 = SURFACE_SIDE_STYLE('',(#10311));
#10311 = SURFACE_STYLE_FILL_AREA(#10312);
#10312 = FILL_AREA_STYLE('',(#10313));
#10313 = FILL_AREA_STYLE_COLOUR('',#9627);
#10314 = OVER_RIDING_STYLED_ITEM('overriding color',(#10315),#7160,#9609
  );
#10315 = PRESENTATION_STYLE_ASSIGNMENT((#10316));
#10316 = SURFACE_STYLE_USAGE(.BOTH.,#10317);
#10317 = SURFACE_SIDE_STYLE('',(#10318));
#10318 = SURFACE_STYLE_FILL_AREA(#10319);
#10319 = FILL_AREA_STYLE('',(#10320));
#10320 = FILL_AREA_STYLE_COLOUR('',#9627);
#10321 = OVER_RIDING_STYLED_ITEM('overriding color',(#10322),#7177,#9609
  );
#10322 = PRESENTATION_STYLE_ASSIGNMENT((#10323));
#10323 = SURFACE_STYLE_USAGE(.BOTH.,#10324);
#10324 = SURFACE_SIDE_STYLE('',(#10325));
#10325 = SURFACE_STYLE_FILL_AREA(#10326);
#10326 = FILL_AREA_STYLE('',(#10327));
#10327 = FILL_AREA_STYLE_COLOUR('',#9627);
#10328 = OVER_RIDING_STYLED_ITEM('overriding color',(#10329),#7194,#9609
  );
#10329 = PRESENTATION_STYLE_ASSIGNMENT((#10330));
#10330 = SURFACE_STYLE_USAGE(.BOTH.,#10331);
#10331 = SURFACE_SIDE_STYLE('',(#10332));
#10332 = SURFACE_STYLE_FILL_AREA(#10333);
#10333 = FILL_AREA_STYLE('',(#10334));
#10334 = FILL_AREA_STYLE_COLOUR('',#9627);
#10335 = OVER_RIDING_STYLED_ITEM('overriding color',(#10336),#7211,#9609
  );
#10336 = PRESENTATION_STYLE_ASSIGNMENT((#10337));
#10337 = SURFACE_STYLE_USAGE(.BOTH.,#10338);
#10338 = SURFACE_SIDE_STYLE('',(#10339));
#10339 = SURFACE_STYLE_FILL_AREA(#10340);
#10340 = FILL_AREA_STYLE('',(#10341));
#10341 = FILL_AREA_STYLE_COLOUR('',#9627);
#10342 = OVER_RIDING_STYLED_ITEM('overriding color',(#10343),#7228,#9609
  );
#10343 = PRESENTATION_STYLE_ASSIGNMENT((#10344));
#10344 = SURFACE_STYLE_USAGE(.BOTH.,#10345);
#10345 = SURFACE_SIDE_STYLE('',(#10346));
#10346 = SURFACE_STYLE_FILL_AREA(#10347);
#10347 = FILL_AREA_STYLE('',(#10348));
#10348 = FILL_AREA_STYLE_COLOUR('',#9627);
#10349 = OVER_RIDING_STYLED_ITEM('overriding color',(#10350),#7245,#9609
  );
#10350 = PRESENTATION_STYLE_ASSIGNMENT((#10351));
#10351 = SURFACE_STYLE_USAGE(.BOTH.,#10352);
#10352 = SURFACE_SIDE_STYLE('',(#10353));
#10353 = SURFACE_STYLE_FILL_AREA(#10354);
#10354 = FILL_AREA_STYLE('',(#10355));
#10355 = FILL_AREA_STYLE_COLOUR('',#9627);
#10356 = OVER_RIDING_STYLED_ITEM('overriding color',(#10357),#7262,#9609
  );
#10357 = PRESENTATION_STYLE_ASSIGNMENT((#10358));
#10358 = SURFACE_STYLE_USAGE(.BOTH.,#10359);
#10359 = SURFACE_SIDE_STYLE('',(#10360));
#10360 = SURFACE_STYLE_FILL_AREA(#10361);
#10361 = FILL_AREA_STYLE('',(#10362));
#10362 = FILL_AREA_STYLE_COLOUR('',#9627);
#10363 = OVER_RIDING_STYLED_ITEM('overriding color',(#10364),#7274,#9609
  );
#10364 = PRESENTATION_STYLE_ASSIGNMENT((#10365));
#10365 = SURFACE_STYLE_USAGE(.BOTH.,#10366);
#10366 = SURFACE_SIDE_STYLE('',(#10367));
#10367 = SURFACE_STYLE_FILL_AREA(#10368);
#10368 = FILL_AREA_STYLE('',(#10369));
#10369 = FILL_AREA_STYLE_COLOUR('',#9627);
#10370 = OVER_RIDING_STYLED_ITEM('overriding color',(#10371),#7291,#9609
  );
#10371 = PRESENTATION_STYLE_ASSIGNMENT((#10372));
#10372 = SURFACE_STYLE_USAGE(.BOTH.,#10373);
#10373 = SURFACE_SIDE_STYLE('',(#10374));
#10374 = SURFACE_STYLE_FILL_AREA(#10375);
#10375 = FILL_AREA_STYLE('',(#10376));
#10376 = FILL_AREA_STYLE_COLOUR('',#9627);
#10377 = OVER_RIDING_STYLED_ITEM('overriding color',(#10378),#7325,#9609
  );
#10378 = PRESENTATION_STYLE_ASSIGNMENT((#10379));
#10379 = SURFACE_STYLE_USAGE(.BOTH.,#10380);
#10380 = SURFACE_SIDE_STYLE('',(#10381));
#10381 = SURFACE_STYLE_FILL_AREA(#10382);
#10382 = FILL_AREA_STYLE('',(#10383));
#10383 = FILL_AREA_STYLE_COLOUR('',#9627);
#10384 = OVER_RIDING_STYLED_ITEM('overriding color',(#10385),#7447,#9609
  );
#10385 = PRESENTATION_STYLE_ASSIGNMENT((#10386));
#10386 = SURFACE_STYLE_USAGE(.BOTH.,#10387);
#10387 = SURFACE_SIDE_STYLE('',(#10388));
#10388 = SURFACE_STYLE_FILL_AREA(#10389);
#10389 = FILL_AREA_STYLE('',(#10390));
#10390 = FILL_AREA_STYLE_COLOUR('',#9627);
#10391 = OVER_RIDING_STYLED_ITEM('overriding color',(#10392),#7471,#9609
  );
#10392 = PRESENTATION_STYLE_ASSIGNMENT((#10393));
#10393 = SURFACE_STYLE_USAGE(.BOTH.,#10394);
#10394 = SURFACE_SIDE_STYLE('',(#10395));
#10395 = SURFACE_STYLE_FILL_AREA(#10396);
#10396 = FILL_AREA_STYLE('',(#10397));
#10397 = FILL_AREA_STYLE_COLOUR('',#9627);
#10398 = OVER_RIDING_STYLED_ITEM('overriding color',(#10399),#7608,#9609
  );
#10399 = PRESENTATION_STYLE_ASSIGNMENT((#10400));
#10400 = SURFACE_STYLE_USAGE(.BOTH.,#10401);
#10401 = SURFACE_SIDE_STYLE('',(#10402));
#10402 = SURFACE_STYLE_FILL_AREA(#10403);
#10403 = FILL_AREA_STYLE('',(#10404));
#10404 = FILL_AREA_STYLE_COLOUR('',#9627);
#10405 = OVER_RIDING_STYLED_ITEM('overriding color',(#10406),#7625,#9609
  );
#10406 = PRESENTATION_STYLE_ASSIGNMENT((#10407));
#10407 = SURFACE_STYLE_USAGE(.BOTH.,#10408);
#10408 = SURFACE_SIDE_STYLE('',(#10409));
#10409 = SURFACE_STYLE_FILL_AREA(#10410);
#10410 = FILL_AREA_STYLE('',(#10411));
#10411 = FILL_AREA_STYLE_COLOUR('',#9627);
#10412 = OVER_RIDING_STYLED_ITEM('overriding color',(#10413),#7642,#9609
  );
#10413 = PRESENTATION_STYLE_ASSIGNMENT((#10414));
#10414 = SURFACE_STYLE_USAGE(.BOTH.,#10415);
#10415 = SURFACE_SIDE_STYLE('',(#10416));
#10416 = SURFACE_STYLE_FILL_AREA(#10417);
#10417 = FILL_AREA_STYLE('',(#10418));
#10418 = FILL_AREA_STYLE_COLOUR('',#9627);
#10419 = OVER_RIDING_STYLED_ITEM('overriding color',(#10420),#7659,#9609
  );
#10420 = PRESENTATION_STYLE_ASSIGNMENT((#10421));
#10421 = SURFACE_STYLE_USAGE(.BOTH.,#10422);
#10422 = SURFACE_SIDE_STYLE('',(#10423));
#10423 = SURFACE_STYLE_FILL_AREA(#10424);
#10424 = FILL_AREA_STYLE('',(#10425));
#10425 = FILL_AREA_STYLE_COLOUR('',#9627);
#10426 = OVER_RIDING_STYLED_ITEM('overriding color',(#10427),#7676,#9609
  );
#10427 = PRESENTATION_STYLE_ASSIGNMENT((#10428));
#10428 = SURFACE_STYLE_USAGE(.BOTH.,#10429);
#10429 = SURFACE_SIDE_STYLE('',(#10430));
#10430 = SURFACE_STYLE_FILL_AREA(#10431);
#10431 = FILL_AREA_STYLE('',(#10432));
#10432 = FILL_AREA_STYLE_COLOUR('',#9627);
#10433 = OVER_RIDING_STYLED_ITEM('overriding color',(#10434),#7693,#9609
  );
#10434 = PRESENTATION_STYLE_ASSIGNMENT((#10435));
#10435 = SURFACE_STYLE_USAGE(.BOTH.,#10436);
#10436 = SURFACE_SIDE_STYLE('',(#10437));
#10437 = SURFACE_STYLE_FILL_AREA(#10438);
#10438 = FILL_AREA_STYLE('',(#10439));
#10439 = FILL_AREA_STYLE_COLOUR('',#9627);
#10440 = OVER_RIDING_STYLED_ITEM('overriding color',(#10441),#7710,#9609
  );
#10441 = PRESENTATION_STYLE_ASSIGNMENT((#10442));
#10442 = SURFACE_STYLE_USAGE(.BOTH.,#10443);
#10443 = SURFACE_SIDE_STYLE('',(#10444));
#10444 = SURFACE_STYLE_FILL_AREA(#10445);
#10445 = FILL_AREA_STYLE('',(#10446));
#10446 = FILL_AREA_STYLE_COLOUR('',#9627);
#10447 = OVER_RIDING_STYLED_ITEM('overriding color',(#10448),#7722,#9609
  );
#10448 = PRESENTATION_STYLE_ASSIGNMENT((#10449));
#10449 = SURFACE_STYLE_USAGE(.BOTH.,#10450);
#10450 = SURFACE_SIDE_STYLE('',(#10451));
#10451 = SURFACE_STYLE_FILL_AREA(#10452);
#10452 = FILL_AREA_STYLE('',(#10453));
#10453 = FILL_AREA_STYLE_COLOUR('',#9627);
#10454 = OVER_RIDING_STYLED_ITEM('overriding color',(#10455),#7739,#9609
  );
#10455 = PRESENTATION_STYLE_ASSIGNMENT((#10456));
#10456 = SURFACE_STYLE_USAGE(.BOTH.,#10457);
#10457 = SURFACE_SIDE_STYLE('',(#10458));
#10458 = SURFACE_STYLE_FILL_AREA(#10459);
#10459 = FILL_AREA_STYLE('',(#10460));
#10460 = FILL_AREA_STYLE_COLOUR('',#9627);
#10461 = OVER_RIDING_STYLED_ITEM('overriding color',(#10462),#7773,#9609
  );
#10462 = PRESENTATION_STYLE_ASSIGNMENT((#10463));
#10463 = SURFACE_STYLE_USAGE(.BOTH.,#10464);
#10464 = SURFACE_SIDE_STYLE('',(#10465));
#10465 = SURFACE_STYLE_FILL_AREA(#10466);
#10466 = FILL_AREA_STYLE('',(#10467));
#10467 = FILL_AREA_STYLE_COLOUR('',#9627);
#10468 = OVER_RIDING_STYLED_ITEM('overriding color',(#10469),#7895,#9609
  );
#10469 = PRESENTATION_STYLE_ASSIGNMENT((#10470));
#10470 = SURFACE_STYLE_USAGE(.BOTH.,#10471);
#10471 = SURFACE_SIDE_STYLE('',(#10472));
#10472 = SURFACE_STYLE_FILL_AREA(#10473);
#10473 = FILL_AREA_STYLE('',(#10474));
#10474 = FILL_AREA_STYLE_COLOUR('',#9627);
#10475 = OVER_RIDING_STYLED_ITEM('overriding color',(#10476),#7919,#9609
  );
#10476 = PRESENTATION_STYLE_ASSIGNMENT((#10477));
#10477 = SURFACE_STYLE_USAGE(.BOTH.,#10478);
#10478 = SURFACE_SIDE_STYLE('',(#10479));
#10479 = SURFACE_STYLE_FILL_AREA(#10480);
#10480 = FILL_AREA_STYLE('',(#10481));
#10481 = FILL_AREA_STYLE_COLOUR('',#9627);
#10482 = OVER_RIDING_STYLED_ITEM('overriding color',(#10483),#8056,#9609
  );
#10483 = PRESENTATION_STYLE_ASSIGNMENT((#10484));
#10484 = SURFACE_STYLE_USAGE(.BOTH.,#10485);
#10485 = SURFACE_SIDE_STYLE('',(#10486));
#10486 = SURFACE_STYLE_FILL_AREA(#10487);
#10487 = FILL_AREA_STYLE('',(#10488));
#10488 = FILL_AREA_STYLE_COLOUR('',#9627);
#10489 = OVER_RIDING_STYLED_ITEM('overriding color',(#10490),#8073,#9609
  );
#10490 = PRESENTATION_STYLE_ASSIGNMENT((#10491));
#10491 = SURFACE_STYLE_USAGE(.BOTH.,#10492);
#10492 = SURFACE_SIDE_STYLE('',(#10493));
#10493 = SURFACE_STYLE_FILL_AREA(#10494);
#10494 = FILL_AREA_STYLE('',(#10495));
#10495 = FILL_AREA_STYLE_COLOUR('',#9627);
#10496 = OVER_RIDING_STYLED_ITEM('overriding color',(#10497),#8090,#9609
  );
#10497 = PRESENTATION_STYLE_ASSIGNMENT((#10498));
#10498 = SURFACE_STYLE_USAGE(.BOTH.,#10499);
#10499 = SURFACE_SIDE_STYLE('',(#10500));
#10500 = SURFACE_STYLE_FILL_AREA(#10501);
#10501 = FILL_AREA_STYLE('',(#10502));
#10502 = FILL_AREA_STYLE_COLOUR('',#9627);
#10503 = OVER_RIDING_STYLED_ITEM('overriding color',(#10504),#8107,#9609
  );
#10504 = PRESENTATION_STYLE_ASSIGNMENT((#10505));
#10505 = SURFACE_STYLE_USAGE(.BOTH.,#10506);
#10506 = SURFACE_SIDE_STYLE('',(#10507));
#10507 = SURFACE_STYLE_FILL_AREA(#10508);
#10508 = FILL_AREA_STYLE('',(#10509));
#10509 = FILL_AREA_STYLE_COLOUR('',#9627);
#10510 = OVER_RIDING_STYLED_ITEM('overriding color',(#10511),#8124,#9609
  );
#10511 = PRESENTATION_STYLE_ASSIGNMENT((#10512));
#10512 = SURFACE_STYLE_USAGE(.BOTH.,#10513);
#10513 = SURFACE_SIDE_STYLE('',(#10514));
#10514 = SURFACE_STYLE_FILL_AREA(#10515);
#10515 = FILL_AREA_STYLE('',(#10516));
#10516 = FILL_AREA_STYLE_COLOUR('',#9627);
#10517 = OVER_RIDING_STYLED_ITEM('overriding color',(#10518),#8141,#9609
  );
#10518 = PRESENTATION_STYLE_ASSIGNMENT((#10519));
#10519 = SURFACE_STYLE_USAGE(.BOTH.,#10520);
#10520 = SURFACE_SIDE_STYLE('',(#10521));
#10521 = SURFACE_STYLE_FILL_AREA(#10522);
#10522 = FILL_AREA_STYLE('',(#10523));
#10523 = FILL_AREA_STYLE_COLOUR('',#9627);
#10524 = OVER_RIDING_STYLED_ITEM('overriding color',(#10525),#8158,#9609
  );
#10525 = PRESENTATION_STYLE_ASSIGNMENT((#10526));
#10526 = SURFACE_STYLE_USAGE(.BOTH.,#10527);
#10527 = SURFACE_SIDE_STYLE('',(#10528));
#10528 = SURFACE_STYLE_FILL_AREA(#10529);
#10529 = FILL_AREA_STYLE('',(#10530));
#10530 = FILL_AREA_STYLE_COLOUR('',#9627);
#10531 = OVER_RIDING_STYLED_ITEM('overriding color',(#10532),#8170,#9609
  );
#10532 = PRESENTATION_STYLE_ASSIGNMENT((#10533));
#10533 = SURFACE_STYLE_USAGE(.BOTH.,#10534);
#10534 = SURFACE_SIDE_STYLE('',(#10535));
#10535 = SURFACE_STYLE_FILL_AREA(#10536);
#10536 = FILL_AREA_STYLE('',(#10537));
#10537 = FILL_AREA_STYLE_COLOUR('',#9627);
#10538 = OVER_RIDING_STYLED_ITEM('overriding color',(#10539),#8187,#9609
  );
#10539 = PRESENTATION_STYLE_ASSIGNMENT((#10540));
#10540 = SURFACE_STYLE_USAGE(.BOTH.,#10541);
#10541 = SURFACE_SIDE_STYLE('',(#10542));
#10542 = SURFACE_STYLE_FILL_AREA(#10543);
#10543 = FILL_AREA_STYLE('',(#10544));
#10544 = FILL_AREA_STYLE_COLOUR('',#9627);
#10545 = OVER_RIDING_STYLED_ITEM('overriding color',(#10546),#8221,#9609
  );
#10546 = PRESENTATION_STYLE_ASSIGNMENT((#10547));
#10547 = SURFACE_STYLE_USAGE(.BOTH.,#10548);
#10548 = SURFACE_SIDE_STYLE('',(#10549));
#10549 = SURFACE_STYLE_FILL_AREA(#10550);
#10550 = FILL_AREA_STYLE('',(#10551));
#10551 = FILL_AREA_STYLE_COLOUR('',#9627);
#10552 = OVER_RIDING_STYLED_ITEM('overriding color',(#10553),#8343,#9609
  );
#10553 = PRESENTATION_STYLE_ASSIGNMENT((#10554));
#10554 = SURFACE_STYLE_USAGE(.BOTH.,#10555);
#10555 = SURFACE_SIDE_STYLE('',(#10556));
#10556 = SURFACE_STYLE_FILL_AREA(#10557);
#10557 = FILL_AREA_STYLE('',(#10558));
#10558 = FILL_AREA_STYLE_COLOUR('',#9627);
#10559 = OVER_RIDING_STYLED_ITEM('overriding color',(#10560),#8367,#9609
  );
#10560 = PRESENTATION_STYLE_ASSIGNMENT((#10561));
#10561 = SURFACE_STYLE_USAGE(.BOTH.,#10562);
#10562 = SURFACE_SIDE_STYLE('',(#10563));
#10563 = SURFACE_STYLE_FILL_AREA(#10564);
#10564 = FILL_AREA_STYLE('',(#10565));
#10565 = FILL_AREA_STYLE_COLOUR('',#9627);
#10566 = OVER_RIDING_STYLED_ITEM('overriding color',(#10567),#8504,#9609
  );
#10567 = PRESENTATION_STYLE_ASSIGNMENT((#10568));
#10568 = SURFACE_STYLE_USAGE(.BOTH.,#10569);
#10569 = SURFACE_SIDE_STYLE('',(#10570));
#10570 = SURFACE_STYLE_FILL_AREA(#10571);
#10571 = FILL_AREA_STYLE('',(#10572));
#10572 = FILL_AREA_STYLE_COLOUR('',#9627);
#10573 = OVER_RIDING_STYLED_ITEM('overriding color',(#10574),#8521,#9609
  );
#10574 = PRESENTATION_STYLE_ASSIGNMENT((#10575));
#10575 = SURFACE_STYLE_USAGE(.BOTH.,#10576);
#10576 = SURFACE_SIDE_STYLE('',(#10577));
#10577 = SURFACE_STYLE_FILL_AREA(#10578);
#10578 = FILL_AREA_STYLE('',(#10579));
#10579 = FILL_AREA_STYLE_COLOUR('',#9627);
#10580 = OVER_RIDING_STYLED_ITEM('overriding color',(#10581),#8538,#9609
  );
#10581 = PRESENTATION_STYLE_ASSIGNMENT((#10582));
#10582 = SURFACE_STYLE_USAGE(.BOTH.,#10583);
#10583 = SURFACE_SIDE_STYLE('',(#10584));
#10584 = SURFACE_STYLE_FILL_AREA(#10585);
#10585 = FILL_AREA_STYLE('',(#10586));
#10586 = FILL_AREA_STYLE_COLOUR('',#9627);
#10587 = OVER_RIDING_STYLED_ITEM('overriding color',(#10588),#8555,#9609
  );
#10588 = PRESENTATION_STYLE_ASSIGNMENT((#10589));
#10589 = SURFACE_STYLE_USAGE(.BOTH.,#10590);
#10590 = SURFACE_SIDE_STYLE('',(#10591));
#10591 = SURFACE_STYLE_FILL_AREA(#10592);
#10592 = FILL_AREA_STYLE('',(#10593));
#10593 = FILL_AREA_STYLE_COLOUR('',#9627);
#10594 = OVER_RIDING_STYLED_ITEM('overriding color',(#10595),#8572,#9609
  );
#10595 = PRESENTATION_STYLE_ASSIGNMENT((#10596));
#10596 = SURFACE_STYLE_USAGE(.BOTH.,#10597);
#10597 = SURFACE_SIDE_STYLE('',(#10598));
#10598 = SURFACE_STYLE_FILL_AREA(#10599);
#10599 = FILL_AREA_STYLE('',(#10600));
#10600 = FILL_AREA_STYLE_COLOUR('',#9627);
#10601 = OVER_RIDING_STYLED_ITEM('overriding color',(#10602),#8589,#9609
  );
#10602 = PRESENTATION_STYLE_ASSIGNMENT((#10603));
#10603 = SURFACE_STYLE_USAGE(.BOTH.,#10604);
#10604 = SURFACE_SIDE_STYLE('',(#10605));
#10605 = SURFACE_STYLE_FILL_AREA(#10606);
#10606 = FILL_AREA_STYLE('',(#10607));
#10607 = FILL_AREA_STYLE_COLOUR('',#9627);
#10608 = OVER_RIDING_STYLED_ITEM('overriding color',(#10609),#8606,#9609
  );
#10609 = PRESENTATION_STYLE_ASSIGNMENT((#10610));
#10610 = SURFACE_STYLE_USAGE(.BOTH.,#10611);
#10611 = SURFACE_SIDE_STYLE('',(#10612));
#10612 = SURFACE_STYLE_FILL_AREA(#10613);
#10613 = FILL_AREA_STYLE('',(#10614));
#10614 = FILL_AREA_STYLE_COLOUR('',#9627);
#10615 = OVER_RIDING_STYLED_ITEM('overriding color',(#10616),#8618,#9609
  );
#10616 = PRESENTATION_STYLE_ASSIGNMENT((#10617));
#10617 = SURFACE_STYLE_USAGE(.BOTH.,#10618);
#10618 = SURFACE_SIDE_STYLE('',(#10619));
#10619 = SURFACE_STYLE_FILL_AREA(#10620);
#10620 = FILL_AREA_STYLE('',(#10621));
#10621 = FILL_AREA_STYLE_COLOUR('',#9627);
#10622 = OVER_RIDING_STYLED_ITEM('overriding color',(#10623),#8635,#9609
  );
#10623 = PRESENTATION_STYLE_ASSIGNMENT((#10624));
#10624 = SURFACE_STYLE_USAGE(.BOTH.,#10625);
#10625 = SURFACE_SIDE_STYLE('',(#10626));
#10626 = SURFACE_STYLE_FILL_AREA(#10627);
#10627 = FILL_AREA_STYLE('',(#10628));
#10628 = FILL_AREA_STYLE_COLOUR('',#9627);
#10629 = OVER_RIDING_STYLED_ITEM('overriding color',(#10630),#8669,#9609
  );
#10630 = PRESENTATION_STYLE_ASSIGNMENT((#10631));
#10631 = SURFACE_STYLE_USAGE(.BOTH.,#10632);
#10632 = SURFACE_SIDE_STYLE('',(#10633));
#10633 = SURFACE_STYLE_FILL_AREA(#10634);
#10634 = FILL_AREA_STYLE('',(#10635));
#10635 = FILL_AREA_STYLE_COLOUR('',#9627);
#10636 = OVER_RIDING_STYLED_ITEM('overriding color',(#10637),#8791,#9609
  );
#10637 = PRESENTATION_STYLE_ASSIGNMENT((#10638));
#10638 = SURFACE_STYLE_USAGE(.BOTH.,#10639);
#10639 = SURFACE_SIDE_STYLE('',(#10640));
#10640 = SURFACE_STYLE_FILL_AREA(#10641);
#10641 = FILL_AREA_STYLE('',(#10642));
#10642 = FILL_AREA_STYLE_COLOUR('',#9627);
#10643 = OVER_RIDING_STYLED_ITEM('overriding color',(#10644),#8815,#9609
  );
#10644 = PRESENTATION_STYLE_ASSIGNMENT((#10645));
#10645 = SURFACE_STYLE_USAGE(.BOTH.,#10646);
#10646 = SURFACE_SIDE_STYLE('',(#10647));
#10647 = SURFACE_STYLE_FILL_AREA(#10648);
#10648 = FILL_AREA_STYLE('',(#10649));
#10649 = FILL_AREA_STYLE_COLOUR('',#9627);
#10650 = OVER_RIDING_STYLED_ITEM('overriding color',(#10651),#8952,#9609
  );
#10651 = PRESENTATION_STYLE_ASSIGNMENT((#10652));
#10652 = SURFACE_STYLE_USAGE(.BOTH.,#10653);
#10653 = SURFACE_SIDE_STYLE('',(#10654));
#10654 = SURFACE_STYLE_FILL_AREA(#10655);
#10655 = FILL_AREA_STYLE('',(#10656));
#10656 = FILL_AREA_STYLE_COLOUR('',#9627);
#10657 = OVER_RIDING_STYLED_ITEM('overriding color',(#10658),#8969,#9609
  );
#10658 = PRESENTATION_STYLE_ASSIGNMENT((#10659));
#10659 = SURFACE_STYLE_USAGE(.BOTH.,#10660);
#10660 = SURFACE_SIDE_STYLE('',(#10661));
#10661 = SURFACE_STYLE_FILL_AREA(#10662);
#10662 = FILL_AREA_STYLE('',(#10663));
#10663 = FILL_AREA_STYLE_COLOUR('',#9627);
#10664 = OVER_RIDING_STYLED_ITEM('overriding color',(#10665),#8986,#9609
  );
#10665 = PRESENTATION_STYLE_ASSIGNMENT((#10666));
#10666 = SURFACE_STYLE_USAGE(.BOTH.,#10667);
#10667 = SURFACE_SIDE_STYLE('',(#10668));
#10668 = SURFACE_STYLE_FILL_AREA(#10669);
#10669 = FILL_AREA_STYLE('',(#10670));
#10670 = FILL_AREA_STYLE_COLOUR('',#9627);
#10671 = OVER_RIDING_STYLED_ITEM('overriding color',(#10672),#9003,#9609
  );
#10672 = PRESENTATION_STYLE_ASSIGNMENT((#10673));
#10673 = SURFACE_STYLE_USAGE(.BOTH.,#10674);
#10674 = SURFACE_SIDE_STYLE('',(#10675));
#10675 = SURFACE_STYLE_FILL_AREA(#10676);
#10676 = FILL_AREA_STYLE('',(#10677));
#10677 = FILL_AREA_STYLE_COLOUR('',#9627);
#10678 = OVER_RIDING_STYLED_ITEM('overriding color',(#10679),#9020,#9609
  );
#10679 = PRESENTATION_STYLE_ASSIGNMENT((#10680));
#10680 = SURFACE_STYLE_USAGE(.BOTH.,#10681);
#10681 = SURFACE_SIDE_STYLE('',(#10682));
#10682 = SURFACE_STYLE_FILL_AREA(#10683);
#10683 = FILL_AREA_STYLE('',(#10684));
#10684 = FILL_AREA_STYLE_COLOUR('',#9627);
#10685 = OVER_RIDING_STYLED_ITEM('overriding color',(#10686),#9037,#9609
  );
#10686 = PRESENTATION_STYLE_ASSIGNMENT((#10687));
#10687 = SURFACE_STYLE_USAGE(.BOTH.,#10688);
#10688 = SURFACE_SIDE_STYLE('',(#10689));
#10689 = SURFACE_STYLE_FILL_AREA(#10690);
#10690 = FILL_AREA_STYLE('',(#10691));
#10691 = FILL_AREA_STYLE_COLOUR('',#9627);
#10692 = OVER_RIDING_STYLED_ITEM('overriding color',(#10693),#9054,#9609
  );
#10693 = PRESENTATION_STYLE_ASSIGNMENT((#10694));
#10694 = SURFACE_STYLE_USAGE(.BOTH.,#10695);
#10695 = SURFACE_SIDE_STYLE('',(#10696));
#10696 = SURFACE_STYLE_FILL_AREA(#10697);
#10697 = FILL_AREA_STYLE('',(#10698));
#10698 = FILL_AREA_STYLE_COLOUR('',#9627);
#10699 = OVER_RIDING_STYLED_ITEM('overriding color',(#10700),#9066,#9609
  );
#10700 = PRESENTATION_STYLE_ASSIGNMENT((#10701));
#10701 = SURFACE_STYLE_USAGE(.BOTH.,#10702);
#10702 = SURFACE_SIDE_STYLE('',(#10703));
#10703 = SURFACE_STYLE_FILL_AREA(#10704);
#10704 = FILL_AREA_STYLE('',(#10705));
#10705 = FILL_AREA_STYLE_COLOUR('',#9627);
#10706 = OVER_RIDING_STYLED_ITEM('overriding color',(#10707),#9083,#9609
  );
#10707 = PRESENTATION_STYLE_ASSIGNMENT((#10708));
#10708 = SURFACE_STYLE_USAGE(.BOTH.,#10709);
#10709 = SURFACE_SIDE_STYLE('',(#10710));
#10710 = SURFACE_STYLE_FILL_AREA(#10711);
#10711 = FILL_AREA_STYLE('',(#10712));
#10712 = FILL_AREA_STYLE_COLOUR('',#9627);
#10713 = OVER_RIDING_STYLED_ITEM('overriding color',(#10714),#9117,#9609
  );
#10714 = PRESENTATION_STYLE_ASSIGNMENT((#10715));
#10715 = SURFACE_STYLE_USAGE(.BOTH.,#10716);
#10716 = SURFACE_SIDE_STYLE('',(#10717));
#10717 = SURFACE_STYLE_FILL_AREA(#10718);
#10718 = FILL_AREA_STYLE('',(#10719));
#10719 = FILL_AREA_STYLE_COLOUR('',#9627);
#10720 = OVER_RIDING_STYLED_ITEM('overriding color',(#10721),#9239,#9609
  );
#10721 = PRESENTATION_STYLE_ASSIGNMENT((#10722));
#10722 = SURFACE_STYLE_USAGE(.BOTH.,#10723);
#10723 = SURFACE_SIDE_STYLE('',(#10724));
#10724 = SURFACE_STYLE_FILL_AREA(#10725);
#10725 = FILL_AREA_STYLE('',(#10726));
#10726 = FILL_AREA_STYLE_COLOUR('',#9627);
#10727 = OVER_RIDING_STYLED_ITEM('overriding color',(#10728),#9263,#9609
  );
#10728 = PRESENTATION_STYLE_ASSIGNMENT((#10729));
#10729 = SURFACE_STYLE_USAGE(.BOTH.,#10730);
#10730 = SURFACE_SIDE_STYLE('',(#10731));
#10731 = SURFACE_STYLE_FILL_AREA(#10732);
#10732 = FILL_AREA_STYLE('',(#10733));
#10733 = FILL_AREA_STYLE_COLOUR('',#9627);
#10734 = OVER_RIDING_STYLED_ITEM('overriding color',(#10735),#9400,#9609
  );
#10735 = PRESENTATION_STYLE_ASSIGNMENT((#10736));
#10736 = SURFACE_STYLE_USAGE(.BOTH.,#10737);
#10737 = SURFACE_SIDE_STYLE('',(#10738));
#10738 = SURFACE_STYLE_FILL_AREA(#10739);
#10739 = FILL_AREA_STYLE('',(#10740));
#10740 = FILL_AREA_STYLE_COLOUR('',#9627);
#10741 = OVER_RIDING_STYLED_ITEM('overriding color',(#10742),#9417,#9609
  );
#10742 = PRESENTATION_STYLE_ASSIGNMENT((#10743));
#10743 = SURFACE_STYLE_USAGE(.BOTH.,#10744);
#10744 = SURFACE_SIDE_STYLE('',(#10745));
#10745 = SURFACE_STYLE_FILL_AREA(#10746);
#10746 = FILL_AREA_STYLE('',(#10747));
#10747 = FILL_AREA_STYLE_COLOUR('',#9627);
#10748 = OVER_RIDING_STYLED_ITEM('overriding color',(#10749),#9434,#9609
  );
#10749 = PRESENTATION_STYLE_ASSIGNMENT((#10750));
#10750 = SURFACE_STYLE_USAGE(.BOTH.,#10751);
#10751 = SURFACE_SIDE_STYLE('',(#10752));
#10752 = SURFACE_STYLE_FILL_AREA(#10753);
#10753 = FILL_AREA_STYLE('',(#10754));
#10754 = FILL_AREA_STYLE_COLOUR('',#9627);
#10755 = OVER_RIDING_STYLED_ITEM('overriding color',(#10756),#9451,#9609
  );
#10756 = PRESENTATION_STYLE_ASSIGNMENT((#10757));
#10757 = SURFACE_STYLE_USAGE(.BOTH.,#10758);
#10758 = SURFACE_SIDE_STYLE('',(#10759));
#10759 = SURFACE_STYLE_FILL_AREA(#10760);
#10760 = FILL_AREA_STYLE('',(#10761));
#10761 = FILL_AREA_STYLE_COLOUR('',#9627);
#10762 = OVER_RIDING_STYLED_ITEM('overriding color',(#10763),#9468,#9609
  );
#10763 = PRESENTATION_STYLE_ASSIGNMENT((#10764));
#10764 = SURFACE_STYLE_USAGE(.BOTH.,#10765);
#10765 = SURFACE_SIDE_STYLE('',(#10766));
#10766 = SURFACE_STYLE_FILL_AREA(#10767);
#10767 = FILL_AREA_STYLE('',(#10768));
#10768 = FILL_AREA_STYLE_COLOUR('',#9627);
#10769 = OVER_RIDING_STYLED_ITEM('overriding color',(#10770),#9485,#9609
  );
#10770 = PRESENTATION_STYLE_ASSIGNMENT((#10771));
#10771 = SURFACE_STYLE_USAGE(.BOTH.,#10772);
#10772 = SURFACE_SIDE_STYLE('',(#10773));
#10773 = SURFACE_STYLE_FILL_AREA(#10774);
#10774 = FILL_AREA_STYLE('',(#10775));
#10775 = FILL_AREA_STYLE_COLOUR('',#9627);
#10776 = OVER_RIDING_STYLED_ITEM('overriding color',(#10777),#9502,#9609
  );
#10777 = PRESENTATION_STYLE_ASSIGNMENT((#10778));
#10778 = SURFACE_STYLE_USAGE(.BOTH.,#10779);
#10779 = SURFACE_SIDE_STYLE('',(#10780));
#10780 = SURFACE_STYLE_FILL_AREA(#10781);
#10781 = FILL_AREA_STYLE('',(#10782));
#10782 = FILL_AREA_STYLE_COLOUR('',#9627);
#10783 = OVER_RIDING_STYLED_ITEM('overriding color',(#10784),#9514,#9609
  );
#10784 = PRESENTATION_STYLE_ASSIGNMENT((#10785));
#10785 = SURFACE_STYLE_USAGE(.BOTH.,#10786);
#10786 = SURFACE_SIDE_STYLE('',(#10787));
#10787 = SURFACE_STYLE_FILL_AREA(#10788);
#10788 = FILL_AREA_STYLE('',(#10789));
#10789 = FILL_AREA_STYLE_COLOUR('',#9627);
#10790 = OVER_RIDING_STYLED_ITEM('overriding color',(#10791),#9531,#9609
  );
#10791 = PRESENTATION_STYLE_ASSIGNMENT((#10792));
#10792 = SURFACE_STYLE_USAGE(.BOTH.,#10793);
#10793 = SURFACE_SIDE_STYLE('',(#10794));
#10794 = SURFACE_STYLE_FILL_AREA(#10795);
#10795 = FILL_AREA_STYLE('',(#10796));
#10796 = FILL_AREA_STYLE_COLOUR('',#9627);
ENDSEC;
END-ISO-10303-21;
