ISO-10303-21;
HEADER;
FILE_DESCRIPTION(('FreeCAD Model'),'2;1');
FILE_NAME('Open CASCADE Shape Model','2026-02-19T16:47:21',(''),(''),
  'Open CASCADE STEP processor 7.9','FreeCAD','Unknown');
FILE_SCHEMA(('AUTOMOTIVE_DESIGN { 1 0 10303 214 1 1 1 1 }'));
ENDSEC;
DATA;
#1 = APPLICATION_PROTOCOL_DEFINITION('international standard',
  'automotive_design',2000,#2);
#2 = APPLICATION_CONTEXT(
  'core data for automotive mechanical design processes');
#3 = SHAPE_DEFINITION_REPRESENTATION(#4,#10);
#4 = PRODUCT_DEFINITION_SHAPE('','',#5);
#5 = PRODUCT_DEFINITION('design','',#6,#9);
#6 = PRODUCT_DEFINITION_FORMATION('','',#7);
#7 = PRODUCT('Dog','Dog','',(#8));
#8 = PRODUCT_CONTEXT('',#2,'mechanical');
#9 = PRODUCT_DEFINITION_CONTEXT('part definition',#2,'design');
#10 = SHAPE_REPRESENTATION('',(#11,#15,#19,#23,#27,#31,#35,#39,#43,#47,
    #51,#55,#59,#63,#67,#71,#75,#79,#83,#87,#91,#95,#99,#103,#107,#111,
    #115,#119,#123,#127,#131,#135,#139,#143,#147,#151,#155,#159,#163,
    #167,#171,#175,#179,#183,#187,#191,#195,#199,#203,#207,#211,#215,
    #219,#223,#227,#231,#235,#239,#243,#247,#251,#255,#259,#263,#267),
  #271);
#11 = AXIS2_PLACEMENT_3D('',#12,#13,#14);
#12 = CARTESIAN_POINT('',(0.,0.,0.));
#13 = DIRECTION('',(0.,0.,1.));
#14 = DIRECTION('',(1.,0.,-0.));
#15 = AXIS2_PLACEMENT_3D('',#16,#17,#18);
#16 = CARTESIAN_POINT('',(0.,0.,0.));
#17 = DIRECTION('',(0.,0.,1.));
#18 = DIRECTION('',(1.,0.,0.));
#19 = AXIS2_PLACEMENT_3D('',#20,#21,#22);
#20 = CARTESIAN_POINT('',(0.,0.,0.));
#21 = DIRECTION('',(0.,0.,1.));
#22 = DIRECTION('',(1.,0.,0.));
#23 = AXIS2_PLACEMENT_3D('',#24,#25,#26);
#24 = CARTESIAN_POINT('',(0.,0.,0.));
#25 = DIRECTION('',(0.,0.,1.));
#26 = DIRECTION('',(1.,0.,0.));
#27 = AXIS2_PLACEMENT_3D('',#28,#29,#30);
#28 = CARTESIAN_POINT('',(0.,0.,0.));
#29 = DIRECTION('',(0.,0.,1.));
#30 = DIRECTION('',(1.,0.,0.));
#31 = AXIS2_PLACEMENT_3D('',#32,#33,#34);
#32 = CARTESIAN_POINT('',(0.,0.,0.));
#33 = DIRECTION('',(0.,0.,1.));
#34 = DIRECTION('',(1.,0.,0.));
#35 = AXIS2_PLACEMENT_3D('',#36,#37,#38);
#36 = CARTESIAN_POINT('',(0.,0.,0.));
#37 = DIRECTION('',(0.,0.,1.));
#38 = DIRECTION('',(1.,0.,0.));
#39 = AXIS2_PLACEMENT_3D('',#40,#41,#42);
#40 = CARTESIAN_POINT('',(0.,0.,0.));
#41 = DIRECTION('',(0.,0.,1.));
#42 = DIRECTION('',(1.,0.,0.));
#43 = AXIS2_PLACEMENT_3D('',#44,#45,#46);
#44 = CARTESIAN_POINT('',(0.,0.,0.));
#45 = DIRECTION('',(0.,0.,1.));
#46 = DIRECTION('',(1.,0.,0.));
#47 = AXIS2_PLACEMENT_3D('',#48,#49,#50);
#48 = CARTESIAN_POINT('',(0.,0.,0.));
#49 = DIRECTION('',(0.,0.,1.));
#50 = DIRECTION('',(1.,0.,0.));
#51 = AXIS2_PLACEMENT_3D('',#52,#53,#54);
#52 = CARTESIAN_POINT('',(0.,0.,0.));
#53 = DIRECTION('',(0.,0.,1.));
#54 = DIRECTION('',(1.,0.,0.));
#55 = AXIS2_PLACEMENT_3D('',#56,#57,#58);
#56 = CARTESIAN_POINT('',(0.,0.,0.));
#57 = DIRECTION('',(0.,0.,1.));
#58 = DIRECTION('',(1.,0.,0.));
#59 = AXIS2_PLACEMENT_3D('',#60,#61,#62);
#60 = CARTESIAN_POINT('',(0.,0.,0.));
#61 = DIRECTION('',(0.,0.,1.));
#62 = DIRECTION('',(1.,0.,0.));
#63 = AXIS2_PLACEMENT_3D('',#64,#65,#66);
#64 = CARTESIAN_POINT('',(0.,0.,0.));
#65 = DIRECTION('',(0.,0.,1.));
#66 = DIRECTION('',(1.,0.,0.));
#67 = AXIS2_PLACEMENT_3D('',#68,#69,#70);
#68 = CARTESIAN_POINT('',(0.,0.,0.));
#69 = DIRECTION('',(0.,0.,1.));
#70 = DIRECTION('',(1.,0.,0.));
#71 = AXIS2_PLACEMENT_3D('',#72,#73,#74);
#72 = CARTESIAN_POINT('',(0.,0.,0.));
#73 = DIRECTION('',(0.,0.,1.));
#74 = DIRECTION('',(1.,0.,0.));
#75 = AXIS2_PLACEMENT_3D('',#76,#77,#78);
#76 = CARTESIAN_POINT('',(0.,0.,0.));
#77 = DIRECTION('',(0.,0.,1.));
#78 = DIRECTION('',(1.,0.,0.));
#79 = AXIS2_PLACEMENT_3D('',#80,#81,#82);
#80 = CARTESIAN_POINT('',(0.,0.,0.));
#81 = DIRECTION('',(0.,0.,1.));
#82 = DIRECTION('',(1.,0.,0.));
#83 = AXIS2_PLACEMENT_3D('',#84,#85,#86);
#84 = CARTESIAN_POINT('',(0.,0.,0.));
#85 = DIRECTION('',(0.,0.,1.));
#86 = DIRECTION('',(1.,0.,0.));
#87 = AXIS2_PLACEMENT_3D('',#88,#89,#90);
#88 = CARTESIAN_POINT('',(0.,0.,0.));
#89 = DIRECTION('',(0.,0.,1.));
#90 = DIRECTION('',(1.,0.,0.));
#91 = AXIS2_PLACEMENT_3D('',#92,#93,#94);
#92 = CARTESIAN_POINT('',(0.,0.,0.));
#93 = DIRECTION('',(0.,0.,1.));
#94 = DIRECTION('',(1.,0.,0.));
#95 = AXIS2_PLACEMENT_3D('',#96,#97,#98);
#96 = CARTESIAN_POINT('',(0.,0.,0.));
#97 = DIRECTION('',(0.,0.,1.));
#98 = DIRECTION('',(1.,0.,0.));
#99 = AXIS2_PLACEMENT_3D('',#100,#101,#102);
#100 = CARTESIAN_POINT('',(0.,0.,0.));
#101 = DIRECTION('',(0.,0.,1.));
#102 = DIRECTION('',(1.,0.,0.));
#103 = AXIS2_PLACEMENT_3D('',#104,#105,#106);
#104 = CARTESIAN_POINT('',(0.,0.,0.));
#105 = DIRECTION('',(0.,0.,1.));
#106 = DIRECTION('',(1.,0.,0.));
#107 = AXIS2_PLACEMENT_3D('',#108,#109,#110);
#108 = CARTESIAN_POINT('',(0.,0.,0.));
#109 = DIRECTION('',(0.,0.,1.));
#110 = DIRECTION('',(1.,0.,0.));
#111 = AXIS2_PLACEMENT_3D('',#112,#113,#114);
#112 = CARTESIAN_POINT('',(0.,0.,0.));
#113 = DIRECTION('',(0.,0.,1.));
#114 = DIRECTION('',(1.,0.,0.));
#115 = AXIS2_PLACEMENT_3D('',#116,#117,#118);
#116 = CARTESIAN_POINT('',(0.,0.,0.));
#117 = DIRECTION('',(0.,0.,1.));
#118 = DIRECTION('',(1.,0.,0.));
#119 = AXIS2_PLACEMENT_3D('',#120,#121,#122);
#120 = CARTESIAN_POINT('',(0.,0.,0.));
#121 = DIRECTION('',(0.,0.,1.));
#122 = DIRECTION('',(1.,0.,0.));
#123 = AXIS2_PLACEMENT_3D('',#124,#125,#126);
#124 = CARTESIAN_POINT('',(0.,0.,0.));
#125 = DIRECTION('',(0.,0.,1.));
#126 = DIRECTION('',(1.,0.,0.));
#127 = AXIS2_PLACEMENT_3D('',#128,#129,#130);
#128 = CARTESIAN_POINT('',(0.,0.,0.));
#129 = DIRECTION('',(0.,0.,1.));
#130 = DIRECTION('',(1.,0.,0.));
#131 = AXIS2_PLACEMENT_3D('',#132,#133,#134);
#132 = CARTESIAN_POINT('',(0.,0.,0.));
#133 = DIRECTION('',(0.,0.,1.));
#134 = DIRECTION('',(1.,0.,0.));
#135 = AXIS2_PLACEMENT_3D('',#136,#137,#138);
#136 = CARTESIAN_POINT('',(0.,0.,0.));
#137 = DIRECTION('',(0.,0.,1.));
#138 = DIRECTION('',(1.,0.,0.));
#139 = AXIS2_PLACEMENT_3D('',#140,#141,#142);
#140 = CARTESIAN_POINT('',(0.,0.,0.));
#141 = DIRECTION('',(0.,0.,1.));
#142 = DIRECTION('',(1.,0.,0.));
#143 = AXIS2_PLACEMENT_3D('',#144,#145,#146);
#144 = CARTESIAN_POINT('',(0.,0.,0.));
#145 = DIRECTION('',(0.,0.,1.));
#146 = DIRECTION('',(1.,0.,0.));
#147 = AXIS2_PLACEMENT_3D('',#148,#149,#150);
#148 = CARTESIAN_POINT('',(0.,0.,0.));
#149 = DIRECTION('',(0.,0.,1.));
#150 = DIRECTION('',(1.,0.,0.));
#151 = AXIS2_PLACEMENT_3D('',#152,#153,#154);
#152 = CARTESIAN_POINT('',(0.,0.,0.));
#153 = DIRECTION('',(0.,0.,1.));
#154 = DIRECTION('',(1.,0.,0.));
#155 = AXIS2_PLACEMENT_3D('',#156,#157,#158);
#156 = CARTESIAN_POINT('',(0.,0.,0.));
#157 = DIRECTION('',(0.,0.,1.));
#158 = DIRECTION('',(1.,0.,0.));
#159 = AXIS2_PLACEMENT_3D('',#160,#161,#162);
#160 = CARTESIAN_POINT('',(0.,0.,0.));
#161 = DIRECTION('',(0.,0.,1.));
#162 = DIRECTION('',(1.,0.,0.));
#163 = AXIS2_PLACEMENT_3D('',#164,#165,#166);
#164 = CARTESIAN_POINT('',(0.,0.,0.));
#165 = DIRECTION('',(0.,0.,1.));
#166 = DIRECTION('',(1.,0.,0.));
#167 = AXIS2_PLACEMENT_3D('',#168,#169,#170);
#168 = CARTESIAN_POINT('',(0.,0.,0.));
#169 = DIRECTION('',(0.,0.,1.));
#170 = DIRECTION('',(1.,0.,0.));
#171 = AXIS2_PLACEMENT_3D('',#172,#173,#174);
#172 = CARTESIAN_POINT('',(0.,0.,0.));
#173 = DIRECTION('',(0.,0.,1.));
#174 = DIRECTION('',(1.,0.,0.));
#175 = AXIS2_PLACEMENT_3D('',#176,#177,#178);
#176 = CARTESIAN_POINT('',(0.,0.,0.));
#177 = DIRECTION('',(0.,0.,1.));
#178 = DIRECTION('',(1.,0.,0.));
#179 = AXIS2_PLACEMENT_3D('',#180,#181,#182);
#180 = CARTESIAN_POINT('',(0.,0.,0.));
#181 = DIRECTION('',(0.,0.,1.));
#182 = DIRECTION('',(1.,0.,0.));
#183 = AXIS2_PLACEMENT_3D('',#184,#185,#186);
#184 = CARTESIAN_POINT('',(0.,0.,0.));
#185 = DIRECTION('',(0.,0.,1.));
#186 = DIRECTION('',(1.,0.,0.));
#187 = AXIS2_PLACEMENT_3D('',#188,#189,#190);
#188 = CARTESIAN_POINT('',(0.,0.,0.));
#189 = DIRECTION('',(0.,0.,1.));
#190 = DIRECTION('',(1.,0.,0.));
#191 = AXIS2_PLACEMENT_3D('',#192,#193,#194);
#192 = CARTESIAN_POINT('',(0.,0.,0.));
#193 = DIRECTION('',(0.,0.,1.));
#194 = DIRECTION('',(1.,0.,0.));
#195 = AXIS2_PLACEMENT_3D('',#196,#197,#198);
#196 = CARTESIAN_POINT('',(0.,0.,0.));
#197 = DIRECTION('',(0.,0.,1.));
#198 = DIRECTION('',(1.,0.,0.));
#199 = AXIS2_PLACEMENT_3D('',#200,#201,#202);
#200 = CARTESIAN_POINT('',(0.,0.,0.));
#201 = DIRECTION('',(0.,0.,1.));
#202 = DIRECTION('',(1.,0.,0.));
#203 = AXIS2_PLACEMENT_3D('',#204,#205,#206);
#204 = CARTESIAN_POINT('',(0.,0.,0.));
#205 = DIRECTION('',(0.,0.,1.));
#206 = DIRECTION('',(1.,0.,0.));
#207 = AXIS2_PLACEMENT_3D('',#208,#209,#210);
#208 = CARTESIAN_POINT('',(0.,0.,0.));
#209 = DIRECTION('',(0.,0.,1.));
#210 = DIRECTION('',(1.,0.,0.));
#211 = AXIS2_PLACEMENT_3D('',#212,#213,#214);
#212 = CARTESIAN_POINT('',(0.,0.,0.));
#213 = DIRECTION('',(0.,0.,1.));
#214 = DIRECTION('',(1.,0.,0.));
#215 = AXIS2_PLACEMENT_3D('',#216,#217,#218);
#216 = CARTESIAN_POINT('',(0.,0.,0.));
#217 = DIRECTION('',(0.,0.,1.));
#218 = DIRECTION('',(1.,0.,0.));
#219 = AXIS2_PLACEMENT_3D('',#220,#221,#222);
#220 = CARTESIAN_POINT('',(0.,0.,0.));
#221 = DIRECTION('',(0.,0.,1.));
#222 = DIRECTION('',(1.,0.,0.));
#223 = AXIS2_PLACEMENT_3D('',#224,#225,#226);
#224 = CARTESIAN_POINT('',(0.,0.,0.));
#225 = DIRECTION('',(0.,0.,1.));
#226 = DIRECTION('',(1.,0.,0.));
#227 = AXIS2_PLACEMENT_3D('',#228,#229,#230);
#228 = CARTESIAN_POINT('',(0.,0.,0.));
#229 = DIRECTION('',(0.,0.,1.));
#230 = DIRECTION('',(1.,0.,0.));
#231 = AXIS2_PLACEMENT_3D('',#232,#233,#234);
#232 = CARTESIAN_POINT('',(0.,0.,0.));
#233 = DIRECTION('',(0.,0.,1.));
#234 = DIRECTION('',(1.,0.,0.));
#235 = AXIS2_PLACEMENT_3D('',#236,#237,#238);
#236 = CARTESIAN_POINT('',(0.,0.,0.));
#237 = DIRECTION('',(0.,0.,1.));
#238 = DIRECTION('',(1.,0.,0.));
#239 = AXIS2_PLACEMENT_3D('',#240,#241,#242);
#240 = CARTESIAN_POINT('',(0.,0.,0.));
#241 = DIRECTION('',(0.,0.,1.));
#242 = DIRECTION('',(1.,0.,0.));
#243 = AXIS2_PLACEMENT_3D('',#244,#245,#246);
#244 = CARTESIAN_POINT('',(0.,0.,0.));
#245 = DIRECTION('',(0.,0.,1.));
#246 = DIRECTION('',(1.,0.,0.));
#247 = AXIS2_PLACEMENT_3D('',#248,#249,#250);
#248 = CARTESIAN_POINT('',(0.,0.,0.));
#249 = DIRECTION('',(0.,0.,1.));
#250 = DIRECTION('',(1.,0.,0.));
#251 = AXIS2_PLACEMENT_3D('',#252,#253,#254);
#252 = CARTESIAN_POINT('',(0.,0.,0.));
#253 = DIRECTION('',(0.,0.,1.));
#254 = DIRECTION('',(1.,0.,0.));
#255 = AXIS2_PLACEMENT_3D('',#256,#257,#258);
#256 = CARTESIAN_POINT('',(0.,0.,0.));
#257 = DIRECTION('',(0.,0.,1.));
#258 = DIRECTION('',(1.,0.,0.));
#259 = AXIS2_PLACEMENT_3D('',#260,#261,#262);
#260 = CARTESIAN_POINT('',(0.,0.,0.));
#261 = DIRECTION('',(0.,0.,1.));
#262 = DIRECTION('',(1.,0.,0.));
#263 = AXIS2_PLACEMENT_3D('',#264,#265,#266);
#264 = CARTESIAN_POINT('',(0.,0.,0.));
#265 = DIRECTION('',(0.,0.,1.));
#266 = DIRECTION('',(1.,0.,0.));
#267 = AXIS2_PLACEMENT_3D('',#268,#269,#270);
#268 = CARTESIAN_POINT('',(0.,0.,0.));
#269 = DIRECTION('',(0.,0.,1.));
#270 = DIRECTION('',(1.,0.,0.));
#271 = ( GEOMETRIC_REPRESENTATION_CONTEXT(3) 
GLOBAL_UNCERTAINTY_ASSIGNED_CONTEXT((#275)) GLOBAL_UNIT_ASSIGNED_CONTEXT
((#272,#273,#274)) REPRESENTATION_CONTEXT('Context #1',
  '3D Context with UNIT and UNCERTAINTY') );
#272 = ( LENGTH_UNIT() NAMED_UNIT(*) SI_UNIT(.MILLI.,.METRE.) );
#273 = ( NAMED_UNIT(*) PLANE_ANGLE_UNIT() SI_UNIT($,.RADIAN.) );
#274 = ( NAMED_UNIT(*) SI_UNIT($,.STERADIAN.) SOLID_ANGLE_UNIT() );
#275 = UNCERTAINTY_MEASURE_WITH_UNIT(LENGTH_MEASURE(1.E-07),#272,
  'distance_accuracy_value','confusion accuracy');
#276 = PRODUCT_RELATED_PRODUCT_CATEGORY('part',$,(#7));
#277 = SHAPE_DEFINITION_REPRESENTATION(#278,#284);
#278 = PRODUCT_DEFINITION_SHAPE('','',#279);
#279 = PRODUCT_DEFINITION('design','',#280,#283);
#280 = PRODUCT_DEFINITION_FORMATION('','',#281);
#281 = PRODUCT('Face','Face','',(#282));
#282 = PRODUCT_CONTEXT('',#2,'mechanical');
#283 = PRODUCT_DEFINITION_CONTEXT('part definition',#2,'design');
#284 = MANIFOLD_SURFACE_SHAPE_REPRESENTATION('',(#11,#285),#329);
#285 = SHELL_BASED_SURFACE_MODEL('',(#286));
#286 = OPEN_SHELL('',(#287));
#287 = ADVANCED_FACE('',(#288),#324,.F.);
#288 = FACE_BOUND('',#289,.F.);
#289 = EDGE_LOOP('',(#290,#301,#309,#318));
#290 = ORIENTED_EDGE('',*,*,#291,.T.);
#291 = EDGE_CURVE('',#292,#294,#296,.T.);
#292 = VERTEX_POINT('',#293);
#293 = CARTESIAN_POINT('',(-33.58,-19.02,0.8));
#294 = VERTEX_POINT('',#295);
#295 = CARTESIAN_POINT('',(-31.88,-19.02,0.8));
#296 = CIRCLE('',#297,0.85);
#297 = AXIS2_PLACEMENT_3D('',#298,#299,#300);
#298 = CARTESIAN_POINT('',(-32.73,-19.02,0.8));
#299 = DIRECTION('',(0.,0.,-1.));
#300 = DIRECTION('',(-1.,0.,0.));
#301 = ORIENTED_EDGE('',*,*,#302,.F.);
#302 = EDGE_CURVE('',#303,#294,#305,.T.);
#303 = VERTEX_POINT('',#304);
#304 = CARTESIAN_POINT('',(-31.88,-19.02,-6.8));
#305 = LINE('',#306,#307);
#306 = CARTESIAN_POINT('',(-31.88,-19.02,-6.8));
#307 = VECTOR('',#308,1.);
#308 = DIRECTION('',(0.,0.,1.));
#309 = ORIENTED_EDGE('',*,*,#310,.F.);
#310 = EDGE_CURVE('',#311,#303,#313,.T.);
#311 = VERTEX_POINT('',#312);
#312 = CARTESIAN_POINT('',(-33.58,-19.02,-6.8));
#313 = CIRCLE('',#314,0.85);
#314 = AXIS2_PLACEMENT_3D('',#315,#316,#317);
#315 = CARTESIAN_POINT('',(-32.73,-19.02,-6.8));
#316 = DIRECTION('',(0.,0.,-1.));
#317 = DIRECTION('',(-1.,0.,0.));
#318 = ORIENTED_EDGE('',*,*,#319,.T.);
#319 = EDGE_CURVE('',#311,#292,#320,.T.);
#320 = LINE('',#321,#322);
#321 = CARTESIAN_POINT('',(-33.58,-19.02,-6.8));
#322 = VECTOR('',#323,1.);
#323 = DIRECTION('',(0.,0.,1.));
#324 = CYLINDRICAL_SURFACE('',#325,0.85);
#325 = AXIS2_PLACEMENT_3D('',#326,#327,#328);
#326 = CARTESIAN_POINT('',(-32.73,-19.02,-6.8));
#327 = DIRECTION('',(0.,0.,-1.));
#328 = DIRECTION('',(-1.,0.,0.));
#329 = ( GEOMETRIC_REPRESENTATION_CONTEXT(3) 
GLOBAL_UNCERTAINTY_ASSIGNED_CONTEXT((#333)) GLOBAL_UNIT_ASSIGNED_CONTEXT
((#330,#331,#332)) REPRESENTATION_CONTEXT('Context #1',
  '3D Context with UNIT and UNCERTAINTY') );
#330 = ( LENGTH_UNIT() NAMED_UNIT(*) SI_UNIT(.MILLI.,.METRE.) );
#331 = ( NAMED_UNIT(*) PLANE_ANGLE_UNIT() SI_UNIT($,.RADIAN.) );
#332 = ( NAMED_UNIT(*) SI_UNIT($,.STERADIAN.) SOLID_ANGLE_UNIT() );
#333 = UNCERTAINTY_MEASURE_WITH_UNIT(LENGTH_MEASURE(1.E-07),#330,
  'distance_accuracy_value','confusion accuracy');
#334 = CONTEXT_DEPENDENT_SHAPE_REPRESENTATION(#335,#337);
#335 = ( REPRESENTATION_RELATIONSHIP('','',#284,#10) 
REPRESENTATION_RELATIONSHIP_WITH_TRANSFORMATION(#336) 
SHAPE_REPRESENTATION_RELATIONSHIP() );
#336 = ITEM_DEFINED_TRANSFORMATION('','',#11,#15);
#337 = PRODUCT_DEFINITION_SHAPE('Placement','Placement of an item',#338
  );
#338 = NEXT_ASSEMBLY_USAGE_OCCURRENCE('1','Face','',#5,#279,$);
#339 = PRODUCT_RELATED_PRODUCT_CATEGORY('part',$,(#281));
#340 = SHAPE_DEFINITION_REPRESENTATION(#341,#347);
#341 = PRODUCT_DEFINITION_SHAPE('','',#342);
#342 = PRODUCT_DEFINITION('design','',#343,#346);
#343 = PRODUCT_DEFINITION_FORMATION('','',#344);
#344 = PRODUCT('Face001','Face001','',(#345));
#345 = PRODUCT_CONTEXT('',#2,'mechanical');
#346 = PRODUCT_DEFINITION_CONTEXT('part definition',#2,'design');
#347 = MANIFOLD_SURFACE_SHAPE_REPRESENTATION('',(#11,#348),#506);
#348 = SHELL_BASED_SURFACE_MODEL('',(#349));
#349 = OPEN_SHELL('',(#350));
#350 = ADVANCED_FACE('',(#351,#421,#441,#461,#481),#501,.T.);
#351 = FACE_BOUND('',#352,.F.);
#352 = EDGE_LOOP('',(#353,#364,#372,#381,#389,#398,#406,#415));
#353 = ORIENTED_EDGE('',*,*,#354,.F.);
#354 = EDGE_CURVE('',#355,#357,#359,.T.);
#355 = VERTEX_POINT('',#356);
#356 = CARTESIAN_POINT('',(-32.6,21.65,0.8));
#357 = VERTEX_POINT('',#358);
#358 = CARTESIAN_POINT('',(-35.4,18.85,0.8));
#359 = CIRCLE('',#360,2.8);
#360 = AXIS2_PLACEMENT_3D('',#361,#362,#363);
#361 = CARTESIAN_POINT('',(-32.6,18.85,0.8));
#362 = DIRECTION('',(0.,-0.,1.));
#363 = DIRECTION('',(0.,1.,0.));
#364 = ORIENTED_EDGE('',*,*,#365,.F.);
#365 = EDGE_CURVE('',#366,#355,#368,.T.);
#366 = VERTEX_POINT('',#367);
#367 = CARTESIAN_POINT('',(32.6,21.65,0.8));
#368 = LINE('',#369,#370);
#369 = CARTESIAN_POINT('',(32.6,21.65,0.8));
#370 = VECTOR('',#371,1.);
#371 = DIRECTION('',(-1.,0.,0.));
#372 = ORIENTED_EDGE('',*,*,#373,.F.);
#373 = EDGE_CURVE('',#374,#366,#376,.T.);
#374 = VERTEX_POINT('',#375);
#375 = CARTESIAN_POINT('',(35.4,18.85,0.8));
#376 = CIRCLE('',#377,2.8);
#377 = AXIS2_PLACEMENT_3D('',#378,#379,#380);
#378 = CARTESIAN_POINT('',(32.6,18.85,0.8));
#379 = DIRECTION('',(0.,0.,1.));
#380 = DIRECTION('',(1.,0.,-0.));
#381 = ORIENTED_EDGE('',*,*,#382,.F.);
#382 = EDGE_CURVE('',#383,#374,#385,.T.);
#383 = VERTEX_POINT('',#384);
#384 = CARTESIAN_POINT('',(35.4,-18.85,0.8));
#385 = LINE('',#386,#387);
#386 = CARTESIAN_POINT('',(35.4,-18.85,0.8));
#387 = VECTOR('',#388,1.);
#388 = DIRECTION('',(0.,1.,0.));
#389 = ORIENTED_EDGE('',*,*,#390,.F.);
#390 = EDGE_CURVE('',#391,#383,#393,.T.);
#391 = VERTEX_POINT('',#392);
#392 = CARTESIAN_POINT('',(32.6,-21.65,0.8));
#393 = CIRCLE('',#394,2.8);
#394 = AXIS2_PLACEMENT_3D('',#395,#396,#397);
#395 = CARTESIAN_POINT('',(32.6,-18.85,0.8));
#396 = DIRECTION('',(0.,0.,1.));
#397 = DIRECTION('',(0.,-1.,0.));
#398 = ORIENTED_EDGE('',*,*,#399,.F.);
#399 = EDGE_CURVE('',#400,#391,#402,.T.);
#400 = VERTEX_POINT('',#401);
#401 = CARTESIAN_POINT('',(-32.6,-21.65,0.8));
#402 = LINE('',#403,#404);
#403 = CARTESIAN_POINT('',(-32.6,-21.65,0.8));
#404 = VECTOR('',#405,1.);
#405 = DIRECTION('',(1.,0.,0.));
#406 = ORIENTED_EDGE('',*,*,#407,.F.);
#407 = EDGE_CURVE('',#408,#400,#410,.T.);
#408 = VERTEX_POINT('',#409);
#409 = CARTESIAN_POINT('',(-35.4,-18.85,0.8));
#410 = CIRCLE('',#411,2.8);
#411 = AXIS2_PLACEMENT_3D('',#412,#413,#414);
#412 = CARTESIAN_POINT('',(-32.6,-18.85,0.8));
#413 = DIRECTION('',(0.,0.,1.));
#414 = DIRECTION('',(-1.,0.,0.));
#415 = ORIENTED_EDGE('',*,*,#416,.F.);
#416 = EDGE_CURVE('',#357,#408,#417,.T.);
#417 = LINE('',#418,#419);
#418 = CARTESIAN_POINT('',(-35.4,18.85,0.8));
#419 = VECTOR('',#420,1.);
#420 = DIRECTION('',(0.,-1.,0.));
#421 = FACE_BOUND('',#422,.F.);
#422 = EDGE_LOOP('',(#423,#434));
#423 = ORIENTED_EDGE('',*,*,#424,.F.);
#424 = EDGE_CURVE('',#425,#427,#429,.T.);
#425 = VERTEX_POINT('',#426);
#426 = CARTESIAN_POINT('',(31.88,-19.02,0.8));
#427 = VERTEX_POINT('',#428);
#428 = CARTESIAN_POINT('',(33.58,-19.02,0.8));
#429 = CIRCLE('',#430,0.85);
#430 = AXIS2_PLACEMENT_3D('',#431,#432,#433);
#431 = CARTESIAN_POINT('',(32.73,-19.02,0.8));
#432 = DIRECTION('',(0.,0.,-1.));
#433 = DIRECTION('',(-1.,0.,0.));
#434 = ORIENTED_EDGE('',*,*,#435,.F.);
#435 = EDGE_CURVE('',#427,#425,#436,.T.);
#436 = CIRCLE('',#437,0.85);
#437 = AXIS2_PLACEMENT_3D('',#438,#439,#440);
#438 = CARTESIAN_POINT('',(32.73,-19.02,0.8));
#439 = DIRECTION('',(0.,0.,-1.));
#440 = DIRECTION('',(1.,0.,0.));
#441 = FACE_BOUND('',#442,.F.);
#442 = EDGE_LOOP('',(#443,#454));
#443 = ORIENTED_EDGE('',*,*,#444,.F.);
#444 = EDGE_CURVE('',#445,#447,#449,.T.);
#445 = VERTEX_POINT('',#446);
#446 = CARTESIAN_POINT('',(31.88,19.02,0.8));
#447 = VERTEX_POINT('',#448);
#448 = CARTESIAN_POINT('',(33.58,19.02,0.8));
#449 = CIRCLE('',#450,0.85);
#450 = AXIS2_PLACEMENT_3D('',#451,#452,#453);
#451 = CARTESIAN_POINT('',(32.73,19.02,0.8));
#452 = DIRECTION('',(0.,0.,-1.));
#453 = DIRECTION('',(-1.,0.,0.));
#454 = ORIENTED_EDGE('',*,*,#455,.F.);
#455 = EDGE_CURVE('',#447,#445,#456,.T.);
#456 = CIRCLE('',#457,0.85);
#457 = AXIS2_PLACEMENT_3D('',#458,#459,#460);
#458 = CARTESIAN_POINT('',(32.73,19.02,0.8));
#459 = DIRECTION('',(0.,0.,-1.));
#460 = DIRECTION('',(1.,0.,0.));
#461 = FACE_BOUND('',#462,.F.);
#462 = EDGE_LOOP('',(#463,#474));
#463 = ORIENTED_EDGE('',*,*,#464,.F.);
#464 = EDGE_CURVE('',#465,#467,#469,.T.);
#465 = VERTEX_POINT('',#466);
#466 = CARTESIAN_POINT('',(-33.58,-19.02,0.8));
#467 = VERTEX_POINT('',#468);
#468 = CARTESIAN_POINT('',(-31.88,-19.02,0.8));
#469 = CIRCLE('',#470,0.85);
#470 = AXIS2_PLACEMENT_3D('',#471,#472,#473);
#471 = CARTESIAN_POINT('',(-32.73,-19.02,0.8));
#472 = DIRECTION('',(0.,0.,-1.));
#473 = DIRECTION('',(-1.,0.,0.));
#474 = ORIENTED_EDGE('',*,*,#475,.F.);
#475 = EDGE_CURVE('',#467,#465,#476,.T.);
#476 = CIRCLE('',#477,0.85);
#477 = AXIS2_PLACEMENT_3D('',#478,#479,#480);
#478 = CARTESIAN_POINT('',(-32.73,-19.02,0.8));
#479 = DIRECTION('',(0.,0.,-1.));
#480 = DIRECTION('',(1.,0.,0.));
#481 = FACE_BOUND('',#482,.F.);
#482 = EDGE_LOOP('',(#483,#494));
#483 = ORIENTED_EDGE('',*,*,#484,.F.);
#484 = EDGE_CURVE('',#485,#487,#489,.T.);
#485 = VERTEX_POINT('',#486);
#486 = CARTESIAN_POINT('',(-33.58,19.02,0.8));
#487 = VERTEX_POINT('',#488);
#488 = CARTESIAN_POINT('',(-31.88,19.02,0.8));
#489 = CIRCLE('',#490,0.85);
#490 = AXIS2_PLACEMENT_3D('',#491,#492,#493);
#491 = CARTESIAN_POINT('',(-32.73,19.02,0.8));
#492 = DIRECTION('',(0.,0.,-1.));
#493 = DIRECTION('',(-1.,0.,0.));
#494 = ORIENTED_EDGE('',*,*,#495,.F.);
#495 = EDGE_CURVE('',#487,#485,#496,.T.);
#496 = CIRCLE('',#497,0.85);
#497 = AXIS2_PLACEMENT_3D('',#498,#499,#500);
#498 = CARTESIAN_POINT('',(-32.73,19.02,0.8));
#499 = DIRECTION('',(0.,0.,-1.));
#500 = DIRECTION('',(1.,0.,0.));
#501 = PLANE('',#502);
#502 = AXIS2_PLACEMENT_3D('',#503,#504,#505);
#503 = CARTESIAN_POINT('',(0.,0.,0.8));
#504 = DIRECTION('',(0.,0.,1.));
#505 = DIRECTION('',(1.,0.,-0.));
#506 = ( GEOMETRIC_REPRESENTATION_CONTEXT(3) 
GLOBAL_UNCERTAINTY_ASSIGNED_CONTEXT((#510)) GLOBAL_UNIT_ASSIGNED_CONTEXT
((#507,#508,#509)) REPRESENTATION_CONTEXT('Context #1',
  '3D Context with UNIT and UNCERTAINTY') );
#507 = ( LENGTH_UNIT() NAMED_UNIT(*) SI_UNIT(.MILLI.,.METRE.) );
#508 = ( NAMED_UNIT(*) PLANE_ANGLE_UNIT() SI_UNIT($,.RADIAN.) );
#509 = ( NAMED_UNIT(*) SI_UNIT($,.STERADIAN.) SOLID_ANGLE_UNIT() );
#510 = UNCERTAINTY_MEASURE_WITH_UNIT(LENGTH_MEASURE(1.E-07),#507,
  'distance_accuracy_value','confusion accuracy');
#511 = CONTEXT_DEPENDENT_SHAPE_REPRESENTATION(#512,#514);
#512 = ( REPRESENTATION_RELATIONSHIP('','',#347,#10) 
REPRESENTATION_RELATIONSHIP_WITH_TRANSFORMATION(#513) 
SHAPE_REPRESENTATION_RELATIONSHIP() );
#513 = ITEM_DEFINED_TRANSFORMATION('','',#11,#19);
#514 = PRODUCT_DEFINITION_SHAPE('Placement','Placement of an item',#515
  );
#515 = NEXT_ASSEMBLY_USAGE_OCCURRENCE('2','Face001','',#5,#342,$);
#516 = PRODUCT_RELATED_PRODUCT_CATEGORY('part',$,(#344));
#517 = SHAPE_DEFINITION_REPRESENTATION(#518,#524);
#518 = PRODUCT_DEFINITION_SHAPE('','',#519);
#519 = PRODUCT_DEFINITION('design','',#520,#523);
#520 = PRODUCT_DEFINITION_FORMATION('','',#521);
#521 = PRODUCT('Face002','Face002','',(#522));
#522 = PRODUCT_CONTEXT('',#2,'mechanical');
#523 = PRODUCT_DEFINITION_CONTEXT('part definition',#2,'design');
#524 = MANIFOLD_SURFACE_SHAPE_REPRESENTATION('',(#11,#525),#569);
#525 = SHELL_BASED_SURFACE_MODEL('',(#526));
#526 = OPEN_SHELL('',(#527));
#527 = ADVANCED_FACE('',(#528),#564,.F.);
#528 = FACE_BOUND('',#529,.F.);
#529 = EDGE_LOOP('',(#530,#541,#549,#558));
#530 = ORIENTED_EDGE('',*,*,#531,.T.);
#531 = EDGE_CURVE('',#532,#534,#536,.T.);
#532 = VERTEX_POINT('',#533);
#533 = CARTESIAN_POINT('',(31.88,-19.02,0.8));
#534 = VERTEX_POINT('',#535);
#535 = CARTESIAN_POINT('',(33.58,-19.02,0.8));
#536 = CIRCLE('',#537,0.85);
#537 = AXIS2_PLACEMENT_3D('',#538,#539,#540);
#538 = CARTESIAN_POINT('',(32.73,-19.02,0.8));
#539 = DIRECTION('',(0.,0.,-1.));
#540 = DIRECTION('',(-1.,0.,0.));
#541 = ORIENTED_EDGE('',*,*,#542,.F.);
#542 = EDGE_CURVE('',#543,#534,#545,.T.);
#543 = VERTEX_POINT('',#544);
#544 = CARTESIAN_POINT('',(33.58,-19.02,-6.8));
#545 = LINE('',#546,#547);
#546 = CARTESIAN_POINT('',(33.58,-19.02,-6.8));
#547 = VECTOR('',#548,1.);
#548 = DIRECTION('',(0.,0.,1.));
#549 = ORIENTED_EDGE('',*,*,#550,.F.);
#550 = EDGE_CURVE('',#551,#543,#553,.T.);
#551 = VERTEX_POINT('',#552);
#552 = CARTESIAN_POINT('',(31.88,-19.02,-6.8));
#553 = CIRCLE('',#554,0.85);
#554 = AXIS2_PLACEMENT_3D('',#555,#556,#557);
#555 = CARTESIAN_POINT('',(32.73,-19.02,-6.8));
#556 = DIRECTION('',(0.,0.,-1.));
#557 = DIRECTION('',(-1.,0.,0.));
#558 = ORIENTED_EDGE('',*,*,#559,.T.);
#559 = EDGE_CURVE('',#551,#532,#560,.T.);
#560 = LINE('',#561,#562);
#561 = CARTESIAN_POINT('',(31.88,-19.02,-6.8));
#562 = VECTOR('',#563,1.);
#563 = DIRECTION('',(0.,0.,1.));
#564 = CYLINDRICAL_SURFACE('',#565,0.85);
#565 = AXIS2_PLACEMENT_3D('',#566,#567,#568);
#566 = CARTESIAN_POINT('',(32.73,-19.02,-6.8));
#567 = DIRECTION('',(0.,0.,-1.));
#568 = DIRECTION('',(-1.,0.,0.));
#569 = ( GEOMETRIC_REPRESENTATION_CONTEXT(3) 
GLOBAL_UNCERTAINTY_ASSIGNED_CONTEXT((#573)) GLOBAL_UNIT_ASSIGNED_CONTEXT
((#570,#571,#572)) REPRESENTATION_CONTEXT('Context #1',
  '3D Context with UNIT and UNCERTAINTY') );
#570 = ( LENGTH_UNIT() NAMED_UNIT(*) SI_UNIT(.MILLI.,.METRE.) );
#571 = ( NAMED_UNIT(*) PLANE_ANGLE_UNIT() SI_UNIT($,.RADIAN.) );
#572 = ( NAMED_UNIT(*) SI_UNIT($,.STERADIAN.) SOLID_ANGLE_UNIT() );
#573 = UNCERTAINTY_MEASURE_WITH_UNIT(LENGTH_MEASURE(1.E-07),#570,
  'distance_accuracy_value','confusion accuracy');
#574 = CONTEXT_DEPENDENT_SHAPE_REPRESENTATION(#575,#577);
#575 = ( REPRESENTATION_RELATIONSHIP('','',#524,#10) 
REPRESENTATION_RELATIONSHIP_WITH_TRANSFORMATION(#576) 
SHAPE_REPRESENTATION_RELATIONSHIP() );
#576 = ITEM_DEFINED_TRANSFORMATION('','',#11,#23);
#577 = PRODUCT_DEFINITION_SHAPE('Placement','Placement of an item',#578
  );
#578 = NEXT_ASSEMBLY_USAGE_OCCURRENCE('3','Face002','',#5,#519,$);
#579 = PRODUCT_RELATED_PRODUCT_CATEGORY('part',$,(#521));
#580 = SHAPE_DEFINITION_REPRESENTATION(#581,#587);
#581 = PRODUCT_DEFINITION_SHAPE('','',#582);
#582 = PRODUCT_DEFINITION('design','',#583,#586);
#583 = PRODUCT_DEFINITION_FORMATION('','',#584);
#584 = PRODUCT('Face003','Face003','',(#585));
#585 = PRODUCT_CONTEXT('',#2,'mechanical');
#586 = PRODUCT_DEFINITION_CONTEXT('part definition',#2,'design');
#587 = MANIFOLD_SURFACE_SHAPE_REPRESENTATION('',(#11,#588),#632);
#588 = SHELL_BASED_SURFACE_MODEL('',(#589));
#589 = OPEN_SHELL('',(#590));
#590 = ADVANCED_FACE('',(#591),#627,.F.);
#591 = FACE_BOUND('',#592,.F.);
#592 = EDGE_LOOP('',(#593,#604,#612,#621));
#593 = ORIENTED_EDGE('',*,*,#594,.T.);
#594 = EDGE_CURVE('',#595,#597,#599,.T.);
#595 = VERTEX_POINT('',#596);
#596 = CARTESIAN_POINT('',(33.58,-19.02,0.8));
#597 = VERTEX_POINT('',#598);
#598 = CARTESIAN_POINT('',(31.88,-19.02,0.8));
#599 = CIRCLE('',#600,0.85);
#600 = AXIS2_PLACEMENT_3D('',#601,#602,#603);
#601 = CARTESIAN_POINT('',(32.73,-19.02,0.8));
#602 = DIRECTION('',(0.,0.,-1.));
#603 = DIRECTION('',(1.,0.,0.));
#604 = ORIENTED_EDGE('',*,*,#605,.F.);
#605 = EDGE_CURVE('',#606,#597,#608,.T.);
#606 = VERTEX_POINT('',#607);
#607 = CARTESIAN_POINT('',(31.88,-19.02,-6.8));
#608 = LINE('',#609,#610);
#609 = CARTESIAN_POINT('',(31.88,-19.02,-6.8));
#610 = VECTOR('',#611,1.);
#611 = DIRECTION('',(0.,0.,1.));
#612 = ORIENTED_EDGE('',*,*,#613,.F.);
#613 = EDGE_CURVE('',#614,#606,#616,.T.);
#614 = VERTEX_POINT('',#615);
#615 = CARTESIAN_POINT('',(33.58,-19.02,-6.8));
#616 = CIRCLE('',#617,0.85);
#617 = AXIS2_PLACEMENT_3D('',#618,#619,#620);
#618 = CARTESIAN_POINT('',(32.73,-19.02,-6.8));
#619 = DIRECTION('',(0.,0.,-1.));
#620 = DIRECTION('',(1.,0.,0.));
#621 = ORIENTED_EDGE('',*,*,#622,.T.);
#622 = EDGE_CURVE('',#614,#595,#623,.T.);
#623 = LINE('',#624,#625);
#624 = CARTESIAN_POINT('',(33.58,-19.02,-6.8));
#625 = VECTOR('',#626,1.);
#626 = DIRECTION('',(0.,0.,1.));
#627 = CYLINDRICAL_SURFACE('',#628,0.85);
#628 = AXIS2_PLACEMENT_3D('',#629,#630,#631);
#629 = CARTESIAN_POINT('',(32.73,-19.02,-6.8));
#630 = DIRECTION('',(0.,0.,-1.));
#631 = DIRECTION('',(-1.,0.,0.));
#632 = ( GEOMETRIC_REPRESENTATION_CONTEXT(3) 
GLOBAL_UNCERTAINTY_ASSIGNED_CONTEXT((#636)) GLOBAL_UNIT_ASSIGNED_CONTEXT
((#633,#634,#635)) REPRESENTATION_CONTEXT('Context #1',
  '3D Context with UNIT and UNCERTAINTY') );
#633 = ( LENGTH_UNIT() NAMED_UNIT(*) SI_UNIT(.MILLI.,.METRE.) );
#634 = ( NAMED_UNIT(*) PLANE_ANGLE_UNIT() SI_UNIT($,.RADIAN.) );
#635 = ( NAMED_UNIT(*) SI_UNIT($,.STERADIAN.) SOLID_ANGLE_UNIT() );
#636 = UNCERTAINTY_MEASURE_WITH_UNIT(LENGTH_MEASURE(1.E-07),#633,
  'distance_accuracy_value','confusion accuracy');
#637 = CONTEXT_DEPENDENT_SHAPE_REPRESENTATION(#638,#640);
#638 = ( REPRESENTATION_RELATIONSHIP('','',#587,#10) 
REPRESENTATION_RELATIONSHIP_WITH_TRANSFORMATION(#639) 
SHAPE_REPRESENTATION_RELATIONSHIP() );
#639 = ITEM_DEFINED_TRANSFORMATION('','',#11,#27);
#640 = PRODUCT_DEFINITION_SHAPE('Placement','Placement of an item',#641
  );
#641 = NEXT_ASSEMBLY_USAGE_OCCURRENCE('4','Face003','',#5,#582,$);
#642 = PRODUCT_RELATED_PRODUCT_CATEGORY('part',$,(#584));
#643 = SHAPE_DEFINITION_REPRESENTATION(#644,#650);
#644 = PRODUCT_DEFINITION_SHAPE('','',#645);
#645 = PRODUCT_DEFINITION('design','',#646,#649);
#646 = PRODUCT_DEFINITION_FORMATION('','',#647);
#647 = PRODUCT('Face004','Face004','',(#648));
#648 = PRODUCT_CONTEXT('',#2,'mechanical');
#649 = PRODUCT_DEFINITION_CONTEXT('part definition',#2,'design');
#650 = MANIFOLD_SURFACE_SHAPE_REPRESENTATION('',(#11,#651),#729);
#651 = SHELL_BASED_SURFACE_MODEL('',(#652));
#652 = OPEN_SHELL('',(#653));
#653 = ADVANCED_FACE('',(#654,#704),#724,.T.);
#654 = FACE_BOUND('',#655,.F.);
#655 = EDGE_LOOP('',(#656,#666,#674,#682,#690,#698));
#656 = ORIENTED_EDGE('',*,*,#657,.F.);
#657 = EDGE_CURVE('',#658,#660,#662,.T.);
#658 = VERTEX_POINT('',#659);
#659 = CARTESIAN_POINT('',(32.32664783201,-17.39499527327,-6.8));
#660 = VERTEX_POINT('',#661);
#661 = CARTESIAN_POINT('',(33.93561929063,-17.85818441248,-6.8));
#662 = LINE('',#663,#664);
#663 = CARTESIAN_POINT('',(32.32664783201,-17.39499527327,-6.8));
#664 = VECTOR('',#665,1.);
#665 = DIRECTION('',(0.960972522156,-0.276643835392,0.));
#666 = ORIENTED_EDGE('',*,*,#667,.F.);
#667 = EDGE_CURVE('',#668,#658,#670,.T.);
#668 = VERTEX_POINT('',#669);
#669 = CARTESIAN_POINT('',(31.12102854138,-18.55681086078,-6.8));
#670 = LINE('',#671,#672);
#671 = CARTESIAN_POINT('',(31.12102854138,-18.55681086078,-6.8));
#672 = VECTOR('',#673,1.);
#673 = DIRECTION('',(0.720066850328,0.69390469883,0.));
#674 = ORIENTED_EDGE('',*,*,#675,.F.);
#675 = EDGE_CURVE('',#676,#668,#678,.T.);
#676 = VERTEX_POINT('',#677);
#677 = CARTESIAN_POINT('',(31.52438070937,-20.18181558752,-6.8));
#678 = LINE('',#679,#680);
#679 = CARTESIAN_POINT('',(31.52438070937,-20.18181558752,-6.8));
#680 = VECTOR('',#681,1.);
#681 = DIRECTION('',(-0.240905671828,0.970548534222,0.));
#682 = ORIENTED_EDGE('',*,*,#683,.F.);
#683 = EDGE_CURVE('',#684,#676,#686,.T.);
#684 = VERTEX_POINT('',#685);
#685 = CARTESIAN_POINT('',(33.13335216799,-20.64500472673,-6.8));
#686 = LINE('',#687,#688);
#687 = CARTESIAN_POINT('',(33.13335216799,-20.64500472673,-6.8));
#688 = VECTOR('',#689,1.);
#689 = DIRECTION('',(-0.960972522156,0.276643835392,0.));
#690 = ORIENTED_EDGE('',*,*,#691,.F.);
#691 = EDGE_CURVE('',#692,#684,#694,.T.);
#692 = VERTEX_POINT('',#693);
#693 = CARTESIAN_POINT('',(34.33897145862,-19.48318913922,-6.8));
#694 = LINE('',#695,#696);
#695 = CARTESIAN_POINT('',(34.33897145862,-19.48318913922,-6.8));
#696 = VECTOR('',#697,1.);
#697 = DIRECTION('',(-0.720066850328,-0.69390469883,0.));
#698 = ORIENTED_EDGE('',*,*,#699,.F.);
#699 = EDGE_CURVE('',#660,#692,#700,.T.);
#700 = LINE('',#701,#702);
#701 = CARTESIAN_POINT('',(33.93561929063,-17.85818441248,-6.8));
#702 = VECTOR('',#703,1.);
#703 = DIRECTION('',(0.240905671828,-0.970548534222,0.));
#704 = FACE_BOUND('',#705,.F.);
#705 = EDGE_LOOP('',(#706,#717));
#706 = ORIENTED_EDGE('',*,*,#707,.T.);
#707 = EDGE_CURVE('',#708,#710,#712,.T.);
#708 = VERTEX_POINT('',#709);
#709 = CARTESIAN_POINT('',(31.88,-19.02,-6.8));
#710 = VERTEX_POINT('',#711);
#711 = CARTESIAN_POINT('',(33.58,-19.02,-6.8));
#712 = CIRCLE('',#713,0.85);
#713 = AXIS2_PLACEMENT_3D('',#714,#715,#716);
#714 = CARTESIAN_POINT('',(32.73,-19.02,-6.8));
#715 = DIRECTION('',(0.,0.,-1.));
#716 = DIRECTION('',(-1.,0.,0.));
#717 = ORIENTED_EDGE('',*,*,#718,.T.);
#718 = EDGE_CURVE('',#710,#708,#719,.T.);
#719 = CIRCLE('',#720,0.85);
#720 = AXIS2_PLACEMENT_3D('',#721,#722,#723);
#721 = CARTESIAN_POINT('',(32.73,-19.02,-6.8));
#722 = DIRECTION('',(0.,0.,-1.));
#723 = DIRECTION('',(1.,0.,0.));
#724 = PLANE('',#725);
#725 = AXIS2_PLACEMENT_3D('',#726,#727,#728);
#726 = CARTESIAN_POINT('',(0.,0.,-6.8));
#727 = DIRECTION('',(0.,0.,-1.));
#728 = DIRECTION('',(-1.,0.,0.));
#729 = ( GEOMETRIC_REPRESENTATION_CONTEXT(3) 
GLOBAL_UNCERTAINTY_ASSIGNED_CONTEXT((#733)) GLOBAL_UNIT_ASSIGNED_CONTEXT
((#730,#731,#732)) REPRESENTATION_CONTEXT('Context #1',
  '3D Context with UNIT and UNCERTAINTY') );
#730 = ( LENGTH_UNIT() NAMED_UNIT(*) SI_UNIT(.MILLI.,.METRE.) );
#731 = ( NAMED_UNIT(*) PLANE_ANGLE_UNIT() SI_UNIT($,.RADIAN.) );
#732 = ( NAMED_UNIT(*) SI_UNIT($,.STERADIAN.) SOLID_ANGLE_UNIT() );
#733 = UNCERTAINTY_MEASURE_WITH_UNIT(LENGTH_MEASURE(1.E-07),#730,
  'distance_accuracy_value','confusion accuracy');
#734 = CONTEXT_DEPENDENT_SHAPE_REPRESENTATION(#735,#737);
#735 = ( REPRESENTATION_RELATIONSHIP('','',#650,#10) 
REPRESENTATION_RELATIONSHIP_WITH_TRANSFORMATION(#736) 
SHAPE_REPRESENTATION_RELATIONSHIP() );
#736 = ITEM_DEFINED_TRANSFORMATION('','',#11,#31);
#737 = PRODUCT_DEFINITION_SHAPE('Placement','Placement of an item',#738
  );
#738 = NEXT_ASSEMBLY_USAGE_OCCURRENCE('5','Face004','',#5,#645,$);
#739 = PRODUCT_RELATED_PRODUCT_CATEGORY('part',$,(#647));
#740 = SHAPE_DEFINITION_REPRESENTATION(#741,#747);
#741 = PRODUCT_DEFINITION_SHAPE('','',#742);
#742 = PRODUCT_DEFINITION('design','',#743,#746);
#743 = PRODUCT_DEFINITION_FORMATION('','',#744);
#744 = PRODUCT('Face005','Face005','',(#745));
#745 = PRODUCT_CONTEXT('',#2,'mechanical');
#746 = PRODUCT_DEFINITION_CONTEXT('part definition',#2,'design');
#747 = MANIFOLD_SURFACE_SHAPE_REPRESENTATION('',(#11,#748),#826);
#748 = SHELL_BASED_SURFACE_MODEL('',(#749));
#749 = OPEN_SHELL('',(#750));
#750 = ADVANCED_FACE('',(#751,#801),#821,.T.);
#751 = FACE_BOUND('',#752,.F.);
#752 = EDGE_LOOP('',(#753,#763,#771,#779,#787,#795));
#753 = ORIENTED_EDGE('',*,*,#754,.F.);
#754 = EDGE_CURVE('',#755,#757,#759,.T.);
#755 = VERTEX_POINT('',#756);
#756 = CARTESIAN_POINT('',(32.32664783201,17.39499527327,-6.8));
#757 = VERTEX_POINT('',#758);
#758 = CARTESIAN_POINT('',(31.12102854138,18.55681086078,-6.8));
#759 = LINE('',#760,#761);
#760 = CARTESIAN_POINT('',(32.32664783201,17.39499527327,-6.8));
#761 = VECTOR('',#762,1.);
#762 = DIRECTION('',(-0.720066850328,0.69390469883,0.));
#763 = ORIENTED_EDGE('',*,*,#764,.F.);
#764 = EDGE_CURVE('',#765,#755,#767,.T.);
#765 = VERTEX_POINT('',#766);
#766 = CARTESIAN_POINT('',(33.93561929063,17.85818441248,-6.8));
#767 = LINE('',#768,#769);
#768 = CARTESIAN_POINT('',(33.93561929063,17.85818441248,-6.8));
#769 = VECTOR('',#770,1.);
#770 = DIRECTION('',(-0.960972522156,-0.276643835392,0.));
#771 = ORIENTED_EDGE('',*,*,#772,.F.);
#772 = EDGE_CURVE('',#773,#765,#775,.T.);
#773 = VERTEX_POINT('',#774);
#774 = CARTESIAN_POINT('',(34.33897145862,19.48318913922,-6.8));
#775 = LINE('',#776,#777);
#776 = CARTESIAN_POINT('',(34.33897145862,19.48318913922,-6.8));
#777 = VECTOR('',#778,1.);
#778 = DIRECTION('',(-0.240905671828,-0.970548534222,0.));
#779 = ORIENTED_EDGE('',*,*,#780,.F.);
#780 = EDGE_CURVE('',#781,#773,#783,.T.);
#781 = VERTEX_POINT('',#782);
#782 = CARTESIAN_POINT('',(33.13335216799,20.64500472673,-6.8));
#783 = LINE('',#784,#785);
#784 = CARTESIAN_POINT('',(33.13335216799,20.64500472673,-6.8));
#785 = VECTOR('',#786,1.);
#786 = DIRECTION('',(0.720066850328,-0.69390469883,0.));
#787 = ORIENTED_EDGE('',*,*,#788,.F.);
#788 = EDGE_CURVE('',#789,#781,#791,.T.);
#789 = VERTEX_POINT('',#790);
#790 = CARTESIAN_POINT('',(31.52438070937,20.18181558752,-6.8));
#791 = LINE('',#792,#793);
#792 = CARTESIAN_POINT('',(31.52438070937,20.18181558752,-6.8));
#793 = VECTOR('',#794,1.);
#794 = DIRECTION('',(0.960972522156,0.276643835392,0.));
#795 = ORIENTED_EDGE('',*,*,#796,.F.);
#796 = EDGE_CURVE('',#757,#789,#797,.T.);
#797 = LINE('',#798,#799);
#798 = CARTESIAN_POINT('',(31.12102854138,18.55681086078,-6.8));
#799 = VECTOR('',#800,1.);
#800 = DIRECTION('',(0.240905671828,0.970548534222,0.));
#801 = FACE_BOUND('',#802,.F.);
#802 = EDGE_LOOP('',(#803,#814));
#803 = ORIENTED_EDGE('',*,*,#804,.T.);
#804 = EDGE_CURVE('',#805,#807,#809,.T.);
#805 = VERTEX_POINT('',#806);
#806 = CARTESIAN_POINT('',(31.88,19.02,-6.8));
#807 = VERTEX_POINT('',#808);
#808 = CARTESIAN_POINT('',(33.58,19.02,-6.8));
#809 = CIRCLE('',#810,0.85);
#810 = AXIS2_PLACEMENT_3D('',#811,#812,#813);
#811 = CARTESIAN_POINT('',(32.73,19.02,-6.8));
#812 = DIRECTION('',(0.,0.,-1.));
#813 = DIRECTION('',(-1.,0.,0.));
#814 = ORIENTED_EDGE('',*,*,#815,.T.);
#815 = EDGE_CURVE('',#807,#805,#816,.T.);
#816 = CIRCLE('',#817,0.85);
#817 = AXIS2_PLACEMENT_3D('',#818,#819,#820);
#818 = CARTESIAN_POINT('',(32.73,19.02,-6.8));
#819 = DIRECTION('',(0.,0.,-1.));
#820 = DIRECTION('',(1.,0.,0.));
#821 = PLANE('',#822);
#822 = AXIS2_PLACEMENT_3D('',#823,#824,#825);
#823 = CARTESIAN_POINT('',(0.,0.,-6.8));
#824 = DIRECTION('',(0.,0.,-1.));
#825 = DIRECTION('',(-1.,0.,0.));
#826 = ( GEOMETRIC_REPRESENTATION_CONTEXT(3) 
GLOBAL_UNCERTAINTY_ASSIGNED_CONTEXT((#830)) GLOBAL_UNIT_ASSIGNED_CONTEXT
((#827,#828,#829)) REPRESENTATION_CONTEXT('Context #1',
  '3D Context with UNIT and UNCERTAINTY') );
#827 = ( LENGTH_UNIT() NAMED_UNIT(*) SI_UNIT(.MILLI.,.METRE.) );
#828 = ( NAMED_UNIT(*) PLANE_ANGLE_UNIT() SI_UNIT($,.RADIAN.) );
#829 = ( NAMED_UNIT(*) SI_UNIT($,.STERADIAN.) SOLID_ANGLE_UNIT() );
#830 = UNCERTAINTY_MEASURE_WITH_UNIT(LENGTH_MEASURE(1.E-07),#827,
  'distance_accuracy_value','confusion accuracy');
#831 = CONTEXT_DEPENDENT_SHAPE_REPRESENTATION(#832,#834);
#832 = ( REPRESENTATION_RELATIONSHIP('','',#747,#10) 
REPRESENTATION_RELATIONSHIP_WITH_TRANSFORMATION(#833) 
SHAPE_REPRESENTATION_RELATIONSHIP() );
#833 = ITEM_DEFINED_TRANSFORMATION('','',#11,#35);
#834 = PRODUCT_DEFINITION_SHAPE('Placement','Placement of an item',#835
  );
#835 = NEXT_ASSEMBLY_USAGE_OCCURRENCE('6','Face005','',#5,#742,$);
#836 = PRODUCT_RELATED_PRODUCT_CATEGORY('part',$,(#744));
#837 = SHAPE_DEFINITION_REPRESENTATION(#838,#844);
#838 = PRODUCT_DEFINITION_SHAPE('','',#839);
#839 = PRODUCT_DEFINITION('design','',#840,#843);
#840 = PRODUCT_DEFINITION_FORMATION('','',#841);
#841 = PRODUCT('Face006','Face006','',(#842));
#842 = PRODUCT_CONTEXT('',#2,'mechanical');
#843 = PRODUCT_DEFINITION_CONTEXT('part definition',#2,'design');
#844 = MANIFOLD_SURFACE_SHAPE_REPRESENTATION('',(#11,#845),#923);
#845 = SHELL_BASED_SURFACE_MODEL('',(#846));
#846 = OPEN_SHELL('',(#847));
#847 = ADVANCED_FACE('',(#848,#898),#918,.T.);
#848 = FACE_BOUND('',#849,.F.);
#849 = EDGE_LOOP('',(#850,#860,#868,#876,#884,#892));
#850 = ORIENTED_EDGE('',*,*,#851,.F.);
#851 = EDGE_CURVE('',#852,#854,#856,.T.);
#852 = VERTEX_POINT('',#853);
#853 = CARTESIAN_POINT('',(-32.32664783201,-17.39499527327,-6.8));
#854 = VERTEX_POINT('',#855);
#855 = CARTESIAN_POINT('',(-31.12102854138,-18.55681086078,-6.8));
#856 = LINE('',#857,#858);
#857 = CARTESIAN_POINT('',(-32.32664783201,-17.39499527327,-6.8));
#858 = VECTOR('',#859,1.);
#859 = DIRECTION('',(0.720066850328,-0.69390469883,0.));
#860 = ORIENTED_EDGE('',*,*,#861,.F.);
#861 = EDGE_CURVE('',#862,#852,#864,.T.);
#862 = VERTEX_POINT('',#863);
#863 = CARTESIAN_POINT('',(-33.93561929063,-17.85818441248,-6.8));
#864 = LINE('',#865,#866);
#865 = CARTESIAN_POINT('',(-33.93561929063,-17.85818441248,-6.8));
#866 = VECTOR('',#867,1.);
#867 = DIRECTION('',(0.960972522156,0.276643835392,0.));
#868 = ORIENTED_EDGE('',*,*,#869,.F.);
#869 = EDGE_CURVE('',#870,#862,#872,.T.);
#870 = VERTEX_POINT('',#871);
#871 = CARTESIAN_POINT('',(-34.33897145862,-19.48318913922,-6.8));
#872 = LINE('',#873,#874);
#873 = CARTESIAN_POINT('',(-34.33897145862,-19.48318913922,-6.8));
#874 = VECTOR('',#875,1.);
#875 = DIRECTION('',(0.240905671828,0.970548534222,0.));
#876 = ORIENTED_EDGE('',*,*,#877,.F.);
#877 = EDGE_CURVE('',#878,#870,#880,.T.);
#878 = VERTEX_POINT('',#879);
#879 = CARTESIAN_POINT('',(-33.13335216799,-20.64500472673,-6.8));
#880 = LINE('',#881,#882);
#881 = CARTESIAN_POINT('',(-33.13335216799,-20.64500472673,-6.8));
#882 = VECTOR('',#883,1.);
#883 = DIRECTION('',(-0.720066850328,0.69390469883,0.));
#884 = ORIENTED_EDGE('',*,*,#885,.F.);
#885 = EDGE_CURVE('',#886,#878,#888,.T.);
#886 = VERTEX_POINT('',#887);
#887 = CARTESIAN_POINT('',(-31.52438070937,-20.18181558752,-6.8));
#888 = LINE('',#889,#890);
#889 = CARTESIAN_POINT('',(-31.52438070937,-20.18181558752,-6.8));
#890 = VECTOR('',#891,1.);
#891 = DIRECTION('',(-0.960972522156,-0.276643835392,0.));
#892 = ORIENTED_EDGE('',*,*,#893,.F.);
#893 = EDGE_CURVE('',#854,#886,#894,.T.);
#894 = LINE('',#895,#896);
#895 = CARTESIAN_POINT('',(-31.12102854138,-18.55681086078,-6.8));
#896 = VECTOR('',#897,1.);
#897 = DIRECTION('',(-0.240905671828,-0.970548534222,0.));
#898 = FACE_BOUND('',#899,.F.);
#899 = EDGE_LOOP('',(#900,#911));
#900 = ORIENTED_EDGE('',*,*,#901,.T.);
#901 = EDGE_CURVE('',#902,#904,#906,.T.);
#902 = VERTEX_POINT('',#903);
#903 = CARTESIAN_POINT('',(-33.58,-19.02,-6.8));
#904 = VERTEX_POINT('',#905);
#905 = CARTESIAN_POINT('',(-31.88,-19.02,-6.8));
#906 = CIRCLE('',#907,0.85);
#907 = AXIS2_PLACEMENT_3D('',#908,#909,#910);
#908 = CARTESIAN_POINT('',(-32.73,-19.02,-6.8));
#909 = DIRECTION('',(0.,0.,-1.));
#910 = DIRECTION('',(-1.,0.,0.));
#911 = ORIENTED_EDGE('',*,*,#912,.T.);
#912 = EDGE_CURVE('',#904,#902,#913,.T.);
#913 = CIRCLE('',#914,0.85);
#914 = AXIS2_PLACEMENT_3D('',#915,#916,#917);
#915 = CARTESIAN_POINT('',(-32.73,-19.02,-6.8));
#916 = DIRECTION('',(0.,0.,-1.));
#917 = DIRECTION('',(1.,0.,0.));
#918 = PLANE('',#919);
#919 = AXIS2_PLACEMENT_3D('',#920,#921,#922);
#920 = CARTESIAN_POINT('',(0.,0.,-6.8));
#921 = DIRECTION('',(0.,0.,-1.));
#922 = DIRECTION('',(-1.,0.,0.));
#923 = ( GEOMETRIC_REPRESENTATION_CONTEXT(3) 
GLOBAL_UNCERTAINTY_ASSIGNED_CONTEXT((#927)) GLOBAL_UNIT_ASSIGNED_CONTEXT
((#924,#925,#926)) REPRESENTATION_CONTEXT('Context #1',
  '3D Context with UNIT and UNCERTAINTY') );
#924 = ( LENGTH_UNIT() NAMED_UNIT(*) SI_UNIT(.MILLI.,.METRE.) );
#925 = ( NAMED_UNIT(*) PLANE_ANGLE_UNIT() SI_UNIT($,.RADIAN.) );
#926 = ( NAMED_UNIT(*) SI_UNIT($,.STERADIAN.) SOLID_ANGLE_UNIT() );
#927 = UNCERTAINTY_MEASURE_WITH_UNIT(LENGTH_MEASURE(1.E-07),#924,
  'distance_accuracy_value','confusion accuracy');
#928 = CONTEXT_DEPENDENT_SHAPE_REPRESENTATION(#929,#931);
#929 = ( REPRESENTATION_RELATIONSHIP('','',#844,#10) 
REPRESENTATION_RELATIONSHIP_WITH_TRANSFORMATION(#930) 
SHAPE_REPRESENTATION_RELATIONSHIP() );
#930 = ITEM_DEFINED_TRANSFORMATION('','',#11,#39);
#931 = PRODUCT_DEFINITION_SHAPE('Placement','Placement of an item',#932
  );
#932 = NEXT_ASSEMBLY_USAGE_OCCURRENCE('7','Face006','',#5,#839,$);
#933 = PRODUCT_RELATED_PRODUCT_CATEGORY('part',$,(#841));
#934 = SHAPE_DEFINITION_REPRESENTATION(#935,#941);
#935 = PRODUCT_DEFINITION_SHAPE('','',#936);
#936 = PRODUCT_DEFINITION('design','',#937,#940);
#937 = PRODUCT_DEFINITION_FORMATION('','',#938);
#938 = PRODUCT('Face007','Face007','',(#939));
#939 = PRODUCT_CONTEXT('',#2,'mechanical');
#940 = PRODUCT_DEFINITION_CONTEXT('part definition',#2,'design');
#941 = MANIFOLD_SURFACE_SHAPE_REPRESENTATION('',(#11,#942),#1020);
#942 = SHELL_BASED_SURFACE_MODEL('',(#943));
#943 = OPEN_SHELL('',(#944));
#944 = ADVANCED_FACE('',(#945,#995),#1015,.T.);
#945 = FACE_BOUND('',#946,.F.);
#946 = EDGE_LOOP('',(#947,#957,#965,#973,#981,#989));
#947 = ORIENTED_EDGE('',*,*,#948,.F.);
#948 = EDGE_CURVE('',#949,#951,#953,.T.);
#949 = VERTEX_POINT('',#950);
#950 = CARTESIAN_POINT('',(-32.32664783201,17.39499527327,-6.8));
#951 = VERTEX_POINT('',#952);
#952 = CARTESIAN_POINT('',(-33.93561929063,17.85818441248,-6.8));
#953 = LINE('',#954,#955);
#954 = CARTESIAN_POINT('',(-32.32664783201,17.39499527327,-6.8));
#955 = VECTOR('',#956,1.);
#956 = DIRECTION('',(-0.960972522156,0.276643835392,0.));
#957 = ORIENTED_EDGE('',*,*,#958,.F.);
#958 = EDGE_CURVE('',#959,#949,#961,.T.);
#959 = VERTEX_POINT('',#960);
#960 = CARTESIAN_POINT('',(-31.12102854138,18.55681086078,-6.8));
#961 = LINE('',#962,#963);
#962 = CARTESIAN_POINT('',(-31.12102854138,18.55681086078,-6.8));
#963 = VECTOR('',#964,1.);
#964 = DIRECTION('',(-0.720066850328,-0.69390469883,0.));
#965 = ORIENTED_EDGE('',*,*,#966,.F.);
#966 = EDGE_CURVE('',#967,#959,#969,.T.);
#967 = VERTEX_POINT('',#968);
#968 = CARTESIAN_POINT('',(-31.52438070937,20.18181558752,-6.8));
#969 = LINE('',#970,#971);
#970 = CARTESIAN_POINT('',(-31.52438070937,20.18181558752,-6.8));
#971 = VECTOR('',#972,1.);
#972 = DIRECTION('',(0.240905671828,-0.970548534222,0.));
#973 = ORIENTED_EDGE('',*,*,#974,.F.);
#974 = EDGE_CURVE('',#975,#967,#977,.T.);
#975 = VERTEX_POINT('',#976);
#976 = CARTESIAN_POINT('',(-33.13335216799,20.64500472673,-6.8));
#977 = LINE('',#978,#979);
#978 = CARTESIAN_POINT('',(-33.13335216799,20.64500472673,-6.8));
#979 = VECTOR('',#980,1.);
#980 = DIRECTION('',(0.960972522156,-0.276643835392,0.));
#981 = ORIENTED_EDGE('',*,*,#982,.F.);
#982 = EDGE_CURVE('',#983,#975,#985,.T.);
#983 = VERTEX_POINT('',#984);
#984 = CARTESIAN_POINT('',(-34.33897145862,19.48318913922,-6.8));
#985 = LINE('',#986,#987);
#986 = CARTESIAN_POINT('',(-34.33897145862,19.48318913922,-6.8));
#987 = VECTOR('',#988,1.);
#988 = DIRECTION('',(0.720066850328,0.69390469883,0.));
#989 = ORIENTED_EDGE('',*,*,#990,.F.);
#990 = EDGE_CURVE('',#951,#983,#991,.T.);
#991 = LINE('',#992,#993);
#992 = CARTESIAN_POINT('',(-33.93561929063,17.85818441248,-6.8));
#993 = VECTOR('',#994,1.);
#994 = DIRECTION('',(-0.240905671828,0.970548534222,0.));
#995 = FACE_BOUND('',#996,.F.);
#996 = EDGE_LOOP('',(#997,#1008));
#997 = ORIENTED_EDGE('',*,*,#998,.T.);
#998 = EDGE_CURVE('',#999,#1001,#1003,.T.);
#999 = VERTEX_POINT('',#1000);
#1000 = CARTESIAN_POINT('',(-33.58,19.02,-6.8));
#1001 = VERTEX_POINT('',#1002);
#1002 = CARTESIAN_POINT('',(-31.88,19.02,-6.8));
#1003 = CIRCLE('',#1004,0.85);
#1004 = AXIS2_PLACEMENT_3D('',#1005,#1006,#1007);
#1005 = CARTESIAN_POINT('',(-32.73,19.02,-6.8));
#1006 = DIRECTION('',(0.,0.,-1.));
#1007 = DIRECTION('',(-1.,0.,0.));
#1008 = ORIENTED_EDGE('',*,*,#1009,.T.);
#1009 = EDGE_CURVE('',#1001,#999,#1010,.T.);
#1010 = CIRCLE('',#1011,0.85);
#1011 = AXIS2_PLACEMENT_3D('',#1012,#1013,#1014);
#1012 = CARTESIAN_POINT('',(-32.73,19.02,-6.8));
#1013 = DIRECTION('',(0.,0.,-1.));
#1014 = DIRECTION('',(1.,0.,0.));
#1015 = PLANE('',#1016);
#1016 = AXIS2_PLACEMENT_3D('',#1017,#1018,#1019);
#1017 = CARTESIAN_POINT('',(0.,0.,-6.8));
#1018 = DIRECTION('',(0.,0.,-1.));
#1019 = DIRECTION('',(-1.,0.,0.));
#1020 = ( GEOMETRIC_REPRESENTATION_CONTEXT(3) 
GLOBAL_UNCERTAINTY_ASSIGNED_CONTEXT((#1024)) 
GLOBAL_UNIT_ASSIGNED_CONTEXT((#1021,#1022,#1023)) REPRESENTATION_CONTEXT
('Context #1','3D Context with UNIT and UNCERTAINTY') );
#1021 = ( LENGTH_UNIT() NAMED_UNIT(*) SI_UNIT(.MILLI.,.METRE.) );
#1022 = ( NAMED_UNIT(*) PLANE_ANGLE_UNIT() SI_UNIT($,.RADIAN.) );
#1023 = ( NAMED_UNIT(*) SI_UNIT($,.STERADIAN.) SOLID_ANGLE_UNIT() );
#1024 = UNCERTAINTY_MEASURE_WITH_UNIT(LENGTH_MEASURE(1.E-07),#1021,
  'distance_accuracy_value','confusion accuracy');
#1025 = CONTEXT_DEPENDENT_SHAPE_REPRESENTATION(#1026,#1028);
#1026 = ( REPRESENTATION_RELATIONSHIP('','',#941,#10) 
REPRESENTATION_RELATIONSHIP_WITH_TRANSFORMATION(#1027) 
SHAPE_REPRESENTATION_RELATIONSHIP() );
#1027 = ITEM_DEFINED_TRANSFORMATION('','',#11,#43);
#1028 = PRODUCT_DEFINITION_SHAPE('Placement','Placement of an item',
  #1029);
#1029 = NEXT_ASSEMBLY_USAGE_OCCURRENCE('8','Face007','',#5,#936,$);
#1030 = PRODUCT_RELATED_PRODUCT_CATEGORY('part',$,(#938));
#1031 = SHAPE_DEFINITION_REPRESENTATION(#1032,#1038);
#1032 = PRODUCT_DEFINITION_SHAPE('','',#1033);
#1033 = PRODUCT_DEFINITION('design','',#1034,#1037);
#1034 = PRODUCT_DEFINITION_FORMATION('','',#1035);
#1035 = PRODUCT('Face008','Face008','',(#1036));
#1036 = PRODUCT_CONTEXT('',#2,'mechanical');
#1037 = PRODUCT_DEFINITION_CONTEXT('part definition',#2,'design');
#1038 = MANIFOLD_SURFACE_SHAPE_REPRESENTATION('',(#11,#1039),#1081);
#1039 = SHELL_BASED_SURFACE_MODEL('',(#1040));
#1040 = OPEN_SHELL('',(#1041));
#1041 = ADVANCED_FACE('',(#1042),#1076,.T.);
#1042 = FACE_BOUND('',#1043,.F.);
#1043 = EDGE_LOOP('',(#1044,#1054,#1062,#1070));
#1044 = ORIENTED_EDGE('',*,*,#1045,.F.);
#1045 = EDGE_CURVE('',#1046,#1048,#1050,.T.);
#1046 = VERTEX_POINT('',#1047);
#1047 = CARTESIAN_POINT('',(32.32664783201,-17.39499527327,-0.8));
#1048 = VERTEX_POINT('',#1049);
#1049 = CARTESIAN_POINT('',(33.93561929063,-17.85818441248,-0.8));
#1050 = LINE('',#1051,#1052);
#1051 = CARTESIAN_POINT('',(32.32664783201,-17.39499527327,-0.8));
#1052 = VECTOR('',#1053,1.);
#1053 = DIRECTION('',(0.960972522156,-0.276643835392,0.));
#1054 = ORIENTED_EDGE('',*,*,#1055,.T.);
#1055 = EDGE_CURVE('',#1046,#1056,#1058,.T.);
#1056 = VERTEX_POINT('',#1057);
#1057 = CARTESIAN_POINT('',(32.32664783201,-17.39499527327,-6.8));
#1058 = LINE('',#1059,#1060);
#1059 = CARTESIAN_POINT('',(32.32664783201,-17.39499527327,-0.8));
#1060 = VECTOR('',#1061,1.);
#1061 = DIRECTION('',(0.,0.,-1.));
#1062 = ORIENTED_EDGE('',*,*,#1063,.T.);
#1063 = EDGE_CURVE('',#1056,#1064,#1066,.T.);
#1064 = VERTEX_POINT('',#1065);
#1065 = CARTESIAN_POINT('',(33.93561929063,-17.85818441248,-6.8));
#1066 = LINE('',#1067,#1068);
#1067 = CARTESIAN_POINT('',(32.32664783201,-17.39499527327,-6.8));
#1068 = VECTOR('',#1069,1.);
#1069 = DIRECTION('',(0.960972522156,-0.276643835392,0.));
#1070 = ORIENTED_EDGE('',*,*,#1071,.F.);
#1071 = EDGE_CURVE('',#1048,#1064,#1072,.T.);
#1072 = LINE('',#1073,#1074);
#1073 = CARTESIAN_POINT('',(33.93561929063,-17.85818441248,-0.8));
#1074 = VECTOR('',#1075,1.);
#1075 = DIRECTION('',(0.,0.,-1.));
#1076 = PLANE('',#1077);
#1077 = AXIS2_PLACEMENT_3D('',#1078,#1079,#1080);
#1078 = CARTESIAN_POINT('',(32.32664783201,-17.39499527327,-0.8));
#1079 = DIRECTION('',(0.276643835392,0.960972522156,0.));
#1080 = DIRECTION('',(0.960972522156,-0.276643835392,0.));
#1081 = ( GEOMETRIC_REPRESENTATION_CONTEXT(3) 
GLOBAL_UNCERTAINTY_ASSIGNED_CONTEXT((#1085)) 
GLOBAL_UNIT_ASSIGNED_CONTEXT((#1082,#1083,#1084)) REPRESENTATION_CONTEXT
('Context #1','3D Context with UNIT and UNCERTAINTY') );
#1082 = ( LENGTH_UNIT() NAMED_UNIT(*) SI_UNIT(.MILLI.,.METRE.) );
#1083 = ( NAMED_UNIT(*) PLANE_ANGLE_UNIT() SI_UNIT($,.RADIAN.) );
#1084 = ( NAMED_UNIT(*) SI_UNIT($,.STERADIAN.) SOLID_ANGLE_UNIT() );
#1085 = UNCERTAINTY_MEASURE_WITH_UNIT(LENGTH_MEASURE(1.E-07),#1082,
  'distance_accuracy_value','confusion accuracy');
#1086 = CONTEXT_DEPENDENT_SHAPE_REPRESENTATION(#1087,#1089);
#1087 = ( REPRESENTATION_RELATIONSHIP('','',#1038,#10) 
REPRESENTATION_RELATIONSHIP_WITH_TRANSFORMATION(#1088) 
SHAPE_REPRESENTATION_RELATIONSHIP() );
#1088 = ITEM_DEFINED_TRANSFORMATION('','',#11,#47);
#1089 = PRODUCT_DEFINITION_SHAPE('Placement','Placement of an item',
  #1090);
#1090 = NEXT_ASSEMBLY_USAGE_OCCURRENCE('9','Face008','',#5,#1033,$);
#1091 = PRODUCT_RELATED_PRODUCT_CATEGORY('part',$,(#1035));
#1092 = SHAPE_DEFINITION_REPRESENTATION(#1093,#1099);
#1093 = PRODUCT_DEFINITION_SHAPE('','',#1094);
#1094 = PRODUCT_DEFINITION('design','',#1095,#1098);
#1095 = PRODUCT_DEFINITION_FORMATION('','',#1096);
#1096 = PRODUCT('Face009','Face009','',(#1097));
#1097 = PRODUCT_CONTEXT('',#2,'mechanical');
#1098 = PRODUCT_DEFINITION_CONTEXT('part definition',#2,'design');
#1099 = MANIFOLD_SURFACE_SHAPE_REPRESENTATION('',(#11,#1100),#1412);
#1100 = SHELL_BASED_SURFACE_MODEL('',(#1101));
#1101 = OPEN_SHELL('',(#1102));
#1102 = ADVANCED_FACE('',(#1103,#1173,#1223,#1273,#1323,#1373),#1407,.F.
  );
#1103 = FACE_BOUND('',#1104,.F.);
#1104 = EDGE_LOOP('',(#1105,#1116,#1124,#1133,#1141,#1150,#1158,#1167));
#1105 = ORIENTED_EDGE('',*,*,#1106,.F.);
#1106 = EDGE_CURVE('',#1107,#1109,#1111,.T.);
#1107 = VERTEX_POINT('',#1108);
#1108 = CARTESIAN_POINT('',(-35.4,18.85,-0.8));
#1109 = VERTEX_POINT('',#1110);
#1110 = CARTESIAN_POINT('',(-32.6,21.65,-0.8));
#1111 = CIRCLE('',#1112,2.8);
#1112 = AXIS2_PLACEMENT_3D('',#1113,#1114,#1115);
#1113 = CARTESIAN_POINT('',(-32.6,18.85,-0.8));
#1114 = DIRECTION('',(0.,0.,-1.));
#1115 = DIRECTION('',(-1.,0.,0.));
#1116 = ORIENTED_EDGE('',*,*,#1117,.T.);
#1117 = EDGE_CURVE('',#1107,#1118,#1120,.T.);
#1118 = VERTEX_POINT('',#1119);
#1119 = CARTESIAN_POINT('',(-35.4,-18.85,-0.8));
#1120 = LINE('',#1121,#1122);
#1121 = CARTESIAN_POINT('',(-35.4,18.85,-0.8));
#1122 = VECTOR('',#1123,1.);
#1123 = DIRECTION('',(0.,-1.,0.));
#1124 = ORIENTED_EDGE('',*,*,#1125,.F.);
#1125 = EDGE_CURVE('',#1126,#1118,#1128,.T.);
#1126 = VERTEX_POINT('',#1127);
#1127 = CARTESIAN_POINT('',(-32.6,-21.65,-0.8));
#1128 = CIRCLE('',#1129,2.8);
#1129 = AXIS2_PLACEMENT_3D('',#1130,#1131,#1132);
#1130 = CARTESIAN_POINT('',(-32.6,-18.85,-0.8));
#1131 = DIRECTION('',(0.,0.,-1.));
#1132 = DIRECTION('',(0.,-1.,0.));
#1133 = ORIENTED_EDGE('',*,*,#1134,.T.);
#1134 = EDGE_CURVE('',#1126,#1135,#1137,.T.);
#1135 = VERTEX_POINT('',#1136);
#1136 = CARTESIAN_POINT('',(32.6,-21.65,-0.8));
#1137 = LINE('',#1138,#1139);
#1138 = CARTESIAN_POINT('',(-32.6,-21.65,-0.8));
#1139 = VECTOR('',#1140,1.);
#1140 = DIRECTION('',(1.,0.,0.));
#1141 = ORIENTED_EDGE('',*,*,#1142,.F.);
#1142 = EDGE_CURVE('',#1143,#1135,#1145,.T.);
#1143 = VERTEX_POINT('',#1144);
#1144 = CARTESIAN_POINT('',(35.4,-18.85,-0.8));
#1145 = CIRCLE('',#1146,2.8);
#1146 = AXIS2_PLACEMENT_3D('',#1147,#1148,#1149);
#1147 = CARTESIAN_POINT('',(32.6,-18.85,-0.8));
#1148 = DIRECTION('',(0.,0.,-1.));
#1149 = DIRECTION('',(1.,0.,0.));
#1150 = ORIENTED_EDGE('',*,*,#1151,.T.);
#1151 = EDGE_CURVE('',#1143,#1152,#1154,.T.);
#1152 = VERTEX_POINT('',#1153);
#1153 = CARTESIAN_POINT('',(35.4,18.85,-0.8));
#1154 = LINE('',#1155,#1156);
#1155 = CARTESIAN_POINT('',(35.4,-18.85,-0.8));
#1156 = VECTOR('',#1157,1.);
#1157 = DIRECTION('',(0.,1.,0.));
#1158 = ORIENTED_EDGE('',*,*,#1159,.F.);
#1159 = EDGE_CURVE('',#1160,#1152,#1162,.T.);
#1160 = VERTEX_POINT('',#1161);
#1161 = CARTESIAN_POINT('',(32.6,21.65,-0.8));
#1162 = CIRCLE('',#1163,2.8);
#1163 = AXIS2_PLACEMENT_3D('',#1164,#1165,#1166);
#1164 = CARTESIAN_POINT('',(32.6,18.85,-0.8));
#1165 = DIRECTION('',(0.,0.,-1.));
#1166 = DIRECTION('',(0.,1.,0.));
#1167 = ORIENTED_EDGE('',*,*,#1168,.T.);
#1168 = EDGE_CURVE('',#1160,#1109,#1169,.T.);
#1169 = LINE('',#1170,#1171);
#1170 = CARTESIAN_POINT('',(32.6,21.65,-0.8));
#1171 = VECTOR('',#1172,1.);
#1172 = DIRECTION('',(-1.,0.,0.));
#1173 = FACE_BOUND('',#1174,.F.);
#1174 = EDGE_LOOP('',(#1175,#1185,#1193,#1201,#1209,#1217));
#1175 = ORIENTED_EDGE('',*,*,#1176,.T.);
#1176 = EDGE_CURVE('',#1177,#1179,#1181,.T.);
#1177 = VERTEX_POINT('',#1178);
#1178 = CARTESIAN_POINT('',(32.32664783201,-17.39499527327,-0.8));
#1179 = VERTEX_POINT('',#1180);
#1180 = CARTESIAN_POINT('',(33.93561929063,-17.85818441248,-0.8));
#1181 = LINE('',#1182,#1183);
#1182 = CARTESIAN_POINT('',(32.32664783201,-17.39499527327,-0.8));
#1183 = VECTOR('',#1184,1.);
#1184 = DIRECTION('',(0.960972522156,-0.276643835392,0.));
#1185 = ORIENTED_EDGE('',*,*,#1186,.T.);
#1186 = EDGE_CURVE('',#1179,#1187,#1189,.T.);
#1187 = VERTEX_POINT('',#1188);
#1188 = CARTESIAN_POINT('',(34.33897145862,-19.48318913922,-0.8));
#1189 = LINE('',#1190,#1191);
#1190 = CARTESIAN_POINT('',(33.93561929063,-17.85818441248,-0.8));
#1191 = VECTOR('',#1192,1.);
#1192 = DIRECTION('',(0.240905671828,-0.970548534222,0.));
#1193 = ORIENTED_EDGE('',*,*,#1194,.T.);
#1194 = EDGE_CURVE('',#1187,#1195,#1197,.T.);
#1195 = VERTEX_POINT('',#1196);
#1196 = CARTESIAN_POINT('',(33.13335216799,-20.64500472673,-0.8));
#1197 = LINE('',#1198,#1199);
#1198 = CARTESIAN_POINT('',(34.33897145862,-19.48318913922,-0.8));
#1199 = VECTOR('',#1200,1.);
#1200 = DIRECTION('',(-0.720066850328,-0.69390469883,0.));
#1201 = ORIENTED_EDGE('',*,*,#1202,.T.);
#1202 = EDGE_CURVE('',#1195,#1203,#1205,.T.);
#1203 = VERTEX_POINT('',#1204);
#1204 = CARTESIAN_POINT('',(31.52438070937,-20.18181558752,-0.8));
#1205 = LINE('',#1206,#1207);
#1206 = CARTESIAN_POINT('',(33.13335216799,-20.64500472673,-0.8));
#1207 = VECTOR('',#1208,1.);
#1208 = DIRECTION('',(-0.960972522156,0.276643835392,0.));
#1209 = ORIENTED_EDGE('',*,*,#1210,.T.);
#1210 = EDGE_CURVE('',#1203,#1211,#1213,.T.);
#1211 = VERTEX_POINT('',#1212);
#1212 = CARTESIAN_POINT('',(31.12102854138,-18.55681086078,-0.8));
#1213 = LINE('',#1214,#1215);
#1214 = CARTESIAN_POINT('',(31.52438070937,-20.18181558752,-0.8));
#1215 = VECTOR('',#1216,1.);
#1216 = DIRECTION('',(-0.240905671828,0.970548534222,0.));
#1217 = ORIENTED_EDGE('',*,*,#1218,.T.);
#1218 = EDGE_CURVE('',#1211,#1177,#1219,.T.);
#1219 = LINE('',#1220,#1221);
#1220 = CARTESIAN_POINT('',(31.12102854138,-18.55681086078,-0.8));
#1221 = VECTOR('',#1222,1.);
#1222 = DIRECTION('',(0.720066850328,0.69390469883,0.));
#1223 = FACE_BOUND('',#1224,.F.);
#1224 = EDGE_LOOP('',(#1225,#1235,#1243,#1251,#1259,#1267));
#1225 = ORIENTED_EDGE('',*,*,#1226,.T.);
#1226 = EDGE_CURVE('',#1227,#1229,#1231,.T.);
#1227 = VERTEX_POINT('',#1228);
#1228 = CARTESIAN_POINT('',(32.32664783201,17.39499527327,-0.8));
#1229 = VERTEX_POINT('',#1230);
#1230 = CARTESIAN_POINT('',(31.12102854138,18.55681086078,-0.8));
#1231 = LINE('',#1232,#1233);
#1232 = CARTESIAN_POINT('',(32.32664783201,17.39499527327,-0.8));
#1233 = VECTOR('',#1234,1.);
#1234 = DIRECTION('',(-0.720066850328,0.69390469883,0.));
#1235 = ORIENTED_EDGE('',*,*,#1236,.T.);
#1236 = EDGE_CURVE('',#1229,#1237,#1239,.T.);
#1237 = VERTEX_POINT('',#1238);
#1238 = CARTESIAN_POINT('',(31.52438070937,20.18181558752,-0.8));
#1239 = LINE('',#1240,#1241);
#1240 = CARTESIAN_POINT('',(31.12102854138,18.55681086078,-0.8));
#1241 = VECTOR('',#1242,1.);
#1242 = DIRECTION('',(0.240905671828,0.970548534222,0.));
#1243 = ORIENTED_EDGE('',*,*,#1244,.T.);
#1244 = EDGE_CURVE('',#1237,#1245,#1247,.T.);
#1245 = VERTEX_POINT('',#1246);
#1246 = CARTESIAN_POINT('',(33.13335216799,20.64500472673,-0.8));
#1247 = LINE('',#1248,#1249);
#1248 = CARTESIAN_POINT('',(31.52438070937,20.18181558752,-0.8));
#1249 = VECTOR('',#1250,1.);
#1250 = DIRECTION('',(0.960972522156,0.276643835392,0.));
#1251 = ORIENTED_EDGE('',*,*,#1252,.T.);
#1252 = EDGE_CURVE('',#1245,#1253,#1255,.T.);
#1253 = VERTEX_POINT('',#1254);
#1254 = CARTESIAN_POINT('',(34.33897145862,19.48318913922,-0.8));
#1255 = LINE('',#1256,#1257);
#1256 = CARTESIAN_POINT('',(33.13335216799,20.64500472673,-0.8));
#1257 = VECTOR('',#1258,1.);
#1258 = DIRECTION('',(0.720066850328,-0.69390469883,0.));
#1259 = ORIENTED_EDGE('',*,*,#1260,.T.);
#1260 = EDGE_CURVE('',#1253,#1261,#1263,.T.);
#1261 = VERTEX_POINT('',#1262);
#1262 = CARTESIAN_POINT('',(33.93561929063,17.85818441248,-0.8));
#1263 = LINE('',#1264,#1265);
#1264 = CARTESIAN_POINT('',(34.33897145862,19.48318913922,-0.8));
#1265 = VECTOR('',#1266,1.);
#1266 = DIRECTION('',(-0.240905671828,-0.970548534222,0.));
#1267 = ORIENTED_EDGE('',*,*,#1268,.T.);
#1268 = EDGE_CURVE('',#1261,#1227,#1269,.T.);
#1269 = LINE('',#1270,#1271);
#1270 = CARTESIAN_POINT('',(33.93561929063,17.85818441248,-0.8));
#1271 = VECTOR('',#1272,1.);
#1272 = DIRECTION('',(-0.960972522156,-0.276643835392,0.));
#1273 = FACE_BOUND('',#1274,.F.);
#1274 = EDGE_LOOP('',(#1275,#1285,#1293,#1301,#1309,#1317));
#1275 = ORIENTED_EDGE('',*,*,#1276,.T.);
#1276 = EDGE_CURVE('',#1277,#1279,#1281,.T.);
#1277 = VERTEX_POINT('',#1278);
#1278 = CARTESIAN_POINT('',(-32.32664783201,-17.39499527327,-0.8));
#1279 = VERTEX_POINT('',#1280);
#1280 = CARTESIAN_POINT('',(-31.12102854138,-18.55681086078,-0.8));
#1281 = LINE('',#1282,#1283);
#1282 = CARTESIAN_POINT('',(-32.32664783201,-17.39499527327,-0.8));
#1283 = VECTOR('',#1284,1.);
#1284 = DIRECTION('',(0.720066850328,-0.69390469883,0.));
#1285 = ORIENTED_EDGE('',*,*,#1286,.T.);
#1286 = EDGE_CURVE('',#1279,#1287,#1289,.T.);
#1287 = VERTEX_POINT('',#1288);
#1288 = CARTESIAN_POINT('',(-31.52438070937,-20.18181558752,-0.8));
#1289 = LINE('',#1290,#1291);
#1290 = CARTESIAN_POINT('',(-31.12102854138,-18.55681086078,-0.8));
#1291 = VECTOR('',#1292,1.);
#1292 = DIRECTION('',(-0.240905671828,-0.970548534222,0.));
#1293 = ORIENTED_EDGE('',*,*,#1294,.T.);
#1294 = EDGE_CURVE('',#1287,#1295,#1297,.T.);
#1295 = VERTEX_POINT('',#1296);
#1296 = CARTESIAN_POINT('',(-33.13335216799,-20.64500472673,-0.8));
#1297 = LINE('',#1298,#1299);
#1298 = CARTESIAN_POINT('',(-31.52438070937,-20.18181558752,-0.8));
#1299 = VECTOR('',#1300,1.);
#1300 = DIRECTION('',(-0.960972522156,-0.276643835392,0.));
#1301 = ORIENTED_EDGE('',*,*,#1302,.T.);
#1302 = EDGE_CURVE('',#1295,#1303,#1305,.T.);
#1303 = VERTEX_POINT('',#1304);
#1304 = CARTESIAN_POINT('',(-34.33897145862,-19.48318913922,-0.8));
#1305 = LINE('',#1306,#1307);
#1306 = CARTESIAN_POINT('',(-33.13335216799,-20.64500472673,-0.8));
#1307 = VECTOR('',#1308,1.);
#1308 = DIRECTION('',(-0.720066850328,0.69390469883,0.));
#1309 = ORIENTED_EDGE('',*,*,#1310,.T.);
#1310 = EDGE_CURVE('',#1303,#1311,#1313,.T.);
#1311 = VERTEX_POINT('',#1312);
#1312 = CARTESIAN_POINT('',(-33.93561929063,-17.85818441248,-0.8));
#1313 = LINE('',#1314,#1315);
#1314 = CARTESIAN_POINT('',(-34.33897145862,-19.48318913922,-0.8));
#1315 = VECTOR('',#1316,1.);
#1316 = DIRECTION('',(0.240905671828,0.970548534222,0.));
#1317 = ORIENTED_EDGE('',*,*,#1318,.T.);
#1318 = EDGE_CURVE('',#1311,#1277,#1319,.T.);
#1319 = LINE('',#1320,#1321);
#1320 = CARTESIAN_POINT('',(-33.93561929063,-17.85818441248,-0.8));
#1321 = VECTOR('',#1322,1.);
#1322 = DIRECTION('',(0.960972522156,0.276643835392,0.));
#1323 = FACE_BOUND('',#1324,.F.);
#1324 = EDGE_LOOP('',(#1325,#1335,#1343,#1351,#1359,#1367));
#1325 = ORIENTED_EDGE('',*,*,#1326,.T.);
#1326 = EDGE_CURVE('',#1327,#1329,#1331,.T.);
#1327 = VERTEX_POINT('',#1328);
#1328 = CARTESIAN_POINT('',(-32.32664783201,17.39499527327,-0.8));
#1329 = VERTEX_POINT('',#1330);
#1330 = CARTESIAN_POINT('',(-33.93561929063,17.85818441248,-0.8));
#1331 = LINE('',#1332,#1333);
#1332 = CARTESIAN_POINT('',(-32.32664783201,17.39499527327,-0.8));
#1333 = VECTOR('',#1334,1.);
#1334 = DIRECTION('',(-0.960972522156,0.276643835392,0.));
#1335 = ORIENTED_EDGE('',*,*,#1336,.T.);
#1336 = EDGE_CURVE('',#1329,#1337,#1339,.T.);
#1337 = VERTEX_POINT('',#1338);
#1338 = CARTESIAN_POINT('',(-34.33897145862,19.48318913922,-0.8));
#1339 = LINE('',#1340,#1341);
#1340 = CARTESIAN_POINT('',(-33.93561929063,17.85818441248,-0.8));
#1341 = VECTOR('',#1342,1.);
#1342 = DIRECTION('',(-0.240905671828,0.970548534222,0.));
#1343 = ORIENTED_EDGE('',*,*,#1344,.T.);
#1344 = EDGE_CURVE('',#1337,#1345,#1347,.T.);
#1345 = VERTEX_POINT('',#1346);
#1346 = CARTESIAN_POINT('',(-33.13335216799,20.64500472673,-0.8));
#1347 = LINE('',#1348,#1349);
#1348 = CARTESIAN_POINT('',(-34.33897145862,19.48318913922,-0.8));
#1349 = VECTOR('',#1350,1.);
#1350 = DIRECTION('',(0.720066850328,0.69390469883,0.));
#1351 = ORIENTED_EDGE('',*,*,#1352,.T.);
#1352 = EDGE_CURVE('',#1345,#1353,#1355,.T.);
#1353 = VERTEX_POINT('',#1354);
#1354 = CARTESIAN_POINT('',(-31.52438070937,20.18181558752,-0.8));
#1355 = LINE('',#1356,#1357);
#1356 = CARTESIAN_POINT('',(-33.13335216799,20.64500472673,-0.8));
#1357 = VECTOR('',#1358,1.);
#1358 = DIRECTION('',(0.960972522156,-0.276643835392,0.));
#1359 = ORIENTED_EDGE('',*,*,#1360,.T.);
#1360 = EDGE_CURVE('',#1353,#1361,#1363,.T.);
#1361 = VERTEX_POINT('',#1362);
#1362 = CARTESIAN_POINT('',(-31.12102854138,18.55681086078,-0.8));
#1363 = LINE('',#1364,#1365);
#1364 = CARTESIAN_POINT('',(-31.52438070937,20.18181558752,-0.8));
#1365 = VECTOR('',#1366,1.);
#1366 = DIRECTION('',(0.240905671828,-0.970548534222,0.));
#1367 = ORIENTED_EDGE('',*,*,#1368,.T.);
#1368 = EDGE_CURVE('',#1361,#1327,#1369,.T.);
#1369 = LINE('',#1370,#1371);
#1370 = CARTESIAN_POINT('',(-31.12102854138,18.55681086078,-0.8));
#1371 = VECTOR('',#1372,1.);
#1372 = DIRECTION('',(-0.720066850328,-0.69390469883,0.));
#1373 = FACE_BOUND('',#1374,.F.);
#1374 = EDGE_LOOP('',(#1375,#1385,#1393,#1401));
#1375 = ORIENTED_EDGE('',*,*,#1376,.T.);
#1376 = EDGE_CURVE('',#1377,#1379,#1381,.T.);
#1377 = VERTEX_POINT('',#1378);
#1378 = CARTESIAN_POINT('',(24.3,-9.9,-0.8));
#1379 = VERTEX_POINT('',#1380);
#1380 = CARTESIAN_POINT('',(24.3,10.1,-0.8));
#1381 = LINE('',#1382,#1383);
#1382 = CARTESIAN_POINT('',(24.3,-9.9,-0.8));
#1383 = VECTOR('',#1384,1.);
#1384 = DIRECTION('',(0.,1.,0.));
#1385 = ORIENTED_EDGE('',*,*,#1386,.T.);
#1386 = EDGE_CURVE('',#1379,#1387,#1389,.T.);
#1387 = VERTEX_POINT('',#1388);
#1388 = CARTESIAN_POINT('',(30.3,10.1,-0.8));
#1389 = LINE('',#1390,#1391);
#1390 = CARTESIAN_POINT('',(24.3,10.1,-0.8));
#1391 = VECTOR('',#1392,1.);
#1392 = DIRECTION('',(1.,0.,0.));
#1393 = ORIENTED_EDGE('',*,*,#1394,.T.);
#1394 = EDGE_CURVE('',#1387,#1395,#1397,.T.);
#1395 = VERTEX_POINT('',#1396);
#1396 = CARTESIAN_POINT('',(30.3,-9.9,-0.8));
#1397 = LINE('',#1398,#1399);
#1398 = CARTESIAN_POINT('',(30.3,10.1,-0.8));
#1399 = VECTOR('',#1400,1.);
#1400 = DIRECTION('',(0.,-1.,0.));
#1401 = ORIENTED_EDGE('',*,*,#1402,.T.);
#1402 = EDGE_CURVE('',#1395,#1377,#1403,.T.);
#1403 = LINE('',#1404,#1405);
#1404 = CARTESIAN_POINT('',(30.3,-9.9,-0.8));
#1405 = VECTOR('',#1406,1.);
#1406 = DIRECTION('',(-1.,0.,0.));
#1407 = PLANE('',#1408);
#1408 = AXIS2_PLACEMENT_3D('',#1409,#1410,#1411);
#1409 = CARTESIAN_POINT('',(0.,0.,-0.8));
#1410 = DIRECTION('',(0.,0.,1.));
#1411 = DIRECTION('',(1.,0.,-0.));
#1412 = ( GEOMETRIC_REPRESENTATION_CONTEXT(3) 
GLOBAL_UNCERTAINTY_ASSIGNED_CONTEXT((#1416)) 
GLOBAL_UNIT_ASSIGNED_CONTEXT((#1413,#1414,#1415)) REPRESENTATION_CONTEXT
('Context #1','3D Context with UNIT and UNCERTAINTY') );
#1413 = ( LENGTH_UNIT() NAMED_UNIT(*) SI_UNIT(.MILLI.,.METRE.) );
#1414 = ( NAMED_UNIT(*) PLANE_ANGLE_UNIT() SI_UNIT($,.RADIAN.) );
#1415 = ( NAMED_UNIT(*) SI_UNIT($,.STERADIAN.) SOLID_ANGLE_UNIT() );
#1416 = UNCERTAINTY_MEASURE_WITH_UNIT(LENGTH_MEASURE(1.E-07),#1413,
  'distance_accuracy_value','confusion accuracy');
#1417 = CONTEXT_DEPENDENT_SHAPE_REPRESENTATION(#1418,#1420);
#1418 = ( REPRESENTATION_RELATIONSHIP('','',#1099,#10) 
REPRESENTATION_RELATIONSHIP_WITH_TRANSFORMATION(#1419) 
SHAPE_REPRESENTATION_RELATIONSHIP() );
#1419 = ITEM_DEFINED_TRANSFORMATION('','',#11,#51);
#1420 = PRODUCT_DEFINITION_SHAPE('Placement','Placement of an item',
  #1421);
#1421 = NEXT_ASSEMBLY_USAGE_OCCURRENCE('10','Face009','',#5,#1094,$);
#1422 = PRODUCT_RELATED_PRODUCT_CATEGORY('part',$,(#1096));
#1423 = SHAPE_DEFINITION_REPRESENTATION(#1424,#1430);
#1424 = PRODUCT_DEFINITION_SHAPE('','',#1425);
#1425 = PRODUCT_DEFINITION('design','',#1426,#1429);
#1426 = PRODUCT_DEFINITION_FORMATION('','',#1427);
#1427 = PRODUCT('Face010','Face010','',(#1428));
#1428 = PRODUCT_CONTEXT('',#2,'mechanical');
#1429 = PRODUCT_DEFINITION_CONTEXT('part definition',#2,'design');
#1430 = MANIFOLD_SURFACE_SHAPE_REPRESENTATION('',(#11,#1431),#1473);
#1431 = SHELL_BASED_SURFACE_MODEL('',(#1432));
#1432 = OPEN_SHELL('',(#1433));
#1433 = ADVANCED_FACE('',(#1434),#1468,.T.);
#1434 = FACE_BOUND('',#1435,.F.);
#1435 = EDGE_LOOP('',(#1436,#1446,#1454,#1462));
#1436 = ORIENTED_EDGE('',*,*,#1437,.F.);
#1437 = EDGE_CURVE('',#1438,#1440,#1442,.T.);
#1438 = VERTEX_POINT('',#1439);
#1439 = CARTESIAN_POINT('',(33.93561929063,-17.85818441248,-0.8));
#1440 = VERTEX_POINT('',#1441);
#1441 = CARTESIAN_POINT('',(34.33897145862,-19.48318913922,-0.8));
#1442 = LINE('',#1443,#1444);
#1443 = CARTESIAN_POINT('',(33.93561929063,-17.85818441248,-0.8));
#1444 = VECTOR('',#1445,1.);
#1445 = DIRECTION('',(0.240905671828,-0.970548534222,0.));
#1446 = ORIENTED_EDGE('',*,*,#1447,.T.);
#1447 = EDGE_CURVE('',#1438,#1448,#1450,.T.);
#1448 = VERTEX_POINT('',#1449);
#1449 = CARTESIAN_POINT('',(33.93561929063,-17.85818441248,-6.8));
#1450 = LINE('',#1451,#1452);
#1451 = CARTESIAN_POINT('',(33.93561929063,-17.85818441248,-0.8));
#1452 = VECTOR('',#1453,1.);
#1453 = DIRECTION('',(0.,0.,-1.));
#1454 = ORIENTED_EDGE('',*,*,#1455,.T.);
#1455 = EDGE_CURVE('',#1448,#1456,#1458,.T.);
#1456 = VERTEX_POINT('',#1457);
#1457 = CARTESIAN_POINT('',(34.33897145862,-19.48318913922,-6.8));
#1458 = LINE('',#1459,#1460);
#1459 = CARTESIAN_POINT('',(33.93561929063,-17.85818441248,-6.8));
#1460 = VECTOR('',#1461,1.);
#1461 = DIRECTION('',(0.240905671828,-0.970548534222,0.));
#1462 = ORIENTED_EDGE('',*,*,#1463,.F.);
#1463 = EDGE_CURVE('',#1440,#1456,#1464,.T.);
#1464 = LINE('',#1465,#1466);
#1465 = CARTESIAN_POINT('',(34.33897145862,-19.48318913922,-0.8));
#1466 = VECTOR('',#1467,1.);
#1467 = DIRECTION('',(0.,0.,-1.));
#1468 = PLANE('',#1469);
#1469 = AXIS2_PLACEMENT_3D('',#1470,#1471,#1472);
#1470 = CARTESIAN_POINT('',(33.93561929063,-17.85818441248,-0.8));
#1471 = DIRECTION('',(0.970548534222,0.240905671828,0.));
#1472 = DIRECTION('',(0.240905671828,-0.970548534222,0.));
#1473 = ( GEOMETRIC_REPRESENTATION_CONTEXT(3) 
GLOBAL_UNCERTAINTY_ASSIGNED_CONTEXT((#1477)) 
GLOBAL_UNIT_ASSIGNED_CONTEXT((#1474,#1475,#1476)) REPRESENTATION_CONTEXT
('Context #1','3D Context with UNIT and UNCERTAINTY') );
#1474 = ( LENGTH_UNIT() NAMED_UNIT(*) SI_UNIT(.MILLI.,.METRE.) );
#1475 = ( NAMED_UNIT(*) PLANE_ANGLE_UNIT() SI_UNIT($,.RADIAN.) );
#1476 = ( NAMED_UNIT(*) SI_UNIT($,.STERADIAN.) SOLID_ANGLE_UNIT() );
#1477 = UNCERTAINTY_MEASURE_WITH_UNIT(LENGTH_MEASURE(1.E-07),#1474,
  'distance_accuracy_value','confusion accuracy');
#1478 = CONTEXT_DEPENDENT_SHAPE_REPRESENTATION(#1479,#1481);
#1479 = ( REPRESENTATION_RELATIONSHIP('','',#1430,#10) 
REPRESENTATION_RELATIONSHIP_WITH_TRANSFORMATION(#1480) 
SHAPE_REPRESENTATION_RELATIONSHIP() );
#1480 = ITEM_DEFINED_TRANSFORMATION('','',#11,#55);
#1481 = PRODUCT_DEFINITION_SHAPE('Placement','Placement of an item',
  #1482);
#1482 = NEXT_ASSEMBLY_USAGE_OCCURRENCE('11','Face010','',#5,#1425,$);
#1483 = PRODUCT_RELATED_PRODUCT_CATEGORY('part',$,(#1427));
#1484 = SHAPE_DEFINITION_REPRESENTATION(#1485,#1491);
#1485 = PRODUCT_DEFINITION_SHAPE('','',#1486);
#1486 = PRODUCT_DEFINITION('design','',#1487,#1490);
#1487 = PRODUCT_DEFINITION_FORMATION('','',#1488);
#1488 = PRODUCT('Face011','Face011','',(#1489));
#1489 = PRODUCT_CONTEXT('',#2,'mechanical');
#1490 = PRODUCT_DEFINITION_CONTEXT('part definition',#2,'design');
#1491 = MANIFOLD_SURFACE_SHAPE_REPRESENTATION('',(#11,#1492),#1534);
#1492 = SHELL_BASED_SURFACE_MODEL('',(#1493));
#1493 = OPEN_SHELL('',(#1494));
#1494 = ADVANCED_FACE('',(#1495),#1529,.T.);
#1495 = FACE_BOUND('',#1496,.F.);
#1496 = EDGE_LOOP('',(#1497,#1507,#1515,#1523));
#1497 = ORIENTED_EDGE('',*,*,#1498,.F.);
#1498 = EDGE_CURVE('',#1499,#1501,#1503,.T.);
#1499 = VERTEX_POINT('',#1500);
#1500 = CARTESIAN_POINT('',(34.33897145862,-19.48318913922,-0.8));
#1501 = VERTEX_POINT('',#1502);
#1502 = CARTESIAN_POINT('',(33.13335216799,-20.64500472673,-0.8));
#1503 = LINE('',#1504,#1505);
#1504 = CARTESIAN_POINT('',(34.33897145862,-19.48318913922,-0.8));
#1505 = VECTOR('',#1506,1.);
#1506 = DIRECTION('',(-0.720066850328,-0.69390469883,0.));
#1507 = ORIENTED_EDGE('',*,*,#1508,.T.);
#1508 = EDGE_CURVE('',#1499,#1509,#1511,.T.);
#1509 = VERTEX_POINT('',#1510);
#1510 = CARTESIAN_POINT('',(34.33897145862,-19.48318913922,-6.8));
#1511 = LINE('',#1512,#1513);
#1512 = CARTESIAN_POINT('',(34.33897145862,-19.48318913922,-0.8));
#1513 = VECTOR('',#1514,1.);
#1514 = DIRECTION('',(0.,0.,-1.));
#1515 = ORIENTED_EDGE('',*,*,#1516,.T.);
#1516 = EDGE_CURVE('',#1509,#1517,#1519,.T.);
#1517 = VERTEX_POINT('',#1518);
#1518 = CARTESIAN_POINT('',(33.13335216799,-20.64500472673,-6.8));
#1519 = LINE('',#1520,#1521);
#1520 = CARTESIAN_POINT('',(34.33897145862,-19.48318913922,-6.8));
#1521 = VECTOR('',#1522,1.);
#1522 = DIRECTION('',(-0.720066850328,-0.69390469883,0.));
#1523 = ORIENTED_EDGE('',*,*,#1524,.F.);
#1524 = EDGE_CURVE('',#1501,#1517,#1525,.T.);
#1525 = LINE('',#1526,#1527);
#1526 = CARTESIAN_POINT('',(33.13335216799,-20.64500472673,-0.8));
#1527 = VECTOR('',#1528,1.);
#1528 = DIRECTION('',(0.,0.,-1.));
#1529 = PLANE('',#1530);
#1530 = AXIS2_PLACEMENT_3D('',#1531,#1532,#1533);
#1531 = CARTESIAN_POINT('',(34.33897145862,-19.48318913922,-0.8));
#1532 = DIRECTION('',(0.69390469883,-0.720066850328,0.));
#1533 = DIRECTION('',(-0.720066850328,-0.69390469883,0.));
#1534 = ( GEOMETRIC_REPRESENTATION_CONTEXT(3) 
GLOBAL_UNCERTAINTY_ASSIGNED_CONTEXT((#1538)) 
GLOBAL_UNIT_ASSIGNED_CONTEXT((#1535,#1536,#1537)) REPRESENTATION_CONTEXT
('Context #1','3D Context with UNIT and UNCERTAINTY') );
#1535 = ( LENGTH_UNIT() NAMED_UNIT(*) SI_UNIT(.MILLI.,.METRE.) );
#1536 = ( NAMED_UNIT(*) PLANE_ANGLE_UNIT() SI_UNIT($,.RADIAN.) );
#1537 = ( NAMED_UNIT(*) SI_UNIT($,.STERADIAN.) SOLID_ANGLE_UNIT() );
#1538 = UNCERTAINTY_MEASURE_WITH_UNIT(LENGTH_MEASURE(1.E-07),#1535,
  'distance_accuracy_value','confusion accuracy');
#1539 = CONTEXT_DEPENDENT_SHAPE_REPRESENTATION(#1540,#1542);
#1540 = ( REPRESENTATION_RELATIONSHIP('','',#1491,#10) 
REPRESENTATION_RELATIONSHIP_WITH_TRANSFORMATION(#1541) 
SHAPE_REPRESENTATION_RELATIONSHIP() );
#1541 = ITEM_DEFINED_TRANSFORMATION('','',#11,#59);
#1542 = PRODUCT_DEFINITION_SHAPE('Placement','Placement of an item',
  #1543);
#1543 = NEXT_ASSEMBLY_USAGE_OCCURRENCE('12','Face011','',#5,#1486,$);
#1544 = PRODUCT_RELATED_PRODUCT_CATEGORY('part',$,(#1488));
#1545 = SHAPE_DEFINITION_REPRESENTATION(#1546,#1552);
#1546 = PRODUCT_DEFINITION_SHAPE('','',#1547);
#1547 = PRODUCT_DEFINITION('design','',#1548,#1551);
#1548 = PRODUCT_DEFINITION_FORMATION('','',#1549);
#1549 = PRODUCT('Face012','Face012','',(#1550));
#1550 = PRODUCT_CONTEXT('',#2,'mechanical');
#1551 = PRODUCT_DEFINITION_CONTEXT('part definition',#2,'design');
#1552 = MANIFOLD_SURFACE_SHAPE_REPRESENTATION('',(#11,#1553),#1595);
#1553 = SHELL_BASED_SURFACE_MODEL('',(#1554));
#1554 = OPEN_SHELL('',(#1555));
#1555 = ADVANCED_FACE('',(#1556),#1590,.T.);
#1556 = FACE_BOUND('',#1557,.F.);
#1557 = EDGE_LOOP('',(#1558,#1568,#1576,#1584));
#1558 = ORIENTED_EDGE('',*,*,#1559,.F.);
#1559 = EDGE_CURVE('',#1560,#1562,#1564,.T.);
#1560 = VERTEX_POINT('',#1561);
#1561 = CARTESIAN_POINT('',(33.13335216799,-20.64500472673,-0.8));
#1562 = VERTEX_POINT('',#1563);
#1563 = CARTESIAN_POINT('',(31.52438070937,-20.18181558752,-0.8));
#1564 = LINE('',#1565,#1566);
#1565 = CARTESIAN_POINT('',(33.13335216799,-20.64500472673,-0.8));
#1566 = VECTOR('',#1567,1.);
#1567 = DIRECTION('',(-0.960972522156,0.276643835392,0.));
#1568 = ORIENTED_EDGE('',*,*,#1569,.T.);
#1569 = EDGE_CURVE('',#1560,#1570,#1572,.T.);
#1570 = VERTEX_POINT('',#1571);
#1571 = CARTESIAN_POINT('',(33.13335216799,-20.64500472673,-6.8));
#1572 = LINE('',#1573,#1574);
#1573 = CARTESIAN_POINT('',(33.13335216799,-20.64500472673,-0.8));
#1574 = VECTOR('',#1575,1.);
#1575 = DIRECTION('',(0.,0.,-1.));
#1576 = ORIENTED_EDGE('',*,*,#1577,.T.);
#1577 = EDGE_CURVE('',#1570,#1578,#1580,.T.);
#1578 = VERTEX_POINT('',#1579);
#1579 = CARTESIAN_POINT('',(31.52438070937,-20.18181558752,-6.8));
#1580 = LINE('',#1581,#1582);
#1581 = CARTESIAN_POINT('',(33.13335216799,-20.64500472673,-6.8));
#1582 = VECTOR('',#1583,1.);
#1583 = DIRECTION('',(-0.960972522156,0.276643835392,0.));
#1584 = ORIENTED_EDGE('',*,*,#1585,.F.);
#1585 = EDGE_CURVE('',#1562,#1578,#1586,.T.);
#1586 = LINE('',#1587,#1588);
#1587 = CARTESIAN_POINT('',(31.52438070937,-20.18181558752,-0.8));
#1588 = VECTOR('',#1589,1.);
#1589 = DIRECTION('',(0.,0.,-1.));
#1590 = PLANE('',#1591);
#1591 = AXIS2_PLACEMENT_3D('',#1592,#1593,#1594);
#1592 = CARTESIAN_POINT('',(33.13335216799,-20.64500472673,-0.8));
#1593 = DIRECTION('',(-0.276643835392,-0.960972522156,0.));
#1594 = DIRECTION('',(-0.960972522156,0.276643835392,0.));
#1595 = ( GEOMETRIC_REPRESENTATION_CONTEXT(3) 
GLOBAL_UNCERTAINTY_ASSIGNED_CONTEXT((#1599)) 
GLOBAL_UNIT_ASSIGNED_CONTEXT((#1596,#1597,#1598)) REPRESENTATION_CONTEXT
('Context #1','3D Context with UNIT and UNCERTAINTY') );
#1596 = ( LENGTH_UNIT() NAMED_UNIT(*) SI_UNIT(.MILLI.,.METRE.) );
#1597 = ( NAMED_UNIT(*) PLANE_ANGLE_UNIT() SI_UNIT($,.RADIAN.) );
#1598 = ( NAMED_UNIT(*) SI_UNIT($,.STERADIAN.) SOLID_ANGLE_UNIT() );
#1599 = UNCERTAINTY_MEASURE_WITH_UNIT(LENGTH_MEASURE(1.E-07),#1596,
  'distance_accuracy_value','confusion accuracy');
#1600 = CONTEXT_DEPENDENT_SHAPE_REPRESENTATION(#1601,#1603);
#1601 = ( REPRESENTATION_RELATIONSHIP('','',#1552,#10) 
REPRESENTATION_RELATIONSHIP_WITH_TRANSFORMATION(#1602) 
SHAPE_REPRESENTATION_RELATIONSHIP() );
#1602 = ITEM_DEFINED_TRANSFORMATION('','',#11,#63);
#1603 = PRODUCT_DEFINITION_SHAPE('Placement','Placement of an item',
  #1604);
#1604 = NEXT_ASSEMBLY_USAGE_OCCURRENCE('13','Face012','',#5,#1547,$);
#1605 = PRODUCT_RELATED_PRODUCT_CATEGORY('part',$,(#1549));
#1606 = SHAPE_DEFINITION_REPRESENTATION(#1607,#1613);
#1607 = PRODUCT_DEFINITION_SHAPE('','',#1608);
#1608 = PRODUCT_DEFINITION('design','',#1609,#1612);
#1609 = PRODUCT_DEFINITION_FORMATION('','',#1610);
#1610 = PRODUCT('Face013','Face013','',(#1611));
#1611 = PRODUCT_CONTEXT('',#2,'mechanical');
#1612 = PRODUCT_DEFINITION_CONTEXT('part definition',#2,'design');
#1613 = MANIFOLD_SURFACE_SHAPE_REPRESENTATION('',(#11,#1614),#1656);
#1614 = SHELL_BASED_SURFACE_MODEL('',(#1615));
#1615 = OPEN_SHELL('',(#1616));
#1616 = ADVANCED_FACE('',(#1617),#1651,.T.);
#1617 = FACE_BOUND('',#1618,.F.);
#1618 = EDGE_LOOP('',(#1619,#1629,#1637,#1645));
#1619 = ORIENTED_EDGE('',*,*,#1620,.F.);
#1620 = EDGE_CURVE('',#1621,#1623,#1625,.T.);
#1621 = VERTEX_POINT('',#1622);
#1622 = CARTESIAN_POINT('',(31.52438070937,-20.18181558752,-0.8));
#1623 = VERTEX_POINT('',#1624);
#1624 = CARTESIAN_POINT('',(31.12102854138,-18.55681086078,-0.8));
#1625 = LINE('',#1626,#1627);
#1626 = CARTESIAN_POINT('',(31.52438070937,-20.18181558752,-0.8));
#1627 = VECTOR('',#1628,1.);
#1628 = DIRECTION('',(-0.240905671828,0.970548534222,0.));
#1629 = ORIENTED_EDGE('',*,*,#1630,.T.);
#1630 = EDGE_CURVE('',#1621,#1631,#1633,.T.);
#1631 = VERTEX_POINT('',#1632);
#1632 = CARTESIAN_POINT('',(31.52438070937,-20.18181558752,-6.8));
#1633 = LINE('',#1634,#1635);
#1634 = CARTESIAN_POINT('',(31.52438070937,-20.18181558752,-0.8));
#1635 = VECTOR('',#1636,1.);
#1636 = DIRECTION('',(0.,0.,-1.));
#1637 = ORIENTED_EDGE('',*,*,#1638,.T.);
#1638 = EDGE_CURVE('',#1631,#1639,#1641,.T.);
#1639 = VERTEX_POINT('',#1640);
#1640 = CARTESIAN_POINT('',(31.12102854138,-18.55681086078,-6.8));
#1641 = LINE('',#1642,#1643);
#1642 = CARTESIAN_POINT('',(31.52438070937,-20.18181558752,-6.8));
#1643 = VECTOR('',#1644,1.);
#1644 = DIRECTION('',(-0.240905671828,0.970548534222,0.));
#1645 = ORIENTED_EDGE('',*,*,#1646,.F.);
#1646 = EDGE_CURVE('',#1623,#1639,#1647,.T.);
#1647 = LINE('',#1648,#1649);
#1648 = CARTESIAN_POINT('',(31.12102854138,-18.55681086078,-0.8));
#1649 = VECTOR('',#1650,1.);
#1650 = DIRECTION('',(0.,0.,-1.));
#1651 = PLANE('',#1652);
#1652 = AXIS2_PLACEMENT_3D('',#1653,#1654,#1655);
#1653 = CARTESIAN_POINT('',(31.52438070937,-20.18181558752,-0.8));
#1654 = DIRECTION('',(-0.970548534222,-0.240905671828,0.));
#1655 = DIRECTION('',(-0.240905671828,0.970548534222,0.));
#1656 = ( GEOMETRIC_REPRESENTATION_CONTEXT(3) 
GLOBAL_UNCERTAINTY_ASSIGNED_CONTEXT((#1660)) 
GLOBAL_UNIT_ASSIGNED_CONTEXT((#1657,#1658,#1659)) REPRESENTATION_CONTEXT
('Context #1','3D Context with UNIT and UNCERTAINTY') );
#1657 = ( LENGTH_UNIT() NAMED_UNIT(*) SI_UNIT(.MILLI.,.METRE.) );
#1658 = ( NAMED_UNIT(*) PLANE_ANGLE_UNIT() SI_UNIT($,.RADIAN.) );
#1659 = ( NAMED_UNIT(*) SI_UNIT($,.STERADIAN.) SOLID_ANGLE_UNIT() );
#1660 = UNCERTAINTY_MEASURE_WITH_UNIT(LENGTH_MEASURE(1.E-07),#1657,
  'distance_accuracy_value','confusion accuracy');
#1661 = CONTEXT_DEPENDENT_SHAPE_REPRESENTATION(#1662,#1664);
#1662 = ( REPRESENTATION_RELATIONSHIP('','',#1613,#10) 
REPRESENTATION_RELATIONSHIP_WITH_TRANSFORMATION(#1663) 
SHAPE_REPRESENTATION_RELATIONSHIP() );
#1663 = ITEM_DEFINED_TRANSFORMATION('','',#11,#67);
#1664 = PRODUCT_DEFINITION_SHAPE('Placement','Placement of an item',
  #1665);
#1665 = NEXT_ASSEMBLY_USAGE_OCCURRENCE('14','Face013','',#5,#1608,$);
#1666 = PRODUCT_RELATED_PRODUCT_CATEGORY('part',$,(#1610));
#1667 = SHAPE_DEFINITION_REPRESENTATION(#1668,#1674);
#1668 = PRODUCT_DEFINITION_SHAPE('','',#1669);
#1669 = PRODUCT_DEFINITION('design','',#1670,#1673);
#1670 = PRODUCT_DEFINITION_FORMATION('','',#1671);
#1671 = PRODUCT('Face014','Face014','',(#1672));
#1672 = PRODUCT_CONTEXT('',#2,'mechanical');
#1673 = PRODUCT_DEFINITION_CONTEXT('part definition',#2,'design');
#1674 = MANIFOLD_SURFACE_SHAPE_REPRESENTATION('',(#11,#1675),#1717);
#1675 = SHELL_BASED_SURFACE_MODEL('',(#1676));
#1676 = OPEN_SHELL('',(#1677));
#1677 = ADVANCED_FACE('',(#1678),#1712,.T.);
#1678 = FACE_BOUND('',#1679,.F.);
#1679 = EDGE_LOOP('',(#1680,#1690,#1698,#1706));
#1680 = ORIENTED_EDGE('',*,*,#1681,.F.);
#1681 = EDGE_CURVE('',#1682,#1684,#1686,.T.);
#1682 = VERTEX_POINT('',#1683);
#1683 = CARTESIAN_POINT('',(31.12102854138,-18.55681086078,-0.8));
#1684 = VERTEX_POINT('',#1685);
#1685 = CARTESIAN_POINT('',(32.32664783201,-17.39499527327,-0.8));
#1686 = LINE('',#1687,#1688);
#1687 = CARTESIAN_POINT('',(31.12102854138,-18.55681086078,-0.8));
#1688 = VECTOR('',#1689,1.);
#1689 = DIRECTION('',(0.720066850328,0.69390469883,0.));
#1690 = ORIENTED_EDGE('',*,*,#1691,.T.);
#1691 = EDGE_CURVE('',#1682,#1692,#1694,.T.);
#1692 = VERTEX_POINT('',#1693);
#1693 = CARTESIAN_POINT('',(31.12102854138,-18.55681086078,-6.8));
#1694 = LINE('',#1695,#1696);
#1695 = CARTESIAN_POINT('',(31.12102854138,-18.55681086078,-0.8));
#1696 = VECTOR('',#1697,1.);
#1697 = DIRECTION('',(0.,0.,-1.));
#1698 = ORIENTED_EDGE('',*,*,#1699,.T.);
#1699 = EDGE_CURVE('',#1692,#1700,#1702,.T.);
#1700 = VERTEX_POINT('',#1701);
#1701 = CARTESIAN_POINT('',(32.32664783201,-17.39499527327,-6.8));
#1702 = LINE('',#1703,#1704);
#1703 = CARTESIAN_POINT('',(31.12102854138,-18.55681086078,-6.8));
#1704 = VECTOR('',#1705,1.);
#1705 = DIRECTION('',(0.720066850328,0.69390469883,0.));
#1706 = ORIENTED_EDGE('',*,*,#1707,.F.);
#1707 = EDGE_CURVE('',#1684,#1700,#1708,.T.);
#1708 = LINE('',#1709,#1710);
#1709 = CARTESIAN_POINT('',(32.32664783201,-17.39499527327,-0.8));
#1710 = VECTOR('',#1711,1.);
#1711 = DIRECTION('',(0.,0.,-1.));
#1712 = PLANE('',#1713);
#1713 = AXIS2_PLACEMENT_3D('',#1714,#1715,#1716);
#1714 = CARTESIAN_POINT('',(31.12102854138,-18.55681086078,-0.8));
#1715 = DIRECTION('',(-0.69390469883,0.720066850328,0.));
#1716 = DIRECTION('',(0.720066850328,0.69390469883,0.));
#1717 = ( GEOMETRIC_REPRESENTATION_CONTEXT(3) 
GLOBAL_UNCERTAINTY_ASSIGNED_CONTEXT((#1721)) 
GLOBAL_UNIT_ASSIGNED_CONTEXT((#1718,#1719,#1720)) REPRESENTATION_CONTEXT
('Context #1','3D Context with UNIT and UNCERTAINTY') );
#1718 = ( LENGTH_UNIT() NAMED_UNIT(*) SI_UNIT(.MILLI.,.METRE.) );
#1719 = ( NAMED_UNIT(*) PLANE_ANGLE_UNIT() SI_UNIT($,.RADIAN.) );
#1720 = ( NAMED_UNIT(*) SI_UNIT($,.STERADIAN.) SOLID_ANGLE_UNIT() );
#1721 = UNCERTAINTY_MEASURE_WITH_UNIT(LENGTH_MEASURE(1.E-07),#1718,
  'distance_accuracy_value','confusion accuracy');
#1722 = CONTEXT_DEPENDENT_SHAPE_REPRESENTATION(#1723,#1725);
#1723 = ( REPRESENTATION_RELATIONSHIP('','',#1674,#10) 
REPRESENTATION_RELATIONSHIP_WITH_TRANSFORMATION(#1724) 
SHAPE_REPRESENTATION_RELATIONSHIP() );
#1724 = ITEM_DEFINED_TRANSFORMATION('','',#11,#71);
#1725 = PRODUCT_DEFINITION_SHAPE('Placement','Placement of an item',
  #1726);
#1726 = NEXT_ASSEMBLY_USAGE_OCCURRENCE('15','Face014','',#5,#1669,$);
#1727 = PRODUCT_RELATED_PRODUCT_CATEGORY('part',$,(#1671));
#1728 = SHAPE_DEFINITION_REPRESENTATION(#1729,#1735);
#1729 = PRODUCT_DEFINITION_SHAPE('','',#1730);
#1730 = PRODUCT_DEFINITION('design','',#1731,#1734);
#1731 = PRODUCT_DEFINITION_FORMATION('','',#1732);
#1732 = PRODUCT('Face015','Face015','',(#1733));
#1733 = PRODUCT_CONTEXT('',#2,'mechanical');
#1734 = PRODUCT_DEFINITION_CONTEXT('part definition',#2,'design');
#1735 = MANIFOLD_SURFACE_SHAPE_REPRESENTATION('',(#11,#1736),#1778);
#1736 = SHELL_BASED_SURFACE_MODEL('',(#1737));
#1737 = OPEN_SHELL('',(#1738));
#1738 = ADVANCED_FACE('',(#1739),#1773,.T.);
#1739 = FACE_BOUND('',#1740,.F.);
#1740 = EDGE_LOOP('',(#1741,#1751,#1759,#1767));
#1741 = ORIENTED_EDGE('',*,*,#1742,.F.);
#1742 = EDGE_CURVE('',#1743,#1745,#1747,.T.);
#1743 = VERTEX_POINT('',#1744);
#1744 = CARTESIAN_POINT('',(32.32664783201,17.39499527327,-0.8));
#1745 = VERTEX_POINT('',#1746);
#1746 = CARTESIAN_POINT('',(31.12102854138,18.55681086078,-0.8));
#1747 = LINE('',#1748,#1749);
#1748 = CARTESIAN_POINT('',(32.32664783201,17.39499527327,-0.8));
#1749 = VECTOR('',#1750,1.);
#1750 = DIRECTION('',(-0.720066850328,0.69390469883,0.));
#1751 = ORIENTED_EDGE('',*,*,#1752,.T.);
#1752 = EDGE_CURVE('',#1743,#1753,#1755,.T.);
#1753 = VERTEX_POINT('',#1754);
#1754 = CARTESIAN_POINT('',(32.32664783201,17.39499527327,-6.8));
#1755 = LINE('',#1756,#1757);
#1756 = CARTESIAN_POINT('',(32.32664783201,17.39499527327,-0.8));
#1757 = VECTOR('',#1758,1.);
#1758 = DIRECTION('',(0.,0.,-1.));
#1759 = ORIENTED_EDGE('',*,*,#1760,.T.);
#1760 = EDGE_CURVE('',#1753,#1761,#1763,.T.);
#1761 = VERTEX_POINT('',#1762);
#1762 = CARTESIAN_POINT('',(31.12102854138,18.55681086078,-6.8));
#1763 = LINE('',#1764,#1765);
#1764 = CARTESIAN_POINT('',(32.32664783201,17.39499527327,-6.8));
#1765 = VECTOR('',#1766,1.);
#1766 = DIRECTION('',(-0.720066850328,0.69390469883,0.));
#1767 = ORIENTED_EDGE('',*,*,#1768,.F.);
#1768 = EDGE_CURVE('',#1745,#1761,#1769,.T.);
#1769 = LINE('',#1770,#1771);
#1770 = CARTESIAN_POINT('',(31.12102854138,18.55681086078,-0.8));
#1771 = VECTOR('',#1772,1.);
#1772 = DIRECTION('',(0.,0.,-1.));
#1773 = PLANE('',#1774);
#1774 = AXIS2_PLACEMENT_3D('',#1775,#1776,#1777);
#1775 = CARTESIAN_POINT('',(32.32664783201,17.39499527327,-0.8));
#1776 = DIRECTION('',(-0.69390469883,-0.720066850328,0.));
#1777 = DIRECTION('',(-0.720066850328,0.69390469883,0.));
#1778 = ( GEOMETRIC_REPRESENTATION_CONTEXT(3) 
GLOBAL_UNCERTAINTY_ASSIGNED_CONTEXT((#1782)) 
GLOBAL_UNIT_ASSIGNED_CONTEXT((#1779,#1780,#1781)) REPRESENTATION_CONTEXT
('Context #1','3D Context with UNIT and UNCERTAINTY') );
#1779 = ( LENGTH_UNIT() NAMED_UNIT(*) SI_UNIT(.MILLI.,.METRE.) );
#1780 = ( NAMED_UNIT(*) PLANE_ANGLE_UNIT() SI_UNIT($,.RADIAN.) );
#1781 = ( NAMED_UNIT(*) SI_UNIT($,.STERADIAN.) SOLID_ANGLE_UNIT() );
#1782 = UNCERTAINTY_MEASURE_WITH_UNIT(LENGTH_MEASURE(1.E-07),#1779,
  'distance_accuracy_value','confusion accuracy');
#1783 = CONTEXT_DEPENDENT_SHAPE_REPRESENTATION(#1784,#1786);
#1784 = ( REPRESENTATION_RELATIONSHIP('','',#1735,#10) 
REPRESENTATION_RELATIONSHIP_WITH_TRANSFORMATION(#1785) 
SHAPE_REPRESENTATION_RELATIONSHIP() );
#1785 = ITEM_DEFINED_TRANSFORMATION('','',#11,#75);
#1786 = PRODUCT_DEFINITION_SHAPE('Placement','Placement of an item',
  #1787);
#1787 = NEXT_ASSEMBLY_USAGE_OCCURRENCE('16','Face015','',#5,#1730,$);
#1788 = PRODUCT_RELATED_PRODUCT_CATEGORY('part',$,(#1732));
#1789 = SHAPE_DEFINITION_REPRESENTATION(#1790,#1796);
#1790 = PRODUCT_DEFINITION_SHAPE('','',#1791);
#1791 = PRODUCT_DEFINITION('design','',#1792,#1795);
#1792 = PRODUCT_DEFINITION_FORMATION('','',#1793);
#1793 = PRODUCT('Face016','Face016','',(#1794));
#1794 = PRODUCT_CONTEXT('',#2,'mechanical');
#1795 = PRODUCT_DEFINITION_CONTEXT('part definition',#2,'design');
#1796 = MANIFOLD_SURFACE_SHAPE_REPRESENTATION('',(#11,#1797),#1839);
#1797 = SHELL_BASED_SURFACE_MODEL('',(#1798));
#1798 = OPEN_SHELL('',(#1799));
#1799 = ADVANCED_FACE('',(#1800),#1834,.T.);
#1800 = FACE_BOUND('',#1801,.F.);
#1801 = EDGE_LOOP('',(#1802,#1812,#1820,#1828));
#1802 = ORIENTED_EDGE('',*,*,#1803,.F.);
#1803 = EDGE_CURVE('',#1804,#1806,#1808,.T.);
#1804 = VERTEX_POINT('',#1805);
#1805 = CARTESIAN_POINT('',(33.93561929063,17.85818441248,-0.8));
#1806 = VERTEX_POINT('',#1807);
#1807 = CARTESIAN_POINT('',(32.32664783201,17.39499527327,-0.8));
#1808 = LINE('',#1809,#1810);
#1809 = CARTESIAN_POINT('',(33.93561929063,17.85818441248,-0.8));
#1810 = VECTOR('',#1811,1.);
#1811 = DIRECTION('',(-0.960972522156,-0.276643835392,0.));
#1812 = ORIENTED_EDGE('',*,*,#1813,.T.);
#1813 = EDGE_CURVE('',#1804,#1814,#1816,.T.);
#1814 = VERTEX_POINT('',#1815);
#1815 = CARTESIAN_POINT('',(33.93561929063,17.85818441248,-6.8));
#1816 = LINE('',#1817,#1818);
#1817 = CARTESIAN_POINT('',(33.93561929063,17.85818441248,-0.8));
#1818 = VECTOR('',#1819,1.);
#1819 = DIRECTION('',(0.,0.,-1.));
#1820 = ORIENTED_EDGE('',*,*,#1821,.T.);
#1821 = EDGE_CURVE('',#1814,#1822,#1824,.T.);
#1822 = VERTEX_POINT('',#1823);
#1823 = CARTESIAN_POINT('',(32.32664783201,17.39499527327,-6.8));
#1824 = LINE('',#1825,#1826);
#1825 = CARTESIAN_POINT('',(33.93561929063,17.85818441248,-6.8));
#1826 = VECTOR('',#1827,1.);
#1827 = DIRECTION('',(-0.960972522156,-0.276643835392,0.));
#1828 = ORIENTED_EDGE('',*,*,#1829,.F.);
#1829 = EDGE_CURVE('',#1806,#1822,#1830,.T.);
#1830 = LINE('',#1831,#1832);
#1831 = CARTESIAN_POINT('',(32.32664783201,17.39499527327,-0.8));
#1832 = VECTOR('',#1833,1.);
#1833 = DIRECTION('',(0.,0.,-1.));
#1834 = PLANE('',#1835);
#1835 = AXIS2_PLACEMENT_3D('',#1836,#1837,#1838);
#1836 = CARTESIAN_POINT('',(33.93561929063,17.85818441248,-0.8));
#1837 = DIRECTION('',(0.276643835392,-0.960972522156,0.));
#1838 = DIRECTION('',(-0.960972522156,-0.276643835392,0.));
#1839 = ( GEOMETRIC_REPRESENTATION_CONTEXT(3) 
GLOBAL_UNCERTAINTY_ASSIGNED_CONTEXT((#1843)) 
GLOBAL_UNIT_ASSIGNED_CONTEXT((#1840,#1841,#1842)) REPRESENTATION_CONTEXT
('Context #1','3D Context with UNIT and UNCERTAINTY') );
#1840 = ( LENGTH_UNIT() NAMED_UNIT(*) SI_UNIT(.MILLI.,.METRE.) );
#1841 = ( NAMED_UNIT(*) PLANE_ANGLE_UNIT() SI_UNIT($,.RADIAN.) );
#1842 = ( NAMED_UNIT(*) SI_UNIT($,.STERADIAN.) SOLID_ANGLE_UNIT() );
#1843 = UNCERTAINTY_MEASURE_WITH_UNIT(LENGTH_MEASURE(1.E-07),#1840,
  'distance_accuracy_value','confusion accuracy');
#1844 = CONTEXT_DEPENDENT_SHAPE_REPRESENTATION(#1845,#1847);
#1845 = ( REPRESENTATION_RELATIONSHIP('','',#1796,#10) 
REPRESENTATION_RELATIONSHIP_WITH_TRANSFORMATION(#1846) 
SHAPE_REPRESENTATION_RELATIONSHIP() );
#1846 = ITEM_DEFINED_TRANSFORMATION('','',#11,#79);
#1847 = PRODUCT_DEFINITION_SHAPE('Placement','Placement of an item',
  #1848);
#1848 = NEXT_ASSEMBLY_USAGE_OCCURRENCE('17','Face016','',#5,#1791,$);
#1849 = PRODUCT_RELATED_PRODUCT_CATEGORY('part',$,(#1793));
#1850 = SHAPE_DEFINITION_REPRESENTATION(#1851,#1857);
#1851 = PRODUCT_DEFINITION_SHAPE('','',#1852);
#1852 = PRODUCT_DEFINITION('design','',#1853,#1856);
#1853 = PRODUCT_DEFINITION_FORMATION('','',#1854);
#1854 = PRODUCT('Face017','Face017','',(#1855));
#1855 = PRODUCT_CONTEXT('',#2,'mechanical');
#1856 = PRODUCT_DEFINITION_CONTEXT('part definition',#2,'design');
#1857 = MANIFOLD_SURFACE_SHAPE_REPRESENTATION('',(#11,#1858),#1900);
#1858 = SHELL_BASED_SURFACE_MODEL('',(#1859));
#1859 = OPEN_SHELL('',(#1860));
#1860 = ADVANCED_FACE('',(#1861),#1895,.T.);
#1861 = FACE_BOUND('',#1862,.F.);
#1862 = EDGE_LOOP('',(#1863,#1873,#1881,#1889));
#1863 = ORIENTED_EDGE('',*,*,#1864,.F.);
#1864 = EDGE_CURVE('',#1865,#1867,#1869,.T.);
#1865 = VERTEX_POINT('',#1866);
#1866 = CARTESIAN_POINT('',(34.33897145862,19.48318913922,-0.8));
#1867 = VERTEX_POINT('',#1868);
#1868 = CARTESIAN_POINT('',(33.93561929063,17.85818441248,-0.8));
#1869 = LINE('',#1870,#1871);
#1870 = CARTESIAN_POINT('',(34.33897145862,19.48318913922,-0.8));
#1871 = VECTOR('',#1872,1.);
#1872 = DIRECTION('',(-0.240905671828,-0.970548534222,0.));
#1873 = ORIENTED_EDGE('',*,*,#1874,.T.);
#1874 = EDGE_CURVE('',#1865,#1875,#1877,.T.);
#1875 = VERTEX_POINT('',#1876);
#1876 = CARTESIAN_POINT('',(34.33897145862,19.48318913922,-6.8));
#1877 = LINE('',#1878,#1879);
#1878 = CARTESIAN_POINT('',(34.33897145862,19.48318913922,-0.8));
#1879 = VECTOR('',#1880,1.);
#1880 = DIRECTION('',(0.,0.,-1.));
#1881 = ORIENTED_EDGE('',*,*,#1882,.T.);
#1882 = EDGE_CURVE('',#1875,#1883,#1885,.T.);
#1883 = VERTEX_POINT('',#1884);
#1884 = CARTESIAN_POINT('',(33.93561929063,17.85818441248,-6.8));
#1885 = LINE('',#1886,#1887);
#1886 = CARTESIAN_POINT('',(34.33897145862,19.48318913922,-6.8));
#1887 = VECTOR('',#1888,1.);
#1888 = DIRECTION('',(-0.240905671828,-0.970548534222,0.));
#1889 = ORIENTED_EDGE('',*,*,#1890,.F.);
#1890 = EDGE_CURVE('',#1867,#1883,#1891,.T.);
#1891 = LINE('',#1892,#1893);
#1892 = CARTESIAN_POINT('',(33.93561929063,17.85818441248,-0.8));
#1893 = VECTOR('',#1894,1.);
#1894 = DIRECTION('',(0.,0.,-1.));
#1895 = PLANE('',#1896);
#1896 = AXIS2_PLACEMENT_3D('',#1897,#1898,#1899);
#1897 = CARTESIAN_POINT('',(34.33897145862,19.48318913922,-0.8));
#1898 = DIRECTION('',(0.970548534222,-0.240905671828,0.));
#1899 = DIRECTION('',(-0.240905671828,-0.970548534222,0.));
#1900 = ( GEOMETRIC_REPRESENTATION_CONTEXT(3) 
GLOBAL_UNCERTAINTY_ASSIGNED_CONTEXT((#1904)) 
GLOBAL_UNIT_ASSIGNED_CONTEXT((#1901,#1902,#1903)) REPRESENTATION_CONTEXT
('Context #1','3D Context with UNIT and UNCERTAINTY') );
#1901 = ( LENGTH_UNIT() NAMED_UNIT(*) SI_UNIT(.MILLI.,.METRE.) );
#1902 = ( NAMED_UNIT(*) PLANE_ANGLE_UNIT() SI_UNIT($,.RADIAN.) );
#1903 = ( NAMED_UNIT(*) SI_UNIT($,.STERADIAN.) SOLID_ANGLE_UNIT() );
#1904 = UNCERTAINTY_MEASURE_WITH_UNIT(LENGTH_MEASURE(1.E-07),#1901,
  'distance_accuracy_value','confusion accuracy');
#1905 = CONTEXT_DEPENDENT_SHAPE_REPRESENTATION(#1906,#1908);
#1906 = ( REPRESENTATION_RELATIONSHIP('','',#1857,#10) 
REPRESENTATION_RELATIONSHIP_WITH_TRANSFORMATION(#1907) 
SHAPE_REPRESENTATION_RELATIONSHIP() );
#1907 = ITEM_DEFINED_TRANSFORMATION('','',#11,#83);
#1908 = PRODUCT_DEFINITION_SHAPE('Placement','Placement of an item',
  #1909);
#1909 = NEXT_ASSEMBLY_USAGE_OCCURRENCE('18','Face017','',#5,#1852,$);
#1910 = PRODUCT_RELATED_PRODUCT_CATEGORY('part',$,(#1854));
#1911 = SHAPE_DEFINITION_REPRESENTATION(#1912,#1918);
#1912 = PRODUCT_DEFINITION_SHAPE('','',#1913);
#1913 = PRODUCT_DEFINITION('design','',#1914,#1917);
#1914 = PRODUCT_DEFINITION_FORMATION('','',#1915);
#1915 = PRODUCT('Face018','Face018','',(#1916));
#1916 = PRODUCT_CONTEXT('',#2,'mechanical');
#1917 = PRODUCT_DEFINITION_CONTEXT('part definition',#2,'design');
#1918 = MANIFOLD_SURFACE_SHAPE_REPRESENTATION('',(#11,#1919),#1961);
#1919 = SHELL_BASED_SURFACE_MODEL('',(#1920));
#1920 = OPEN_SHELL('',(#1921));
#1921 = ADVANCED_FACE('',(#1922),#1956,.T.);
#1922 = FACE_BOUND('',#1923,.F.);
#1923 = EDGE_LOOP('',(#1924,#1934,#1942,#1950));
#1924 = ORIENTED_EDGE('',*,*,#1925,.F.);
#1925 = EDGE_CURVE('',#1926,#1928,#1930,.T.);
#1926 = VERTEX_POINT('',#1927);
#1927 = CARTESIAN_POINT('',(33.13335216799,20.64500472673,-0.8));
#1928 = VERTEX_POINT('',#1929);
#1929 = CARTESIAN_POINT('',(34.33897145862,19.48318913922,-0.8));
#1930 = LINE('',#1931,#1932);
#1931 = CARTESIAN_POINT('',(33.13335216799,20.64500472673,-0.8));
#1932 = VECTOR('',#1933,1.);
#1933 = DIRECTION('',(0.720066850328,-0.69390469883,0.));
#1934 = ORIENTED_EDGE('',*,*,#1935,.T.);
#1935 = EDGE_CURVE('',#1926,#1936,#1938,.T.);
#1936 = VERTEX_POINT('',#1937);
#1937 = CARTESIAN_POINT('',(33.13335216799,20.64500472673,-6.8));
#1938 = LINE('',#1939,#1940);
#1939 = CARTESIAN_POINT('',(33.13335216799,20.64500472673,-0.8));
#1940 = VECTOR('',#1941,1.);
#1941 = DIRECTION('',(0.,0.,-1.));
#1942 = ORIENTED_EDGE('',*,*,#1943,.T.);
#1943 = EDGE_CURVE('',#1936,#1944,#1946,.T.);
#1944 = VERTEX_POINT('',#1945);
#1945 = CARTESIAN_POINT('',(34.33897145862,19.48318913922,-6.8));
#1946 = LINE('',#1947,#1948);
#1947 = CARTESIAN_POINT('',(33.13335216799,20.64500472673,-6.8));
#1948 = VECTOR('',#1949,1.);
#1949 = DIRECTION('',(0.720066850328,-0.69390469883,0.));
#1950 = ORIENTED_EDGE('',*,*,#1951,.F.);
#1951 = EDGE_CURVE('',#1928,#1944,#1952,.T.);
#1952 = LINE('',#1953,#1954);
#1953 = CARTESIAN_POINT('',(34.33897145862,19.48318913922,-0.8));
#1954 = VECTOR('',#1955,1.);
#1955 = DIRECTION('',(0.,0.,-1.));
#1956 = PLANE('',#1957);
#1957 = AXIS2_PLACEMENT_3D('',#1958,#1959,#1960);
#1958 = CARTESIAN_POINT('',(33.13335216799,20.64500472673,-0.8));
#1959 = DIRECTION('',(0.69390469883,0.720066850328,0.));
#1960 = DIRECTION('',(0.720066850328,-0.69390469883,0.));
#1961 = ( GEOMETRIC_REPRESENTATION_CONTEXT(3) 
GLOBAL_UNCERTAINTY_ASSIGNED_CONTEXT((#1965)) 
GLOBAL_UNIT_ASSIGNED_CONTEXT((#1962,#1963,#1964)) REPRESENTATION_CONTEXT
('Context #1','3D Context with UNIT and UNCERTAINTY') );
#1962 = ( LENGTH_UNIT() NAMED_UNIT(*) SI_UNIT(.MILLI.,.METRE.) );
#1963 = ( NAMED_UNIT(*) PLANE_ANGLE_UNIT() SI_UNIT($,.RADIAN.) );
#1964 = ( NAMED_UNIT(*) SI_UNIT($,.STERADIAN.) SOLID_ANGLE_UNIT() );
#1965 = UNCERTAINTY_MEASURE_WITH_UNIT(LENGTH_MEASURE(1.E-07),#1962,
  'distance_accuracy_value','confusion accuracy');
#1966 = CONTEXT_DEPENDENT_SHAPE_REPRESENTATION(#1967,#1969);
#1967 = ( REPRESENTATION_RELATIONSHIP('','',#1918,#10) 
REPRESENTATION_RELATIONSHIP_WITH_TRANSFORMATION(#1968) 
SHAPE_REPRESENTATION_RELATIONSHIP() );
#1968 = ITEM_DEFINED_TRANSFORMATION('','',#11,#87);
#1969 = PRODUCT_DEFINITION_SHAPE('Placement','Placement of an item',
  #1970);
#1970 = NEXT_ASSEMBLY_USAGE_OCCURRENCE('19','Face018','',#5,#1913,$);
#1971 = PRODUCT_RELATED_PRODUCT_CATEGORY('part',$,(#1915));
#1972 = SHAPE_DEFINITION_REPRESENTATION(#1973,#1979);
#1973 = PRODUCT_DEFINITION_SHAPE('','',#1974);
#1974 = PRODUCT_DEFINITION('design','',#1975,#1978);
#1975 = PRODUCT_DEFINITION_FORMATION('','',#1976);
#1976 = PRODUCT('Face019','Face019','',(#1977));
#1977 = PRODUCT_CONTEXT('',#2,'mechanical');
#1978 = PRODUCT_DEFINITION_CONTEXT('part definition',#2,'design');
#1979 = MANIFOLD_SURFACE_SHAPE_REPRESENTATION('',(#11,#1980),#2022);
#1980 = SHELL_BASED_SURFACE_MODEL('',(#1981));
#1981 = OPEN_SHELL('',(#1982));
#1982 = ADVANCED_FACE('',(#1983),#2017,.T.);
#1983 = FACE_BOUND('',#1984,.F.);
#1984 = EDGE_LOOP('',(#1985,#1995,#2003,#2011));
#1985 = ORIENTED_EDGE('',*,*,#1986,.F.);
#1986 = EDGE_CURVE('',#1987,#1989,#1991,.T.);
#1987 = VERTEX_POINT('',#1988);
#1988 = CARTESIAN_POINT('',(31.52438070937,20.18181558752,-0.8));
#1989 = VERTEX_POINT('',#1990);
#1990 = CARTESIAN_POINT('',(33.13335216799,20.64500472673,-0.8));
#1991 = LINE('',#1992,#1993);
#1992 = CARTESIAN_POINT('',(31.52438070937,20.18181558752,-0.8));
#1993 = VECTOR('',#1994,1.);
#1994 = DIRECTION('',(0.960972522156,0.276643835392,0.));
#1995 = ORIENTED_EDGE('',*,*,#1996,.T.);
#1996 = EDGE_CURVE('',#1987,#1997,#1999,.T.);
#1997 = VERTEX_POINT('',#1998);
#1998 = CARTESIAN_POINT('',(31.52438070937,20.18181558752,-6.8));
#1999 = LINE('',#2000,#2001);
#2000 = CARTESIAN_POINT('',(31.52438070937,20.18181558752,-0.8));
#2001 = VECTOR('',#2002,1.);
#2002 = DIRECTION('',(0.,0.,-1.));
#2003 = ORIENTED_EDGE('',*,*,#2004,.T.);
#2004 = EDGE_CURVE('',#1997,#2005,#2007,.T.);
#2005 = VERTEX_POINT('',#2006);
#2006 = CARTESIAN_POINT('',(33.13335216799,20.64500472673,-6.8));
#2007 = LINE('',#2008,#2009);
#2008 = CARTESIAN_POINT('',(31.52438070937,20.18181558752,-6.8));
#2009 = VECTOR('',#2010,1.);
#2010 = DIRECTION('',(0.960972522156,0.276643835392,0.));
#2011 = ORIENTED_EDGE('',*,*,#2012,.F.);
#2012 = EDGE_CURVE('',#1989,#2005,#2013,.T.);
#2013 = LINE('',#2014,#2015);
#2014 = CARTESIAN_POINT('',(33.13335216799,20.64500472673,-0.8));
#2015 = VECTOR('',#2016,1.);
#2016 = DIRECTION('',(0.,0.,-1.));
#2017 = PLANE('',#2018);
#2018 = AXIS2_PLACEMENT_3D('',#2019,#2020,#2021);
#2019 = CARTESIAN_POINT('',(31.52438070937,20.18181558752,-0.8));
#2020 = DIRECTION('',(-0.276643835392,0.960972522156,0.));
#2021 = DIRECTION('',(0.960972522156,0.276643835392,0.));
#2022 = ( GEOMETRIC_REPRESENTATION_CONTEXT(3) 
GLOBAL_UNCERTAINTY_ASSIGNED_CONTEXT((#2026)) 
GLOBAL_UNIT_ASSIGNED_CONTEXT((#2023,#2024,#2025)) REPRESENTATION_CONTEXT
('Context #1','3D Context with UNIT and UNCERTAINTY') );
#2023 = ( LENGTH_UNIT() NAMED_UNIT(*) SI_UNIT(.MILLI.,.METRE.) );
#2024 = ( NAMED_UNIT(*) PLANE_ANGLE_UNIT() SI_UNIT($,.RADIAN.) );
#2025 = ( NAMED_UNIT(*) SI_UNIT($,.STERADIAN.) SOLID_ANGLE_UNIT() );
#2026 = UNCERTAINTY_MEASURE_WITH_UNIT(LENGTH_MEASURE(1.E-07),#2023,
  'distance_accuracy_value','confusion accuracy');
#2027 = CONTEXT_DEPENDENT_SHAPE_REPRESENTATION(#2028,#2030);
#2028 = ( REPRESENTATION_RELATIONSHIP('','',#1979,#10) 
REPRESENTATION_RELATIONSHIP_WITH_TRANSFORMATION(#2029) 
SHAPE_REPRESENTATION_RELATIONSHIP() );
#2029 = ITEM_DEFINED_TRANSFORMATION('','',#11,#91);
#2030 = PRODUCT_DEFINITION_SHAPE('Placement','Placement of an item',
  #2031);
#2031 = NEXT_ASSEMBLY_USAGE_OCCURRENCE('20','Face019','',#5,#1974,$);
#2032 = PRODUCT_RELATED_PRODUCT_CATEGORY('part',$,(#1976));
#2033 = SHAPE_DEFINITION_REPRESENTATION(#2034,#2040);
#2034 = PRODUCT_DEFINITION_SHAPE('','',#2035);
#2035 = PRODUCT_DEFINITION('design','',#2036,#2039);
#2036 = PRODUCT_DEFINITION_FORMATION('','',#2037);
#2037 = PRODUCT('Face020','Face020','',(#2038));
#2038 = PRODUCT_CONTEXT('',#2,'mechanical');
#2039 = PRODUCT_DEFINITION_CONTEXT('part definition',#2,'design');
#2040 = MANIFOLD_SURFACE_SHAPE_REPRESENTATION('',(#11,#2041),#2083);
#2041 = SHELL_BASED_SURFACE_MODEL('',(#2042));
#2042 = OPEN_SHELL('',(#2043));
#2043 = ADVANCED_FACE('',(#2044),#2078,.T.);
#2044 = FACE_BOUND('',#2045,.F.);
#2045 = EDGE_LOOP('',(#2046,#2056,#2064,#2072));
#2046 = ORIENTED_EDGE('',*,*,#2047,.F.);
#2047 = EDGE_CURVE('',#2048,#2050,#2052,.T.);
#2048 = VERTEX_POINT('',#2049);
#2049 = CARTESIAN_POINT('',(31.12102854138,18.55681086078,-0.8));
#2050 = VERTEX_POINT('',#2051);
#2051 = CARTESIAN_POINT('',(31.52438070937,20.18181558752,-0.8));
#2052 = LINE('',#2053,#2054);
#2053 = CARTESIAN_POINT('',(31.12102854138,18.55681086078,-0.8));
#2054 = VECTOR('',#2055,1.);
#2055 = DIRECTION('',(0.240905671828,0.970548534222,0.));
#2056 = ORIENTED_EDGE('',*,*,#2057,.T.);
#2057 = EDGE_CURVE('',#2048,#2058,#2060,.T.);
#2058 = VERTEX_POINT('',#2059);
#2059 = CARTESIAN_POINT('',(31.12102854138,18.55681086078,-6.8));
#2060 = LINE('',#2061,#2062);
#2061 = CARTESIAN_POINT('',(31.12102854138,18.55681086078,-0.8));
#2062 = VECTOR('',#2063,1.);
#2063 = DIRECTION('',(0.,0.,-1.));
#2064 = ORIENTED_EDGE('',*,*,#2065,.T.);
#2065 = EDGE_CURVE('',#2058,#2066,#2068,.T.);
#2066 = VERTEX_POINT('',#2067);
#2067 = CARTESIAN_POINT('',(31.52438070937,20.18181558752,-6.8));
#2068 = LINE('',#2069,#2070);
#2069 = CARTESIAN_POINT('',(31.12102854138,18.55681086078,-6.8));
#2070 = VECTOR('',#2071,1.);
#2071 = DIRECTION('',(0.240905671828,0.970548534222,0.));
#2072 = ORIENTED_EDGE('',*,*,#2073,.F.);
#2073 = EDGE_CURVE('',#2050,#2066,#2074,.T.);
#2074 = LINE('',#2075,#2076);
#2075 = CARTESIAN_POINT('',(31.52438070937,20.18181558752,-0.8));
#2076 = VECTOR('',#2077,1.);
#2077 = DIRECTION('',(0.,0.,-1.));
#2078 = PLANE('',#2079);
#2079 = AXIS2_PLACEMENT_3D('',#2080,#2081,#2082);
#2080 = CARTESIAN_POINT('',(31.12102854138,18.55681086078,-0.8));
#2081 = DIRECTION('',(-0.970548534222,0.240905671828,0.));
#2082 = DIRECTION('',(0.240905671828,0.970548534222,0.));
#2083 = ( GEOMETRIC_REPRESENTATION_CONTEXT(3) 
GLOBAL_UNCERTAINTY_ASSIGNED_CONTEXT((#2087)) 
GLOBAL_UNIT_ASSIGNED_CONTEXT((#2084,#2085,#2086)) REPRESENTATION_CONTEXT
('Context #1','3D Context with UNIT and UNCERTAINTY') );
#2084 = ( LENGTH_UNIT() NAMED_UNIT(*) SI_UNIT(.MILLI.,.METRE.) );
#2085 = ( NAMED_UNIT(*) PLANE_ANGLE_UNIT() SI_UNIT($,.RADIAN.) );
#2086 = ( NAMED_UNIT(*) SI_UNIT($,.STERADIAN.) SOLID_ANGLE_UNIT() );
#2087 = UNCERTAINTY_MEASURE_WITH_UNIT(LENGTH_MEASURE(1.E-07),#2084,
  'distance_accuracy_value','confusion accuracy');
#2088 = CONTEXT_DEPENDENT_SHAPE_REPRESENTATION(#2089,#2091);
#2089 = ( REPRESENTATION_RELATIONSHIP('','',#2040,#10) 
REPRESENTATION_RELATIONSHIP_WITH_TRANSFORMATION(#2090) 
SHAPE_REPRESENTATION_RELATIONSHIP() );
#2090 = ITEM_DEFINED_TRANSFORMATION('','',#11,#95);
#2091 = PRODUCT_DEFINITION_SHAPE('Placement','Placement of an item',
  #2092);
#2092 = NEXT_ASSEMBLY_USAGE_OCCURRENCE('21','Face020','',#5,#2035,$);
#2093 = PRODUCT_RELATED_PRODUCT_CATEGORY('part',$,(#2037));
#2094 = SHAPE_DEFINITION_REPRESENTATION(#2095,#2101);
#2095 = PRODUCT_DEFINITION_SHAPE('','',#2096);
#2096 = PRODUCT_DEFINITION('design','',#2097,#2100);
#2097 = PRODUCT_DEFINITION_FORMATION('','',#2098);
#2098 = PRODUCT('Face021','Face021','',(#2099));
#2099 = PRODUCT_CONTEXT('',#2,'mechanical');
#2100 = PRODUCT_DEFINITION_CONTEXT('part definition',#2,'design');
#2101 = MANIFOLD_SURFACE_SHAPE_REPRESENTATION('',(#11,#2102),#2144);
#2102 = SHELL_BASED_SURFACE_MODEL('',(#2103));
#2103 = OPEN_SHELL('',(#2104));
#2104 = ADVANCED_FACE('',(#2105),#2139,.T.);
#2105 = FACE_BOUND('',#2106,.F.);
#2106 = EDGE_LOOP('',(#2107,#2117,#2125,#2133));
#2107 = ORIENTED_EDGE('',*,*,#2108,.F.);
#2108 = EDGE_CURVE('',#2109,#2111,#2113,.T.);
#2109 = VERTEX_POINT('',#2110);
#2110 = CARTESIAN_POINT('',(-32.32664783201,-17.39499527327,-0.8));
#2111 = VERTEX_POINT('',#2112);
#2112 = CARTESIAN_POINT('',(-31.12102854138,-18.55681086078,-0.8));
#2113 = LINE('',#2114,#2115);
#2114 = CARTESIAN_POINT('',(-32.32664783201,-17.39499527327,-0.8));
#2115 = VECTOR('',#2116,1.);
#2116 = DIRECTION('',(0.720066850328,-0.69390469883,0.));
#2117 = ORIENTED_EDGE('',*,*,#2118,.T.);
#2118 = EDGE_CURVE('',#2109,#2119,#2121,.T.);
#2119 = VERTEX_POINT('',#2120);
#2120 = CARTESIAN_POINT('',(-32.32664783201,-17.39499527327,-6.8));
#2121 = LINE('',#2122,#2123);
#2122 = CARTESIAN_POINT('',(-32.32664783201,-17.39499527327,-0.8));
#2123 = VECTOR('',#2124,1.);
#2124 = DIRECTION('',(0.,0.,-1.));
#2125 = ORIENTED_EDGE('',*,*,#2126,.T.);
#2126 = EDGE_CURVE('',#2119,#2127,#2129,.T.);
#2127 = VERTEX_POINT('',#2128);
#2128 = CARTESIAN_POINT('',(-31.12102854138,-18.55681086078,-6.8));
#2129 = LINE('',#2130,#2131);
#2130 = CARTESIAN_POINT('',(-32.32664783201,-17.39499527327,-6.8));
#2131 = VECTOR('',#2132,1.);
#2132 = DIRECTION('',(0.720066850328,-0.69390469883,0.));
#2133 = ORIENTED_EDGE('',*,*,#2134,.F.);
#2134 = EDGE_CURVE('',#2111,#2127,#2135,.T.);
#2135 = LINE('',#2136,#2137);
#2136 = CARTESIAN_POINT('',(-31.12102854138,-18.55681086078,-0.8));
#2137 = VECTOR('',#2138,1.);
#2138 = DIRECTION('',(0.,0.,-1.));
#2139 = PLANE('',#2140);
#2140 = AXIS2_PLACEMENT_3D('',#2141,#2142,#2143);
#2141 = CARTESIAN_POINT('',(-32.32664783201,-17.39499527327,-0.8));
#2142 = DIRECTION('',(0.69390469883,0.720066850328,0.));
#2143 = DIRECTION('',(0.720066850328,-0.69390469883,0.));
#2144 = ( GEOMETRIC_REPRESENTATION_CONTEXT(3) 
GLOBAL_UNCERTAINTY_ASSIGNED_CONTEXT((#2148)) 
GLOBAL_UNIT_ASSIGNED_CONTEXT((#2145,#2146,#2147)) REPRESENTATION_CONTEXT
('Context #1','3D Context with UNIT and UNCERTAINTY') );
#2145 = ( LENGTH_UNIT() NAMED_UNIT(*) SI_UNIT(.MILLI.,.METRE.) );
#2146 = ( NAMED_UNIT(*) PLANE_ANGLE_UNIT() SI_UNIT($,.RADIAN.) );
#2147 = ( NAMED_UNIT(*) SI_UNIT($,.STERADIAN.) SOLID_ANGLE_UNIT() );
#2148 = UNCERTAINTY_MEASURE_WITH_UNIT(LENGTH_MEASURE(1.E-07),#2145,
  'distance_accuracy_value','confusion accuracy');
#2149 = CONTEXT_DEPENDENT_SHAPE_REPRESENTATION(#2150,#2152);
#2150 = ( REPRESENTATION_RELATIONSHIP('','',#2101,#10) 
REPRESENTATION_RELATIONSHIP_WITH_TRANSFORMATION(#2151) 
SHAPE_REPRESENTATION_RELATIONSHIP() );
#2151 = ITEM_DEFINED_TRANSFORMATION('','',#11,#99);
#2152 = PRODUCT_DEFINITION_SHAPE('Placement','Placement of an item',
  #2153);
#2153 = NEXT_ASSEMBLY_USAGE_OCCURRENCE('22','Face021','',#5,#2096,$);
#2154 = PRODUCT_RELATED_PRODUCT_CATEGORY('part',$,(#2098));
#2155 = SHAPE_DEFINITION_REPRESENTATION(#2156,#2162);
#2156 = PRODUCT_DEFINITION_SHAPE('','',#2157);
#2157 = PRODUCT_DEFINITION('design','',#2158,#2161);
#2158 = PRODUCT_DEFINITION_FORMATION('','',#2159);
#2159 = PRODUCT('Face022','Face022','',(#2160));
#2160 = PRODUCT_CONTEXT('',#2,'mechanical');
#2161 = PRODUCT_DEFINITION_CONTEXT('part definition',#2,'design');
#2162 = MANIFOLD_SURFACE_SHAPE_REPRESENTATION('',(#11,#2163),#2205);
#2163 = SHELL_BASED_SURFACE_MODEL('',(#2164));
#2164 = OPEN_SHELL('',(#2165));
#2165 = ADVANCED_FACE('',(#2166),#2200,.T.);
#2166 = FACE_BOUND('',#2167,.F.);
#2167 = EDGE_LOOP('',(#2168,#2178,#2186,#2194));
#2168 = ORIENTED_EDGE('',*,*,#2169,.F.);
#2169 = EDGE_CURVE('',#2170,#2172,#2174,.T.);
#2170 = VERTEX_POINT('',#2171);
#2171 = CARTESIAN_POINT('',(-33.93561929063,-17.85818441248,-0.8));
#2172 = VERTEX_POINT('',#2173);
#2173 = CARTESIAN_POINT('',(-32.32664783201,-17.39499527327,-0.8));
#2174 = LINE('',#2175,#2176);
#2175 = CARTESIAN_POINT('',(-33.93561929063,-17.85818441248,-0.8));
#2176 = VECTOR('',#2177,1.);
#2177 = DIRECTION('',(0.960972522156,0.276643835392,0.));
#2178 = ORIENTED_EDGE('',*,*,#2179,.T.);
#2179 = EDGE_CURVE('',#2170,#2180,#2182,.T.);
#2180 = VERTEX_POINT('',#2181);
#2181 = CARTESIAN_POINT('',(-33.93561929063,-17.85818441248,-6.8));
#2182 = LINE('',#2183,#2184);
#2183 = CARTESIAN_POINT('',(-33.93561929063,-17.85818441248,-0.8));
#2184 = VECTOR('',#2185,1.);
#2185 = DIRECTION('',(0.,0.,-1.));
#2186 = ORIENTED_EDGE('',*,*,#2187,.T.);
#2187 = EDGE_CURVE('',#2180,#2188,#2190,.T.);
#2188 = VERTEX_POINT('',#2189);
#2189 = CARTESIAN_POINT('',(-32.32664783201,-17.39499527327,-6.8));
#2190 = LINE('',#2191,#2192);
#2191 = CARTESIAN_POINT('',(-33.93561929063,-17.85818441248,-6.8));
#2192 = VECTOR('',#2193,1.);
#2193 = DIRECTION('',(0.960972522156,0.276643835392,0.));
#2194 = ORIENTED_EDGE('',*,*,#2195,.F.);
#2195 = EDGE_CURVE('',#2172,#2188,#2196,.T.);
#2196 = LINE('',#2197,#2198);
#2197 = CARTESIAN_POINT('',(-32.32664783201,-17.39499527327,-0.8));
#2198 = VECTOR('',#2199,1.);
#2199 = DIRECTION('',(0.,0.,-1.));
#2200 = PLANE('',#2201);
#2201 = AXIS2_PLACEMENT_3D('',#2202,#2203,#2204);
#2202 = CARTESIAN_POINT('',(-33.93561929063,-17.85818441248,-0.8));
#2203 = DIRECTION('',(-0.276643835392,0.960972522156,0.));
#2204 = DIRECTION('',(0.960972522156,0.276643835392,0.));
#2205 = ( GEOMETRIC_REPRESENTATION_CONTEXT(3) 
GLOBAL_UNCERTAINTY_ASSIGNED_CONTEXT((#2209)) 
GLOBAL_UNIT_ASSIGNED_CONTEXT((#2206,#2207,#2208)) REPRESENTATION_CONTEXT
('Context #1','3D Context with UNIT and UNCERTAINTY') );
#2206 = ( LENGTH_UNIT() NAMED_UNIT(*) SI_UNIT(.MILLI.,.METRE.) );
#2207 = ( NAMED_UNIT(*) PLANE_ANGLE_UNIT() SI_UNIT($,.RADIAN.) );
#2208 = ( NAMED_UNIT(*) SI_UNIT($,.STERADIAN.) SOLID_ANGLE_UNIT() );
#2209 = UNCERTAINTY_MEASURE_WITH_UNIT(LENGTH_MEASURE(1.E-07),#2206,
  'distance_accuracy_value','confusion accuracy');
#2210 = CONTEXT_DEPENDENT_SHAPE_REPRESENTATION(#2211,#2213);
#2211 = ( REPRESENTATION_RELATIONSHIP('','',#2162,#10) 
REPRESENTATION_RELATIONSHIP_WITH_TRANSFORMATION(#2212) 
SHAPE_REPRESENTATION_RELATIONSHIP() );
#2212 = ITEM_DEFINED_TRANSFORMATION('','',#11,#103);
#2213 = PRODUCT_DEFINITION_SHAPE('Placement','Placement of an item',
  #2214);
#2214 = NEXT_ASSEMBLY_USAGE_OCCURRENCE('23','Face022','',#5,#2157,$);
#2215 = PRODUCT_RELATED_PRODUCT_CATEGORY('part',$,(#2159));
#2216 = SHAPE_DEFINITION_REPRESENTATION(#2217,#2223);
#2217 = PRODUCT_DEFINITION_SHAPE('','',#2218);
#2218 = PRODUCT_DEFINITION('design','',#2219,#2222);
#2219 = PRODUCT_DEFINITION_FORMATION('','',#2220);
#2220 = PRODUCT('Face023','Face023','',(#2221));
#2221 = PRODUCT_CONTEXT('',#2,'mechanical');
#2222 = PRODUCT_DEFINITION_CONTEXT('part definition',#2,'design');
#2223 = MANIFOLD_SURFACE_SHAPE_REPRESENTATION('',(#11,#2224),#2266);
#2224 = SHELL_BASED_SURFACE_MODEL('',(#2225));
#2225 = OPEN_SHELL('',(#2226));
#2226 = ADVANCED_FACE('',(#2227),#2261,.T.);
#2227 = FACE_BOUND('',#2228,.F.);
#2228 = EDGE_LOOP('',(#2229,#2239,#2247,#2255));
#2229 = ORIENTED_EDGE('',*,*,#2230,.F.);
#2230 = EDGE_CURVE('',#2231,#2233,#2235,.T.);
#2231 = VERTEX_POINT('',#2232);
#2232 = CARTESIAN_POINT('',(-34.33897145862,-19.48318913922,-0.8));
#2233 = VERTEX_POINT('',#2234);
#2234 = CARTESIAN_POINT('',(-33.93561929063,-17.85818441248,-0.8));
#2235 = LINE('',#2236,#2237);
#2236 = CARTESIAN_POINT('',(-34.33897145862,-19.48318913922,-0.8));
#2237 = VECTOR('',#2238,1.);
#2238 = DIRECTION('',(0.240905671828,0.970548534222,0.));
#2239 = ORIENTED_EDGE('',*,*,#2240,.T.);
#2240 = EDGE_CURVE('',#2231,#2241,#2243,.T.);
#2241 = VERTEX_POINT('',#2242);
#2242 = CARTESIAN_POINT('',(-34.33897145862,-19.48318913922,-6.8));
#2243 = LINE('',#2244,#2245);
#2244 = CARTESIAN_POINT('',(-34.33897145862,-19.48318913922,-0.8));
#2245 = VECTOR('',#2246,1.);
#2246 = DIRECTION('',(0.,0.,-1.));
#2247 = ORIENTED_EDGE('',*,*,#2248,.T.);
#2248 = EDGE_CURVE('',#2241,#2249,#2251,.T.);
#2249 = VERTEX_POINT('',#2250);
#2250 = CARTESIAN_POINT('',(-33.93561929063,-17.85818441248,-6.8));
#2251 = LINE('',#2252,#2253);
#2252 = CARTESIAN_POINT('',(-34.33897145862,-19.48318913922,-6.8));
#2253 = VECTOR('',#2254,1.);
#2254 = DIRECTION('',(0.240905671828,0.970548534222,0.));
#2255 = ORIENTED_EDGE('',*,*,#2256,.F.);
#2256 = EDGE_CURVE('',#2233,#2249,#2257,.T.);
#2257 = LINE('',#2258,#2259);
#2258 = CARTESIAN_POINT('',(-33.93561929063,-17.85818441248,-0.8));
#2259 = VECTOR('',#2260,1.);
#2260 = DIRECTION('',(0.,0.,-1.));
#2261 = PLANE('',#2262);
#2262 = AXIS2_PLACEMENT_3D('',#2263,#2264,#2265);
#2263 = CARTESIAN_POINT('',(-34.33897145862,-19.48318913922,-0.8));
#2264 = DIRECTION('',(-0.970548534222,0.240905671828,0.));
#2265 = DIRECTION('',(0.240905671828,0.970548534222,0.));
#2266 = ( GEOMETRIC_REPRESENTATION_CONTEXT(3) 
GLOBAL_UNCERTAINTY_ASSIGNED_CONTEXT((#2270)) 
GLOBAL_UNIT_ASSIGNED_CONTEXT((#2267,#2268,#2269)) REPRESENTATION_CONTEXT
('Context #1','3D Context with UNIT and UNCERTAINTY') );
#2267 = ( LENGTH_UNIT() NAMED_UNIT(*) SI_UNIT(.MILLI.,.METRE.) );
#2268 = ( NAMED_UNIT(*) PLANE_ANGLE_UNIT() SI_UNIT($,.RADIAN.) );
#2269 = ( NAMED_UNIT(*) SI_UNIT($,.STERADIAN.) SOLID_ANGLE_UNIT() );
#2270 = UNCERTAINTY_MEASURE_WITH_UNIT(LENGTH_MEASURE(1.E-07),#2267,
  'distance_accuracy_value','confusion accuracy');
#2271 = CONTEXT_DEPENDENT_SHAPE_REPRESENTATION(#2272,#2274);
#2272 = ( REPRESENTATION_RELATIONSHIP('','',#2223,#10) 
REPRESENTATION_RELATIONSHIP_WITH_TRANSFORMATION(#2273) 
SHAPE_REPRESENTATION_RELATIONSHIP() );
#2273 = ITEM_DEFINED_TRANSFORMATION('','',#11,#107);
#2274 = PRODUCT_DEFINITION_SHAPE('Placement','Placement of an item',
  #2275);
#2275 = NEXT_ASSEMBLY_USAGE_OCCURRENCE('24','Face023','',#5,#2218,$);
#2276 = PRODUCT_RELATED_PRODUCT_CATEGORY('part',$,(#2220));
#2277 = SHAPE_DEFINITION_REPRESENTATION(#2278,#2284);
#2278 = PRODUCT_DEFINITION_SHAPE('','',#2279);
#2279 = PRODUCT_DEFINITION('design','',#2280,#2283);
#2280 = PRODUCT_DEFINITION_FORMATION('','',#2281);
#2281 = PRODUCT('Face024','Face024','',(#2282));
#2282 = PRODUCT_CONTEXT('',#2,'mechanical');
#2283 = PRODUCT_DEFINITION_CONTEXT('part definition',#2,'design');
#2284 = MANIFOLD_SURFACE_SHAPE_REPRESENTATION('',(#11,#2285),#2327);
#2285 = SHELL_BASED_SURFACE_MODEL('',(#2286));
#2286 = OPEN_SHELL('',(#2287));
#2287 = ADVANCED_FACE('',(#2288),#2322,.T.);
#2288 = FACE_BOUND('',#2289,.F.);
#2289 = EDGE_LOOP('',(#2290,#2300,#2308,#2316));
#2290 = ORIENTED_EDGE('',*,*,#2291,.F.);
#2291 = EDGE_CURVE('',#2292,#2294,#2296,.T.);
#2292 = VERTEX_POINT('',#2293);
#2293 = CARTESIAN_POINT('',(-33.13335216799,-20.64500472673,-0.8));
#2294 = VERTEX_POINT('',#2295);
#2295 = CARTESIAN_POINT('',(-34.33897145862,-19.48318913922,-0.8));
#2296 = LINE('',#2297,#2298);
#2297 = CARTESIAN_POINT('',(-33.13335216799,-20.64500472673,-0.8));
#2298 = VECTOR('',#2299,1.);
#2299 = DIRECTION('',(-0.720066850328,0.69390469883,0.));
#2300 = ORIENTED_EDGE('',*,*,#2301,.T.);
#2301 = EDGE_CURVE('',#2292,#2302,#2304,.T.);
#2302 = VERTEX_POINT('',#2303);
#2303 = CARTESIAN_POINT('',(-33.13335216799,-20.64500472673,-6.8));
#2304 = LINE('',#2305,#2306);
#2305 = CARTESIAN_POINT('',(-33.13335216799,-20.64500472673,-0.8));
#2306 = VECTOR('',#2307,1.);
#2307 = DIRECTION('',(0.,0.,-1.));
#2308 = ORIENTED_EDGE('',*,*,#2309,.T.);
#2309 = EDGE_CURVE('',#2302,#2310,#2312,.T.);
#2310 = VERTEX_POINT('',#2311);
#2311 = CARTESIAN_POINT('',(-34.33897145862,-19.48318913922,-6.8));
#2312 = LINE('',#2313,#2314);
#2313 = CARTESIAN_POINT('',(-33.13335216799,-20.64500472673,-6.8));
#2314 = VECTOR('',#2315,1.);
#2315 = DIRECTION('',(-0.720066850328,0.69390469883,0.));
#2316 = ORIENTED_EDGE('',*,*,#2317,.F.);
#2317 = EDGE_CURVE('',#2294,#2310,#2318,.T.);
#2318 = LINE('',#2319,#2320);
#2319 = CARTESIAN_POINT('',(-34.33897145862,-19.48318913922,-0.8));
#2320 = VECTOR('',#2321,1.);
#2321 = DIRECTION('',(0.,0.,-1.));
#2322 = PLANE('',#2323);
#2323 = AXIS2_PLACEMENT_3D('',#2324,#2325,#2326);
#2324 = CARTESIAN_POINT('',(-33.13335216799,-20.64500472673,-0.8));
#2325 = DIRECTION('',(-0.69390469883,-0.720066850328,0.));
#2326 = DIRECTION('',(-0.720066850328,0.69390469883,0.));
#2327 = ( GEOMETRIC_REPRESENTATION_CONTEXT(3) 
GLOBAL_UNCERTAINTY_ASSIGNED_CONTEXT((#2331)) 
GLOBAL_UNIT_ASSIGNED_CONTEXT((#2328,#2329,#2330)) REPRESENTATION_CONTEXT
('Context #1','3D Context with UNIT and UNCERTAINTY') );
#2328 = ( LENGTH_UNIT() NAMED_UNIT(*) SI_UNIT(.MILLI.,.METRE.) );
#2329 = ( NAMED_UNIT(*) PLANE_ANGLE_UNIT() SI_UNIT($,.RADIAN.) );
#2330 = ( NAMED_UNIT(*) SI_UNIT($,.STERADIAN.) SOLID_ANGLE_UNIT() );
#2331 = UNCERTAINTY_MEASURE_WITH_UNIT(LENGTH_MEASURE(1.E-07),#2328,
  'distance_accuracy_value','confusion accuracy');
#2332 = CONTEXT_DEPENDENT_SHAPE_REPRESENTATION(#2333,#2335);
#2333 = ( REPRESENTATION_RELATIONSHIP('','',#2284,#10) 
REPRESENTATION_RELATIONSHIP_WITH_TRANSFORMATION(#2334) 
SHAPE_REPRESENTATION_RELATIONSHIP() );
#2334 = ITEM_DEFINED_TRANSFORMATION('','',#11,#111);
#2335 = PRODUCT_DEFINITION_SHAPE('Placement','Placement of an item',
  #2336);
#2336 = NEXT_ASSEMBLY_USAGE_OCCURRENCE('25','Face024','',#5,#2279,$);
#2337 = PRODUCT_RELATED_PRODUCT_CATEGORY('part',$,(#2281));
#2338 = SHAPE_DEFINITION_REPRESENTATION(#2339,#2345);
#2339 = PRODUCT_DEFINITION_SHAPE('','',#2340);
#2340 = PRODUCT_DEFINITION('design','',#2341,#2344);
#2341 = PRODUCT_DEFINITION_FORMATION('','',#2342);
#2342 = PRODUCT('Face025','Face025','',(#2343));
#2343 = PRODUCT_CONTEXT('',#2,'mechanical');
#2344 = PRODUCT_DEFINITION_CONTEXT('part definition',#2,'design');
#2345 = MANIFOLD_SURFACE_SHAPE_REPRESENTATION('',(#11,#2346),#2388);
#2346 = SHELL_BASED_SURFACE_MODEL('',(#2347));
#2347 = OPEN_SHELL('',(#2348));
#2348 = ADVANCED_FACE('',(#2349),#2383,.T.);
#2349 = FACE_BOUND('',#2350,.F.);
#2350 = EDGE_LOOP('',(#2351,#2361,#2369,#2377));
#2351 = ORIENTED_EDGE('',*,*,#2352,.F.);
#2352 = EDGE_CURVE('',#2353,#2355,#2357,.T.);
#2353 = VERTEX_POINT('',#2354);
#2354 = CARTESIAN_POINT('',(-31.52438070937,-20.18181558752,-0.8));
#2355 = VERTEX_POINT('',#2356);
#2356 = CARTESIAN_POINT('',(-33.13335216799,-20.64500472673,-0.8));
#2357 = LINE('',#2358,#2359);
#2358 = CARTESIAN_POINT('',(-31.52438070937,-20.18181558752,-0.8));
#2359 = VECTOR('',#2360,1.);
#2360 = DIRECTION('',(-0.960972522156,-0.276643835392,0.));
#2361 = ORIENTED_EDGE('',*,*,#2362,.T.);
#2362 = EDGE_CURVE('',#2353,#2363,#2365,.T.);
#2363 = VERTEX_POINT('',#2364);
#2364 = CARTESIAN_POINT('',(-31.52438070937,-20.18181558752,-6.8));
#2365 = LINE('',#2366,#2367);
#2366 = CARTESIAN_POINT('',(-31.52438070937,-20.18181558752,-0.8));
#2367 = VECTOR('',#2368,1.);
#2368 = DIRECTION('',(0.,0.,-1.));
#2369 = ORIENTED_EDGE('',*,*,#2370,.T.);
#2370 = EDGE_CURVE('',#2363,#2371,#2373,.T.);
#2371 = VERTEX_POINT('',#2372);
#2372 = CARTESIAN_POINT('',(-33.13335216799,-20.64500472673,-6.8));
#2373 = LINE('',#2374,#2375);
#2374 = CARTESIAN_POINT('',(-31.52438070937,-20.18181558752,-6.8));
#2375 = VECTOR('',#2376,1.);
#2376 = DIRECTION('',(-0.960972522156,-0.276643835392,0.));
#2377 = ORIENTED_EDGE('',*,*,#2378,.F.);
#2378 = EDGE_CURVE('',#2355,#2371,#2379,.T.);
#2379 = LINE('',#2380,#2381);
#2380 = CARTESIAN_POINT('',(-33.13335216799,-20.64500472673,-0.8));
#2381 = VECTOR('',#2382,1.);
#2382 = DIRECTION('',(0.,0.,-1.));
#2383 = PLANE('',#2384);
#2384 = AXIS2_PLACEMENT_3D('',#2385,#2386,#2387);
#2385 = CARTESIAN_POINT('',(-31.52438070937,-20.18181558752,-0.8));
#2386 = DIRECTION('',(0.276643835392,-0.960972522156,0.));
#2387 = DIRECTION('',(-0.960972522156,-0.276643835392,0.));
#2388 = ( GEOMETRIC_REPRESENTATION_CONTEXT(3) 
GLOBAL_UNCERTAINTY_ASSIGNED_CONTEXT((#2392)) 
GLOBAL_UNIT_ASSIGNED_CONTEXT((#2389,#2390,#2391)) REPRESENTATION_CONTEXT
('Context #1','3D Context with UNIT and UNCERTAINTY') );
#2389 = ( LENGTH_UNIT() NAMED_UNIT(*) SI_UNIT(.MILLI.,.METRE.) );
#2390 = ( NAMED_UNIT(*) PLANE_ANGLE_UNIT() SI_UNIT($,.RADIAN.) );
#2391 = ( NAMED_UNIT(*) SI_UNIT($,.STERADIAN.) SOLID_ANGLE_UNIT() );
#2392 = UNCERTAINTY_MEASURE_WITH_UNIT(LENGTH_MEASURE(1.E-07),#2389,
  'distance_accuracy_value','confusion accuracy');
#2393 = CONTEXT_DEPENDENT_SHAPE_REPRESENTATION(#2394,#2396);
#2394 = ( REPRESENTATION_RELATIONSHIP('','',#2345,#10) 
REPRESENTATION_RELATIONSHIP_WITH_TRANSFORMATION(#2395) 
SHAPE_REPRESENTATION_RELATIONSHIP() );
#2395 = ITEM_DEFINED_TRANSFORMATION('','',#11,#115);
#2396 = PRODUCT_DEFINITION_SHAPE('Placement','Placement of an item',
  #2397);
#2397 = NEXT_ASSEMBLY_USAGE_OCCURRENCE('26','Face025','',#5,#2340,$);
#2398 = PRODUCT_RELATED_PRODUCT_CATEGORY('part',$,(#2342));
#2399 = SHAPE_DEFINITION_REPRESENTATION(#2400,#2406);
#2400 = PRODUCT_DEFINITION_SHAPE('','',#2401);
#2401 = PRODUCT_DEFINITION('design','',#2402,#2405);
#2402 = PRODUCT_DEFINITION_FORMATION('','',#2403);
#2403 = PRODUCT('Face026','Face026','',(#2404));
#2404 = PRODUCT_CONTEXT('',#2,'mechanical');
#2405 = PRODUCT_DEFINITION_CONTEXT('part definition',#2,'design');
#2406 = MANIFOLD_SURFACE_SHAPE_REPRESENTATION('',(#11,#2407),#2449);
#2407 = SHELL_BASED_SURFACE_MODEL('',(#2408));
#2408 = OPEN_SHELL('',(#2409));
#2409 = ADVANCED_FACE('',(#2410),#2444,.T.);
#2410 = FACE_BOUND('',#2411,.F.);
#2411 = EDGE_LOOP('',(#2412,#2422,#2430,#2438));
#2412 = ORIENTED_EDGE('',*,*,#2413,.F.);
#2413 = EDGE_CURVE('',#2414,#2416,#2418,.T.);
#2414 = VERTEX_POINT('',#2415);
#2415 = CARTESIAN_POINT('',(-31.12102854138,-18.55681086078,-0.8));
#2416 = VERTEX_POINT('',#2417);
#2417 = CARTESIAN_POINT('',(-31.52438070937,-20.18181558752,-0.8));
#2418 = LINE('',#2419,#2420);
#2419 = CARTESIAN_POINT('',(-31.12102854138,-18.55681086078,-0.8));
#2420 = VECTOR('',#2421,1.);
#2421 = DIRECTION('',(-0.240905671828,-0.970548534222,0.));
#2422 = ORIENTED_EDGE('',*,*,#2423,.T.);
#2423 = EDGE_CURVE('',#2414,#2424,#2426,.T.);
#2424 = VERTEX_POINT('',#2425);
#2425 = CARTESIAN_POINT('',(-31.12102854138,-18.55681086078,-6.8));
#2426 = LINE('',#2427,#2428);
#2427 = CARTESIAN_POINT('',(-31.12102854138,-18.55681086078,-0.8));
#2428 = VECTOR('',#2429,1.);
#2429 = DIRECTION('',(0.,0.,-1.));
#2430 = ORIENTED_EDGE('',*,*,#2431,.T.);
#2431 = EDGE_CURVE('',#2424,#2432,#2434,.T.);
#2432 = VERTEX_POINT('',#2433);
#2433 = CARTESIAN_POINT('',(-31.52438070937,-20.18181558752,-6.8));
#2434 = LINE('',#2435,#2436);
#2435 = CARTESIAN_POINT('',(-31.12102854138,-18.55681086078,-6.8));
#2436 = VECTOR('',#2437,1.);
#2437 = DIRECTION('',(-0.240905671828,-0.970548534222,0.));
#2438 = ORIENTED_EDGE('',*,*,#2439,.F.);
#2439 = EDGE_CURVE('',#2416,#2432,#2440,.T.);
#2440 = LINE('',#2441,#2442);
#2441 = CARTESIAN_POINT('',(-31.52438070937,-20.18181558752,-0.8));
#2442 = VECTOR('',#2443,1.);
#2443 = DIRECTION('',(0.,0.,-1.));
#2444 = PLANE('',#2445);
#2445 = AXIS2_PLACEMENT_3D('',#2446,#2447,#2448);
#2446 = CARTESIAN_POINT('',(-31.12102854138,-18.55681086078,-0.8));
#2447 = DIRECTION('',(0.970548534222,-0.240905671828,0.));
#2448 = DIRECTION('',(-0.240905671828,-0.970548534222,0.));
#2449 = ( GEOMETRIC_REPRESENTATION_CONTEXT(3) 
GLOBAL_UNCERTAINTY_ASSIGNED_CONTEXT((#2453)) 
GLOBAL_UNIT_ASSIGNED_CONTEXT((#2450,#2451,#2452)) REPRESENTATION_CONTEXT
('Context #1','3D Context with UNIT and UNCERTAINTY') );
#2450 = ( LENGTH_UNIT() NAMED_UNIT(*) SI_UNIT(.MILLI.,.METRE.) );
#2451 = ( NAMED_UNIT(*) PLANE_ANGLE_UNIT() SI_UNIT($,.RADIAN.) );
#2452 = ( NAMED_UNIT(*) SI_UNIT($,.STERADIAN.) SOLID_ANGLE_UNIT() );
#2453 = UNCERTAINTY_MEASURE_WITH_UNIT(LENGTH_MEASURE(1.E-07),#2450,
  'distance_accuracy_value','confusion accuracy');
#2454 = CONTEXT_DEPENDENT_SHAPE_REPRESENTATION(#2455,#2457);
#2455 = ( REPRESENTATION_RELATIONSHIP('','',#2406,#10) 
REPRESENTATION_RELATIONSHIP_WITH_TRANSFORMATION(#2456) 
SHAPE_REPRESENTATION_RELATIONSHIP() );
#2456 = ITEM_DEFINED_TRANSFORMATION('','',#11,#119);
#2457 = PRODUCT_DEFINITION_SHAPE('Placement','Placement of an item',
  #2458);
#2458 = NEXT_ASSEMBLY_USAGE_OCCURRENCE('27','Face026','',#5,#2401,$);
#2459 = PRODUCT_RELATED_PRODUCT_CATEGORY('part',$,(#2403));
#2460 = SHAPE_DEFINITION_REPRESENTATION(#2461,#2467);
#2461 = PRODUCT_DEFINITION_SHAPE('','',#2462);
#2462 = PRODUCT_DEFINITION('design','',#2463,#2466);
#2463 = PRODUCT_DEFINITION_FORMATION('','',#2464);
#2464 = PRODUCT('Face027','Face027','',(#2465));
#2465 = PRODUCT_CONTEXT('',#2,'mechanical');
#2466 = PRODUCT_DEFINITION_CONTEXT('part definition',#2,'design');
#2467 = MANIFOLD_SURFACE_SHAPE_REPRESENTATION('',(#11,#2468),#2510);
#2468 = SHELL_BASED_SURFACE_MODEL('',(#2469));
#2469 = OPEN_SHELL('',(#2470));
#2470 = ADVANCED_FACE('',(#2471),#2505,.T.);
#2471 = FACE_BOUND('',#2472,.F.);
#2472 = EDGE_LOOP('',(#2473,#2483,#2491,#2499));
#2473 = ORIENTED_EDGE('',*,*,#2474,.F.);
#2474 = EDGE_CURVE('',#2475,#2477,#2479,.T.);
#2475 = VERTEX_POINT('',#2476);
#2476 = CARTESIAN_POINT('',(-32.32664783201,17.39499527327,-0.8));
#2477 = VERTEX_POINT('',#2478);
#2478 = CARTESIAN_POINT('',(-33.93561929063,17.85818441248,-0.8));
#2479 = LINE('',#2480,#2481);
#2480 = CARTESIAN_POINT('',(-32.32664783201,17.39499527327,-0.8));
#2481 = VECTOR('',#2482,1.);
#2482 = DIRECTION('',(-0.960972522156,0.276643835392,0.));
#2483 = ORIENTED_EDGE('',*,*,#2484,.T.);
#2484 = EDGE_CURVE('',#2475,#2485,#2487,.T.);
#2485 = VERTEX_POINT('',#2486);
#2486 = CARTESIAN_POINT('',(-32.32664783201,17.39499527327,-6.8));
#2487 = LINE('',#2488,#2489);
#2488 = CARTESIAN_POINT('',(-32.32664783201,17.39499527327,-0.8));
#2489 = VECTOR('',#2490,1.);
#2490 = DIRECTION('',(0.,0.,-1.));
#2491 = ORIENTED_EDGE('',*,*,#2492,.T.);
#2492 = EDGE_CURVE('',#2485,#2493,#2495,.T.);
#2493 = VERTEX_POINT('',#2494);
#2494 = CARTESIAN_POINT('',(-33.93561929063,17.85818441248,-6.8));
#2495 = LINE('',#2496,#2497);
#2496 = CARTESIAN_POINT('',(-32.32664783201,17.39499527327,-6.8));
#2497 = VECTOR('',#2498,1.);
#2498 = DIRECTION('',(-0.960972522156,0.276643835392,0.));
#2499 = ORIENTED_EDGE('',*,*,#2500,.F.);
#2500 = EDGE_CURVE('',#2477,#2493,#2501,.T.);
#2501 = LINE('',#2502,#2503);
#2502 = CARTESIAN_POINT('',(-33.93561929063,17.85818441248,-0.8));
#2503 = VECTOR('',#2504,1.);
#2504 = DIRECTION('',(0.,0.,-1.));
#2505 = PLANE('',#2506);
#2506 = AXIS2_PLACEMENT_3D('',#2507,#2508,#2509);
#2507 = CARTESIAN_POINT('',(-32.32664783201,17.39499527327,-0.8));
#2508 = DIRECTION('',(-0.276643835392,-0.960972522156,0.));
#2509 = DIRECTION('',(-0.960972522156,0.276643835392,0.));
#2510 = ( GEOMETRIC_REPRESENTATION_CONTEXT(3) 
GLOBAL_UNCERTAINTY_ASSIGNED_CONTEXT((#2514)) 
GLOBAL_UNIT_ASSIGNED_CONTEXT((#2511,#2512,#2513)) REPRESENTATION_CONTEXT
('Context #1','3D Context with UNIT and UNCERTAINTY') );
#2511 = ( LENGTH_UNIT() NAMED_UNIT(*) SI_UNIT(.MILLI.,.METRE.) );
#2512 = ( NAMED_UNIT(*) PLANE_ANGLE_UNIT() SI_UNIT($,.RADIAN.) );
#2513 = ( NAMED_UNIT(*) SI_UNIT($,.STERADIAN.) SOLID_ANGLE_UNIT() );
#2514 = UNCERTAINTY_MEASURE_WITH_UNIT(LENGTH_MEASURE(1.E-07),#2511,
  'distance_accuracy_value','confusion accuracy');
#2515 = CONTEXT_DEPENDENT_SHAPE_REPRESENTATION(#2516,#2518);
#2516 = ( REPRESENTATION_RELATIONSHIP('','',#2467,#10) 
REPRESENTATION_RELATIONSHIP_WITH_TRANSFORMATION(#2517) 
SHAPE_REPRESENTATION_RELATIONSHIP() );
#2517 = ITEM_DEFINED_TRANSFORMATION('','',#11,#123);
#2518 = PRODUCT_DEFINITION_SHAPE('Placement','Placement of an item',
  #2519);
#2519 = NEXT_ASSEMBLY_USAGE_OCCURRENCE('28','Face027','',#5,#2462,$);
#2520 = PRODUCT_RELATED_PRODUCT_CATEGORY('part',$,(#2464));
#2521 = SHAPE_DEFINITION_REPRESENTATION(#2522,#2528);
#2522 = PRODUCT_DEFINITION_SHAPE('','',#2523);
#2523 = PRODUCT_DEFINITION('design','',#2524,#2527);
#2524 = PRODUCT_DEFINITION_FORMATION('','',#2525);
#2525 = PRODUCT('Face028','Face028','',(#2526));
#2526 = PRODUCT_CONTEXT('',#2,'mechanical');
#2527 = PRODUCT_DEFINITION_CONTEXT('part definition',#2,'design');
#2528 = MANIFOLD_SURFACE_SHAPE_REPRESENTATION('',(#11,#2529),#2571);
#2529 = SHELL_BASED_SURFACE_MODEL('',(#2530));
#2530 = OPEN_SHELL('',(#2531));
#2531 = ADVANCED_FACE('',(#2532),#2566,.T.);
#2532 = FACE_BOUND('',#2533,.F.);
#2533 = EDGE_LOOP('',(#2534,#2544,#2552,#2560));
#2534 = ORIENTED_EDGE('',*,*,#2535,.F.);
#2535 = EDGE_CURVE('',#2536,#2538,#2540,.T.);
#2536 = VERTEX_POINT('',#2537);
#2537 = CARTESIAN_POINT('',(-31.12102854138,18.55681086078,-0.8));
#2538 = VERTEX_POINT('',#2539);
#2539 = CARTESIAN_POINT('',(-32.32664783201,17.39499527327,-0.8));
#2540 = LINE('',#2541,#2542);
#2541 = CARTESIAN_POINT('',(-31.12102854138,18.55681086078,-0.8));
#2542 = VECTOR('',#2543,1.);
#2543 = DIRECTION('',(-0.720066850328,-0.69390469883,0.));
#2544 = ORIENTED_EDGE('',*,*,#2545,.T.);
#2545 = EDGE_CURVE('',#2536,#2546,#2548,.T.);
#2546 = VERTEX_POINT('',#2547);
#2547 = CARTESIAN_POINT('',(-31.12102854138,18.55681086078,-6.8));
#2548 = LINE('',#2549,#2550);
#2549 = CARTESIAN_POINT('',(-31.12102854138,18.55681086078,-0.8));
#2550 = VECTOR('',#2551,1.);
#2551 = DIRECTION('',(0.,0.,-1.));
#2552 = ORIENTED_EDGE('',*,*,#2553,.T.);
#2553 = EDGE_CURVE('',#2546,#2554,#2556,.T.);
#2554 = VERTEX_POINT('',#2555);
#2555 = CARTESIAN_POINT('',(-32.32664783201,17.39499527327,-6.8));
#2556 = LINE('',#2557,#2558);
#2557 = CARTESIAN_POINT('',(-31.12102854138,18.55681086078,-6.8));
#2558 = VECTOR('',#2559,1.);
#2559 = DIRECTION('',(-0.720066850328,-0.69390469883,0.));
#2560 = ORIENTED_EDGE('',*,*,#2561,.F.);
#2561 = EDGE_CURVE('',#2538,#2554,#2562,.T.);
#2562 = LINE('',#2563,#2564);
#2563 = CARTESIAN_POINT('',(-32.32664783201,17.39499527327,-0.8));
#2564 = VECTOR('',#2565,1.);
#2565 = DIRECTION('',(0.,0.,-1.));
#2566 = PLANE('',#2567);
#2567 = AXIS2_PLACEMENT_3D('',#2568,#2569,#2570);
#2568 = CARTESIAN_POINT('',(-31.12102854138,18.55681086078,-0.8));
#2569 = DIRECTION('',(0.69390469883,-0.720066850328,0.));
#2570 = DIRECTION('',(-0.720066850328,-0.69390469883,0.));
#2571 = ( GEOMETRIC_REPRESENTATION_CONTEXT(3) 
GLOBAL_UNCERTAINTY_ASSIGNED_CONTEXT((#2575)) 
GLOBAL_UNIT_ASSIGNED_CONTEXT((#2572,#2573,#2574)) REPRESENTATION_CONTEXT
('Context #1','3D Context with UNIT and UNCERTAINTY') );
#2572 = ( LENGTH_UNIT() NAMED_UNIT(*) SI_UNIT(.MILLI.,.METRE.) );
#2573 = ( NAMED_UNIT(*) PLANE_ANGLE_UNIT() SI_UNIT($,.RADIAN.) );
#2574 = ( NAMED_UNIT(*) SI_UNIT($,.STERADIAN.) SOLID_ANGLE_UNIT() );
#2575 = UNCERTAINTY_MEASURE_WITH_UNIT(LENGTH_MEASURE(1.E-07),#2572,
  'distance_accuracy_value','confusion accuracy');
#2576 = CONTEXT_DEPENDENT_SHAPE_REPRESENTATION(#2577,#2579);
#2577 = ( REPRESENTATION_RELATIONSHIP('','',#2528,#10) 
REPRESENTATION_RELATIONSHIP_WITH_TRANSFORMATION(#2578) 
SHAPE_REPRESENTATION_RELATIONSHIP() );
#2578 = ITEM_DEFINED_TRANSFORMATION('','',#11,#127);
#2579 = PRODUCT_DEFINITION_SHAPE('Placement','Placement of an item',
  #2580);
#2580 = NEXT_ASSEMBLY_USAGE_OCCURRENCE('29','Face028','',#5,#2523,$);
#2581 = PRODUCT_RELATED_PRODUCT_CATEGORY('part',$,(#2525));
#2582 = SHAPE_DEFINITION_REPRESENTATION(#2583,#2589);
#2583 = PRODUCT_DEFINITION_SHAPE('','',#2584);
#2584 = PRODUCT_DEFINITION('design','',#2585,#2588);
#2585 = PRODUCT_DEFINITION_FORMATION('','',#2586);
#2586 = PRODUCT('Face029','Face029','',(#2587));
#2587 = PRODUCT_CONTEXT('',#2,'mechanical');
#2588 = PRODUCT_DEFINITION_CONTEXT('part definition',#2,'design');
#2589 = MANIFOLD_SURFACE_SHAPE_REPRESENTATION('',(#11,#2590),#2632);
#2590 = SHELL_BASED_SURFACE_MODEL('',(#2591));
#2591 = OPEN_SHELL('',(#2592));
#2592 = ADVANCED_FACE('',(#2593),#2627,.T.);
#2593 = FACE_BOUND('',#2594,.F.);
#2594 = EDGE_LOOP('',(#2595,#2605,#2613,#2621));
#2595 = ORIENTED_EDGE('',*,*,#2596,.F.);
#2596 = EDGE_CURVE('',#2597,#2599,#2601,.T.);
#2597 = VERTEX_POINT('',#2598);
#2598 = CARTESIAN_POINT('',(-31.52438070937,20.18181558752,-0.8));
#2599 = VERTEX_POINT('',#2600);
#2600 = CARTESIAN_POINT('',(-31.12102854138,18.55681086078,-0.8));
#2601 = LINE('',#2602,#2603);
#2602 = CARTESIAN_POINT('',(-31.52438070937,20.18181558752,-0.8));
#2603 = VECTOR('',#2604,1.);
#2604 = DIRECTION('',(0.240905671828,-0.970548534222,0.));
#2605 = ORIENTED_EDGE('',*,*,#2606,.T.);
#2606 = EDGE_CURVE('',#2597,#2607,#2609,.T.);
#2607 = VERTEX_POINT('',#2608);
#2608 = CARTESIAN_POINT('',(-31.52438070937,20.18181558752,-6.8));
#2609 = LINE('',#2610,#2611);
#2610 = CARTESIAN_POINT('',(-31.52438070937,20.18181558752,-0.8));
#2611 = VECTOR('',#2612,1.);
#2612 = DIRECTION('',(0.,0.,-1.));
#2613 = ORIENTED_EDGE('',*,*,#2614,.T.);
#2614 = EDGE_CURVE('',#2607,#2615,#2617,.T.);
#2615 = VERTEX_POINT('',#2616);
#2616 = CARTESIAN_POINT('',(-31.12102854138,18.55681086078,-6.8));
#2617 = LINE('',#2618,#2619);
#2618 = CARTESIAN_POINT('',(-31.52438070937,20.18181558752,-6.8));
#2619 = VECTOR('',#2620,1.);
#2620 = DIRECTION('',(0.240905671828,-0.970548534222,0.));
#2621 = ORIENTED_EDGE('',*,*,#2622,.F.);
#2622 = EDGE_CURVE('',#2599,#2615,#2623,.T.);
#2623 = LINE('',#2624,#2625);
#2624 = CARTESIAN_POINT('',(-31.12102854138,18.55681086078,-0.8));
#2625 = VECTOR('',#2626,1.);
#2626 = DIRECTION('',(0.,0.,-1.));
#2627 = PLANE('',#2628);
#2628 = AXIS2_PLACEMENT_3D('',#2629,#2630,#2631);
#2629 = CARTESIAN_POINT('',(-31.52438070937,20.18181558752,-0.8));
#2630 = DIRECTION('',(0.970548534222,0.240905671828,0.));
#2631 = DIRECTION('',(0.240905671828,-0.970548534222,0.));
#2632 = ( GEOMETRIC_REPRESENTATION_CONTEXT(3) 
GLOBAL_UNCERTAINTY_ASSIGNED_CONTEXT((#2636)) 
GLOBAL_UNIT_ASSIGNED_CONTEXT((#2633,#2634,#2635)) REPRESENTATION_CONTEXT
('Context #1','3D Context with UNIT and UNCERTAINTY') );
#2633 = ( LENGTH_UNIT() NAMED_UNIT(*) SI_UNIT(.MILLI.,.METRE.) );
#2634 = ( NAMED_UNIT(*) PLANE_ANGLE_UNIT() SI_UNIT($,.RADIAN.) );
#2635 = ( NAMED_UNIT(*) SI_UNIT($,.STERADIAN.) SOLID_ANGLE_UNIT() );
#2636 = UNCERTAINTY_MEASURE_WITH_UNIT(LENGTH_MEASURE(1.E-07),#2633,
  'distance_accuracy_value','confusion accuracy');
#2637 = CONTEXT_DEPENDENT_SHAPE_REPRESENTATION(#2638,#2640);
#2638 = ( REPRESENTATION_RELATIONSHIP('','',#2589,#10) 
REPRESENTATION_RELATIONSHIP_WITH_TRANSFORMATION(#2639) 
SHAPE_REPRESENTATION_RELATIONSHIP() );
#2639 = ITEM_DEFINED_TRANSFORMATION('','',#11,#131);
#2640 = PRODUCT_DEFINITION_SHAPE('Placement','Placement of an item',
  #2641);
#2641 = NEXT_ASSEMBLY_USAGE_OCCURRENCE('30','Face029','',#5,#2584,$);
#2642 = PRODUCT_RELATED_PRODUCT_CATEGORY('part',$,(#2586));
#2643 = SHAPE_DEFINITION_REPRESENTATION(#2644,#2650);
#2644 = PRODUCT_DEFINITION_SHAPE('','',#2645);
#2645 = PRODUCT_DEFINITION('design','',#2646,#2649);
#2646 = PRODUCT_DEFINITION_FORMATION('','',#2647);
#2647 = PRODUCT('Face030','Face030','',(#2648));
#2648 = PRODUCT_CONTEXT('',#2,'mechanical');
#2649 = PRODUCT_DEFINITION_CONTEXT('part definition',#2,'design');
#2650 = MANIFOLD_SURFACE_SHAPE_REPRESENTATION('',(#11,#2651),#2693);
#2651 = SHELL_BASED_SURFACE_MODEL('',(#2652));
#2652 = OPEN_SHELL('',(#2653));
#2653 = ADVANCED_FACE('',(#2654),#2688,.T.);
#2654 = FACE_BOUND('',#2655,.F.);
#2655 = EDGE_LOOP('',(#2656,#2666,#2674,#2682));
#2656 = ORIENTED_EDGE('',*,*,#2657,.F.);
#2657 = EDGE_CURVE('',#2658,#2660,#2662,.T.);
#2658 = VERTEX_POINT('',#2659);
#2659 = CARTESIAN_POINT('',(-33.13335216799,20.64500472673,-0.8));
#2660 = VERTEX_POINT('',#2661);
#2661 = CARTESIAN_POINT('',(-31.52438070937,20.18181558752,-0.8));
#2662 = LINE('',#2663,#2664);
#2663 = CARTESIAN_POINT('',(-33.13335216799,20.64500472673,-0.8));
#2664 = VECTOR('',#2665,1.);
#2665 = DIRECTION('',(0.960972522156,-0.276643835392,0.));
#2666 = ORIENTED_EDGE('',*,*,#2667,.T.);
#2667 = EDGE_CURVE('',#2658,#2668,#2670,.T.);
#2668 = VERTEX_POINT('',#2669);
#2669 = CARTESIAN_POINT('',(-33.13335216799,20.64500472673,-6.8));
#2670 = LINE('',#2671,#2672);
#2671 = CARTESIAN_POINT('',(-33.13335216799,20.64500472673,-0.8));
#2672 = VECTOR('',#2673,1.);
#2673 = DIRECTION('',(0.,0.,-1.));
#2674 = ORIENTED_EDGE('',*,*,#2675,.T.);
#2675 = EDGE_CURVE('',#2668,#2676,#2678,.T.);
#2676 = VERTEX_POINT('',#2677);
#2677 = CARTESIAN_POINT('',(-31.52438070937,20.18181558752,-6.8));
#2678 = LINE('',#2679,#2680);
#2679 = CARTESIAN_POINT('',(-33.13335216799,20.64500472673,-6.8));
#2680 = VECTOR('',#2681,1.);
#2681 = DIRECTION('',(0.960972522156,-0.276643835392,0.));
#2682 = ORIENTED_EDGE('',*,*,#2683,.F.);
#2683 = EDGE_CURVE('',#2660,#2676,#2684,.T.);
#2684 = LINE('',#2685,#2686);
#2685 = CARTESIAN_POINT('',(-31.52438070937,20.18181558752,-0.8));
#2686 = VECTOR('',#2687,1.);
#2687 = DIRECTION('',(0.,0.,-1.));
#2688 = PLANE('',#2689);
#2689 = AXIS2_PLACEMENT_3D('',#2690,#2691,#2692);
#2690 = CARTESIAN_POINT('',(-33.13335216799,20.64500472673,-0.8));
#2691 = DIRECTION('',(0.276643835392,0.960972522156,0.));
#2692 = DIRECTION('',(0.960972522156,-0.276643835392,0.));
#2693 = ( GEOMETRIC_REPRESENTATION_CONTEXT(3) 
GLOBAL_UNCERTAINTY_ASSIGNED_CONTEXT((#2697)) 
GLOBAL_UNIT_ASSIGNED_CONTEXT((#2694,#2695,#2696)) REPRESENTATION_CONTEXT
('Context #1','3D Context with UNIT and UNCERTAINTY') );
#2694 = ( LENGTH_UNIT() NAMED_UNIT(*) SI_UNIT(.MILLI.,.METRE.) );
#2695 = ( NAMED_UNIT(*) PLANE_ANGLE_UNIT() SI_UNIT($,.RADIAN.) );
#2696 = ( NAMED_UNIT(*) SI_UNIT($,.STERADIAN.) SOLID_ANGLE_UNIT() );
#2697 = UNCERTAINTY_MEASURE_WITH_UNIT(LENGTH_MEASURE(1.E-07),#2694,
  'distance_accuracy_value','confusion accuracy');
#2698 = CONTEXT_DEPENDENT_SHAPE_REPRESENTATION(#2699,#2701);
#2699 = ( REPRESENTATION_RELATIONSHIP('','',#2650,#10) 
REPRESENTATION_RELATIONSHIP_WITH_TRANSFORMATION(#2700) 
SHAPE_REPRESENTATION_RELATIONSHIP() );
#2700 = ITEM_DEFINED_TRANSFORMATION('','',#11,#135);
#2701 = PRODUCT_DEFINITION_SHAPE('Placement','Placement of an item',
  #2702);
#2702 = NEXT_ASSEMBLY_USAGE_OCCURRENCE('31','Face030','',#5,#2645,$);
#2703 = PRODUCT_RELATED_PRODUCT_CATEGORY('part',$,(#2647));
#2704 = SHAPE_DEFINITION_REPRESENTATION(#2705,#2711);
#2705 = PRODUCT_DEFINITION_SHAPE('','',#2706);
#2706 = PRODUCT_DEFINITION('design','',#2707,#2710);
#2707 = PRODUCT_DEFINITION_FORMATION('','',#2708);
#2708 = PRODUCT('Face031','Face031','',(#2709));
#2709 = PRODUCT_CONTEXT('',#2,'mechanical');
#2710 = PRODUCT_DEFINITION_CONTEXT('part definition',#2,'design');
#2711 = MANIFOLD_SURFACE_SHAPE_REPRESENTATION('',(#11,#2712),#2754);
#2712 = SHELL_BASED_SURFACE_MODEL('',(#2713));
#2713 = OPEN_SHELL('',(#2714));
#2714 = ADVANCED_FACE('',(#2715),#2749,.T.);
#2715 = FACE_BOUND('',#2716,.F.);
#2716 = EDGE_LOOP('',(#2717,#2727,#2735,#2743));
#2717 = ORIENTED_EDGE('',*,*,#2718,.F.);
#2718 = EDGE_CURVE('',#2719,#2721,#2723,.T.);
#2719 = VERTEX_POINT('',#2720);
#2720 = CARTESIAN_POINT('',(-34.33897145862,19.48318913922,-0.8));
#2721 = VERTEX_POINT('',#2722);
#2722 = CARTESIAN_POINT('',(-33.13335216799,20.64500472673,-0.8));
#2723 = LINE('',#2724,#2725);
#2724 = CARTESIAN_POINT('',(-34.33897145862,19.48318913922,-0.8));
#2725 = VECTOR('',#2726,1.);
#2726 = DIRECTION('',(0.720066850328,0.69390469883,0.));
#2727 = ORIENTED_EDGE('',*,*,#2728,.T.);
#2728 = EDGE_CURVE('',#2719,#2729,#2731,.T.);
#2729 = VERTEX_POINT('',#2730);
#2730 = CARTESIAN_POINT('',(-34.33897145862,19.48318913922,-6.8));
#2731 = LINE('',#2732,#2733);
#2732 = CARTESIAN_POINT('',(-34.33897145862,19.48318913922,-0.8));
#2733 = VECTOR('',#2734,1.);
#2734 = DIRECTION('',(0.,0.,-1.));
#2735 = ORIENTED_EDGE('',*,*,#2736,.T.);
#2736 = EDGE_CURVE('',#2729,#2737,#2739,.T.);
#2737 = VERTEX_POINT('',#2738);
#2738 = CARTESIAN_POINT('',(-33.13335216799,20.64500472673,-6.8));
#2739 = LINE('',#2740,#2741);
#2740 = CARTESIAN_POINT('',(-34.33897145862,19.48318913922,-6.8));
#2741 = VECTOR('',#2742,1.);
#2742 = DIRECTION('',(0.720066850328,0.69390469883,0.));
#2743 = ORIENTED_EDGE('',*,*,#2744,.F.);
#2744 = EDGE_CURVE('',#2721,#2737,#2745,.T.);
#2745 = LINE('',#2746,#2747);
#2746 = CARTESIAN_POINT('',(-33.13335216799,20.64500472673,-0.8));
#2747 = VECTOR('',#2748,1.);
#2748 = DIRECTION('',(0.,0.,-1.));
#2749 = PLANE('',#2750);
#2750 = AXIS2_PLACEMENT_3D('',#2751,#2752,#2753);
#2751 = CARTESIAN_POINT('',(-34.33897145862,19.48318913922,-0.8));
#2752 = DIRECTION('',(-0.69390469883,0.720066850328,0.));
#2753 = DIRECTION('',(0.720066850328,0.69390469883,0.));
#2754 = ( GEOMETRIC_REPRESENTATION_CONTEXT(3) 
GLOBAL_UNCERTAINTY_ASSIGNED_CONTEXT((#2758)) 
GLOBAL_UNIT_ASSIGNED_CONTEXT((#2755,#2756,#2757)) REPRESENTATION_CONTEXT
('Context #1','3D Context with UNIT and UNCERTAINTY') );
#2755 = ( LENGTH_UNIT() NAMED_UNIT(*) SI_UNIT(.MILLI.,.METRE.) );
#2756 = ( NAMED_UNIT(*) PLANE_ANGLE_UNIT() SI_UNIT($,.RADIAN.) );
#2757 = ( NAMED_UNIT(*) SI_UNIT($,.STERADIAN.) SOLID_ANGLE_UNIT() );
#2758 = UNCERTAINTY_MEASURE_WITH_UNIT(LENGTH_MEASURE(1.E-07),#2755,
  'distance_accuracy_value','confusion accuracy');
#2759 = CONTEXT_DEPENDENT_SHAPE_REPRESENTATION(#2760,#2762);
#2760 = ( REPRESENTATION_RELATIONSHIP('','',#2711,#10) 
REPRESENTATION_RELATIONSHIP_WITH_TRANSFORMATION(#2761) 
SHAPE_REPRESENTATION_RELATIONSHIP() );
#2761 = ITEM_DEFINED_TRANSFORMATION('','',#11,#139);
#2762 = PRODUCT_DEFINITION_SHAPE('Placement','Placement of an item',
  #2763);
#2763 = NEXT_ASSEMBLY_USAGE_OCCURRENCE('32','Face031','',#5,#2706,$);
#2764 = PRODUCT_RELATED_PRODUCT_CATEGORY('part',$,(#2708));
#2765 = SHAPE_DEFINITION_REPRESENTATION(#2766,#2772);
#2766 = PRODUCT_DEFINITION_SHAPE('','',#2767);
#2767 = PRODUCT_DEFINITION('design','',#2768,#2771);
#2768 = PRODUCT_DEFINITION_FORMATION('','',#2769);
#2769 = PRODUCT('Face032','Face032','',(#2770));
#2770 = PRODUCT_CONTEXT('',#2,'mechanical');
#2771 = PRODUCT_DEFINITION_CONTEXT('part definition',#2,'design');
#2772 = MANIFOLD_SURFACE_SHAPE_REPRESENTATION('',(#11,#2773),#2815);
#2773 = SHELL_BASED_SURFACE_MODEL('',(#2774));
#2774 = OPEN_SHELL('',(#2775));
#2775 = ADVANCED_FACE('',(#2776),#2810,.T.);
#2776 = FACE_BOUND('',#2777,.F.);
#2777 = EDGE_LOOP('',(#2778,#2788,#2796,#2804));
#2778 = ORIENTED_EDGE('',*,*,#2779,.F.);
#2779 = EDGE_CURVE('',#2780,#2782,#2784,.T.);
#2780 = VERTEX_POINT('',#2781);
#2781 = CARTESIAN_POINT('',(-33.93561929063,17.85818441248,-0.8));
#2782 = VERTEX_POINT('',#2783);
#2783 = CARTESIAN_POINT('',(-34.33897145862,19.48318913922,-0.8));
#2784 = LINE('',#2785,#2786);
#2785 = CARTESIAN_POINT('',(-33.93561929063,17.85818441248,-0.8));
#2786 = VECTOR('',#2787,1.);
#2787 = DIRECTION('',(-0.240905671828,0.970548534222,0.));
#2788 = ORIENTED_EDGE('',*,*,#2789,.T.);
#2789 = EDGE_CURVE('',#2780,#2790,#2792,.T.);
#2790 = VERTEX_POINT('',#2791);
#2791 = CARTESIAN_POINT('',(-33.93561929063,17.85818441248,-6.8));
#2792 = LINE('',#2793,#2794);
#2793 = CARTESIAN_POINT('',(-33.93561929063,17.85818441248,-0.8));
#2794 = VECTOR('',#2795,1.);
#2795 = DIRECTION('',(0.,0.,-1.));
#2796 = ORIENTED_EDGE('',*,*,#2797,.T.);
#2797 = EDGE_CURVE('',#2790,#2798,#2800,.T.);
#2798 = VERTEX_POINT('',#2799);
#2799 = CARTESIAN_POINT('',(-34.33897145862,19.48318913922,-6.8));
#2800 = LINE('',#2801,#2802);
#2801 = CARTESIAN_POINT('',(-33.93561929063,17.85818441248,-6.8));
#2802 = VECTOR('',#2803,1.);
#2803 = DIRECTION('',(-0.240905671828,0.970548534222,0.));
#2804 = ORIENTED_EDGE('',*,*,#2805,.F.);
#2805 = EDGE_CURVE('',#2782,#2798,#2806,.T.);
#2806 = LINE('',#2807,#2808);
#2807 = CARTESIAN_POINT('',(-34.33897145862,19.48318913922,-0.8));
#2808 = VECTOR('',#2809,1.);
#2809 = DIRECTION('',(0.,0.,-1.));
#2810 = PLANE('',#2811);
#2811 = AXIS2_PLACEMENT_3D('',#2812,#2813,#2814);
#2812 = CARTESIAN_POINT('',(-33.93561929063,17.85818441248,-0.8));
#2813 = DIRECTION('',(-0.970548534222,-0.240905671828,0.));
#2814 = DIRECTION('',(-0.240905671828,0.970548534222,0.));
#2815 = ( GEOMETRIC_REPRESENTATION_CONTEXT(3) 
GLOBAL_UNCERTAINTY_ASSIGNED_CONTEXT((#2819)) 
GLOBAL_UNIT_ASSIGNED_CONTEXT((#2816,#2817,#2818)) REPRESENTATION_CONTEXT
('Context #1','3D Context with UNIT and UNCERTAINTY') );
#2816 = ( LENGTH_UNIT() NAMED_UNIT(*) SI_UNIT(.MILLI.,.METRE.) );
#2817 = ( NAMED_UNIT(*) PLANE_ANGLE_UNIT() SI_UNIT($,.RADIAN.) );
#2818 = ( NAMED_UNIT(*) SI_UNIT($,.STERADIAN.) SOLID_ANGLE_UNIT() );
#2819 = UNCERTAINTY_MEASURE_WITH_UNIT(LENGTH_MEASURE(1.E-07),#2816,
  'distance_accuracy_value','confusion accuracy');
#2820 = CONTEXT_DEPENDENT_SHAPE_REPRESENTATION(#2821,#2823);
#2821 = ( REPRESENTATION_RELATIONSHIP('','',#2772,#10) 
REPRESENTATION_RELATIONSHIP_WITH_TRANSFORMATION(#2822) 
SHAPE_REPRESENTATION_RELATIONSHIP() );
#2822 = ITEM_DEFINED_TRANSFORMATION('','',#11,#143);
#2823 = PRODUCT_DEFINITION_SHAPE('Placement','Placement of an item',
  #2824);
#2824 = NEXT_ASSEMBLY_USAGE_OCCURRENCE('33','Face032','',#5,#2767,$);
#2825 = PRODUCT_RELATED_PRODUCT_CATEGORY('part',$,(#2769));
#2826 = SHAPE_DEFINITION_REPRESENTATION(#2827,#2833);
#2827 = PRODUCT_DEFINITION_SHAPE('','',#2828);
#2828 = PRODUCT_DEFINITION('design','',#2829,#2832);
#2829 = PRODUCT_DEFINITION_FORMATION('','',#2830);
#2830 = PRODUCT('Face033','Face033','',(#2831));
#2831 = PRODUCT_CONTEXT('',#2,'mechanical');
#2832 = PRODUCT_DEFINITION_CONTEXT('part definition',#2,'design');
#2833 = MANIFOLD_SURFACE_SHAPE_REPRESENTATION('',(#11,#2834),#2876);
#2834 = SHELL_BASED_SURFACE_MODEL('',(#2835));
#2835 = OPEN_SHELL('',(#2836));
#2836 = ADVANCED_FACE('',(#2837),#2871,.T.);
#2837 = FACE_BOUND('',#2838,.F.);
#2838 = EDGE_LOOP('',(#2839,#2849,#2857,#2865));
#2839 = ORIENTED_EDGE('',*,*,#2840,.F.);
#2840 = EDGE_CURVE('',#2841,#2843,#2845,.T.);
#2841 = VERTEX_POINT('',#2842);
#2842 = CARTESIAN_POINT('',(24.3,-9.9,-0.8));
#2843 = VERTEX_POINT('',#2844);
#2844 = CARTESIAN_POINT('',(24.3,10.1,-0.8));
#2845 = LINE('',#2846,#2847);
#2846 = CARTESIAN_POINT('',(24.3,-9.9,-0.8));
#2847 = VECTOR('',#2848,1.);
#2848 = DIRECTION('',(0.,1.,0.));
#2849 = ORIENTED_EDGE('',*,*,#2850,.F.);
#2850 = EDGE_CURVE('',#2851,#2841,#2853,.T.);
#2851 = VERTEX_POINT('',#2852);
#2852 = CARTESIAN_POINT('',(24.3,-9.9,-6.5));
#2853 = LINE('',#2854,#2855);
#2854 = CARTESIAN_POINT('',(24.3,-9.9,-6.5));
#2855 = VECTOR('',#2856,1.);
#2856 = DIRECTION('',(0.,0.,1.));
#2857 = ORIENTED_EDGE('',*,*,#2858,.T.);
#2858 = EDGE_CURVE('',#2851,#2859,#2861,.T.);
#2859 = VERTEX_POINT('',#2860);
#2860 = CARTESIAN_POINT('',(24.3,10.1,-6.5));
#2861 = LINE('',#2862,#2863);
#2862 = CARTESIAN_POINT('',(24.3,-9.9,-6.5));
#2863 = VECTOR('',#2864,1.);
#2864 = DIRECTION('',(0.,1.,0.));
#2865 = ORIENTED_EDGE('',*,*,#2866,.T.);
#2866 = EDGE_CURVE('',#2859,#2843,#2867,.T.);
#2867 = LINE('',#2868,#2869);
#2868 = CARTESIAN_POINT('',(24.3,10.1,-6.5));
#2869 = VECTOR('',#2870,1.);
#2870 = DIRECTION('',(0.,0.,1.));
#2871 = PLANE('',#2872);
#2872 = AXIS2_PLACEMENT_3D('',#2873,#2874,#2875);
#2873 = CARTESIAN_POINT('',(24.3,-9.9,-6.5));
#2874 = DIRECTION('',(-1.,0.,0.));
#2875 = DIRECTION('',(0.,1.,0.));
#2876 = ( GEOMETRIC_REPRESENTATION_CONTEXT(3) 
GLOBAL_UNCERTAINTY_ASSIGNED_CONTEXT((#2880)) 
GLOBAL_UNIT_ASSIGNED_CONTEXT((#2877,#2878,#2879)) REPRESENTATION_CONTEXT
('Context #1','3D Context with UNIT and UNCERTAINTY') );
#2877 = ( LENGTH_UNIT() NAMED_UNIT(*) SI_UNIT(.MILLI.,.METRE.) );
#2878 = ( NAMED_UNIT(*) PLANE_ANGLE_UNIT() SI_UNIT($,.RADIAN.) );
#2879 = ( NAMED_UNIT(*) SI_UNIT($,.STERADIAN.) SOLID_ANGLE_UNIT() );
#2880 = UNCERTAINTY_MEASURE_WITH_UNIT(LENGTH_MEASURE(1.E-07),#2877,
  'distance_accuracy_value','confusion accuracy');
#2881 = CONTEXT_DEPENDENT_SHAPE_REPRESENTATION(#2882,#2884);
#2882 = ( REPRESENTATION_RELATIONSHIP('','',#2833,#10) 
REPRESENTATION_RELATIONSHIP_WITH_TRANSFORMATION(#2883) 
SHAPE_REPRESENTATION_RELATIONSHIP() );
#2883 = ITEM_DEFINED_TRANSFORMATION('','',#11,#147);
#2884 = PRODUCT_DEFINITION_SHAPE('Placement','Placement of an item',
  #2885);
#2885 = NEXT_ASSEMBLY_USAGE_OCCURRENCE('34','Face033','',#5,#2828,$);
#2886 = PRODUCT_RELATED_PRODUCT_CATEGORY('part',$,(#2830));
#2887 = SHAPE_DEFINITION_REPRESENTATION(#2888,#2894);
#2888 = PRODUCT_DEFINITION_SHAPE('','',#2889);
#2889 = PRODUCT_DEFINITION('design','',#2890,#2893);
#2890 = PRODUCT_DEFINITION_FORMATION('','',#2891);
#2891 = PRODUCT('Face034','Face034','',(#2892));
#2892 = PRODUCT_CONTEXT('',#2,'mechanical');
#2893 = PRODUCT_DEFINITION_CONTEXT('part definition',#2,'design');
#2894 = MANIFOLD_SURFACE_SHAPE_REPRESENTATION('',(#11,#2895),#2937);
#2895 = SHELL_BASED_SURFACE_MODEL('',(#2896));
#2896 = OPEN_SHELL('',(#2897));
#2897 = ADVANCED_FACE('',(#2898),#2932,.T.);
#2898 = FACE_BOUND('',#2899,.F.);
#2899 = EDGE_LOOP('',(#2900,#2910,#2918,#2926));
#2900 = ORIENTED_EDGE('',*,*,#2901,.F.);
#2901 = EDGE_CURVE('',#2902,#2904,#2906,.T.);
#2902 = VERTEX_POINT('',#2903);
#2903 = CARTESIAN_POINT('',(30.3,-9.9,-0.8));
#2904 = VERTEX_POINT('',#2905);
#2905 = CARTESIAN_POINT('',(24.3,-9.9,-0.8));
#2906 = LINE('',#2907,#2908);
#2907 = CARTESIAN_POINT('',(30.3,-9.9,-0.8));
#2908 = VECTOR('',#2909,1.);
#2909 = DIRECTION('',(-1.,0.,0.));
#2910 = ORIENTED_EDGE('',*,*,#2911,.F.);
#2911 = EDGE_CURVE('',#2912,#2902,#2914,.T.);
#2912 = VERTEX_POINT('',#2913);
#2913 = CARTESIAN_POINT('',(30.3,-9.9,-6.5));
#2914 = LINE('',#2915,#2916);
#2915 = CARTESIAN_POINT('',(30.3,-9.9,-6.5));
#2916 = VECTOR('',#2917,1.);
#2917 = DIRECTION('',(0.,0.,1.));
#2918 = ORIENTED_EDGE('',*,*,#2919,.T.);
#2919 = EDGE_CURVE('',#2912,#2920,#2922,.T.);
#2920 = VERTEX_POINT('',#2921);
#2921 = CARTESIAN_POINT('',(24.3,-9.9,-6.5));
#2922 = LINE('',#2923,#2924);
#2923 = CARTESIAN_POINT('',(30.3,-9.9,-6.5));
#2924 = VECTOR('',#2925,1.);
#2925 = DIRECTION('',(-1.,0.,0.));
#2926 = ORIENTED_EDGE('',*,*,#2927,.T.);
#2927 = EDGE_CURVE('',#2920,#2904,#2928,.T.);
#2928 = LINE('',#2929,#2930);
#2929 = CARTESIAN_POINT('',(24.3,-9.9,-6.5));
#2930 = VECTOR('',#2931,1.);
#2931 = DIRECTION('',(0.,0.,1.));
#2932 = PLANE('',#2933);
#2933 = AXIS2_PLACEMENT_3D('',#2934,#2935,#2936);
#2934 = CARTESIAN_POINT('',(30.3,-9.9,-6.5));
#2935 = DIRECTION('',(0.,-1.,0.));
#2936 = DIRECTION('',(-1.,0.,0.));
#2937 = ( GEOMETRIC_REPRESENTATION_CONTEXT(3) 
GLOBAL_UNCERTAINTY_ASSIGNED_CONTEXT((#2941)) 
GLOBAL_UNIT_ASSIGNED_CONTEXT((#2938,#2939,#2940)) REPRESENTATION_CONTEXT
('Context #1','3D Context with UNIT and UNCERTAINTY') );
#2938 = ( LENGTH_UNIT() NAMED_UNIT(*) SI_UNIT(.MILLI.,.METRE.) );
#2939 = ( NAMED_UNIT(*) PLANE_ANGLE_UNIT() SI_UNIT($,.RADIAN.) );
#2940 = ( NAMED_UNIT(*) SI_UNIT($,.STERADIAN.) SOLID_ANGLE_UNIT() );
#2941 = UNCERTAINTY_MEASURE_WITH_UNIT(LENGTH_MEASURE(1.E-07),#2938,
  'distance_accuracy_value','confusion accuracy');
#2942 = CONTEXT_DEPENDENT_SHAPE_REPRESENTATION(#2943,#2945);
#2943 = ( REPRESENTATION_RELATIONSHIP('','',#2894,#10) 
REPRESENTATION_RELATIONSHIP_WITH_TRANSFORMATION(#2944) 
SHAPE_REPRESENTATION_RELATIONSHIP() );
#2944 = ITEM_DEFINED_TRANSFORMATION('','',#11,#151);
#2945 = PRODUCT_DEFINITION_SHAPE('Placement','Placement of an item',
  #2946);
#2946 = NEXT_ASSEMBLY_USAGE_OCCURRENCE('35','Face034','',#5,#2889,$);
#2947 = PRODUCT_RELATED_PRODUCT_CATEGORY('part',$,(#2891));
#2948 = SHAPE_DEFINITION_REPRESENTATION(#2949,#2955);
#2949 = PRODUCT_DEFINITION_SHAPE('','',#2950);
#2950 = PRODUCT_DEFINITION('design','',#2951,#2954);
#2951 = PRODUCT_DEFINITION_FORMATION('','',#2952);
#2952 = PRODUCT('Face035','Face035','',(#2953));
#2953 = PRODUCT_CONTEXT('',#2,'mechanical');
#2954 = PRODUCT_DEFINITION_CONTEXT('part definition',#2,'design');
#2955 = MANIFOLD_SURFACE_SHAPE_REPRESENTATION('',(#11,#2956),#2998);
#2956 = SHELL_BASED_SURFACE_MODEL('',(#2957));
#2957 = OPEN_SHELL('',(#2958));
#2958 = ADVANCED_FACE('',(#2959),#2993,.T.);
#2959 = FACE_BOUND('',#2960,.F.);
#2960 = EDGE_LOOP('',(#2961,#2971,#2979,#2987));
#2961 = ORIENTED_EDGE('',*,*,#2962,.F.);
#2962 = EDGE_CURVE('',#2963,#2965,#2967,.T.);
#2963 = VERTEX_POINT('',#2964);
#2964 = CARTESIAN_POINT('',(30.3,10.1,-0.8));
#2965 = VERTEX_POINT('',#2966);
#2966 = CARTESIAN_POINT('',(30.3,-9.9,-0.8));
#2967 = LINE('',#2968,#2969);
#2968 = CARTESIAN_POINT('',(30.3,10.1,-0.8));
#2969 = VECTOR('',#2970,1.);
#2970 = DIRECTION('',(0.,-1.,0.));
#2971 = ORIENTED_EDGE('',*,*,#2972,.F.);
#2972 = EDGE_CURVE('',#2973,#2963,#2975,.T.);
#2973 = VERTEX_POINT('',#2974);
#2974 = CARTESIAN_POINT('',(30.3,10.1,-6.5));
#2975 = LINE('',#2976,#2977);
#2976 = CARTESIAN_POINT('',(30.3,10.1,-6.5));
#2977 = VECTOR('',#2978,1.);
#2978 = DIRECTION('',(0.,0.,1.));
#2979 = ORIENTED_EDGE('',*,*,#2980,.T.);
#2980 = EDGE_CURVE('',#2973,#2981,#2983,.T.);
#2981 = VERTEX_POINT('',#2982);
#2982 = CARTESIAN_POINT('',(30.3,-9.9,-6.5));
#2983 = LINE('',#2984,#2985);
#2984 = CARTESIAN_POINT('',(30.3,10.1,-6.5));
#2985 = VECTOR('',#2986,1.);
#2986 = DIRECTION('',(0.,-1.,0.));
#2987 = ORIENTED_EDGE('',*,*,#2988,.T.);
#2988 = EDGE_CURVE('',#2981,#2965,#2989,.T.);
#2989 = LINE('',#2990,#2991);
#2990 = CARTESIAN_POINT('',(30.3,-9.9,-6.5));
#2991 = VECTOR('',#2992,1.);
#2992 = DIRECTION('',(0.,0.,1.));
#2993 = PLANE('',#2994);
#2994 = AXIS2_PLACEMENT_3D('',#2995,#2996,#2997);
#2995 = CARTESIAN_POINT('',(30.3,10.1,-6.5));
#2996 = DIRECTION('',(1.,0.,0.));
#2997 = DIRECTION('',(0.,-1.,0.));
#2998 = ( GEOMETRIC_REPRESENTATION_CONTEXT(3) 
GLOBAL_UNCERTAINTY_ASSIGNED_CONTEXT((#3002)) 
GLOBAL_UNIT_ASSIGNED_CONTEXT((#2999,#3000,#3001)) REPRESENTATION_CONTEXT
('Context #1','3D Context with UNIT and UNCERTAINTY') );
#2999 = ( LENGTH_UNIT() NAMED_UNIT(*) SI_UNIT(.MILLI.,.METRE.) );
#3000 = ( NAMED_UNIT(*) PLANE_ANGLE_UNIT() SI_UNIT($,.RADIAN.) );
#3001 = ( NAMED_UNIT(*) SI_UNIT($,.STERADIAN.) SOLID_ANGLE_UNIT() );
#3002 = UNCERTAINTY_MEASURE_WITH_UNIT(LENGTH_MEASURE(1.E-07),#2999,
  'distance_accuracy_value','confusion accuracy');
#3003 = CONTEXT_DEPENDENT_SHAPE_REPRESENTATION(#3004,#3006);
#3004 = ( REPRESENTATION_RELATIONSHIP('','',#2955,#10) 
REPRESENTATION_RELATIONSHIP_WITH_TRANSFORMATION(#3005) 
SHAPE_REPRESENTATION_RELATIONSHIP() );
#3005 = ITEM_DEFINED_TRANSFORMATION('','',#11,#155);
#3006 = PRODUCT_DEFINITION_SHAPE('Placement','Placement of an item',
  #3007);
#3007 = NEXT_ASSEMBLY_USAGE_OCCURRENCE('36','Face035','',#5,#2950,$);
#3008 = PRODUCT_RELATED_PRODUCT_CATEGORY('part',$,(#2952));
#3009 = SHAPE_DEFINITION_REPRESENTATION(#3010,#3016);
#3010 = PRODUCT_DEFINITION_SHAPE('','',#3011);
#3011 = PRODUCT_DEFINITION('design','',#3012,#3015);
#3012 = PRODUCT_DEFINITION_FORMATION('','',#3013);
#3013 = PRODUCT('Face036','Face036','',(#3014));
#3014 = PRODUCT_CONTEXT('',#2,'mechanical');
#3015 = PRODUCT_DEFINITION_CONTEXT('part definition',#2,'design');
#3016 = MANIFOLD_SURFACE_SHAPE_REPRESENTATION('',(#11,#3017),#3059);
#3017 = SHELL_BASED_SURFACE_MODEL('',(#3018));
#3018 = OPEN_SHELL('',(#3019));
#3019 = ADVANCED_FACE('',(#3020),#3054,.T.);
#3020 = FACE_BOUND('',#3021,.F.);
#3021 = EDGE_LOOP('',(#3022,#3032,#3040,#3048));
#3022 = ORIENTED_EDGE('',*,*,#3023,.F.);
#3023 = EDGE_CURVE('',#3024,#3026,#3028,.T.);
#3024 = VERTEX_POINT('',#3025);
#3025 = CARTESIAN_POINT('',(24.3,10.1,-0.8));
#3026 = VERTEX_POINT('',#3027);
#3027 = CARTESIAN_POINT('',(30.3,10.1,-0.8));
#3028 = LINE('',#3029,#3030);
#3029 = CARTESIAN_POINT('',(24.3,10.1,-0.8));
#3030 = VECTOR('',#3031,1.);
#3031 = DIRECTION('',(1.,0.,0.));
#3032 = ORIENTED_EDGE('',*,*,#3033,.F.);
#3033 = EDGE_CURVE('',#3034,#3024,#3036,.T.);
#3034 = VERTEX_POINT('',#3035);
#3035 = CARTESIAN_POINT('',(24.3,10.1,-6.5));
#3036 = LINE('',#3037,#3038);
#3037 = CARTESIAN_POINT('',(24.3,10.1,-6.5));
#3038 = VECTOR('',#3039,1.);
#3039 = DIRECTION('',(0.,0.,1.));
#3040 = ORIENTED_EDGE('',*,*,#3041,.T.);
#3041 = EDGE_CURVE('',#3034,#3042,#3044,.T.);
#3042 = VERTEX_POINT('',#3043);
#3043 = CARTESIAN_POINT('',(30.3,10.1,-6.5));
#3044 = LINE('',#3045,#3046);
#3045 = CARTESIAN_POINT('',(24.3,10.1,-6.5));
#3046 = VECTOR('',#3047,1.);
#3047 = DIRECTION('',(1.,0.,0.));
#3048 = ORIENTED_EDGE('',*,*,#3049,.T.);
#3049 = EDGE_CURVE('',#3042,#3026,#3050,.T.);
#3050 = LINE('',#3051,#3052);
#3051 = CARTESIAN_POINT('',(30.3,10.1,-6.5));
#3052 = VECTOR('',#3053,1.);
#3053 = DIRECTION('',(0.,0.,1.));
#3054 = PLANE('',#3055);
#3055 = AXIS2_PLACEMENT_3D('',#3056,#3057,#3058);
#3056 = CARTESIAN_POINT('',(24.3,10.1,-6.5));
#3057 = DIRECTION('',(0.,1.,0.));
#3058 = DIRECTION('',(1.,0.,0.));
#3059 = ( GEOMETRIC_REPRESENTATION_CONTEXT(3) 
GLOBAL_UNCERTAINTY_ASSIGNED_CONTEXT((#3063)) 
GLOBAL_UNIT_ASSIGNED_CONTEXT((#3060,#3061,#3062)) REPRESENTATION_CONTEXT
('Context #1','3D Context with UNIT and UNCERTAINTY') );
#3060 = ( LENGTH_UNIT() NAMED_UNIT(*) SI_UNIT(.MILLI.,.METRE.) );
#3061 = ( NAMED_UNIT(*) PLANE_ANGLE_UNIT() SI_UNIT($,.RADIAN.) );
#3062 = ( NAMED_UNIT(*) SI_UNIT($,.STERADIAN.) SOLID_ANGLE_UNIT() );
#3063 = UNCERTAINTY_MEASURE_WITH_UNIT(LENGTH_MEASURE(1.E-07),#3060,
  'distance_accuracy_value','confusion accuracy');
#3064 = CONTEXT_DEPENDENT_SHAPE_REPRESENTATION(#3065,#3067);
#3065 = ( REPRESENTATION_RELATIONSHIP('','',#3016,#10) 
REPRESENTATION_RELATIONSHIP_WITH_TRANSFORMATION(#3066) 
SHAPE_REPRESENTATION_RELATIONSHIP() );
#3066 = ITEM_DEFINED_TRANSFORMATION('','',#11,#159);
#3067 = PRODUCT_DEFINITION_SHAPE('Placement','Placement of an item',
  #3068);
#3068 = NEXT_ASSEMBLY_USAGE_OCCURRENCE('37','Face036','',#5,#3011,$);
#3069 = PRODUCT_RELATED_PRODUCT_CATEGORY('part',$,(#3013));
#3070 = SHAPE_DEFINITION_REPRESENTATION(#3071,#3077);
#3071 = PRODUCT_DEFINITION_SHAPE('','',#3072);
#3072 = PRODUCT_DEFINITION('design','',#3073,#3076);
#3073 = PRODUCT_DEFINITION_FORMATION('','',#3074);
#3074 = PRODUCT('Face037','Face037','',(#3075));
#3075 = PRODUCT_CONTEXT('',#2,'mechanical');
#3076 = PRODUCT_DEFINITION_CONTEXT('part definition',#2,'design');
#3077 = MANIFOLD_SURFACE_SHAPE_REPRESENTATION('',(#11,#3078),#3120);
#3078 = SHELL_BASED_SURFACE_MODEL('',(#3079));
#3079 = OPEN_SHELL('',(#3080));
#3080 = ADVANCED_FACE('',(#3081),#3115,.T.);
#3081 = FACE_BOUND('',#3082,.F.);
#3082 = EDGE_LOOP('',(#3083,#3093,#3101,#3109));
#3083 = ORIENTED_EDGE('',*,*,#3084,.F.);
#3084 = EDGE_CURVE('',#3085,#3087,#3089,.T.);
#3085 = VERTEX_POINT('',#3086);
#3086 = CARTESIAN_POINT('',(24.3,-9.9,-6.5));
#3087 = VERTEX_POINT('',#3088);
#3088 = CARTESIAN_POINT('',(24.3,10.1,-6.5));
#3089 = LINE('',#3090,#3091);
#3090 = CARTESIAN_POINT('',(24.3,-9.9,-6.5));
#3091 = VECTOR('',#3092,1.);
#3092 = DIRECTION('',(0.,1.,0.));
#3093 = ORIENTED_EDGE('',*,*,#3094,.F.);
#3094 = EDGE_CURVE('',#3095,#3085,#3097,.T.);
#3095 = VERTEX_POINT('',#3096);
#3096 = CARTESIAN_POINT('',(30.3,-9.9,-6.5));
#3097 = LINE('',#3098,#3099);
#3098 = CARTESIAN_POINT('',(30.3,-9.9,-6.5));
#3099 = VECTOR('',#3100,1.);
#3100 = DIRECTION('',(-1.,0.,0.));
#3101 = ORIENTED_EDGE('',*,*,#3102,.F.);
#3102 = EDGE_CURVE('',#3103,#3095,#3105,.T.);
#3103 = VERTEX_POINT('',#3104);
#3104 = CARTESIAN_POINT('',(30.3,10.1,-6.5));
#3105 = LINE('',#3106,#3107);
#3106 = CARTESIAN_POINT('',(30.3,10.1,-6.5));
#3107 = VECTOR('',#3108,1.);
#3108 = DIRECTION('',(0.,-1.,0.));
#3109 = ORIENTED_EDGE('',*,*,#3110,.F.);
#3110 = EDGE_CURVE('',#3087,#3103,#3111,.T.);
#3111 = LINE('',#3112,#3113);
#3112 = CARTESIAN_POINT('',(24.3,10.1,-6.5));
#3113 = VECTOR('',#3114,1.);
#3114 = DIRECTION('',(1.,0.,0.));
#3115 = PLANE('',#3116);
#3116 = AXIS2_PLACEMENT_3D('',#3117,#3118,#3119);
#3117 = CARTESIAN_POINT('',(0.,0.,-6.5));
#3118 = DIRECTION('',(0.,0.,-1.));
#3119 = DIRECTION('',(-1.,0.,0.));
#3120 = ( GEOMETRIC_REPRESENTATION_CONTEXT(3) 
GLOBAL_UNCERTAINTY_ASSIGNED_CONTEXT((#3124)) 
GLOBAL_UNIT_ASSIGNED_CONTEXT((#3121,#3122,#3123)) REPRESENTATION_CONTEXT
('Context #1','3D Context with UNIT and UNCERTAINTY') );
#3121 = ( LENGTH_UNIT() NAMED_UNIT(*) SI_UNIT(.MILLI.,.METRE.) );
#3122 = ( NAMED_UNIT(*) PLANE_ANGLE_UNIT() SI_UNIT($,.RADIAN.) );
#3123 = ( NAMED_UNIT(*) SI_UNIT($,.STERADIAN.) SOLID_ANGLE_UNIT() );
#3124 = UNCERTAINTY_MEASURE_WITH_UNIT(LENGTH_MEASURE(1.E-07),#3121,
  'distance_accuracy_value','confusion accuracy');
#3125 = CONTEXT_DEPENDENT_SHAPE_REPRESENTATION(#3126,#3128);
#3126 = ( REPRESENTATION_RELATIONSHIP('','',#3077,#10) 
REPRESENTATION_RELATIONSHIP_WITH_TRANSFORMATION(#3127) 
SHAPE_REPRESENTATION_RELATIONSHIP() );
#3127 = ITEM_DEFINED_TRANSFORMATION('','',#11,#163);
#3128 = PRODUCT_DEFINITION_SHAPE('Placement','Placement of an item',
  #3129);
#3129 = NEXT_ASSEMBLY_USAGE_OCCURRENCE('38','Face037','',#5,#3072,$);
#3130 = PRODUCT_RELATED_PRODUCT_CATEGORY('part',$,(#3074));
#3131 = SHAPE_DEFINITION_REPRESENTATION(#3132,#3138);
#3132 = PRODUCT_DEFINITION_SHAPE('','',#3133);
#3133 = PRODUCT_DEFINITION('design','',#3134,#3137);
#3134 = PRODUCT_DEFINITION_FORMATION('','',#3135);
#3135 = PRODUCT('Face038','Face038','',(#3136));
#3136 = PRODUCT_CONTEXT('',#2,'mechanical');
#3137 = PRODUCT_DEFINITION_CONTEXT('part definition',#2,'design');
#3138 = MANIFOLD_SURFACE_SHAPE_REPRESENTATION('',(#11,#3139),#3183);
#3139 = SHELL_BASED_SURFACE_MODEL('',(#3140));
#3140 = OPEN_SHELL('',(#3141));
#3141 = ADVANCED_FACE('',(#3142),#3178,.T.);
#3142 = FACE_BOUND('',#3143,.T.);
#3143 = EDGE_LOOP('',(#3144,#3155,#3163,#3172));
#3144 = ORIENTED_EDGE('',*,*,#3145,.F.);
#3145 = EDGE_CURVE('',#3146,#3148,#3150,.T.);
#3146 = VERTEX_POINT('',#3147);
#3147 = CARTESIAN_POINT('',(-35.4,18.85,-0.8));
#3148 = VERTEX_POINT('',#3149);
#3149 = CARTESIAN_POINT('',(-32.6,21.65,-0.8));
#3150 = CIRCLE('',#3151,2.8);
#3151 = AXIS2_PLACEMENT_3D('',#3152,#3153,#3154);
#3152 = CARTESIAN_POINT('',(-32.6,18.85,-0.8));
#3153 = DIRECTION('',(0.,0.,-1.));
#3154 = DIRECTION('',(-1.,0.,0.));
#3155 = ORIENTED_EDGE('',*,*,#3156,.F.);
#3156 = EDGE_CURVE('',#3157,#3146,#3159,.T.);
#3157 = VERTEX_POINT('',#3158);
#3158 = CARTESIAN_POINT('',(-35.4,18.85,0.8));
#3159 = LINE('',#3160,#3161);
#3160 = CARTESIAN_POINT('',(-35.4,18.85,0.8));
#3161 = VECTOR('',#3162,1.);
#3162 = DIRECTION('',(0.,0.,-1.));
#3163 = ORIENTED_EDGE('',*,*,#3164,.F.);
#3164 = EDGE_CURVE('',#3165,#3157,#3167,.T.);
#3165 = VERTEX_POINT('',#3166);
#3166 = CARTESIAN_POINT('',(-32.6,21.65,0.8));
#3167 = CIRCLE('',#3168,2.8);
#3168 = AXIS2_PLACEMENT_3D('',#3169,#3170,#3171);
#3169 = CARTESIAN_POINT('',(-32.6,18.85,0.8));
#3170 = DIRECTION('',(0.,-0.,1.));
#3171 = DIRECTION('',(0.,1.,0.));
#3172 = ORIENTED_EDGE('',*,*,#3173,.T.);
#3173 = EDGE_CURVE('',#3165,#3148,#3174,.T.);
#3174 = LINE('',#3175,#3176);
#3175 = CARTESIAN_POINT('',(-32.6,21.65,0.8));
#3176 = VECTOR('',#3177,1.);
#3177 = DIRECTION('',(0.,0.,-1.));
#3178 = CYLINDRICAL_SURFACE('',#3179,2.8);
#3179 = AXIS2_PLACEMENT_3D('',#3180,#3181,#3182);
#3180 = CARTESIAN_POINT('',(-32.6,18.85,0.931132994352));
#3181 = DIRECTION('',(0.,0.,-1.));
#3182 = DIRECTION('',(-1.,0.,0.));
#3183 = ( GEOMETRIC_REPRESENTATION_CONTEXT(3) 
GLOBAL_UNCERTAINTY_ASSIGNED_CONTEXT((#3187)) 
GLOBAL_UNIT_ASSIGNED_CONTEXT((#3184,#3185,#3186)) REPRESENTATION_CONTEXT
('Context #1','3D Context with UNIT and UNCERTAINTY') );
#3184 = ( LENGTH_UNIT() NAMED_UNIT(*) SI_UNIT(.MILLI.,.METRE.) );
#3185 = ( NAMED_UNIT(*) PLANE_ANGLE_UNIT() SI_UNIT($,.RADIAN.) );
#3186 = ( NAMED_UNIT(*) SI_UNIT($,.STERADIAN.) SOLID_ANGLE_UNIT() );
#3187 = UNCERTAINTY_MEASURE_WITH_UNIT(LENGTH_MEASURE(1.E-07),#3184,
  'distance_accuracy_value','confusion accuracy');
#3188 = CONTEXT_DEPENDENT_SHAPE_REPRESENTATION(#3189,#3191);
#3189 = ( REPRESENTATION_RELATIONSHIP('','',#3138,#10) 
REPRESENTATION_RELATIONSHIP_WITH_TRANSFORMATION(#3190) 
SHAPE_REPRESENTATION_RELATIONSHIP() );
#3190 = ITEM_DEFINED_TRANSFORMATION('','',#11,#167);
#3191 = PRODUCT_DEFINITION_SHAPE('Placement','Placement of an item',
  #3192);
#3192 = NEXT_ASSEMBLY_USAGE_OCCURRENCE('39','Face038','',#5,#3133,$);
#3193 = PRODUCT_RELATED_PRODUCT_CATEGORY('part',$,(#3135));
#3194 = SHAPE_DEFINITION_REPRESENTATION(#3195,#3201);
#3195 = PRODUCT_DEFINITION_SHAPE('','',#3196);
#3196 = PRODUCT_DEFINITION('design','',#3197,#3200);
#3197 = PRODUCT_DEFINITION_FORMATION('','',#3198);
#3198 = PRODUCT('Face039','Face039','',(#3199));
#3199 = PRODUCT_CONTEXT('',#2,'mechanical');
#3200 = PRODUCT_DEFINITION_CONTEXT('part definition',#2,'design');
#3201 = MANIFOLD_SURFACE_SHAPE_REPRESENTATION('',(#11,#3202),#3244);
#3202 = SHELL_BASED_SURFACE_MODEL('',(#3203));
#3203 = OPEN_SHELL('',(#3204));
#3204 = ADVANCED_FACE('',(#3205),#3239,.T.);
#3205 = FACE_BOUND('',#3206,.F.);
#3206 = EDGE_LOOP('',(#3207,#3217,#3225,#3233));
#3207 = ORIENTED_EDGE('',*,*,#3208,.T.);
#3208 = EDGE_CURVE('',#3209,#3211,#3213,.T.);
#3209 = VERTEX_POINT('',#3210);
#3210 = CARTESIAN_POINT('',(-32.6,21.65,0.8));
#3211 = VERTEX_POINT('',#3212);
#3212 = CARTESIAN_POINT('',(-32.6,21.65,-0.8));
#3213 = LINE('',#3214,#3215);
#3214 = CARTESIAN_POINT('',(-32.6,21.65,0.8));
#3215 = VECTOR('',#3216,1.);
#3216 = DIRECTION('',(0.,0.,-1.));
#3217 = ORIENTED_EDGE('',*,*,#3218,.F.);
#3218 = EDGE_CURVE('',#3219,#3211,#3221,.T.);
#3219 = VERTEX_POINT('',#3220);
#3220 = CARTESIAN_POINT('',(32.6,21.65,-0.8));
#3221 = LINE('',#3222,#3223);
#3222 = CARTESIAN_POINT('',(32.6,21.65,-0.8));
#3223 = VECTOR('',#3224,1.);
#3224 = DIRECTION('',(-1.,0.,0.));
#3225 = ORIENTED_EDGE('',*,*,#3226,.F.);
#3226 = EDGE_CURVE('',#3227,#3219,#3229,.T.);
#3227 = VERTEX_POINT('',#3228);
#3228 = CARTESIAN_POINT('',(32.6,21.65,0.8));
#3229 = LINE('',#3230,#3231);
#3230 = CARTESIAN_POINT('',(32.6,21.65,0.8));
#3231 = VECTOR('',#3232,1.);
#3232 = DIRECTION('',(0.,0.,-1.));
#3233 = ORIENTED_EDGE('',*,*,#3234,.T.);
#3234 = EDGE_CURVE('',#3227,#3209,#3235,.T.);
#3235 = LINE('',#3236,#3237);
#3236 = CARTESIAN_POINT('',(32.6,21.65,0.8));
#3237 = VECTOR('',#3238,1.);
#3238 = DIRECTION('',(-1.,0.,0.));
#3239 = PLANE('',#3240);
#3240 = AXIS2_PLACEMENT_3D('',#3241,#3242,#3243);
#3241 = CARTESIAN_POINT('',(35.4,21.65,-0.8));
#3242 = DIRECTION('',(0.,1.,0.));
#3243 = DIRECTION('',(-1.,0.,0.));
#3244 = ( GEOMETRIC_REPRESENTATION_CONTEXT(3) 
GLOBAL_UNCERTAINTY_ASSIGNED_CONTEXT((#3248)) 
GLOBAL_UNIT_ASSIGNED_CONTEXT((#3245,#3246,#3247)) REPRESENTATION_CONTEXT
('Context #1','3D Context with UNIT and UNCERTAINTY') );
#3245 = ( LENGTH_UNIT() NAMED_UNIT(*) SI_UNIT(.MILLI.,.METRE.) );
#3246 = ( NAMED_UNIT(*) PLANE_ANGLE_UNIT() SI_UNIT($,.RADIAN.) );
#3247 = ( NAMED_UNIT(*) SI_UNIT($,.STERADIAN.) SOLID_ANGLE_UNIT() );
#3248 = UNCERTAINTY_MEASURE_WITH_UNIT(LENGTH_MEASURE(1.E-07),#3245,
  'distance_accuracy_value','confusion accuracy');
#3249 = CONTEXT_DEPENDENT_SHAPE_REPRESENTATION(#3250,#3252);
#3250 = ( REPRESENTATION_RELATIONSHIP('','',#3201,#10) 
REPRESENTATION_RELATIONSHIP_WITH_TRANSFORMATION(#3251) 
SHAPE_REPRESENTATION_RELATIONSHIP() );
#3251 = ITEM_DEFINED_TRANSFORMATION('','',#11,#171);
#3252 = PRODUCT_DEFINITION_SHAPE('Placement','Placement of an item',
  #3253);
#3253 = NEXT_ASSEMBLY_USAGE_OCCURRENCE('40','Face039','',#5,#3196,$);
#3254 = PRODUCT_RELATED_PRODUCT_CATEGORY('part',$,(#3198));
#3255 = SHAPE_DEFINITION_REPRESENTATION(#3256,#3262);
#3256 = PRODUCT_DEFINITION_SHAPE('','',#3257);
#3257 = PRODUCT_DEFINITION('design','',#3258,#3261);
#3258 = PRODUCT_DEFINITION_FORMATION('','',#3259);
#3259 = PRODUCT('Face040','Face040','',(#3260));
#3260 = PRODUCT_CONTEXT('',#2,'mechanical');
#3261 = PRODUCT_DEFINITION_CONTEXT('part definition',#2,'design');
#3262 = MANIFOLD_SURFACE_SHAPE_REPRESENTATION('',(#11,#3263),#3307);
#3263 = SHELL_BASED_SURFACE_MODEL('',(#3264));
#3264 = OPEN_SHELL('',(#3265));
#3265 = ADVANCED_FACE('',(#3266),#3302,.T.);
#3266 = FACE_BOUND('',#3267,.T.);
#3267 = EDGE_LOOP('',(#3268,#3279,#3287,#3296));
#3268 = ORIENTED_EDGE('',*,*,#3269,.F.);
#3269 = EDGE_CURVE('',#3270,#3272,#3274,.T.);
#3270 = VERTEX_POINT('',#3271);
#3271 = CARTESIAN_POINT('',(32.6,21.65,-0.8));
#3272 = VERTEX_POINT('',#3273);
#3273 = CARTESIAN_POINT('',(35.4,18.85,-0.8));
#3274 = CIRCLE('',#3275,2.8);
#3275 = AXIS2_PLACEMENT_3D('',#3276,#3277,#3278);
#3276 = CARTESIAN_POINT('',(32.6,18.85,-0.8));
#3277 = DIRECTION('',(0.,0.,-1.));
#3278 = DIRECTION('',(0.,1.,0.));
#3279 = ORIENTED_EDGE('',*,*,#3280,.F.);
#3280 = EDGE_CURVE('',#3281,#3270,#3283,.T.);
#3281 = VERTEX_POINT('',#3282);
#3282 = CARTESIAN_POINT('',(32.6,21.65,0.8));
#3283 = LINE('',#3284,#3285);
#3284 = CARTESIAN_POINT('',(32.6,21.65,0.8));
#3285 = VECTOR('',#3286,1.);
#3286 = DIRECTION('',(0.,0.,-1.));
#3287 = ORIENTED_EDGE('',*,*,#3288,.F.);
#3288 = EDGE_CURVE('',#3289,#3281,#3291,.T.);
#3289 = VERTEX_POINT('',#3290);
#3290 = CARTESIAN_POINT('',(35.4,18.85,0.8));
#3291 = CIRCLE('',#3292,2.8);
#3292 = AXIS2_PLACEMENT_3D('',#3293,#3294,#3295);
#3293 = CARTESIAN_POINT('',(32.6,18.85,0.8));
#3294 = DIRECTION('',(0.,0.,1.));
#3295 = DIRECTION('',(1.,0.,-0.));
#3296 = ORIENTED_EDGE('',*,*,#3297,.T.);
#3297 = EDGE_CURVE('',#3289,#3272,#3298,.T.);
#3298 = LINE('',#3299,#3300);
#3299 = CARTESIAN_POINT('',(35.4,18.85,0.8));
#3300 = VECTOR('',#3301,1.);
#3301 = DIRECTION('',(0.,0.,-1.));
#3302 = CYLINDRICAL_SURFACE('',#3303,2.8);
#3303 = AXIS2_PLACEMENT_3D('',#3304,#3305,#3306);
#3304 = CARTESIAN_POINT('',(32.6,18.85,0.931132994352));
#3305 = DIRECTION('',(0.,0.,-1.));
#3306 = DIRECTION('',(0.,1.,0.));
#3307 = ( GEOMETRIC_REPRESENTATION_CONTEXT(3) 
GLOBAL_UNCERTAINTY_ASSIGNED_CONTEXT((#3311)) 
GLOBAL_UNIT_ASSIGNED_CONTEXT((#3308,#3309,#3310)) REPRESENTATION_CONTEXT
('Context #1','3D Context with UNIT and UNCERTAINTY') );
#3308 = ( LENGTH_UNIT() NAMED_UNIT(*) SI_UNIT(.MILLI.,.METRE.) );
#3309 = ( NAMED_UNIT(*) PLANE_ANGLE_UNIT() SI_UNIT($,.RADIAN.) );
#3310 = ( NAMED_UNIT(*) SI_UNIT($,.STERADIAN.) SOLID_ANGLE_UNIT() );
#3311 = UNCERTAINTY_MEASURE_WITH_UNIT(LENGTH_MEASURE(1.E-07),#3308,
  'distance_accuracy_value','confusion accuracy');
#3312 = CONTEXT_DEPENDENT_SHAPE_REPRESENTATION(#3313,#3315);
#3313 = ( REPRESENTATION_RELATIONSHIP('','',#3262,#10) 
REPRESENTATION_RELATIONSHIP_WITH_TRANSFORMATION(#3314) 
SHAPE_REPRESENTATION_RELATIONSHIP() );
#3314 = ITEM_DEFINED_TRANSFORMATION('','',#11,#175);
#3315 = PRODUCT_DEFINITION_SHAPE('Placement','Placement of an item',
  #3316);
#3316 = NEXT_ASSEMBLY_USAGE_OCCURRENCE('41','Face040','',#5,#3257,$);
#3317 = PRODUCT_RELATED_PRODUCT_CATEGORY('part',$,(#3259));
#3318 = SHAPE_DEFINITION_REPRESENTATION(#3319,#3325);
#3319 = PRODUCT_DEFINITION_SHAPE('','',#3320);
#3320 = PRODUCT_DEFINITION('design','',#3321,#3324);
#3321 = PRODUCT_DEFINITION_FORMATION('','',#3322);
#3322 = PRODUCT('Face041','Face041','',(#3323));
#3323 = PRODUCT_CONTEXT('',#2,'mechanical');
#3324 = PRODUCT_DEFINITION_CONTEXT('part definition',#2,'design');
#3325 = MANIFOLD_SURFACE_SHAPE_REPRESENTATION('',(#11,#3326),#3368);
#3326 = SHELL_BASED_SURFACE_MODEL('',(#3327));
#3327 = OPEN_SHELL('',(#3328));
#3328 = ADVANCED_FACE('',(#3329),#3363,.T.);
#3329 = FACE_BOUND('',#3330,.F.);
#3330 = EDGE_LOOP('',(#3331,#3341,#3349,#3357));
#3331 = ORIENTED_EDGE('',*,*,#3332,.T.);
#3332 = EDGE_CURVE('',#3333,#3335,#3337,.T.);
#3333 = VERTEX_POINT('',#3334);
#3334 = CARTESIAN_POINT('',(35.4,18.85,0.8));
#3335 = VERTEX_POINT('',#3336);
#3336 = CARTESIAN_POINT('',(35.4,18.85,-0.8));
#3337 = LINE('',#3338,#3339);
#3338 = CARTESIAN_POINT('',(35.4,18.85,0.8));
#3339 = VECTOR('',#3340,1.);
#3340 = DIRECTION('',(0.,0.,-1.));
#3341 = ORIENTED_EDGE('',*,*,#3342,.F.);
#3342 = EDGE_CURVE('',#3343,#3335,#3345,.T.);
#3343 = VERTEX_POINT('',#3344);
#3344 = CARTESIAN_POINT('',(35.4,-18.85,-0.8));
#3345 = LINE('',#3346,#3347);
#3346 = CARTESIAN_POINT('',(35.4,-18.85,-0.8));
#3347 = VECTOR('',#3348,1.);
#3348 = DIRECTION('',(0.,1.,0.));
#3349 = ORIENTED_EDGE('',*,*,#3350,.F.);
#3350 = EDGE_CURVE('',#3351,#3343,#3353,.T.);
#3351 = VERTEX_POINT('',#3352);
#3352 = CARTESIAN_POINT('',(35.4,-18.85,0.8));
#3353 = LINE('',#3354,#3355);
#3354 = CARTESIAN_POINT('',(35.4,-18.85,0.8));
#3355 = VECTOR('',#3356,1.);
#3356 = DIRECTION('',(0.,0.,-1.));
#3357 = ORIENTED_EDGE('',*,*,#3358,.T.);
#3358 = EDGE_CURVE('',#3351,#3333,#3359,.T.);
#3359 = LINE('',#3360,#3361);
#3360 = CARTESIAN_POINT('',(35.4,-18.85,0.8));
#3361 = VECTOR('',#3362,1.);
#3362 = DIRECTION('',(0.,1.,0.));
#3363 = PLANE('',#3364);
#3364 = AXIS2_PLACEMENT_3D('',#3365,#3366,#3367);
#3365 = CARTESIAN_POINT('',(35.4,-21.65,-0.8));
#3366 = DIRECTION('',(1.,0.,0.));
#3367 = DIRECTION('',(-0.,1.,0.));
#3368 = ( GEOMETRIC_REPRESENTATION_CONTEXT(3) 
GLOBAL_UNCERTAINTY_ASSIGNED_CONTEXT((#3372)) 
GLOBAL_UNIT_ASSIGNED_CONTEXT((#3369,#3370,#3371)) REPRESENTATION_CONTEXT
('Context #1','3D Context with UNIT and UNCERTAINTY') );
#3369 = ( LENGTH_UNIT() NAMED_UNIT(*) SI_UNIT(.MILLI.,.METRE.) );
#3370 = ( NAMED_UNIT(*) PLANE_ANGLE_UNIT() SI_UNIT($,.RADIAN.) );
#3371 = ( NAMED_UNIT(*) SI_UNIT($,.STERADIAN.) SOLID_ANGLE_UNIT() );
#3372 = UNCERTAINTY_MEASURE_WITH_UNIT(LENGTH_MEASURE(1.E-07),#3369,
  'distance_accuracy_value','confusion accuracy');
#3373 = CONTEXT_DEPENDENT_SHAPE_REPRESENTATION(#3374,#3376);
#3374 = ( REPRESENTATION_RELATIONSHIP('','',#3325,#10) 
REPRESENTATION_RELATIONSHIP_WITH_TRANSFORMATION(#3375) 
SHAPE_REPRESENTATION_RELATIONSHIP() );
#3375 = ITEM_DEFINED_TRANSFORMATION('','',#11,#179);
#3376 = PRODUCT_DEFINITION_SHAPE('Placement','Placement of an item',
  #3377);
#3377 = NEXT_ASSEMBLY_USAGE_OCCURRENCE('42','Face041','',#5,#3320,$);
#3378 = PRODUCT_RELATED_PRODUCT_CATEGORY('part',$,(#3322));
#3379 = SHAPE_DEFINITION_REPRESENTATION(#3380,#3386);
#3380 = PRODUCT_DEFINITION_SHAPE('','',#3381);
#3381 = PRODUCT_DEFINITION('design','',#3382,#3385);
#3382 = PRODUCT_DEFINITION_FORMATION('','',#3383);
#3383 = PRODUCT('Face042','Face042','',(#3384));
#3384 = PRODUCT_CONTEXT('',#2,'mechanical');
#3385 = PRODUCT_DEFINITION_CONTEXT('part definition',#2,'design');
#3386 = MANIFOLD_SURFACE_SHAPE_REPRESENTATION('',(#11,#3387),#3431);
#3387 = SHELL_BASED_SURFACE_MODEL('',(#3388));
#3388 = OPEN_SHELL('',(#3389));
#3389 = ADVANCED_FACE('',(#3390),#3426,.T.);
#3390 = FACE_BOUND('',#3391,.T.);
#3391 = EDGE_LOOP('',(#3392,#3403,#3411,#3420));
#3392 = ORIENTED_EDGE('',*,*,#3393,.F.);
#3393 = EDGE_CURVE('',#3394,#3396,#3398,.T.);
#3394 = VERTEX_POINT('',#3395);
#3395 = CARTESIAN_POINT('',(35.4,-18.85,-0.8));
#3396 = VERTEX_POINT('',#3397);
#3397 = CARTESIAN_POINT('',(32.6,-21.65,-0.8));
#3398 = CIRCLE('',#3399,2.8);
#3399 = AXIS2_PLACEMENT_3D('',#3400,#3401,#3402);
#3400 = CARTESIAN_POINT('',(32.6,-18.85,-0.8));
#3401 = DIRECTION('',(0.,0.,-1.));
#3402 = DIRECTION('',(1.,0.,0.));
#3403 = ORIENTED_EDGE('',*,*,#3404,.F.);
#3404 = EDGE_CURVE('',#3405,#3394,#3407,.T.);
#3405 = VERTEX_POINT('',#3406);
#3406 = CARTESIAN_POINT('',(35.4,-18.85,0.8));
#3407 = LINE('',#3408,#3409);
#3408 = CARTESIAN_POINT('',(35.4,-18.85,0.8));
#3409 = VECTOR('',#3410,1.);
#3410 = DIRECTION('',(0.,0.,-1.));
#3411 = ORIENTED_EDGE('',*,*,#3412,.F.);
#3412 = EDGE_CURVE('',#3413,#3405,#3415,.T.);
#3413 = VERTEX_POINT('',#3414);
#3414 = CARTESIAN_POINT('',(32.6,-21.65,0.8));
#3415 = CIRCLE('',#3416,2.8);
#3416 = AXIS2_PLACEMENT_3D('',#3417,#3418,#3419);
#3417 = CARTESIAN_POINT('',(32.6,-18.85,0.8));
#3418 = DIRECTION('',(0.,0.,1.));
#3419 = DIRECTION('',(0.,-1.,0.));
#3420 = ORIENTED_EDGE('',*,*,#3421,.T.);
#3421 = EDGE_CURVE('',#3413,#3396,#3422,.T.);
#3422 = LINE('',#3423,#3424);
#3423 = CARTESIAN_POINT('',(32.6,-21.65,0.8));
#3424 = VECTOR('',#3425,1.);
#3425 = DIRECTION('',(0.,0.,-1.));
#3426 = CYLINDRICAL_SURFACE('',#3427,2.8);
#3427 = AXIS2_PLACEMENT_3D('',#3428,#3429,#3430);
#3428 = CARTESIAN_POINT('',(32.6,-18.85,0.931132994352));
#3429 = DIRECTION('',(0.,0.,-1.));
#3430 = DIRECTION('',(1.,0.,0.));
#3431 = ( GEOMETRIC_REPRESENTATION_CONTEXT(3) 
GLOBAL_UNCERTAINTY_ASSIGNED_CONTEXT((#3435)) 
GLOBAL_UNIT_ASSIGNED_CONTEXT((#3432,#3433,#3434)) REPRESENTATION_CONTEXT
('Context #1','3D Context with UNIT and UNCERTAINTY') );
#3432 = ( LENGTH_UNIT() NAMED_UNIT(*) SI_UNIT(.MILLI.,.METRE.) );
#3433 = ( NAMED_UNIT(*) PLANE_ANGLE_UNIT() SI_UNIT($,.RADIAN.) );
#3434 = ( NAMED_UNIT(*) SI_UNIT($,.STERADIAN.) SOLID_ANGLE_UNIT() );
#3435 = UNCERTAINTY_MEASURE_WITH_UNIT(LENGTH_MEASURE(1.E-07),#3432,
  'distance_accuracy_value','confusion accuracy');
#3436 = CONTEXT_DEPENDENT_SHAPE_REPRESENTATION(#3437,#3439);
#3437 = ( REPRESENTATION_RELATIONSHIP('','',#3386,#10) 
REPRESENTATION_RELATIONSHIP_WITH_TRANSFORMATION(#3438) 
SHAPE_REPRESENTATION_RELATIONSHIP() );
#3438 = ITEM_DEFINED_TRANSFORMATION('','',#11,#183);
#3439 = PRODUCT_DEFINITION_SHAPE('Placement','Placement of an item',
  #3440);
#3440 = NEXT_ASSEMBLY_USAGE_OCCURRENCE('43','Face042','',#5,#3381,$);
#3441 = PRODUCT_RELATED_PRODUCT_CATEGORY('part',$,(#3383));
#3442 = SHAPE_DEFINITION_REPRESENTATION(#3443,#3449);
#3443 = PRODUCT_DEFINITION_SHAPE('','',#3444);
#3444 = PRODUCT_DEFINITION('design','',#3445,#3448);
#3445 = PRODUCT_DEFINITION_FORMATION('','',#3446);
#3446 = PRODUCT('Face043','Face043','',(#3447));
#3447 = PRODUCT_CONTEXT('',#2,'mechanical');
#3448 = PRODUCT_DEFINITION_CONTEXT('part definition',#2,'design');
#3449 = MANIFOLD_SURFACE_SHAPE_REPRESENTATION('',(#11,#3450),#3492);
#3450 = SHELL_BASED_SURFACE_MODEL('',(#3451));
#3451 = OPEN_SHELL('',(#3452));
#3452 = ADVANCED_FACE('',(#3453),#3487,.T.);
#3453 = FACE_BOUND('',#3454,.F.);
#3454 = EDGE_LOOP('',(#3455,#3465,#3473,#3481));
#3455 = ORIENTED_EDGE('',*,*,#3456,.F.);
#3456 = EDGE_CURVE('',#3457,#3459,#3461,.T.);
#3457 = VERTEX_POINT('',#3458);
#3458 = CARTESIAN_POINT('',(-32.6,-21.65,0.8));
#3459 = VERTEX_POINT('',#3460);
#3460 = CARTESIAN_POINT('',(-32.6,-21.65,-0.8));
#3461 = LINE('',#3462,#3463);
#3462 = CARTESIAN_POINT('',(-32.6,-21.65,0.8));
#3463 = VECTOR('',#3464,1.);
#3464 = DIRECTION('',(0.,0.,-1.));
#3465 = ORIENTED_EDGE('',*,*,#3466,.T.);
#3466 = EDGE_CURVE('',#3457,#3467,#3469,.T.);
#3467 = VERTEX_POINT('',#3468);
#3468 = CARTESIAN_POINT('',(32.6,-21.65,0.8));
#3469 = LINE('',#3470,#3471);
#3470 = CARTESIAN_POINT('',(-32.6,-21.65,0.8));
#3471 = VECTOR('',#3472,1.);
#3472 = DIRECTION('',(1.,0.,0.));
#3473 = ORIENTED_EDGE('',*,*,#3474,.T.);
#3474 = EDGE_CURVE('',#3467,#3475,#3477,.T.);
#3475 = VERTEX_POINT('',#3476);
#3476 = CARTESIAN_POINT('',(32.6,-21.65,-0.8));
#3477 = LINE('',#3478,#3479);
#3478 = CARTESIAN_POINT('',(32.6,-21.65,0.8));
#3479 = VECTOR('',#3480,1.);
#3480 = DIRECTION('',(0.,0.,-1.));
#3481 = ORIENTED_EDGE('',*,*,#3482,.F.);
#3482 = EDGE_CURVE('',#3459,#3475,#3483,.T.);
#3483 = LINE('',#3484,#3485);
#3484 = CARTESIAN_POINT('',(-32.6,-21.65,-0.8));
#3485 = VECTOR('',#3486,1.);
#3486 = DIRECTION('',(1.,0.,0.));
#3487 = PLANE('',#3488);
#3488 = AXIS2_PLACEMENT_3D('',#3489,#3490,#3491);
#3489 = CARTESIAN_POINT('',(-35.4,-21.65,-0.8));
#3490 = DIRECTION('',(0.,-1.,0.));
#3491 = DIRECTION('',(1.,0.,0.));
#3492 = ( GEOMETRIC_REPRESENTATION_CONTEXT(3) 
GLOBAL_UNCERTAINTY_ASSIGNED_CONTEXT((#3496)) 
GLOBAL_UNIT_ASSIGNED_CONTEXT((#3493,#3494,#3495)) REPRESENTATION_CONTEXT
('Context #1','3D Context with UNIT and UNCERTAINTY') );
#3493 = ( LENGTH_UNIT() NAMED_UNIT(*) SI_UNIT(.MILLI.,.METRE.) );
#3494 = ( NAMED_UNIT(*) PLANE_ANGLE_UNIT() SI_UNIT($,.RADIAN.) );
#3495 = ( NAMED_UNIT(*) SI_UNIT($,.STERADIAN.) SOLID_ANGLE_UNIT() );
#3496 = UNCERTAINTY_MEASURE_WITH_UNIT(LENGTH_MEASURE(1.E-07),#3493,
  'distance_accuracy_value','confusion accuracy');
#3497 = CONTEXT_DEPENDENT_SHAPE_REPRESENTATION(#3498,#3500);
#3498 = ( REPRESENTATION_RELATIONSHIP('','',#3449,#10) 
REPRESENTATION_RELATIONSHIP_WITH_TRANSFORMATION(#3499) 
SHAPE_REPRESENTATION_RELATIONSHIP() );
#3499 = ITEM_DEFINED_TRANSFORMATION('','',#11,#187);
#3500 = PRODUCT_DEFINITION_SHAPE('Placement','Placement of an item',
  #3501);
#3501 = NEXT_ASSEMBLY_USAGE_OCCURRENCE('44','Face043','',#5,#3444,$);
#3502 = PRODUCT_RELATED_PRODUCT_CATEGORY('part',$,(#3446));
#3503 = SHAPE_DEFINITION_REPRESENTATION(#3504,#3510);
#3504 = PRODUCT_DEFINITION_SHAPE('','',#3505);
#3505 = PRODUCT_DEFINITION('design','',#3506,#3509);
#3506 = PRODUCT_DEFINITION_FORMATION('','',#3507);
#3507 = PRODUCT('Face044','Face044','',(#3508));
#3508 = PRODUCT_CONTEXT('',#2,'mechanical');
#3509 = PRODUCT_DEFINITION_CONTEXT('part definition',#2,'design');
#3510 = MANIFOLD_SURFACE_SHAPE_REPRESENTATION('',(#11,#3511),#3555);
#3511 = SHELL_BASED_SURFACE_MODEL('',(#3512));
#3512 = OPEN_SHELL('',(#3513));
#3513 = ADVANCED_FACE('',(#3514),#3550,.T.);
#3514 = FACE_BOUND('',#3515,.T.);
#3515 = EDGE_LOOP('',(#3516,#3527,#3535,#3544));
#3516 = ORIENTED_EDGE('',*,*,#3517,.F.);
#3517 = EDGE_CURVE('',#3518,#3520,#3522,.T.);
#3518 = VERTEX_POINT('',#3519);
#3519 = CARTESIAN_POINT('',(-32.6,-21.65,-0.8));
#3520 = VERTEX_POINT('',#3521);
#3521 = CARTESIAN_POINT('',(-35.4,-18.85,-0.8));
#3522 = CIRCLE('',#3523,2.8);
#3523 = AXIS2_PLACEMENT_3D('',#3524,#3525,#3526);
#3524 = CARTESIAN_POINT('',(-32.6,-18.85,-0.8));
#3525 = DIRECTION('',(0.,0.,-1.));
#3526 = DIRECTION('',(0.,-1.,0.));
#3527 = ORIENTED_EDGE('',*,*,#3528,.F.);
#3528 = EDGE_CURVE('',#3529,#3518,#3531,.T.);
#3529 = VERTEX_POINT('',#3530);
#3530 = CARTESIAN_POINT('',(-32.6,-21.65,0.8));
#3531 = LINE('',#3532,#3533);
#3532 = CARTESIAN_POINT('',(-32.6,-21.65,0.8));
#3533 = VECTOR('',#3534,1.);
#3534 = DIRECTION('',(0.,0.,-1.));
#3535 = ORIENTED_EDGE('',*,*,#3536,.F.);
#3536 = EDGE_CURVE('',#3537,#3529,#3539,.T.);
#3537 = VERTEX_POINT('',#3538);
#3538 = CARTESIAN_POINT('',(-35.4,-18.85,0.8));
#3539 = CIRCLE('',#3540,2.8);
#3540 = AXIS2_PLACEMENT_3D('',#3541,#3542,#3543);
#3541 = CARTESIAN_POINT('',(-32.6,-18.85,0.8));
#3542 = DIRECTION('',(0.,0.,1.));
#3543 = DIRECTION('',(-1.,0.,0.));
#3544 = ORIENTED_EDGE('',*,*,#3545,.T.);
#3545 = EDGE_CURVE('',#3537,#3520,#3546,.T.);
#3546 = LINE('',#3547,#3548);
#3547 = CARTESIAN_POINT('',(-35.4,-18.85,0.8));
#3548 = VECTOR('',#3549,1.);
#3549 = DIRECTION('',(0.,0.,-1.));
#3550 = CYLINDRICAL_SURFACE('',#3551,2.8);
#3551 = AXIS2_PLACEMENT_3D('',#3552,#3553,#3554);
#3552 = CARTESIAN_POINT('',(-32.6,-18.85,0.931132994352));
#3553 = DIRECTION('',(0.,0.,-1.));
#3554 = DIRECTION('',(0.,-1.,0.));
#3555 = ( GEOMETRIC_REPRESENTATION_CONTEXT(3) 
GLOBAL_UNCERTAINTY_ASSIGNED_CONTEXT((#3559)) 
GLOBAL_UNIT_ASSIGNED_CONTEXT((#3556,#3557,#3558)) REPRESENTATION_CONTEXT
('Context #1','3D Context with UNIT and UNCERTAINTY') );
#3556 = ( LENGTH_UNIT() NAMED_UNIT(*) SI_UNIT(.MILLI.,.METRE.) );
#3557 = ( NAMED_UNIT(*) PLANE_ANGLE_UNIT() SI_UNIT($,.RADIAN.) );
#3558 = ( NAMED_UNIT(*) SI_UNIT($,.STERADIAN.) SOLID_ANGLE_UNIT() );
#3559 = UNCERTAINTY_MEASURE_WITH_UNIT(LENGTH_MEASURE(1.E-07),#3556,
  'distance_accuracy_value','confusion accuracy');
#3560 = CONTEXT_DEPENDENT_SHAPE_REPRESENTATION(#3561,#3563);
#3561 = ( REPRESENTATION_RELATIONSHIP('','',#3510,#10) 
REPRESENTATION_RELATIONSHIP_WITH_TRANSFORMATION(#3562) 
SHAPE_REPRESENTATION_RELATIONSHIP() );
#3562 = ITEM_DEFINED_TRANSFORMATION('','',#11,#191);
#3563 = PRODUCT_DEFINITION_SHAPE('Placement','Placement of an item',
  #3564);
#3564 = NEXT_ASSEMBLY_USAGE_OCCURRENCE('45','Face044','',#5,#3505,$);
#3565 = PRODUCT_RELATED_PRODUCT_CATEGORY('part',$,(#3507));
#3566 = SHAPE_DEFINITION_REPRESENTATION(#3567,#3573);
#3567 = PRODUCT_DEFINITION_SHAPE('','',#3568);
#3568 = PRODUCT_DEFINITION('design','',#3569,#3572);
#3569 = PRODUCT_DEFINITION_FORMATION('','',#3570);
#3570 = PRODUCT('Face045','Face045','',(#3571));
#3571 = PRODUCT_CONTEXT('',#2,'mechanical');
#3572 = PRODUCT_DEFINITION_CONTEXT('part definition',#2,'design');
#3573 = MANIFOLD_SURFACE_SHAPE_REPRESENTATION('',(#11,#3574),#3616);
#3574 = SHELL_BASED_SURFACE_MODEL('',(#3575));
#3575 = OPEN_SHELL('',(#3576));
#3576 = ADVANCED_FACE('',(#3577),#3611,.T.);
#3577 = FACE_BOUND('',#3578,.F.);
#3578 = EDGE_LOOP('',(#3579,#3589,#3597,#3605));
#3579 = ORIENTED_EDGE('',*,*,#3580,.F.);
#3580 = EDGE_CURVE('',#3581,#3583,#3585,.T.);
#3581 = VERTEX_POINT('',#3582);
#3582 = CARTESIAN_POINT('',(-35.4,18.85,0.8));
#3583 = VERTEX_POINT('',#3584);
#3584 = CARTESIAN_POINT('',(-35.4,18.85,-0.8));
#3585 = LINE('',#3586,#3587);
#3586 = CARTESIAN_POINT('',(-35.4,18.85,0.8));
#3587 = VECTOR('',#3588,1.);
#3588 = DIRECTION('',(0.,0.,-1.));
#3589 = ORIENTED_EDGE('',*,*,#3590,.T.);
#3590 = EDGE_CURVE('',#3581,#3591,#3593,.T.);
#3591 = VERTEX_POINT('',#3592);
#3592 = CARTESIAN_POINT('',(-35.4,-18.85,0.8));
#3593 = LINE('',#3594,#3595);
#3594 = CARTESIAN_POINT('',(-35.4,18.85,0.8));
#3595 = VECTOR('',#3596,1.);
#3596 = DIRECTION('',(0.,-1.,0.));
#3597 = ORIENTED_EDGE('',*,*,#3598,.T.);
#3598 = EDGE_CURVE('',#3591,#3599,#3601,.T.);
#3599 = VERTEX_POINT('',#3600);
#3600 = CARTESIAN_POINT('',(-35.4,-18.85,-0.8));
#3601 = LINE('',#3602,#3603);
#3602 = CARTESIAN_POINT('',(-35.4,-18.85,0.8));
#3603 = VECTOR('',#3604,1.);
#3604 = DIRECTION('',(0.,0.,-1.));
#3605 = ORIENTED_EDGE('',*,*,#3606,.F.);
#3606 = EDGE_CURVE('',#3583,#3599,#3607,.T.);
#3607 = LINE('',#3608,#3609);
#3608 = CARTESIAN_POINT('',(-35.4,18.85,-0.8));
#3609 = VECTOR('',#3610,1.);
#3610 = DIRECTION('',(0.,-1.,0.));
#3611 = PLANE('',#3612);
#3612 = AXIS2_PLACEMENT_3D('',#3613,#3614,#3615);
#3613 = CARTESIAN_POINT('',(-35.4,21.65,-0.8));
#3614 = DIRECTION('',(-1.,0.,0.));
#3615 = DIRECTION('',(0.,-1.,0.));
#3616 = ( GEOMETRIC_REPRESENTATION_CONTEXT(3) 
GLOBAL_UNCERTAINTY_ASSIGNED_CONTEXT((#3620)) 
GLOBAL_UNIT_ASSIGNED_CONTEXT((#3617,#3618,#3619)) REPRESENTATION_CONTEXT
('Context #1','3D Context with UNIT and UNCERTAINTY') );
#3617 = ( LENGTH_UNIT() NAMED_UNIT(*) SI_UNIT(.MILLI.,.METRE.) );
#3618 = ( NAMED_UNIT(*) PLANE_ANGLE_UNIT() SI_UNIT($,.RADIAN.) );
#3619 = ( NAMED_UNIT(*) SI_UNIT($,.STERADIAN.) SOLID_ANGLE_UNIT() );
#3620 = UNCERTAINTY_MEASURE_WITH_UNIT(LENGTH_MEASURE(1.E-07),#3617,
  'distance_accuracy_value','confusion accuracy');
#3621 = CONTEXT_DEPENDENT_SHAPE_REPRESENTATION(#3622,#3624);
#3622 = ( REPRESENTATION_RELATIONSHIP('','',#3573,#10) 
REPRESENTATION_RELATIONSHIP_WITH_TRANSFORMATION(#3623) 
SHAPE_REPRESENTATION_RELATIONSHIP() );
#3623 = ITEM_DEFINED_TRANSFORMATION('','',#11,#195);
#3624 = PRODUCT_DEFINITION_SHAPE('Placement','Placement of an item',
  #3625);
#3625 = NEXT_ASSEMBLY_USAGE_OCCURRENCE('46','Face045','',#5,#3568,$);
#3626 = PRODUCT_RELATED_PRODUCT_CATEGORY('part',$,(#3570));
#3627 = SHAPE_DEFINITION_REPRESENTATION(#3628,#3634);
#3628 = PRODUCT_DEFINITION_SHAPE('','',#3629);
#3629 = PRODUCT_DEFINITION('design','',#3630,#3633);
#3630 = PRODUCT_DEFINITION_FORMATION('','',#3631);
#3631 = PRODUCT('Face046','Face046','',(#3632));
#3632 = PRODUCT_CONTEXT('',#2,'mechanical');
#3633 = PRODUCT_DEFINITION_CONTEXT('part definition',#2,'design');
#3634 = MANIFOLD_SURFACE_SHAPE_REPRESENTATION('',(#11,#3635),#3679);
#3635 = SHELL_BASED_SURFACE_MODEL('',(#3636));
#3636 = OPEN_SHELL('',(#3637));
#3637 = ADVANCED_FACE('',(#3638),#3674,.F.);
#3638 = FACE_BOUND('',#3639,.F.);
#3639 = EDGE_LOOP('',(#3640,#3651,#3659,#3668));
#3640 = ORIENTED_EDGE('',*,*,#3641,.T.);
#3641 = EDGE_CURVE('',#3642,#3644,#3646,.T.);
#3642 = VERTEX_POINT('',#3643);
#3643 = CARTESIAN_POINT('',(31.88,19.02,0.8));
#3644 = VERTEX_POINT('',#3645);
#3645 = CARTESIAN_POINT('',(33.58,19.02,0.8));
#3646 = CIRCLE('',#3647,0.85);
#3647 = AXIS2_PLACEMENT_3D('',#3648,#3649,#3650);
#3648 = CARTESIAN_POINT('',(32.73,19.02,0.8));
#3649 = DIRECTION('',(0.,0.,-1.));
#3650 = DIRECTION('',(-1.,0.,0.));
#3651 = ORIENTED_EDGE('',*,*,#3652,.F.);
#3652 = EDGE_CURVE('',#3653,#3644,#3655,.T.);
#3653 = VERTEX_POINT('',#3654);
#3654 = CARTESIAN_POINT('',(33.58,19.02,-6.8));
#3655 = LINE('',#3656,#3657);
#3656 = CARTESIAN_POINT('',(33.58,19.02,-6.8));
#3657 = VECTOR('',#3658,1.);
#3658 = DIRECTION('',(0.,0.,1.));
#3659 = ORIENTED_EDGE('',*,*,#3660,.F.);
#3660 = EDGE_CURVE('',#3661,#3653,#3663,.T.);
#3661 = VERTEX_POINT('',#3662);
#3662 = CARTESIAN_POINT('',(31.88,19.02,-6.8));
#3663 = CIRCLE('',#3664,0.85);
#3664 = AXIS2_PLACEMENT_3D('',#3665,#3666,#3667);
#3665 = CARTESIAN_POINT('',(32.73,19.02,-6.8));
#3666 = DIRECTION('',(0.,0.,-1.));
#3667 = DIRECTION('',(-1.,0.,0.));
#3668 = ORIENTED_EDGE('',*,*,#3669,.T.);
#3669 = EDGE_CURVE('',#3661,#3642,#3670,.T.);
#3670 = LINE('',#3671,#3672);
#3671 = CARTESIAN_POINT('',(31.88,19.02,-6.8));
#3672 = VECTOR('',#3673,1.);
#3673 = DIRECTION('',(0.,0.,1.));
#3674 = CYLINDRICAL_SURFACE('',#3675,0.85);
#3675 = AXIS2_PLACEMENT_3D('',#3676,#3677,#3678);
#3676 = CARTESIAN_POINT('',(32.73,19.02,-6.8));
#3677 = DIRECTION('',(0.,0.,-1.));
#3678 = DIRECTION('',(-1.,0.,0.));
#3679 = ( GEOMETRIC_REPRESENTATION_CONTEXT(3) 
GLOBAL_UNCERTAINTY_ASSIGNED_CONTEXT((#3683)) 
GLOBAL_UNIT_ASSIGNED_CONTEXT((#3680,#3681,#3682)) REPRESENTATION_CONTEXT
('Context #1','3D Context with UNIT and UNCERTAINTY') );
#3680 = ( LENGTH_UNIT() NAMED_UNIT(*) SI_UNIT(.MILLI.,.METRE.) );
#3681 = ( NAMED_UNIT(*) PLANE_ANGLE_UNIT() SI_UNIT($,.RADIAN.) );
#3682 = ( NAMED_UNIT(*) SI_UNIT($,.STERADIAN.) SOLID_ANGLE_UNIT() );
#3683 = UNCERTAINTY_MEASURE_WITH_UNIT(LENGTH_MEASURE(1.E-07),#3680,
  'distance_accuracy_value','confusion accuracy');
#3684 = CONTEXT_DEPENDENT_SHAPE_REPRESENTATION(#3685,#3687);
#3685 = ( REPRESENTATION_RELATIONSHIP('','',#3634,#10) 
REPRESENTATION_RELATIONSHIP_WITH_TRANSFORMATION(#3686) 
SHAPE_REPRESENTATION_RELATIONSHIP() );
#3686 = ITEM_DEFINED_TRANSFORMATION('','',#11,#199);
#3687 = PRODUCT_DEFINITION_SHAPE('Placement','Placement of an item',
  #3688);
#3688 = NEXT_ASSEMBLY_USAGE_OCCURRENCE('47','Face046','',#5,#3629,$);
#3689 = PRODUCT_RELATED_PRODUCT_CATEGORY('part',$,(#3631));
#3690 = SHAPE_DEFINITION_REPRESENTATION(#3691,#3697);
#3691 = PRODUCT_DEFINITION_SHAPE('','',#3692);
#3692 = PRODUCT_DEFINITION('design','',#3693,#3696);
#3693 = PRODUCT_DEFINITION_FORMATION('','',#3694);
#3694 = PRODUCT('Face047','Face047','',(#3695));
#3695 = PRODUCT_CONTEXT('',#2,'mechanical');
#3696 = PRODUCT_DEFINITION_CONTEXT('part definition',#2,'design');
#3697 = MANIFOLD_SURFACE_SHAPE_REPRESENTATION('',(#11,#3698),#3742);
#3698 = SHELL_BASED_SURFACE_MODEL('',(#3699));
#3699 = OPEN_SHELL('',(#3700));
#3700 = ADVANCED_FACE('',(#3701),#3737,.F.);
#3701 = FACE_BOUND('',#3702,.F.);
#3702 = EDGE_LOOP('',(#3703,#3714,#3722,#3731));
#3703 = ORIENTED_EDGE('',*,*,#3704,.T.);
#3704 = EDGE_CURVE('',#3705,#3707,#3709,.T.);
#3705 = VERTEX_POINT('',#3706);
#3706 = CARTESIAN_POINT('',(33.58,19.02,0.8));
#3707 = VERTEX_POINT('',#3708);
#3708 = CARTESIAN_POINT('',(31.88,19.02,0.8));
#3709 = CIRCLE('',#3710,0.85);
#3710 = AXIS2_PLACEMENT_3D('',#3711,#3712,#3713);
#3711 = CARTESIAN_POINT('',(32.73,19.02,0.8));
#3712 = DIRECTION('',(0.,0.,-1.));
#3713 = DIRECTION('',(1.,0.,0.));
#3714 = ORIENTED_EDGE('',*,*,#3715,.F.);
#3715 = EDGE_CURVE('',#3716,#3707,#3718,.T.);
#3716 = VERTEX_POINT('',#3717);
#3717 = CARTESIAN_POINT('',(31.88,19.02,-6.8));
#3718 = LINE('',#3719,#3720);
#3719 = CARTESIAN_POINT('',(31.88,19.02,-6.8));
#3720 = VECTOR('',#3721,1.);
#3721 = DIRECTION('',(0.,0.,1.));
#3722 = ORIENTED_EDGE('',*,*,#3723,.F.);
#3723 = EDGE_CURVE('',#3724,#3716,#3726,.T.);
#3724 = VERTEX_POINT('',#3725);
#3725 = CARTESIAN_POINT('',(33.58,19.02,-6.8));
#3726 = CIRCLE('',#3727,0.85);
#3727 = AXIS2_PLACEMENT_3D('',#3728,#3729,#3730);
#3728 = CARTESIAN_POINT('',(32.73,19.02,-6.8));
#3729 = DIRECTION('',(0.,0.,-1.));
#3730 = DIRECTION('',(1.,0.,0.));
#3731 = ORIENTED_EDGE('',*,*,#3732,.T.);
#3732 = EDGE_CURVE('',#3724,#3705,#3733,.T.);
#3733 = LINE('',#3734,#3735);
#3734 = CARTESIAN_POINT('',(33.58,19.02,-6.8));
#3735 = VECTOR('',#3736,1.);
#3736 = DIRECTION('',(0.,0.,1.));
#3737 = CYLINDRICAL_SURFACE('',#3738,0.85);
#3738 = AXIS2_PLACEMENT_3D('',#3739,#3740,#3741);
#3739 = CARTESIAN_POINT('',(32.73,19.02,-6.8));
#3740 = DIRECTION('',(0.,0.,-1.));
#3741 = DIRECTION('',(-1.,0.,0.));
#3742 = ( GEOMETRIC_REPRESENTATION_CONTEXT(3) 
GLOBAL_UNCERTAINTY_ASSIGNED_CONTEXT((#3746)) 
GLOBAL_UNIT_ASSIGNED_CONTEXT((#3743,#3744,#3745)) REPRESENTATION_CONTEXT
('Context #1','3D Context with UNIT and UNCERTAINTY') );
#3743 = ( LENGTH_UNIT() NAMED_UNIT(*) SI_UNIT(.MILLI.,.METRE.) );
#3744 = ( NAMED_UNIT(*) PLANE_ANGLE_UNIT() SI_UNIT($,.RADIAN.) );
#3745 = ( NAMED_UNIT(*) SI_UNIT($,.STERADIAN.) SOLID_ANGLE_UNIT() );
#3746 = UNCERTAINTY_MEASURE_WITH_UNIT(LENGTH_MEASURE(1.E-07),#3743,
  'distance_accuracy_value','confusion accuracy');
#3747 = CONTEXT_DEPENDENT_SHAPE_REPRESENTATION(#3748,#3750);
#3748 = ( REPRESENTATION_RELATIONSHIP('','',#3697,#10) 
REPRESENTATION_RELATIONSHIP_WITH_TRANSFORMATION(#3749) 
SHAPE_REPRESENTATION_RELATIONSHIP() );
#3749 = ITEM_DEFINED_TRANSFORMATION('','',#11,#203);
#3750 = PRODUCT_DEFINITION_SHAPE('Placement','Placement of an item',
  #3751);
#3751 = NEXT_ASSEMBLY_USAGE_OCCURRENCE('48','Face047','',#5,#3692,$);
#3752 = PRODUCT_RELATED_PRODUCT_CATEGORY('part',$,(#3694));
#3753 = SHAPE_DEFINITION_REPRESENTATION(#3754,#3760);
#3754 = PRODUCT_DEFINITION_SHAPE('','',#3755);
#3755 = PRODUCT_DEFINITION('design','',#3756,#3759);
#3756 = PRODUCT_DEFINITION_FORMATION('','',#3757);
#3757 = PRODUCT('Face048','Face048','',(#3758));
#3758 = PRODUCT_CONTEXT('',#2,'mechanical');
#3759 = PRODUCT_DEFINITION_CONTEXT('part definition',#2,'design');
#3760 = MANIFOLD_SURFACE_SHAPE_REPRESENTATION('',(#11,#3761),#3805);
#3761 = SHELL_BASED_SURFACE_MODEL('',(#3762));
#3762 = OPEN_SHELL('',(#3763));
#3763 = ADVANCED_FACE('',(#3764),#3800,.F.);
#3764 = FACE_BOUND('',#3765,.F.);
#3765 = EDGE_LOOP('',(#3766,#3777,#3785,#3794));
#3766 = ORIENTED_EDGE('',*,*,#3767,.T.);
#3767 = EDGE_CURVE('',#3768,#3770,#3772,.T.);
#3768 = VERTEX_POINT('',#3769);
#3769 = CARTESIAN_POINT('',(-31.88,-19.02,0.8));
#3770 = VERTEX_POINT('',#3771);
#3771 = CARTESIAN_POINT('',(-33.58,-19.02,0.8));
#3772 = CIRCLE('',#3773,0.85);
#3773 = AXIS2_PLACEMENT_3D('',#3774,#3775,#3776);
#3774 = CARTESIAN_POINT('',(-32.73,-19.02,0.8));
#3775 = DIRECTION('',(0.,0.,-1.));
#3776 = DIRECTION('',(1.,0.,0.));
#3777 = ORIENTED_EDGE('',*,*,#3778,.F.);
#3778 = EDGE_CURVE('',#3779,#3770,#3781,.T.);
#3779 = VERTEX_POINT('',#3780);
#3780 = CARTESIAN_POINT('',(-33.58,-19.02,-6.8));
#3781 = LINE('',#3782,#3783);
#3782 = CARTESIAN_POINT('',(-33.58,-19.02,-6.8));
#3783 = VECTOR('',#3784,1.);
#3784 = DIRECTION('',(0.,0.,1.));
#3785 = ORIENTED_EDGE('',*,*,#3786,.F.);
#3786 = EDGE_CURVE('',#3787,#3779,#3789,.T.);
#3787 = VERTEX_POINT('',#3788);
#3788 = CARTESIAN_POINT('',(-31.88,-19.02,-6.8));
#3789 = CIRCLE('',#3790,0.85);
#3790 = AXIS2_PLACEMENT_3D('',#3791,#3792,#3793);
#3791 = CARTESIAN_POINT('',(-32.73,-19.02,-6.8));
#3792 = DIRECTION('',(0.,0.,-1.));
#3793 = DIRECTION('',(1.,0.,0.));
#3794 = ORIENTED_EDGE('',*,*,#3795,.T.);
#3795 = EDGE_CURVE('',#3787,#3768,#3796,.T.);
#3796 = LINE('',#3797,#3798);
#3797 = CARTESIAN_POINT('',(-31.88,-19.02,-6.8));
#3798 = VECTOR('',#3799,1.);
#3799 = DIRECTION('',(0.,0.,1.));
#3800 = CYLINDRICAL_SURFACE('',#3801,0.85);
#3801 = AXIS2_PLACEMENT_3D('',#3802,#3803,#3804);
#3802 = CARTESIAN_POINT('',(-32.73,-19.02,-6.8));
#3803 = DIRECTION('',(0.,0.,-1.));
#3804 = DIRECTION('',(-1.,0.,0.));
#3805 = ( GEOMETRIC_REPRESENTATION_CONTEXT(3) 
GLOBAL_UNCERTAINTY_ASSIGNED_CONTEXT((#3809)) 
GLOBAL_UNIT_ASSIGNED_CONTEXT((#3806,#3807,#3808)) REPRESENTATION_CONTEXT
('Context #1','3D Context with UNIT and UNCERTAINTY') );
#3806 = ( LENGTH_UNIT() NAMED_UNIT(*) SI_UNIT(.MILLI.,.METRE.) );
#3807 = ( NAMED_UNIT(*) PLANE_ANGLE_UNIT() SI_UNIT($,.RADIAN.) );
#3808 = ( NAMED_UNIT(*) SI_UNIT($,.STERADIAN.) SOLID_ANGLE_UNIT() );
#3809 = UNCERTAINTY_MEASURE_WITH_UNIT(LENGTH_MEASURE(1.E-07),#3806,
  'distance_accuracy_value','confusion accuracy');
#3810 = CONTEXT_DEPENDENT_SHAPE_REPRESENTATION(#3811,#3813);
#3811 = ( REPRESENTATION_RELATIONSHIP('','',#3760,#10) 
REPRESENTATION_RELATIONSHIP_WITH_TRANSFORMATION(#3812) 
SHAPE_REPRESENTATION_RELATIONSHIP() );
#3812 = ITEM_DEFINED_TRANSFORMATION('','',#11,#207);
#3813 = PRODUCT_DEFINITION_SHAPE('Placement','Placement of an item',
  #3814);
#3814 = NEXT_ASSEMBLY_USAGE_OCCURRENCE('49','Face048','',#5,#3755,$);
#3815 = PRODUCT_RELATED_PRODUCT_CATEGORY('part',$,(#3757));
#3816 = SHAPE_DEFINITION_REPRESENTATION(#3817,#3823);
#3817 = PRODUCT_DEFINITION_SHAPE('','',#3818);
#3818 = PRODUCT_DEFINITION('design','',#3819,#3822);
#3819 = PRODUCT_DEFINITION_FORMATION('','',#3820);
#3820 = PRODUCT('Face049','Face049','',(#3821));
#3821 = PRODUCT_CONTEXT('',#2,'mechanical');
#3822 = PRODUCT_DEFINITION_CONTEXT('part definition',#2,'design');
#3823 = MANIFOLD_SURFACE_SHAPE_REPRESENTATION('',(#11,#3824),#3868);
#3824 = SHELL_BASED_SURFACE_MODEL('',(#3825));
#3825 = OPEN_SHELL('',(#3826));
#3826 = ADVANCED_FACE('',(#3827),#3863,.F.);
#3827 = FACE_BOUND('',#3828,.F.);
#3828 = EDGE_LOOP('',(#3829,#3840,#3848,#3857));
#3829 = ORIENTED_EDGE('',*,*,#3830,.T.);
#3830 = EDGE_CURVE('',#3831,#3833,#3835,.T.);
#3831 = VERTEX_POINT('',#3832);
#3832 = CARTESIAN_POINT('',(-33.58,19.02,0.8));
#3833 = VERTEX_POINT('',#3834);
#3834 = CARTESIAN_POINT('',(-31.88,19.02,0.8));
#3835 = CIRCLE('',#3836,0.85);
#3836 = AXIS2_PLACEMENT_3D('',#3837,#3838,#3839);
#3837 = CARTESIAN_POINT('',(-32.73,19.02,0.8));
#3838 = DIRECTION('',(0.,0.,-1.));
#3839 = DIRECTION('',(-1.,0.,0.));
#3840 = ORIENTED_EDGE('',*,*,#3841,.F.);
#3841 = EDGE_CURVE('',#3842,#3833,#3844,.T.);
#3842 = VERTEX_POINT('',#3843);
#3843 = CARTESIAN_POINT('',(-31.88,19.02,-6.8));
#3844 = LINE('',#3845,#3846);
#3845 = CARTESIAN_POINT('',(-31.88,19.02,-6.8));
#3846 = VECTOR('',#3847,1.);
#3847 = DIRECTION('',(0.,0.,1.));
#3848 = ORIENTED_EDGE('',*,*,#3849,.F.);
#3849 = EDGE_CURVE('',#3850,#3842,#3852,.T.);
#3850 = VERTEX_POINT('',#3851);
#3851 = CARTESIAN_POINT('',(-33.58,19.02,-6.8));
#3852 = CIRCLE('',#3853,0.85);
#3853 = AXIS2_PLACEMENT_3D('',#3854,#3855,#3856);
#3854 = CARTESIAN_POINT('',(-32.73,19.02,-6.8));
#3855 = DIRECTION('',(0.,0.,-1.));
#3856 = DIRECTION('',(-1.,0.,0.));
#3857 = ORIENTED_EDGE('',*,*,#3858,.T.);
#3858 = EDGE_CURVE('',#3850,#3831,#3859,.T.);
#3859 = LINE('',#3860,#3861);
#3860 = CARTESIAN_POINT('',(-33.58,19.02,-6.8));
#3861 = VECTOR('',#3862,1.);
#3862 = DIRECTION('',(0.,0.,1.));
#3863 = CYLINDRICAL_SURFACE('',#3864,0.85);
#3864 = AXIS2_PLACEMENT_3D('',#3865,#3866,#3867);
#3865 = CARTESIAN_POINT('',(-32.73,19.02,-6.8));
#3866 = DIRECTION('',(0.,0.,-1.));
#3867 = DIRECTION('',(-1.,0.,0.));
#3868 = ( GEOMETRIC_REPRESENTATION_CONTEXT(3) 
GLOBAL_UNCERTAINTY_ASSIGNED_CONTEXT((#3872)) 
GLOBAL_UNIT_ASSIGNED_CONTEXT((#3869,#3870,#3871)) REPRESENTATION_CONTEXT
('Context #1','3D Context with UNIT and UNCERTAINTY') );
#3869 = ( LENGTH_UNIT() NAMED_UNIT(*) SI_UNIT(.MILLI.,.METRE.) );
#3870 = ( NAMED_UNIT(*) PLANE_ANGLE_UNIT() SI_UNIT($,.RADIAN.) );
#3871 = ( NAMED_UNIT(*) SI_UNIT($,.STERADIAN.) SOLID_ANGLE_UNIT() );
#3872 = UNCERTAINTY_MEASURE_WITH_UNIT(LENGTH_MEASURE(1.E-07),#3869,
  'distance_accuracy_value','confusion accuracy');
#3873 = CONTEXT_DEPENDENT_SHAPE_REPRESENTATION(#3874,#3876);
#3874 = ( REPRESENTATION_RELATIONSHIP('','',#3823,#10) 
REPRESENTATION_RELATIONSHIP_WITH_TRANSFORMATION(#3875) 
SHAPE_REPRESENTATION_RELATIONSHIP() );
#3875 = ITEM_DEFINED_TRANSFORMATION('','',#11,#211);
#3876 = PRODUCT_DEFINITION_SHAPE('Placement','Placement of an item',
  #3877);
#3877 = NEXT_ASSEMBLY_USAGE_OCCURRENCE('50','Face049','',#5,#3818,$);
#3878 = PRODUCT_RELATED_PRODUCT_CATEGORY('part',$,(#3820));
#3879 = SHAPE_DEFINITION_REPRESENTATION(#3880,#3886);
#3880 = PRODUCT_DEFINITION_SHAPE('','',#3881);
#3881 = PRODUCT_DEFINITION('design','',#3882,#3885);
#3882 = PRODUCT_DEFINITION_FORMATION('','',#3883);
#3883 = PRODUCT('Face050','Face050','',(#3884));
#3884 = PRODUCT_CONTEXT('',#2,'mechanical');
#3885 = PRODUCT_DEFINITION_CONTEXT('part definition',#2,'design');
#3886 = MANIFOLD_SURFACE_SHAPE_REPRESENTATION('',(#11,#3887),#3931);
#3887 = SHELL_BASED_SURFACE_MODEL('',(#3888));
#3888 = OPEN_SHELL('',(#3889));
#3889 = ADVANCED_FACE('',(#3890),#3926,.F.);
#3890 = FACE_BOUND('',#3891,.F.);
#3891 = EDGE_LOOP('',(#3892,#3903,#3911,#3920));
#3892 = ORIENTED_EDGE('',*,*,#3893,.T.);
#3893 = EDGE_CURVE('',#3894,#3896,#3898,.T.);
#3894 = VERTEX_POINT('',#3895);
#3895 = CARTESIAN_POINT('',(-31.88,19.02,0.8));
#3896 = VERTEX_POINT('',#3897);
#3897 = CARTESIAN_POINT('',(-33.58,19.02,0.8));
#3898 = CIRCLE('',#3899,0.85);
#3899 = AXIS2_PLACEMENT_3D('',#3900,#3901,#3902);
#3900 = CARTESIAN_POINT('',(-32.73,19.02,0.8));
#3901 = DIRECTION('',(0.,0.,-1.));
#3902 = DIRECTION('',(1.,0.,0.));
#3903 = ORIENTED_EDGE('',*,*,#3904,.F.);
#3904 = EDGE_CURVE('',#3905,#3896,#3907,.T.);
#3905 = VERTEX_POINT('',#3906);
#3906 = CARTESIAN_POINT('',(-33.58,19.02,-6.8));
#3907 = LINE('',#3908,#3909);
#3908 = CARTESIAN_POINT('',(-33.58,19.02,-6.8));
#3909 = VECTOR('',#3910,1.);
#3910 = DIRECTION('',(0.,0.,1.));
#3911 = ORIENTED_EDGE('',*,*,#3912,.F.);
#3912 = EDGE_CURVE('',#3913,#3905,#3915,.T.);
#3913 = VERTEX_POINT('',#3914);
#3914 = CARTESIAN_POINT('',(-31.88,19.02,-6.8));
#3915 = CIRCLE('',#3916,0.85);
#3916 = AXIS2_PLACEMENT_3D('',#3917,#3918,#3919);
#3917 = CARTESIAN_POINT('',(-32.73,19.02,-6.8));
#3918 = DIRECTION('',(0.,0.,-1.));
#3919 = DIRECTION('',(1.,0.,0.));
#3920 = ORIENTED_EDGE('',*,*,#3921,.T.);
#3921 = EDGE_CURVE('',#3913,#3894,#3922,.T.);
#3922 = LINE('',#3923,#3924);
#3923 = CARTESIAN_POINT('',(-31.88,19.02,-6.8));
#3924 = VECTOR('',#3925,1.);
#3925 = DIRECTION('',(0.,0.,1.));
#3926 = CYLINDRICAL_SURFACE('',#3927,0.85);
#3927 = AXIS2_PLACEMENT_3D('',#3928,#3929,#3930);
#3928 = CARTESIAN_POINT('',(-32.73,19.02,-6.8));
#3929 = DIRECTION('',(0.,0.,-1.));
#3930 = DIRECTION('',(-1.,0.,0.));
#3931 = ( GEOMETRIC_REPRESENTATION_CONTEXT(3) 
GLOBAL_UNCERTAINTY_ASSIGNED_CONTEXT((#3935)) 
GLOBAL_UNIT_ASSIGNED_CONTEXT((#3932,#3933,#3934)) REPRESENTATION_CONTEXT
('Context #1','3D Context with UNIT and UNCERTAINTY') );
#3932 = ( LENGTH_UNIT() NAMED_UNIT(*) SI_UNIT(.MILLI.,.METRE.) );
#3933 = ( NAMED_UNIT(*) PLANE_ANGLE_UNIT() SI_UNIT($,.RADIAN.) );
#3934 = ( NAMED_UNIT(*) SI_UNIT($,.STERADIAN.) SOLID_ANGLE_UNIT() );
#3935 = UNCERTAINTY_MEASURE_WITH_UNIT(LENGTH_MEASURE(1.E-07),#3932,
  'distance_accuracy_value','confusion accuracy');
#3936 = CONTEXT_DEPENDENT_SHAPE_REPRESENTATION(#3937,#3939);
#3937 = ( REPRESENTATION_RELATIONSHIP('','',#3886,#10) 
REPRESENTATION_RELATIONSHIP_WITH_TRANSFORMATION(#3938) 
SHAPE_REPRESENTATION_RELATIONSHIP() );
#3938 = ITEM_DEFINED_TRANSFORMATION('','',#11,#215);
#3939 = PRODUCT_DEFINITION_SHAPE('Placement','Placement of an item',
  #3940);
#3940 = NEXT_ASSEMBLY_USAGE_OCCURRENCE('51','Face050','',#5,#3881,$);
#3941 = PRODUCT_RELATED_PRODUCT_CATEGORY('part',$,(#3883));
#3942 = SHAPE_DEFINITION_REPRESENTATION(#3943,#3949);
#3943 = PRODUCT_DEFINITION_SHAPE('','',#3944);
#3944 = PRODUCT_DEFINITION('design','',#3945,#3948);
#3945 = PRODUCT_DEFINITION_FORMATION('','',#3946);
#3946 = PRODUCT('Face051','Face051','',(#3947));
#3947 = PRODUCT_CONTEXT('',#2,'mechanical');
#3948 = PRODUCT_DEFINITION_CONTEXT('part definition',#2,'design');
#3949 = MANIFOLD_SURFACE_SHAPE_REPRESENTATION('',(#11,#3950),#3992);
#3950 = SHELL_BASED_SURFACE_MODEL('',(#3951));
#3951 = OPEN_SHELL('',(#3952));
#3952 = ADVANCED_FACE('',(#3953),#3987,.F.);
#3953 = FACE_BOUND('',#3954,.F.);
#3954 = EDGE_LOOP('',(#3955,#3965,#3973,#3981));
#3955 = ORIENTED_EDGE('',*,*,#3956,.F.);
#3956 = EDGE_CURVE('',#3957,#3959,#3961,.T.);
#3957 = VERTEX_POINT('',#3958);
#3958 = CARTESIAN_POINT('',(-21.6,18.36,3.7));
#3959 = VERTEX_POINT('',#3960);
#3960 = CARTESIAN_POINT('',(-21.6,-18.36,3.7));
#3961 = LINE('',#3962,#3963);
#3962 = CARTESIAN_POINT('',(-21.6,18.36,3.7));
#3963 = VECTOR('',#3964,1.);
#3964 = DIRECTION('',(0.,-1.,0.));
#3965 = ORIENTED_EDGE('',*,*,#3966,.T.);
#3966 = EDGE_CURVE('',#3957,#3967,#3969,.T.);
#3967 = VERTEX_POINT('',#3968);
#3968 = CARTESIAN_POINT('',(-21.6,18.36,3.68));
#3969 = LINE('',#3970,#3971);
#3970 = CARTESIAN_POINT('',(-21.6,18.36,3.7));
#3971 = VECTOR('',#3972,1.);
#3972 = DIRECTION('',(0.,0.,-1.));
#3973 = ORIENTED_EDGE('',*,*,#3974,.T.);
#3974 = EDGE_CURVE('',#3967,#3975,#3977,.T.);
#3975 = VERTEX_POINT('',#3976);
#3976 = CARTESIAN_POINT('',(-21.6,-18.36,3.68));
#3977 = LINE('',#3978,#3979);
#3978 = CARTESIAN_POINT('',(-21.6,18.36,3.68));
#3979 = VECTOR('',#3980,1.);
#3980 = DIRECTION('',(0.,-1.,0.));
#3981 = ORIENTED_EDGE('',*,*,#3982,.F.);
#3982 = EDGE_CURVE('',#3959,#3975,#3983,.T.);
#3983 = LINE('',#3984,#3985);
#3984 = CARTESIAN_POINT('',(-21.6,-18.36,3.7));
#3985 = VECTOR('',#3986,1.);
#3986 = DIRECTION('',(0.,0.,-1.));
#3987 = PLANE('',#3988);
#3988 = AXIS2_PLACEMENT_3D('',#3989,#3990,#3991);
#3989 = CARTESIAN_POINT('',(-21.6,18.36,3.7));
#3990 = DIRECTION('',(-1.,0.,0.));
#3991 = DIRECTION('',(0.,-1.,0.));
#3992 = ( GEOMETRIC_REPRESENTATION_CONTEXT(3) 
GLOBAL_UNCERTAINTY_ASSIGNED_CONTEXT((#3996)) 
GLOBAL_UNIT_ASSIGNED_CONTEXT((#3993,#3994,#3995)) REPRESENTATION_CONTEXT
('Context #1','3D Context with UNIT and UNCERTAINTY') );
#3993 = ( LENGTH_UNIT() NAMED_UNIT(*) SI_UNIT(.MILLI.,.METRE.) );
#3994 = ( NAMED_UNIT(*) PLANE_ANGLE_UNIT() SI_UNIT($,.RADIAN.) );
#3995 = ( NAMED_UNIT(*) SI_UNIT($,.STERADIAN.) SOLID_ANGLE_UNIT() );
#3996 = UNCERTAINTY_MEASURE_WITH_UNIT(LENGTH_MEASURE(1.E-07),#3993,
  'distance_accuracy_value','confusion accuracy');
#3997 = CONTEXT_DEPENDENT_SHAPE_REPRESENTATION(#3998,#4000);
#3998 = ( REPRESENTATION_RELATIONSHIP('','',#3949,#10) 
REPRESENTATION_RELATIONSHIP_WITH_TRANSFORMATION(#3999) 
SHAPE_REPRESENTATION_RELATIONSHIP() );
#3999 = ITEM_DEFINED_TRANSFORMATION('','',#11,#219);
#4000 = PRODUCT_DEFINITION_SHAPE('Placement','Placement of an item',
  #4001);
#4001 = NEXT_ASSEMBLY_USAGE_OCCURRENCE('52','Face051','',#5,#3944,$);
#4002 = PRODUCT_RELATED_PRODUCT_CATEGORY('part',$,(#3946));
#4003 = SHAPE_DEFINITION_REPRESENTATION(#4004,#4010);
#4004 = PRODUCT_DEFINITION_SHAPE('','',#4005);
#4005 = PRODUCT_DEFINITION('design','',#4006,#4009);
#4006 = PRODUCT_DEFINITION_FORMATION('','',#4007);
#4007 = PRODUCT('Face052','Face052','',(#4008));
#4008 = PRODUCT_CONTEXT('',#2,'mechanical');
#4009 = PRODUCT_DEFINITION_CONTEXT('part definition',#2,'design');
#4010 = MANIFOLD_SURFACE_SHAPE_REPRESENTATION('',(#11,#4011),#4087);
#4011 = SHELL_BASED_SURFACE_MODEL('',(#4012));
#4012 = OPEN_SHELL('',(#4013));
#4013 = ADVANCED_FACE('',(#4014,#4048),#4082,.T.);
#4014 = FACE_BOUND('',#4015,.F.);
#4015 = EDGE_LOOP('',(#4016,#4026,#4034,#4042));
#4016 = ORIENTED_EDGE('',*,*,#4017,.F.);
#4017 = EDGE_CURVE('',#4018,#4020,#4022,.T.);
#4018 = VERTEX_POINT('',#4019);
#4019 = CARTESIAN_POINT('',(-23.8,21.,3.7));
#4020 = VERTEX_POINT('',#4021);
#4021 = CARTESIAN_POINT('',(-23.8,-21.,3.7));
#4022 = LINE('',#4023,#4024);
#4023 = CARTESIAN_POINT('',(-23.8,21.,3.7));
#4024 = VECTOR('',#4025,1.);
#4025 = DIRECTION('',(0.,-1.,0.));
#4026 = ORIENTED_EDGE('',*,*,#4027,.F.);
#4027 = EDGE_CURVE('',#4028,#4018,#4030,.T.);
#4028 = VERTEX_POINT('',#4029);
#4029 = CARTESIAN_POINT('',(30.2,21.,3.7));
#4030 = LINE('',#4031,#4032);
#4031 = CARTESIAN_POINT('',(30.2,21.,3.7));
#4032 = VECTOR('',#4033,1.);
#4033 = DIRECTION('',(-1.,0.,0.));
#4034 = ORIENTED_EDGE('',*,*,#4035,.F.);
#4035 = EDGE_CURVE('',#4036,#4028,#4038,.T.);
#4036 = VERTEX_POINT('',#4037);
#4037 = CARTESIAN_POINT('',(30.2,-21.,3.7));
#4038 = LINE('',#4039,#4040);
#4039 = CARTESIAN_POINT('',(30.2,-21.,3.7));
#4040 = VECTOR('',#4041,1.);
#4041 = DIRECTION('',(0.,1.,0.));
#4042 = ORIENTED_EDGE('',*,*,#4043,.F.);
#4043 = EDGE_CURVE('',#4020,#4036,#4044,.T.);
#4044 = LINE('',#4045,#4046);
#4045 = CARTESIAN_POINT('',(-23.8,-21.,3.7));
#4046 = VECTOR('',#4047,1.);
#4047 = DIRECTION('',(1.,0.,0.));
#4048 = FACE_BOUND('',#4049,.F.);
#4049 = EDGE_LOOP('',(#4050,#4060,#4068,#4076));
#4050 = ORIENTED_EDGE('',*,*,#4051,.T.);
#4051 = EDGE_CURVE('',#4052,#4054,#4056,.T.);
#4052 = VERTEX_POINT('',#4053);
#4053 = CARTESIAN_POINT('',(-21.6,-18.36,3.7));
#4054 = VERTEX_POINT('',#4055);
#4055 = CARTESIAN_POINT('',(27.36,-18.36,3.7));
#4056 = LINE('',#4057,#4058);
#4057 = CARTESIAN_POINT('',(-21.6,-18.36,3.7));
#4058 = VECTOR('',#4059,1.);
#4059 = DIRECTION('',(1.,0.,0.));
#4060 = ORIENTED_EDGE('',*,*,#4061,.T.);
#4061 = EDGE_CURVE('',#4054,#4062,#4064,.T.);
#4062 = VERTEX_POINT('',#4063);
#4063 = CARTESIAN_POINT('',(27.36,18.36,3.7));
#4064 = LINE('',#4065,#4066);
#4065 = CARTESIAN_POINT('',(27.36,-18.36,3.7));
#4066 = VECTOR('',#4067,1.);
#4067 = DIRECTION('',(0.,1.,0.));
#4068 = ORIENTED_EDGE('',*,*,#4069,.F.);
#4069 = EDGE_CURVE('',#4070,#4062,#4072,.T.);
#4070 = VERTEX_POINT('',#4071);
#4071 = CARTESIAN_POINT('',(-21.6,18.36,3.7));
#4072 = LINE('',#4073,#4074);
#4073 = CARTESIAN_POINT('',(-21.6,18.36,3.7));
#4074 = VECTOR('',#4075,1.);
#4075 = DIRECTION('',(1.,0.,0.));
#4076 = ORIENTED_EDGE('',*,*,#4077,.T.);
#4077 = EDGE_CURVE('',#4070,#4052,#4078,.T.);
#4078 = LINE('',#4079,#4080);
#4079 = CARTESIAN_POINT('',(-21.6,18.36,3.7));
#4080 = VECTOR('',#4081,1.);
#4081 = DIRECTION('',(0.,-1.,0.));
#4082 = PLANE('',#4083);
#4083 = AXIS2_PLACEMENT_3D('',#4084,#4085,#4086);
#4084 = CARTESIAN_POINT('',(0.,0.,3.7));
#4085 = DIRECTION('',(0.,0.,1.));
#4086 = DIRECTION('',(-1.,0.,0.));
#4087 = ( GEOMETRIC_REPRESENTATION_CONTEXT(3) 
GLOBAL_UNCERTAINTY_ASSIGNED_CONTEXT((#4091)) 
GLOBAL_UNIT_ASSIGNED_CONTEXT((#4088,#4089,#4090)) REPRESENTATION_CONTEXT
('Context #1','3D Context with UNIT and UNCERTAINTY') );
#4088 = ( LENGTH_UNIT() NAMED_UNIT(*) SI_UNIT(.MILLI.,.METRE.) );
#4089 = ( NAMED_UNIT(*) PLANE_ANGLE_UNIT() SI_UNIT($,.RADIAN.) );
#4090 = ( NAMED_UNIT(*) SI_UNIT($,.STERADIAN.) SOLID_ANGLE_UNIT() );
#4091 = UNCERTAINTY_MEASURE_WITH_UNIT(LENGTH_MEASURE(1.E-07),#4088,
  'distance_accuracy_value','confusion accuracy');
#4092 = CONTEXT_DEPENDENT_SHAPE_REPRESENTATION(#4093,#4095);
#4093 = ( REPRESENTATION_RELATIONSHIP('','',#4010,#10) 
REPRESENTATION_RELATIONSHIP_WITH_TRANSFORMATION(#4094) 
SHAPE_REPRESENTATION_RELATIONSHIP() );
#4094 = ITEM_DEFINED_TRANSFORMATION('','',#11,#223);
#4095 = PRODUCT_DEFINITION_SHAPE('Placement','Placement of an item',
  #4096);
#4096 = NEXT_ASSEMBLY_USAGE_OCCURRENCE('53','Face052','',#5,#4005,$);
#4097 = PRODUCT_RELATED_PRODUCT_CATEGORY('part',$,(#4007));
#4098 = SHAPE_DEFINITION_REPRESENTATION(#4099,#4105);
#4099 = PRODUCT_DEFINITION_SHAPE('','',#4100);
#4100 = PRODUCT_DEFINITION('design','',#4101,#4104);
#4101 = PRODUCT_DEFINITION_FORMATION('','',#4102);
#4102 = PRODUCT('Face053','Face053','',(#4103));
#4103 = PRODUCT_CONTEXT('',#2,'mechanical');
#4104 = PRODUCT_DEFINITION_CONTEXT('part definition',#2,'design');
#4105 = MANIFOLD_SURFACE_SHAPE_REPRESENTATION('',(#11,#4106),#4148);
#4106 = SHELL_BASED_SURFACE_MODEL('',(#4107));
#4107 = OPEN_SHELL('',(#4108));
#4108 = ADVANCED_FACE('',(#4109),#4143,.F.);
#4109 = FACE_BOUND('',#4110,.F.);
#4110 = EDGE_LOOP('',(#4111,#4121,#4129,#4137));
#4111 = ORIENTED_EDGE('',*,*,#4112,.T.);
#4112 = EDGE_CURVE('',#4113,#4115,#4117,.T.);
#4113 = VERTEX_POINT('',#4114);
#4114 = CARTESIAN_POINT('',(-23.8,21.,3.7));
#4115 = VERTEX_POINT('',#4116);
#4116 = CARTESIAN_POINT('',(-23.8,-21.,3.7));
#4117 = LINE('',#4118,#4119);
#4118 = CARTESIAN_POINT('',(-23.8,21.,3.7));
#4119 = VECTOR('',#4120,1.);
#4120 = DIRECTION('',(0.,-1.,0.));
#4121 = ORIENTED_EDGE('',*,*,#4122,.T.);
#4122 = EDGE_CURVE('',#4115,#4123,#4125,.T.);
#4123 = VERTEX_POINT('',#4124);
#4124 = CARTESIAN_POINT('',(-23.8,-21.,3.));
#4125 = LINE('',#4126,#4127);
#4126 = CARTESIAN_POINT('',(-23.8,-21.,3.7));
#4127 = VECTOR('',#4128,1.);
#4128 = DIRECTION('',(0.,0.,-1.));
#4129 = ORIENTED_EDGE('',*,*,#4130,.T.);
#4130 = EDGE_CURVE('',#4123,#4131,#4133,.T.);
#4131 = VERTEX_POINT('',#4132);
#4132 = CARTESIAN_POINT('',(-23.8,21.,3.));
#4133 = LINE('',#4134,#4135);
#4134 = CARTESIAN_POINT('',(-23.8,-21.,3.));
#4135 = VECTOR('',#4136,1.);
#4136 = DIRECTION('',(0.,1.,0.));
#4137 = ORIENTED_EDGE('',*,*,#4138,.F.);
#4138 = EDGE_CURVE('',#4113,#4131,#4139,.T.);
#4139 = LINE('',#4140,#4141);
#4140 = CARTESIAN_POINT('',(-23.8,21.,3.7));
#4141 = VECTOR('',#4142,1.);
#4142 = DIRECTION('',(0.,0.,-1.));
#4143 = PLANE('',#4144);
#4144 = AXIS2_PLACEMENT_3D('',#4145,#4146,#4147);
#4145 = CARTESIAN_POINT('',(-23.8,-29.94299843763,3.7));
#4146 = DIRECTION('',(1.,0.,0.));
#4147 = DIRECTION('',(-0.,1.,0.));
#4148 = ( GEOMETRIC_REPRESENTATION_CONTEXT(3) 
GLOBAL_UNCERTAINTY_ASSIGNED_CONTEXT((#4152)) 
GLOBAL_UNIT_ASSIGNED_CONTEXT((#4149,#4150,#4151)) REPRESENTATION_CONTEXT
('Context #1','3D Context with UNIT and UNCERTAINTY') );
#4149 = ( LENGTH_UNIT() NAMED_UNIT(*) SI_UNIT(.MILLI.,.METRE.) );
#4150 = ( NAMED_UNIT(*) PLANE_ANGLE_UNIT() SI_UNIT($,.RADIAN.) );
#4151 = ( NAMED_UNIT(*) SI_UNIT($,.STERADIAN.) SOLID_ANGLE_UNIT() );
#4152 = UNCERTAINTY_MEASURE_WITH_UNIT(LENGTH_MEASURE(1.E-07),#4149,
  'distance_accuracy_value','confusion accuracy');
#4153 = CONTEXT_DEPENDENT_SHAPE_REPRESENTATION(#4154,#4156);
#4154 = ( REPRESENTATION_RELATIONSHIP('','',#4105,#10) 
REPRESENTATION_RELATIONSHIP_WITH_TRANSFORMATION(#4155) 
SHAPE_REPRESENTATION_RELATIONSHIP() );
#4155 = ITEM_DEFINED_TRANSFORMATION('','',#11,#227);
#4156 = PRODUCT_DEFINITION_SHAPE('Placement','Placement of an item',
  #4157);
#4157 = NEXT_ASSEMBLY_USAGE_OCCURRENCE('54','Face053','',#5,#4100,$);
#4158 = PRODUCT_RELATED_PRODUCT_CATEGORY('part',$,(#4102));
#4159 = SHAPE_DEFINITION_REPRESENTATION(#4160,#4166);
#4160 = PRODUCT_DEFINITION_SHAPE('','',#4161);
#4161 = PRODUCT_DEFINITION('design','',#4162,#4165);
#4162 = PRODUCT_DEFINITION_FORMATION('','',#4163);
#4163 = PRODUCT('Face054','Face054','',(#4164));
#4164 = PRODUCT_CONTEXT('',#2,'mechanical');
#4165 = PRODUCT_DEFINITION_CONTEXT('part definition',#2,'design');
#4166 = MANIFOLD_SURFACE_SHAPE_REPRESENTATION('',(#11,#4167),#4225);
#4167 = SHELL_BASED_SURFACE_MODEL('',(#4168));
#4168 = OPEN_SHELL('',(#4169));
#4169 = ADVANCED_FACE('',(#4170),#4220,.T.);
#4170 = FACE_BOUND('',#4171,.F.);
#4171 = EDGE_LOOP('',(#4172,#4182,#4190,#4198,#4206,#4214));
#4172 = ORIENTED_EDGE('',*,*,#4173,.T.);
#4173 = EDGE_CURVE('',#4174,#4176,#4178,.T.);
#4174 = VERTEX_POINT('',#4175);
#4175 = CARTESIAN_POINT('',(-28.8,-21.,3.));
#4176 = VERTEX_POINT('',#4177);
#4177 = CARTESIAN_POINT('',(-23.8,-21.,3.));
#4178 = LINE('',#4179,#4180);
#4179 = CARTESIAN_POINT('',(-28.8,-21.,3.));
#4180 = VECTOR('',#4181,1.);
#4181 = DIRECTION('',(1.,0.,0.));
#4182 = ORIENTED_EDGE('',*,*,#4183,.F.);
#4183 = EDGE_CURVE('',#4184,#4176,#4186,.T.);
#4184 = VERTEX_POINT('',#4185);
#4185 = CARTESIAN_POINT('',(-23.8,-21.,3.7));
#4186 = LINE('',#4187,#4188);
#4187 = CARTESIAN_POINT('',(-23.8,-21.,3.7));
#4188 = VECTOR('',#4189,1.);
#4189 = DIRECTION('',(0.,0.,-1.));
#4190 = ORIENTED_EDGE('',*,*,#4191,.T.);
#4191 = EDGE_CURVE('',#4184,#4192,#4194,.T.);
#4192 = VERTEX_POINT('',#4193);
#4193 = CARTESIAN_POINT('',(30.2,-21.,3.7));
#4194 = LINE('',#4195,#4196);
#4195 = CARTESIAN_POINT('',(-23.8,-21.,3.7));
#4196 = VECTOR('',#4197,1.);
#4197 = DIRECTION('',(1.,0.,0.));
#4198 = ORIENTED_EDGE('',*,*,#4199,.T.);
#4199 = EDGE_CURVE('',#4192,#4200,#4202,.T.);
#4200 = VERTEX_POINT('',#4201);
#4201 = CARTESIAN_POINT('',(30.2,-21.,1.5));
#4202 = LINE('',#4203,#4204);
#4203 = CARTESIAN_POINT('',(30.2,-21.,3.7));
#4204 = VECTOR('',#4205,1.);
#4205 = DIRECTION('',(0.,0.,-1.));
#4206 = ORIENTED_EDGE('',*,*,#4207,.F.);
#4207 = EDGE_CURVE('',#4208,#4200,#4210,.T.);
#4208 = VERTEX_POINT('',#4209);
#4209 = CARTESIAN_POINT('',(-28.8,-21.,1.5));
#4210 = LINE('',#4211,#4212);
#4211 = CARTESIAN_POINT('',(-28.8,-21.,1.5));
#4212 = VECTOR('',#4213,1.);
#4213 = DIRECTION('',(1.,0.,0.));
#4214 = ORIENTED_EDGE('',*,*,#4215,.F.);
#4215 = EDGE_CURVE('',#4174,#4208,#4216,.T.);
#4216 = LINE('',#4217,#4218);
#4217 = CARTESIAN_POINT('',(-28.8,-21.,3.));
#4218 = VECTOR('',#4219,1.);
#4219 = DIRECTION('',(0.,0.,-1.));
#4220 = PLANE('',#4221);
#4221 = AXIS2_PLACEMENT_3D('',#4222,#4223,#4224);
#4222 = CARTESIAN_POINT('',(-28.8,-21.,3.7));
#4223 = DIRECTION('',(0.,-1.,0.));
#4224 = DIRECTION('',(1.,0.,0.));
#4225 = ( GEOMETRIC_REPRESENTATION_CONTEXT(3) 
GLOBAL_UNCERTAINTY_ASSIGNED_CONTEXT((#4229)) 
GLOBAL_UNIT_ASSIGNED_CONTEXT((#4226,#4227,#4228)) REPRESENTATION_CONTEXT
('Context #1','3D Context with UNIT and UNCERTAINTY') );
#4226 = ( LENGTH_UNIT() NAMED_UNIT(*) SI_UNIT(.MILLI.,.METRE.) );
#4227 = ( NAMED_UNIT(*) PLANE_ANGLE_UNIT() SI_UNIT($,.RADIAN.) );
#4228 = ( NAMED_UNIT(*) SI_UNIT($,.STERADIAN.) SOLID_ANGLE_UNIT() );
#4229 = UNCERTAINTY_MEASURE_WITH_UNIT(LENGTH_MEASURE(1.E-07),#4226,
  'distance_accuracy_value','confusion accuracy');
#4230 = CONTEXT_DEPENDENT_SHAPE_REPRESENTATION(#4231,#4233);
#4231 = ( REPRESENTATION_RELATIONSHIP('','',#4166,#10) 
REPRESENTATION_RELATIONSHIP_WITH_TRANSFORMATION(#4232) 
SHAPE_REPRESENTATION_RELATIONSHIP() );
#4232 = ITEM_DEFINED_TRANSFORMATION('','',#11,#231);
#4233 = PRODUCT_DEFINITION_SHAPE('Placement','Placement of an item',
  #4234);
#4234 = NEXT_ASSEMBLY_USAGE_OCCURRENCE('55','Face054','',#5,#4161,$);
#4235 = PRODUCT_RELATED_PRODUCT_CATEGORY('part',$,(#4163));
#4236 = SHAPE_DEFINITION_REPRESENTATION(#4237,#4243);
#4237 = PRODUCT_DEFINITION_SHAPE('','',#4238);
#4238 = PRODUCT_DEFINITION('design','',#4239,#4242);
#4239 = PRODUCT_DEFINITION_FORMATION('','',#4240);
#4240 = PRODUCT('Face055','Face055','',(#4241));
#4241 = PRODUCT_CONTEXT('',#2,'mechanical');
#4242 = PRODUCT_DEFINITION_CONTEXT('part definition',#2,'design');
#4243 = MANIFOLD_SURFACE_SHAPE_REPRESENTATION('',(#11,#4244),#4286);
#4244 = SHELL_BASED_SURFACE_MODEL('',(#4245));
#4245 = OPEN_SHELL('',(#4246));
#4246 = ADVANCED_FACE('',(#4247),#4281,.T.);
#4247 = FACE_BOUND('',#4248,.F.);
#4248 = EDGE_LOOP('',(#4249,#4259,#4267,#4275));
#4249 = ORIENTED_EDGE('',*,*,#4250,.T.);
#4250 = EDGE_CURVE('',#4251,#4253,#4255,.T.);
#4251 = VERTEX_POINT('',#4252);
#4252 = CARTESIAN_POINT('',(-28.8,21.,3.));
#4253 = VERTEX_POINT('',#4254);
#4254 = CARTESIAN_POINT('',(-23.8,21.,3.));
#4255 = LINE('',#4256,#4257);
#4256 = CARTESIAN_POINT('',(-28.8,21.,3.));
#4257 = VECTOR('',#4258,1.);
#4258 = DIRECTION('',(1.,0.,0.));
#4259 = ORIENTED_EDGE('',*,*,#4260,.F.);
#4260 = EDGE_CURVE('',#4261,#4253,#4263,.T.);
#4261 = VERTEX_POINT('',#4262);
#4262 = CARTESIAN_POINT('',(-23.8,-21.,3.));
#4263 = LINE('',#4264,#4265);
#4264 = CARTESIAN_POINT('',(-23.8,-21.,3.));
#4265 = VECTOR('',#4266,1.);
#4266 = DIRECTION('',(0.,1.,0.));
#4267 = ORIENTED_EDGE('',*,*,#4268,.F.);
#4268 = EDGE_CURVE('',#4269,#4261,#4271,.T.);
#4269 = VERTEX_POINT('',#4270);
#4270 = CARTESIAN_POINT('',(-28.8,-21.,3.));
#4271 = LINE('',#4272,#4273);
#4272 = CARTESIAN_POINT('',(-28.8,-21.,3.));
#4273 = VECTOR('',#4274,1.);
#4274 = DIRECTION('',(1.,0.,0.));
#4275 = ORIENTED_EDGE('',*,*,#4276,.F.);
#4276 = EDGE_CURVE('',#4251,#4269,#4277,.T.);
#4277 = LINE('',#4278,#4279);
#4278 = CARTESIAN_POINT('',(-28.8,21.,3.));
#4279 = VECTOR('',#4280,1.);
#4280 = DIRECTION('',(0.,-1.,0.));
#4281 = PLANE('',#4282);
#4282 = AXIS2_PLACEMENT_3D('',#4283,#4284,#4285);
#4283 = CARTESIAN_POINT('',(0.,0.,3.));
#4284 = DIRECTION('',(0.,0.,1.));
#4285 = DIRECTION('',(-1.,0.,0.));
#4286 = ( GEOMETRIC_REPRESENTATION_CONTEXT(3) 
GLOBAL_UNCERTAINTY_ASSIGNED_CONTEXT((#4290)) 
GLOBAL_UNIT_ASSIGNED_CONTEXT((#4287,#4288,#4289)) REPRESENTATION_CONTEXT
('Context #1','3D Context with UNIT and UNCERTAINTY') );
#4287 = ( LENGTH_UNIT() NAMED_UNIT(*) SI_UNIT(.MILLI.,.METRE.) );
#4288 = ( NAMED_UNIT(*) PLANE_ANGLE_UNIT() SI_UNIT($,.RADIAN.) );
#4289 = ( NAMED_UNIT(*) SI_UNIT($,.STERADIAN.) SOLID_ANGLE_UNIT() );
#4290 = UNCERTAINTY_MEASURE_WITH_UNIT(LENGTH_MEASURE(1.E-07),#4287,
  'distance_accuracy_value','confusion accuracy');
#4291 = CONTEXT_DEPENDENT_SHAPE_REPRESENTATION(#4292,#4294);
#4292 = ( REPRESENTATION_RELATIONSHIP('','',#4243,#10) 
REPRESENTATION_RELATIONSHIP_WITH_TRANSFORMATION(#4293) 
SHAPE_REPRESENTATION_RELATIONSHIP() );
#4293 = ITEM_DEFINED_TRANSFORMATION('','',#11,#235);
#4294 = PRODUCT_DEFINITION_SHAPE('Placement','Placement of an item',
  #4295);
#4295 = NEXT_ASSEMBLY_USAGE_OCCURRENCE('56','Face055','',#5,#4238,$);
#4296 = PRODUCT_RELATED_PRODUCT_CATEGORY('part',$,(#4240));
#4297 = SHAPE_DEFINITION_REPRESENTATION(#4298,#4304);
#4298 = PRODUCT_DEFINITION_SHAPE('','',#4299);
#4299 = PRODUCT_DEFINITION('design','',#4300,#4303);
#4300 = PRODUCT_DEFINITION_FORMATION('','',#4301);
#4301 = PRODUCT('Face056','Face056','',(#4302));
#4302 = PRODUCT_CONTEXT('',#2,'mechanical');
#4303 = PRODUCT_DEFINITION_CONTEXT('part definition',#2,'design');
#4304 = MANIFOLD_SURFACE_SHAPE_REPRESENTATION('',(#11,#4305),#4363);
#4305 = SHELL_BASED_SURFACE_MODEL('',(#4306));
#4306 = OPEN_SHELL('',(#4307));
#4307 = ADVANCED_FACE('',(#4308),#4358,.T.);
#4308 = FACE_BOUND('',#4309,.F.);
#4309 = EDGE_LOOP('',(#4310,#4320,#4328,#4336,#4344,#4352));
#4310 = ORIENTED_EDGE('',*,*,#4311,.F.);
#4311 = EDGE_CURVE('',#4312,#4314,#4316,.T.);
#4312 = VERTEX_POINT('',#4313);
#4313 = CARTESIAN_POINT('',(-28.8,21.,3.));
#4314 = VERTEX_POINT('',#4315);
#4315 = CARTESIAN_POINT('',(-23.8,21.,3.));
#4316 = LINE('',#4317,#4318);
#4317 = CARTESIAN_POINT('',(-28.8,21.,3.));
#4318 = VECTOR('',#4319,1.);
#4319 = DIRECTION('',(1.,0.,0.));
#4320 = ORIENTED_EDGE('',*,*,#4321,.T.);
#4321 = EDGE_CURVE('',#4312,#4322,#4324,.T.);
#4322 = VERTEX_POINT('',#4323);
#4323 = CARTESIAN_POINT('',(-28.8,21.,1.5));
#4324 = LINE('',#4325,#4326);
#4325 = CARTESIAN_POINT('',(-28.8,21.,3.));
#4326 = VECTOR('',#4327,1.);
#4327 = DIRECTION('',(0.,0.,-1.));
#4328 = ORIENTED_EDGE('',*,*,#4329,.F.);
#4329 = EDGE_CURVE('',#4330,#4322,#4332,.T.);
#4330 = VERTEX_POINT('',#4331);
#4331 = CARTESIAN_POINT('',(30.2,21.,1.5));
#4332 = LINE('',#4333,#4334);
#4333 = CARTESIAN_POINT('',(30.2,21.,1.5));
#4334 = VECTOR('',#4335,1.);
#4335 = DIRECTION('',(-1.,0.,0.));
#4336 = ORIENTED_EDGE('',*,*,#4337,.F.);
#4337 = EDGE_CURVE('',#4338,#4330,#4340,.T.);
#4338 = VERTEX_POINT('',#4339);
#4339 = CARTESIAN_POINT('',(30.2,21.,3.7));
#4340 = LINE('',#4341,#4342);
#4341 = CARTESIAN_POINT('',(30.2,21.,3.7));
#4342 = VECTOR('',#4343,1.);
#4343 = DIRECTION('',(0.,0.,-1.));
#4344 = ORIENTED_EDGE('',*,*,#4345,.T.);
#4345 = EDGE_CURVE('',#4338,#4346,#4348,.T.);
#4346 = VERTEX_POINT('',#4347);
#4347 = CARTESIAN_POINT('',(-23.8,21.,3.7));
#4348 = LINE('',#4349,#4350);
#4349 = CARTESIAN_POINT('',(30.2,21.,3.7));
#4350 = VECTOR('',#4351,1.);
#4351 = DIRECTION('',(-1.,0.,0.));
#4352 = ORIENTED_EDGE('',*,*,#4353,.T.);
#4353 = EDGE_CURVE('',#4346,#4314,#4354,.T.);
#4354 = LINE('',#4355,#4356);
#4355 = CARTESIAN_POINT('',(-23.8,21.,3.7));
#4356 = VECTOR('',#4357,1.);
#4357 = DIRECTION('',(0.,0.,-1.));
#4358 = PLANE('',#4359);
#4359 = AXIS2_PLACEMENT_3D('',#4360,#4361,#4362);
#4360 = CARTESIAN_POINT('',(30.2,21.,3.7));
#4361 = DIRECTION('',(0.,1.,0.));
#4362 = DIRECTION('',(-1.,0.,0.));
#4363 = ( GEOMETRIC_REPRESENTATION_CONTEXT(3) 
GLOBAL_UNCERTAINTY_ASSIGNED_CONTEXT((#4367)) 
GLOBAL_UNIT_ASSIGNED_CONTEXT((#4364,#4365,#4366)) REPRESENTATION_CONTEXT
('Context #1','3D Context with UNIT and UNCERTAINTY') );
#4364 = ( LENGTH_UNIT() NAMED_UNIT(*) SI_UNIT(.MILLI.,.METRE.) );
#4365 = ( NAMED_UNIT(*) PLANE_ANGLE_UNIT() SI_UNIT($,.RADIAN.) );
#4366 = ( NAMED_UNIT(*) SI_UNIT($,.STERADIAN.) SOLID_ANGLE_UNIT() );
#4367 = UNCERTAINTY_MEASURE_WITH_UNIT(LENGTH_MEASURE(1.E-07),#4364,
  'distance_accuracy_value','confusion accuracy');
#4368 = CONTEXT_DEPENDENT_SHAPE_REPRESENTATION(#4369,#4371);
#4369 = ( REPRESENTATION_RELATIONSHIP('','',#4304,#10) 
REPRESENTATION_RELATIONSHIP_WITH_TRANSFORMATION(#4370) 
SHAPE_REPRESENTATION_RELATIONSHIP() );
#4370 = ITEM_DEFINED_TRANSFORMATION('','',#11,#239);
#4371 = PRODUCT_DEFINITION_SHAPE('Placement','Placement of an item',
  #4372);
#4372 = NEXT_ASSEMBLY_USAGE_OCCURRENCE('57','Face056','',#5,#4299,$);
#4373 = PRODUCT_RELATED_PRODUCT_CATEGORY('part',$,(#4301));
#4374 = SHAPE_DEFINITION_REPRESENTATION(#4375,#4381);
#4375 = PRODUCT_DEFINITION_SHAPE('','',#4376);
#4376 = PRODUCT_DEFINITION('design','',#4377,#4380);
#4377 = PRODUCT_DEFINITION_FORMATION('','',#4378);
#4378 = PRODUCT('Face057','Face057','',(#4379));
#4379 = PRODUCT_CONTEXT('',#2,'mechanical');
#4380 = PRODUCT_DEFINITION_CONTEXT('part definition',#2,'design');
#4381 = MANIFOLD_SURFACE_SHAPE_REPRESENTATION('',(#11,#4382),#4424);
#4382 = SHELL_BASED_SURFACE_MODEL('',(#4383));
#4383 = OPEN_SHELL('',(#4384));
#4384 = ADVANCED_FACE('',(#4385),#4419,.T.);
#4385 = FACE_BOUND('',#4386,.F.);
#4386 = EDGE_LOOP('',(#4387,#4397,#4405,#4413));
#4387 = ORIENTED_EDGE('',*,*,#4388,.T.);
#4388 = EDGE_CURVE('',#4389,#4391,#4393,.T.);
#4389 = VERTEX_POINT('',#4390);
#4390 = CARTESIAN_POINT('',(-28.8,21.,3.));
#4391 = VERTEX_POINT('',#4392);
#4392 = CARTESIAN_POINT('',(-28.8,-21.,3.));
#4393 = LINE('',#4394,#4395);
#4394 = CARTESIAN_POINT('',(-28.8,21.,3.));
#4395 = VECTOR('',#4396,1.);
#4396 = DIRECTION('',(0.,-1.,0.));
#4397 = ORIENTED_EDGE('',*,*,#4398,.T.);
#4398 = EDGE_CURVE('',#4391,#4399,#4401,.T.);
#4399 = VERTEX_POINT('',#4400);
#4400 = CARTESIAN_POINT('',(-28.8,-21.,1.5));
#4401 = LINE('',#4402,#4403);
#4402 = CARTESIAN_POINT('',(-28.8,-21.,3.));
#4403 = VECTOR('',#4404,1.);
#4404 = DIRECTION('',(0.,0.,-1.));
#4405 = ORIENTED_EDGE('',*,*,#4406,.F.);
#4406 = EDGE_CURVE('',#4407,#4399,#4409,.T.);
#4407 = VERTEX_POINT('',#4408);
#4408 = CARTESIAN_POINT('',(-28.8,21.,1.5));
#4409 = LINE('',#4410,#4411);
#4410 = CARTESIAN_POINT('',(-28.8,21.,1.5));
#4411 = VECTOR('',#4412,1.);
#4412 = DIRECTION('',(0.,-1.,0.));
#4413 = ORIENTED_EDGE('',*,*,#4414,.F.);
#4414 = EDGE_CURVE('',#4389,#4407,#4415,.T.);
#4415 = LINE('',#4416,#4417);
#4416 = CARTESIAN_POINT('',(-28.8,21.,3.));
#4417 = VECTOR('',#4418,1.);
#4418 = DIRECTION('',(0.,0.,-1.));
#4419 = PLANE('',#4420);
#4420 = AXIS2_PLACEMENT_3D('',#4421,#4422,#4423);
#4421 = CARTESIAN_POINT('',(-28.8,21.,3.7));
#4422 = DIRECTION('',(-1.,0.,0.));
#4423 = DIRECTION('',(0.,-1.,0.));
#4424 = ( GEOMETRIC_REPRESENTATION_CONTEXT(3) 
GLOBAL_UNCERTAINTY_ASSIGNED_CONTEXT((#4428)) 
GLOBAL_UNIT_ASSIGNED_CONTEXT((#4425,#4426,#4427)) REPRESENTATION_CONTEXT
('Context #1','3D Context with UNIT and UNCERTAINTY') );
#4425 = ( LENGTH_UNIT() NAMED_UNIT(*) SI_UNIT(.MILLI.,.METRE.) );
#4426 = ( NAMED_UNIT(*) PLANE_ANGLE_UNIT() SI_UNIT($,.RADIAN.) );
#4427 = ( NAMED_UNIT(*) SI_UNIT($,.STERADIAN.) SOLID_ANGLE_UNIT() );
#4428 = UNCERTAINTY_MEASURE_WITH_UNIT(LENGTH_MEASURE(1.E-07),#4425,
  'distance_accuracy_value','confusion accuracy');
#4429 = CONTEXT_DEPENDENT_SHAPE_REPRESENTATION(#4430,#4432);
#4430 = ( REPRESENTATION_RELATIONSHIP('','',#4381,#10) 
REPRESENTATION_RELATIONSHIP_WITH_TRANSFORMATION(#4431) 
SHAPE_REPRESENTATION_RELATIONSHIP() );
#4431 = ITEM_DEFINED_TRANSFORMATION('','',#11,#243);
#4432 = PRODUCT_DEFINITION_SHAPE('Placement','Placement of an item',
  #4433);
#4433 = NEXT_ASSEMBLY_USAGE_OCCURRENCE('58','Face057','',#5,#4376,$);
#4434 = PRODUCT_RELATED_PRODUCT_CATEGORY('part',$,(#4378));
#4435 = SHAPE_DEFINITION_REPRESENTATION(#4436,#4442);
#4436 = PRODUCT_DEFINITION_SHAPE('','',#4437);
#4437 = PRODUCT_DEFINITION('design','',#4438,#4441);
#4438 = PRODUCT_DEFINITION_FORMATION('','',#4439);
#4439 = PRODUCT('Face058','Face058','',(#4440));
#4440 = PRODUCT_CONTEXT('',#2,'mechanical');
#4441 = PRODUCT_DEFINITION_CONTEXT('part definition',#2,'design');
#4442 = MANIFOLD_SURFACE_SHAPE_REPRESENTATION('',(#11,#4443),#4485);
#4443 = SHELL_BASED_SURFACE_MODEL('',(#4444));
#4444 = OPEN_SHELL('',(#4445));
#4445 = ADVANCED_FACE('',(#4446),#4480,.F.);
#4446 = FACE_BOUND('',#4447,.F.);
#4447 = EDGE_LOOP('',(#4448,#4458,#4466,#4474));
#4448 = ORIENTED_EDGE('',*,*,#4449,.T.);
#4449 = EDGE_CURVE('',#4450,#4452,#4454,.T.);
#4450 = VERTEX_POINT('',#4451);
#4451 = CARTESIAN_POINT('',(30.2,-21.,1.5));
#4452 = VERTEX_POINT('',#4453);
#4453 = CARTESIAN_POINT('',(30.2,21.,1.5));
#4454 = LINE('',#4455,#4456);
#4455 = CARTESIAN_POINT('',(30.2,-21.,1.5));
#4456 = VECTOR('',#4457,1.);
#4457 = DIRECTION('',(0.,1.,0.));
#4458 = ORIENTED_EDGE('',*,*,#4459,.T.);
#4459 = EDGE_CURVE('',#4452,#4460,#4462,.T.);
#4460 = VERTEX_POINT('',#4461);
#4461 = CARTESIAN_POINT('',(-28.8,21.,1.5));
#4462 = LINE('',#4463,#4464);
#4463 = CARTESIAN_POINT('',(30.2,21.,1.5));
#4464 = VECTOR('',#4465,1.);
#4465 = DIRECTION('',(-1.,0.,0.));
#4466 = ORIENTED_EDGE('',*,*,#4467,.T.);
#4467 = EDGE_CURVE('',#4460,#4468,#4470,.T.);
#4468 = VERTEX_POINT('',#4469);
#4469 = CARTESIAN_POINT('',(-28.8,-21.,1.5));
#4470 = LINE('',#4471,#4472);
#4471 = CARTESIAN_POINT('',(-28.8,21.,1.5));
#4472 = VECTOR('',#4473,1.);
#4473 = DIRECTION('',(0.,-1.,0.));
#4474 = ORIENTED_EDGE('',*,*,#4475,.T.);
#4475 = EDGE_CURVE('',#4468,#4450,#4476,.T.);
#4476 = LINE('',#4477,#4478);
#4477 = CARTESIAN_POINT('',(-28.8,-21.,1.5));
#4478 = VECTOR('',#4479,1.);
#4479 = DIRECTION('',(1.,0.,0.));
#4480 = PLANE('',#4481);
#4481 = AXIS2_PLACEMENT_3D('',#4482,#4483,#4484);
#4482 = CARTESIAN_POINT('',(0.,0.,1.5));
#4483 = DIRECTION('',(0.,0.,1.));
#4484 = DIRECTION('',(-1.,0.,0.));
#4485 = ( GEOMETRIC_REPRESENTATION_CONTEXT(3) 
GLOBAL_UNCERTAINTY_ASSIGNED_CONTEXT((#4489)) 
GLOBAL_UNIT_ASSIGNED_CONTEXT((#4486,#4487,#4488)) REPRESENTATION_CONTEXT
('Context #1','3D Context with UNIT and UNCERTAINTY') );
#4486 = ( LENGTH_UNIT() NAMED_UNIT(*) SI_UNIT(.MILLI.,.METRE.) );
#4487 = ( NAMED_UNIT(*) PLANE_ANGLE_UNIT() SI_UNIT($,.RADIAN.) );
#4488 = ( NAMED_UNIT(*) SI_UNIT($,.STERADIAN.) SOLID_ANGLE_UNIT() );
#4489 = UNCERTAINTY_MEASURE_WITH_UNIT(LENGTH_MEASURE(1.E-07),#4486,
  'distance_accuracy_value','confusion accuracy');
#4490 = CONTEXT_DEPENDENT_SHAPE_REPRESENTATION(#4491,#4493);
#4491 = ( REPRESENTATION_RELATIONSHIP('','',#4442,#10) 
REPRESENTATION_RELATIONSHIP_WITH_TRANSFORMATION(#4492) 
SHAPE_REPRESENTATION_RELATIONSHIP() );
#4492 = ITEM_DEFINED_TRANSFORMATION('','',#11,#247);
#4493 = PRODUCT_DEFINITION_SHAPE('Placement','Placement of an item',
  #4494);
#4494 = NEXT_ASSEMBLY_USAGE_OCCURRENCE('59','Face058','',#5,#4437,$);
#4495 = PRODUCT_RELATED_PRODUCT_CATEGORY('part',$,(#4439));
#4496 = SHAPE_DEFINITION_REPRESENTATION(#4497,#4503);
#4497 = PRODUCT_DEFINITION_SHAPE('','',#4498);
#4498 = PRODUCT_DEFINITION('design','',#4499,#4502);
#4499 = PRODUCT_DEFINITION_FORMATION('','',#4500);
#4500 = PRODUCT('Face059','Face059','',(#4501));
#4501 = PRODUCT_CONTEXT('',#2,'mechanical');
#4502 = PRODUCT_DEFINITION_CONTEXT('part definition',#2,'design');
#4503 = MANIFOLD_SURFACE_SHAPE_REPRESENTATION('',(#11,#4504),#4546);
#4504 = SHELL_BASED_SURFACE_MODEL('',(#4505));
#4505 = OPEN_SHELL('',(#4506));
#4506 = ADVANCED_FACE('',(#4507),#4541,.T.);
#4507 = FACE_BOUND('',#4508,.F.);
#4508 = EDGE_LOOP('',(#4509,#4519,#4527,#4535));
#4509 = ORIENTED_EDGE('',*,*,#4510,.T.);
#4510 = EDGE_CURVE('',#4511,#4513,#4515,.T.);
#4511 = VERTEX_POINT('',#4512);
#4512 = CARTESIAN_POINT('',(30.2,-21.,3.7));
#4513 = VERTEX_POINT('',#4514);
#4514 = CARTESIAN_POINT('',(30.2,21.,3.7));
#4515 = LINE('',#4516,#4517);
#4516 = CARTESIAN_POINT('',(30.2,-21.,3.7));
#4517 = VECTOR('',#4518,1.);
#4518 = DIRECTION('',(0.,1.,0.));
#4519 = ORIENTED_EDGE('',*,*,#4520,.T.);
#4520 = EDGE_CURVE('',#4513,#4521,#4523,.T.);
#4521 = VERTEX_POINT('',#4522);
#4522 = CARTESIAN_POINT('',(30.2,21.,1.5));
#4523 = LINE('',#4524,#4525);
#4524 = CARTESIAN_POINT('',(30.2,21.,3.7));
#4525 = VECTOR('',#4526,1.);
#4526 = DIRECTION('',(0.,0.,-1.));
#4527 = ORIENTED_EDGE('',*,*,#4528,.F.);
#4528 = EDGE_CURVE('',#4529,#4521,#4531,.T.);
#4529 = VERTEX_POINT('',#4530);
#4530 = CARTESIAN_POINT('',(30.2,-21.,1.5));
#4531 = LINE('',#4532,#4533);
#4532 = CARTESIAN_POINT('',(30.2,-21.,1.5));
#4533 = VECTOR('',#4534,1.);
#4534 = DIRECTION('',(0.,1.,0.));
#4535 = ORIENTED_EDGE('',*,*,#4536,.F.);
#4536 = EDGE_CURVE('',#4511,#4529,#4537,.T.);
#4537 = LINE('',#4538,#4539);
#4538 = CARTESIAN_POINT('',(30.2,-21.,3.7));
#4539 = VECTOR('',#4540,1.);
#4540 = DIRECTION('',(0.,0.,-1.));
#4541 = PLANE('',#4542);
#4542 = AXIS2_PLACEMENT_3D('',#4543,#4544,#4545);
#4543 = CARTESIAN_POINT('',(30.2,-21.,3.7));
#4544 = DIRECTION('',(1.,0.,0.));
#4545 = DIRECTION('',(-0.,1.,0.));
#4546 = ( GEOMETRIC_REPRESENTATION_CONTEXT(3) 
GLOBAL_UNCERTAINTY_ASSIGNED_CONTEXT((#4550)) 
GLOBAL_UNIT_ASSIGNED_CONTEXT((#4547,#4548,#4549)) REPRESENTATION_CONTEXT
('Context #1','3D Context with UNIT and UNCERTAINTY') );
#4547 = ( LENGTH_UNIT() NAMED_UNIT(*) SI_UNIT(.MILLI.,.METRE.) );
#4548 = ( NAMED_UNIT(*) PLANE_ANGLE_UNIT() SI_UNIT($,.RADIAN.) );
#4549 = ( NAMED_UNIT(*) SI_UNIT($,.STERADIAN.) SOLID_ANGLE_UNIT() );
#4550 = UNCERTAINTY_MEASURE_WITH_UNIT(LENGTH_MEASURE(1.E-07),#4547,
  'distance_accuracy_value','confusion accuracy');
#4551 = CONTEXT_DEPENDENT_SHAPE_REPRESENTATION(#4552,#4554);
#4552 = ( REPRESENTATION_RELATIONSHIP('','',#4503,#10) 
REPRESENTATION_RELATIONSHIP_WITH_TRANSFORMATION(#4553) 
SHAPE_REPRESENTATION_RELATIONSHIP() );
#4553 = ITEM_DEFINED_TRANSFORMATION('','',#11,#251);
#4554 = PRODUCT_DEFINITION_SHAPE('Placement','Placement of an item',
  #4555);
#4555 = NEXT_ASSEMBLY_USAGE_OCCURRENCE('60','Face059','',#5,#4498,$);
#4556 = PRODUCT_RELATED_PRODUCT_CATEGORY('part',$,(#4500));
#4557 = SHAPE_DEFINITION_REPRESENTATION(#4558,#4564);
#4558 = PRODUCT_DEFINITION_SHAPE('','',#4559);
#4559 = PRODUCT_DEFINITION('design','',#4560,#4563);
#4560 = PRODUCT_DEFINITION_FORMATION('','',#4561);
#4561 = PRODUCT('Face060','Face060','',(#4562));
#4562 = PRODUCT_CONTEXT('',#2,'mechanical');
#4563 = PRODUCT_DEFINITION_CONTEXT('part definition',#2,'design');
#4564 = MANIFOLD_SURFACE_SHAPE_REPRESENTATION('',(#11,#4565),#4607);
#4565 = SHELL_BASED_SURFACE_MODEL('',(#4566));
#4566 = OPEN_SHELL('',(#4567));
#4567 = ADVANCED_FACE('',(#4568),#4602,.F.);
#4568 = FACE_BOUND('',#4569,.F.);
#4569 = EDGE_LOOP('',(#4570,#4580,#4588,#4596));
#4570 = ORIENTED_EDGE('',*,*,#4571,.F.);
#4571 = EDGE_CURVE('',#4572,#4574,#4576,.T.);
#4572 = VERTEX_POINT('',#4573);
#4573 = CARTESIAN_POINT('',(-21.6,-18.36,3.7));
#4574 = VERTEX_POINT('',#4575);
#4575 = CARTESIAN_POINT('',(27.36,-18.36,3.7));
#4576 = LINE('',#4577,#4578);
#4577 = CARTESIAN_POINT('',(-21.6,-18.36,3.7));
#4578 = VECTOR('',#4579,1.);
#4579 = DIRECTION('',(1.,0.,0.));
#4580 = ORIENTED_EDGE('',*,*,#4581,.T.);
#4581 = EDGE_CURVE('',#4572,#4582,#4584,.T.);
#4582 = VERTEX_POINT('',#4583);
#4583 = CARTESIAN_POINT('',(-21.6,-18.36,3.68));
#4584 = LINE('',#4585,#4586);
#4585 = CARTESIAN_POINT('',(-21.6,-18.36,3.7));
#4586 = VECTOR('',#4587,1.);
#4587 = DIRECTION('',(0.,0.,-1.));
#4588 = ORIENTED_EDGE('',*,*,#4589,.T.);
#4589 = EDGE_CURVE('',#4582,#4590,#4592,.T.);
#4590 = VERTEX_POINT('',#4591);
#4591 = CARTESIAN_POINT('',(27.36,-18.36,3.68));
#4592 = LINE('',#4593,#4594);
#4593 = CARTESIAN_POINT('',(-21.6,-18.36,3.68));
#4594 = VECTOR('',#4595,1.);
#4595 = DIRECTION('',(1.,0.,0.));
#4596 = ORIENTED_EDGE('',*,*,#4597,.F.);
#4597 = EDGE_CURVE('',#4574,#4590,#4598,.T.);
#4598 = LINE('',#4599,#4600);
#4599 = CARTESIAN_POINT('',(27.36,-18.36,3.7));
#4600 = VECTOR('',#4601,1.);
#4601 = DIRECTION('',(0.,0.,-1.));
#4602 = PLANE('',#4603);
#4603 = AXIS2_PLACEMENT_3D('',#4604,#4605,#4606);
#4604 = CARTESIAN_POINT('',(-21.6,-18.36,3.7));
#4605 = DIRECTION('',(0.,-1.,0.));
#4606 = DIRECTION('',(1.,0.,0.));
#4607 = ( GEOMETRIC_REPRESENTATION_CONTEXT(3) 
GLOBAL_UNCERTAINTY_ASSIGNED_CONTEXT((#4611)) 
GLOBAL_UNIT_ASSIGNED_CONTEXT((#4608,#4609,#4610)) REPRESENTATION_CONTEXT
('Context #1','3D Context with UNIT and UNCERTAINTY') );
#4608 = ( LENGTH_UNIT() NAMED_UNIT(*) SI_UNIT(.MILLI.,.METRE.) );
#4609 = ( NAMED_UNIT(*) PLANE_ANGLE_UNIT() SI_UNIT($,.RADIAN.) );
#4610 = ( NAMED_UNIT(*) SI_UNIT($,.STERADIAN.) SOLID_ANGLE_UNIT() );
#4611 = UNCERTAINTY_MEASURE_WITH_UNIT(LENGTH_MEASURE(1.E-07),#4608,
  'distance_accuracy_value','confusion accuracy');
#4612 = CONTEXT_DEPENDENT_SHAPE_REPRESENTATION(#4613,#4615);
#4613 = ( REPRESENTATION_RELATIONSHIP('','',#4564,#10) 
REPRESENTATION_RELATIONSHIP_WITH_TRANSFORMATION(#4614) 
SHAPE_REPRESENTATION_RELATIONSHIP() );
#4614 = ITEM_DEFINED_TRANSFORMATION('','',#11,#255);
#4615 = PRODUCT_DEFINITION_SHAPE('Placement','Placement of an item',
  #4616);
#4616 = NEXT_ASSEMBLY_USAGE_OCCURRENCE('61','Face060','',#5,#4559,$);
#4617 = PRODUCT_RELATED_PRODUCT_CATEGORY('part',$,(#4561));
#4618 = SHAPE_DEFINITION_REPRESENTATION(#4619,#4625);
#4619 = PRODUCT_DEFINITION_SHAPE('','',#4620);
#4620 = PRODUCT_DEFINITION('design','',#4621,#4624);
#4621 = PRODUCT_DEFINITION_FORMATION('','',#4622);
#4622 = PRODUCT('Face061','Face061','',(#4623));
#4623 = PRODUCT_CONTEXT('',#2,'mechanical');
#4624 = PRODUCT_DEFINITION_CONTEXT('part definition',#2,'design');
#4625 = MANIFOLD_SURFACE_SHAPE_REPRESENTATION('',(#11,#4626),#4668);
#4626 = SHELL_BASED_SURFACE_MODEL('',(#4627));
#4627 = OPEN_SHELL('',(#4628));
#4628 = ADVANCED_FACE('',(#4629),#4663,.T.);
#4629 = FACE_BOUND('',#4630,.F.);
#4630 = EDGE_LOOP('',(#4631,#4641,#4649,#4657));
#4631 = ORIENTED_EDGE('',*,*,#4632,.F.);
#4632 = EDGE_CURVE('',#4633,#4635,#4637,.T.);
#4633 = VERTEX_POINT('',#4634);
#4634 = CARTESIAN_POINT('',(-21.6,-18.36,3.68));
#4635 = VERTEX_POINT('',#4636);
#4636 = CARTESIAN_POINT('',(27.36,-18.36,3.68));
#4637 = LINE('',#4638,#4639);
#4638 = CARTESIAN_POINT('',(-21.6,-18.36,3.68));
#4639 = VECTOR('',#4640,1.);
#4640 = DIRECTION('',(1.,0.,0.));
#4641 = ORIENTED_EDGE('',*,*,#4642,.F.);
#4642 = EDGE_CURVE('',#4643,#4633,#4645,.T.);
#4643 = VERTEX_POINT('',#4644);
#4644 = CARTESIAN_POINT('',(-21.6,18.36,3.68));
#4645 = LINE('',#4646,#4647);
#4646 = CARTESIAN_POINT('',(-21.6,18.36,3.68));
#4647 = VECTOR('',#4648,1.);
#4648 = DIRECTION('',(0.,-1.,0.));
#4649 = ORIENTED_EDGE('',*,*,#4650,.F.);
#4650 = EDGE_CURVE('',#4651,#4643,#4653,.T.);
#4651 = VERTEX_POINT('',#4652);
#4652 = CARTESIAN_POINT('',(27.36,18.36,3.68));
#4653 = LINE('',#4654,#4655);
#4654 = CARTESIAN_POINT('',(27.36,18.36,3.68));
#4655 = VECTOR('',#4656,1.);
#4656 = DIRECTION('',(-1.,0.,0.));
#4657 = ORIENTED_EDGE('',*,*,#4658,.F.);
#4658 = EDGE_CURVE('',#4635,#4651,#4659,.T.);
#4659 = LINE('',#4660,#4661);
#4660 = CARTESIAN_POINT('',(27.36,-18.36,3.68));
#4661 = VECTOR('',#4662,1.);
#4662 = DIRECTION('',(0.,1.,0.));
#4663 = PLANE('',#4664);
#4664 = AXIS2_PLACEMENT_3D('',#4665,#4666,#4667);
#4665 = CARTESIAN_POINT('',(0.,0.,3.68));
#4666 = DIRECTION('',(0.,0.,1.));
#4667 = DIRECTION('',(-1.,0.,0.));
#4668 = ( GEOMETRIC_REPRESENTATION_CONTEXT(3) 
GLOBAL_UNCERTAINTY_ASSIGNED_CONTEXT((#4672)) 
GLOBAL_UNIT_ASSIGNED_CONTEXT((#4669,#4670,#4671)) REPRESENTATION_CONTEXT
('Context #1','3D Context with UNIT and UNCERTAINTY') );
#4669 = ( LENGTH_UNIT() NAMED_UNIT(*) SI_UNIT(.MILLI.,.METRE.) );
#4670 = ( NAMED_UNIT(*) PLANE_ANGLE_UNIT() SI_UNIT($,.RADIAN.) );
#4671 = ( NAMED_UNIT(*) SI_UNIT($,.STERADIAN.) SOLID_ANGLE_UNIT() );
#4672 = UNCERTAINTY_MEASURE_WITH_UNIT(LENGTH_MEASURE(1.E-07),#4669,
  'distance_accuracy_value','confusion accuracy');
#4673 = CONTEXT_DEPENDENT_SHAPE_REPRESENTATION(#4674,#4676);
#4674 = ( REPRESENTATION_RELATIONSHIP('','',#4625,#10) 
REPRESENTATION_RELATIONSHIP_WITH_TRANSFORMATION(#4675) 
SHAPE_REPRESENTATION_RELATIONSHIP() );
#4675 = ITEM_DEFINED_TRANSFORMATION('','',#11,#259);
#4676 = PRODUCT_DEFINITION_SHAPE('Placement','Placement of an item',
  #4677);
#4677 = NEXT_ASSEMBLY_USAGE_OCCURRENCE('62','Face061','',#5,#4620,$);
#4678 = PRODUCT_RELATED_PRODUCT_CATEGORY('part',$,(#4622));
#4679 = SHAPE_DEFINITION_REPRESENTATION(#4680,#4686);
#4680 = PRODUCT_DEFINITION_SHAPE('','',#4681);
#4681 = PRODUCT_DEFINITION('design','',#4682,#4685);
#4682 = PRODUCT_DEFINITION_FORMATION('','',#4683);
#4683 = PRODUCT('Face062','Face062','',(#4684));
#4684 = PRODUCT_CONTEXT('',#2,'mechanical');
#4685 = PRODUCT_DEFINITION_CONTEXT('part definition',#2,'design');
#4686 = MANIFOLD_SURFACE_SHAPE_REPRESENTATION('',(#11,#4687),#4729);
#4687 = SHELL_BASED_SURFACE_MODEL('',(#4688));
#4688 = OPEN_SHELL('',(#4689));
#4689 = ADVANCED_FACE('',(#4690),#4724,.F.);
#4690 = FACE_BOUND('',#4691,.F.);
#4691 = EDGE_LOOP('',(#4692,#4702,#4710,#4718));
#4692 = ORIENTED_EDGE('',*,*,#4693,.T.);
#4693 = EDGE_CURVE('',#4694,#4696,#4698,.T.);
#4694 = VERTEX_POINT('',#4695);
#4695 = CARTESIAN_POINT('',(-21.6,18.36,3.7));
#4696 = VERTEX_POINT('',#4697);
#4697 = CARTESIAN_POINT('',(27.36,18.36,3.7));
#4698 = LINE('',#4699,#4700);
#4699 = CARTESIAN_POINT('',(-21.6,18.36,3.7));
#4700 = VECTOR('',#4701,1.);
#4701 = DIRECTION('',(1.,0.,0.));
#4702 = ORIENTED_EDGE('',*,*,#4703,.T.);
#4703 = EDGE_CURVE('',#4696,#4704,#4706,.T.);
#4704 = VERTEX_POINT('',#4705);
#4705 = CARTESIAN_POINT('',(27.36,18.36,3.68));
#4706 = LINE('',#4707,#4708);
#4707 = CARTESIAN_POINT('',(27.36,18.36,3.7));
#4708 = VECTOR('',#4709,1.);
#4709 = DIRECTION('',(0.,0.,-1.));
#4710 = ORIENTED_EDGE('',*,*,#4711,.T.);
#4711 = EDGE_CURVE('',#4704,#4712,#4714,.T.);
#4712 = VERTEX_POINT('',#4713);
#4713 = CARTESIAN_POINT('',(-21.6,18.36,3.68));
#4714 = LINE('',#4715,#4716);
#4715 = CARTESIAN_POINT('',(27.36,18.36,3.68));
#4716 = VECTOR('',#4717,1.);
#4717 = DIRECTION('',(-1.,0.,0.));
#4718 = ORIENTED_EDGE('',*,*,#4719,.F.);
#4719 = EDGE_CURVE('',#4694,#4712,#4720,.T.);
#4720 = LINE('',#4721,#4722);
#4721 = CARTESIAN_POINT('',(-21.6,18.36,3.7));
#4722 = VECTOR('',#4723,1.);
#4723 = DIRECTION('',(0.,0.,-1.));
#4724 = PLANE('',#4725);
#4725 = AXIS2_PLACEMENT_3D('',#4726,#4727,#4728);
#4726 = CARTESIAN_POINT('',(27.36,18.36,3.7));
#4727 = DIRECTION('',(0.,1.,0.));
#4728 = DIRECTION('',(-1.,0.,0.));
#4729 = ( GEOMETRIC_REPRESENTATION_CONTEXT(3) 
GLOBAL_UNCERTAINTY_ASSIGNED_CONTEXT((#4733)) 
GLOBAL_UNIT_ASSIGNED_CONTEXT((#4730,#4731,#4732)) REPRESENTATION_CONTEXT
('Context #1','3D Context with UNIT and UNCERTAINTY') );
#4730 = ( LENGTH_UNIT() NAMED_UNIT(*) SI_UNIT(.MILLI.,.METRE.) );
#4731 = ( NAMED_UNIT(*) PLANE_ANGLE_UNIT() SI_UNIT($,.RADIAN.) );
#4732 = ( NAMED_UNIT(*) SI_UNIT($,.STERADIAN.) SOLID_ANGLE_UNIT() );
#4733 = UNCERTAINTY_MEASURE_WITH_UNIT(LENGTH_MEASURE(1.E-07),#4730,
  'distance_accuracy_value','confusion accuracy');
#4734 = CONTEXT_DEPENDENT_SHAPE_REPRESENTATION(#4735,#4737);
#4735 = ( REPRESENTATION_RELATIONSHIP('','',#4686,#10) 
REPRESENTATION_RELATIONSHIP_WITH_TRANSFORMATION(#4736) 
SHAPE_REPRESENTATION_RELATIONSHIP() );
#4736 = ITEM_DEFINED_TRANSFORMATION('','',#11,#263);
#4737 = PRODUCT_DEFINITION_SHAPE('Placement','Placement of an item',
  #4738);
#4738 = NEXT_ASSEMBLY_USAGE_OCCURRENCE('63','Face062','',#5,#4681,$);
#4739 = PRODUCT_RELATED_PRODUCT_CATEGORY('part',$,(#4683));
#4740 = SHAPE_DEFINITION_REPRESENTATION(#4741,#4747);
#4741 = PRODUCT_DEFINITION_SHAPE('','',#4742);
#4742 = PRODUCT_DEFINITION('design','',#4743,#4746);
#4743 = PRODUCT_DEFINITION_FORMATION('','',#4744);
#4744 = PRODUCT('Face063','Face063','',(#4745));
#4745 = PRODUCT_CONTEXT('',#2,'mechanical');
#4746 = PRODUCT_DEFINITION_CONTEXT('part definition',#2,'design');
#4747 = MANIFOLD_SURFACE_SHAPE_REPRESENTATION('',(#11,#4748),#4790);
#4748 = SHELL_BASED_SURFACE_MODEL('',(#4749));
#4749 = OPEN_SHELL('',(#4750));
#4750 = ADVANCED_FACE('',(#4751),#4785,.F.);
#4751 = FACE_BOUND('',#4752,.F.);
#4752 = EDGE_LOOP('',(#4753,#4763,#4771,#4779));
#4753 = ORIENTED_EDGE('',*,*,#4754,.F.);
#4754 = EDGE_CURVE('',#4755,#4757,#4759,.T.);
#4755 = VERTEX_POINT('',#4756);
#4756 = CARTESIAN_POINT('',(27.36,-18.36,3.7));
#4757 = VERTEX_POINT('',#4758);
#4758 = CARTESIAN_POINT('',(27.36,18.36,3.7));
#4759 = LINE('',#4760,#4761);
#4760 = CARTESIAN_POINT('',(27.36,-18.36,3.7));
#4761 = VECTOR('',#4762,1.);
#4762 = DIRECTION('',(0.,1.,0.));
#4763 = ORIENTED_EDGE('',*,*,#4764,.T.);
#4764 = EDGE_CURVE('',#4755,#4765,#4767,.T.);
#4765 = VERTEX_POINT('',#4766);
#4766 = CARTESIAN_POINT('',(27.36,-18.36,3.68));
#4767 = LINE('',#4768,#4769);
#4768 = CARTESIAN_POINT('',(27.36,-18.36,3.7));
#4769 = VECTOR('',#4770,1.);
#4770 = DIRECTION('',(0.,0.,-1.));
#4771 = ORIENTED_EDGE('',*,*,#4772,.T.);
#4772 = EDGE_CURVE('',#4765,#4773,#4775,.T.);
#4773 = VERTEX_POINT('',#4774);
#4774 = CARTESIAN_POINT('',(27.36,18.36,3.68));
#4775 = LINE('',#4776,#4777);
#4776 = CARTESIAN_POINT('',(27.36,-18.36,3.68));
#4777 = VECTOR('',#4778,1.);
#4778 = DIRECTION('',(0.,1.,0.));
#4779 = ORIENTED_EDGE('',*,*,#4780,.F.);
#4780 = EDGE_CURVE('',#4757,#4773,#4781,.T.);
#4781 = LINE('',#4782,#4783);
#4782 = CARTESIAN_POINT('',(27.36,18.36,3.7));
#4783 = VECTOR('',#4784,1.);
#4784 = DIRECTION('',(0.,0.,-1.));
#4785 = PLANE('',#4786);
#4786 = AXIS2_PLACEMENT_3D('',#4787,#4788,#4789);
#4787 = CARTESIAN_POINT('',(27.36,-18.36,3.7));
#4788 = DIRECTION('',(1.,0.,0.));
#4789 = DIRECTION('',(-0.,1.,0.));
#4790 = ( GEOMETRIC_REPRESENTATION_CONTEXT(3) 
GLOBAL_UNCERTAINTY_ASSIGNED_CONTEXT((#4794)) 
GLOBAL_UNIT_ASSIGNED_CONTEXT((#4791,#4792,#4793)) REPRESENTATION_CONTEXT
('Context #1','3D Context with UNIT and UNCERTAINTY') );
#4791 = ( LENGTH_UNIT() NAMED_UNIT(*) SI_UNIT(.MILLI.,.METRE.) );
#4792 = ( NAMED_UNIT(*) PLANE_ANGLE_UNIT() SI_UNIT($,.RADIAN.) );
#4793 = ( NAMED_UNIT(*) SI_UNIT($,.STERADIAN.) SOLID_ANGLE_UNIT() );
#4794 = UNCERTAINTY_MEASURE_WITH_UNIT(LENGTH_MEASURE(1.E-07),#4791,
  'distance_accuracy_value','confusion accuracy');
#4795 = CONTEXT_DEPENDENT_SHAPE_REPRESENTATION(#4796,#4798);
#4796 = ( REPRESENTATION_RELATIONSHIP('','',#4747,#10) 
REPRESENTATION_RELATIONSHIP_WITH_TRANSFORMATION(#4797) 
SHAPE_REPRESENTATION_RELATIONSHIP() );
#4797 = ITEM_DEFINED_TRANSFORMATION('','',#11,#267);
#4798 = PRODUCT_DEFINITION_SHAPE('Placement','Placement of an item',
  #4799);
#4799 = NEXT_ASSEMBLY_USAGE_OCCURRENCE('64','Face063','',#5,#4742,$);
#4800 = PRODUCT_RELATED_PRODUCT_CATEGORY('part',$,(#4744));
#4801 = MECHANICAL_DESIGN_GEOMETRIC_PRESENTATION_REPRESENTATION('',(
    #4802),#3992);
#4802 = STYLED_ITEM('color',(#4803),#3952);
#4803 = PRESENTATION_STYLE_ASSIGNMENT((#4804,#4810));
#4804 = SURFACE_STYLE_USAGE(.BOTH.,#4805);
#4805 = SURFACE_SIDE_STYLE('',(#4806));
#4806 = SURFACE_STYLE_FILL_AREA(#4807);
#4807 = FILL_AREA_STYLE('',(#4808));
#4808 = FILL_AREA_STYLE_COLOUR('',#4809);
#4809 = COLOUR_RGB('',0.678431390124,0.709803936702,0.741176476869);
#4810 = CURVE_STYLE('',#4811,POSITIVE_LENGTH_MEASURE(0.1),#4812);
#4811 = DRAUGHTING_PRE_DEFINED_CURVE_FONT('continuous');
#4812 = COLOUR_RGB('',9.803921802644E-02,9.803921802644E-02,
  9.803921802644E-02);
#4813 = MECHANICAL_DESIGN_GEOMETRIC_PRESENTATION_REPRESENTATION('',(
    #4814),#2998);
#4814 = STYLED_ITEM('color',(#4815),#2958);
#4815 = PRESENTATION_STYLE_ASSIGNMENT((#4816,#4822));
#4816 = SURFACE_STYLE_USAGE(.BOTH.,#4817);
#4817 = SURFACE_SIDE_STYLE('',(#4818));
#4818 = SURFACE_STYLE_FILL_AREA(#4819);
#4819 = FILL_AREA_STYLE('',(#4820));
#4820 = FILL_AREA_STYLE_COLOUR('',#4821);
#4821 = COLOUR_RGB('',0.649999965504,0.620000000292,0.579999973688);
#4822 = CURVE_STYLE('',#4823,POSITIVE_LENGTH_MEASURE(0.1),#4812);
#4823 = DRAUGHTING_PRE_DEFINED_CURVE_FONT('continuous');
#4824 = MECHANICAL_DESIGN_GEOMETRIC_PRESENTATION_REPRESENTATION('',(
    #4825),#1839);
#4825 = STYLED_ITEM('color',(#4826),#1799);
#4826 = PRESENTATION_STYLE_ASSIGNMENT((#4827,#4832));
#4827 = SURFACE_STYLE_USAGE(.BOTH.,#4828);
#4828 = SURFACE_SIDE_STYLE('',(#4829));
#4829 = SURFACE_STYLE_FILL_AREA(#4830);
#4830 = FILL_AREA_STYLE('',(#4831));
#4831 = FILL_AREA_STYLE_COLOUR('',#4821);
#4832 = CURVE_STYLE('',#4833,POSITIVE_LENGTH_MEASURE(0.1),#4812);
#4833 = DRAUGHTING_PRE_DEFINED_CURVE_FONT('continuous');
#4834 = MECHANICAL_DESIGN_GEOMETRIC_PRESENTATION_REPRESENTATION('',(
    #4835),#3244);
#4835 = STYLED_ITEM('color',(#4836),#3204);
#4836 = PRESENTATION_STYLE_ASSIGNMENT((#4837,#4842));
#4837 = SURFACE_STYLE_USAGE(.BOTH.,#4838);
#4838 = SURFACE_SIDE_STYLE('',(#4839));
#4839 = SURFACE_STYLE_FILL_AREA(#4840);
#4840 = FILL_AREA_STYLE('',(#4841));
#4841 = FILL_AREA_STYLE_COLOUR('',#4821);
#4842 = CURVE_STYLE('',#4843,POSITIVE_LENGTH_MEASURE(0.1),#4812);
#4843 = DRAUGHTING_PRE_DEFINED_CURVE_FONT('continuous');
#4844 = MECHANICAL_DESIGN_GEOMETRIC_PRESENTATION_REPRESENTATION('',(
    #4845),#4424);
#4845 = STYLED_ITEM('color',(#4846),#4384);
#4846 = PRESENTATION_STYLE_ASSIGNMENT((#4847,#4852));
#4847 = SURFACE_STYLE_USAGE(.BOTH.,#4848);
#4848 = SURFACE_SIDE_STYLE('',(#4849));
#4849 = SURFACE_STYLE_FILL_AREA(#4850);
#4850 = FILL_AREA_STYLE('',(#4851));
#4851 = FILL_AREA_STYLE_COLOUR('',#4809);
#4852 = CURVE_STYLE('',#4853,POSITIVE_LENGTH_MEASURE(0.1),#4812);
#4853 = DRAUGHTING_PRE_DEFINED_CURVE_FONT('continuous');
#4854 = MECHANICAL_DESIGN_GEOMETRIC_PRESENTATION_REPRESENTATION('',(
    #4855),#329);
#4855 = STYLED_ITEM('color',(#4856),#287);
#4856 = PRESENTATION_STYLE_ASSIGNMENT((#4857,#4862));
#4857 = SURFACE_STYLE_USAGE(.BOTH.,#4858);
#4858 = SURFACE_SIDE_STYLE('',(#4859));
#4859 = SURFACE_STYLE_FILL_AREA(#4860);
#4860 = FILL_AREA_STYLE('',(#4861));
#4861 = FILL_AREA_STYLE_COLOUR('',#4821);
#4862 = CURVE_STYLE('',#4863,POSITIVE_LENGTH_MEASURE(0.1),#4812);
#4863 = DRAUGHTING_PRE_DEFINED_CURVE_FONT('continuous');
#4864 = MECHANICAL_DESIGN_GEOMETRIC_PRESENTATION_REPRESENTATION('',(
    #4865),#2083);
#4865 = STYLED_ITEM('color',(#4866),#2043);
#4866 = PRESENTATION_STYLE_ASSIGNMENT((#4867,#4872));
#4867 = SURFACE_STYLE_USAGE(.BOTH.,#4868);
#4868 = SURFACE_SIDE_STYLE('',(#4869));
#4869 = SURFACE_STYLE_FILL_AREA(#4870);
#4870 = FILL_AREA_STYLE('',(#4871));
#4871 = FILL_AREA_STYLE_COLOUR('',#4821);
#4872 = CURVE_STYLE('',#4873,POSITIVE_LENGTH_MEASURE(0.1),#4812);
#4873 = DRAUGHTING_PRE_DEFINED_CURVE_FONT('continuous');
#4874 = MECHANICAL_DESIGN_GEOMETRIC_PRESENTATION_REPRESENTATION('',(
    #4875),#3431);
#4875 = STYLED_ITEM('color',(#4876),#3389);
#4876 = PRESENTATION_STYLE_ASSIGNMENT((#4877,#4882));
#4877 = SURFACE_STYLE_USAGE(.BOTH.,#4878);
#4878 = SURFACE_SIDE_STYLE('',(#4879));
#4879 = SURFACE_STYLE_FILL_AREA(#4880);
#4880 = FILL_AREA_STYLE('',(#4881));
#4881 = FILL_AREA_STYLE_COLOUR('',#4821);
#4882 = CURVE_STYLE('',#4883,POSITIVE_LENGTH_MEASURE(0.1),#4812);
#4883 = DRAUGHTING_PRE_DEFINED_CURVE_FONT('continuous');
#4884 = MECHANICAL_DESIGN_GEOMETRIC_PRESENTATION_REPRESENTATION('',(
    #4885),#506);
#4885 = STYLED_ITEM('color',(#4886),#350);
#4886 = PRESENTATION_STYLE_ASSIGNMENT((#4887,#4893));
#4887 = SURFACE_STYLE_USAGE(.BOTH.,#4888);
#4888 = SURFACE_SIDE_STYLE('',(#4889));
#4889 = SURFACE_STYLE_FILL_AREA(#4890);
#4890 = FILL_AREA_STYLE('',(#4891));
#4891 = FILL_AREA_STYLE_COLOUR('',#4892);
#4892 = COLOUR_RGB('',5.000000142576E-02,0.27999999963,0.500000003429);
#4893 = CURVE_STYLE('',#4894,POSITIVE_LENGTH_MEASURE(0.1),#4812);
#4894 = DRAUGHTING_PRE_DEFINED_CURVE_FONT('continuous');
#4895 = MECHANICAL_DESIGN_GEOMETRIC_PRESENTATION_REPRESENTATION('',(
    #4896),#3616);
#4896 = STYLED_ITEM('color',(#4897),#3576);
#4897 = PRESENTATION_STYLE_ASSIGNMENT((#4898,#4903));
#4898 = SURFACE_STYLE_USAGE(.BOTH.,#4899);
#4899 = SURFACE_SIDE_STYLE('',(#4900));
#4900 = SURFACE_STYLE_FILL_AREA(#4901);
#4901 = FILL_AREA_STYLE('',(#4902));
#4902 = FILL_AREA_STYLE_COLOUR('',#4821);
#4903 = CURVE_STYLE('',#4904,POSITIVE_LENGTH_MEASURE(0.1),#4812);
#4904 = DRAUGHTING_PRE_DEFINED_CURVE_FONT('continuous');
#4905 = MECHANICAL_DESIGN_GEOMETRIC_PRESENTATION_REPRESENTATION('',(
    #4906),#3742);
#4906 = STYLED_ITEM('color',(#4907),#3700);
#4907 = PRESENTATION_STYLE_ASSIGNMENT((#4908,#4913));
#4908 = SURFACE_STYLE_USAGE(.BOTH.,#4909);
#4909 = SURFACE_SIDE_STYLE('',(#4910));
#4910 = SURFACE_STYLE_FILL_AREA(#4911);
#4911 = FILL_AREA_STYLE('',(#4912));
#4912 = FILL_AREA_STYLE_COLOUR('',#4821);
#4913 = CURVE_STYLE('',#4914,POSITIVE_LENGTH_MEASURE(0.1),#4812);
#4914 = DRAUGHTING_PRE_DEFINED_CURVE_FONT('continuous');
#4915 = MECHANICAL_DESIGN_GEOMETRIC_PRESENTATION_REPRESENTATION('',(
    #4916),#1778);
#4916 = STYLED_ITEM('color',(#4917),#1738);
#4917 = PRESENTATION_STYLE_ASSIGNMENT((#4918,#4923));
#4918 = SURFACE_STYLE_USAGE(.BOTH.,#4919);
#4919 = SURFACE_SIDE_STYLE('',(#4920));
#4920 = SURFACE_STYLE_FILL_AREA(#4921);
#4921 = FILL_AREA_STYLE('',(#4922));
#4922 = FILL_AREA_STYLE_COLOUR('',#4821);
#4923 = CURVE_STYLE('',#4924,POSITIVE_LENGTH_MEASURE(0.1),#4812);
#4924 = DRAUGHTING_PRE_DEFINED_CURVE_FONT('continuous');
#4925 = MECHANICAL_DESIGN_GEOMETRIC_PRESENTATION_REPRESENTATION('',(
    #4926),#1595);
#4926 = STYLED_ITEM('color',(#4927),#1555);
#4927 = PRESENTATION_STYLE_ASSIGNMENT((#4928,#4933));
#4928 = SURFACE_STYLE_USAGE(.BOTH.,#4929);
#4929 = SURFACE_SIDE_STYLE('',(#4930));
#4930 = SURFACE_STYLE_FILL_AREA(#4931);
#4931 = FILL_AREA_STYLE('',(#4932));
#4932 = FILL_AREA_STYLE_COLOUR('',#4821);
#4933 = CURVE_STYLE('',#4934,POSITIVE_LENGTH_MEASURE(0.1),#4812);
#4934 = DRAUGHTING_PRE_DEFINED_CURVE_FONT('continuous');
#4935 = MECHANICAL_DESIGN_GEOMETRIC_PRESENTATION_REPRESENTATION('',(
    #4936),#3679);
#4936 = STYLED_ITEM('color',(#4937),#3637);
#4937 = PRESENTATION_STYLE_ASSIGNMENT((#4938,#4943));
#4938 = SURFACE_STYLE_USAGE(.BOTH.,#4939);
#4939 = SURFACE_SIDE_STYLE('',(#4940));
#4940 = SURFACE_STYLE_FILL_AREA(#4941);
#4941 = FILL_AREA_STYLE('',(#4942));
#4942 = FILL_AREA_STYLE_COLOUR('',#4821);
#4943 = CURVE_STYLE('',#4944,POSITIVE_LENGTH_MEASURE(0.1),#4812);
#4944 = DRAUGHTING_PRE_DEFINED_CURVE_FONT('continuous');
#4945 = MECHANICAL_DESIGN_GEOMETRIC_PRESENTATION_REPRESENTATION('',(
    #4946),#923);
#4946 = STYLED_ITEM('color',(#4947),#847);
#4947 = PRESENTATION_STYLE_ASSIGNMENT((#4948,#4953));
#4948 = SURFACE_STYLE_USAGE(.BOTH.,#4949);
#4949 = SURFACE_SIDE_STYLE('',(#4950));
#4950 = SURFACE_STYLE_FILL_AREA(#4951);
#4951 = FILL_AREA_STYLE('',(#4952));
#4952 = FILL_AREA_STYLE_COLOUR('',#4821);
#4953 = CURVE_STYLE('',#4954,POSITIVE_LENGTH_MEASURE(0.1),#4812);
#4954 = DRAUGHTING_PRE_DEFINED_CURVE_FONT('continuous');
#4955 = MECHANICAL_DESIGN_GEOMETRIC_PRESENTATION_REPRESENTATION('',(
    #4956),#2205);
#4956 = STYLED_ITEM('color',(#4957),#2165);
#4957 = PRESENTATION_STYLE_ASSIGNMENT((#4958,#4963));
#4958 = SURFACE_STYLE_USAGE(.BOTH.,#4959);
#4959 = SURFACE_SIDE_STYLE('',(#4960));
#4960 = SURFACE_STYLE_FILL_AREA(#4961);
#4961 = FILL_AREA_STYLE('',(#4962));
#4962 = FILL_AREA_STYLE_COLOUR('',#4821);
#4963 = CURVE_STYLE('',#4964,POSITIVE_LENGTH_MEASURE(0.1),#4812);
#4964 = DRAUGHTING_PRE_DEFINED_CURVE_FONT('continuous');
#4965 = MECHANICAL_DESIGN_GEOMETRIC_PRESENTATION_REPRESENTATION('',(
    #4966),#2266);
#4966 = STYLED_ITEM('color',(#4967),#2226);
#4967 = PRESENTATION_STYLE_ASSIGNMENT((#4968,#4973));
#4968 = SURFACE_STYLE_USAGE(.BOTH.,#4969);
#4969 = SURFACE_SIDE_STYLE('',(#4970));
#4970 = SURFACE_STYLE_FILL_AREA(#4971);
#4971 = FILL_AREA_STYLE('',(#4972));
#4972 = FILL_AREA_STYLE_COLOUR('',#4821);
#4973 = CURVE_STYLE('',#4974,POSITIVE_LENGTH_MEASURE(0.1),#4812);
#4974 = DRAUGHTING_PRE_DEFINED_CURVE_FONT('continuous');
#4975 = MECHANICAL_DESIGN_GEOMETRIC_PRESENTATION_REPRESENTATION('',(
    #4976),#4607);
#4976 = STYLED_ITEM('color',(#4977),#4567);
#4977 = PRESENTATION_STYLE_ASSIGNMENT((#4978,#4983));
#4978 = SURFACE_STYLE_USAGE(.BOTH.,#4979);
#4979 = SURFACE_SIDE_STYLE('',(#4980));
#4980 = SURFACE_STYLE_FILL_AREA(#4981);
#4981 = FILL_AREA_STYLE('',(#4982));
#4982 = FILL_AREA_STYLE_COLOUR('',#4809);
#4983 = CURVE_STYLE('',#4984,POSITIVE_LENGTH_MEASURE(0.1),#4812);
#4984 = DRAUGHTING_PRE_DEFINED_CURVE_FONT('continuous');
#4985 = MECHANICAL_DESIGN_GEOMETRIC_PRESENTATION_REPRESENTATION('',(
    #4986),#632);
#4986 = STYLED_ITEM('color',(#4987),#590);
#4987 = PRESENTATION_STYLE_ASSIGNMENT((#4988,#4993));
#4988 = SURFACE_STYLE_USAGE(.BOTH.,#4989);
#4989 = SURFACE_SIDE_STYLE('',(#4990));
#4990 = SURFACE_STYLE_FILL_AREA(#4991);
#4991 = FILL_AREA_STYLE('',(#4992));
#4992 = FILL_AREA_STYLE_COLOUR('',#4821);
#4993 = CURVE_STYLE('',#4994,POSITIVE_LENGTH_MEASURE(0.1),#4812);
#4994 = DRAUGHTING_PRE_DEFINED_CURVE_FONT('continuous');
#4995 = MECHANICAL_DESIGN_GEOMETRIC_PRESENTATION_REPRESENTATION('',(
    #4996),#1020);
#4996 = STYLED_ITEM('color',(#4997),#944);
#4997 = PRESENTATION_STYLE_ASSIGNMENT((#4998,#5003));
#4998 = SURFACE_STYLE_USAGE(.BOTH.,#4999);
#4999 = SURFACE_SIDE_STYLE('',(#5000));
#5000 = SURFACE_STYLE_FILL_AREA(#5001);
#5001 = FILL_AREA_STYLE('',(#5002));
#5002 = FILL_AREA_STYLE_COLOUR('',#4821);
#5003 = CURVE_STYLE('',#5004,POSITIVE_LENGTH_MEASURE(0.1),#4812);
#5004 = DRAUGHTING_PRE_DEFINED_CURVE_FONT('continuous');
#5005 = MECHANICAL_DESIGN_GEOMETRIC_PRESENTATION_REPRESENTATION('',(
    #5006),#1534);
#5006 = STYLED_ITEM('color',(#5007),#1494);
#5007 = PRESENTATION_STYLE_ASSIGNMENT((#5008,#5013));
#5008 = SURFACE_STYLE_USAGE(.BOTH.,#5009);
#5009 = SURFACE_SIDE_STYLE('',(#5010));
#5010 = SURFACE_STYLE_FILL_AREA(#5011);
#5011 = FILL_AREA_STYLE('',(#5012));
#5012 = FILL_AREA_STYLE_COLOUR('',#4821);
#5013 = CURVE_STYLE('',#5014,POSITIVE_LENGTH_MEASURE(0.1),#4812);
#5014 = DRAUGHTING_PRE_DEFINED_CURVE_FONT('continuous');
#5015 = MECHANICAL_DESIGN_GEOMETRIC_PRESENTATION_REPRESENTATION('',(
    #5016),#2937);
#5016 = STYLED_ITEM('color',(#5017),#2897);
#5017 = PRESENTATION_STYLE_ASSIGNMENT((#5018,#5023));
#5018 = SURFACE_STYLE_USAGE(.BOTH.,#5019);
#5019 = SURFACE_SIDE_STYLE('',(#5020));
#5020 = SURFACE_STYLE_FILL_AREA(#5021);
#5021 = FILL_AREA_STYLE('',(#5022));
#5022 = FILL_AREA_STYLE_COLOUR('',#4821);
#5023 = CURVE_STYLE('',#5024,POSITIVE_LENGTH_MEASURE(0.1),#4812);
#5024 = DRAUGHTING_PRE_DEFINED_CURVE_FONT('continuous');
#5025 = MECHANICAL_DESIGN_GEOMETRIC_PRESENTATION_REPRESENTATION('',(
    #5026),#3555);
#5026 = STYLED_ITEM('color',(#5027),#3513);
#5027 = PRESENTATION_STYLE_ASSIGNMENT((#5028,#5033));
#5028 = SURFACE_STYLE_USAGE(.BOTH.,#5029);
#5029 = SURFACE_SIDE_STYLE('',(#5030));
#5030 = SURFACE_STYLE_FILL_AREA(#5031);
#5031 = FILL_AREA_STYLE('',(#5032));
#5032 = FILL_AREA_STYLE_COLOUR('',#4821);
#5033 = CURVE_STYLE('',#5034,POSITIVE_LENGTH_MEASURE(0.1),#4812);
#5034 = DRAUGHTING_PRE_DEFINED_CURVE_FONT('continuous');
#5035 = MECHANICAL_DESIGN_GEOMETRIC_PRESENTATION_REPRESENTATION('',(
    #5036),#3183);
#5036 = STYLED_ITEM('color',(#5037),#3141);
#5037 = PRESENTATION_STYLE_ASSIGNMENT((#5038,#5043));
#5038 = SURFACE_STYLE_USAGE(.BOTH.,#5039);
#5039 = SURFACE_SIDE_STYLE('',(#5040));
#5040 = SURFACE_STYLE_FILL_AREA(#5041);
#5041 = FILL_AREA_STYLE('',(#5042));
#5042 = FILL_AREA_STYLE_COLOUR('',#4821);
#5043 = CURVE_STYLE('',#5044,POSITIVE_LENGTH_MEASURE(0.1),#4812);
#5044 = DRAUGHTING_PRE_DEFINED_CURVE_FONT('continuous');
#5045 = MECHANICAL_DESIGN_GEOMETRIC_PRESENTATION_REPRESENTATION('',(
    #5046),#3059);
#5046 = STYLED_ITEM('color',(#5047),#3019);
#5047 = PRESENTATION_STYLE_ASSIGNMENT((#5048,#5053));
#5048 = SURFACE_STYLE_USAGE(.BOTH.,#5049);
#5049 = SURFACE_SIDE_STYLE('',(#5050));
#5050 = SURFACE_STYLE_FILL_AREA(#5051);
#5051 = FILL_AREA_STYLE('',(#5052));
#5052 = FILL_AREA_STYLE_COLOUR('',#4821);
#5053 = CURVE_STYLE('',#5054,POSITIVE_LENGTH_MEASURE(0.1),#4812);
#5054 = DRAUGHTING_PRE_DEFINED_CURVE_FONT('continuous');
#5055 = MECHANICAL_DESIGN_GEOMETRIC_PRESENTATION_REPRESENTATION('',(
    #5056),#2144);
#5056 = STYLED_ITEM('color',(#5057),#2104);
#5057 = PRESENTATION_STYLE_ASSIGNMENT((#5058,#5063));
#5058 = SURFACE_STYLE_USAGE(.BOTH.,#5059);
#5059 = SURFACE_SIDE_STYLE('',(#5060));
#5060 = SURFACE_STYLE_FILL_AREA(#5061);
#5061 = FILL_AREA_STYLE('',(#5062));
#5062 = FILL_AREA_STYLE_COLOUR('',#4821);
#5063 = CURVE_STYLE('',#5064,POSITIVE_LENGTH_MEASURE(0.1),#4812);
#5064 = DRAUGHTING_PRE_DEFINED_CURVE_FONT('continuous');
#5065 = MECHANICAL_DESIGN_GEOMETRIC_PRESENTATION_REPRESENTATION('',(
    #5066),#3492);
#5066 = STYLED_ITEM('color',(#5067),#3452);
#5067 = PRESENTATION_STYLE_ASSIGNMENT((#5068,#5073));
#5068 = SURFACE_STYLE_USAGE(.BOTH.,#5069);
#5069 = SURFACE_SIDE_STYLE('',(#5070));
#5070 = SURFACE_STYLE_FILL_AREA(#5071);
#5071 = FILL_AREA_STYLE('',(#5072));
#5072 = FILL_AREA_STYLE_COLOUR('',#4821);
#5073 = CURVE_STYLE('',#5074,POSITIVE_LENGTH_MEASURE(0.1),#4812);
#5074 = DRAUGHTING_PRE_DEFINED_CURVE_FONT('continuous');
#5075 = MECHANICAL_DESIGN_GEOMETRIC_PRESENTATION_REPRESENTATION('',(
    #5076),#1961);
#5076 = STYLED_ITEM('color',(#5077),#1921);
#5077 = PRESENTATION_STYLE_ASSIGNMENT((#5078,#5083));
#5078 = SURFACE_STYLE_USAGE(.BOTH.,#5079);
#5079 = SURFACE_SIDE_STYLE('',(#5080));
#5080 = SURFACE_STYLE_FILL_AREA(#5081);
#5081 = FILL_AREA_STYLE('',(#5082));
#5082 = FILL_AREA_STYLE_COLOUR('',#4821);
#5083 = CURVE_STYLE('',#5084,POSITIVE_LENGTH_MEASURE(0.1),#4812);
#5084 = DRAUGHTING_PRE_DEFINED_CURVE_FONT('continuous');
#5085 = MECHANICAL_DESIGN_GEOMETRIC_PRESENTATION_REPRESENTATION('',(
    #5086),#4668);
#5086 = STYLED_ITEM('color',(#5087),#4628);
#5087 = PRESENTATION_STYLE_ASSIGNMENT((#5088,#5094));
#5088 = SURFACE_STYLE_USAGE(.BOTH.,#5089);
#5089 = SURFACE_SIDE_STYLE('',(#5090));
#5090 = SURFACE_STYLE_FILL_AREA(#5091);
#5091 = FILL_AREA_STYLE('',(#5092));
#5092 = FILL_AREA_STYLE_COLOUR('',#5093);
#5093 = COLOUR_RGB('',0.149019617616,0.149019617616,0.160784315601);
#5094 = CURVE_STYLE('',#5095,POSITIVE_LENGTH_MEASURE(0.1),#4812);
#5095 = DRAUGHTING_PRE_DEFINED_CURVE_FONT('continuous');
#5096 = MECHANICAL_DESIGN_GEOMETRIC_PRESENTATION_REPRESENTATION('',(
    #5097),#1717);
#5097 = STYLED_ITEM('color',(#5098),#1677);
#5098 = PRESENTATION_STYLE_ASSIGNMENT((#5099,#5104));
#5099 = SURFACE_STYLE_USAGE(.BOTH.,#5100);
#5100 = SURFACE_SIDE_STYLE('',(#5101));
#5101 = SURFACE_STYLE_FILL_AREA(#5102);
#5102 = FILL_AREA_STYLE('',(#5103));
#5103 = FILL_AREA_STYLE_COLOUR('',#4821);
#5104 = CURVE_STYLE('',#5105,POSITIVE_LENGTH_MEASURE(0.1),#4812);
#5105 = DRAUGHTING_PRE_DEFINED_CURVE_FONT('continuous');
#5106 = MECHANICAL_DESIGN_GEOMETRIC_PRESENTATION_REPRESENTATION('',(
    #5107),#3931);
#5107 = STYLED_ITEM('color',(#5108),#3889);
#5108 = PRESENTATION_STYLE_ASSIGNMENT((#5109,#5114));
#5109 = SURFACE_STYLE_USAGE(.BOTH.,#5110);
#5110 = SURFACE_SIDE_STYLE('',(#5111));
#5111 = SURFACE_STYLE_FILL_AREA(#5112);
#5112 = FILL_AREA_STYLE('',(#5113));
#5113 = FILL_AREA_STYLE_COLOUR('',#4821);
#5114 = CURVE_STYLE('',#5115,POSITIVE_LENGTH_MEASURE(0.1),#4812);
#5115 = DRAUGHTING_PRE_DEFINED_CURVE_FONT('continuous');
#5116 = MECHANICAL_DESIGN_GEOMETRIC_PRESENTATION_REPRESENTATION('',(
    #5117),#2693);
#5117 = STYLED_ITEM('color',(#5118),#2653);
#5118 = PRESENTATION_STYLE_ASSIGNMENT((#5119,#5124));
#5119 = SURFACE_STYLE_USAGE(.BOTH.,#5120);
#5120 = SURFACE_SIDE_STYLE('',(#5121));
#5121 = SURFACE_STYLE_FILL_AREA(#5122);
#5122 = FILL_AREA_STYLE('',(#5123));
#5123 = FILL_AREA_STYLE_COLOUR('',#4821);
#5124 = CURVE_STYLE('',#5125,POSITIVE_LENGTH_MEASURE(0.1),#4812);
#5125 = DRAUGHTING_PRE_DEFINED_CURVE_FONT('continuous');
#5126 = MECHANICAL_DESIGN_GEOMETRIC_PRESENTATION_REPRESENTATION('',(
    #5127),#4790);
#5127 = STYLED_ITEM('color',(#5128),#4750);
#5128 = PRESENTATION_STYLE_ASSIGNMENT((#5129,#5134));
#5129 = SURFACE_STYLE_USAGE(.BOTH.,#5130);
#5130 = SURFACE_SIDE_STYLE('',(#5131));
#5131 = SURFACE_STYLE_FILL_AREA(#5132);
#5132 = FILL_AREA_STYLE('',(#5133));
#5133 = FILL_AREA_STYLE_COLOUR('',#4809);
#5134 = CURVE_STYLE('',#5135,POSITIVE_LENGTH_MEASURE(0.1),#4812);
#5135 = DRAUGHTING_PRE_DEFINED_CURVE_FONT('continuous');
#5136 = MECHANICAL_DESIGN_GEOMETRIC_PRESENTATION_REPRESENTATION('',(
    #5137),#2876);
#5137 = STYLED_ITEM('color',(#5138),#2836);
#5138 = PRESENTATION_STYLE_ASSIGNMENT((#5139,#5144));
#5139 = SURFACE_STYLE_USAGE(.BOTH.,#5140);
#5140 = SURFACE_SIDE_STYLE('',(#5141));
#5141 = SURFACE_STYLE_FILL_AREA(#5142);
#5142 = FILL_AREA_STYLE('',(#5143));
#5143 = FILL_AREA_STYLE_COLOUR('',#4821);
#5144 = CURVE_STYLE('',#5145,POSITIVE_LENGTH_MEASURE(0.1),#4812);
#5145 = DRAUGHTING_PRE_DEFINED_CURVE_FONT('continuous');
#5146 = MECHANICAL_DESIGN_GEOMETRIC_PRESENTATION_REPRESENTATION('',(
    #5147),#2327);
#5147 = STYLED_ITEM('color',(#5148),#2287);
#5148 = PRESENTATION_STYLE_ASSIGNMENT((#5149,#5154));
#5149 = SURFACE_STYLE_USAGE(.BOTH.,#5150);
#5150 = SURFACE_SIDE_STYLE('',(#5151));
#5151 = SURFACE_STYLE_FILL_AREA(#5152);
#5152 = FILL_AREA_STYLE('',(#5153));
#5153 = FILL_AREA_STYLE_COLOUR('',#4821);
#5154 = CURVE_STYLE('',#5155,POSITIVE_LENGTH_MEASURE(0.1),#4812);
#5155 = DRAUGHTING_PRE_DEFINED_CURVE_FONT('continuous');
#5156 = MECHANICAL_DESIGN_GEOMETRIC_PRESENTATION_REPRESENTATION('',(
    #5157),#4225);
#5157 = STYLED_ITEM('color',(#5158),#4169);
#5158 = PRESENTATION_STYLE_ASSIGNMENT((#5159,#5164));
#5159 = SURFACE_STYLE_USAGE(.BOTH.,#5160);
#5160 = SURFACE_SIDE_STYLE('',(#5161));
#5161 = SURFACE_STYLE_FILL_AREA(#5162);
#5162 = FILL_AREA_STYLE('',(#5163));
#5163 = FILL_AREA_STYLE_COLOUR('',#4809);
#5164 = CURVE_STYLE('',#5165,POSITIVE_LENGTH_MEASURE(0.1),#4812);
#5165 = DRAUGHTING_PRE_DEFINED_CURVE_FONT('continuous');
#5166 = MECHANICAL_DESIGN_GEOMETRIC_PRESENTATION_REPRESENTATION('',(
    #5167),#2754);
#5167 = STYLED_ITEM('color',(#5168),#2714);
#5168 = PRESENTATION_STYLE_ASSIGNMENT((#5169,#5174));
#5169 = SURFACE_STYLE_USAGE(.BOTH.,#5170);
#5170 = SURFACE_SIDE_STYLE('',(#5171));
#5171 = SURFACE_STYLE_FILL_AREA(#5172);
#5172 = FILL_AREA_STYLE('',(#5173));
#5173 = FILL_AREA_STYLE_COLOUR('',#4821);
#5174 = CURVE_STYLE('',#5175,POSITIVE_LENGTH_MEASURE(0.1),#4812);
#5175 = DRAUGHTING_PRE_DEFINED_CURVE_FONT('continuous');
#5176 = MECHANICAL_DESIGN_GEOMETRIC_PRESENTATION_REPRESENTATION('',(
    #5177),#1473);
#5177 = STYLED_ITEM('color',(#5178),#1433);
#5178 = PRESENTATION_STYLE_ASSIGNMENT((#5179,#5184));
#5179 = SURFACE_STYLE_USAGE(.BOTH.,#5180);
#5180 = SURFACE_SIDE_STYLE('',(#5181));
#5181 = SURFACE_STYLE_FILL_AREA(#5182);
#5182 = FILL_AREA_STYLE('',(#5183));
#5183 = FILL_AREA_STYLE_COLOUR('',#4821);
#5184 = CURVE_STYLE('',#5185,POSITIVE_LENGTH_MEASURE(0.1),#4812);
#5185 = DRAUGHTING_PRE_DEFINED_CURVE_FONT('continuous');
#5186 = MECHANICAL_DESIGN_GEOMETRIC_PRESENTATION_REPRESENTATION('',(
    #5187),#1900);
#5187 = STYLED_ITEM('color',(#5188),#1860);
#5188 = PRESENTATION_STYLE_ASSIGNMENT((#5189,#5194));
#5189 = SURFACE_STYLE_USAGE(.BOTH.,#5190);
#5190 = SURFACE_SIDE_STYLE('',(#5191));
#5191 = SURFACE_STYLE_FILL_AREA(#5192);
#5192 = FILL_AREA_STYLE('',(#5193));
#5193 = FILL_AREA_STYLE_COLOUR('',#4821);
#5194 = CURVE_STYLE('',#5195,POSITIVE_LENGTH_MEASURE(0.1),#4812);
#5195 = DRAUGHTING_PRE_DEFINED_CURVE_FONT('continuous');
#5196 = MECHANICAL_DESIGN_GEOMETRIC_PRESENTATION_REPRESENTATION('',(
    #5197),#569);
#5197 = STYLED_ITEM('color',(#5198),#527);
#5198 = PRESENTATION_STYLE_ASSIGNMENT((#5199,#5204));
#5199 = SURFACE_STYLE_USAGE(.BOTH.,#5200);
#5200 = SURFACE_SIDE_STYLE('',(#5201));
#5201 = SURFACE_STYLE_FILL_AREA(#5202);
#5202 = FILL_AREA_STYLE('',(#5203));
#5203 = FILL_AREA_STYLE_COLOUR('',#4821);
#5204 = CURVE_STYLE('',#5205,POSITIVE_LENGTH_MEASURE(0.1),#4812);
#5205 = DRAUGHTING_PRE_DEFINED_CURVE_FONT('continuous');
#5206 = MECHANICAL_DESIGN_GEOMETRIC_PRESENTATION_REPRESENTATION('',(
    #5207),#2815);
#5207 = STYLED_ITEM('color',(#5208),#2775);
#5208 = PRESENTATION_STYLE_ASSIGNMENT((#5209,#5214));
#5209 = SURFACE_STYLE_USAGE(.BOTH.,#5210);
#5210 = SURFACE_SIDE_STYLE('',(#5211));
#5211 = SURFACE_STYLE_FILL_AREA(#5212);
#5212 = FILL_AREA_STYLE('',(#5213));
#5213 = FILL_AREA_STYLE_COLOUR('',#4821);
#5214 = CURVE_STYLE('',#5215,POSITIVE_LENGTH_MEASURE(0.1),#4812);
#5215 = DRAUGHTING_PRE_DEFINED_CURVE_FONT('continuous');
#5216 = MECHANICAL_DESIGN_GEOMETRIC_PRESENTATION_REPRESENTATION('',(
    #5217),#2632);
#5217 = STYLED_ITEM('color',(#5218),#2592);
#5218 = PRESENTATION_STYLE_ASSIGNMENT((#5219,#5224));
#5219 = SURFACE_STYLE_USAGE(.BOTH.,#5220);
#5220 = SURFACE_SIDE_STYLE('',(#5221));
#5221 = SURFACE_STYLE_FILL_AREA(#5222);
#5222 = FILL_AREA_STYLE('',(#5223));
#5223 = FILL_AREA_STYLE_COLOUR('',#4821);
#5224 = CURVE_STYLE('',#5225,POSITIVE_LENGTH_MEASURE(0.1),#4812);
#5225 = DRAUGHTING_PRE_DEFINED_CURVE_FONT('continuous');
#5226 = MECHANICAL_DESIGN_GEOMETRIC_PRESENTATION_REPRESENTATION('',(
    #5227),#4148);
#5227 = STYLED_ITEM('color',(#5228),#4108);
#5228 = PRESENTATION_STYLE_ASSIGNMENT((#5229,#5234));
#5229 = SURFACE_STYLE_USAGE(.BOTH.,#5230);
#5230 = SURFACE_SIDE_STYLE('',(#5231));
#5231 = SURFACE_STYLE_FILL_AREA(#5232);
#5232 = FILL_AREA_STYLE('',(#5233));
#5233 = FILL_AREA_STYLE_COLOUR('',#4809);
#5234 = CURVE_STYLE('',#5235,POSITIVE_LENGTH_MEASURE(0.1),#4812);
#5235 = DRAUGHTING_PRE_DEFINED_CURVE_FONT('continuous');
#5236 = MECHANICAL_DESIGN_GEOMETRIC_PRESENTATION_REPRESENTATION('',(
    #5237),#4485);
#5237 = STYLED_ITEM('color',(#5238),#4445);
#5238 = PRESENTATION_STYLE_ASSIGNMENT((#5239,#5244));
#5239 = SURFACE_STYLE_USAGE(.BOTH.,#5240);
#5240 = SURFACE_SIDE_STYLE('',(#5241));
#5241 = SURFACE_STYLE_FILL_AREA(#5242);
#5242 = FILL_AREA_STYLE('',(#5243));
#5243 = FILL_AREA_STYLE_COLOUR('',#4809);
#5244 = CURVE_STYLE('',#5245,POSITIVE_LENGTH_MEASURE(0.1),#4812);
#5245 = DRAUGHTING_PRE_DEFINED_CURVE_FONT('continuous');
#5246 = MECHANICAL_DESIGN_GEOMETRIC_PRESENTATION_REPRESENTATION('',(
    #5247),#2510);
#5247 = STYLED_ITEM('color',(#5248),#2470);
#5248 = PRESENTATION_STYLE_ASSIGNMENT((#5249,#5254));
#5249 = SURFACE_STYLE_USAGE(.BOTH.,#5250);
#5250 = SURFACE_SIDE_STYLE('',(#5251));
#5251 = SURFACE_STYLE_FILL_AREA(#5252);
#5252 = FILL_AREA_STYLE('',(#5253));
#5253 = FILL_AREA_STYLE_COLOUR('',#4821);
#5254 = CURVE_STYLE('',#5255,POSITIVE_LENGTH_MEASURE(0.1),#4812);
#5255 = DRAUGHTING_PRE_DEFINED_CURVE_FONT('continuous');
#5256 = MECHANICAL_DESIGN_GEOMETRIC_PRESENTATION_REPRESENTATION('',(
    #5257),#4087);
#5257 = STYLED_ITEM('color',(#5258),#4013);
#5258 = PRESENTATION_STYLE_ASSIGNMENT((#5259,#5264));
#5259 = SURFACE_STYLE_USAGE(.BOTH.,#5260);
#5260 = SURFACE_SIDE_STYLE('',(#5261));
#5261 = SURFACE_STYLE_FILL_AREA(#5262);
#5262 = FILL_AREA_STYLE('',(#5263));
#5263 = FILL_AREA_STYLE_COLOUR('',#4809);
#5264 = CURVE_STYLE('',#5265,POSITIVE_LENGTH_MEASURE(0.1),#4812);
#5265 = DRAUGHTING_PRE_DEFINED_CURVE_FONT('continuous');
#5266 = MECHANICAL_DESIGN_GEOMETRIC_PRESENTATION_REPRESENTATION('',(
    #5267),#1081);
#5267 = STYLED_ITEM('color',(#5268),#1041);
#5268 = PRESENTATION_STYLE_ASSIGNMENT((#5269,#5274));
#5269 = SURFACE_STYLE_USAGE(.BOTH.,#5270);
#5270 = SURFACE_SIDE_STYLE('',(#5271));
#5271 = SURFACE_STYLE_FILL_AREA(#5272);
#5272 = FILL_AREA_STYLE('',(#5273));
#5273 = FILL_AREA_STYLE_COLOUR('',#4821);
#5274 = CURVE_STYLE('',#5275,POSITIVE_LENGTH_MEASURE(0.1),#4812);
#5275 = DRAUGHTING_PRE_DEFINED_CURVE_FONT('continuous');
#5276 = MECHANICAL_DESIGN_GEOMETRIC_PRESENTATION_REPRESENTATION('',(
    #5277),#3307);
#5277 = STYLED_ITEM('color',(#5278),#3265);
#5278 = PRESENTATION_STYLE_ASSIGNMENT((#5279,#5284));
#5279 = SURFACE_STYLE_USAGE(.BOTH.,#5280);
#5280 = SURFACE_SIDE_STYLE('',(#5281));
#5281 = SURFACE_STYLE_FILL_AREA(#5282);
#5282 = FILL_AREA_STYLE('',(#5283));
#5283 = FILL_AREA_STYLE_COLOUR('',#4821);
#5284 = CURVE_STYLE('',#5285,POSITIVE_LENGTH_MEASURE(0.1),#4812);
#5285 = DRAUGHTING_PRE_DEFINED_CURVE_FONT('continuous');
#5286 = MECHANICAL_DESIGN_GEOMETRIC_PRESENTATION_REPRESENTATION('',(
    #5287),#729);
#5287 = STYLED_ITEM('color',(#5288),#653);
#5288 = PRESENTATION_STYLE_ASSIGNMENT((#5289,#5294));
#5289 = SURFACE_STYLE_USAGE(.BOTH.,#5290);
#5290 = SURFACE_SIDE_STYLE('',(#5291));
#5291 = SURFACE_STYLE_FILL_AREA(#5292);
#5292 = FILL_AREA_STYLE('',(#5293));
#5293 = FILL_AREA_STYLE_COLOUR('',#4821);
#5294 = CURVE_STYLE('',#5295,POSITIVE_LENGTH_MEASURE(0.1),#4812);
#5295 = DRAUGHTING_PRE_DEFINED_CURVE_FONT('continuous');
#5296 = MECHANICAL_DESIGN_GEOMETRIC_PRESENTATION_REPRESENTATION('',(
    #5297),#3120);
#5297 = STYLED_ITEM('color',(#5298),#3080);
#5298 = PRESENTATION_STYLE_ASSIGNMENT((#5299,#5304));
#5299 = SURFACE_STYLE_USAGE(.BOTH.,#5300);
#5300 = SURFACE_SIDE_STYLE('',(#5301));
#5301 = SURFACE_STYLE_FILL_AREA(#5302);
#5302 = FILL_AREA_STYLE('',(#5303));
#5303 = FILL_AREA_STYLE_COLOUR('',#4821);
#5304 = CURVE_STYLE('',#5305,POSITIVE_LENGTH_MEASURE(0.1),#4812);
#5305 = DRAUGHTING_PRE_DEFINED_CURVE_FONT('continuous');
#5306 = MECHANICAL_DESIGN_GEOMETRIC_PRESENTATION_REPRESENTATION('',(
    #5307),#3368);
#5307 = STYLED_ITEM('color',(#5308),#3328);
#5308 = PRESENTATION_STYLE_ASSIGNMENT((#5309,#5314));
#5309 = SURFACE_STYLE_USAGE(.BOTH.,#5310);
#5310 = SURFACE_SIDE_STYLE('',(#5311));
#5311 = SURFACE_STYLE_FILL_AREA(#5312);
#5312 = FILL_AREA_STYLE('',(#5313));
#5313 = FILL_AREA_STYLE_COLOUR('',#4821);
#5314 = CURVE_STYLE('',#5315,POSITIVE_LENGTH_MEASURE(0.1),#4812);
#5315 = DRAUGHTING_PRE_DEFINED_CURVE_FONT('continuous');
#5316 = MECHANICAL_DESIGN_GEOMETRIC_PRESENTATION_REPRESENTATION('',(
    #5317),#1656);
#5317 = STYLED_ITEM('color',(#5318),#1616);
#5318 = PRESENTATION_STYLE_ASSIGNMENT((#5319,#5324));
#5319 = SURFACE_STYLE_USAGE(.BOTH.,#5320);
#5320 = SURFACE_SIDE_STYLE('',(#5321));
#5321 = SURFACE_STYLE_FILL_AREA(#5322);
#5322 = FILL_AREA_STYLE('',(#5323));
#5323 = FILL_AREA_STYLE_COLOUR('',#4821);
#5324 = CURVE_STYLE('',#5325,POSITIVE_LENGTH_MEASURE(0.1),#4812);
#5325 = DRAUGHTING_PRE_DEFINED_CURVE_FONT('continuous');
#5326 = MECHANICAL_DESIGN_GEOMETRIC_PRESENTATION_REPRESENTATION('',(
    #5327),#1412);
#5327 = STYLED_ITEM('color',(#5328),#1102);
#5328 = PRESENTATION_STYLE_ASSIGNMENT((#5329,#5334));
#5329 = SURFACE_STYLE_USAGE(.BOTH.,#5330);
#5330 = SURFACE_SIDE_STYLE('',(#5331));
#5331 = SURFACE_STYLE_FILL_AREA(#5332);
#5332 = FILL_AREA_STYLE('',(#5333));
#5333 = FILL_AREA_STYLE_COLOUR('',#4892);
#5334 = CURVE_STYLE('',#5335,POSITIVE_LENGTH_MEASURE(0.1),#4812);
#5335 = DRAUGHTING_PRE_DEFINED_CURVE_FONT('continuous');
#5336 = MECHANICAL_DESIGN_GEOMETRIC_PRESENTATION_REPRESENTATION('',(
    #5337),#2022);
#5337 = STYLED_ITEM('color',(#5338),#1982);
#5338 = PRESENTATION_STYLE_ASSIGNMENT((#5339,#5344));
#5339 = SURFACE_STYLE_USAGE(.BOTH.,#5340);
#5340 = SURFACE_SIDE_STYLE('',(#5341));
#5341 = SURFACE_STYLE_FILL_AREA(#5342);
#5342 = FILL_AREA_STYLE('',(#5343));
#5343 = FILL_AREA_STYLE_COLOUR('',#4821);
#5344 = CURVE_STYLE('',#5345,POSITIVE_LENGTH_MEASURE(0.1),#4812);
#5345 = DRAUGHTING_PRE_DEFINED_CURVE_FONT('continuous');
#5346 = MECHANICAL_DESIGN_GEOMETRIC_PRESENTATION_REPRESENTATION('',(
    #5347),#4286);
#5347 = STYLED_ITEM('color',(#5348),#4246);
#5348 = PRESENTATION_STYLE_ASSIGNMENT((#5349,#5354));
#5349 = SURFACE_STYLE_USAGE(.BOTH.,#5350);
#5350 = SURFACE_SIDE_STYLE('',(#5351));
#5351 = SURFACE_STYLE_FILL_AREA(#5352);
#5352 = FILL_AREA_STYLE('',(#5353));
#5353 = FILL_AREA_STYLE_COLOUR('',#5093);
#5354 = CURVE_STYLE('',#5355,POSITIVE_LENGTH_MEASURE(0.1),#4812);
#5355 = DRAUGHTING_PRE_DEFINED_CURVE_FONT('continuous');
#5356 = MECHANICAL_DESIGN_GEOMETRIC_PRESENTATION_REPRESENTATION('',(
    #5357),#4546);
#5357 = STYLED_ITEM('color',(#5358),#4506);
#5358 = PRESENTATION_STYLE_ASSIGNMENT((#5359,#5364));
#5359 = SURFACE_STYLE_USAGE(.BOTH.,#5360);
#5360 = SURFACE_SIDE_STYLE('',(#5361));
#5361 = SURFACE_STYLE_FILL_AREA(#5362);
#5362 = FILL_AREA_STYLE('',(#5363));
#5363 = FILL_AREA_STYLE_COLOUR('',#4809);
#5364 = CURVE_STYLE('',#5365,POSITIVE_LENGTH_MEASURE(0.1),#4812);
#5365 = DRAUGHTING_PRE_DEFINED_CURVE_FONT('continuous');
#5366 = MECHANICAL_DESIGN_GEOMETRIC_PRESENTATION_REPRESENTATION('',(
    #5367),#3805);
#5367 = STYLED_ITEM('color',(#5368),#3763);
#5368 = PRESENTATION_STYLE_ASSIGNMENT((#5369,#5374));
#5369 = SURFACE_STYLE_USAGE(.BOTH.,#5370);
#5370 = SURFACE_SIDE_STYLE('',(#5371));
#5371 = SURFACE_STYLE_FILL_AREA(#5372);
#5372 = FILL_AREA_STYLE('',(#5373));
#5373 = FILL_AREA_STYLE_COLOUR('',#4821);
#5374 = CURVE_STYLE('',#5375,POSITIVE_LENGTH_MEASURE(0.1),#4812);
#5375 = DRAUGHTING_PRE_DEFINED_CURVE_FONT('continuous');
#5376 = MECHANICAL_DESIGN_GEOMETRIC_PRESENTATION_REPRESENTATION('',(
    #5377),#2449);
#5377 = STYLED_ITEM('color',(#5378),#2409);
#5378 = PRESENTATION_STYLE_ASSIGNMENT((#5379,#5384));
#5379 = SURFACE_STYLE_USAGE(.BOTH.,#5380);
#5380 = SURFACE_SIDE_STYLE('',(#5381));
#5381 = SURFACE_STYLE_FILL_AREA(#5382);
#5382 = FILL_AREA_STYLE('',(#5383));
#5383 = FILL_AREA_STYLE_COLOUR('',#4821);
#5384 = CURVE_STYLE('',#5385,POSITIVE_LENGTH_MEASURE(0.1),#4812);
#5385 = DRAUGHTING_PRE_DEFINED_CURVE_FONT('continuous');
#5386 = MECHANICAL_DESIGN_GEOMETRIC_PRESENTATION_REPRESENTATION('',(
    #5387),#3868);
#5387 = STYLED_ITEM('color',(#5388),#3826);
#5388 = PRESENTATION_STYLE_ASSIGNMENT((#5389,#5394));
#5389 = SURFACE_STYLE_USAGE(.BOTH.,#5390);
#5390 = SURFACE_SIDE_STYLE('',(#5391));
#5391 = SURFACE_STYLE_FILL_AREA(#5392);
#5392 = FILL_AREA_STYLE('',(#5393));
#5393 = FILL_AREA_STYLE_COLOUR('',#4821);
#5394 = CURVE_STYLE('',#5395,POSITIVE_LENGTH_MEASURE(0.1),#4812);
#5395 = DRAUGHTING_PRE_DEFINED_CURVE_FONT('continuous');
#5396 = MECHANICAL_DESIGN_GEOMETRIC_PRESENTATION_REPRESENTATION('',(
    #5397),#2388);
#5397 = STYLED_ITEM('color',(#5398),#2348);
#5398 = PRESENTATION_STYLE_ASSIGNMENT((#5399,#5404));
#5399 = SURFACE_STYLE_USAGE(.BOTH.,#5400);
#5400 = SURFACE_SIDE_STYLE('',(#5401));
#5401 = SURFACE_STYLE_FILL_AREA(#5402);
#5402 = FILL_AREA_STYLE('',(#5403));
#5403 = FILL_AREA_STYLE_COLOUR('',#4821);
#5404 = CURVE_STYLE('',#5405,POSITIVE_LENGTH_MEASURE(0.1),#4812);
#5405 = DRAUGHTING_PRE_DEFINED_CURVE_FONT('continuous');
#5406 = MECHANICAL_DESIGN_GEOMETRIC_PRESENTATION_REPRESENTATION('',(
    #5407),#2571);
#5407 = STYLED_ITEM('color',(#5408),#2531);
#5408 = PRESENTATION_STYLE_ASSIGNMENT((#5409,#5414));
#5409 = SURFACE_STYLE_USAGE(.BOTH.,#5410);
#5410 = SURFACE_SIDE_STYLE('',(#5411));
#5411 = SURFACE_STYLE_FILL_AREA(#5412);
#5412 = FILL_AREA_STYLE('',(#5413));
#5413 = FILL_AREA_STYLE_COLOUR('',#4821);
#5414 = CURVE_STYLE('',#5415,POSITIVE_LENGTH_MEASURE(0.1),#4812);
#5415 = DRAUGHTING_PRE_DEFINED_CURVE_FONT('continuous');
#5416 = MECHANICAL_DESIGN_GEOMETRIC_PRESENTATION_REPRESENTATION('',(
    #5417),#4363);
#5417 = STYLED_ITEM('color',(#5418),#4307);
#5418 = PRESENTATION_STYLE_ASSIGNMENT((#5419,#5424));
#5419 = SURFACE_STYLE_USAGE(.BOTH.,#5420);
#5420 = SURFACE_SIDE_STYLE('',(#5421));
#5421 = SURFACE_STYLE_FILL_AREA(#5422);
#5422 = FILL_AREA_STYLE('',(#5423));
#5423 = FILL_AREA_STYLE_COLOUR('',#4809);
#5424 = CURVE_STYLE('',#5425,POSITIVE_LENGTH_MEASURE(0.1),#4812);
#5425 = DRAUGHTING_PRE_DEFINED_CURVE_FONT('continuous');
#5426 = MECHANICAL_DESIGN_GEOMETRIC_PRESENTATION_REPRESENTATION('',(
    #5427),#826);
#5427 = STYLED_ITEM('color',(#5428),#750);
#5428 = PRESENTATION_STYLE_ASSIGNMENT((#5429,#5434));
#5429 = SURFACE_STYLE_USAGE(.BOTH.,#5430);
#5430 = SURFACE_SIDE_STYLE('',(#5431));
#5431 = SURFACE_STYLE_FILL_AREA(#5432);
#5432 = FILL_AREA_STYLE('',(#5433));
#5433 = FILL_AREA_STYLE_COLOUR('',#4821);
#5434 = CURVE_STYLE('',#5435,POSITIVE_LENGTH_MEASURE(0.1),#4812);
#5435 = DRAUGHTING_PRE_DEFINED_CURVE_FONT('continuous');
#5436 = MECHANICAL_DESIGN_GEOMETRIC_PRESENTATION_REPRESENTATION('',(
    #5437),#4729);
#5437 = STYLED_ITEM('color',(#5438),#4689);
#5438 = PRESENTATION_STYLE_ASSIGNMENT((#5439,#5444));
#5439 = SURFACE_STYLE_USAGE(.BOTH.,#5440);
#5440 = SURFACE_SIDE_STYLE('',(#5441));
#5441 = SURFACE_STYLE_FILL_AREA(#5442);
#5442 = FILL_AREA_STYLE('',(#5443));
#5443 = FILL_AREA_STYLE_COLOUR('',#4809);
#5444 = CURVE_STYLE('',#5445,POSITIVE_LENGTH_MEASURE(0.1),#4812);
#5445 = DRAUGHTING_PRE_DEFINED_CURVE_FONT('continuous');
ENDSEC;
END-ISO-10303-21;
