ISO-10303-21;
HEADER;
/* Generated by software containing ST-Developer
 * from STEP Tools, Inc. (www.steptools.com) 
 */
/* OPTION: strings as raw bytes, not using required /X/ escapes */

FILE_DESCRIPTION(
/* description */ ('Unknown'),
/* implementation_level */ '2;1');

FILE_NAME(
/* name */ 'PEC11L-4125F-S0020',
/* time_stamp */ '2024-07-16T08:45:48+02:00',
/* author */ ('Unknown'),
/* organization */ ('Unknown'),
/* preprocessor_version */ 'ST-DEVELOPER v18.102',
/* originating_system */ 'Solid Edge',
/* authorisation */ 'Unknown');

FILE_SCHEMA (('AUTOMOTIVE_DESIGN {1 0 10303 214 3 1 1}'));
ENDSEC;

DATA;
#10=PROPERTY_DEFINITION_REPRESENTATION(#14,#12);
#11=PROPERTY_DEFINITION_REPRESENTATION(#15,#13);
#12=REPRESENTATION('',(#16),#10830);
#13=REPRESENTATION('',(#17),#10830);
#14=PROPERTY_DEFINITION('pmi validation property','',#10835);
#15=PROPERTY_DEFINITION('pmi validation property','',#10835);
#16=VALUE_REPRESENTATION_ITEM('number of annotations',COUNT_MEASURE(0.));
#17=VALUE_REPRESENTATION_ITEM('number of views',COUNT_MEASURE(0.));
#18=TOROIDAL_SURFACE('',#5475,0.459453951999998,0.290546048000002);
#19=TOROIDAL_SURFACE('',#5479,0.459453951999998,0.290546048000002);
#20=TOROIDAL_SURFACE('',#5483,0.459453951999998,0.290546048000002);
#21=TOROIDAL_SURFACE('',#5487,0.459453951999998,0.290546048000002);
#22=TOROIDAL_SURFACE('',#5537,0.459453951999998,0.290546048000002);
#23=TOROIDAL_SURFACE('',#5540,0.459453951999998,0.290546048000002);
#24=TOROIDAL_SURFACE('',#5547,0.459453951999998,0.290546048000002);
#25=TOROIDAL_SURFACE('',#5550,0.459453951999998,0.290546048000002);
#26=SHAPE_REPRESENTATION_RELATIONSHIP('','',#5252,#27);
#27=ADVANCED_BREP_SHAPE_REPRESENTATION('',(#5249,#5250),#10830);
#28=B_SPLINE_SURFACE_WITH_KNOTS('',1,3,((#8576,#8577,#8578,#8579,#8580,
#8581,#8582,#8583,#8584,#8585,#8586,#8587,#8588,#8589,#8590,#8591,#8592,
#8593,#8594,#8595,#8596,#8597,#8598,#8599,#8600,#8601,#8602,#8603,#8604,
#8605,#8606,#8607,#8608,#8609,#8610,#8611,#8612,#8613,#8614,#8615,#8616,
#8617,#8618,#8619,#8620,#8621,#8622,#8623,#8624,#8625),(#8626,#8627,#8628,
#8629,#8630,#8631,#8632,#8633,#8634,#8635,#8636,#8637,#8638,#8639,#8640,
#8641,#8642,#8643,#8644,#8645,#8646,#8647,#8648,#8649,#8650,#8651,#8652,
#8653,#8654,#8655,#8656,#8657,#8658,#8659,#8660,#8661,#8662,#8663,#8664,
#8665,#8666,#8667,#8668,#8669,#8670,#8671,#8672,#8673,#8674,#8675)),
 .SURF_OF_LINEAR_EXTRUSION.,.F.,.F.,.F.,(2,2),(4,2,2,2,2,2,2,2,2,2,2,2,
2,2,2,2,2,2,2,2,2,2,2,2,4),(0.,1.),(0.,0.360935985533758,0.541403978300636,
0.631637974684076,0.676754972875796,0.699313471971655,0.710592721519585,
0.71623234629355,0.719052158680533,0.721871971067515,0.725207022709188,
0.728542074350861,0.735212177634208,0.7485523842009,0.761892590767593,0.768562694050939,
0.771897745692612,0.775232797334285,0.778744784875937,0.782256772417589,
0.789280747500892,0.8033286976675,0.831424598000714,0.887616398667143,1.),
 .UNSPECIFIED.);
#29=B_SPLINE_SURFACE_WITH_KNOTS('',1,3,((#8704,#8705,#8706,#8707,#8708,
#8709,#8710,#8711,#8712,#8713,#8714,#8715,#8716,#8717,#8718,#8719,#8720,
#8721,#8722,#8723,#8724,#8725,#8726,#8727,#8728,#8729,#8730,#8731,#8732,
#8733,#8734,#8735,#8736,#8737,#8738,#8739,#8740,#8741,#8742,#8743,#8744,
#8745,#8746,#8747,#8748,#8749,#8750,#8751,#8752,#8753),(#8754,#8755,#8756,
#8757,#8758,#8759,#8760,#8761,#8762,#8763,#8764,#8765,#8766,#8767,#8768,
#8769,#8770,#8771,#8772,#8773,#8774,#8775,#8776,#8777,#8778,#8779,#8780,
#8781,#8782,#8783,#8784,#8785,#8786,#8787,#8788,#8789,#8790,#8791,#8792,
#8793,#8794,#8795,#8796,#8797,#8798,#8799,#8800,#8801,#8802,#8803)),
 .SURF_OF_LINEAR_EXTRUSION.,.F.,.F.,.F.,(2,2),(4,2,2,2,2,2,2,2,2,2,2,2,
2,2,2,2,2,2,2,2,2,2,2,2,4),(0.,1.),(0.,0.360935985533758,0.541403978300636,
0.631637974684076,0.676754972875796,0.699313471971655,0.710592721519585,
0.71623234629355,0.719052158680533,0.721871971067515,0.725207022709188,
0.728542074350861,0.735212177634208,0.7485523842009,0.761892590767593,0.768562694050939,
0.771897745692612,0.775232797334285,0.778744784875937,0.782256772417589,
0.789280747500892,0.8033286976675,0.831424598000714,0.887616398667143,1.),
 .UNSPECIFIED.);
#30=B_SPLINE_SURFACE_WITH_KNOTS('',1,3,((#8838,#8839,#8840,#8841,#8842,
#8843,#8844,#8845,#8846,#8847,#8848,#8849,#8850,#8851,#8852,#8853,#8854,
#8855,#8856,#8857,#8858,#8859,#8860,#8861,#8862,#8863,#8864,#8865,#8866,
#8867,#8868,#8869,#8870,#8871,#8872,#8873,#8874,#8875,#8876,#8877,#8878,
#8879,#8880,#8881,#8882,#8883,#8884,#8885,#8886,#8887),(#8888,#8889,#8890,
#8891,#8892,#8893,#8894,#8895,#8896,#8897,#8898,#8899,#8900,#8901,#8902,
#8903,#8904,#8905,#8906,#8907,#8908,#8909,#8910,#8911,#8912,#8913,#8914,
#8915,#8916,#8917,#8918,#8919,#8920,#8921,#8922,#8923,#8924,#8925,#8926,
#8927,#8928,#8929,#8930,#8931,#8932,#8933,#8934,#8935,#8936,#8937)),
 .SURF_OF_LINEAR_EXTRUSION.,.F.,.F.,.F.,(2,2),(4,2,2,2,2,2,2,2,2,2,2,2,
2,2,2,2,2,2,2,2,2,2,2,2,4),(0.,1.),(0.,0.360935985533758,0.541403978300636,
0.631637974684076,0.676754972875796,0.699313471971655,0.710592721519585,
0.71623234629355,0.719052158680533,0.721871971067515,0.725207022709188,
0.728542074350861,0.735212177634208,0.7485523842009,0.761892590767593,0.768562694050939,
0.771897745692612,0.775232797334285,0.778744784875937,0.782256772417589,
0.789280747500892,0.8033286976675,0.831424598000714,0.887616398667143,1.),
 .UNSPECIFIED.);
#31=B_SPLINE_SURFACE_WITH_KNOTS('',1,3,((#8961,#8962,#8963,#8964,#8965,
#8966,#8967,#8968,#8969,#8970,#8971,#8972,#8973,#8974,#8975,#8976,#8977,
#8978,#8979,#8980,#8981,#8982,#8983,#8984,#8985,#8986,#8987,#8988,#8989,
#8990,#8991,#8992,#8993,#8994,#8995,#8996,#8997,#8998,#8999,#9000,#9001,
#9002,#9003,#9004,#9005,#9006,#9007,#9008,#9009,#9010),(#9011,#9012,#9013,
#9014,#9015,#9016,#9017,#9018,#9019,#9020,#9021,#9022,#9023,#9024,#9025,
#9026,#9027,#9028,#9029,#9030,#9031,#9032,#9033,#9034,#9035,#9036,#9037,
#9038,#9039,#9040,#9041,#9042,#9043,#9044,#9045,#9046,#9047,#9048,#9049,
#9050,#9051,#9052,#9053,#9054,#9055,#9056,#9057,#9058,#9059,#9060)),
 .SURF_OF_LINEAR_EXTRUSION.,.F.,.F.,.F.,(2,2),(4,2,2,2,2,2,2,2,2,2,2,2,
2,2,2,2,2,2,2,2,2,2,2,2,4),(0.,1.),(0.,0.360935985533758,0.541403978300636,
0.631637974684076,0.676754972875796,0.699313471971655,0.710592721519585,
0.71623234629355,0.719052158680533,0.721871971067515,0.725207022709188,
0.728542074350861,0.735212177634208,0.7485523842009,0.761892590767593,0.768562694050939,
0.771897745692612,0.775232797334285,0.778744784875937,0.782256772417589,
0.789280747500892,0.8033286976675,0.831424598000714,0.887616398667143,1.),
 .UNSPECIFIED.);
#32=B_SPLINE_SURFACE_WITH_KNOTS('',1,3,((#9083,#9084,#9085,#9086,#9087,
#9088,#9089,#9090,#9091,#9092,#9093,#9094,#9095,#9096,#9097,#9098,#9099,
#9100,#9101,#9102,#9103,#9104,#9105,#9106,#9107,#9108,#9109,#9110,#9111,
#9112,#9113,#9114,#9115,#9116,#9117,#9118,#9119,#9120,#9121,#9122,#9123,
#9124,#9125,#9126,#9127,#9128,#9129,#9130,#9131,#9132),(#9133,#9134,#9135,
#9136,#9137,#9138,#9139,#9140,#9141,#9142,#9143,#9144,#9145,#9146,#9147,
#9148,#9149,#9150,#9151,#9152,#9153,#9154,#9155,#9156,#9157,#9158,#9159,
#9160,#9161,#9162,#9163,#9164,#9165,#9166,#9167,#9168,#9169,#9170,#9171,
#9172,#9173,#9174,#9175,#9176,#9177,#9178,#9179,#9180,#9181,#9182)),
 .SURF_OF_LINEAR_EXTRUSION.,.F.,.F.,.F.,(2,2),(4,2,2,2,2,2,2,2,2,2,2,2,
2,2,2,2,2,2,2,2,2,2,2,2,4),(0.,1.),(0.,0.360935985533758,0.541403978300636,
0.631637974684076,0.676754972875796,0.699313471971655,0.710592721519585,
0.71623234629355,0.719052158680533,0.721871971067515,0.725207022709188,
0.728542074350861,0.735212177634208,0.7485523842009,0.761892590767593,0.768562694050939,
0.771897745692612,0.775232797334285,0.778744784875937,0.782256772417589,
0.789280747500892,0.8033286976675,0.831424598000714,0.887616398667143,1.),
 .UNSPECIFIED.);
#33=B_SPLINE_SURFACE_WITH_KNOTS('',1,3,((#9210,#9211,#9212,#9213,#9214,
#9215,#9216,#9217,#9218,#9219,#9220,#9221,#9222,#9223,#9224,#9225,#9226,
#9227,#9228,#9229,#9230,#9231,#9232,#9233,#9234,#9235,#9236,#9237,#9238,
#9239,#9240,#9241,#9242,#9243,#9244,#9245,#9246,#9247,#9248,#9249,#9250,
#9251,#9252,#9253,#9254,#9255,#9256,#9257,#9258,#9259),(#9260,#9261,#9262,
#9263,#9264,#9265,#9266,#9267,#9268,#9269,#9270,#9271,#9272,#9273,#9274,
#9275,#9276,#9277,#9278,#9279,#9280,#9281,#9282,#9283,#9284,#9285,#9286,
#9287,#9288,#9289,#9290,#9291,#9292,#9293,#9294,#9295,#9296,#9297,#9298,
#9299,#9300,#9301,#9302,#9303,#9304,#9305,#9306,#9307,#9308,#9309)),
 .SURF_OF_LINEAR_EXTRUSION.,.F.,.F.,.F.,(2,2),(4,2,2,2,2,2,2,2,2,2,2,2,
2,2,2,2,2,2,2,2,2,2,2,2,4),(0.,1.),(0.,0.360935985533758,0.541403978300636,
0.631637974684076,0.676754972875796,0.699313471971655,0.710592721519585,
0.71623234629355,0.719052158680533,0.721871971067515,0.725207022709188,
0.728542074350861,0.735212177634208,0.7485523842009,0.761892590767593,0.768562694050939,
0.771897745692612,0.775232797334285,0.778744784875937,0.782256772417589,
0.789280747500892,0.8033286976675,0.831424598000714,0.887616398667143,1.),
 .UNSPECIFIED.);
#34=B_SPLINE_SURFACE_WITH_KNOTS('',1,3,((#9474,#9475,#9476,#9477,#9478,
#9479,#9480,#9481,#9482,#9483,#9484,#9485,#9486,#9487,#9488,#9489,#9490,
#9491,#9492,#9493,#9494,#9495,#9496,#9497,#9498,#9499,#9500,#9501,#9502,
#9503,#9504,#9505,#9506,#9507,#9508,#9509,#9510,#9511,#9512,#9513,#9514,
#9515,#9516,#9517,#9518,#9519,#9520,#9521,#9522,#9523),(#9524,#9525,#9526,
#9527,#9528,#9529,#9530,#9531,#9532,#9533,#9534,#9535,#9536,#9537,#9538,
#9539,#9540,#9541,#9542,#9543,#9544,#9545,#9546,#9547,#9548,#9549,#9550,
#9551,#9552,#9553,#9554,#9555,#9556,#9557,#9558,#9559,#9560,#9561,#9562,
#9563,#9564,#9565,#9566,#9567,#9568,#9569,#9570,#9571,#9572,#9573)),
 .SURF_OF_LINEAR_EXTRUSION.,.F.,.F.,.F.,(2,2),(4,2,2,2,2,2,2,2,2,2,2,2,
2,2,2,2,2,2,2,2,2,2,2,2,4),(0.,1.),(0.,0.394812486343307,0.59221872951496,
0.690921851100787,0.7402734118937,0.764949192290157,0.777287082488385,0.783456027587499,
0.786540500137056,0.789624972686613,0.793332435461771,0.797039898236929,
0.804454823787244,0.819284674887875,0.834114525988507,0.841529451538822,
0.84523691431398,0.848944377089138,0.85130462119712,0.853664865305102,0.858385353521066,
0.867826329952995,0.886708282816853,0.924472188544569,1.),.UNSPECIFIED.);
#35=B_SPLINE_SURFACE_WITH_KNOTS('',1,3,((#9589,#9590,#9591,#9592,#9593,
#9594,#9595,#9596,#9597,#9598,#9599,#9600,#9601,#9602,#9603,#9604,#9605,
#9606,#9607,#9608,#9609,#9610,#9611,#9612,#9613,#9614,#9615,#9616,#9617,
#9618,#9619,#9620,#9621,#9622,#9623,#9624,#9625,#9626,#9627,#9628,#9629,
#9630,#9631,#9632,#9633,#9634,#9635,#9636,#9637,#9638),(#9639,#9640,#9641,
#9642,#9643,#9644,#9645,#9646,#9647,#9648,#9649,#9650,#9651,#9652,#9653,
#9654,#9655,#9656,#9657,#9658,#9659,#9660,#9661,#9662,#9663,#9664,#9665,
#9666,#9667,#9668,#9669,#9670,#9671,#9672,#9673,#9674,#9675,#9676,#9677,
#9678,#9679,#9680,#9681,#9682,#9683,#9684,#9685,#9686,#9687,#9688)),
 .SURF_OF_LINEAR_EXTRUSION.,.F.,.F.,.F.,(2,2),(4,2,2,2,2,2,2,2,2,2,2,2,
2,2,2,2,2,2,2,2,2,2,2,2,4),(0.,1.),(0.,0.394812486343307,0.59221872951496,
0.690921851100787,0.7402734118937,0.764949192290157,0.777287082488385,0.783456027587499,
0.786540500137056,0.789624972686613,0.793332435461771,0.797039898236929,
0.804454823787244,0.819284674887875,0.834114525988507,0.841529451538822,
0.84523691431398,0.848944377089138,0.85130462119712,0.853664865305102,0.858385353521066,
0.867826329952995,0.886708282816853,0.924472188544569,1.),.UNSPECIFIED.);
#36=B_SPLINE_SURFACE_WITH_KNOTS('',1,3,((#9727,#9728,#9729,#9730,#9731,
#9732,#9733,#9734,#9735,#9736,#9737,#9738,#9739,#9740,#9741,#9742,#9743,
#9744,#9745,#9746,#9747,#9748,#9749,#9750,#9751,#9752,#9753,#9754,#9755,
#9756,#9757,#9758,#9759,#9760,#9761,#9762,#9763,#9764,#9765,#9766,#9767,
#9768,#9769,#9770,#9771,#9772,#9773,#9774,#9775,#9776),(#9777,#9778,#9779,
#9780,#9781,#9782,#9783,#9784,#9785,#9786,#9787,#9788,#9789,#9790,#9791,
#9792,#9793,#9794,#9795,#9796,#9797,#9798,#9799,#9800,#9801,#9802,#9803,
#9804,#9805,#9806,#9807,#9808,#9809,#9810,#9811,#9812,#9813,#9814,#9815,
#9816,#9817,#9818,#9819,#9820,#9821,#9822,#9823,#9824,#9825,#9826)),
 .SURF_OF_LINEAR_EXTRUSION.,.F.,.F.,.F.,(2,2),(4,2,2,2,2,2,2,2,2,2,2,2,
2,2,2,2,2,2,2,2,2,2,2,2,4),(0.,1.),(0.,0.394812486343307,0.59221872951496,
0.690921851100787,0.7402734118937,0.764949192290157,0.777287082488385,0.783456027587499,
0.786540500137056,0.789624972686613,0.793332435461771,0.797039898236929,
0.804454823787244,0.819284674887875,0.834114525988507,0.841529451538822,
0.84523691431398,0.848944377089138,0.85130462119712,0.853664865305102,0.858385353521066,
0.867826329952995,0.886708282816853,0.924472188544569,1.),.UNSPECIFIED.);
#37=B_SPLINE_SURFACE_WITH_KNOTS('',1,3,((#9844,#9845,#9846,#9847,#9848,
#9849,#9850,#9851,#9852,#9853,#9854,#9855,#9856,#9857,#9858,#9859,#9860,
#9861,#9862,#9863,#9864,#9865,#9866,#9867,#9868,#9869,#9870,#9871,#9872,
#9873,#9874,#9875,#9876,#9877,#9878,#9879,#9880,#9881,#9882,#9883,#9884,
#9885,#9886,#9887,#9888,#9889,#9890,#9891,#9892,#9893),(#9894,#9895,#9896,
#9897,#9898,#9899,#9900,#9901,#9902,#9903,#9904,#9905,#9906,#9907,#9908,
#9909,#9910,#9911,#9912,#9913,#9914,#9915,#9916,#9917,#9918,#9919,#9920,
#9921,#9922,#9923,#9924,#9925,#9926,#9927,#9928,#9929,#9930,#9931,#9932,
#9933,#9934,#9935,#9936,#9937,#9938,#9939,#9940,#9941,#9942,#9943)),
 .SURF_OF_LINEAR_EXTRUSION.,.F.,.F.,.F.,(2,2),(4,2,2,2,2,2,2,2,2,2,2,2,
2,2,2,2,2,2,2,2,2,2,2,2,4),(0.,1.),(0.,0.394812486343307,0.59221872951496,
0.690921851100787,0.7402734118937,0.764949192290157,0.777287082488385,0.783456027587499,
0.786540500137056,0.789624972686613,0.793332435461771,0.797039898236929,
0.804454823787244,0.819284674887875,0.834114525988507,0.841529451538822,
0.84523691431398,0.848944377089138,0.85130462119712,0.853664865305102,0.858385353521066,
0.867826329952995,0.886708282816853,0.924472188544569,1.),.UNSPECIFIED.);
#38=(
BOUNDED_CURVE()
B_SPLINE_CURVE(2,(#7440,#7441,#7442,#7443,#7444,#7445,#7446,#7447,#7448,
#7449,#7450,#7451,#7452,#7453,#7454,#7455,#7456,#7457,#7458,#7459,#7460,
#7461,#7462,#7463,#7464,#7465,#7466,#7467,#7468,#7469,#7470,#7471,#7472,
#7473,#7474,#7475,#7476,#7477,#7478,#7479,#7480,#7481,#7482,#7483,#7484,
#7485,#7486,#7487,#7488,#7489,#7490,#7491,#7492,#7493,#7494,#7495,#7496,
#7497,#7498,#7499,#7500,#7501,#7502,#7503,#7504,#7505,#7506,#7507,#7508,
#7509,#7510,#7511,#7512,#7513,#7514,#7515,#7516,#7517,#7518,#7519,#7520,
#7521,#7522,#7523,#7524,#7525,#7526,#7527,#7528,#7529,#7530,#7531,#7532,
#7533,#7534,#7535,#7536,#7537,#7538,#7539,#7540,#7541,#7542,#7543,#7544,
#7545,#7546,#7547,#7548,#7549,#7550,#7551,#7552,#7553,#7554,#7555,#7556,
#7557,#7558,#7559,#7560,#7561,#7562,#7563,#7564,#7565,#7566,#7567,#7568,
#7569,#7570,#7571,#7572,#7573,#7574,#7575,#7576,#7577,#7578,#7579,#7580,
#7581,#7582,#7583,#7584,#7585,#7586,#7587,#7588,#7589,#7590,#7591,#7592,
#7593,#7594,#7595,#7596,#7597,#7598,#7599,#7600,#7601,#7602,#7603,#7604,
#7605,#7606,#7607,#7608,#7609,#7610,#7611,#7612,#7613,#7614,#7615,#7616,
#7617,#7618,#7619,#7620,#7621,#7622,#7623,#7624,#7625,#7626,#7627,#7628,
#7629,#7630,#7631,#7632,#7633,#7634,#7635,#7636,#7637,#7638,#7639,#7640,
#7641,#7642,#7643,#7644,#7645,#7646,#7647,#7648,#7649,#7650,#7651,#7652,
#7653,#7654,#7655,#7656,#7657,#7658,#7659,#7660,#7661,#7662,#7663,#7664),
 .UNSPECIFIED.,.F.,.F.)
B_SPLINE_CURVE_WITH_KNOTS((3,2,2,2,2,2,2,2,2,2,2,2,2,2,2,2,2,2,2,2,2,2,
2,2,2,2,2,2,2,2,2,2,2,2,2,2,2,2,2,2,2,2,2,2,2,2,2,2,2,2,2,2,2,2,2,2,2,2,
2,2,2,2,2,2,2,2,2,2,2,2,2,2,2,2,2,2,2,2,2,2,2,2,2,2,2,2,2,2,2,2,2,2,2,2,
2,2,2,2,2,2,2,2,2,2,2,2,2,2,2,2,2,2,3),(0.,0.00892857142857143,0.0178571428571429,
0.0267857142857143,0.0357142857142857,0.0446428571428571,0.0535714285714286,
0.0625,0.0714285714285714,0.0803571428571429,0.0892857142857143,0.0982142857142857,
0.107142857142857,0.116071428571429,0.125,0.133928571428571,0.142857142857143,
0.151785714285714,0.160714285714286,0.169642857142857,0.178571428571429,
0.1875,0.196428571428571,0.205357142857143,0.214285714285714,0.223214285714286,
0.232142857142857,0.241071428571429,0.25,0.258928571428571,0.267857142857143,
0.276785714285714,0.285714285714286,0.294642857142857,0.303571428571429,
0.3125,0.321428571428571,0.330357142857143,0.339285714285714,0.348214285714286,
0.357142857142857,0.366071428571429,0.375,0.383928571428571,0.392857142857143,
0.401785714285714,0.410714285714286,0.419642857142857,0.428571428571429,
0.4375,0.446428571428571,0.455357142857143,0.464285714285714,0.473214285714286,
0.482142857142857,0.491071428571429,0.5,0.508928571428571,0.517857142857143,
0.526785714285714,0.535714285714286,0.544642857142857,0.553571428571429,
0.5625,0.571428571428571,0.580357142857143,0.589285714285714,0.598214285714286,
0.607142857142857,0.616071428571429,0.625,0.633928571428571,0.642857142857143,
0.651785714285714,0.660714285714286,0.669642857142857,0.678571428571429,
0.6875,0.696428571428571,0.705357142857143,0.714285714285714,0.723214285714286,
0.732142857142857,0.741071428571429,0.75,0.758928571428571,0.767857142857143,
0.776785714285714,0.785714285714286,0.794642857142857,0.803571428571429,
0.8125,0.821428571428571,0.830357142857143,0.839285714285714,0.848214285714286,
0.857142857142857,0.866071428571429,0.875,0.883928571428571,0.892857142857143,
0.901785714285714,0.910714285714286,0.919642857142857,0.928571428571429,
0.9375,0.946428571428571,0.955357142857143,0.964285714285714,0.973214285714286,
0.982142857142857,0.991071428571429,1.),.PIECEWISE_BEZIER_KNOTS.)
CURVE()
GEOMETRIC_REPRESENTATION_ITEM()
RATIONAL_B_SPLINE_CURVE((1.,0.923879532511287,1.,0.923879532511287,1.,0.923879532511287,
1.,0.923879532511287,1.,0.923879532511287,1.,0.923879532511287,1.,0.923879532511287,
1.,0.923879532511287,1.,0.923879532511287,1.,0.923879532511287,1.,0.923879532511287,
1.,0.923879532511287,1.,0.923879532511287,1.,0.923879532511287,1.,0.923879532511287,
1.,0.923879532511287,1.,0.923879532511287,1.,0.923879532511287,1.,0.923879532511287,
1.,0.923879532511287,1.,0.923879532511287,1.,0.923879532511287,1.,0.923879532511287,
1.,0.923879532511287,1.,0.923879532511287,1.,0.923879532511287,1.,0.923879532511287,
1.,0.923879532511287,1.,0.923879532511287,1.,0.923879532511287,1.,0.923879532511287,
1.,0.923879532511287,1.,0.923879532511287,1.,0.923879532511287,1.,0.923879532511287,
1.,0.923879532511287,1.,0.923879532511287,1.,0.923879532511287,1.,0.923879532511287,
1.,0.923879532511287,1.,0.923879532511287,1.,0.923879532511287,1.,0.923879532511287,
1.,0.923879532511287,1.,0.923879532511287,1.,0.923879532511287,1.,0.923879532511287,
1.,0.923879532511287,1.,0.923879532511287,1.,0.923879532511287,1.,0.923879532511287,
1.,0.923879532511287,1.,0.923879532511287,1.,0.923879532511287,1.,0.923879532511287,
1.,0.923879532511287,1.,0.923879532511287,1.,0.923879532511287,1.,0.923879532511287,
1.,0.923879532511287,1.,0.923879532511287,1.,0.923879532511287,1.,0.923879532511287,
1.,0.923879532511287,1.,0.923879532511287,1.,0.923879532511287,1.,0.923879532511287,
1.,0.923879532511287,1.,0.923879532511287,1.,0.923879532511287,1.,0.923879532511287,
1.,0.923879532511287,1.,0.923879532511287,1.,0.923879532511287,1.,0.923879532511287,
1.,0.923879532511287,1.,0.923879532511287,1.,0.923879532511287,1.,0.923879532511287,
1.,0.923879532511287,1.,0.923879532511287,1.,0.923879532511287,1.,0.923879532511287,
1.,0.923879532511287,1.,0.923879532511287,1.,0.923879532511287,1.,0.923879532511287,
1.,0.923879532511287,1.,0.923879532511287,1.,0.923879532511287,1.,0.923879532511287,
1.,0.923879532511287,1.,0.923879532511287,1.,0.923879532511287,1.,0.923879532511287,
1.,0.923879532511287,1.,0.923879532511287,1.,0.923879532511287,1.,0.923879532511287,
1.,0.923879532511287,1.,0.923879532511287,1.,0.923879532511287,1.,0.923879532511287,
1.,0.923879532511287,1.,0.923879532511287,1.,0.923879532511287,1.,0.923879532511287,
1.,0.923879532511287,1.,0.923879532511287,1.,0.923879532511287,1.,0.923879532511287,
1.,0.923879532511287,1.))
REPRESENTATION_ITEM('')
);
#39=(
BOUNDED_CURVE()
B_SPLINE_CURVE(2,(#7674,#7675,#7676,#7677,#7678,#7679,#7680,#7681,#7682,
#7683,#7684,#7685,#7686,#7687,#7688,#7689,#7690,#7691,#7692,#7693,#7694,
#7695,#7696,#7697,#7698,#7699,#7700,#7701,#7702,#7703,#7704,#7705,#7706,
#7707,#7708,#7709,#7710,#7711,#7712,#7713,#7714,#7715,#7716,#7717,#7718,
#7719,#7720,#7721,#7722,#7723,#7724,#7725,#7726,#7727,#7728,#7729,#7730,
#7731,#7732,#7733,#7734,#7735,#7736,#7737,#7738,#7739,#7740,#7741,#7742,
#7743,#7744,#7745,#7746,#7747,#7748,#7749,#7750,#7751,#7752,#7753,#7754,
#7755,#7756,#7757,#7758,#7759,#7760,#7761,#7762,#7763,#7764,#7765,#7766,
#7767,#7768,#7769,#7770,#7771,#7772,#7773,#7774,#7775,#7776,#7777,#7778,
#7779,#7780,#7781,#7782,#7783,#7784,#7785,#7786,#7787,#7788,#7789,#7790,
#7791,#7792,#7793,#7794,#7795,#7796,#7797,#7798,#7799,#7800,#7801,#7802,
#7803,#7804,#7805,#7806,#7807,#7808,#7809,#7810,#7811,#7812,#7813,#7814,
#7815,#7816,#7817,#7818,#7819,#7820,#7821,#7822,#7823,#7824,#7825,#7826,
#7827,#7828,#7829,#7830,#7831,#7832,#7833,#7834,#7835,#7836,#7837,#7838,
#7839,#7840,#7841,#7842,#7843,#7844,#7845,#7846,#7847,#7848,#7849,#7850,
#7851,#7852,#7853,#7854,#7855,#7856,#7857,#7858,#7859,#7860,#7861,#7862,
#7863,#7864,#7865,#7866,#7867,#7868,#7869,#7870,#7871,#7872,#7873,#7874,
#7875,#7876,#7877,#7878,#7879,#7880,#7881,#7882,#7883,#7884,#7885,#7886,
#7887,#7888,#7889,#7890,#7891,#7892,#7893,#7894,#7895,#7896,#7897,#7898),
 .UNSPECIFIED.,.F.,.F.)
B_SPLINE_CURVE_WITH_KNOTS((3,2,2,2,2,2,2,2,2,2,2,2,2,2,2,2,2,2,2,2,2,2,
2,2,2,2,2,2,2,2,2,2,2,2,2,2,2,2,2,2,2,2,2,2,2,2,2,2,2,2,2,2,2,2,2,2,2,2,
2,2,2,2,2,2,2,2,2,2,2,2,2,2,2,2,2,2,2,2,2,2,2,2,2,2,2,2,2,2,2,2,2,2,2,2,
2,2,2,2,2,2,2,2,2,2,2,2,2,2,2,2,2,2,3),(0.,0.00892857142857143,0.0178571428571429,
0.0267857142857143,0.0357142857142857,0.0446428571428571,0.0535714285714286,
0.0625,0.0714285714285714,0.0803571428571429,0.0892857142857143,0.0982142857142857,
0.107142857142857,0.116071428571429,0.125,0.133928571428571,0.142857142857143,
0.151785714285714,0.160714285714286,0.169642857142857,0.178571428571429,
0.1875,0.196428571428571,0.205357142857143,0.214285714285714,0.223214285714286,
0.232142857142857,0.241071428571429,0.25,0.258928571428571,0.267857142857143,
0.276785714285714,0.285714285714286,0.294642857142857,0.303571428571429,
0.3125,0.321428571428571,0.330357142857143,0.339285714285714,0.348214285714286,
0.357142857142857,0.366071428571429,0.375,0.383928571428571,0.392857142857143,
0.401785714285714,0.410714285714286,0.419642857142857,0.428571428571429,
0.4375,0.446428571428571,0.455357142857143,0.464285714285714,0.473214285714286,
0.482142857142857,0.491071428571429,0.5,0.508928571428571,0.517857142857143,
0.526785714285714,0.535714285714286,0.544642857142857,0.553571428571429,
0.5625,0.571428571428571,0.580357142857143,0.589285714285714,0.598214285714286,
0.607142857142857,0.616071428571429,0.625,0.633928571428571,0.642857142857143,
0.651785714285714,0.660714285714286,0.669642857142857,0.678571428571429,
0.6875,0.696428571428571,0.705357142857143,0.714285714285714,0.723214285714286,
0.732142857142857,0.741071428571429,0.75,0.758928571428571,0.767857142857143,
0.776785714285714,0.785714285714286,0.794642857142857,0.803571428571429,
0.8125,0.821428571428571,0.830357142857143,0.839285714285714,0.848214285714286,
0.857142857142857,0.866071428571429,0.875,0.883928571428571,0.892857142857143,
0.901785714285714,0.910714285714286,0.919642857142857,0.928571428571429,
0.9375,0.946428571428571,0.955357142857143,0.964285714285714,0.973214285714286,
0.982142857142857,0.991071428571429,1.),.UNSPECIFIED.)
CURVE()
GEOMETRIC_REPRESENTATION_ITEM()
RATIONAL_B_SPLINE_CURVE((1.,0.923879532511287,1.,0.923879532511287,1.,0.923879532511287,
1.,0.923879532511287,1.,0.923879532511287,1.,0.923879532511287,1.,0.923879532511287,
1.,0.923879532511287,1.,0.923879532511287,1.,0.923879532511287,1.,0.923879532511287,
1.,0.923879532511287,1.,0.923879532511287,1.,0.923879532511287,1.,0.923879532511287,
1.,0.923879532511287,1.,0.923879532511287,1.,0.923879532511287,1.,0.923879532511287,
1.,0.923879532511287,1.,0.923879532511287,1.,0.923879532511287,1.,0.923879532511287,
1.,0.923879532511287,1.,0.923879532511287,1.,0.923879532511287,1.,0.923879532511287,
1.,0.923879532511287,1.,0.923879532511287,1.,0.923879532511287,1.,0.923879532511287,
1.,0.923879532511287,1.,0.923879532511287,1.,0.923879532511287,1.,0.923879532511287,
1.,0.923879532511287,1.,0.923879532511287,1.,0.923879532511287,1.,0.923879532511287,
1.,0.923879532511287,1.,0.923879532511287,1.,0.923879532511287,1.,0.923879532511287,
1.,0.923879532511287,1.,0.923879532511287,1.,0.923879532511287,1.,0.923879532511287,
1.,0.923879532511287,1.,0.923879532511287,1.,0.923879532511287,1.,0.923879532511287,
1.,0.923879532511287,1.,0.923879532511287,1.,0.923879532511287,1.,0.923879532511287,
1.,0.923879532511287,1.,0.923879532511287,1.,0.923879532511287,1.,0.923879532511287,
1.,0.923879532511287,1.,0.923879532511287,1.,0.923879532511287,1.,0.923879532511287,
1.,0.923879532511287,1.,0.923879532511287,1.,0.923879532511287,1.,0.923879532511287,
1.,0.923879532511287,1.,0.923879532511287,1.,0.923879532511287,1.,0.923879532511287,
1.,0.923879532511287,1.,0.923879532511287,1.,0.923879532511287,1.,0.923879532511287,
1.,0.923879532511287,1.,0.923879532511287,1.,0.923879532511287,1.,0.923879532511287,
1.,0.923879532511287,1.,0.923879532511287,1.,0.923879532511287,1.,0.923879532511287,
1.,0.923879532511287,1.,0.923879532511287,1.,0.923879532511287,1.,0.923879532511287,
1.,0.923879532511287,1.,0.923879532511287,1.,0.923879532511287,1.,0.923879532511287,
1.,0.923879532511287,1.,0.923879532511287,1.,0.923879532511287,1.,0.923879532511287,
1.,0.923879532511287,1.,0.923879532511287,1.,0.923879532511287,1.,0.923879532511287,
1.,0.923879532511287,1.,0.923879532511287,1.,0.923879532511287,1.,0.923879532511287,
1.,0.923879532511287,1.,0.923879532511287,1.,0.923879532511287,1.,0.923879532511287,
1.,0.923879532511287,1.,0.923879532511287,1.,0.923879532511287,1.,0.923879532511287,
1.,0.923879532511287,1.))
REPRESENTATION_ITEM('')
);
#40=(
BOUNDED_CURVE()
B_SPLINE_CURVE(2,(#8351,#8352,#8353,#8354,#8355,#8356,#8357,#8358,#8359,
#8360,#8361,#8362,#8363,#8364,#8365,#8366,#8367,#8368,#8369,#8370,#8371,
#8372,#8373,#8374,#8375,#8376,#8377,#8378,#8379,#8380,#8381,#8382,#8383,
#8384,#8385,#8386,#8387,#8388,#8389,#8390,#8391,#8392,#8393,#8394,#8395,
#8396,#8397,#8398,#8399,#8400,#8401,#8402,#8403,#8404,#8405,#8406,#8407,
#8408,#8409,#8410,#8411,#8412,#8413,#8414,#8415,#8416,#8417,#8418,#8419,
#8420,#8421,#8422,#8423,#8424,#8425,#8426,#8427,#8428,#8429,#8430,#8431,
#8432,#8433,#8434,#8435,#8436,#8437,#8438,#8439,#8440,#8441,#8442,#8443,
#8444,#8445,#8446,#8447,#8448,#8449,#8450,#8451,#8452,#8453,#8454,#8455,
#8456,#8457,#8458,#8459,#8460,#8461,#8462,#8463,#8464,#8465,#8466,#8467,
#8468,#8469,#8470,#8471,#8472,#8473,#8474,#8475,#8476,#8477,#8478,#8479,
#8480,#8481,#8482,#8483,#8484,#8485,#8486,#8487,#8488,#8489,#8490,#8491,
#8492,#8493,#8494,#8495,#8496,#8497,#8498,#8499,#8500,#8501,#8502,#8503,
#8504,#8505,#8506,#8507,#8508,#8509,#8510,#8511,#8512,#8513,#8514,#8515,
#8516,#8517,#8518,#8519,#8520,#8521,#8522,#8523,#8524,#8525,#8526,#8527,
#8528,#8529,#8530,#8531,#8532,#8533,#8534,#8535,#8536,#8537,#8538,#8539,
#8540,#8541,#8542,#8543,#8544,#8545,#8546,#8547,#8548,#8549,#8550,#8551,
#8552,#8553,#8554,#8555,#8556,#8557,#8558,#8559,#8560,#8561,#8562,#8563,
#8564,#8565,#8566,#8567,#8568,#8569,#8570,#8571,#8572,#8573,#8574,#8575),
 .UNSPECIFIED.,.F.,.F.)
B_SPLINE_CURVE_WITH_KNOTS((3,2,2,2,2,2,2,2,2,2,2,2,2,2,2,2,2,2,2,2,2,2,
2,2,2,2,2,2,2,2,2,2,2,2,2,2,2,2,2,2,2,2,2,2,2,2,2,2,2,2,2,2,2,2,2,2,2,2,
2,2,2,2,2,2,2,2,2,2,2,2,2,2,2,2,2,2,2,2,2,2,2,2,2,2,2,2,2,2,2,2,2,2,2,2,
2,2,2,2,2,2,2,2,2,2,2,2,2,2,2,2,2,2,3),(0.,0.00892857142857143,0.0178571428571429,
0.0267857142857143,0.0357142857142857,0.0446428571428571,0.0535714285714286,
0.0625,0.0714285714285714,0.0803571428571429,0.0892857142857143,0.0982142857142857,
0.107142857142857,0.116071428571429,0.125,0.133928571428571,0.142857142857143,
0.151785714285714,0.160714285714286,0.169642857142857,0.178571428571429,
0.1875,0.196428571428571,0.205357142857143,0.214285714285714,0.223214285714286,
0.232142857142857,0.241071428571429,0.25,0.258928571428571,0.267857142857143,
0.276785714285714,0.285714285714286,0.294642857142857,0.303571428571429,
0.3125,0.321428571428571,0.330357142857143,0.339285714285714,0.348214285714286,
0.357142857142857,0.366071428571429,0.375,0.383928571428571,0.392857142857143,
0.401785714285714,0.410714285714286,0.419642857142857,0.428571428571429,
0.4375,0.446428571428571,0.455357142857143,0.464285714285714,0.473214285714286,
0.482142857142857,0.491071428571429,0.5,0.508928571428571,0.517857142857143,
0.526785714285714,0.535714285714286,0.544642857142857,0.553571428571429,
0.5625,0.571428571428571,0.580357142857143,0.589285714285714,0.598214285714286,
0.607142857142857,0.616071428571429,0.625,0.633928571428571,0.642857142857143,
0.651785714285714,0.660714285714286,0.669642857142857,0.678571428571429,
0.6875,0.696428571428571,0.705357142857143,0.714285714285714,0.723214285714286,
0.732142857142857,0.741071428571429,0.75,0.758928571428571,0.767857142857143,
0.776785714285714,0.785714285714286,0.794642857142857,0.803571428571429,
0.8125,0.821428571428571,0.830357142857143,0.839285714285714,0.848214285714286,
0.857142857142857,0.866071428571429,0.875,0.883928571428571,0.892857142857143,
0.901785714285714,0.910714285714286,0.919642857142857,0.928571428571429,
0.9375,0.946428571428571,0.955357142857143,0.964285714285714,0.973214285714286,
0.982142857142857,0.991071428571429,1.),.PIECEWISE_BEZIER_KNOTS.)
CURVE()
GEOMETRIC_REPRESENTATION_ITEM()
RATIONAL_B_SPLINE_CURVE((1.,0.923879532511287,1.,0.923879532511287,1.,0.923879532511287,
1.,0.923879532511287,1.,0.923879532511287,1.,0.923879532511287,1.,0.923879532511287,
1.,0.923879532511287,1.,0.923879532511287,1.,0.923879532511287,1.,0.923879532511287,
1.,0.923879532511287,1.,0.923879532511287,1.,0.923879532511287,1.,0.923879532511287,
1.,0.923879532511287,1.,0.923879532511287,1.,0.923879532511287,1.,0.923879532511287,
1.,0.923879532511287,1.,0.923879532511287,1.,0.923879532511287,1.,0.923879532511287,
1.,0.923879532511287,1.,0.923879532511287,1.,0.923879532511287,1.,0.923879532511287,
1.,0.923879532511287,1.,0.923879532511287,1.,0.923879532511287,1.,0.923879532511287,
1.,0.923879532511287,1.,0.923879532511287,1.,0.923879532511287,1.,0.923879532511287,
1.,0.923879532511287,1.,0.923879532511287,1.,0.923879532511287,1.,0.923879532511287,
1.,0.923879532511287,1.,0.923879532511287,1.,0.923879532511287,1.,0.923879532511287,
1.,0.923879532511287,1.,0.923879532511287,1.,0.923879532511287,1.,0.923879532511287,
1.,0.923879532511287,1.,0.923879532511287,1.,0.923879532511287,1.,0.923879532511287,
1.,0.923879532511287,1.,0.923879532511287,1.,0.923879532511287,1.,0.923879532511287,
1.,0.923879532511287,1.,0.923879532511287,1.,0.923879532511287,1.,0.923879532511287,
1.,0.923879532511287,1.,0.923879532511287,1.,0.923879532511287,1.,0.923879532511287,
1.,0.923879532511287,1.,0.923879532511287,1.,0.923879532511287,1.,0.923879532511287,
1.,0.923879532511287,1.,0.923879532511287,1.,0.923879532511287,1.,0.923879532511287,
1.,0.923879532511287,1.,0.923879532511287,1.,0.923879532511287,1.,0.923879532511287,
1.,0.923879532511287,1.,0.923879532511287,1.,0.923879532511287,1.,0.923879532511287,
1.,0.923879532511287,1.,0.923879532511287,1.,0.923879532511287,1.,0.923879532511287,
1.,0.923879532511287,1.,0.923879532511287,1.,0.923879532511287,1.,0.923879532511287,
1.,0.923879532511287,1.,0.923879532511287,1.,0.923879532511287,1.,0.923879532511287,
1.,0.923879532511287,1.,0.923879532511287,1.,0.923879532511287,1.,0.923879532511287,
1.,0.923879532511287,1.,0.923879532511287,1.,0.923879532511287,1.,0.923879532511287,
1.,0.923879532511287,1.,0.923879532511287,1.,0.923879532511287,1.,0.923879532511287,
1.,0.923879532511287,1.,0.923879532511287,1.,0.923879532511287,1.,0.923879532511287,
1.,0.923879532511287,1.,0.923879532511287,1.,0.923879532511287,1.,0.923879532511287,
1.,0.923879532511287,1.))
REPRESENTATION_ITEM('')
);
#41=(
BOUNDED_SURFACE()
B_SPLINE_SURFACE(1,2,((#7010,#7011,#7012,#7013,#7014,#7015,#7016,#7017,
#7018,#7019,#7020,#7021,#7022,#7023,#7024,#7025,#7026,#7027,#7028,#7029,
#7030,#7031,#7032,#7033,#7034,#7035,#7036,#7037,#7038,#7039,#7040,#7041,
#7042,#7043,#7044,#7045,#7046,#7047,#7048,#7049,#7050,#7051,#7052,#7053,
#7054,#7055,#7056,#7057,#7058,#7059,#7060,#7061,#7062,#7063,#7064,#7065,
#7066,#7067,#7068,#7069,#7070,#7071,#7072,#7073,#7074,#7075,#7076,#7077,
#7078,#7079,#7080,#7081,#7082,#7083,#7084,#7085,#7086,#7087,#7088,#7089,
#7090,#7091,#7092,#7093,#7094,#7095,#7096,#7097,#7098,#7099,#7100,#7101,
#7102,#7103,#7104,#7105,#7106,#7107,#7108,#7109,#7110,#7111,#7112,#7113,
#7114,#7115,#7116,#7117,#7118,#7119,#7120,#7121,#7122,#7123,#7124,#7125,
#7126,#7127,#7128,#7129,#7130,#7131,#7132,#7133,#7134,#7135,#7136,#7137,
#7138,#7139,#7140,#7141,#7142,#7143,#7144,#7145,#7146,#7147,#7148,#7149,
#7150,#7151,#7152,#7153,#7154,#7155,#7156,#7157,#7158,#7159,#7160,#7161,
#7162,#7163,#7164,#7165,#7166,#7167,#7168,#7169,#7170,#7171,#7172,#7173,
#7174,#7175,#7176,#7177,#7178,#7179,#7180,#7181,#7182,#7183,#7184,#7185,
#7186,#7187,#7188,#7189,#7190,#7191,#7192,#7193,#7194,#7195,#7196,#7197,
#7198,#7199,#7200,#7201,#7202,#7203,#7204,#7205,#7206,#7207,#7208,#7209,
#7210,#7211,#7212,#7213,#7214,#7215,#7216,#7217,#7218,#7219,#7220,#7221,
#7222,#7223,#7224),(#7225,#7226,#7227,#7228,#7229,#7230,#7231,#7232,#7233,
#7234,#7235,#7236,#7237,#7238,#7239,#7240,#7241,#7242,#7243,#7244,#7245,
#7246,#7247,#7248,#7249,#7250,#7251,#7252,#7253,#7254,#7255,#7256,#7257,
#7258,#7259,#7260,#7261,#7262,#7263,#7264,#7265,#7266,#7267,#7268,#7269,
#7270,#7271,#7272,#7273,#7274,#7275,#7276,#7277,#7278,#7279,#7280,#7281,
#7282,#7283,#7284,#7285,#7286,#7287,#7288,#7289,#7290,#7291,#7292,#7293,
#7294,#7295,#7296,#7297,#7298,#7299,#7300,#7301,#7302,#7303,#7304,#7305,
#7306,#7307,#7308,#7309,#7310,#7311,#7312,#7313,#7314,#7315,#7316,#7317,
#7318,#7319,#7320,#7321,#7322,#7323,#7324,#7325,#7326,#7327,#7328,#7329,
#7330,#7331,#7332,#7333,#7334,#7335,#7336,#7337,#7338,#7339,#7340,#7341,
#7342,#7343,#7344,#7345,#7346,#7347,#7348,#7349,#7350,#7351,#7352,#7353,
#7354,#7355,#7356,#7357,#7358,#7359,#7360,#7361,#7362,#7363,#7364,#7365,
#7366,#7367,#7368,#7369,#7370,#7371,#7372,#7373,#7374,#7375,#7376,#7377,
#7378,#7379,#7380,#7381,#7382,#7383,#7384,#7385,#7386,#7387,#7388,#7389,
#7390,#7391,#7392,#7393,#7394,#7395,#7396,#7397,#7398,#7399,#7400,#7401,
#7402,#7403,#7404,#7405,#7406,#7407,#7408,#7409,#7410,#7411,#7412,#7413,
#7414,#7415,#7416,#7417,#7418,#7419,#7420,#7421,#7422,#7423,#7424,#7425,
#7426,#7427,#7428,#7429,#7430,#7431,#7432,#7433,#7434,#7435,#7436,#7437,
#7438,#7439)),.UNSPECIFIED.,.F.,.F.,.F.)
B_SPLINE_SURFACE_WITH_KNOTS((2,2),(3,2,2,2,2,2,2,2,2,2,2,2,2,2,2,2,2,2,
2,2,2,2,2,2,2,2,2,2,2,2,2,2,2,2,2,2,2,2,2,2,2,2,2,2,2,2,2,2,2,2,2,2,2,2,
2,2,2,2,2,2,2,2,2,2,2,2,2,2,2,2,2,2,2,2,2,2,2,2,2,2,2,2,2,2,2,2,2,2,2,2,
2,2,2,2,2,2,2,2,2,2,2,2,2,2,2,2,2,3),(0.,0.939677774199763),(0.0473648084817535,
0.0535714285714286,0.0625,0.0714285714285714,0.0803571428571429,0.0892857142857143,
0.0982142857142857,0.107142857142857,0.116071428571429,0.125,0.133928571428571,
0.142857142857143,0.151785714285714,0.160714285714286,0.169642857142857,
0.178571428571429,0.1875,0.196428571428571,0.205357142857143,0.214285714285714,
0.223214285714286,0.232142857142857,0.241071428571429,0.25,0.258928571428571,
0.267857142857143,0.276785714285714,0.285714285714286,0.294642857142857,
0.303571428571429,0.3125,0.321428571428571,0.330357142857143,0.339285714285714,
0.348214285714286,0.357142857142857,0.366071428571429,0.375,0.383928571428571,
0.392857142857143,0.401785714285714,0.410714285714286,0.419642857142857,
0.428571428571429,0.4375,0.446428571428571,0.455357142857143,0.464285714285714,
0.473214285714286,0.482142857142857,0.491071428571429,0.5,0.508928571428571,
0.517857142857143,0.526785714285714,0.535714285714286,0.544642857142857,
0.553571428571429,0.5625,0.571428571428571,0.580357142857143,0.589285714285714,
0.598214285714286,0.607142857142857,0.616071428571429,0.625,0.633928571428571,
0.642857142857143,0.651785714285714,0.660714285714286,0.669642857142857,
0.678571428571429,0.6875,0.696428571428571,0.705357142857143,0.714285714285714,
0.723214285714286,0.732142857142857,0.741071428571429,0.75,0.758928571428571,
0.767857142857143,0.776785714285714,0.785714285714286,0.794642857142857,
0.803571428571429,0.8125,0.821428571428571,0.830357142857143,0.839285714285714,
0.848214285714286,0.857142857142857,0.866071428571429,0.875,0.883928571428571,
0.892857142857143,0.901785714285714,0.910714285714286,0.919642857142857,
0.928571428571429,0.9375,0.946428571428571,0.955357142857143,0.964285714285714,
0.973214285714286,0.982142857142857,0.991071428571429,1.),
 .PIECEWISE_BEZIER_KNOTS.)
GEOMETRIC_REPRESENTATION_ITEM()
RATIONAL_B_SPLINE_SURFACE(((0.967737129304102,0.947085507851898,1.,0.923879532511287,
1.,0.923879532511287,1.,0.923879532511287,1.,0.923879532511287,1.,0.923879532511287,
1.,0.923879532511287,1.,0.923879532511287,1.,0.923879532511287,1.,0.923879532511287,
1.,0.923879532511287,1.,0.923879532511287,1.,0.923879532511287,1.,0.923879532511287,
1.,0.923879532511287,1.,0.923879532511287,1.,0.923879532511287,1.,0.923879532511287,
1.,0.923879532511287,1.,0.923879532511287,1.,0.923879532511287,1.,0.923879532511287,
1.,0.923879532511287,1.,0.923879532511287,1.,0.923879532511287,1.,0.923879532511287,
1.,0.923879532511287,1.,0.923879532511287,1.,0.923879532511287,1.,0.923879532511287,
1.,0.923879532511287,1.,0.923879532511287,1.,0.923879532511287,1.,0.923879532511287,
1.,0.923879532511287,1.,0.923879532511287,1.,0.923879532511287,1.,0.923879532511287,
1.,0.923879532511287,1.,0.923879532511287,1.,0.923879532511287,1.,0.923879532511287,
1.,0.923879532511287,1.,0.923879532511287,1.,0.923879532511287,1.,0.923879532511287,
1.,0.923879532511287,1.,0.923879532511287,1.,0.923879532511287,1.,0.923879532511287,
1.,0.923879532511287,1.,0.923879532511287,1.,0.923879532511287,1.,0.923879532511287,
1.,0.923879532511287,1.,0.923879532511287,1.,0.923879532511287,1.,0.923879532511287,
1.,0.923879532511287,1.,0.923879532511287,1.,0.923879532511287,1.,0.923879532511287,
1.,0.923879532511287,1.,0.923879532511287,1.,0.923879532511287,1.,0.923879532511287,
1.,0.923879532511287,1.,0.923879532511287,1.,0.923879532511287,1.,0.923879532511287,
1.,0.923879532511287,1.,0.923879532511287,1.,0.923879532511287,1.,0.923879532511287,
1.,0.923879532511287,1.,0.923879532511287,1.,0.923879532511287,1.,0.923879532511287,
1.,0.923879532511287,1.,0.923879532511287,1.,0.923879532511287,1.,0.923879532511287,
1.,0.923879532511287,1.,0.923879532511287,1.,0.923879532511287,1.,0.923879532511287,
1.,0.923879532511287,1.,0.923879532511287,1.,0.923879532511287,1.,0.923879532511287,
1.,0.923879532511287,1.,0.923879532511287,1.,0.923879532511287,1.,0.923879532511287,
1.,0.923879532511287,1.,0.923879532511287,1.,0.923879532511287,1.,0.923879532511287,
1.,0.923879532511287,1.,0.923879532511287,1.,0.923879532511287,1.,0.923879532511287,
1.,0.923879532511287,1.,0.923879532511287,1.,0.923879532511287,1.,0.923879532511287,
1.,0.923879532511287,1.),(0.967737129304102,0.947085507851898,1.,0.923879532511287,
1.,0.923879532511287,1.,0.923879532511287,1.,0.923879532511287,1.,0.923879532511287,
1.,0.923879532511287,1.,0.923879532511287,1.,0.923879532511287,1.,0.923879532511287,
1.,0.923879532511287,1.,0.923879532511287,1.,0.923879532511287,1.,0.923879532511287,
1.,0.923879532511287,1.,0.923879532511287,1.,0.923879532511287,1.,0.923879532511287,
1.,0.923879532511287,1.,0.923879532511287,1.,0.923879532511287,1.,0.923879532511287,
1.,0.923879532511287,1.,0.923879532511287,1.,0.923879532511287,1.,0.923879532511287,
1.,0.923879532511287,1.,0.923879532511287,1.,0.923879532511287,1.,0.923879532511287,
1.,0.923879532511287,1.,0.923879532511287,1.,0.923879532511287,1.,0.923879532511287,
1.,0.923879532511287,1.,0.923879532511287,1.,0.923879532511287,1.,0.923879532511287,
1.,0.923879532511287,1.,0.923879532511287,1.,0.923879532511287,1.,0.923879532511287,
1.,0.923879532511287,1.,0.923879532511287,1.,0.923879532511287,1.,0.923879532511287,
1.,0.923879532511287,1.,0.923879532511287,1.,0.923879532511287,1.,0.923879532511287,
1.,0.923879532511287,1.,0.923879532511287,1.,0.923879532511287,1.,0.923879532511287,
1.,0.923879532511287,1.,0.923879532511287,1.,0.923879532511287,1.,0.923879532511287,
1.,0.923879532511287,1.,0.923879532511287,1.,0.923879532511287,1.,0.923879532511287,
1.,0.923879532511287,1.,0.923879532511287,1.,0.923879532511287,1.,0.923879532511287,
1.,0.923879532511287,1.,0.923879532511287,1.,0.923879532511287,1.,0.923879532511287,
1.,0.923879532511287,1.,0.923879532511287,1.,0.923879532511287,1.,0.923879532511287,
1.,0.923879532511287,1.,0.923879532511287,1.,0.923879532511287,1.,0.923879532511287,
1.,0.923879532511287,1.,0.923879532511287,1.,0.923879532511287,1.,0.923879532511287,
1.,0.923879532511287,1.,0.923879532511287,1.,0.923879532511287,1.,0.923879532511287,
1.,0.923879532511287,1.,0.923879532511287,1.,0.923879532511287,1.,0.923879532511287,
1.,0.923879532511287,1.,0.923879532511287,1.,0.923879532511287,1.,0.923879532511287,
1.,0.923879532511287,1.,0.923879532511287,1.,0.923879532511287,1.,0.923879532511287,
1.,0.923879532511287,1.,0.923879532511287,1.,0.923879532511287,1.,0.923879532511287,
1.,0.923879532511287,1.,0.923879532511287,1.,0.923879532511287,1.,0.923879532511287,
1.,0.923879532511287,1.)))
REPRESENTATION_ITEM('')
SURFACE()
);
#42=(
BOUNDED_SURFACE()
B_SPLINE_SURFACE(1,2,((#7921,#7922,#7923,#7924,#7925,#7926,#7927,#7928,
#7929,#7930,#7931,#7932,#7933,#7934,#7935,#7936,#7937,#7938,#7939,#7940,
#7941,#7942,#7943,#7944,#7945,#7946,#7947,#7948,#7949,#7950,#7951,#7952,
#7953,#7954,#7955,#7956,#7957,#7958,#7959,#7960,#7961,#7962,#7963,#7964,
#7965,#7966,#7967,#7968,#7969,#7970,#7971,#7972,#7973,#7974,#7975,#7976,
#7977,#7978,#7979,#7980,#7981,#7982,#7983,#7984,#7985,#7986,#7987,#7988,
#7989,#7990,#7991,#7992,#7993,#7994,#7995,#7996,#7997,#7998,#7999,#8000,
#8001,#8002,#8003,#8004,#8005,#8006,#8007,#8008,#8009,#8010,#8011,#8012,
#8013,#8014,#8015,#8016,#8017,#8018,#8019,#8020,#8021,#8022,#8023,#8024,
#8025,#8026,#8027,#8028,#8029,#8030,#8031,#8032,#8033,#8034,#8035,#8036,
#8037,#8038,#8039,#8040,#8041,#8042,#8043,#8044,#8045,#8046,#8047,#8048,
#8049,#8050,#8051,#8052,#8053,#8054,#8055,#8056,#8057,#8058,#8059,#8060,
#8061,#8062,#8063,#8064,#8065,#8066,#8067,#8068,#8069,#8070,#8071,#8072,
#8073,#8074,#8075,#8076,#8077,#8078,#8079,#8080,#8081,#8082,#8083,#8084,
#8085,#8086,#8087,#8088,#8089,#8090,#8091,#8092,#8093,#8094,#8095,#8096,
#8097,#8098,#8099,#8100,#8101,#8102,#8103,#8104,#8105,#8106,#8107,#8108,
#8109,#8110,#8111,#8112,#8113,#8114,#8115,#8116,#8117,#8118,#8119,#8120,
#8121,#8122,#8123,#8124,#8125,#8126,#8127,#8128,#8129,#8130,#8131,#8132,
#8133,#8134,#8135),(#8136,#8137,#8138,#8139,#8140,#8141,#8142,#8143,#8144,
#8145,#8146,#8147,#8148,#8149,#8150,#8151,#8152,#8153,#8154,#8155,#8156,
#8157,#8158,#8159,#8160,#8161,#8162,#8163,#8164,#8165,#8166,#8167,#8168,
#8169,#8170,#8171,#8172,#8173,#8174,#8175,#8176,#8177,#8178,#8179,#8180,
#8181,#8182,#8183,#8184,#8185,#8186,#8187,#8188,#8189,#8190,#8191,#8192,
#8193,#8194,#8195,#8196,#8197,#8198,#8199,#8200,#8201,#8202,#8203,#8204,
#8205,#8206,#8207,#8208,#8209,#8210,#8211,#8212,#8213,#8214,#8215,#8216,
#8217,#8218,#8219,#8220,#8221,#8222,#8223,#8224,#8225,#8226,#8227,#8228,
#8229,#8230,#8231,#8232,#8233,#8234,#8235,#8236,#8237,#8238,#8239,#8240,
#8241,#8242,#8243,#8244,#8245,#8246,#8247,#8248,#8249,#8250,#8251,#8252,
#8253,#8254,#8255,#8256,#8257,#8258,#8259,#8260,#8261,#8262,#8263,#8264,
#8265,#8266,#8267,#8268,#8269,#8270,#8271,#8272,#8273,#8274,#8275,#8276,
#8277,#8278,#8279,#8280,#8281,#8282,#8283,#8284,#8285,#8286,#8287,#8288,
#8289,#8290,#8291,#8292,#8293,#8294,#8295,#8296,#8297,#8298,#8299,#8300,
#8301,#8302,#8303,#8304,#8305,#8306,#8307,#8308,#8309,#8310,#8311,#8312,
#8313,#8314,#8315,#8316,#8317,#8318,#8319,#8320,#8321,#8322,#8323,#8324,
#8325,#8326,#8327,#8328,#8329,#8330,#8331,#8332,#8333,#8334,#8335,#8336,
#8337,#8338,#8339,#8340,#8341,#8342,#8343,#8344,#8345,#8346,#8347,#8348,
#8349,#8350)),.UNSPECIFIED.,.F.,.F.,.F.)
B_SPLINE_SURFACE_WITH_KNOTS((2,2),(3,2,2,2,2,2,2,2,2,2,2,2,2,2,2,2,2,2,
2,2,2,2,2,2,2,2,2,2,2,2,2,2,2,2,2,2,2,2,2,2,2,2,2,2,2,2,2,2,2,2,2,2,2,2,
2,2,2,2,2,2,2,2,2,2,2,2,2,2,2,2,2,2,2,2,2,2,2,2,2,2,2,2,2,2,2,2,2,2,2,2,
2,2,2,2,2,2,2,2,2,2,2,2,2,2,2,2,2,3),(0.0603222258002379,1.),(0.0473648084817535,
0.0535714285714286,0.0625,0.0714285714285714,0.0803571428571429,0.0892857142857143,
0.0982142857142857,0.107142857142857,0.116071428571429,0.125,0.133928571428571,
0.142857142857143,0.151785714285714,0.160714285714286,0.169642857142857,
0.178571428571429,0.1875,0.196428571428571,0.205357142857143,0.214285714285714,
0.223214285714286,0.232142857142857,0.241071428571429,0.25,0.258928571428571,
0.267857142857143,0.276785714285714,0.285714285714286,0.294642857142857,
0.303571428571429,0.3125,0.321428571428571,0.330357142857143,0.339285714285714,
0.348214285714286,0.357142857142857,0.366071428571429,0.375,0.383928571428571,
0.392857142857143,0.401785714285714,0.410714285714286,0.419642857142857,
0.428571428571429,0.4375,0.446428571428571,0.455357142857143,0.464285714285714,
0.473214285714286,0.482142857142857,0.491071428571429,0.5,0.508928571428571,
0.517857142857143,0.526785714285714,0.535714285714286,0.544642857142857,
0.553571428571429,0.5625,0.571428571428571,0.580357142857143,0.589285714285714,
0.598214285714286,0.607142857142857,0.616071428571429,0.625,0.633928571428571,
0.642857142857143,0.651785714285714,0.660714285714286,0.669642857142857,
0.678571428571429,0.6875,0.696428571428571,0.705357142857143,0.714285714285714,
0.723214285714286,0.732142857142857,0.741071428571429,0.75,0.758928571428571,
0.767857142857143,0.776785714285714,0.785714285714286,0.794642857142857,
0.803571428571429,0.8125,0.821428571428571,0.830357142857143,0.839285714285714,
0.848214285714286,0.857142857142857,0.866071428571429,0.875,0.883928571428571,
0.892857142857143,0.901785714285714,0.910714285714286,0.919642857142857,
0.928571428571429,0.9375,0.946428571428571,0.955357142857143,0.964285714285714,
0.973214285714286,0.982142857142857,0.991071428571429,1.),
 .PIECEWISE_BEZIER_KNOTS.)
GEOMETRIC_REPRESENTATION_ITEM()
RATIONAL_B_SPLINE_SURFACE(((0.967737129304102,0.947085507851898,1.,0.923879532511287,
1.,0.923879532511287,1.,0.923879532511287,1.,0.923879532511287,1.,0.923879532511287,
1.,0.923879532511287,1.,0.923879532511287,1.,0.923879532511287,1.,0.923879532511287,
1.,0.923879532511287,1.,0.923879532511287,1.,0.923879532511287,1.,0.923879532511287,
1.,0.923879532511287,1.,0.923879532511287,1.,0.923879532511287,1.,0.923879532511287,
1.,0.923879532511287,1.,0.923879532511287,1.,0.923879532511287,1.,0.923879532511287,
1.,0.923879532511287,1.,0.923879532511287,1.,0.923879532511287,1.,0.923879532511287,
1.,0.923879532511287,1.,0.923879532511287,1.,0.923879532511287,1.,0.923879532511287,
1.,0.923879532511287,1.,0.923879532511287,1.,0.923879532511287,1.,0.923879532511287,
1.,0.923879532511287,1.,0.923879532511287,1.,0.923879532511287,1.,0.923879532511287,
1.,0.923879532511287,1.,0.923879532511287,1.,0.923879532511287,1.,0.923879532511287,
1.,0.923879532511287,1.,0.923879532511287,1.,0.923879532511287,1.,0.923879532511287,
1.,0.923879532511287,1.,0.923879532511287,1.,0.923879532511287,1.,0.923879532511287,
1.,0.923879532511287,1.,0.923879532511287,1.,0.923879532511287,1.,0.923879532511287,
1.,0.923879532511287,1.,0.923879532511287,1.,0.923879532511287,1.,0.923879532511287,
1.,0.923879532511287,1.,0.923879532511287,1.,0.923879532511287,1.,0.923879532511287,
1.,0.923879532511287,1.,0.923879532511287,1.,0.923879532511287,1.,0.923879532511287,
1.,0.923879532511287,1.,0.923879532511287,1.,0.923879532511287,1.,0.923879532511287,
1.,0.923879532511287,1.,0.923879532511287,1.,0.923879532511287,1.,0.923879532511287,
1.,0.923879532511287,1.,0.923879532511287,1.,0.923879532511287,1.,0.923879532511287,
1.,0.923879532511287,1.,0.923879532511287,1.,0.923879532511287,1.,0.923879532511287,
1.,0.923879532511287,1.,0.923879532511287,1.,0.923879532511287,1.,0.923879532511287,
1.,0.923879532511287,1.,0.923879532511287,1.,0.923879532511287,1.,0.923879532511287,
1.,0.923879532511287,1.,0.923879532511287,1.,0.923879532511287,1.,0.923879532511287,
1.,0.923879532511287,1.,0.923879532511287,1.,0.923879532511287,1.,0.923879532511287,
1.,0.923879532511287,1.,0.923879532511287,1.,0.923879532511287,1.,0.923879532511287,
1.,0.923879532511287,1.,0.923879532511287,1.,0.923879532511287,1.,0.923879532511287,
1.,0.923879532511287,1.),(0.967737129304102,0.947085507851898,1.,0.923879532511287,
1.,0.923879532511287,1.,0.923879532511287,1.,0.923879532511287,1.,0.923879532511287,
1.,0.923879532511287,1.,0.923879532511287,1.,0.923879532511287,1.,0.923879532511287,
1.,0.923879532511287,1.,0.923879532511287,1.,0.923879532511287,1.,0.923879532511287,
1.,0.923879532511287,1.,0.923879532511287,1.,0.923879532511287,1.,0.923879532511287,
1.,0.923879532511287,1.,0.923879532511287,1.,0.923879532511287,1.,0.923879532511287,
1.,0.923879532511287,1.,0.923879532511287,1.,0.923879532511287,1.,0.923879532511287,
1.,0.923879532511287,1.,0.923879532511287,1.,0.923879532511287,1.,0.923879532511287,
1.,0.923879532511287,1.,0.923879532511287,1.,0.923879532511287,1.,0.923879532511287,
1.,0.923879532511287,1.,0.923879532511287,1.,0.923879532511287,1.,0.923879532511287,
1.,0.923879532511287,1.,0.923879532511287,1.,0.923879532511287,1.,0.923879532511287,
1.,0.923879532511287,1.,0.923879532511287,1.,0.923879532511287,1.,0.923879532511287,
1.,0.923879532511287,1.,0.923879532511287,1.,0.923879532511287,1.,0.923879532511287,
1.,0.923879532511287,1.,0.923879532511287,1.,0.923879532511287,1.,0.923879532511287,
1.,0.923879532511287,1.,0.923879532511287,1.,0.923879532511287,1.,0.923879532511287,
1.,0.923879532511287,1.,0.923879532511287,1.,0.923879532511287,1.,0.923879532511287,
1.,0.923879532511287,1.,0.923879532511287,1.,0.923879532511287,1.,0.923879532511287,
1.,0.923879532511287,1.,0.923879532511287,1.,0.923879532511287,1.,0.923879532511287,
1.,0.923879532511287,1.,0.923879532511287,1.,0.923879532511287,1.,0.923879532511287,
1.,0.923879532511287,1.,0.923879532511287,1.,0.923879532511287,1.,0.923879532511287,
1.,0.923879532511287,1.,0.923879532511287,1.,0.923879532511287,1.,0.923879532511287,
1.,0.923879532511287,1.,0.923879532511287,1.,0.923879532511287,1.,0.923879532511287,
1.,0.923879532511287,1.,0.923879532511287,1.,0.923879532511287,1.,0.923879532511287,
1.,0.923879532511287,1.,0.923879532511287,1.,0.923879532511287,1.,0.923879532511287,
1.,0.923879532511287,1.,0.923879532511287,1.,0.923879532511287,1.,0.923879532511287,
1.,0.923879532511287,1.,0.923879532511287,1.,0.923879532511287,1.,0.923879532511287,
1.,0.923879532511287,1.,0.923879532511287,1.,0.923879532511287,1.,0.923879532511287,
1.,0.923879532511287,1.)))
REPRESENTATION_ITEM('')
SURFACE()
);
#43=CYLINDRICAL_SURFACE('',#5269,3.);
#44=CYLINDRICAL_SURFACE('',#5273,1.53202091169227);
#45=CYLINDRICAL_SURFACE('',#5301,3.5);
#46=CYLINDRICAL_SURFACE('',#5303,3.94989222071834);
#47=CYLINDRICAL_SURFACE('',#5306,1.045);
#48=CYLINDRICAL_SURFACE('',#5309,1.045);
#49=CYLINDRICAL_SURFACE('',#5329,3.94989222071834);
#50=CYLINDRICAL_SURFACE('',#5339,1.045);
#51=CYLINDRICAL_SURFACE('',#5344,1.045);
#52=CYLINDRICAL_SURFACE('',#5356,0.255042536010539);
#53=CYLINDRICAL_SURFACE('',#5362,0.255042536010539);
#54=CYLINDRICAL_SURFACE('',#5369,0.255042536010539);
#55=CYLINDRICAL_SURFACE('',#5378,0.255042536010539);
#56=CYLINDRICAL_SURFACE('',#5447,0.289765279519006);
#57=CYLINDRICAL_SURFACE('',#5448,0.289765279519006);
#58=CYLINDRICAL_SURFACE('',#5454,0.277429571774049);
#59=CYLINDRICAL_SURFACE('',#5469,0.277429571774049);
#60=CYLINDRICAL_SURFACE('',#5472,0.290546048000002);
#61=CYLINDRICAL_SURFACE('',#5477,0.290546048000002);
#62=CYLINDRICAL_SURFACE('',#5481,0.290546048000002);
#63=CYLINDRICAL_SURFACE('',#5485,0.290546048000002);
#64=CYLINDRICAL_SURFACE('',#5506,0.289765279519006);
#65=CYLINDRICAL_SURFACE('',#5512,0.277429571774049);
#66=CYLINDRICAL_SURFACE('',#5527,0.277429571774049);
#67=CYLINDRICAL_SURFACE('',#5533,0.289765279519006);
#68=CYLINDRICAL_SURFACE('',#5534,0.290546048000002);
#69=CYLINDRICAL_SURFACE('',#5543,0.290546048000002);
#70=CYLINDRICAL_SURFACE('',#5545,0.290546048000002);
#71=CYLINDRICAL_SURFACE('',#5553,0.290546048000002);
#72=CYLINDRICAL_SURFACE('',#5565,4.14989222071834);
#73=CYLINDRICAL_SURFACE('',#5566,4.14989222071834);
#74=CYLINDRICAL_SURFACE('',#5580,0.861962699991728);
#75=CYLINDRICAL_SURFACE('',#5582,0.861962699991728);
#76=CYLINDRICAL_SURFACE('',#5584,0.376706378801369);
#77=CYLINDRICAL_SURFACE('',#5586,0.461962699991728);
#78=CYLINDRICAL_SURFACE('',#5594,0.861962699991728);
#79=CYLINDRICAL_SURFACE('',#5596,0.861962699991728);
#80=CYLINDRICAL_SURFACE('',#5598,0.376706378801369);
#81=CYLINDRICAL_SURFACE('',#5600,0.461962699991728);
#82=CYLINDRICAL_SURFACE('',#5601,0.95);
#83=CYLINDRICAL_SURFACE('',#5602,0.95);
#84=CYLINDRICAL_SURFACE('',#5603,0.95);
#85=CYLINDRICAL_SURFACE('',#5604,0.95);
#86=CYLINDRICAL_SURFACE('',#5605,0.9975);
#87=CYLINDRICAL_SURFACE('',#5606,0.9975);
#88=CYLINDRICAL_SURFACE('',#5607,0.9975);
#89=CYLINDRICAL_SURFACE('',#5608,0.9975);
#90=CYLINDRICAL_SURFACE('',#5609,0.365750000000001);
#91=CYLINDRICAL_SURFACE('',#5610,0.365750000000001);
#92=CYLINDRICAL_SURFACE('',#5611,0.365750000000001);
#93=CYLINDRICAL_SURFACE('',#5612,0.365750000000001);
#94=CYLINDRICAL_SURFACE('',#5613,0.420612500000001);
#95=CYLINDRICAL_SURFACE('',#5614,0.420612500000001);
#96=CYLINDRICAL_SURFACE('',#5615,0.420612500000001);
#97=CYLINDRICAL_SURFACE('',#5616,0.420612500000001);
#98=B_SPLINE_CURVE_WITH_KNOTS('',3,(#6945,#6946,#6947,#6948),
 .UNSPECIFIED.,.F.,.F.,(4,4),(1.06869496672111E-6,0.000820621326625231),
 .UNSPECIFIED.);
#99=B_SPLINE_CURVE_WITH_KNOTS('',3,(#6952,#6953,#6954,#6955),
 .UNSPECIFIED.,.F.,.F.,(4,4),(0.00529693496878242,0.00611734700551024),
 .UNSPECIFIED.);
#100=B_SPLINE_CURVE_WITH_KNOTS('',3,(#7666,#7667,#7668,#7669,#7670,#7671,
#7672),.UNSPECIFIED.,.F.,.F.,(4,1,1,1,4),(0.,0.00231808486331775,0.00463616972663549,
0.00695425458995324,0.00927233945327098),.UNSPECIFIED.);
#101=B_SPLINE_CURVE_WITH_KNOTS('',3,(#7900,#7901,#7902,#7903,#7904,#7905,
#7906,#7907,#7908,#7909,#7910,#7911,#7912,#7913,#7914,#7915,#7916,#7917,
#7918),.UNSPECIFIED.,.F.,.F.,(4,1,1,1,1,1,1,1,1,1,1,1,1,1,1,1,4),(0.,0.00166469250591546,
0.00332938501183092,0.00499407751774638,0.00665877002366184,0.0083234625295773,
0.00998815503549276,0.0116528475414082,0.0133175400473237,0.0149822325532391,
0.0166469250591546,0.0183116175650701,0.0199763100709855,0.021641002576901,
0.0233056950828164,0.0249703875887319,0.0266350800946474),.UNSPECIFIED.);
#102=B_SPLINE_CURVE_WITH_KNOTS('',3,(#8679,#8680,#8681,#8682),
 .UNSPECIFIED.,.F.,.F.,(4,4),(0.,0.000353553390593274),.UNSPECIFIED.);
#103=B_SPLINE_CURVE_WITH_KNOTS('',3,(#8683,#8684,#8685,#8686),
 .UNSPECIFIED.,.F.,.F.,(4,4),(0.,0.000353553390593275),.UNSPECIFIED.);
#104=B_SPLINE_CURVE_WITH_KNOTS('',3,(#8804,#8805,#8806,#8807),
 .UNSPECIFIED.,.F.,.F.,(4,4),(0.,0.000353553390593274),.UNSPECIFIED.);
#105=B_SPLINE_CURVE_WITH_KNOTS('',3,(#8814,#8815,#8816,#8817),
 .UNSPECIFIED.,.F.,.F.,(4,4),(0.,0.000353553390593274),.UNSPECIFIED.);
#106=B_SPLINE_CURVE_WITH_KNOTS('',3,(#8941,#8942,#8943,#8944),
 .UNSPECIFIED.,.F.,.F.,(4,4),(0.,0.000353553390593274),.UNSPECIFIED.);
#107=B_SPLINE_CURVE_WITH_KNOTS('',3,(#8945,#8946,#8947,#8948),
 .UNSPECIFIED.,.F.,.F.,(4,4),(0.,0.000353553390593274),.UNSPECIFIED.);
#108=B_SPLINE_CURVE_WITH_KNOTS('',3,(#9061,#9062,#9063,#9064),
 .UNSPECIFIED.,.F.,.F.,(4,4),(0.,0.000353553390593274),.UNSPECIFIED.);
#109=B_SPLINE_CURVE_WITH_KNOTS('',3,(#9065,#9066,#9067,#9068),
 .UNSPECIFIED.,.F.,.F.,(4,4),(0.,0.000353553390593274),.UNSPECIFIED.);
#110=B_SPLINE_CURVE_WITH_KNOTS('',3,(#9186,#9187,#9188,#9189),
 .UNSPECIFIED.,.F.,.F.,(4,4),(0.,0.000353553390593274),.UNSPECIFIED.);
#111=B_SPLINE_CURVE_WITH_KNOTS('',3,(#9190,#9191,#9192,#9193),
 .UNSPECIFIED.,.F.,.F.,(4,4),(0.,0.000353553390593275),.UNSPECIFIED.);
#112=B_SPLINE_CURVE_WITH_KNOTS('',3,(#9310,#9311,#9312,#9313),
 .UNSPECIFIED.,.F.,.F.,(4,4),(0.,0.000353553390593273),.UNSPECIFIED.);
#113=B_SPLINE_CURVE_WITH_KNOTS('',3,(#9314,#9315,#9316,#9317),
 .UNSPECIFIED.,.F.,.F.,(4,4),(0.,0.000353553390593274),.UNSPECIFIED.);
#114=B_SPLINE_CURVE_WITH_KNOTS('',3,(#9574,#9575,#9576,#9577),
 .UNSPECIFIED.,.F.,.F.,(4,4),(0.,0.000353553390593274),.UNSPECIFIED.);
#115=B_SPLINE_CURVE_WITH_KNOTS('',3,(#9578,#9579,#9580,#9581),
 .UNSPECIFIED.,.F.,.F.,(4,4),(0.,0.000353553390593274),.UNSPECIFIED.);
#116=B_SPLINE_CURVE_WITH_KNOTS('',3,(#9689,#9690,#9691,#9692),
 .UNSPECIFIED.,.F.,.F.,(4,4),(0.,0.000353553390593274),.UNSPECIFIED.);
#117=B_SPLINE_CURVE_WITH_KNOTS('',3,(#9699,#9700,#9701,#9702),
 .UNSPECIFIED.,.F.,.F.,(4,4),(0.,0.000353553390593274),.UNSPECIFIED.);
#118=B_SPLINE_CURVE_WITH_KNOTS('',3,(#9830,#9831,#9832,#9833),
 .UNSPECIFIED.,.F.,.F.,(4,4),(0.,0.000353553390593274),.UNSPECIFIED.);
#119=B_SPLINE_CURVE_WITH_KNOTS('',3,(#9834,#9835,#9836,#9837),
 .UNSPECIFIED.,.F.,.F.,(4,4),(0.,0.000353553390593274),.UNSPECIFIED.);
#120=B_SPLINE_CURVE_WITH_KNOTS('',3,(#9944,#9945,#9946,#9947),
 .UNSPECIFIED.,.F.,.F.,(4,4),(0.,0.000353553390593274),.UNSPECIFIED.);
#121=B_SPLINE_CURVE_WITH_KNOTS('',3,(#9948,#9949,#9950,#9951),
 .UNSPECIFIED.,.F.,.F.,(4,4),(0.,0.000353553390593274),.UNSPECIFIED.);
#122=B_SPLINE_CURVE_WITH_KNOTS('',3,(#10413,#10414,#10415,#10416),
 .UNSPECIFIED.,.F.,.F.,(4,4),(0.,0.000151692827417909),.UNSPECIFIED.);
#123=B_SPLINE_CURVE_WITH_KNOTS('',3,(#10419,#10420,#10421,#10422),
 .UNSPECIFIED.,.F.,.F.,(4,4),(0.,0.000151695511376098),.UNSPECIFIED.);
#124=B_SPLINE_CURVE_WITH_KNOTS('',3,(#10439,#10440,#10441,#10442),
 .UNSPECIFIED.,.F.,.F.,(4,4),(0.,0.000152439497954575),.UNSPECIFIED.);
#125=B_SPLINE_CURVE_WITH_KNOTS('',3,(#10486,#10487,#10488,#10489),
 .UNSPECIFIED.,.F.,.F.,(4,4),(0.,0.000152443134827268),.UNSPECIFIED.);
#126=B_SPLINE_CURVE_WITH_KNOTS('',3,(#10563,#10564,#10565,#10566),
 .UNSPECIFIED.,.F.,.F.,(4,4),(0.,0.000151695511376098),.UNSPECIFIED.);
#127=B_SPLINE_CURVE_WITH_KNOTS('',3,(#10582,#10583,#10584,#10585),
 .UNSPECIFIED.,.F.,.F.,(4,4),(0.,0.000152439497954571),.UNSPECIFIED.);
#128=B_SPLINE_CURVE_WITH_KNOTS('',3,(#10629,#10630,#10631,#10632),
 .UNSPECIFIED.,.F.,.F.,(4,4),(0.,0.000152443134827272),.UNSPECIFIED.);
#129=B_SPLINE_CURVE_WITH_KNOTS('',3,(#10648,#10649,#10650,#10651),
 .UNSPECIFIED.,.F.,.F.,(4,4),(0.,0.000151692827417909),.UNSPECIFIED.);
#130=B_SPLINE_CURVE_WITH_KNOTS('',3,(#10737,#10738,#10739,#10740),
 .UNSPECIFIED.,.F.,.F.,(4,4),(0.,3.76900481940671E-5),.UNSPECIFIED.);
#131=B_SPLINE_CURVE_WITH_KNOTS('',3,(#10742,#10743,#10744,#10745),
 .UNSPECIFIED.,.F.,.F.,(4,4),(0.,3.76900481940665E-5),.UNSPECIFIED.);
#132=B_SPLINE_CURVE_WITH_KNOTS('',3,(#10756,#10757,#10758,#10759),
 .UNSPECIFIED.,.F.,.F.,(4,4),(0.,3.77124508943349E-5),.UNSPECIFIED.);
#133=B_SPLINE_CURVE_WITH_KNOTS('',3,(#10760,#10761,#10762,#10763),
 .UNSPECIFIED.,.F.,.F.,(4,4),(0.,3.77124508943349E-5),.UNSPECIFIED.);
#134=B_SPLINE_CURVE_WITH_KNOTS('',3,(#10786,#10787,#10788,#10789),
 .UNSPECIFIED.,.F.,.F.,(4,4),(0.,3.76900481940684E-5),.UNSPECIFIED.);
#135=B_SPLINE_CURVE_WITH_KNOTS('',3,(#10791,#10792,#10793,#10794),
 .UNSPECIFIED.,.F.,.F.,(4,4),(0.,3.76900481940677E-5),.UNSPECIFIED.);
#136=B_SPLINE_CURVE_WITH_KNOTS('',3,(#10805,#10806,#10807,#10808),
 .UNSPECIFIED.,.F.,.F.,(4,4),(0.,3.77124508943361E-5),.UNSPECIFIED.);
#137=B_SPLINE_CURVE_WITH_KNOTS('',3,(#10809,#10810,#10811,#10812),
 .UNSPECIFIED.,.F.,.F.,(4,4),(0.,3.77124508943361E-5),.UNSPECIFIED.);
#138=CONICAL_SURFACE('',#5264,3.,0.785398163397451);
#139=CONICAL_SURFACE('',#5281,3.5,0.785398163397447);
#140=CIRCLE('',#5256,0.325000000000003);
#141=CIRCLE('',#5257,0.0750000000000048);
#142=CIRCLE('',#5260,0.0750000000000048);
#143=CIRCLE('',#5261,0.325000000000003);
#144=CIRCLE('',#5263,2.475);
#145=CIRCLE('',#5265,3.);
#146=CIRCLE('',#5267,3.);
#147=CIRCLE('',#5270,3.);
#148=CIRCLE('',#5272,1.53202091169227);
#149=CIRCLE('',#5274,1.53202091169227);
#150=CIRCLE('',#5276,2.975);
#151=CIRCLE('',#5282,3.5);
#152=CIRCLE('',#5283,0.321940081953025);
#153=CIRCLE('',#5284,0.321940081953025);
#154=CIRCLE('',#5286,0.0719400819530246);
#155=CIRCLE('',#5287,0.0719400819530246);
#156=CIRCLE('',#5290,0.0719400819530246);
#157=CIRCLE('',#5291,0.321940081953025);
#158=CIRCLE('',#5292,0.321940081953025);
#159=CIRCLE('',#5294,0.0719400819530246);
#160=CIRCLE('',#5296,0.0719400819530246);
#161=CIRCLE('',#5297,0.321940081953025);
#162=CIRCLE('',#5298,0.321940081953025);
#163=CIRCLE('',#5300,0.0719400819530246);
#164=CIRCLE('',#5302,3.5);
#165=CIRCLE('',#5304,3.94989222071834);
#166=CIRCLE('',#5305,3.94989222071834);
#167=CIRCLE('',#5307,1.045);
#168=CIRCLE('',#5308,1.045);
#169=CIRCLE('',#5310,1.045);
#170=CIRCLE('',#5311,1.045);
#171=CIRCLE('',#5320,3.94989222071834);
#172=CIRCLE('',#5330,3.94989222071834);
#173=CIRCLE('',#5336,0.325000000000003);
#174=CIRCLE('',#5337,0.0750000000000048);
#175=CIRCLE('',#5340,1.045);
#176=CIRCLE('',#5341,1.045);
#177=CIRCLE('',#5343,1.045);
#178=CIRCLE('',#5345,1.045);
#179=CIRCLE('',#5348,0.325000000000003);
#180=CIRCLE('',#5349,0.0750000000000048);
#181=CIRCLE('',#5352,0.255042536010539);
#182=CIRCLE('',#5354,0.255042536010539);
#183=CIRCLE('',#5359,0.255042536010539);
#184=CIRCLE('',#5363,0.255042536010539);
#185=CIRCLE('',#5366,0.255042536010539);
#186=CIRCLE('',#5368,0.255042536010539);
#187=CIRCLE('',#5373,0.255042536010539);
#188=CIRCLE('',#5375,0.255042536010539);
#189=CIRCLE('',#5390,0.9975);
#190=CIRCLE('',#5391,0.9975);
#191=CIRCLE('',#5392,4.14989222071834);
#192=CIRCLE('',#5394,0.9975);
#193=CIRCLE('',#5395,0.9975);
#194=CIRCLE('',#5396,4.14989222071834);
#195=CIRCLE('',#5400,0.9975);
#196=CIRCLE('',#5401,0.9975);
#197=CIRCLE('',#5402,4.14989222071834);
#198=CIRCLE('',#5404,0.9975);
#199=CIRCLE('',#5405,0.9975);
#200=CIRCLE('',#5406,4.14989222071834);
#201=CIRCLE('',#5408,0.289765279519006);
#202=CIRCLE('',#5409,0.277429571774049);
#203=CIRCLE('',#5410,0.277429571774049);
#204=CIRCLE('',#5411,0.289765279519006);
#205=CIRCLE('',#5413,0.736210831233907);
#206=CIRCLE('',#5414,0.736210831233907);
#207=CIRCLE('',#5415,0.736210831233907);
#208=CIRCLE('',#5416,0.736210831233907);
#209=CIRCLE('',#5417,0.289765279519006);
#210=CIRCLE('',#5418,0.277429571774049);
#211=CIRCLE('',#5419,0.277429571774049);
#212=CIRCLE('',#5420,0.289765279519006);
#213=CIRCLE('',#5422,0.289765279519006);
#214=CIRCLE('',#5423,0.277429571774049);
#215=CIRCLE('',#5424,0.277429571774049);
#216=CIRCLE('',#5425,0.289765279519006);
#217=CIRCLE('',#5427,0.736210831233907);
#218=CIRCLE('',#5428,0.736210831233907);
#219=CIRCLE('',#5429,0.736210831233907);
#220=CIRCLE('',#5430,0.736210831233907);
#221=CIRCLE('',#5431,0.277429571774049);
#222=CIRCLE('',#5432,0.289765279519006);
#223=CIRCLE('',#5433,0.289765279519006);
#224=CIRCLE('',#5434,0.277429571774049);
#225=CIRCLE('',#5440,0.459453951999998);
#226=CIRCLE('',#5441,0.459453951999998);
#227=CIRCLE('',#5442,0.459453951999998);
#228=CIRCLE('',#5443,0.459453951999998);
#229=CIRCLE('',#5446,0.420612500000001);
#230=CIRCLE('',#5450,0.420612500000001);
#231=CIRCLE('',#5453,0.420612500000001);
#232=CIRCLE('',#5458,0.861962699991728);
#233=CIRCLE('',#5459,0.461962699991728);
#234=CIRCLE('',#5460,0.376706378801369);
#235=CIRCLE('',#5461,0.861962699991728);
#236=CIRCLE('',#5463,0.461962699991728);
#237=CIRCLE('',#5464,0.861962699991728);
#238=CIRCLE('',#5465,0.861962699991728);
#239=CIRCLE('',#5466,0.376706378801369);
#240=CIRCLE('',#5471,0.420612500000001);
#241=CIRCLE('',#5473,0.290546048000002);
#242=CIRCLE('',#5474,0.290546048000002);
#243=CIRCLE('',#5476,0.290546048000002);
#244=CIRCLE('',#5478,0.290546048000002);
#245=CIRCLE('',#5480,0.290546048000002);
#246=CIRCLE('',#5482,0.290546048000002);
#247=CIRCLE('',#5484,0.290546048000002);
#248=CIRCLE('',#5486,0.290546048000002);
#249=CIRCLE('',#5489,0.365750000000001);
#250=CIRCLE('',#5496,0.365750000000001);
#251=CIRCLE('',#5503,0.365750000000001);
#252=CIRCLE('',#5505,0.365750000000001);
#253=CIRCLE('',#5508,0.420612500000001);
#254=CIRCLE('',#5511,0.420612500000001);
#255=CIRCLE('',#5516,0.861962699991728);
#256=CIRCLE('',#5517,0.461962699991728);
#257=CIRCLE('',#5518,0.376706378801369);
#258=CIRCLE('',#5519,0.861962699991728);
#259=CIRCLE('',#5521,0.461962699991728);
#260=CIRCLE('',#5522,0.861962699991728);
#261=CIRCLE('',#5523,0.861962699991728);
#262=CIRCLE('',#5524,0.376706378801369);
#263=CIRCLE('',#5529,0.420612500000001);
#264=CIRCLE('',#5532,0.420612500000001);
#265=CIRCLE('',#5535,0.290546048000002);
#266=CIRCLE('',#5536,0.290546048000002);
#267=CIRCLE('',#5538,0.290546048000002);
#268=CIRCLE('',#5539,0.459453951999998);
#269=CIRCLE('',#5541,0.459453951999998);
#270=CIRCLE('',#5542,0.290546048000002);
#271=CIRCLE('',#5544,0.290546048000002);
#272=CIRCLE('',#5546,0.290546048000002);
#273=CIRCLE('',#5548,0.290546048000002);
#274=CIRCLE('',#5549,0.459453951999998);
#275=CIRCLE('',#5551,0.459453951999998);
#276=CIRCLE('',#5552,0.290546048000002);
#277=CIRCLE('',#5556,0.365750000000001);
#278=CIRCLE('',#5558,0.365750000000001);
#279=CIRCLE('',#5560,0.365750000000001);
#280=CIRCLE('',#5562,0.365750000000001);
#281=CIRCLE('',#5574,0.95);
#282=CIRCLE('',#5575,0.95);
#283=CIRCLE('',#5578,0.95);
#284=CIRCLE('',#5579,0.95);
#285=CIRCLE('',#5588,0.95);
#286=CIRCLE('',#5589,0.95);
#287=CIRCLE('',#5592,0.95);
#288=CIRCLE('',#5593,0.95);
#289=ORIENTED_EDGE('',*,*,#1623,.F.);
#290=ORIENTED_EDGE('',*,*,#1624,.F.);
#291=ORIENTED_EDGE('',*,*,#1625,.T.);
#292=ORIENTED_EDGE('',*,*,#1626,.F.);
#293=ORIENTED_EDGE('',*,*,#1627,.F.);
#294=ORIENTED_EDGE('',*,*,#1628,.F.);
#295=ORIENTED_EDGE('',*,*,#1629,.F.);
#296=ORIENTED_EDGE('',*,*,#1630,.T.);
#297=ORIENTED_EDGE('',*,*,#1631,.T.);
#298=ORIENTED_EDGE('',*,*,#1632,.T.);
#299=ORIENTED_EDGE('',*,*,#1633,.T.);
#300=ORIENTED_EDGE('',*,*,#1634,.T.);
#301=ORIENTED_EDGE('',*,*,#1635,.T.);
#302=ORIENTED_EDGE('',*,*,#1636,.T.);
#303=ORIENTED_EDGE('',*,*,#1637,.T.);
#304=ORIENTED_EDGE('',*,*,#1638,.T.);
#305=ORIENTED_EDGE('',*,*,#1639,.T.);
#306=ORIENTED_EDGE('',*,*,#1640,.F.);
#307=ORIENTED_EDGE('',*,*,#1641,.F.);
#308=ORIENTED_EDGE('',*,*,#1642,.F.);
#309=ORIENTED_EDGE('',*,*,#1643,.F.);
#310=ORIENTED_EDGE('',*,*,#1644,.F.);
#311=ORIENTED_EDGE('',*,*,#1645,.F.);
#312=ORIENTED_EDGE('',*,*,#1646,.T.);
#313=ORIENTED_EDGE('',*,*,#1647,.T.);
#314=ORIENTED_EDGE('',*,*,#1648,.T.);
#315=ORIENTED_EDGE('',*,*,#1649,.T.);
#316=ORIENTED_EDGE('',*,*,#1650,.F.);
#317=ORIENTED_EDGE('',*,*,#1651,.T.);
#318=ORIENTED_EDGE('',*,*,#1652,.F.);
#319=ORIENTED_EDGE('',*,*,#1653,.F.);
#320=ORIENTED_EDGE('',*,*,#1654,.F.);
#321=ORIENTED_EDGE('',*,*,#1655,.F.);
#322=ORIENTED_EDGE('',*,*,#1656,.F.);
#323=ORIENTED_EDGE('',*,*,#1657,.T.);
#324=ORIENTED_EDGE('',*,*,#1658,.T.);
#325=ORIENTED_EDGE('',*,*,#1659,.T.);
#326=ORIENTED_EDGE('',*,*,#1660,.T.);
#327=ORIENTED_EDGE('',*,*,#1652,.T.);
#328=ORIENTED_EDGE('',*,*,#1661,.T.);
#329=ORIENTED_EDGE('',*,*,#1662,.T.);
#330=ORIENTED_EDGE('',*,*,#1663,.T.);
#331=ORIENTED_EDGE('',*,*,#1664,.T.);
#332=ORIENTED_EDGE('',*,*,#1665,.T.);
#333=ORIENTED_EDGE('',*,*,#1666,.T.);
#334=ORIENTED_EDGE('',*,*,#1667,.T.);
#335=ORIENTED_EDGE('',*,*,#1668,.T.);
#336=ORIENTED_EDGE('',*,*,#1669,.T.);
#337=ORIENTED_EDGE('',*,*,#1670,.T.);
#338=ORIENTED_EDGE('',*,*,#1671,.F.);
#339=ORIENTED_EDGE('',*,*,#1672,.F.);
#340=ORIENTED_EDGE('',*,*,#1673,.T.);
#341=ORIENTED_EDGE('',*,*,#1674,.T.);
#342=ORIENTED_EDGE('',*,*,#1675,.T.);
#343=ORIENTED_EDGE('',*,*,#1676,.T.);
#344=ORIENTED_EDGE('',*,*,#1667,.F.);
#345=ORIENTED_EDGE('',*,*,#1677,.F.);
#346=ORIENTED_EDGE('',*,*,#1678,.T.);
#347=ORIENTED_EDGE('',*,*,#1679,.F.);
#348=ORIENTED_EDGE('',*,*,#1680,.F.);
#349=ORIENTED_EDGE('',*,*,#1681,.F.);
#350=ORIENTED_EDGE('',*,*,#1682,.T.);
#351=ORIENTED_EDGE('',*,*,#1683,.F.);
#352=ORIENTED_EDGE('',*,*,#1684,.F.);
#353=ORIENTED_EDGE('',*,*,#1685,.F.);
#354=ORIENTED_EDGE('',*,*,#1682,.F.);
#355=ORIENTED_EDGE('',*,*,#1686,.T.);
#356=ORIENTED_EDGE('',*,*,#1687,.T.);
#357=ORIENTED_EDGE('',*,*,#1688,.T.);
#358=ORIENTED_EDGE('',*,*,#1683,.T.);
#359=ORIENTED_EDGE('',*,*,#1681,.T.);
#360=ORIENTED_EDGE('',*,*,#1685,.T.);
#361=ORIENTED_EDGE('',*,*,#1689,.T.);
#362=ORIENTED_EDGE('',*,*,#1687,.F.);
#363=ORIENTED_EDGE('',*,*,#1688,.F.);
#364=ORIENTED_EDGE('',*,*,#1686,.F.);
#365=ORIENTED_EDGE('',*,*,#1689,.F.);
#366=ORIENTED_EDGE('',*,*,#1684,.T.);
#367=ORIENTED_EDGE('',*,*,#1690,.F.);
#368=ORIENTED_EDGE('',*,*,#1690,.T.);
#369=ORIENTED_EDGE('',*,*,#1691,.F.);
#370=ORIENTED_EDGE('',*,*,#1691,.T.);
#371=ORIENTED_EDGE('',*,*,#1692,.F.);
#372=ORIENTED_EDGE('',*,*,#1693,.T.);
#373=ORIENTED_EDGE('',*,*,#1692,.T.);
#374=ORIENTED_EDGE('',*,*,#1694,.F.);
#375=ORIENTED_EDGE('',*,*,#1695,.T.);
#376=ORIENTED_EDGE('',*,*,#1696,.F.);
#377=ORIENTED_EDGE('',*,*,#1697,.T.);
#378=ORIENTED_EDGE('',*,*,#1698,.F.);
#379=ORIENTED_EDGE('',*,*,#1699,.T.);
#380=ORIENTED_EDGE('',*,*,#1700,.F.);
#381=ORIENTED_EDGE('',*,*,#1701,.T.);
#382=ORIENTED_EDGE('',*,*,#1702,.F.);
#383=ORIENTED_EDGE('',*,*,#1703,.T.);
#384=ORIENTED_EDGE('',*,*,#1704,.F.);
#385=ORIENTED_EDGE('',*,*,#1705,.T.);
#386=ORIENTED_EDGE('',*,*,#1706,.F.);
#387=ORIENTED_EDGE('',*,*,#1707,.F.);
#388=ORIENTED_EDGE('',*,*,#1708,.F.);
#389=ORIENTED_EDGE('',*,*,#1709,.T.);
#390=ORIENTED_EDGE('',*,*,#1710,.T.);
#391=ORIENTED_EDGE('',*,*,#1711,.T.);
#392=ORIENTED_EDGE('',*,*,#1706,.T.);
#393=ORIENTED_EDGE('',*,*,#1712,.F.);
#394=ORIENTED_EDGE('',*,*,#1710,.F.);
#395=ORIENTED_EDGE('',*,*,#1713,.F.);
#396=ORIENTED_EDGE('',*,*,#1693,.F.);
#397=ORIENTED_EDGE('',*,*,#1714,.T.);
#398=ORIENTED_EDGE('',*,*,#1707,.T.);
#399=ORIENTED_EDGE('',*,*,#1711,.F.);
#400=ORIENTED_EDGE('',*,*,#1712,.T.);
#401=ORIENTED_EDGE('',*,*,#1715,.F.);
#402=ORIENTED_EDGE('',*,*,#1716,.T.);
#403=ORIENTED_EDGE('',*,*,#1694,.T.);
#404=ORIENTED_EDGE('',*,*,#1717,.T.);
#405=ORIENTED_EDGE('',*,*,#1718,.T.);
#406=ORIENTED_EDGE('',*,*,#1719,.T.);
#407=ORIENTED_EDGE('',*,*,#1720,.T.);
#408=ORIENTED_EDGE('',*,*,#1637,.F.);
#409=ORIENTED_EDGE('',*,*,#1721,.F.);
#410=ORIENTED_EDGE('',*,*,#1722,.F.);
#411=ORIENTED_EDGE('',*,*,#1723,.F.);
#412=ORIENTED_EDGE('',*,*,#1724,.T.);
#413=ORIENTED_EDGE('',*,*,#1715,.T.);
#414=ORIENTED_EDGE('',*,*,#1722,.T.);
#415=ORIENTED_EDGE('',*,*,#1721,.T.);
#416=ORIENTED_EDGE('',*,*,#1636,.F.);
#417=ORIENTED_EDGE('',*,*,#1725,.F.);
#418=ORIENTED_EDGE('',*,*,#1726,.F.);
#419=ORIENTED_EDGE('',*,*,#1696,.T.);
#420=ORIENTED_EDGE('',*,*,#1727,.T.);
#421=ORIENTED_EDGE('',*,*,#1723,.T.);
#422=ORIENTED_EDGE('',*,*,#1726,.T.);
#423=ORIENTED_EDGE('',*,*,#1725,.T.);
#424=ORIENTED_EDGE('',*,*,#1635,.F.);
#425=ORIENTED_EDGE('',*,*,#1728,.F.);
#426=ORIENTED_EDGE('',*,*,#1729,.F.);
#427=ORIENTED_EDGE('',*,*,#1730,.F.);
#428=ORIENTED_EDGE('',*,*,#1731,.T.);
#429=ORIENTED_EDGE('',*,*,#1718,.F.);
#430=ORIENTED_EDGE('',*,*,#1732,.T.);
#431=ORIENTED_EDGE('',*,*,#1730,.T.);
#432=ORIENTED_EDGE('',*,*,#1729,.T.);
#433=ORIENTED_EDGE('',*,*,#1728,.T.);
#434=ORIENTED_EDGE('',*,*,#1634,.F.);
#435=ORIENTED_EDGE('',*,*,#1720,.F.);
#436=ORIENTED_EDGE('',*,*,#1719,.F.);
#437=ORIENTED_EDGE('',*,*,#1733,.F.);
#438=ORIENTED_EDGE('',*,*,#1734,.T.);
#439=ORIENTED_EDGE('',*,*,#1735,.T.);
#440=ORIENTED_EDGE('',*,*,#1736,.T.);
#441=ORIENTED_EDGE('',*,*,#1737,.T.);
#442=ORIENTED_EDGE('',*,*,#1640,.T.);
#443=ORIENTED_EDGE('',*,*,#1738,.F.);
#444=ORIENTED_EDGE('',*,*,#1739,.T.);
#445=ORIENTED_EDGE('',*,*,#1740,.F.);
#446=ORIENTED_EDGE('',*,*,#1741,.F.);
#447=ORIENTED_EDGE('',*,*,#1742,.F.);
#448=ORIENTED_EDGE('',*,*,#1743,.T.);
#449=ORIENTED_EDGE('',*,*,#1698,.T.);
#450=ORIENTED_EDGE('',*,*,#1744,.T.);
#451=ORIENTED_EDGE('',*,*,#1733,.T.);
#452=ORIENTED_EDGE('',*,*,#1741,.T.);
#453=ORIENTED_EDGE('',*,*,#1740,.T.);
#454=ORIENTED_EDGE('',*,*,#1745,.T.);
#455=ORIENTED_EDGE('',*,*,#1643,.T.);
#456=ORIENTED_EDGE('',*,*,#1746,.F.);
#457=ORIENTED_EDGE('',*,*,#1747,.F.);
#458=ORIENTED_EDGE('',*,*,#1748,.F.);
#459=ORIENTED_EDGE('',*,*,#1749,.T.);
#460=ORIENTED_EDGE('',*,*,#1742,.T.);
#461=ORIENTED_EDGE('',*,*,#1747,.T.);
#462=ORIENTED_EDGE('',*,*,#1746,.T.);
#463=ORIENTED_EDGE('',*,*,#1642,.T.);
#464=ORIENTED_EDGE('',*,*,#1750,.F.);
#465=ORIENTED_EDGE('',*,*,#1751,.F.);
#466=ORIENTED_EDGE('',*,*,#1700,.T.);
#467=ORIENTED_EDGE('',*,*,#1752,.T.);
#468=ORIENTED_EDGE('',*,*,#1748,.T.);
#469=ORIENTED_EDGE('',*,*,#1751,.T.);
#470=ORIENTED_EDGE('',*,*,#1750,.T.);
#471=ORIENTED_EDGE('',*,*,#1641,.T.);
#472=ORIENTED_EDGE('',*,*,#1737,.F.);
#473=ORIENTED_EDGE('',*,*,#1736,.F.);
#474=ORIENTED_EDGE('',*,*,#1735,.F.);
#475=ORIENTED_EDGE('',*,*,#1753,.T.);
#476=ORIENTED_EDGE('',*,*,#1754,.F.);
#477=ORIENTED_EDGE('',*,*,#1755,.T.);
#478=ORIENTED_EDGE('',*,*,#1756,.T.);
#479=ORIENTED_EDGE('',*,*,#1757,.T.);
#480=ORIENTED_EDGE('',*,*,#1758,.T.);
#481=ORIENTED_EDGE('',*,*,#1627,.T.);
#482=ORIENTED_EDGE('',*,*,#1759,.F.);
#483=ORIENTED_EDGE('',*,*,#1760,.F.);
#484=ORIENTED_EDGE('',*,*,#1761,.F.);
#485=ORIENTED_EDGE('',*,*,#1762,.T.);
#486=ORIENTED_EDGE('',*,*,#1702,.T.);
#487=ORIENTED_EDGE('',*,*,#1763,.T.);
#488=ORIENTED_EDGE('',*,*,#1754,.T.);
#489=ORIENTED_EDGE('',*,*,#1760,.T.);
#490=ORIENTED_EDGE('',*,*,#1759,.T.);
#491=ORIENTED_EDGE('',*,*,#1626,.T.);
#492=ORIENTED_EDGE('',*,*,#1764,.F.);
#493=ORIENTED_EDGE('',*,*,#1765,.F.);
#494=ORIENTED_EDGE('',*,*,#1766,.F.);
#495=ORIENTED_EDGE('',*,*,#1767,.F.);
#496=ORIENTED_EDGE('',*,*,#1768,.T.);
#497=ORIENTED_EDGE('',*,*,#1761,.T.);
#498=ORIENTED_EDGE('',*,*,#1766,.T.);
#499=ORIENTED_EDGE('',*,*,#1765,.T.);
#500=ORIENTED_EDGE('',*,*,#1769,.F.);
#501=ORIENTED_EDGE('',*,*,#1770,.T.);
#502=ORIENTED_EDGE('',*,*,#1629,.T.);
#503=ORIENTED_EDGE('',*,*,#1771,.F.);
#504=ORIENTED_EDGE('',*,*,#1772,.F.);
#505=ORIENTED_EDGE('',*,*,#1704,.T.);
#506=ORIENTED_EDGE('',*,*,#1773,.T.);
#507=ORIENTED_EDGE('',*,*,#1767,.T.);
#508=ORIENTED_EDGE('',*,*,#1772,.T.);
#509=ORIENTED_EDGE('',*,*,#1771,.T.);
#510=ORIENTED_EDGE('',*,*,#1628,.T.);
#511=ORIENTED_EDGE('',*,*,#1758,.F.);
#512=ORIENTED_EDGE('',*,*,#1757,.F.);
#513=ORIENTED_EDGE('',*,*,#1756,.F.);
#514=ORIENTED_EDGE('',*,*,#1774,.T.);
#515=ORIENTED_EDGE('',*,*,#1714,.F.);
#516=ORIENTED_EDGE('',*,*,#1713,.T.);
#517=ORIENTED_EDGE('',*,*,#1709,.F.);
#518=ORIENTED_EDGE('',*,*,#1708,.T.);
#519=ORIENTED_EDGE('',*,*,#1775,.F.);
#520=ORIENTED_EDGE('',*,*,#1776,.F.);
#521=ORIENTED_EDGE('',*,*,#1777,.F.);
#522=ORIENTED_EDGE('',*,*,#1778,.T.);
#523=ORIENTED_EDGE('',*,*,#1779,.T.);
#524=ORIENTED_EDGE('',*,*,#1780,.F.);
#525=ORIENTED_EDGE('',*,*,#1781,.F.);
#526=ORIENTED_EDGE('',*,*,#1782,.F.);
#527=ORIENTED_EDGE('',*,*,#1633,.F.);
#528=ORIENTED_EDGE('',*,*,#1783,.F.);
#529=ORIENTED_EDGE('',*,*,#1631,.F.);
#530=ORIENTED_EDGE('',*,*,#1784,.F.);
#531=ORIENTED_EDGE('',*,*,#1785,.F.);
#532=ORIENTED_EDGE('',*,*,#1632,.F.);
#533=ORIENTED_EDGE('',*,*,#1783,.T.);
#534=ORIENTED_EDGE('',*,*,#1786,.F.);
#535=ORIENTED_EDGE('',*,*,#1787,.T.);
#536=ORIENTED_EDGE('',*,*,#1788,.F.);
#537=ORIENTED_EDGE('',*,*,#1780,.T.);
#538=ORIENTED_EDGE('',*,*,#1789,.T.);
#539=ORIENTED_EDGE('',*,*,#1781,.T.);
#540=ORIENTED_EDGE('',*,*,#1788,.T.);
#541=ORIENTED_EDGE('',*,*,#1790,.T.);
#542=ORIENTED_EDGE('',*,*,#1786,.T.);
#543=ORIENTED_EDGE('',*,*,#1785,.T.);
#544=ORIENTED_EDGE('',*,*,#1791,.T.);
#545=ORIENTED_EDGE('',*,*,#1792,.F.);
#546=ORIENTED_EDGE('',*,*,#1793,.F.);
#547=ORIENTED_EDGE('',*,*,#1794,.F.);
#548=ORIENTED_EDGE('',*,*,#1795,.T.);
#549=ORIENTED_EDGE('',*,*,#1777,.T.);
#550=ORIENTED_EDGE('',*,*,#1796,.T.);
#551=ORIENTED_EDGE('',*,*,#1797,.T.);
#552=ORIENTED_EDGE('',*,*,#1798,.T.);
#553=ORIENTED_EDGE('',*,*,#1799,.F.);
#554=ORIENTED_EDGE('',*,*,#1800,.F.);
#555=ORIENTED_EDGE('',*,*,#1799,.T.);
#556=ORIENTED_EDGE('',*,*,#1801,.F.);
#557=ORIENTED_EDGE('',*,*,#1802,.F.);
#558=ORIENTED_EDGE('',*,*,#1803,.T.);
#559=ORIENTED_EDGE('',*,*,#1802,.T.);
#560=ORIENTED_EDGE('',*,*,#1804,.T.);
#561=ORIENTED_EDGE('',*,*,#1805,.F.);
#562=ORIENTED_EDGE('',*,*,#1775,.T.);
#563=ORIENTED_EDGE('',*,*,#1806,.F.);
#564=ORIENTED_EDGE('',*,*,#1807,.F.);
#565=ORIENTED_EDGE('',*,*,#1808,.F.);
#566=ORIENTED_EDGE('',*,*,#1809,.F.);
#567=ORIENTED_EDGE('',*,*,#1810,.F.);
#568=ORIENTED_EDGE('',*,*,#1811,.F.);
#569=ORIENTED_EDGE('',*,*,#1778,.F.);
#570=ORIENTED_EDGE('',*,*,#1795,.F.);
#571=ORIENTED_EDGE('',*,*,#1812,.F.);
#572=ORIENTED_EDGE('',*,*,#1779,.F.);
#573=ORIENTED_EDGE('',*,*,#1811,.T.);
#574=ORIENTED_EDGE('',*,*,#1813,.T.);
#575=ORIENTED_EDGE('',*,*,#1791,.F.);
#576=ORIENTED_EDGE('',*,*,#1784,.T.);
#577=ORIENTED_EDGE('',*,*,#1630,.F.);
#578=ORIENTED_EDGE('',*,*,#1782,.T.);
#579=ORIENTED_EDGE('',*,*,#1789,.F.);
#580=ORIENTED_EDGE('',*,*,#1814,.T.);
#581=ORIENTED_EDGE('',*,*,#1815,.T.);
#582=ORIENTED_EDGE('',*,*,#1793,.T.);
#583=ORIENTED_EDGE('',*,*,#1776,.T.);
#584=ORIENTED_EDGE('',*,*,#1812,.T.);
#585=ORIENTED_EDGE('',*,*,#1816,.T.);
#586=ORIENTED_EDGE('',*,*,#1817,.F.);
#587=ORIENTED_EDGE('',*,*,#1792,.T.);
#588=ORIENTED_EDGE('',*,*,#1817,.T.);
#589=ORIENTED_EDGE('',*,*,#1818,.F.);
#590=ORIENTED_EDGE('',*,*,#1819,.F.);
#591=ORIENTED_EDGE('',*,*,#1820,.T.);
#592=ORIENTED_EDGE('',*,*,#1814,.F.);
#593=ORIENTED_EDGE('',*,*,#1790,.F.);
#594=ORIENTED_EDGE('',*,*,#1787,.F.);
#595=ORIENTED_EDGE('',*,*,#1821,.T.);
#596=ORIENTED_EDGE('',*,*,#1819,.T.);
#597=ORIENTED_EDGE('',*,*,#1822,.T.);
#598=ORIENTED_EDGE('',*,*,#1797,.F.);
#599=ORIENTED_EDGE('',*,*,#1823,.T.);
#600=ORIENTED_EDGE('',*,*,#1805,.T.);
#601=ORIENTED_EDGE('',*,*,#1824,.T.);
#602=ORIENTED_EDGE('',*,*,#1825,.F.);
#603=ORIENTED_EDGE('',*,*,#1826,.T.);
#604=ORIENTED_EDGE('',*,*,#1827,.T.);
#605=ORIENTED_EDGE('',*,*,#1828,.T.);
#606=ORIENTED_EDGE('',*,*,#1829,.T.);
#607=ORIENTED_EDGE('',*,*,#1821,.F.);
#608=ORIENTED_EDGE('',*,*,#1796,.F.);
#609=ORIENTED_EDGE('',*,*,#1800,.T.);
#610=ORIENTED_EDGE('',*,*,#1803,.F.);
#611=ORIENTED_EDGE('',*,*,#1823,.F.);
#612=ORIENTED_EDGE('',*,*,#1830,.F.);
#613=ORIENTED_EDGE('',*,*,#1831,.F.);
#614=ORIENTED_EDGE('',*,*,#1832,.F.);
#615=ORIENTED_EDGE('',*,*,#1806,.T.);
#616=ORIENTED_EDGE('',*,*,#1794,.T.);
#617=ORIENTED_EDGE('',*,*,#1815,.F.);
#618=ORIENTED_EDGE('',*,*,#1820,.F.);
#619=ORIENTED_EDGE('',*,*,#1833,.F.);
#620=ORIENTED_EDGE('',*,*,#1834,.F.);
#621=ORIENTED_EDGE('',*,*,#1807,.T.);
#622=ORIENTED_EDGE('',*,*,#1832,.T.);
#623=ORIENTED_EDGE('',*,*,#1835,.F.);
#624=ORIENTED_EDGE('',*,*,#1836,.F.);
#625=ORIENTED_EDGE('',*,*,#1808,.T.);
#626=ORIENTED_EDGE('',*,*,#1834,.T.);
#627=ORIENTED_EDGE('',*,*,#1837,.F.);
#628=ORIENTED_EDGE('',*,*,#1838,.F.);
#629=ORIENTED_EDGE('',*,*,#1809,.T.);
#630=ORIENTED_EDGE('',*,*,#1836,.T.);
#631=ORIENTED_EDGE('',*,*,#1822,.F.);
#632=ORIENTED_EDGE('',*,*,#1818,.T.);
#633=ORIENTED_EDGE('',*,*,#1816,.F.);
#634=ORIENTED_EDGE('',*,*,#1813,.F.);
#635=ORIENTED_EDGE('',*,*,#1810,.T.);
#636=ORIENTED_EDGE('',*,*,#1838,.T.);
#637=ORIENTED_EDGE('',*,*,#1839,.F.);
#638=ORIENTED_EDGE('',*,*,#1840,.T.);
#639=ORIENTED_EDGE('',*,*,#1824,.F.);
#640=ORIENTED_EDGE('',*,*,#1804,.F.);
#641=ORIENTED_EDGE('',*,*,#1801,.T.);
#642=ORIENTED_EDGE('',*,*,#1798,.F.);
#643=ORIENTED_EDGE('',*,*,#1840,.F.);
#644=ORIENTED_EDGE('',*,*,#1841,.T.);
#645=ORIENTED_EDGE('',*,*,#1842,.T.);
#646=ORIENTED_EDGE('',*,*,#1843,.F.);
#647=ORIENTED_EDGE('',*,*,#1844,.F.);
#648=ORIENTED_EDGE('',*,*,#1845,.F.);
#649=ORIENTED_EDGE('',*,*,#1830,.T.);
#650=ORIENTED_EDGE('',*,*,#1825,.T.);
#651=ORIENTED_EDGE('',*,*,#1846,.T.);
#652=ORIENTED_EDGE('',*,*,#1847,.T.);
#653=ORIENTED_EDGE('',*,*,#1848,.T.);
#654=ORIENTED_EDGE('',*,*,#1842,.F.);
#655=ORIENTED_EDGE('',*,*,#1849,.T.);
#656=ORIENTED_EDGE('',*,*,#1850,.T.);
#657=ORIENTED_EDGE('',*,*,#1851,.T.);
#658=ORIENTED_EDGE('',*,*,#1844,.T.);
#659=ORIENTED_EDGE('',*,*,#1647,.F.);
#660=ORIENTED_EDGE('',*,*,#1852,.T.);
#661=ORIENTED_EDGE('',*,*,#1826,.F.);
#662=ORIENTED_EDGE('',*,*,#1853,.T.);
#663=ORIENTED_EDGE('',*,*,#1854,.T.);
#664=ORIENTED_EDGE('',*,*,#1855,.T.);
#665=ORIENTED_EDGE('',*,*,#1856,.T.);
#666=ORIENTED_EDGE('',*,*,#1658,.F.);
#667=ORIENTED_EDGE('',*,*,#1857,.F.);
#668=ORIENTED_EDGE('',*,*,#1649,.F.);
#669=ORIENTED_EDGE('',*,*,#1648,.F.);
#670=ORIENTED_EDGE('',*,*,#1828,.F.);
#671=ORIENTED_EDGE('',*,*,#1858,.T.);
#672=ORIENTED_EDGE('',*,*,#1645,.T.);
#673=ORIENTED_EDGE('',*,*,#1654,.T.);
#674=ORIENTED_EDGE('',*,*,#1653,.T.);
#675=ORIENTED_EDGE('',*,*,#1660,.F.);
#676=ORIENTED_EDGE('',*,*,#1859,.F.);
#677=ORIENTED_EDGE('',*,*,#1860,.F.);
#678=ORIENTED_EDGE('',*,*,#1861,.F.);
#679=ORIENTED_EDGE('',*,*,#1862,.T.);
#680=ORIENTED_EDGE('',*,*,#1854,.F.);
#681=ORIENTED_EDGE('',*,*,#1863,.T.);
#682=ORIENTED_EDGE('',*,*,#1861,.T.);
#683=ORIENTED_EDGE('',*,*,#1860,.T.);
#684=ORIENTED_EDGE('',*,*,#1859,.T.);
#685=ORIENTED_EDGE('',*,*,#1659,.F.);
#686=ORIENTED_EDGE('',*,*,#1856,.F.);
#687=ORIENTED_EDGE('',*,*,#1855,.F.);
#688=ORIENTED_EDGE('',*,*,#1864,.F.);
#689=ORIENTED_EDGE('',*,*,#1847,.F.);
#690=ORIENTED_EDGE('',*,*,#1865,.F.);
#691=ORIENTED_EDGE('',*,*,#1664,.F.);
#692=ORIENTED_EDGE('',*,*,#1663,.F.);
#693=ORIENTED_EDGE('',*,*,#1866,.T.);
#694=ORIENTED_EDGE('',*,*,#1849,.F.);
#695=ORIENTED_EDGE('',*,*,#1843,.T.);
#696=ORIENTED_EDGE('',*,*,#1848,.F.);
#697=ORIENTED_EDGE('',*,*,#1864,.T.);
#698=ORIENTED_EDGE('',*,*,#1866,.F.);
#699=ORIENTED_EDGE('',*,*,#1662,.F.);
#700=ORIENTED_EDGE('',*,*,#1867,.F.);
#701=ORIENTED_EDGE('',*,*,#1850,.F.);
#702=ORIENTED_EDGE('',*,*,#1851,.F.);
#703=ORIENTED_EDGE('',*,*,#1867,.T.);
#704=ORIENTED_EDGE('',*,*,#1661,.F.);
#705=ORIENTED_EDGE('',*,*,#1865,.T.);
#706=ORIENTED_EDGE('',*,*,#1846,.F.);
#707=ORIENTED_EDGE('',*,*,#1841,.F.);
#708=ORIENTED_EDGE('',*,*,#1839,.T.);
#709=ORIENTED_EDGE('',*,*,#1837,.T.);
#710=ORIENTED_EDGE('',*,*,#1835,.T.);
#711=ORIENTED_EDGE('',*,*,#1833,.T.);
#712=ORIENTED_EDGE('',*,*,#1831,.T.);
#713=ORIENTED_EDGE('',*,*,#1845,.T.);
#714=ORIENTED_EDGE('',*,*,#1868,.F.);
#715=ORIENTED_EDGE('',*,*,#1869,.T.);
#716=ORIENTED_EDGE('',*,*,#1870,.T.);
#717=ORIENTED_EDGE('',*,*,#1871,.T.);
#718=ORIENTED_EDGE('',*,*,#1872,.T.);
#719=ORIENTED_EDGE('',*,*,#1669,.F.);
#720=ORIENTED_EDGE('',*,*,#1873,.F.);
#721=ORIENTED_EDGE('',*,*,#1874,.F.);
#722=ORIENTED_EDGE('',*,*,#1875,.F.);
#723=ORIENTED_EDGE('',*,*,#1876,.T.);
#724=ORIENTED_EDGE('',*,*,#1868,.T.);
#725=ORIENTED_EDGE('',*,*,#1874,.T.);
#726=ORIENTED_EDGE('',*,*,#1873,.T.);
#727=ORIENTED_EDGE('',*,*,#1668,.F.);
#728=ORIENTED_EDGE('',*,*,#1676,.F.);
#729=ORIENTED_EDGE('',*,*,#1675,.F.);
#730=ORIENTED_EDGE('',*,*,#1674,.F.);
#731=ORIENTED_EDGE('',*,*,#1877,.T.);
#732=ORIENTED_EDGE('',*,*,#1878,.T.);
#733=ORIENTED_EDGE('',*,*,#1879,.T.);
#734=ORIENTED_EDGE('',*,*,#1875,.T.);
#735=ORIENTED_EDGE('',*,*,#1880,.T.);
#736=ORIENTED_EDGE('',*,*,#1870,.F.);
#737=ORIENTED_EDGE('',*,*,#1881,.T.);
#738=ORIENTED_EDGE('',*,*,#1878,.F.);
#739=ORIENTED_EDGE('',*,*,#1882,.T.);
#740=ORIENTED_EDGE('',*,*,#1672,.T.);
#741=ORIENTED_EDGE('',*,*,#1680,.T.);
#742=ORIENTED_EDGE('',*,*,#1679,.T.);
#743=ORIENTED_EDGE('',*,*,#1883,.T.);
#744=ORIENTED_EDGE('',*,*,#1670,.F.);
#745=ORIENTED_EDGE('',*,*,#1872,.F.);
#746=ORIENTED_EDGE('',*,*,#1871,.F.);
#747=ORIENTED_EDGE('',*,*,#1666,.F.);
#748=ORIENTED_EDGE('',*,*,#1884,.T.);
#749=ORIENTED_EDGE('',*,*,#1885,.T.);
#750=ORIENTED_EDGE('',*,*,#1886,.T.);
#751=ORIENTED_EDGE('',*,*,#1677,.T.);
#752=ORIENTED_EDGE('',*,*,#1887,.F.);
#753=ORIENTED_EDGE('',*,*,#1671,.T.);
#754=ORIENTED_EDGE('',*,*,#1883,.F.);
#755=ORIENTED_EDGE('',*,*,#1888,.F.);
#756=ORIENTED_EDGE('',*,*,#1889,.F.);
#757=ORIENTED_EDGE('',*,*,#1889,.T.);
#758=ORIENTED_EDGE('',*,*,#1890,.F.);
#759=ORIENTED_EDGE('',*,*,#1885,.F.);
#760=ORIENTED_EDGE('',*,*,#1891,.T.);
#761=ORIENTED_EDGE('',*,*,#1888,.T.);
#762=ORIENTED_EDGE('',*,*,#1678,.F.);
#763=ORIENTED_EDGE('',*,*,#1886,.F.);
#764=ORIENTED_EDGE('',*,*,#1890,.T.);
#765=ORIENTED_EDGE('',*,*,#1665,.F.);
#766=ORIENTED_EDGE('',*,*,#1887,.T.);
#767=ORIENTED_EDGE('',*,*,#1891,.F.);
#768=ORIENTED_EDGE('',*,*,#1884,.F.);
#769=ORIENTED_EDGE('',*,*,#1892,.F.);
#770=ORIENTED_EDGE('',*,*,#1655,.T.);
#771=ORIENTED_EDGE('',*,*,#1651,.F.);
#772=ORIENTED_EDGE('',*,*,#1893,.F.);
#773=ORIENTED_EDGE('',*,*,#1894,.F.);
#774=ORIENTED_EDGE('',*,*,#1895,.F.);
#775=ORIENTED_EDGE('',*,*,#1656,.T.);
#776=ORIENTED_EDGE('',*,*,#1892,.T.);
#777=ORIENTED_EDGE('',*,*,#1896,.T.);
#778=ORIENTED_EDGE('',*,*,#1897,.F.);
#779=ORIENTED_EDGE('',*,*,#1896,.F.);
#780=ORIENTED_EDGE('',*,*,#1894,.T.);
#781=ORIENTED_EDGE('',*,*,#1898,.T.);
#782=ORIENTED_EDGE('',*,*,#1899,.F.);
#783=ORIENTED_EDGE('',*,*,#1898,.F.);
#784=ORIENTED_EDGE('',*,*,#1893,.T.);
#785=ORIENTED_EDGE('',*,*,#1650,.T.);
#786=ORIENTED_EDGE('',*,*,#1657,.F.);
#787=ORIENTED_EDGE('',*,*,#1895,.T.);
#788=ORIENTED_EDGE('',*,*,#1897,.T.);
#789=ORIENTED_EDGE('',*,*,#1899,.T.);
#790=ORIENTED_EDGE('',*,*,#1857,.T.);
#791=ORIENTED_EDGE('',*,*,#1639,.F.);
#792=ORIENTED_EDGE('',*,*,#1900,.T.);
#793=ORIENTED_EDGE('',*,*,#1901,.T.);
#794=ORIENTED_EDGE('',*,*,#1902,.T.);
#795=ORIENTED_EDGE('',*,*,#1738,.T.);
#796=ORIENTED_EDGE('',*,*,#1903,.F.);
#797=ORIENTED_EDGE('',*,*,#1644,.T.);
#798=ORIENTED_EDGE('',*,*,#1745,.F.);
#799=ORIENTED_EDGE('',*,*,#1904,.F.);
#800=ORIENTED_EDGE('',*,*,#1905,.F.);
#801=ORIENTED_EDGE('',*,*,#1904,.T.);
#802=ORIENTED_EDGE('',*,*,#1739,.F.);
#803=ORIENTED_EDGE('',*,*,#1902,.F.);
#804=ORIENTED_EDGE('',*,*,#1906,.T.);
#805=ORIENTED_EDGE('',*,*,#1638,.F.);
#806=ORIENTED_EDGE('',*,*,#1903,.T.);
#807=ORIENTED_EDGE('',*,*,#1907,.F.);
#808=ORIENTED_EDGE('',*,*,#1900,.F.);
#809=ORIENTED_EDGE('',*,*,#1905,.T.);
#810=ORIENTED_EDGE('',*,*,#1906,.F.);
#811=ORIENTED_EDGE('',*,*,#1901,.F.);
#812=ORIENTED_EDGE('',*,*,#1907,.T.);
#813=ORIENTED_EDGE('',*,*,#1908,.F.);
#814=ORIENTED_EDGE('',*,*,#1623,.T.);
#815=ORIENTED_EDGE('',*,*,#1770,.F.);
#816=ORIENTED_EDGE('',*,*,#1909,.F.);
#817=ORIENTED_EDGE('',*,*,#1910,.F.);
#818=ORIENTED_EDGE('',*,*,#1625,.F.);
#819=ORIENTED_EDGE('',*,*,#1911,.T.);
#820=ORIENTED_EDGE('',*,*,#1912,.T.);
#821=ORIENTED_EDGE('',*,*,#1913,.T.);
#822=ORIENTED_EDGE('',*,*,#1764,.T.);
#823=ORIENTED_EDGE('',*,*,#1911,.F.);
#824=ORIENTED_EDGE('',*,*,#1624,.T.);
#825=ORIENTED_EDGE('',*,*,#1908,.T.);
#826=ORIENTED_EDGE('',*,*,#1914,.T.);
#827=ORIENTED_EDGE('',*,*,#1912,.F.);
#828=ORIENTED_EDGE('',*,*,#1914,.F.);
#829=ORIENTED_EDGE('',*,*,#1910,.T.);
#830=ORIENTED_EDGE('',*,*,#1915,.T.);
#831=ORIENTED_EDGE('',*,*,#1913,.F.);
#832=ORIENTED_EDGE('',*,*,#1915,.F.);
#833=ORIENTED_EDGE('',*,*,#1909,.T.);
#834=ORIENTED_EDGE('',*,*,#1769,.T.);
#835=ORIENTED_EDGE('',*,*,#1852,.F.);
#836=ORIENTED_EDGE('',*,*,#1646,.F.);
#837=ORIENTED_EDGE('',*,*,#1858,.F.);
#838=ORIENTED_EDGE('',*,*,#1827,.F.);
#839=ORIENTED_EDGE('',*,*,#1862,.F.);
#840=ORIENTED_EDGE('',*,*,#1863,.F.);
#841=ORIENTED_EDGE('',*,*,#1853,.F.);
#842=ORIENTED_EDGE('',*,*,#1829,.F.);
#843=ORIENTED_EDGE('',*,*,#1881,.F.);
#844=ORIENTED_EDGE('',*,*,#1869,.F.);
#845=ORIENTED_EDGE('',*,*,#1876,.F.);
#846=ORIENTED_EDGE('',*,*,#1879,.F.);
#847=ORIENTED_EDGE('',*,*,#1877,.F.);
#848=ORIENTED_EDGE('',*,*,#1673,.F.);
#849=ORIENTED_EDGE('',*,*,#1882,.F.);
#850=ORIENTED_EDGE('',*,*,#1880,.F.);
#851=ORIENTED_EDGE('',*,*,#1773,.F.);
#852=ORIENTED_EDGE('',*,*,#1703,.F.);
#853=ORIENTED_EDGE('',*,*,#1762,.F.);
#854=ORIENTED_EDGE('',*,*,#1768,.F.);
#855=ORIENTED_EDGE('',*,*,#1763,.F.);
#856=ORIENTED_EDGE('',*,*,#1705,.F.);
#857=ORIENTED_EDGE('',*,*,#1774,.F.);
#858=ORIENTED_EDGE('',*,*,#1755,.F.);
#859=ORIENTED_EDGE('',*,*,#1727,.F.);
#860=ORIENTED_EDGE('',*,*,#1695,.F.);
#861=ORIENTED_EDGE('',*,*,#1716,.F.);
#862=ORIENTED_EDGE('',*,*,#1724,.F.);
#863=ORIENTED_EDGE('',*,*,#1717,.F.);
#864=ORIENTED_EDGE('',*,*,#1697,.F.);
#865=ORIENTED_EDGE('',*,*,#1731,.F.);
#866=ORIENTED_EDGE('',*,*,#1732,.F.);
#867=ORIENTED_EDGE('',*,*,#1752,.F.);
#868=ORIENTED_EDGE('',*,*,#1699,.F.);
#869=ORIENTED_EDGE('',*,*,#1743,.F.);
#870=ORIENTED_EDGE('',*,*,#1749,.F.);
#871=ORIENTED_EDGE('',*,*,#1744,.F.);
#872=ORIENTED_EDGE('',*,*,#1701,.F.);
#873=ORIENTED_EDGE('',*,*,#1753,.F.);
#874=ORIENTED_EDGE('',*,*,#1734,.F.);
#875=ORIENTED_EDGE('',*,*,#1916,.F.);
#876=ORIENTED_EDGE('',*,*,#1917,.T.);
#877=ORIENTED_EDGE('',*,*,#1918,.F.);
#878=ORIENTED_EDGE('',*,*,#1919,.T.);
#879=ORIENTED_EDGE('',*,*,#1920,.T.);
#880=ORIENTED_EDGE('',*,*,#1921,.T.);
#881=ORIENTED_EDGE('',*,*,#1922,.F.);
#882=ORIENTED_EDGE('',*,*,#1923,.T.);
#883=ORIENTED_EDGE('',*,*,#1924,.T.);
#884=ORIENTED_EDGE('',*,*,#1925,.T.);
#885=ORIENTED_EDGE('',*,*,#1926,.T.);
#886=ORIENTED_EDGE('',*,*,#1927,.T.);
#887=ORIENTED_EDGE('',*,*,#1928,.T.);
#888=ORIENTED_EDGE('',*,*,#1929,.T.);
#889=ORIENTED_EDGE('',*,*,#1930,.T.);
#890=ORIENTED_EDGE('',*,*,#1931,.T.);
#891=ORIENTED_EDGE('',*,*,#1932,.F.);
#892=ORIENTED_EDGE('',*,*,#1933,.T.);
#893=ORIENTED_EDGE('',*,*,#1934,.T.);
#894=ORIENTED_EDGE('',*,*,#1935,.T.);
#895=ORIENTED_EDGE('',*,*,#1936,.T.);
#896=ORIENTED_EDGE('',*,*,#1937,.T.);
#897=ORIENTED_EDGE('',*,*,#1938,.T.);
#898=ORIENTED_EDGE('',*,*,#1939,.T.);
#899=ORIENTED_EDGE('',*,*,#1940,.T.);
#900=ORIENTED_EDGE('',*,*,#1941,.F.);
#901=ORIENTED_EDGE('',*,*,#1942,.T.);
#902=ORIENTED_EDGE('',*,*,#1943,.T.);
#903=ORIENTED_EDGE('',*,*,#1944,.T.);
#904=ORIENTED_EDGE('',*,*,#1945,.T.);
#905=ORIENTED_EDGE('',*,*,#1935,.F.);
#906=ORIENTED_EDGE('',*,*,#1946,.T.);
#907=ORIENTED_EDGE('',*,*,#1922,.T.);
#908=ORIENTED_EDGE('',*,*,#1947,.F.);
#909=ORIENTED_EDGE('',*,*,#1948,.T.);
#910=ORIENTED_EDGE('',*,*,#1949,.T.);
#911=ORIENTED_EDGE('',*,*,#1950,.F.);
#912=ORIENTED_EDGE('',*,*,#1951,.T.);
#913=ORIENTED_EDGE('',*,*,#1952,.T.);
#914=ORIENTED_EDGE('',*,*,#1953,.T.);
#915=ORIENTED_EDGE('',*,*,#1954,.T.);
#916=ORIENTED_EDGE('',*,*,#1955,.T.);
#917=ORIENTED_EDGE('',*,*,#1956,.T.);
#918=ORIENTED_EDGE('',*,*,#1957,.T.);
#919=ORIENTED_EDGE('',*,*,#1950,.T.);
#920=ORIENTED_EDGE('',*,*,#1958,.T.);
#921=ORIENTED_EDGE('',*,*,#1959,.F.);
#922=ORIENTED_EDGE('',*,*,#1960,.T.);
#923=ORIENTED_EDGE('',*,*,#1961,.T.);
#924=ORIENTED_EDGE('',*,*,#1962,.T.);
#925=ORIENTED_EDGE('',*,*,#1963,.T.);
#926=ORIENTED_EDGE('',*,*,#1964,.T.);
#927=ORIENTED_EDGE('',*,*,#1965,.T.);
#928=ORIENTED_EDGE('',*,*,#1966,.T.);
#929=ORIENTED_EDGE('',*,*,#1967,.F.);
#930=ORIENTED_EDGE('',*,*,#1968,.F.);
#931=ORIENTED_EDGE('',*,*,#1969,.T.);
#932=ORIENTED_EDGE('',*,*,#1948,.F.);
#933=ORIENTED_EDGE('',*,*,#1970,.T.);
#934=ORIENTED_EDGE('',*,*,#1971,.T.);
#935=ORIENTED_EDGE('',*,*,#1972,.T.);
#936=ORIENTED_EDGE('',*,*,#1973,.F.);
#937=ORIENTED_EDGE('',*,*,#1974,.T.);
#938=ORIENTED_EDGE('',*,*,#1975,.T.);
#939=ORIENTED_EDGE('',*,*,#1976,.T.);
#940=ORIENTED_EDGE('',*,*,#1977,.T.);
#941=ORIENTED_EDGE('',*,*,#1978,.T.);
#942=ORIENTED_EDGE('',*,*,#1979,.T.);
#943=ORIENTED_EDGE('',*,*,#1980,.F.);
#944=ORIENTED_EDGE('',*,*,#1981,.T.);
#945=ORIENTED_EDGE('',*,*,#1960,.F.);
#946=ORIENTED_EDGE('',*,*,#1982,.F.);
#947=ORIENTED_EDGE('',*,*,#1983,.F.);
#948=ORIENTED_EDGE('',*,*,#1984,.F.);
#949=ORIENTED_EDGE('',*,*,#1985,.F.);
#950=ORIENTED_EDGE('',*,*,#1986,.F.);
#951=ORIENTED_EDGE('',*,*,#1987,.F.);
#952=ORIENTED_EDGE('',*,*,#1988,.F.);
#953=ORIENTED_EDGE('',*,*,#1989,.F.);
#954=ORIENTED_EDGE('',*,*,#1990,.F.);
#955=ORIENTED_EDGE('',*,*,#1991,.F.);
#956=ORIENTED_EDGE('',*,*,#1992,.F.);
#957=ORIENTED_EDGE('',*,*,#1993,.F.);
#958=ORIENTED_EDGE('',*,*,#1994,.F.);
#959=ORIENTED_EDGE('',*,*,#1995,.F.);
#960=ORIENTED_EDGE('',*,*,#1996,.F.);
#961=ORIENTED_EDGE('',*,*,#1997,.F.);
#962=ORIENTED_EDGE('',*,*,#1998,.F.);
#963=ORIENTED_EDGE('',*,*,#1999,.F.);
#964=ORIENTED_EDGE('',*,*,#2000,.F.);
#965=ORIENTED_EDGE('',*,*,#1929,.F.);
#966=ORIENTED_EDGE('',*,*,#2001,.T.);
#967=ORIENTED_EDGE('',*,*,#2002,.T.);
#968=ORIENTED_EDGE('',*,*,#2003,.T.);
#969=ORIENTED_EDGE('',*,*,#2004,.T.);
#970=ORIENTED_EDGE('',*,*,#2005,.T.);
#971=ORIENTED_EDGE('',*,*,#2006,.T.);
#972=ORIENTED_EDGE('',*,*,#2007,.T.);
#973=ORIENTED_EDGE('',*,*,#2008,.T.);
#974=ORIENTED_EDGE('',*,*,#2009,.T.);
#975=ORIENTED_EDGE('',*,*,#2010,.T.);
#976=ORIENTED_EDGE('',*,*,#2011,.T.);
#977=ORIENTED_EDGE('',*,*,#2012,.T.);
#978=ORIENTED_EDGE('',*,*,#2013,.T.);
#979=ORIENTED_EDGE('',*,*,#2014,.T.);
#980=ORIENTED_EDGE('',*,*,#2015,.T.);
#981=ORIENTED_EDGE('',*,*,#2016,.T.);
#982=ORIENTED_EDGE('',*,*,#2017,.T.);
#983=ORIENTED_EDGE('',*,*,#2018,.T.);
#984=ORIENTED_EDGE('',*,*,#2019,.T.);
#985=ORIENTED_EDGE('',*,*,#2020,.T.);
#986=ORIENTED_EDGE('',*,*,#2021,.T.);
#987=ORIENTED_EDGE('',*,*,#2022,.T.);
#988=ORIENTED_EDGE('',*,*,#2023,.T.);
#989=ORIENTED_EDGE('',*,*,#2024,.T.);
#990=ORIENTED_EDGE('',*,*,#2025,.F.);
#991=ORIENTED_EDGE('',*,*,#2026,.T.);
#992=ORIENTED_EDGE('',*,*,#2027,.F.);
#993=ORIENTED_EDGE('',*,*,#2028,.T.);
#994=ORIENTED_EDGE('',*,*,#2029,.T.);
#995=ORIENTED_EDGE('',*,*,#2030,.F.);
#996=ORIENTED_EDGE('',*,*,#2031,.T.);
#997=ORIENTED_EDGE('',*,*,#1925,.F.);
#998=ORIENTED_EDGE('',*,*,#2032,.T.);
#999=ORIENTED_EDGE('',*,*,#2033,.T.);
#1000=ORIENTED_EDGE('',*,*,#2034,.T.);
#1001=ORIENTED_EDGE('',*,*,#2035,.T.);
#1002=ORIENTED_EDGE('',*,*,#2036,.T.);
#1003=ORIENTED_EDGE('',*,*,#2037,.T.);
#1004=ORIENTED_EDGE('',*,*,#2038,.T.);
#1005=ORIENTED_EDGE('',*,*,#2039,.T.);
#1006=ORIENTED_EDGE('',*,*,#2040,.T.);
#1007=ORIENTED_EDGE('',*,*,#2041,.T.);
#1008=ORIENTED_EDGE('',*,*,#2042,.T.);
#1009=ORIENTED_EDGE('',*,*,#2043,.T.);
#1010=ORIENTED_EDGE('',*,*,#2044,.T.);
#1011=ORIENTED_EDGE('',*,*,#2045,.T.);
#1012=ORIENTED_EDGE('',*,*,#2046,.T.);
#1013=ORIENTED_EDGE('',*,*,#2047,.T.);
#1014=ORIENTED_EDGE('',*,*,#2048,.T.);
#1015=ORIENTED_EDGE('',*,*,#2049,.T.);
#1016=ORIENTED_EDGE('',*,*,#2050,.T.);
#1017=ORIENTED_EDGE('',*,*,#1964,.F.);
#1018=ORIENTED_EDGE('',*,*,#2051,.T.);
#1019=ORIENTED_EDGE('',*,*,#2052,.T.);
#1020=ORIENTED_EDGE('',*,*,#2053,.T.);
#1021=ORIENTED_EDGE('',*,*,#2054,.T.);
#1022=ORIENTED_EDGE('',*,*,#2055,.T.);
#1023=ORIENTED_EDGE('',*,*,#2056,.T.);
#1024=ORIENTED_EDGE('',*,*,#2057,.T.);
#1025=ORIENTED_EDGE('',*,*,#2058,.T.);
#1026=ORIENTED_EDGE('',*,*,#2059,.T.);
#1027=ORIENTED_EDGE('',*,*,#2060,.F.);
#1028=ORIENTED_EDGE('',*,*,#2061,.T.);
#1029=ORIENTED_EDGE('',*,*,#2062,.F.);
#1030=ORIENTED_EDGE('',*,*,#2063,.F.);
#1031=ORIENTED_EDGE('',*,*,#2064,.T.);
#1032=ORIENTED_EDGE('',*,*,#2065,.F.);
#1033=ORIENTED_EDGE('',*,*,#2066,.T.);
#1034=ORIENTED_EDGE('',*,*,#2067,.F.);
#1035=ORIENTED_EDGE('',*,*,#2068,.T.);
#1036=ORIENTED_EDGE('',*,*,#2069,.F.);
#1037=ORIENTED_EDGE('',*,*,#2070,.F.);
#1038=ORIENTED_EDGE('',*,*,#2071,.T.);
#1039=ORIENTED_EDGE('',*,*,#2072,.F.);
#1040=ORIENTED_EDGE('',*,*,#2073,.F.);
#1041=ORIENTED_EDGE('',*,*,#2074,.F.);
#1042=ORIENTED_EDGE('',*,*,#2075,.F.);
#1043=ORIENTED_EDGE('',*,*,#2076,.F.);
#1044=ORIENTED_EDGE('',*,*,#2077,.F.);
#1045=ORIENTED_EDGE('',*,*,#2078,.F.);
#1046=ORIENTED_EDGE('',*,*,#2079,.F.);
#1047=ORIENTED_EDGE('',*,*,#2080,.F.);
#1048=ORIENTED_EDGE('',*,*,#2081,.F.);
#1049=ORIENTED_EDGE('',*,*,#2082,.F.);
#1050=ORIENTED_EDGE('',*,*,#2083,.F.);
#1051=ORIENTED_EDGE('',*,*,#2084,.T.);
#1052=ORIENTED_EDGE('',*,*,#1985,.T.);
#1053=ORIENTED_EDGE('',*,*,#2085,.F.);
#1054=ORIENTED_EDGE('',*,*,#2082,.T.);
#1055=ORIENTED_EDGE('',*,*,#2086,.T.);
#1056=ORIENTED_EDGE('',*,*,#1997,.T.);
#1057=ORIENTED_EDGE('',*,*,#2087,.F.);
#1058=ORIENTED_EDGE('',*,*,#2088,.T.);
#1059=ORIENTED_EDGE('',*,*,#2089,.F.);
#1060=ORIENTED_EDGE('',*,*,#2090,.F.);
#1061=ORIENTED_EDGE('',*,*,#2088,.F.);
#1062=ORIENTED_EDGE('',*,*,#2091,.F.);
#1063=ORIENTED_EDGE('',*,*,#2092,.T.);
#1064=ORIENTED_EDGE('',*,*,#2093,.T.);
#1065=ORIENTED_EDGE('',*,*,#2094,.T.);
#1066=ORIENTED_EDGE('',*,*,#2095,.T.);
#1067=ORIENTED_EDGE('',*,*,#2096,.T.);
#1068=ORIENTED_EDGE('',*,*,#2097,.T.);
#1069=ORIENTED_EDGE('',*,*,#2098,.T.);
#1070=ORIENTED_EDGE('',*,*,#2099,.T.);
#1071=ORIENTED_EDGE('',*,*,#2100,.T.);
#1072=ORIENTED_EDGE('',*,*,#2101,.T.);
#1073=ORIENTED_EDGE('',*,*,#2102,.F.);
#1074=ORIENTED_EDGE('',*,*,#2089,.T.);
#1075=ORIENTED_EDGE('',*,*,#2102,.T.);
#1076=ORIENTED_EDGE('',*,*,#2103,.T.);
#1077=ORIENTED_EDGE('',*,*,#2104,.F.);
#1078=ORIENTED_EDGE('',*,*,#1998,.T.);
#1079=ORIENTED_EDGE('',*,*,#2086,.F.);
#1080=ORIENTED_EDGE('',*,*,#2090,.T.);
#1081=ORIENTED_EDGE('',*,*,#2104,.T.);
#1082=ORIENTED_EDGE('',*,*,#2105,.T.);
#1083=ORIENTED_EDGE('',*,*,#2010,.F.);
#1084=ORIENTED_EDGE('',*,*,#2106,.F.);
#1085=ORIENTED_EDGE('',*,*,#1999,.T.);
#1086=ORIENTED_EDGE('',*,*,#2022,.F.);
#1087=ORIENTED_EDGE('',*,*,#2107,.T.);
#1088=ORIENTED_EDGE('',*,*,#2108,.F.);
#1089=ORIENTED_EDGE('',*,*,#1983,.T.);
#1090=ORIENTED_EDGE('',*,*,#2109,.T.);
#1091=ORIENTED_EDGE('',*,*,#2108,.T.);
#1092=ORIENTED_EDGE('',*,*,#2110,.T.);
#1093=ORIENTED_EDGE('',*,*,#2111,.F.);
#1094=ORIENTED_EDGE('',*,*,#2083,.T.);
#1095=ORIENTED_EDGE('',*,*,#2085,.T.);
#1096=ORIENTED_EDGE('',*,*,#1984,.T.);
#1097=ORIENTED_EDGE('',*,*,#2111,.T.);
#1098=ORIENTED_EDGE('',*,*,#2112,.T.);
#1099=ORIENTED_EDGE('',*,*,#2113,.F.);
#1100=ORIENTED_EDGE('',*,*,#2080,.T.);
#1101=ORIENTED_EDGE('',*,*,#2113,.T.);
#1102=ORIENTED_EDGE('',*,*,#2114,.T.);
#1103=ORIENTED_EDGE('',*,*,#2115,.F.);
#1104=ORIENTED_EDGE('',*,*,#1986,.T.);
#1105=ORIENTED_EDGE('',*,*,#2084,.F.);
#1106=ORIENTED_EDGE('',*,*,#2081,.T.);
#1107=ORIENTED_EDGE('',*,*,#2115,.T.);
#1108=ORIENTED_EDGE('',*,*,#2116,.T.);
#1109=ORIENTED_EDGE('',*,*,#2020,.F.);
#1110=ORIENTED_EDGE('',*,*,#2117,.F.);
#1111=ORIENTED_EDGE('',*,*,#1987,.T.);
#1112=ORIENTED_EDGE('',*,*,#2019,.F.);
#1113=ORIENTED_EDGE('',*,*,#2118,.F.);
#1114=ORIENTED_EDGE('',*,*,#1988,.T.);
#1115=ORIENTED_EDGE('',*,*,#2117,.T.);
#1116=ORIENTED_EDGE('',*,*,#2018,.F.);
#1117=ORIENTED_EDGE('',*,*,#2119,.F.);
#1118=ORIENTED_EDGE('',*,*,#1989,.T.);
#1119=ORIENTED_EDGE('',*,*,#2118,.T.);
#1120=ORIENTED_EDGE('',*,*,#2120,.F.);
#1121=ORIENTED_EDGE('',*,*,#2121,.T.);
#1122=ORIENTED_EDGE('',*,*,#2122,.F.);
#1123=ORIENTED_EDGE('',*,*,#2123,.F.);
#1124=ORIENTED_EDGE('',*,*,#2124,.F.);
#1125=ORIENTED_EDGE('',*,*,#1990,.T.);
#1126=ORIENTED_EDGE('',*,*,#2119,.T.);
#1127=ORIENTED_EDGE('',*,*,#2017,.F.);
#1128=ORIENTED_EDGE('',*,*,#2125,.F.);
#1129=ORIENTED_EDGE('',*,*,#2126,.F.);
#1130=ORIENTED_EDGE('',*,*,#2127,.F.);
#1131=ORIENTED_EDGE('',*,*,#2128,.T.);
#1132=ORIENTED_EDGE('',*,*,#2129,.T.);
#1133=ORIENTED_EDGE('',*,*,#2130,.T.);
#1134=ORIENTED_EDGE('',*,*,#2131,.T.);
#1135=ORIENTED_EDGE('',*,*,#2132,.T.);
#1136=ORIENTED_EDGE('',*,*,#2133,.T.);
#1137=ORIENTED_EDGE('',*,*,#2015,.F.);
#1138=ORIENTED_EDGE('',*,*,#2134,.F.);
#1139=ORIENTED_EDGE('',*,*,#1992,.T.);
#1140=ORIENTED_EDGE('',*,*,#2135,.T.);
#1141=ORIENTED_EDGE('',*,*,#2136,.T.);
#1142=ORIENTED_EDGE('',*,*,#2014,.F.);
#1143=ORIENTED_EDGE('',*,*,#2137,.F.);
#1144=ORIENTED_EDGE('',*,*,#1993,.T.);
#1145=ORIENTED_EDGE('',*,*,#2134,.T.);
#1146=ORIENTED_EDGE('',*,*,#2013,.F.);
#1147=ORIENTED_EDGE('',*,*,#2138,.F.);
#1148=ORIENTED_EDGE('',*,*,#1994,.T.);
#1149=ORIENTED_EDGE('',*,*,#2137,.T.);
#1150=ORIENTED_EDGE('',*,*,#2012,.F.);
#1151=ORIENTED_EDGE('',*,*,#2139,.T.);
#1152=ORIENTED_EDGE('',*,*,#2140,.F.);
#1153=ORIENTED_EDGE('',*,*,#1995,.T.);
#1154=ORIENTED_EDGE('',*,*,#2138,.T.);
#1155=ORIENTED_EDGE('',*,*,#2140,.T.);
#1156=ORIENTED_EDGE('',*,*,#2141,.T.);
#1157=ORIENTED_EDGE('',*,*,#2100,.F.);
#1158=ORIENTED_EDGE('',*,*,#2091,.T.);
#1159=ORIENTED_EDGE('',*,*,#2087,.T.);
#1160=ORIENTED_EDGE('',*,*,#1996,.T.);
#1161=ORIENTED_EDGE('',*,*,#2142,.T.);
#1162=ORIENTED_EDGE('',*,*,#2009,.F.);
#1163=ORIENTED_EDGE('',*,*,#2143,.F.);
#1164=ORIENTED_EDGE('',*,*,#2099,.F.);
#1165=ORIENTED_EDGE('',*,*,#2143,.T.);
#1166=ORIENTED_EDGE('',*,*,#2008,.F.);
#1167=ORIENTED_EDGE('',*,*,#2144,.F.);
#1168=ORIENTED_EDGE('',*,*,#2092,.F.);
#1169=ORIENTED_EDGE('',*,*,#2145,.T.);
#1170=ORIENTED_EDGE('',*,*,#2093,.F.);
#1171=ORIENTED_EDGE('',*,*,#2144,.T.);
#1172=ORIENTED_EDGE('',*,*,#2007,.F.);
#1173=ORIENTED_EDGE('',*,*,#2146,.T.);
#1174=ORIENTED_EDGE('',*,*,#2094,.F.);
#1175=ORIENTED_EDGE('',*,*,#2145,.F.);
#1176=ORIENTED_EDGE('',*,*,#2006,.F.);
#1177=ORIENTED_EDGE('',*,*,#2147,.T.);
#1178=ORIENTED_EDGE('',*,*,#2095,.F.);
#1179=ORIENTED_EDGE('',*,*,#2146,.F.);
#1180=ORIENTED_EDGE('',*,*,#2005,.F.);
#1181=ORIENTED_EDGE('',*,*,#2148,.T.);
#1182=ORIENTED_EDGE('',*,*,#2096,.F.);
#1183=ORIENTED_EDGE('',*,*,#2147,.F.);
#1184=ORIENTED_EDGE('',*,*,#2004,.F.);
#1185=ORIENTED_EDGE('',*,*,#2149,.F.);
#1186=ORIENTED_EDGE('',*,*,#2097,.F.);
#1187=ORIENTED_EDGE('',*,*,#2148,.F.);
#1188=ORIENTED_EDGE('',*,*,#2003,.F.);
#1189=ORIENTED_EDGE('',*,*,#2149,.T.);
#1190=ORIENTED_EDGE('',*,*,#2002,.F.);
#1191=ORIENTED_EDGE('',*,*,#2142,.F.);
#1192=ORIENTED_EDGE('',*,*,#2098,.F.);
#1193=ORIENTED_EDGE('',*,*,#2029,.F.);
#1194=ORIENTED_EDGE('',*,*,#2150,.T.);
#1195=ORIENTED_EDGE('',*,*,#1942,.F.);
#1196=ORIENTED_EDGE('',*,*,#2151,.T.);
#1197=ORIENTED_EDGE('',*,*,#2000,.T.);
#1198=ORIENTED_EDGE('',*,*,#2106,.T.);
#1199=ORIENTED_EDGE('',*,*,#1941,.T.);
#1200=ORIENTED_EDGE('',*,*,#2152,.T.);
#1201=ORIENTED_EDGE('',*,*,#1916,.T.);
#1202=ORIENTED_EDGE('',*,*,#2151,.F.);
#1203=ORIENTED_EDGE('',*,*,#1918,.T.);
#1204=ORIENTED_EDGE('',*,*,#2153,.T.);
#1205=ORIENTED_EDGE('',*,*,#1939,.F.);
#1206=ORIENTED_EDGE('',*,*,#2154,.F.);
#1207=ORIENTED_EDGE('',*,*,#1975,.F.);
#1208=ORIENTED_EDGE('',*,*,#2155,.T.);
#1209=ORIENTED_EDGE('',*,*,#1952,.F.);
#1210=ORIENTED_EDGE('',*,*,#2156,.T.);
#1211=ORIENTED_EDGE('',*,*,#1954,.F.);
#1212=ORIENTED_EDGE('',*,*,#2157,.T.);
#1213=ORIENTED_EDGE('',*,*,#1973,.T.);
#1214=ORIENTED_EDGE('',*,*,#2158,.F.);
#1215=ORIENTED_EDGE('',*,*,#1959,.T.);
#1216=ORIENTED_EDGE('',*,*,#2159,.T.);
#1217=ORIENTED_EDGE('',*,*,#1968,.T.);
#1218=ORIENTED_EDGE('',*,*,#2160,.F.);
#1219=ORIENTED_EDGE('',*,*,#1967,.T.);
#1220=ORIENTED_EDGE('',*,*,#2161,.T.);
#1221=ORIENTED_EDGE('',*,*,#2023,.F.);
#1222=ORIENTED_EDGE('',*,*,#2109,.F.);
#1223=ORIENTED_EDGE('',*,*,#1982,.T.);
#1224=ORIENTED_EDGE('',*,*,#2160,.T.);
#1225=ORIENTED_EDGE('',*,*,#1924,.F.);
#1226=ORIENTED_EDGE('',*,*,#2162,.T.);
#1227=ORIENTED_EDGE('',*,*,#1933,.F.);
#1228=ORIENTED_EDGE('',*,*,#2163,.T.);
#1229=ORIENTED_EDGE('',*,*,#2164,.T.);
#1230=ORIENTED_EDGE('',*,*,#2165,.T.);
#1231=ORIENTED_EDGE('',*,*,#2166,.T.);
#1232=ORIENTED_EDGE('',*,*,#2167,.T.);
#1233=ORIENTED_EDGE('',*,*,#2035,.F.);
#1234=ORIENTED_EDGE('',*,*,#2168,.F.);
#1235=ORIENTED_EDGE('',*,*,#2164,.F.);
#1236=ORIENTED_EDGE('',*,*,#2169,.T.);
#1237=ORIENTED_EDGE('',*,*,#2170,.T.);
#1238=ORIENTED_EDGE('',*,*,#2171,.T.);
#1239=ORIENTED_EDGE('',*,*,#2172,.T.);
#1240=ORIENTED_EDGE('',*,*,#2173,.T.);
#1241=ORIENTED_EDGE('',*,*,#2047,.F.);
#1242=ORIENTED_EDGE('',*,*,#2174,.F.);
#1243=ORIENTED_EDGE('',*,*,#2170,.F.);
#1244=ORIENTED_EDGE('',*,*,#2175,.T.);
#1245=ORIENTED_EDGE('',*,*,#2069,.T.);
#1246=ORIENTED_EDGE('',*,*,#2176,.T.);
#1247=ORIENTED_EDGE('',*,*,#1976,.F.);
#1248=ORIENTED_EDGE('',*,*,#2156,.F.);
#1249=ORIENTED_EDGE('',*,*,#2050,.F.);
#1250=ORIENTED_EDGE('',*,*,#2177,.T.);
#1251=ORIENTED_EDGE('',*,*,#1932,.T.);
#1252=ORIENTED_EDGE('',*,*,#2178,.T.);
#1253=ORIENTED_EDGE('',*,*,#2063,.T.);
#1254=ORIENTED_EDGE('',*,*,#2179,.F.);
#1255=ORIENTED_EDGE('',*,*,#2032,.F.);
#1256=ORIENTED_EDGE('',*,*,#2163,.F.);
#1257=ORIENTED_EDGE('',*,*,#2062,.T.);
#1258=ORIENTED_EDGE('',*,*,#2180,.T.);
#1259=ORIENTED_EDGE('',*,*,#2181,.F.);
#1260=ORIENTED_EDGE('',*,*,#2033,.F.);
#1261=ORIENTED_EDGE('',*,*,#2179,.T.);
#1262=ORIENTED_EDGE('',*,*,#2181,.T.);
#1263=ORIENTED_EDGE('',*,*,#2182,.T.);
#1264=ORIENTED_EDGE('',*,*,#2183,.F.);
#1265=ORIENTED_EDGE('',*,*,#2165,.F.);
#1266=ORIENTED_EDGE('',*,*,#2168,.T.);
#1267=ORIENTED_EDGE('',*,*,#2034,.F.);
#1268=ORIENTED_EDGE('',*,*,#2183,.T.);
#1269=ORIENTED_EDGE('',*,*,#2184,.T.);
#1270=ORIENTED_EDGE('',*,*,#2185,.F.);
#1271=ORIENTED_EDGE('',*,*,#2166,.F.);
#1272=ORIENTED_EDGE('',*,*,#2185,.T.);
#1273=ORIENTED_EDGE('',*,*,#2186,.T.);
#1274=ORIENTED_EDGE('',*,*,#2187,.F.);
#1275=ORIENTED_EDGE('',*,*,#2036,.F.);
#1276=ORIENTED_EDGE('',*,*,#2169,.F.);
#1277=ORIENTED_EDGE('',*,*,#2167,.F.);
#1278=ORIENTED_EDGE('',*,*,#2187,.T.);
#1279=ORIENTED_EDGE('',*,*,#2188,.T.);
#1280=ORIENTED_EDGE('',*,*,#2060,.T.);
#1281=ORIENTED_EDGE('',*,*,#2189,.F.);
#1282=ORIENTED_EDGE('',*,*,#2037,.F.);
#1283=ORIENTED_EDGE('',*,*,#2079,.T.);
#1284=ORIENTED_EDGE('',*,*,#2190,.F.);
#1285=ORIENTED_EDGE('',*,*,#2038,.F.);
#1286=ORIENTED_EDGE('',*,*,#2189,.T.);
#1287=ORIENTED_EDGE('',*,*,#2078,.T.);
#1288=ORIENTED_EDGE('',*,*,#2191,.F.);
#1289=ORIENTED_EDGE('',*,*,#2039,.F.);
#1290=ORIENTED_EDGE('',*,*,#2190,.T.);
#1291=ORIENTED_EDGE('',*,*,#2192,.F.);
#1292=ORIENTED_EDGE('',*,*,#2193,.T.);
#1293=ORIENTED_EDGE('',*,*,#2194,.F.);
#1294=ORIENTED_EDGE('',*,*,#2195,.F.);
#1295=ORIENTED_EDGE('',*,*,#2196,.F.);
#1296=ORIENTED_EDGE('',*,*,#2040,.F.);
#1297=ORIENTED_EDGE('',*,*,#2191,.T.);
#1298=ORIENTED_EDGE('',*,*,#2077,.T.);
#1299=ORIENTED_EDGE('',*,*,#2197,.F.);
#1300=ORIENTED_EDGE('',*,*,#2198,.F.);
#1301=ORIENTED_EDGE('',*,*,#2199,.F.);
#1302=ORIENTED_EDGE('',*,*,#2200,.T.);
#1303=ORIENTED_EDGE('',*,*,#2201,.T.);
#1304=ORIENTED_EDGE('',*,*,#2202,.T.);
#1305=ORIENTED_EDGE('',*,*,#2203,.T.);
#1306=ORIENTED_EDGE('',*,*,#2204,.T.);
#1307=ORIENTED_EDGE('',*,*,#2205,.T.);
#1308=ORIENTED_EDGE('',*,*,#2075,.T.);
#1309=ORIENTED_EDGE('',*,*,#2206,.F.);
#1310=ORIENTED_EDGE('',*,*,#2042,.F.);
#1311=ORIENTED_EDGE('',*,*,#2207,.T.);
#1312=ORIENTED_EDGE('',*,*,#2208,.T.);
#1313=ORIENTED_EDGE('',*,*,#2074,.T.);
#1314=ORIENTED_EDGE('',*,*,#2209,.F.);
#1315=ORIENTED_EDGE('',*,*,#2043,.F.);
#1316=ORIENTED_EDGE('',*,*,#2206,.T.);
#1317=ORIENTED_EDGE('',*,*,#2073,.T.);
#1318=ORIENTED_EDGE('',*,*,#2210,.F.);
#1319=ORIENTED_EDGE('',*,*,#2044,.F.);
#1320=ORIENTED_EDGE('',*,*,#2209,.T.);
#1321=ORIENTED_EDGE('',*,*,#2072,.T.);
#1322=ORIENTED_EDGE('',*,*,#2211,.T.);
#1323=ORIENTED_EDGE('',*,*,#2212,.F.);
#1324=ORIENTED_EDGE('',*,*,#2045,.F.);
#1325=ORIENTED_EDGE('',*,*,#2210,.T.);
#1326=ORIENTED_EDGE('',*,*,#2212,.T.);
#1327=ORIENTED_EDGE('',*,*,#2213,.T.);
#1328=ORIENTED_EDGE('',*,*,#2214,.F.);
#1329=ORIENTED_EDGE('',*,*,#2171,.F.);
#1330=ORIENTED_EDGE('',*,*,#2174,.T.);
#1331=ORIENTED_EDGE('',*,*,#2046,.F.);
#1332=ORIENTED_EDGE('',*,*,#2214,.T.);
#1333=ORIENTED_EDGE('',*,*,#2215,.T.);
#1334=ORIENTED_EDGE('',*,*,#2216,.F.);
#1335=ORIENTED_EDGE('',*,*,#2172,.F.);
#1336=ORIENTED_EDGE('',*,*,#2216,.T.);
#1337=ORIENTED_EDGE('',*,*,#2217,.T.);
#1338=ORIENTED_EDGE('',*,*,#2218,.F.);
#1339=ORIENTED_EDGE('',*,*,#2048,.F.);
#1340=ORIENTED_EDGE('',*,*,#2175,.F.);
#1341=ORIENTED_EDGE('',*,*,#2173,.F.);
#1342=ORIENTED_EDGE('',*,*,#2218,.T.);
#1343=ORIENTED_EDGE('',*,*,#2219,.T.);
#1344=ORIENTED_EDGE('',*,*,#2070,.T.);
#1345=ORIENTED_EDGE('',*,*,#2177,.F.);
#1346=ORIENTED_EDGE('',*,*,#2049,.F.);
#1347=ORIENTED_EDGE('',*,*,#2220,.T.);
#1348=ORIENTED_EDGE('',*,*,#2053,.F.);
#1349=ORIENTED_EDGE('',*,*,#2221,.T.);
#1350=ORIENTED_EDGE('',*,*,#2222,.T.);
#1351=ORIENTED_EDGE('',*,*,#2221,.F.);
#1352=ORIENTED_EDGE('',*,*,#2052,.F.);
#1353=ORIENTED_EDGE('',*,*,#2223,.T.);
#1354=ORIENTED_EDGE('',*,*,#2224,.T.);
#1355=ORIENTED_EDGE('',*,*,#2220,.F.);
#1356=ORIENTED_EDGE('',*,*,#2225,.T.);
#1357=ORIENTED_EDGE('',*,*,#2226,.T.);
#1358=ORIENTED_EDGE('',*,*,#2054,.F.);
#1359=ORIENTED_EDGE('',*,*,#2223,.F.);
#1360=ORIENTED_EDGE('',*,*,#2059,.F.);
#1361=ORIENTED_EDGE('',*,*,#2227,.T.);
#1362=ORIENTED_EDGE('',*,*,#2228,.T.);
#1363=ORIENTED_EDGE('',*,*,#2226,.F.);
#1364=ORIENTED_EDGE('',*,*,#2229,.T.);
#1365=ORIENTED_EDGE('',*,*,#2230,.T.);
#1366=ORIENTED_EDGE('',*,*,#2055,.F.);
#1367=ORIENTED_EDGE('',*,*,#2227,.F.);
#1368=ORIENTED_EDGE('',*,*,#2058,.F.);
#1369=ORIENTED_EDGE('',*,*,#2231,.T.);
#1370=ORIENTED_EDGE('',*,*,#2232,.T.);
#1371=ORIENTED_EDGE('',*,*,#2230,.F.);
#1372=ORIENTED_EDGE('',*,*,#2233,.T.);
#1373=ORIENTED_EDGE('',*,*,#2234,.T.);
#1374=ORIENTED_EDGE('',*,*,#2056,.F.);
#1375=ORIENTED_EDGE('',*,*,#2231,.F.);
#1376=ORIENTED_EDGE('',*,*,#2057,.F.);
#1377=ORIENTED_EDGE('',*,*,#2234,.F.);
#1378=ORIENTED_EDGE('',*,*,#2235,.T.);
#1379=ORIENTED_EDGE('',*,*,#2233,.F.);
#1380=ORIENTED_EDGE('',*,*,#2229,.F.);
#1381=ORIENTED_EDGE('',*,*,#2225,.F.);
#1382=ORIENTED_EDGE('',*,*,#2222,.F.);
#1383=ORIENTED_EDGE('',*,*,#2224,.F.);
#1384=ORIENTED_EDGE('',*,*,#2228,.F.);
#1385=ORIENTED_EDGE('',*,*,#2232,.F.);
#1386=ORIENTED_EDGE('',*,*,#2235,.F.);
#1387=ORIENTED_EDGE('',*,*,#2025,.T.);
#1388=ORIENTED_EDGE('',*,*,#2236,.T.);
#1389=ORIENTED_EDGE('',*,*,#1965,.F.);
#1390=ORIENTED_EDGE('',*,*,#2237,.F.);
#1391=ORIENTED_EDGE('',*,*,#1961,.F.);
#1392=ORIENTED_EDGE('',*,*,#1981,.F.);
#1393=ORIENTED_EDGE('',*,*,#2238,.T.);
#1394=ORIENTED_EDGE('',*,*,#1944,.F.);
#1395=ORIENTED_EDGE('',*,*,#2239,.T.);
#1396=ORIENTED_EDGE('',*,*,#2027,.T.);
#1397=ORIENTED_EDGE('',*,*,#2240,.T.);
#1398=ORIENTED_EDGE('',*,*,#2001,.F.);
#1399=ORIENTED_EDGE('',*,*,#1928,.F.);
#1400=ORIENTED_EDGE('',*,*,#2241,.T.);
#1401=ORIENTED_EDGE('',*,*,#2065,.T.);
#1402=ORIENTED_EDGE('',*,*,#2242,.T.);
#1403=ORIENTED_EDGE('',*,*,#1930,.F.);
#1404=ORIENTED_EDGE('',*,*,#2243,.F.);
#1405=ORIENTED_EDGE('',*,*,#1926,.F.);
#1406=ORIENTED_EDGE('',*,*,#2031,.F.);
#1407=ORIENTED_EDGE('',*,*,#2244,.T.);
#1408=ORIENTED_EDGE('',*,*,#1978,.F.);
#1409=ORIENTED_EDGE('',*,*,#2245,.T.);
#1410=ORIENTED_EDGE('',*,*,#2067,.T.);
#1411=ORIENTED_EDGE('',*,*,#2246,.T.);
#1412=ORIENTED_EDGE('',*,*,#2051,.F.);
#1413=ORIENTED_EDGE('',*,*,#1963,.F.);
#1414=ORIENTED_EDGE('',*,*,#2247,.T.);
#1415=ORIENTED_EDGE('',*,*,#1980,.T.);
#1416=ORIENTED_EDGE('',*,*,#2240,.F.);
#1417=ORIENTED_EDGE('',*,*,#2026,.F.);
#1418=ORIENTED_EDGE('',*,*,#2238,.F.);
#1419=ORIENTED_EDGE('',*,*,#2030,.T.);
#1420=ORIENTED_EDGE('',*,*,#2246,.F.);
#1421=ORIENTED_EDGE('',*,*,#2066,.F.);
#1422=ORIENTED_EDGE('',*,*,#2244,.F.);
#1423=ORIENTED_EDGE('',*,*,#2237,.T.);
#1424=ORIENTED_EDGE('',*,*,#1979,.F.);
#1425=ORIENTED_EDGE('',*,*,#2247,.F.);
#1426=ORIENTED_EDGE('',*,*,#1962,.F.);
#1427=ORIENTED_EDGE('',*,*,#2243,.T.);
#1428=ORIENTED_EDGE('',*,*,#1945,.F.);
#1429=ORIENTED_EDGE('',*,*,#2241,.F.);
#1430=ORIENTED_EDGE('',*,*,#1927,.F.);
#1431=ORIENTED_EDGE('',*,*,#2158,.T.);
#1432=ORIENTED_EDGE('',*,*,#1972,.F.);
#1433=ORIENTED_EDGE('',*,*,#2248,.F.);
#1434=ORIENTED_EDGE('',*,*,#1955,.F.);
#1435=ORIENTED_EDGE('',*,*,#2249,.T.);
#1436=ORIENTED_EDGE('',*,*,#1970,.F.);
#1437=ORIENTED_EDGE('',*,*,#1951,.F.);
#1438=ORIENTED_EDGE('',*,*,#1957,.F.);
#1439=ORIENTED_EDGE('',*,*,#2248,.T.);
#1440=ORIENTED_EDGE('',*,*,#1971,.F.);
#1441=ORIENTED_EDGE('',*,*,#2249,.F.);
#1442=ORIENTED_EDGE('',*,*,#1956,.F.);
#1443=ORIENTED_EDGE('',*,*,#2250,.T.);
#1444=ORIENTED_EDGE('',*,*,#1936,.F.);
#1445=ORIENTED_EDGE('',*,*,#1947,.T.);
#1446=ORIENTED_EDGE('',*,*,#1921,.F.);
#1447=ORIENTED_EDGE('',*,*,#2251,.T.);
#1448=ORIENTED_EDGE('',*,*,#1937,.F.);
#1449=ORIENTED_EDGE('',*,*,#2250,.F.);
#1450=ORIENTED_EDGE('',*,*,#1920,.F.);
#1451=ORIENTED_EDGE('',*,*,#1919,.F.);
#1452=ORIENTED_EDGE('',*,*,#2154,.T.);
#1453=ORIENTED_EDGE('',*,*,#1938,.F.);
#1454=ORIENTED_EDGE('',*,*,#2251,.F.);
#1455=ORIENTED_EDGE('',*,*,#2252,.T.);
#1456=ORIENTED_EDGE('',*,*,#2253,.T.);
#1457=ORIENTED_EDGE('',*,*,#2254,.F.);
#1458=ORIENTED_EDGE('',*,*,#2255,.T.);
#1459=ORIENTED_EDGE('',*,*,#2254,.T.);
#1460=ORIENTED_EDGE('',*,*,#2256,.T.);
#1461=ORIENTED_EDGE('',*,*,#2257,.F.);
#1462=ORIENTED_EDGE('',*,*,#2258,.T.);
#1463=ORIENTED_EDGE('',*,*,#2257,.T.);
#1464=ORIENTED_EDGE('',*,*,#2259,.T.);
#1465=ORIENTED_EDGE('',*,*,#2260,.F.);
#1466=ORIENTED_EDGE('',*,*,#2261,.T.);
#1467=ORIENTED_EDGE('',*,*,#2260,.T.);
#1468=ORIENTED_EDGE('',*,*,#2262,.T.);
#1469=ORIENTED_EDGE('',*,*,#2192,.T.);
#1470=ORIENTED_EDGE('',*,*,#2263,.F.);
#1471=ORIENTED_EDGE('',*,*,#2202,.F.);
#1472=ORIENTED_EDGE('',*,*,#2264,.T.);
#1473=ORIENTED_EDGE('',*,*,#2199,.T.);
#1474=ORIENTED_EDGE('',*,*,#2265,.F.);
#1475=ORIENTED_EDGE('',*,*,#2203,.F.);
#1476=ORIENTED_EDGE('',*,*,#2263,.T.);
#1477=ORIENTED_EDGE('',*,*,#2198,.T.);
#1478=ORIENTED_EDGE('',*,*,#2266,.F.);
#1479=ORIENTED_EDGE('',*,*,#2204,.F.);
#1480=ORIENTED_EDGE('',*,*,#2265,.T.);
#1481=ORIENTED_EDGE('',*,*,#2197,.T.);
#1482=ORIENTED_EDGE('',*,*,#2076,.T.);
#1483=ORIENTED_EDGE('',*,*,#2205,.F.);
#1484=ORIENTED_EDGE('',*,*,#2266,.T.);
#1485=ORIENTED_EDGE('',*,*,#2196,.T.);
#1486=ORIENTED_EDGE('',*,*,#2267,.F.);
#1487=ORIENTED_EDGE('',*,*,#2207,.F.);
#1488=ORIENTED_EDGE('',*,*,#2041,.F.);
#1489=ORIENTED_EDGE('',*,*,#2195,.T.);
#1490=ORIENTED_EDGE('',*,*,#2268,.F.);
#1491=ORIENTED_EDGE('',*,*,#2208,.F.);
#1492=ORIENTED_EDGE('',*,*,#2267,.T.);
#1493=ORIENTED_EDGE('',*,*,#2194,.T.);
#1494=ORIENTED_EDGE('',*,*,#2269,.T.);
#1495=ORIENTED_EDGE('',*,*,#2252,.F.);
#1496=ORIENTED_EDGE('',*,*,#2270,.T.);
#1497=ORIENTED_EDGE('',*,*,#2200,.F.);
#1498=ORIENTED_EDGE('',*,*,#2268,.T.);
#1499=ORIENTED_EDGE('',*,*,#2271,.F.);
#1500=ORIENTED_EDGE('',*,*,#2272,.T.);
#1501=ORIENTED_EDGE('',*,*,#2273,.T.);
#1502=ORIENTED_EDGE('',*,*,#2274,.T.);
#1503=ORIENTED_EDGE('',*,*,#2273,.F.);
#1504=ORIENTED_EDGE('',*,*,#2275,.T.);
#1505=ORIENTED_EDGE('',*,*,#2276,.T.);
#1506=ORIENTED_EDGE('',*,*,#2277,.T.);
#1507=ORIENTED_EDGE('',*,*,#2276,.F.);
#1508=ORIENTED_EDGE('',*,*,#2278,.T.);
#1509=ORIENTED_EDGE('',*,*,#2279,.T.);
#1510=ORIENTED_EDGE('',*,*,#2280,.T.);
#1511=ORIENTED_EDGE('',*,*,#2279,.F.);
#1512=ORIENTED_EDGE('',*,*,#2281,.T.);
#1513=ORIENTED_EDGE('',*,*,#2120,.T.);
#1514=ORIENTED_EDGE('',*,*,#2282,.T.);
#1515=ORIENTED_EDGE('',*,*,#2130,.F.);
#1516=ORIENTED_EDGE('',*,*,#2283,.T.);
#1517=ORIENTED_EDGE('',*,*,#2131,.F.);
#1518=ORIENTED_EDGE('',*,*,#2282,.F.);
#1519=ORIENTED_EDGE('',*,*,#2127,.T.);
#1520=ORIENTED_EDGE('',*,*,#2284,.T.);
#1521=ORIENTED_EDGE('',*,*,#2132,.F.);
#1522=ORIENTED_EDGE('',*,*,#2284,.F.);
#1523=ORIENTED_EDGE('',*,*,#2126,.T.);
#1524=ORIENTED_EDGE('',*,*,#2285,.T.);
#1525=ORIENTED_EDGE('',*,*,#2133,.F.);
#1526=ORIENTED_EDGE('',*,*,#2285,.F.);
#1527=ORIENTED_EDGE('',*,*,#2125,.T.);
#1528=ORIENTED_EDGE('',*,*,#2016,.F.);
#1529=ORIENTED_EDGE('',*,*,#2135,.F.);
#1530=ORIENTED_EDGE('',*,*,#1991,.T.);
#1531=ORIENTED_EDGE('',*,*,#2124,.T.);
#1532=ORIENTED_EDGE('',*,*,#2286,.T.);
#1533=ORIENTED_EDGE('',*,*,#2136,.F.);
#1534=ORIENTED_EDGE('',*,*,#2286,.F.);
#1535=ORIENTED_EDGE('',*,*,#2123,.T.);
#1536=ORIENTED_EDGE('',*,*,#2287,.T.);
#1537=ORIENTED_EDGE('',*,*,#2122,.T.);
#1538=ORIENTED_EDGE('',*,*,#2288,.T.);
#1539=ORIENTED_EDGE('',*,*,#2271,.T.);
#1540=ORIENTED_EDGE('',*,*,#2289,.T.);
#1541=ORIENTED_EDGE('',*,*,#2128,.F.);
#1542=ORIENTED_EDGE('',*,*,#2287,.F.);
#1543=ORIENTED_EDGE('',*,*,#2255,.F.);
#1544=ORIENTED_EDGE('',*,*,#2258,.F.);
#1545=ORIENTED_EDGE('',*,*,#2261,.F.);
#1546=ORIENTED_EDGE('',*,*,#2264,.F.);
#1547=ORIENTED_EDGE('',*,*,#2201,.F.);
#1548=ORIENTED_EDGE('',*,*,#2270,.F.);
#1549=ORIENTED_EDGE('',*,*,#2274,.F.);
#1550=ORIENTED_EDGE('',*,*,#2277,.F.);
#1551=ORIENTED_EDGE('',*,*,#2280,.F.);
#1552=ORIENTED_EDGE('',*,*,#2283,.F.);
#1553=ORIENTED_EDGE('',*,*,#2129,.F.);
#1554=ORIENTED_EDGE('',*,*,#2289,.F.);
#1555=ORIENTED_EDGE('',*,*,#2288,.F.);
#1556=ORIENTED_EDGE('',*,*,#2121,.F.);
#1557=ORIENTED_EDGE('',*,*,#2281,.F.);
#1558=ORIENTED_EDGE('',*,*,#2278,.F.);
#1559=ORIENTED_EDGE('',*,*,#2275,.F.);
#1560=ORIENTED_EDGE('',*,*,#2272,.F.);
#1561=ORIENTED_EDGE('',*,*,#2269,.F.);
#1562=ORIENTED_EDGE('',*,*,#2193,.F.);
#1563=ORIENTED_EDGE('',*,*,#2262,.F.);
#1564=ORIENTED_EDGE('',*,*,#2259,.F.);
#1565=ORIENTED_EDGE('',*,*,#2256,.F.);
#1566=ORIENTED_EDGE('',*,*,#2253,.F.);
#1567=ORIENTED_EDGE('',*,*,#1958,.F.);
#1568=ORIENTED_EDGE('',*,*,#1949,.F.);
#1569=ORIENTED_EDGE('',*,*,#1969,.F.);
#1570=ORIENTED_EDGE('',*,*,#2159,.F.);
#1571=ORIENTED_EDGE('',*,*,#1953,.F.);
#1572=ORIENTED_EDGE('',*,*,#2155,.F.);
#1573=ORIENTED_EDGE('',*,*,#1974,.F.);
#1574=ORIENTED_EDGE('',*,*,#2157,.F.);
#1575=ORIENTED_EDGE('',*,*,#1934,.F.);
#1576=ORIENTED_EDGE('',*,*,#2162,.F.);
#1577=ORIENTED_EDGE('',*,*,#1923,.F.);
#1578=ORIENTED_EDGE('',*,*,#1946,.F.);
#1579=ORIENTED_EDGE('',*,*,#1940,.F.);
#1580=ORIENTED_EDGE('',*,*,#2153,.F.);
#1581=ORIENTED_EDGE('',*,*,#1917,.F.);
#1582=ORIENTED_EDGE('',*,*,#2152,.F.);
#1583=ORIENTED_EDGE('',*,*,#2176,.F.);
#1584=ORIENTED_EDGE('',*,*,#2068,.F.);
#1585=ORIENTED_EDGE('',*,*,#2245,.F.);
#1586=ORIENTED_EDGE('',*,*,#1977,.F.);
#1587=ORIENTED_EDGE('',*,*,#2161,.F.);
#1588=ORIENTED_EDGE('',*,*,#1966,.F.);
#1589=ORIENTED_EDGE('',*,*,#2236,.F.);
#1590=ORIENTED_EDGE('',*,*,#2024,.F.);
#1591=ORIENTED_EDGE('',*,*,#2239,.F.);
#1592=ORIENTED_EDGE('',*,*,#1943,.F.);
#1593=ORIENTED_EDGE('',*,*,#2150,.F.);
#1594=ORIENTED_EDGE('',*,*,#2028,.F.);
#1595=ORIENTED_EDGE('',*,*,#2242,.F.);
#1596=ORIENTED_EDGE('',*,*,#2064,.F.);
#1597=ORIENTED_EDGE('',*,*,#2178,.F.);
#1598=ORIENTED_EDGE('',*,*,#1931,.F.);
#1599=ORIENTED_EDGE('',*,*,#2114,.F.);
#1600=ORIENTED_EDGE('',*,*,#2112,.F.);
#1601=ORIENTED_EDGE('',*,*,#2110,.F.);
#1602=ORIENTED_EDGE('',*,*,#2107,.F.);
#1603=ORIENTED_EDGE('',*,*,#2021,.F.);
#1604=ORIENTED_EDGE('',*,*,#2116,.F.);
#1605=ORIENTED_EDGE('',*,*,#2211,.F.);
#1606=ORIENTED_EDGE('',*,*,#2071,.F.);
#1607=ORIENTED_EDGE('',*,*,#2219,.F.);
#1608=ORIENTED_EDGE('',*,*,#2217,.F.);
#1609=ORIENTED_EDGE('',*,*,#2215,.F.);
#1610=ORIENTED_EDGE('',*,*,#2213,.F.);
#1611=ORIENTED_EDGE('',*,*,#2180,.F.);
#1612=ORIENTED_EDGE('',*,*,#2061,.F.);
#1613=ORIENTED_EDGE('',*,*,#2188,.F.);
#1614=ORIENTED_EDGE('',*,*,#2186,.F.);
#1615=ORIENTED_EDGE('',*,*,#2184,.F.);
#1616=ORIENTED_EDGE('',*,*,#2182,.F.);
#1617=ORIENTED_EDGE('',*,*,#2103,.F.);
#1618=ORIENTED_EDGE('',*,*,#2101,.F.);
#1619=ORIENTED_EDGE('',*,*,#2141,.F.);
#1620=ORIENTED_EDGE('',*,*,#2139,.F.);
#1621=ORIENTED_EDGE('',*,*,#2011,.F.);
#1622=ORIENTED_EDGE('',*,*,#2105,.F.);
#1623=EDGE_CURVE('',#2290,#2291,#2747,.T.);
#1624=EDGE_CURVE('',#2292,#2290,#2748,.T.);
#1625=EDGE_CURVE('',#2292,#2293,#2749,.T.);
#1626=EDGE_CURVE('',#2294,#2293,#2750,.F.);
#1627=EDGE_CURVE('',#2295,#2294,#2751,.T.);
#1628=EDGE_CURVE('',#2296,#2295,#2752,.F.);
#1629=EDGE_CURVE('',#2291,#2296,#2753,.T.);
#1630=EDGE_CURVE('',#2297,#2298,#2754,.T.);
#1631=EDGE_CURVE('',#2298,#2299,#2755,.F.);
#1632=EDGE_CURVE('',#2299,#2300,#2756,.T.);
#1633=EDGE_CURVE('',#2300,#2297,#2757,.T.);
#1634=EDGE_CURVE('',#2301,#2302,#2758,.F.);
#1635=EDGE_CURVE('',#2302,#2303,#2759,.F.);
#1636=EDGE_CURVE('',#2303,#2304,#2760,.F.);
#1637=EDGE_CURVE('',#2304,#2301,#2761,.F.);
#1638=EDGE_CURVE('',#2305,#2306,#2762,.T.);
#1639=EDGE_CURVE('',#2306,#2307,#2763,.T.);
#1640=EDGE_CURVE('',#2308,#2307,#2764,.T.);
#1641=EDGE_CURVE('',#2309,#2308,#2765,.F.);
#1642=EDGE_CURVE('',#2310,#2309,#2766,.T.);
#1643=EDGE_CURVE('',#2311,#2310,#2767,.F.);
#1644=EDGE_CURVE('',#2305,#2311,#2768,.T.);
#1645=EDGE_CURVE('',#2312,#2313,#2769,.T.);
#1646=EDGE_CURVE('',#2312,#2314,#2770,.T.);
#1647=EDGE_CURVE('',#2314,#2315,#2771,.T.);
#1648=EDGE_CURVE('',#2315,#2316,#140,.T.);
#1649=EDGE_CURVE('',#2316,#2317,#2772,.T.);
#1650=EDGE_CURVE('',#2318,#2317,#2773,.T.);
#1651=EDGE_CURVE('',#2318,#2319,#2774,.T.);
#1652=EDGE_CURVE('',#2320,#2319,#2775,.T.);
#1653=EDGE_CURVE('',#2321,#2320,#2776,.T.);
#1654=EDGE_CURVE('',#2313,#2321,#141,.T.);
#1655=EDGE_CURVE('',#2322,#2319,#2777,.T.);
#1656=EDGE_CURVE('',#2323,#2322,#2778,.T.);
#1657=EDGE_CURVE('',#2323,#2324,#2779,.T.);
#1658=EDGE_CURVE('',#2324,#2325,#2780,.F.);
#1659=EDGE_CURVE('',#2325,#2326,#2781,.T.);
#1660=EDGE_CURVE('',#2326,#2320,#2782,.F.);
#1661=EDGE_CURVE('',#2327,#2328,#2783,.T.);
#1662=EDGE_CURVE('',#2328,#2329,#2784,.F.);
#1663=EDGE_CURVE('',#2329,#2330,#2785,.T.);
#1664=EDGE_CURVE('',#2330,#2327,#2786,.T.);
#1665=EDGE_CURVE('',#2331,#2332,#2787,.T.);
#1666=EDGE_CURVE('',#2332,#2333,#2788,.T.);
#1667=EDGE_CURVE('',#2333,#2334,#2789,.T.);
#1668=EDGE_CURVE('',#2334,#2335,#2790,.F.);
#1669=EDGE_CURVE('',#2335,#2336,#2791,.T.);
#1670=EDGE_CURVE('',#2336,#2337,#2792,.F.);
#1671=EDGE_CURVE('',#2331,#2337,#2793,.T.);
#1672=EDGE_CURVE('',#2338,#2339,#2794,.T.);
#1673=EDGE_CURVE('',#2338,#2340,#2795,.T.);
#1674=EDGE_CURVE('',#2340,#2341,#2796,.T.);
#1675=EDGE_CURVE('',#2341,#2342,#142,.T.);
#1676=EDGE_CURVE('',#2342,#2334,#2797,.T.);
#1677=EDGE_CURVE('',#2343,#2333,#2798,.T.);
#1678=EDGE_CURVE('',#2343,#2344,#2799,.T.);
#1679=EDGE_CURVE('',#2345,#2344,#2800,.T.);
#1680=EDGE_CURVE('',#2339,#2345,#143,.T.);
#1681=EDGE_CURVE('',#2346,#2347,#2801,.T.);
#1682=EDGE_CURVE('',#2346,#2347,#144,.T.);
#1683=EDGE_CURVE('',#2348,#2346,#98,.T.);
#1684=EDGE_CURVE('',#2349,#2348,#145,.F.);
#1685=EDGE_CURVE('',#2347,#2349,#99,.T.);
#1686=EDGE_CURVE('',#2350,#2351,#146,.F.);
#1687=EDGE_CURVE('',#2351,#2350,#2802,.T.);
#1688=EDGE_CURVE('',#2351,#2348,#2803,.F.);
#1689=EDGE_CURVE('',#2349,#2350,#2804,.T.);
#1690=EDGE_CURVE('',#2352,#2352,#147,.T.);
#1691=EDGE_CURVE('',#2353,#2353,#148,.T.);
#1692=EDGE_CURVE('',#2354,#2354,#149,.T.);
#1693=EDGE_CURVE('',#2355,#2355,#150,.T.);
#1694=EDGE_CURVE('',#2356,#2357,#2805,.F.);
#1695=EDGE_CURVE('',#2356,#2358,#2806,.T.);
#1696=EDGE_CURVE('',#2359,#2358,#2807,.F.);
#1697=EDGE_CURVE('',#2359,#2357,#2808,.T.);
#1698=EDGE_CURVE('',#2360,#2361,#2809,.F.);
#1699=EDGE_CURVE('',#2360,#2362,#2810,.T.);
#1700=EDGE_CURVE('',#2363,#2362,#2811,.F.);
#1701=EDGE_CURVE('',#2363,#2361,#2812,.T.);
#1702=EDGE_CURVE('',#2364,#2365,#2813,.F.);
#1703=EDGE_CURVE('',#2364,#2366,#2814,.T.);
#1704=EDGE_CURVE('',#2367,#2366,#2815,.F.);
#1705=EDGE_CURVE('',#2367,#2365,#2816,.T.);
#1706=EDGE_CURVE('',#2368,#2369,#2817,.T.);
#1707=EDGE_CURVE('',#2370,#2368,#2818,.T.);
#1708=EDGE_CURVE('',#2369,#2370,#2819,.F.);
#1709=EDGE_CURVE('',#2369,#2371,#38,.F.);
#1710=EDGE_CURVE('',#2371,#2372,#100,.T.);
#1711=EDGE_CURVE('',#2372,#2368,#39,.T.);
#1712=EDGE_CURVE('',#2372,#2373,#101,.T.);
#1713=EDGE_CURVE('',#2373,#2371,#151,.F.);
#1714=EDGE_CURVE('',#2373,#2370,#40,.T.);
#1715=EDGE_CURVE('',#2374,#2375,#2820,.T.);
#1716=EDGE_CURVE('',#2374,#2356,#102,.T.);
#1717=EDGE_CURVE('',#2357,#2376,#103,.T.);
#1718=EDGE_CURVE('',#2376,#2377,#2821,.T.);
#1719=EDGE_CURVE('',#2377,#2378,#152,.T.);
#1720=EDGE_CURVE('',#2378,#2301,#2822,.T.);
#1721=EDGE_CURVE('',#2379,#2304,#2823,.T.);
#1722=EDGE_CURVE('',#2375,#2379,#153,.T.);
#1723=EDGE_CURVE('',#2380,#2381,#2824,.T.);
#1724=EDGE_CURVE('',#2380,#2374,#2825,.T.);
#1725=EDGE_CURVE('',#2382,#2303,#2826,.T.);
#1726=EDGE_CURVE('',#2381,#2382,#154,.T.);
#1727=EDGE_CURVE('',#2358,#2380,#104,.T.);
#1728=EDGE_CURVE('',#2383,#2302,#2827,.T.);
#1729=EDGE_CURVE('',#2384,#2383,#155,.T.);
#1730=EDGE_CURVE('',#2385,#2384,#2828,.T.);
#1731=EDGE_CURVE('',#2385,#2359,#105,.T.);
#1732=EDGE_CURVE('',#2376,#2385,#2829,.T.);
#1733=EDGE_CURVE('',#2386,#2387,#2830,.T.);
#1734=EDGE_CURVE('',#2386,#2388,#2831,.T.);
#1735=EDGE_CURVE('',#2388,#2389,#2832,.T.);
#1736=EDGE_CURVE('',#2389,#2390,#156,.T.);
#1737=EDGE_CURVE('',#2390,#2308,#2833,.T.);
#1738=EDGE_CURVE('',#2391,#2307,#2834,.T.);
#1739=EDGE_CURVE('',#2391,#2392,#2835,.T.);
#1740=EDGE_CURVE('',#2393,#2392,#2836,.T.);
#1741=EDGE_CURVE('',#2387,#2393,#157,.T.);
#1742=EDGE_CURVE('',#2394,#2395,#2837,.T.);
#1743=EDGE_CURVE('',#2394,#2360,#106,.T.);
#1744=EDGE_CURVE('',#2361,#2386,#107,.T.);
#1745=EDGE_CURVE('',#2392,#2311,#2838,.T.);
#1746=EDGE_CURVE('',#2396,#2310,#2839,.T.);
#1747=EDGE_CURVE('',#2395,#2396,#158,.T.);
#1748=EDGE_CURVE('',#2397,#2398,#2840,.T.);
#1749=EDGE_CURVE('',#2397,#2394,#2841,.T.);
#1750=EDGE_CURVE('',#2399,#2309,#2842,.T.);
#1751=EDGE_CURVE('',#2398,#2399,#159,.T.);
#1752=EDGE_CURVE('',#2362,#2397,#108,.T.);
#1753=EDGE_CURVE('',#2388,#2363,#109,.T.);
#1754=EDGE_CURVE('',#2400,#2401,#2843,.T.);
#1755=EDGE_CURVE('',#2400,#2402,#2844,.T.);
#1756=EDGE_CURVE('',#2402,#2403,#2845,.T.);
#1757=EDGE_CURVE('',#2403,#2404,#160,.T.);
#1758=EDGE_CURVE('',#2404,#2295,#2846,.T.);
#1759=EDGE_CURVE('',#2405,#2294,#2847,.T.);
#1760=EDGE_CURVE('',#2401,#2405,#161,.T.);
#1761=EDGE_CURVE('',#2406,#2407,#2848,.T.);
#1762=EDGE_CURVE('',#2406,#2364,#110,.T.);
#1763=EDGE_CURVE('',#2365,#2400,#111,.T.);
#1764=EDGE_CURVE('',#2408,#2293,#2849,.T.);
#1765=EDGE_CURVE('',#2409,#2408,#2850,.T.);
#1766=EDGE_CURVE('',#2407,#2409,#162,.T.);
#1767=EDGE_CURVE('',#2410,#2411,#2851,.T.);
#1768=EDGE_CURVE('',#2410,#2406,#2852,.T.);
#1769=EDGE_CURVE('',#2412,#2408,#2853,.T.);
#1770=EDGE_CURVE('',#2412,#2291,#2854,.T.);
#1771=EDGE_CURVE('',#2413,#2296,#2855,.T.);
#1772=EDGE_CURVE('',#2411,#2413,#163,.T.);
#1773=EDGE_CURVE('',#2366,#2410,#112,.T.);
#1774=EDGE_CURVE('',#2402,#2367,#113,.T.);
#1775=EDGE_CURVE('',#2414,#2414,#164,.T.);
#1776=EDGE_CURVE('',#2415,#2416,#165,.T.);
#1777=EDGE_CURVE('',#2417,#2415,#2856,.T.);
#1778=EDGE_CURVE('',#2417,#2418,#166,.T.);
#1779=EDGE_CURVE('',#2418,#2416,#2857,.T.);
#1780=EDGE_CURVE('',#2419,#2300,#167,.F.);
#1781=EDGE_CURVE('',#2420,#2419,#2858,.F.);
#1782=EDGE_CURVE('',#2297,#2420,#168,.T.);
#1783=EDGE_CURVE('',#2299,#2421,#169,.F.);
#1784=EDGE_CURVE('',#2422,#2298,#170,.T.);
#1785=EDGE_CURVE('',#2421,#2422,#2859,.T.);
#1786=EDGE_CURVE('',#2423,#2421,#2860,.T.);
#1787=EDGE_CURVE('',#2423,#2424,#2861,.T.);
#1788=EDGE_CURVE('',#2419,#2424,#2862,.T.);
#1789=EDGE_CURVE('',#2425,#2420,#2863,.T.);
#1790=EDGE_CURVE('',#2424,#2425,#2864,.T.);
#1791=EDGE_CURVE('',#2422,#2426,#2865,.T.);
#1792=EDGE_CURVE('',#2423,#2426,#2866,.T.);
#1793=EDGE_CURVE('',#2427,#2415,#2867,.T.);
#1794=EDGE_CURVE('',#2428,#2427,#2868,.T.);
#1795=EDGE_CURVE('',#2428,#2417,#2869,.T.);
#1796=EDGE_CURVE('',#2429,#2430,#2870,.T.);
#1797=EDGE_CURVE('',#2430,#2431,#2871,.T.);
#1798=EDGE_CURVE('',#2431,#2432,#2872,.T.);
#1799=EDGE_CURVE('',#2429,#2432,#2873,.T.);
#1800=EDGE_CURVE('',#2429,#2433,#2874,.T.);
#1801=EDGE_CURVE('',#2434,#2432,#2875,.T.);
#1802=EDGE_CURVE('',#2433,#2434,#2876,.T.);
#1803=EDGE_CURVE('',#2435,#2433,#2877,.T.);
#1804=EDGE_CURVE('',#2434,#2436,#2878,.T.);
#1805=EDGE_CURVE('',#2435,#2436,#2879,.T.);
#1806=EDGE_CURVE('',#2437,#2428,#2880,.T.);
#1807=EDGE_CURVE('',#2438,#2437,#2881,.T.);
#1808=EDGE_CURVE('',#2439,#2438,#171,.T.);
#1809=EDGE_CURVE('',#2440,#2439,#2882,.T.);
#1810=EDGE_CURVE('',#2441,#2440,#2883,.T.);
#1811=EDGE_CURVE('',#2418,#2441,#2884,.T.);
#1812=EDGE_CURVE('',#2416,#2442,#2885,.T.);
#1813=EDGE_CURVE('',#2441,#2442,#2886,.T.);
#1814=EDGE_CURVE('',#2425,#2443,#2887,.T.);
#1815=EDGE_CURVE('',#2443,#2427,#2888,.T.);
#1816=EDGE_CURVE('',#2442,#2444,#2889,.T.);
#1817=EDGE_CURVE('',#2426,#2444,#2890,.T.);
#1818=EDGE_CURVE('',#2445,#2444,#2891,.T.);
#1819=EDGE_CURVE('',#2446,#2445,#2892,.T.);
#1820=EDGE_CURVE('',#2446,#2443,#2893,.T.);
#1821=EDGE_CURVE('',#2430,#2446,#2894,.T.);
#1822=EDGE_CURVE('',#2445,#2431,#2895,.T.);
#1823=EDGE_CURVE('',#2447,#2435,#2896,.T.);
#1824=EDGE_CURVE('',#2436,#2448,#2897,.T.);
#1825=EDGE_CURVE('',#2447,#2448,#2898,.T.);
#1826=EDGE_CURVE('',#2449,#2450,#2899,.F.);
#1827=EDGE_CURVE('',#2450,#2451,#2900,.T.);
#1828=EDGE_CURVE('',#2451,#2452,#2901,.F.);
#1829=EDGE_CURVE('',#2452,#2449,#2902,.T.);
#1830=EDGE_CURVE('',#2453,#2447,#2903,.T.);
#1831=EDGE_CURVE('',#2454,#2453,#2904,.T.);
#1832=EDGE_CURVE('',#2437,#2454,#2905,.T.);
#1833=EDGE_CURVE('',#2455,#2454,#2906,.T.);
#1834=EDGE_CURVE('',#2438,#2455,#2907,.T.);
#1835=EDGE_CURVE('',#2456,#2455,#172,.T.);
#1836=EDGE_CURVE('',#2439,#2456,#2908,.T.);
#1837=EDGE_CURVE('',#2457,#2456,#2909,.T.);
#1838=EDGE_CURVE('',#2440,#2457,#2910,.T.);
#1839=EDGE_CURVE('',#2458,#2457,#2911,.T.);
#1840=EDGE_CURVE('',#2458,#2448,#2912,.T.);
#1841=EDGE_CURVE('',#2458,#2459,#2913,.T.);
#1842=EDGE_CURVE('',#2459,#2460,#2914,.T.);
#1843=EDGE_CURVE('',#2461,#2460,#2915,.T.);
#1844=EDGE_CURVE('',#2462,#2461,#2916,.T.);
#1845=EDGE_CURVE('',#2453,#2462,#2917,.T.);
#1846=EDGE_CURVE('',#2459,#2463,#2918,.T.);
#1847=EDGE_CURVE('',#2463,#2464,#2919,.F.);
#1848=EDGE_CURVE('',#2464,#2460,#2920,.T.);
#1849=EDGE_CURVE('',#2461,#2465,#2921,.T.);
#1850=EDGE_CURVE('',#2465,#2466,#2922,.T.);
#1851=EDGE_CURVE('',#2466,#2462,#2923,.T.);
#1852=EDGE_CURVE('',#2314,#2450,#114,.T.);
#1853=EDGE_CURVE('',#2449,#2467,#115,.T.);
#1854=EDGE_CURVE('',#2467,#2468,#2924,.T.);
#1855=EDGE_CURVE('',#2468,#2469,#173,.T.);
#1856=EDGE_CURVE('',#2469,#2325,#2925,.T.);
#1857=EDGE_CURVE('',#2317,#2324,#2926,.T.);
#1858=EDGE_CURVE('',#2451,#2312,#116,.T.);
#1859=EDGE_CURVE('',#2470,#2326,#2927,.T.);
#1860=EDGE_CURVE('',#2471,#2470,#174,.T.);
#1861=EDGE_CURVE('',#2472,#2471,#2928,.T.);
#1862=EDGE_CURVE('',#2472,#2452,#117,.T.);
#1863=EDGE_CURVE('',#2467,#2472,#2929,.T.);
#1864=EDGE_CURVE('',#2464,#2330,#175,.F.);
#1865=EDGE_CURVE('',#2327,#2463,#176,.T.);
#1866=EDGE_CURVE('',#2329,#2465,#177,.F.);
#1867=EDGE_CURVE('',#2466,#2328,#178,.T.);
#1868=EDGE_CURVE('',#2473,#2474,#2930,.T.);
#1869=EDGE_CURVE('',#2473,#2475,#2931,.T.);
#1870=EDGE_CURVE('',#2475,#2476,#2932,.T.);
#1871=EDGE_CURVE('',#2476,#2477,#179,.T.);
#1872=EDGE_CURVE('',#2477,#2336,#2933,.T.);
#1873=EDGE_CURVE('',#2478,#2335,#2934,.T.);
#1874=EDGE_CURVE('',#2474,#2478,#180,.T.);
#1875=EDGE_CURVE('',#2479,#2480,#2935,.F.);
#1876=EDGE_CURVE('',#2479,#2473,#118,.T.);
#1877=EDGE_CURVE('',#2340,#2480,#119,.T.);
#1878=EDGE_CURVE('',#2481,#2482,#2936,.F.);
#1879=EDGE_CURVE('',#2482,#2479,#2937,.T.);
#1880=EDGE_CURVE('',#2480,#2481,#2938,.T.);
#1881=EDGE_CURVE('',#2475,#2482,#120,.T.);
#1882=EDGE_CURVE('',#2481,#2338,#121,.T.);
#1883=EDGE_CURVE('',#2344,#2337,#2939,.T.);
#1884=EDGE_CURVE('',#2332,#2483,#2940,.T.);
#1885=EDGE_CURVE('',#2483,#2484,#2941,.T.);
#1886=EDGE_CURVE('',#2484,#2343,#181,.T.);
#1887=EDGE_CURVE('',#2331,#2485,#2942,.T.);
#1888=EDGE_CURVE('',#2486,#2344,#182,.T.);
#1889=EDGE_CURVE('',#2485,#2486,#2943,.T.);
#1890=EDGE_CURVE('',#2484,#2486,#2944,.T.);
#1891=EDGE_CURVE('',#2483,#2485,#2945,.T.);
#1892=EDGE_CURVE('',#2322,#2487,#2946,.T.);
#1893=EDGE_CURVE('',#2488,#2318,#183,.T.);
#1894=EDGE_CURVE('',#2487,#2488,#2947,.T.);
#1895=EDGE_CURVE('',#2323,#2489,#2948,.T.);
#1896=EDGE_CURVE('',#2487,#2489,#2949,.T.);
#1897=EDGE_CURVE('',#2489,#2490,#2950,.T.);
#1898=EDGE_CURVE('',#2488,#2490,#2951,.T.);
#1899=EDGE_CURVE('',#2490,#2317,#184,.T.);
#1900=EDGE_CURVE('',#2306,#2491,#2952,.T.);
#1901=EDGE_CURVE('',#2491,#2492,#2953,.T.);
#1902=EDGE_CURVE('',#2492,#2391,#185,.T.);
#1903=EDGE_CURVE('',#2305,#2493,#2954,.T.);
#1904=EDGE_CURVE('',#2494,#2392,#186,.T.);
#1905=EDGE_CURVE('',#2493,#2494,#2955,.T.);
#1906=EDGE_CURVE('',#2492,#2494,#2956,.T.);
#1907=EDGE_CURVE('',#2491,#2493,#2957,.T.);
#1908=EDGE_CURVE('',#2290,#2495,#2958,.T.);
#1909=EDGE_CURVE('',#2496,#2412,#187,.T.);
#1910=EDGE_CURVE('',#2495,#2496,#2959,.T.);
#1911=EDGE_CURVE('',#2292,#2497,#2960,.T.);
#1912=EDGE_CURVE('',#2497,#2498,#2961,.T.);
#1913=EDGE_CURVE('',#2498,#2408,#188,.T.);
#1914=EDGE_CURVE('',#2495,#2497,#2962,.T.);
#1915=EDGE_CURVE('',#2496,#2498,#2963,.T.);
#1916=EDGE_CURVE('',#2499,#2500,#2964,.T.);
#1917=EDGE_CURVE('',#2499,#2501,#189,.T.);
#1918=EDGE_CURVE('',#2502,#2501,#2965,.T.);
#1919=EDGE_CURVE('',#2502,#2503,#2966,.T.);
#1920=EDGE_CURVE('',#2503,#2504,#2967,.T.);
#1921=EDGE_CURVE('',#2504,#2505,#2968,.T.);
#1922=EDGE_CURVE('',#2506,#2505,#2969,.T.);
#1923=EDGE_CURVE('',#2506,#2507,#190,.T.);
#1924=EDGE_CURVE('',#2507,#2508,#2970,.T.);
#1925=EDGE_CURVE('',#2508,#2509,#2971,.T.);
#1926=EDGE_CURVE('',#2509,#2510,#2972,.T.);
#1927=EDGE_CURVE('',#2510,#2511,#191,.F.);
#1928=EDGE_CURVE('',#2511,#2512,#2973,.T.);
#1929=EDGE_CURVE('',#2512,#2500,#2974,.T.);
#1930=EDGE_CURVE('',#2513,#2514,#2975,.T.);
#1931=EDGE_CURVE('',#2514,#2515,#2976,.T.);
#1932=EDGE_CURVE('',#2516,#2515,#2977,.T.);
#1933=EDGE_CURVE('',#2516,#2517,#2978,.T.);
#1934=EDGE_CURVE('',#2517,#2518,#192,.T.);
#1935=EDGE_CURVE('',#2518,#2519,#2979,.T.);
#1936=EDGE_CURVE('',#2519,#2520,#2980,.T.);
#1937=EDGE_CURVE('',#2520,#2521,#2981,.T.);
#1938=EDGE_CURVE('',#2521,#2522,#2982,.T.);
#1939=EDGE_CURVE('',#2522,#2523,#2983,.T.);
#1940=EDGE_CURVE('',#2523,#2524,#193,.T.);
#1941=EDGE_CURVE('',#2525,#2524,#2984,.T.);
#1942=EDGE_CURVE('',#2525,#2526,#2985,.T.);
#1943=EDGE_CURVE('',#2526,#2527,#2986,.F.);
#1944=EDGE_CURVE('',#2527,#2528,#2987,.T.);
#1945=EDGE_CURVE('',#2528,#2513,#194,.T.);
#1946=EDGE_CURVE('',#2518,#2506,#2988,.T.);
#1947=EDGE_CURVE('',#2519,#2505,#2989,.T.);
#1948=EDGE_CURVE('',#2529,#2530,#2990,.T.);
#1949=EDGE_CURVE('',#2530,#2531,#2991,.F.);
#1950=EDGE_CURVE('',#2532,#2531,#2992,.T.);
#1951=EDGE_CURVE('',#2532,#2529,#2993,.T.);
#1952=EDGE_CURVE('',#2533,#2534,#2994,.T.);
#1953=EDGE_CURVE('',#2534,#2535,#195,.T.);
#1954=EDGE_CURVE('',#2535,#2536,#2995,.T.);
#1955=EDGE_CURVE('',#2536,#2537,#2996,.T.);
#1956=EDGE_CURVE('',#2537,#2538,#2997,.T.);
#1957=EDGE_CURVE('',#2538,#2532,#2998,.T.);
#1958=EDGE_CURVE('',#2531,#2539,#196,.T.);
#1959=EDGE_CURVE('',#2540,#2539,#2999,.T.);
#1960=EDGE_CURVE('',#2540,#2541,#3000,.T.);
#1961=EDGE_CURVE('',#2541,#2542,#3001,.T.);
#1962=EDGE_CURVE('',#2542,#2543,#197,.F.);
#1963=EDGE_CURVE('',#2543,#2544,#3002,.T.);
#1964=EDGE_CURVE('',#2544,#2533,#3003,.T.);
#1965=EDGE_CURVE('',#2545,#2546,#3004,.T.);
#1966=EDGE_CURVE('',#2546,#2547,#3005,.F.);
#1967=EDGE_CURVE('',#2548,#2547,#3006,.T.);
#1968=EDGE_CURVE('',#2549,#2548,#3007,.T.);
#1969=EDGE_CURVE('',#2549,#2530,#198,.T.);
#1970=EDGE_CURVE('',#2529,#2550,#3008,.T.);
#1971=EDGE_CURVE('',#2550,#2551,#3009,.T.);
#1972=EDGE_CURVE('',#2551,#2552,#3010,.T.);
#1973=EDGE_CURVE('',#2553,#2552,#3011,.T.);
#1974=EDGE_CURVE('',#2553,#2554,#199,.T.);
#1975=EDGE_CURVE('',#2554,#2555,#3012,.T.);
#1976=EDGE_CURVE('',#2555,#2556,#3013,.T.);
#1977=EDGE_CURVE('',#2556,#2557,#3014,.T.);
#1978=EDGE_CURVE('',#2557,#2558,#3015,.T.);
#1979=EDGE_CURVE('',#2558,#2545,#200,.T.);
#1980=EDGE_CURVE('',#2559,#2560,#3016,.T.);
#1981=EDGE_CURVE('',#2559,#2541,#3017,.T.);
#1982=EDGE_CURVE('',#2561,#2540,#3018,.T.);
#1983=EDGE_CURVE('',#2562,#2561,#201,.T.);
#1984=EDGE_CURVE('',#2563,#2562,#3019,.T.);
#1985=EDGE_CURVE('',#2564,#2563,#3020,.T.);
#1986=EDGE_CURVE('',#2565,#2564,#3021,.T.);
#1987=EDGE_CURVE('',#2566,#2565,#202,.T.);
#1988=EDGE_CURVE('',#2567,#2566,#3022,.T.);
#1989=EDGE_CURVE('',#2568,#2567,#3023,.T.);
#1990=EDGE_CURVE('',#2569,#2568,#3024,.T.);
#1991=EDGE_CURVE('',#2570,#2569,#3025,.T.);
#1992=EDGE_CURVE('',#2571,#2570,#3026,.T.);
#1993=EDGE_CURVE('',#2572,#2571,#3027,.T.);
#1994=EDGE_CURVE('',#2573,#2572,#3028,.T.);
#1995=EDGE_CURVE('',#2574,#2573,#203,.T.);
#1996=EDGE_CURVE('',#2575,#2574,#3029,.T.);
#1997=EDGE_CURVE('',#2576,#2575,#3030,.T.);
#1998=EDGE_CURVE('',#2577,#2576,#3031,.T.);
#1999=EDGE_CURVE('',#2578,#2577,#204,.T.);
#2000=EDGE_CURVE('',#2500,#2578,#3032,.T.);
#2001=EDGE_CURVE('',#2512,#2560,#3033,.T.);
#2002=EDGE_CURVE('',#2579,#2580,#205,.T.);
#2003=EDGE_CURVE('',#2580,#2581,#3034,.F.);
#2004=EDGE_CURVE('',#2581,#2582,#206,.T.);
#2005=EDGE_CURVE('',#2582,#2583,#3035,.F.);
#2006=EDGE_CURVE('',#2583,#2584,#207,.T.);
#2007=EDGE_CURVE('',#2584,#2585,#3036,.F.);
#2008=EDGE_CURVE('',#2585,#2586,#208,.T.);
#2009=EDGE_CURVE('',#2586,#2579,#3037,.F.);
#2010=EDGE_CURVE('',#2587,#2588,#209,.T.);
#2011=EDGE_CURVE('',#2588,#2589,#3038,.T.);
#2012=EDGE_CURVE('',#2589,#2590,#210,.T.);
#2013=EDGE_CURVE('',#2590,#2591,#3039,.T.);
#2014=EDGE_CURVE('',#2591,#2592,#3040,.T.);
#2015=EDGE_CURVE('',#2592,#2593,#3041,.T.);
#2016=EDGE_CURVE('',#2593,#2594,#3042,.T.);
#2017=EDGE_CURVE('',#2594,#2595,#3043,.T.);
#2018=EDGE_CURVE('',#2595,#2596,#3044,.T.);
#2019=EDGE_CURVE('',#2596,#2597,#3045,.T.);
#2020=EDGE_CURVE('',#2597,#2598,#211,.T.);
#2021=EDGE_CURVE('',#2598,#2599,#3046,.T.);
#2022=EDGE_CURVE('',#2599,#2600,#212,.T.);
#2023=EDGE_CURVE('',#2600,#2601,#3047,.T.);
#2024=EDGE_CURVE('',#2601,#2602,#3048,.T.);
#2025=EDGE_CURVE('',#2603,#2602,#3049,.T.);
#2026=EDGE_CURVE('',#2603,#2604,#3050,.T.);
#2027=EDGE_CURVE('',#2605,#2604,#3051,.T.);
#2028=EDGE_CURVE('',#2605,#2606,#3052,.T.);
#2029=EDGE_CURVE('',#2606,#2587,#3053,.T.);
#2030=EDGE_CURVE('',#2607,#2608,#3054,.T.);
#2031=EDGE_CURVE('',#2607,#2509,#3055,.T.);
#2032=EDGE_CURVE('',#2508,#2609,#3056,.T.);
#2033=EDGE_CURVE('',#2609,#2610,#213,.T.);
#2034=EDGE_CURVE('',#2610,#2611,#3057,.T.);
#2035=EDGE_CURVE('',#2611,#2612,#3058,.T.);
#2036=EDGE_CURVE('',#2612,#2613,#3059,.T.);
#2037=EDGE_CURVE('',#2613,#2614,#214,.T.);
#2038=EDGE_CURVE('',#2614,#2615,#3060,.T.);
#2039=EDGE_CURVE('',#2615,#2616,#3061,.T.);
#2040=EDGE_CURVE('',#2616,#2617,#3062,.T.);
#2041=EDGE_CURVE('',#2617,#2618,#3063,.T.);
#2042=EDGE_CURVE('',#2618,#2619,#3064,.T.);
#2043=EDGE_CURVE('',#2619,#2620,#3065,.T.);
#2044=EDGE_CURVE('',#2620,#2621,#3066,.T.);
#2045=EDGE_CURVE('',#2621,#2622,#215,.T.);
#2046=EDGE_CURVE('',#2622,#2623,#3067,.T.);
#2047=EDGE_CURVE('',#2623,#2624,#3068,.T.);
#2048=EDGE_CURVE('',#2624,#2625,#3069,.T.);
#2049=EDGE_CURVE('',#2625,#2626,#216,.T.);
#2050=EDGE_CURVE('',#2626,#2533,#3070,.T.);
#2051=EDGE_CURVE('',#2544,#2608,#3071,.T.);
#2052=EDGE_CURVE('',#2627,#2628,#217,.T.);
#2053=EDGE_CURVE('',#2628,#2629,#3072,.T.);
#2054=EDGE_CURVE('',#2629,#2630,#218,.T.);
#2055=EDGE_CURVE('',#2630,#2631,#3073,.T.);
#2056=EDGE_CURVE('',#2631,#2632,#219,.T.);
#2057=EDGE_CURVE('',#2632,#2633,#3074,.T.);
#2058=EDGE_CURVE('',#2633,#2634,#220,.T.);
#2059=EDGE_CURVE('',#2634,#2627,#3075,.T.);
#2060=EDGE_CURVE('',#2635,#2636,#221,.T.);
#2061=EDGE_CURVE('',#2635,#2637,#3076,.F.);
#2062=EDGE_CURVE('',#2638,#2637,#222,.T.);
#2063=EDGE_CURVE('',#2639,#2638,#3077,.T.);
#2064=EDGE_CURVE('',#2639,#2640,#3078,.F.);
#2065=EDGE_CURVE('',#2641,#2640,#3079,.T.);
#2066=EDGE_CURVE('',#2641,#2642,#3080,.T.);
#2067=EDGE_CURVE('',#2643,#2642,#3081,.T.);
#2068=EDGE_CURVE('',#2643,#2644,#3082,.F.);
#2069=EDGE_CURVE('',#2645,#2644,#3083,.T.);
#2070=EDGE_CURVE('',#2646,#2645,#223,.T.);
#2071=EDGE_CURVE('',#2646,#2647,#3084,.F.);
#2072=EDGE_CURVE('',#2648,#2647,#224,.T.);
#2073=EDGE_CURVE('',#2649,#2648,#3085,.T.);
#2074=EDGE_CURVE('',#2650,#2649,#3086,.T.);
#2075=EDGE_CURVE('',#2651,#2650,#3087,.T.);
#2076=EDGE_CURVE('',#2652,#2651,#3088,.T.);
#2077=EDGE_CURVE('',#2653,#2652,#3089,.T.);
#2078=EDGE_CURVE('',#2654,#2653,#3090,.T.);
#2079=EDGE_CURVE('',#2636,#2654,#3091,.T.);
#2080=EDGE_CURVE('',#2655,#2656,#3092,.T.);
#2081=EDGE_CURVE('',#2657,#2655,#3093,.T.);
#2082=EDGE_CURVE('',#2658,#2657,#3094,.T.);
#2083=EDGE_CURVE('',#2656,#2658,#3095,.T.);
#2084=EDGE_CURVE('',#2657,#2564,#3096,.T.);
#2085=EDGE_CURVE('',#2658,#2563,#3097,.T.);
#2086=EDGE_CURVE('',#2659,#2576,#3098,.T.);
#2087=EDGE_CURVE('',#2660,#2575,#3099,.T.);
#2088=EDGE_CURVE('',#2660,#2659,#3100,.T.);
#2089=EDGE_CURVE('',#2661,#2662,#3101,.T.);
#2090=EDGE_CURVE('',#2659,#2661,#3102,.T.);
#2091=EDGE_CURVE('',#2662,#2660,#3103,.T.);
#2092=EDGE_CURVE('',#2663,#2664,#225,.F.);
#2093=EDGE_CURVE('',#2664,#2665,#3104,.F.);
#2094=EDGE_CURVE('',#2665,#2666,#226,.F.);
#2095=EDGE_CURVE('',#2666,#2667,#3105,.F.);
#2096=EDGE_CURVE('',#2667,#2668,#227,.F.);
#2097=EDGE_CURVE('',#2668,#2669,#3106,.F.);
#2098=EDGE_CURVE('',#2669,#2670,#228,.F.);
#2099=EDGE_CURVE('',#2670,#2663,#3107,.F.);
#2100=EDGE_CURVE('',#2662,#2671,#3108,.T.);
#2101=EDGE_CURVE('',#2671,#2672,#3109,.F.);
#2102=EDGE_CURVE('',#2661,#2672,#3110,.T.);
#2103=EDGE_CURVE('',#2672,#2673,#229,.T.);
#2104=EDGE_CURVE('',#2577,#2673,#3111,.T.);
#2105=EDGE_CURVE('',#2673,#2588,#122,.T.);
#2106=EDGE_CURVE('',#2578,#2587,#3112,.T.);
#2107=EDGE_CURVE('',#2599,#2674,#123,.T.);
#2108=EDGE_CURVE('',#2562,#2674,#3113,.T.);
#2109=EDGE_CURVE('',#2561,#2600,#3114,.T.);
#2110=EDGE_CURVE('',#2674,#2675,#230,.T.);
#2111=EDGE_CURVE('',#2656,#2675,#3115,.T.);
#2112=EDGE_CURVE('',#2675,#2676,#3116,.F.);
#2113=EDGE_CURVE('',#2655,#2676,#3117,.T.);
#2114=EDGE_CURVE('',#2676,#2677,#231,.T.);
#2115=EDGE_CURVE('',#2565,#2677,#3118,.T.);
#2116=EDGE_CURVE('',#2677,#2598,#124,.T.);
#2117=EDGE_CURVE('',#2566,#2597,#3119,.T.);
#2118=EDGE_CURVE('',#2567,#2596,#3120,.T.);
#2119=EDGE_CURVE('',#2568,#2595,#3121,.T.);
#2120=EDGE_CURVE('',#2678,#2679,#232,.T.);
#2121=EDGE_CURVE('',#2678,#2680,#3122,.F.);
#2122=EDGE_CURVE('',#2681,#2680,#233,.T.);
#2123=EDGE_CURVE('',#2682,#2681,#3123,.T.);
#2124=EDGE_CURVE('',#2569,#2682,#234,.T.);
#2125=EDGE_CURVE('',#2683,#2594,#3124,.T.);
#2126=EDGE_CURVE('',#2684,#2683,#235,.T.);
#2127=EDGE_CURVE('',#2679,#2684,#3125,.T.);
#2128=EDGE_CURVE('',#2685,#2686,#236,.T.);
#2129=EDGE_CURVE('',#2686,#2687,#3126,.T.);
#2130=EDGE_CURVE('',#2687,#2688,#237,.T.);
#2131=EDGE_CURVE('',#2688,#2689,#3127,.T.);
#2132=EDGE_CURVE('',#2689,#2690,#238,.T.);
#2133=EDGE_CURVE('',#2690,#2593,#3128,.T.);
#2134=EDGE_CURVE('',#2571,#2592,#3129,.T.);
#2135=EDGE_CURVE('',#2570,#2691,#239,.T.);
#2136=EDGE_CURVE('',#2691,#2685,#3130,.T.);
#2137=EDGE_CURVE('',#2572,#2591,#3131,.T.);
#2138=EDGE_CURVE('',#2573,#2590,#3132,.T.);
#2139=EDGE_CURVE('',#2589,#2692,#125,.T.);
#2140=EDGE_CURVE('',#2574,#2692,#3133,.T.);
#2141=EDGE_CURVE('',#2692,#2671,#240,.T.);
#2142=EDGE_CURVE('',#2670,#2579,#241,.T.);
#2143=EDGE_CURVE('',#2663,#2586,#242,.T.);
#2144=EDGE_CURVE('',#2664,#2585,#243,.T.);
#2145=EDGE_CURVE('',#2584,#2665,#244,.T.);
#2146=EDGE_CURVE('',#2583,#2666,#245,.T.);
#2147=EDGE_CURVE('',#2582,#2667,#246,.T.);
#2148=EDGE_CURVE('',#2581,#2668,#247,.T.);
#2149=EDGE_CURVE('',#2669,#2580,#248,.T.);
#2150=EDGE_CURVE('',#2606,#2526,#249,.T.);
#2151=EDGE_CURVE('',#2525,#2500,#3134,.T.);
#2152=EDGE_CURVE('',#2524,#2499,#3135,.T.);
#2153=EDGE_CURVE('',#2501,#2523,#3136,.F.);
#2154=EDGE_CURVE('',#2502,#2522,#3137,.T.);
#2155=EDGE_CURVE('',#2554,#2534,#3138,.F.);
#2156=EDGE_CURVE('',#2533,#2555,#3139,.T.);
#2157=EDGE_CURVE('',#2535,#2553,#3140,.T.);
#2158=EDGE_CURVE('',#2536,#2552,#3141,.T.);
#2159=EDGE_CURVE('',#2539,#2549,#3142,.T.);
#2160=EDGE_CURVE('',#2540,#2548,#3143,.T.);
#2161=EDGE_CURVE('',#2547,#2601,#250,.T.);
#2162=EDGE_CURVE('',#2507,#2517,#3144,.F.);
#2163=EDGE_CURVE('',#2516,#2508,#3145,.T.);
#2164=EDGE_CURVE('',#2693,#2694,#3146,.T.);
#2165=EDGE_CURVE('',#2694,#2695,#3147,.T.);
#2166=EDGE_CURVE('',#2695,#2696,#3148,.T.);
#2167=EDGE_CURVE('',#2696,#2693,#3149,.T.);
#2168=EDGE_CURVE('',#2694,#2611,#3150,.T.);
#2169=EDGE_CURVE('',#2693,#2612,#3151,.T.);
#2170=EDGE_CURVE('',#2697,#2698,#3152,.T.);
#2171=EDGE_CURVE('',#2698,#2699,#3153,.T.);
#2172=EDGE_CURVE('',#2699,#2700,#3154,.T.);
#2173=EDGE_CURVE('',#2700,#2697,#3155,.T.);
#2174=EDGE_CURVE('',#2698,#2623,#3156,.T.);
#2175=EDGE_CURVE('',#2697,#2624,#3157,.T.);
#2176=EDGE_CURVE('',#2644,#2556,#251,.T.);
#2177=EDGE_CURVE('',#2626,#2645,#3158,.T.);
#2178=EDGE_CURVE('',#2515,#2639,#252,.T.);
#2179=EDGE_CURVE('',#2609,#2638,#3159,.T.);
#2180=EDGE_CURVE('',#2637,#2701,#126,.T.);
#2181=EDGE_CURVE('',#2610,#2701,#3160,.T.);
#2182=EDGE_CURVE('',#2701,#2702,#253,.T.);
#2183=EDGE_CURVE('',#2695,#2702,#3161,.T.);
#2184=EDGE_CURVE('',#2702,#2703,#3162,.T.);
#2185=EDGE_CURVE('',#2696,#2703,#3163,.T.);
#2186=EDGE_CURVE('',#2703,#2704,#254,.T.);
#2187=EDGE_CURVE('',#2613,#2704,#3164,.T.);
#2188=EDGE_CURVE('',#2704,#2635,#127,.T.);
#2189=EDGE_CURVE('',#2614,#2636,#3165,.T.);
#2190=EDGE_CURVE('',#2615,#2654,#3166,.T.);
#2191=EDGE_CURVE('',#2616,#2653,#3167,.T.);
#2192=EDGE_CURVE('',#2705,#2706,#255,.T.);
#2193=EDGE_CURVE('',#2705,#2707,#3168,.F.);
#2194=EDGE_CURVE('',#2708,#2707,#256,.T.);
#2195=EDGE_CURVE('',#2709,#2708,#3169,.T.);
#2196=EDGE_CURVE('',#2617,#2709,#257,.T.);
#2197=EDGE_CURVE('',#2710,#2652,#3170,.T.);
#2198=EDGE_CURVE('',#2711,#2710,#258,.T.);
#2199=EDGE_CURVE('',#2706,#2711,#3171,.T.);
#2200=EDGE_CURVE('',#2712,#2713,#259,.T.);
#2201=EDGE_CURVE('',#2713,#2714,#3172,.T.);
#2202=EDGE_CURVE('',#2714,#2715,#260,.T.);
#2203=EDGE_CURVE('',#2715,#2716,#3173,.T.);
#2204=EDGE_CURVE('',#2716,#2717,#261,.T.);
#2205=EDGE_CURVE('',#2717,#2651,#3174,.T.);
#2206=EDGE_CURVE('',#2619,#2650,#3175,.T.);
#2207=EDGE_CURVE('',#2618,#2718,#262,.T.);
#2208=EDGE_CURVE('',#2718,#2712,#3176,.T.);
#2209=EDGE_CURVE('',#2620,#2649,#3177,.T.);
#2210=EDGE_CURVE('',#2621,#2648,#3178,.T.);
#2211=EDGE_CURVE('',#2647,#2719,#128,.T.);
#2212=EDGE_CURVE('',#2622,#2719,#3179,.T.);
#2213=EDGE_CURVE('',#2719,#2720,#263,.T.);
#2214=EDGE_CURVE('',#2699,#2720,#3180,.T.);
#2215=EDGE_CURVE('',#2720,#2721,#3181,.T.);
#2216=EDGE_CURVE('',#2700,#2721,#3182,.T.);
#2217=EDGE_CURVE('',#2721,#2722,#264,.T.);
#2218=EDGE_CURVE('',#2625,#2722,#3183,.T.);
#2219=EDGE_CURVE('',#2722,#2646,#129,.T.);
#2220=EDGE_CURVE('',#2723,#2629,#265,.T.);
#2221=EDGE_CURVE('',#2628,#2724,#266,.T.);
#2222=EDGE_CURVE('',#2724,#2723,#3184,.F.);
#2223=EDGE_CURVE('',#2627,#2725,#267,.T.);
#2224=EDGE_CURVE('',#2725,#2724,#268,.F.);
#2225=EDGE_CURVE('',#2723,#2726,#269,.F.);
#2226=EDGE_CURVE('',#2726,#2630,#270,.T.);
#2227=EDGE_CURVE('',#2634,#2727,#271,.T.);
#2228=EDGE_CURVE('',#2727,#2725,#3185,.F.);
#2229=EDGE_CURVE('',#2726,#2728,#3186,.F.);
#2230=EDGE_CURVE('',#2728,#2631,#272,.T.);
#2231=EDGE_CURVE('',#2633,#2729,#273,.T.);
#2232=EDGE_CURVE('',#2729,#2727,#274,.F.);
#2233=EDGE_CURVE('',#2728,#2730,#275,.F.);
#2234=EDGE_CURVE('',#2730,#2632,#276,.T.);
#2235=EDGE_CURVE('',#2730,#2729,#3187,.F.);
#2236=EDGE_CURVE('',#2602,#2546,#277,.T.);
#2237=EDGE_CURVE('',#2542,#2545,#3188,.T.);
#2238=EDGE_CURVE('',#2559,#2603,#3189,.T.);
#2239=EDGE_CURVE('',#2527,#2605,#278,.T.);
#2240=EDGE_CURVE('',#2604,#2560,#3190,.T.);
#2241=EDGE_CURVE('',#2511,#2528,#3191,.T.);
#2242=EDGE_CURVE('',#2640,#2514,#279,.T.);
#2243=EDGE_CURVE('',#2510,#2513,#3192,.T.);
#2244=EDGE_CURVE('',#2607,#2641,#3193,.T.);
#2245=EDGE_CURVE('',#2557,#2643,#280,.T.);
#2246=EDGE_CURVE('',#2642,#2608,#3194,.T.);
#2247=EDGE_CURVE('',#2543,#2558,#3195,.T.);
#2248=EDGE_CURVE('',#2537,#2551,#3196,.T.);
#2249=EDGE_CURVE('',#2538,#2550,#3197,.T.);
#2250=EDGE_CURVE('',#2504,#2520,#3198,.T.);
#2251=EDGE_CURVE('',#2503,#2521,#3199,.T.);
#2252=EDGE_CURVE('',#2731,#2732,#3200,.T.);
#2253=EDGE_CURVE('',#2732,#2733,#281,.F.);
#2254=EDGE_CURVE('',#2734,#2733,#3201,.T.);
#2255=EDGE_CURVE('',#2734,#2731,#282,.F.);
#2256=EDGE_CURVE('',#2733,#2735,#3202,.T.);
#2257=EDGE_CURVE('',#2736,#2735,#3203,.T.);
#2258=EDGE_CURVE('',#2736,#2734,#3204,.F.);
#2259=EDGE_CURVE('',#2735,#2737,#283,.F.);
#2260=EDGE_CURVE('',#2738,#2737,#3205,.T.);
#2261=EDGE_CURVE('',#2738,#2736,#284,.F.);
#2262=EDGE_CURVE('',#2737,#2705,#130,.T.);
#2263=EDGE_CURVE('',#2715,#2706,#3206,.T.);
#2264=EDGE_CURVE('',#2714,#2738,#131,.T.);
#2265=EDGE_CURVE('',#2716,#2711,#3207,.T.);
#2266=EDGE_CURVE('',#2717,#2710,#3208,.T.);
#2267=EDGE_CURVE('',#2718,#2709,#3209,.T.);
#2268=EDGE_CURVE('',#2712,#2708,#3210,.T.);
#2269=EDGE_CURVE('',#2707,#2732,#132,.T.);
#2270=EDGE_CURVE('',#2731,#2713,#133,.T.);
#2271=EDGE_CURVE('',#2739,#2740,#3211,.T.);
#2272=EDGE_CURVE('',#2739,#2741,#285,.T.);
#2273=EDGE_CURVE('',#2741,#2742,#3212,.T.);
#2274=EDGE_CURVE('',#2742,#2740,#286,.T.);
#2275=EDGE_CURVE('',#2741,#2743,#3213,.T.);
#2276=EDGE_CURVE('',#2743,#2744,#3214,.T.);
#2277=EDGE_CURVE('',#2744,#2742,#3215,.F.);
#2278=EDGE_CURVE('',#2743,#2745,#287,.T.);
#2279=EDGE_CURVE('',#2745,#2746,#3216,.T.);
#2280=EDGE_CURVE('',#2746,#2744,#288,.T.);
#2281=EDGE_CURVE('',#2745,#2678,#134,.T.);
#2282=EDGE_CURVE('',#2679,#2688,#3217,.T.);
#2283=EDGE_CURVE('',#2687,#2746,#135,.T.);
#2284=EDGE_CURVE('',#2684,#2689,#3218,.T.);
#2285=EDGE_CURVE('',#2683,#2690,#3219,.T.);
#2286=EDGE_CURVE('',#2682,#2691,#3220,.T.);
#2287=EDGE_CURVE('',#2681,#2685,#3221,.T.);
#2288=EDGE_CURVE('',#2680,#2739,#136,.T.);
#2289=EDGE_CURVE('',#2740,#2686,#137,.T.);
#2290=VERTEX_POINT('',#6823);
#2291=VERTEX_POINT('',#6824);
#2292=VERTEX_POINT('',#6826);
#2293=VERTEX_POINT('',#6828);
#2294=VERTEX_POINT('',#6830);
#2295=VERTEX_POINT('',#6832);
#2296=VERTEX_POINT('',#6834);
#2297=VERTEX_POINT('',#6837);
#2298=VERTEX_POINT('',#6838);
#2299=VERTEX_POINT('',#6840);
#2300=VERTEX_POINT('',#6842);
#2301=VERTEX_POINT('',#6845);
#2302=VERTEX_POINT('',#6846);
#2303=VERTEX_POINT('',#6848);
#2304=VERTEX_POINT('',#6850);
#2305=VERTEX_POINT('',#6853);
#2306=VERTEX_POINT('',#6854);
#2307=VERTEX_POINT('',#6856);
#2308=VERTEX_POINT('',#6858);
#2309=VERTEX_POINT('',#6860);
#2310=VERTEX_POINT('',#6862);
#2311=VERTEX_POINT('',#6864);
#2312=VERTEX_POINT('',#6868);
#2313=VERTEX_POINT('',#6869);
#2314=VERTEX_POINT('',#6871);
#2315=VERTEX_POINT('',#6873);
#2316=VERTEX_POINT('',#6875);
#2317=VERTEX_POINT('',#6877);
#2318=VERTEX_POINT('',#6879);
#2319=VERTEX_POINT('',#6881);
#2320=VERTEX_POINT('',#6883);
#2321=VERTEX_POINT('',#6885);
#2322=VERTEX_POINT('',#6889);
#2323=VERTEX_POINT('',#6891);
#2324=VERTEX_POINT('',#6893);
#2325=VERTEX_POINT('',#6895);
#2326=VERTEX_POINT('',#6897);
#2327=VERTEX_POINT('',#6900);
#2328=VERTEX_POINT('',#6901);
#2329=VERTEX_POINT('',#6903);
#2330=VERTEX_POINT('',#6905);
#2331=VERTEX_POINT('',#6908);
#2332=VERTEX_POINT('',#6909);
#2333=VERTEX_POINT('',#6911);
#2334=VERTEX_POINT('',#6913);
#2335=VERTEX_POINT('',#6915);
#2336=VERTEX_POINT('',#6917);
#2337=VERTEX_POINT('',#6919);
#2338=VERTEX_POINT('',#6923);
#2339=VERTEX_POINT('',#6924);
#2340=VERTEX_POINT('',#6926);
#2341=VERTEX_POINT('',#6928);
#2342=VERTEX_POINT('',#6930);
#2343=VERTEX_POINT('',#6933);
#2344=VERTEX_POINT('',#6935);
#2345=VERTEX_POINT('',#6937);
#2346=VERTEX_POINT('',#6941);
#2347=VERTEX_POINT('',#6942);
#2348=VERTEX_POINT('',#6949);
#2349=VERTEX_POINT('',#6951);
#2350=VERTEX_POINT('',#6958);
#2351=VERTEX_POINT('',#6959);
#2352=VERTEX_POINT('',#6966);
#2353=VERTEX_POINT('',#6969);
#2354=VERTEX_POINT('',#6972);
#2355=VERTEX_POINT('',#6975);
#2356=VERTEX_POINT('',#6978);
#2357=VERTEX_POINT('',#6979);
#2358=VERTEX_POINT('',#6981);
#2359=VERTEX_POINT('',#6983);
#2360=VERTEX_POINT('',#6987);
#2361=VERTEX_POINT('',#6988);
#2362=VERTEX_POINT('',#6990);
#2363=VERTEX_POINT('',#6992);
#2364=VERTEX_POINT('',#6996);
#2365=VERTEX_POINT('',#6997);
#2366=VERTEX_POINT('',#6999);
#2367=VERTEX_POINT('',#7001);
#2368=VERTEX_POINT('',#7005);
#2369=VERTEX_POINT('',#7006);
#2370=VERTEX_POINT('',#7008);
#2371=VERTEX_POINT('',#7665);
#2372=VERTEX_POINT('',#7673);
#2373=VERTEX_POINT('',#7919);
#2374=VERTEX_POINT('',#8677);
#2375=VERTEX_POINT('',#8678);
#2376=VERTEX_POINT('',#8687);
#2377=VERTEX_POINT('',#8689);
#2378=VERTEX_POINT('',#8691);
#2379=VERTEX_POINT('',#8694);
#2380=VERTEX_POINT('',#8698);
#2381=VERTEX_POINT('',#8699);
#2382=VERTEX_POINT('',#8702);
#2383=VERTEX_POINT('',#8809);
#2384=VERTEX_POINT('',#8811);
#2385=VERTEX_POINT('',#8813);
#2386=VERTEX_POINT('',#8822);
#2387=VERTEX_POINT('',#8823);
#2388=VERTEX_POINT('',#8825);
#2389=VERTEX_POINT('',#8827);
#2390=VERTEX_POINT('',#8829);
#2391=VERTEX_POINT('',#8832);
#2392=VERTEX_POINT('',#8834);
#2393=VERTEX_POINT('',#8836);
#2394=VERTEX_POINT('',#8939);
#2395=VERTEX_POINT('',#8940);
#2396=VERTEX_POINT('',#8951);
#2397=VERTEX_POINT('',#8955);
#2398=VERTEX_POINT('',#8956);
#2399=VERTEX_POINT('',#8959);
#2400=VERTEX_POINT('',#9071);
#2401=VERTEX_POINT('',#9072);
#2402=VERTEX_POINT('',#9074);
#2403=VERTEX_POINT('',#9076);
#2404=VERTEX_POINT('',#9078);
#2405=VERTEX_POINT('',#9081);
#2406=VERTEX_POINT('',#9184);
#2407=VERTEX_POINT('',#9185);
#2408=VERTEX_POINT('',#9195);
#2409=VERTEX_POINT('',#9197);
#2410=VERTEX_POINT('',#9201);
#2411=VERTEX_POINT('',#9202);
#2412=VERTEX_POINT('',#9205);
#2413=VERTEX_POINT('',#9208);
#2414=VERTEX_POINT('',#9320);
#2415=VERTEX_POINT('',#9323);
#2416=VERTEX_POINT('',#9324);
#2417=VERTEX_POINT('',#9326);
#2418=VERTEX_POINT('',#9328);
#2419=VERTEX_POINT('',#9332);
#2420=VERTEX_POINT('',#9334);
#2421=VERTEX_POINT('',#9338);
#2422=VERTEX_POINT('',#9340);
#2423=VERTEX_POINT('',#9344);
#2424=VERTEX_POINT('',#9346);
#2425=VERTEX_POINT('',#9350);
#2426=VERTEX_POINT('',#9354);
#2427=VERTEX_POINT('',#9358);
#2428=VERTEX_POINT('',#9360);
#2429=VERTEX_POINT('',#9364);
#2430=VERTEX_POINT('',#9365);
#2431=VERTEX_POINT('',#9367);
#2432=VERTEX_POINT('',#9369);
#2433=VERTEX_POINT('',#9373);
#2434=VERTEX_POINT('',#9375);
#2435=VERTEX_POINT('',#9379);
#2436=VERTEX_POINT('',#9381);
#2437=VERTEX_POINT('',#9385);
#2438=VERTEX_POINT('',#9387);
#2439=VERTEX_POINT('',#9389);
#2440=VERTEX_POINT('',#9391);
#2441=VERTEX_POINT('',#9393);
#2442=VERTEX_POINT('',#9397);
#2443=VERTEX_POINT('',#9401);
#2444=VERTEX_POINT('',#9404);
#2445=VERTEX_POINT('',#9408);
#2446=VERTEX_POINT('',#9410);
#2447=VERTEX_POINT('',#9417);
#2448=VERTEX_POINT('',#9419);
#2449=VERTEX_POINT('',#9423);
#2450=VERTEX_POINT('',#9424);
#2451=VERTEX_POINT('',#9426);
#2452=VERTEX_POINT('',#9428);
#2453=VERTEX_POINT('',#9432);
#2454=VERTEX_POINT('',#9434);
#2455=VERTEX_POINT('',#9438);
#2456=VERTEX_POINT('',#9442);
#2457=VERTEX_POINT('',#9446);
#2458=VERTEX_POINT('',#9450);
#2459=VERTEX_POINT('',#9454);
#2460=VERTEX_POINT('',#9456);
#2461=VERTEX_POINT('',#9458);
#2462=VERTEX_POINT('',#9460);
#2463=VERTEX_POINT('',#9464);
#2464=VERTEX_POINT('',#9466);
#2465=VERTEX_POINT('',#9470);
#2466=VERTEX_POINT('',#9472);
#2467=VERTEX_POINT('',#9582);
#2468=VERTEX_POINT('',#9584);
#2469=VERTEX_POINT('',#9586);
#2470=VERTEX_POINT('',#9694);
#2471=VERTEX_POINT('',#9696);
#2472=VERTEX_POINT('',#9698);
#2473=VERTEX_POINT('',#9715);
#2474=VERTEX_POINT('',#9716);
#2475=VERTEX_POINT('',#9718);
#2476=VERTEX_POINT('',#9720);
#2477=VERTEX_POINT('',#9722);
#2478=VERTEX_POINT('',#9725);
#2479=VERTEX_POINT('',#9828);
#2480=VERTEX_POINT('',#9829);
#2481=VERTEX_POINT('',#9840);
#2482=VERTEX_POINT('',#9841);
#2483=VERTEX_POINT('',#9955);
#2484=VERTEX_POINT('',#9957);
#2485=VERTEX_POINT('',#9961);
#2486=VERTEX_POINT('',#9963);
#2487=VERTEX_POINT('',#9972);
#2488=VERTEX_POINT('',#9974);
#2489=VERTEX_POINT('',#9978);
#2490=VERTEX_POINT('',#9982);
#2491=VERTEX_POINT('',#9989);
#2492=VERTEX_POINT('',#9991);
#2493=VERTEX_POINT('',#9995);
#2494=VERTEX_POINT('',#9997);
#2495=VERTEX_POINT('',#10006);
#2496=VERTEX_POINT('',#10008);
#2497=VERTEX_POINT('',#10012);
#2498=VERTEX_POINT('',#10014);
#2499=VERTEX_POINT('',#10033);
#2500=VERTEX_POINT('',#10034);
#2501=VERTEX_POINT('',#10036);
#2502=VERTEX_POINT('',#10038);
#2503=VERTEX_POINT('',#10040);
#2504=VERTEX_POINT('',#10042);
#2505=VERTEX_POINT('',#10044);
#2506=VERTEX_POINT('',#10046);
#2507=VERTEX_POINT('',#10048);
#2508=VERTEX_POINT('',#10050);
#2509=VERTEX_POINT('',#10052);
#2510=VERTEX_POINT('',#10054);
#2511=VERTEX_POINT('',#10056);
#2512=VERTEX_POINT('',#10058);
#2513=VERTEX_POINT('',#10062);
#2514=VERTEX_POINT('',#10063);
#2515=VERTEX_POINT('',#10065);
#2516=VERTEX_POINT('',#10067);
#2517=VERTEX_POINT('',#10069);
#2518=VERTEX_POINT('',#10071);
#2519=VERTEX_POINT('',#10073);
#2520=VERTEX_POINT('',#10075);
#2521=VERTEX_POINT('',#10077);
#2522=VERTEX_POINT('',#10079);
#2523=VERTEX_POINT('',#10081);
#2524=VERTEX_POINT('',#10083);
#2525=VERTEX_POINT('',#10085);
#2526=VERTEX_POINT('',#10087);
#2527=VERTEX_POINT('',#10089);
#2528=VERTEX_POINT('',#10091);
#2529=VERTEX_POINT('',#10098);
#2530=VERTEX_POINT('',#10099);
#2531=VERTEX_POINT('',#10101);
#2532=VERTEX_POINT('',#10103);
#2533=VERTEX_POINT('',#10107);
#2534=VERTEX_POINT('',#10108);
#2535=VERTEX_POINT('',#10110);
#2536=VERTEX_POINT('',#10112);
#2537=VERTEX_POINT('',#10114);
#2538=VERTEX_POINT('',#10116);
#2539=VERTEX_POINT('',#10119);
#2540=VERTEX_POINT('',#10121);
#2541=VERTEX_POINT('',#10123);
#2542=VERTEX_POINT('',#10125);
#2543=VERTEX_POINT('',#10127);
#2544=VERTEX_POINT('',#10129);
#2545=VERTEX_POINT('',#10133);
#2546=VERTEX_POINT('',#10134);
#2547=VERTEX_POINT('',#10136);
#2548=VERTEX_POINT('',#10138);
#2549=VERTEX_POINT('',#10140);
#2550=VERTEX_POINT('',#10143);
#2551=VERTEX_POINT('',#10145);
#2552=VERTEX_POINT('',#10147);
#2553=VERTEX_POINT('',#10149);
#2554=VERTEX_POINT('',#10151);
#2555=VERTEX_POINT('',#10153);
#2556=VERTEX_POINT('',#10155);
#2557=VERTEX_POINT('',#10157);
#2558=VERTEX_POINT('',#10159);
#2559=VERTEX_POINT('',#10163);
#2560=VERTEX_POINT('',#10164);
#2561=VERTEX_POINT('',#10167);
#2562=VERTEX_POINT('',#10169);
#2563=VERTEX_POINT('',#10171);
#2564=VERTEX_POINT('',#10173);
#2565=VERTEX_POINT('',#10175);
#2566=VERTEX_POINT('',#10177);
#2567=VERTEX_POINT('',#10179);
#2568=VERTEX_POINT('',#10181);
#2569=VERTEX_POINT('',#10183);
#2570=VERTEX_POINT('',#10185);
#2571=VERTEX_POINT('',#10187);
#2572=VERTEX_POINT('',#10189);
#2573=VERTEX_POINT('',#10191);
#2574=VERTEX_POINT('',#10193);
#2575=VERTEX_POINT('',#10195);
#2576=VERTEX_POINT('',#10197);
#2577=VERTEX_POINT('',#10199);
#2578=VERTEX_POINT('',#10201);
#2579=VERTEX_POINT('',#10206);
#2580=VERTEX_POINT('',#10207);
#2581=VERTEX_POINT('',#10209);
#2582=VERTEX_POINT('',#10211);
#2583=VERTEX_POINT('',#10213);
#2584=VERTEX_POINT('',#10215);
#2585=VERTEX_POINT('',#10217);
#2586=VERTEX_POINT('',#10219);
#2587=VERTEX_POINT('',#10222);
#2588=VERTEX_POINT('',#10223);
#2589=VERTEX_POINT('',#10225);
#2590=VERTEX_POINT('',#10227);
#2591=VERTEX_POINT('',#10229);
#2592=VERTEX_POINT('',#10231);
#2593=VERTEX_POINT('',#10233);
#2594=VERTEX_POINT('',#10235);
#2595=VERTEX_POINT('',#10237);
#2596=VERTEX_POINT('',#10239);
#2597=VERTEX_POINT('',#10241);
#2598=VERTEX_POINT('',#10243);
#2599=VERTEX_POINT('',#10245);
#2600=VERTEX_POINT('',#10247);
#2601=VERTEX_POINT('',#10249);
#2602=VERTEX_POINT('',#10251);
#2603=VERTEX_POINT('',#10253);
#2604=VERTEX_POINT('',#10255);
#2605=VERTEX_POINT('',#10257);
#2606=VERTEX_POINT('',#10259);
#2607=VERTEX_POINT('',#10263);
#2608=VERTEX_POINT('',#10264);
#2609=VERTEX_POINT('',#10267);
#2610=VERTEX_POINT('',#10269);
#2611=VERTEX_POINT('',#10271);
#2612=VERTEX_POINT('',#10273);
#2613=VERTEX_POINT('',#10275);
#2614=VERTEX_POINT('',#10277);
#2615=VERTEX_POINT('',#10279);
#2616=VERTEX_POINT('',#10281);
#2617=VERTEX_POINT('',#10283);
#2618=VERTEX_POINT('',#10285);
#2619=VERTEX_POINT('',#10287);
#2620=VERTEX_POINT('',#10289);
#2621=VERTEX_POINT('',#10291);
#2622=VERTEX_POINT('',#10293);
#2623=VERTEX_POINT('',#10295);
#2624=VERTEX_POINT('',#10297);
#2625=VERTEX_POINT('',#10299);
#2626=VERTEX_POINT('',#10301);
#2627=VERTEX_POINT('',#10306);
#2628=VERTEX_POINT('',#10307);
#2629=VERTEX_POINT('',#10309);
#2630=VERTEX_POINT('',#10311);
#2631=VERTEX_POINT('',#10313);
#2632=VERTEX_POINT('',#10315);
#2633=VERTEX_POINT('',#10317);
#2634=VERTEX_POINT('',#10319);
#2635=VERTEX_POINT('',#10322);
#2636=VERTEX_POINT('',#10323);
#2637=VERTEX_POINT('',#10325);
#2638=VERTEX_POINT('',#10327);
#2639=VERTEX_POINT('',#10329);
#2640=VERTEX_POINT('',#10331);
#2641=VERTEX_POINT('',#10333);
#2642=VERTEX_POINT('',#10335);
#2643=VERTEX_POINT('',#10337);
#2644=VERTEX_POINT('',#10339);
#2645=VERTEX_POINT('',#10341);
#2646=VERTEX_POINT('',#10343);
#2647=VERTEX_POINT('',#10345);
#2648=VERTEX_POINT('',#10347);
#2649=VERTEX_POINT('',#10349);
#2650=VERTEX_POINT('',#10351);
#2651=VERTEX_POINT('',#10353);
#2652=VERTEX_POINT('',#10355);
#2653=VERTEX_POINT('',#10357);
#2654=VERTEX_POINT('',#10359);
#2655=VERTEX_POINT('',#10363);
#2656=VERTEX_POINT('',#10364);
#2657=VERTEX_POINT('',#10366);
#2658=VERTEX_POINT('',#10368);
#2659=VERTEX_POINT('',#10375);
#2660=VERTEX_POINT('',#10377);
#2661=VERTEX_POINT('',#10381);
#2662=VERTEX_POINT('',#10382);
#2663=VERTEX_POINT('',#10387);
#2664=VERTEX_POINT('',#10388);
#2665=VERTEX_POINT('',#10390);
#2666=VERTEX_POINT('',#10392);
#2667=VERTEX_POINT('',#10394);
#2668=VERTEX_POINT('',#10396);
#2669=VERTEX_POINT('',#10398);
#2670=VERTEX_POINT('',#10400);
#2671=VERTEX_POINT('',#10404);
#2672=VERTEX_POINT('',#10406);
#2673=VERTEX_POINT('',#10410);
#2674=VERTEX_POINT('',#10423);
#2675=VERTEX_POINT('',#10428);
#2676=VERTEX_POINT('',#10432);
#2677=VERTEX_POINT('',#10436);
#2678=VERTEX_POINT('',#10450);
#2679=VERTEX_POINT('',#10451);
#2680=VERTEX_POINT('',#10453);
#2681=VERTEX_POINT('',#10455);
#2682=VERTEX_POINT('',#10457);
#2683=VERTEX_POINT('',#10460);
#2684=VERTEX_POINT('',#10462);
#2685=VERTEX_POINT('',#10466);
#2686=VERTEX_POINT('',#10467);
#2687=VERTEX_POINT('',#10469);
#2688=VERTEX_POINT('',#10471);
#2689=VERTEX_POINT('',#10473);
#2690=VERTEX_POINT('',#10475);
#2691=VERTEX_POINT('',#10479);
#2692=VERTEX_POINT('',#10490);
#2693=VERTEX_POINT('',#10534);
#2694=VERTEX_POINT('',#10535);
#2695=VERTEX_POINT('',#10537);
#2696=VERTEX_POINT('',#10539);
#2697=VERTEX_POINT('',#10546);
#2698=VERTEX_POINT('',#10547);
#2699=VERTEX_POINT('',#10549);
#2700=VERTEX_POINT('',#10551);
#2701=VERTEX_POINT('',#10567);
#2702=VERTEX_POINT('',#10571);
#2703=VERTEX_POINT('',#10575);
#2704=VERTEX_POINT('',#10579);
#2705=VERTEX_POINT('',#10593);
#2706=VERTEX_POINT('',#10594);
#2707=VERTEX_POINT('',#10596);
#2708=VERTEX_POINT('',#10598);
#2709=VERTEX_POINT('',#10600);
#2710=VERTEX_POINT('',#10603);
#2711=VERTEX_POINT('',#10605);
#2712=VERTEX_POINT('',#10609);
#2713=VERTEX_POINT('',#10610);
#2714=VERTEX_POINT('',#10612);
#2715=VERTEX_POINT('',#10614);
#2716=VERTEX_POINT('',#10616);
#2717=VERTEX_POINT('',#10618);
#2718=VERTEX_POINT('',#10622);
#2719=VERTEX_POINT('',#10633);
#2720=VERTEX_POINT('',#10637);
#2721=VERTEX_POINT('',#10641);
#2722=VERTEX_POINT('',#10645);
#2723=VERTEX_POINT('',#10654);
#2724=VERTEX_POINT('',#10656);
#2725=VERTEX_POINT('',#10660);
#2726=VERTEX_POINT('',#10664);
#2727=VERTEX_POINT('',#10668);
#2728=VERTEX_POINT('',#10672);
#2729=VERTEX_POINT('',#10676);
#2730=VERTEX_POINT('',#10680);
#2731=VERTEX_POINT('',#10717);
#2732=VERTEX_POINT('',#10718);
#2733=VERTEX_POINT('',#10720);
#2734=VERTEX_POINT('',#10722);
#2735=VERTEX_POINT('',#10726);
#2736=VERTEX_POINT('',#10728);
#2737=VERTEX_POINT('',#10732);
#2738=VERTEX_POINT('',#10734);
#2739=VERTEX_POINT('',#10766);
#2740=VERTEX_POINT('',#10767);
#2741=VERTEX_POINT('',#10769);
#2742=VERTEX_POINT('',#10771);
#2743=VERTEX_POINT('',#10775);
#2744=VERTEX_POINT('',#10777);
#2745=VERTEX_POINT('',#10781);
#2746=VERTEX_POINT('',#10783);
#2747=LINE('',#6822,#3222);
#2748=LINE('',#6825,#3223);
#2749=LINE('',#6827,#3224);
#2750=LINE('',#6829,#3225);
#2751=LINE('',#6831,#3226);
#2752=LINE('',#6833,#3227);
#2753=LINE('',#6835,#3228);
#2754=LINE('',#6836,#3229);
#2755=LINE('',#6839,#3230);
#2756=LINE('',#6841,#3231);
#2757=LINE('',#6843,#3232);
#2758=LINE('',#6844,#3233);
#2759=LINE('',#6847,#3234);
#2760=LINE('',#6849,#3235);
#2761=LINE('',#6851,#3236);
#2762=LINE('',#6852,#3237);
#2763=LINE('',#6855,#3238);
#2764=LINE('',#6857,#3239);
#2765=LINE('',#6859,#3240);
#2766=LINE('',#6861,#3241);
#2767=LINE('',#6863,#3242);
#2768=LINE('',#6865,#3243);
#2769=LINE('',#6867,#3244);
#2770=LINE('',#6870,#3245);
#2771=LINE('',#6872,#3246);
#2772=LINE('',#6876,#3247);
#2773=LINE('',#6878,#3248);
#2774=LINE('',#6880,#3249);
#2775=LINE('',#6882,#3250);
#2776=LINE('',#6884,#3251);
#2777=LINE('',#6888,#3252);
#2778=LINE('',#6890,#3253);
#2779=LINE('',#6892,#3254);
#2780=LINE('',#6894,#3255);
#2781=LINE('',#6896,#3256);
#2782=LINE('',#6898,#3257);
#2783=LINE('',#6899,#3258);
#2784=LINE('',#6902,#3259);
#2785=LINE('',#6904,#3260);
#2786=LINE('',#6906,#3261);
#2787=LINE('',#6907,#3262);
#2788=LINE('',#6910,#3263);
#2789=LINE('',#6912,#3264);
#2790=LINE('',#6914,#3265);
#2791=LINE('',#6916,#3266);
#2792=LINE('',#6918,#3267);
#2793=LINE('',#6920,#3268);
#2794=LINE('',#6922,#3269);
#2795=LINE('',#6925,#3270);
#2796=LINE('',#6927,#3271);
#2797=LINE('',#6931,#3272);
#2798=LINE('',#6932,#3273);
#2799=LINE('',#6934,#3274);
#2800=LINE('',#6936,#3275);
#2801=LINE('',#6940,#3276);
#2802=LINE('',#6960,#3277);
#2803=LINE('',#6962,#3278);
#2804=LINE('',#6963,#3279);
#2805=LINE('',#6977,#3280);
#2806=LINE('',#6980,#3281);
#2807=LINE('',#6982,#3282);
#2808=LINE('',#6984,#3283);
#2809=LINE('',#6986,#3284);
#2810=LINE('',#6989,#3285);
#2811=LINE('',#6991,#3286);
#2812=LINE('',#6993,#3287);
#2813=LINE('',#6995,#3288);
#2814=LINE('',#6998,#3289);
#2815=LINE('',#7000,#3290);
#2816=LINE('',#7002,#3291);
#2817=LINE('',#7004,#3292);
#2818=LINE('',#7007,#3293);
#2819=LINE('',#7009,#3294);
#2820=LINE('',#8676,#3295);
#2821=LINE('',#8688,#3296);
#2822=LINE('',#8692,#3297);
#2823=LINE('',#8693,#3298);
#2824=LINE('',#8697,#3299);
#2825=LINE('',#8700,#3300);
#2826=LINE('',#8701,#3301);
#2827=LINE('',#8808,#3302);
#2828=LINE('',#8812,#3303);
#2829=LINE('',#8819,#3304);
#2830=LINE('',#8821,#3305);
#2831=LINE('',#8824,#3306);
#2832=LINE('',#8826,#3307);
#2833=LINE('',#8830,#3308);
#2834=LINE('',#8831,#3309);
#2835=LINE('',#8833,#3310);
#2836=LINE('',#8835,#3311);
#2837=LINE('',#8938,#3312);
#2838=LINE('',#8949,#3313);
#2839=LINE('',#8950,#3314);
#2840=LINE('',#8954,#3315);
#2841=LINE('',#8957,#3316);
#2842=LINE('',#8958,#3317);
#2843=LINE('',#9070,#3318);
#2844=LINE('',#9073,#3319);
#2845=LINE('',#9075,#3320);
#2846=LINE('',#9079,#3321);
#2847=LINE('',#9080,#3322);
#2848=LINE('',#9183,#3323);
#2849=LINE('',#9194,#3324);
#2850=LINE('',#9196,#3325);
#2851=LINE('',#9200,#3326);
#2852=LINE('',#9203,#3327);
#2853=LINE('',#9204,#3328);
#2854=LINE('',#9206,#3329);
#2855=LINE('',#9207,#3330);
#2856=LINE('',#9325,#3331);
#2857=LINE('',#9329,#3332);
#2858=LINE('',#9333,#3333);
#2859=LINE('',#9341,#3334);
#2860=LINE('',#9343,#3335);
#2861=LINE('',#9345,#3336);
#2862=LINE('',#9347,#3337);
#2863=LINE('',#9349,#3338);
#2864=LINE('',#9351,#3339);
#2865=LINE('',#9353,#3340);
#2866=LINE('',#9355,#3341);
#2867=LINE('',#9357,#3342);
#2868=LINE('',#9359,#3343);
#2869=LINE('',#9361,#3344);
#2870=LINE('',#9363,#3345);
#2871=LINE('',#9366,#3346);
#2872=LINE('',#9368,#3347);
#2873=LINE('',#9370,#3348);
#2874=LINE('',#9372,#3349);
#2875=LINE('',#9374,#3350);
#2876=LINE('',#9376,#3351);
#2877=LINE('',#9378,#3352);
#2878=LINE('',#9380,#3353);
#2879=LINE('',#9382,#3354);
#2880=LINE('',#9384,#3355);
#2881=LINE('',#9386,#3356);
#2882=LINE('',#9390,#3357);
#2883=LINE('',#9392,#3358);
#2884=LINE('',#9394,#3359);
#2885=LINE('',#9396,#3360);
#2886=LINE('',#9398,#3361);
#2887=LINE('',#9400,#3362);
#2888=LINE('',#9402,#3363);
#2889=LINE('',#9403,#3364);
#2890=LINE('',#9405,#3365);
#2891=LINE('',#9407,#3366);
#2892=LINE('',#9409,#3367);
#2893=LINE('',#9411,#3368);
#2894=LINE('',#9413,#3369);
#2895=LINE('',#9414,#3370);
#2896=LINE('',#9416,#3371);
#2897=LINE('',#9418,#3372);
#2898=LINE('',#9420,#3373);
#2899=LINE('',#9422,#3374);
#2900=LINE('',#9425,#3375);
#2901=LINE('',#9427,#3376);
#2902=LINE('',#9429,#3377);
#2903=LINE('',#9431,#3378);
#2904=LINE('',#9433,#3379);
#2905=LINE('',#9435,#3380);
#2906=LINE('',#9437,#3381);
#2907=LINE('',#9439,#3382);
#2908=LINE('',#9443,#3383);
#2909=LINE('',#9445,#3384);
#2910=LINE('',#9447,#3385);
#2911=LINE('',#9449,#3386);
#2912=LINE('',#9451,#3387);
#2913=LINE('',#9453,#3388);
#2914=LINE('',#9455,#3389);
#2915=LINE('',#9457,#3390);
#2916=LINE('',#9459,#3391);
#2917=LINE('',#9461,#3392);
#2918=LINE('',#9463,#3393);
#2919=LINE('',#9465,#3394);
#2920=LINE('',#9467,#3395);
#2921=LINE('',#9469,#3396);
#2922=LINE('',#9471,#3397);
#2923=LINE('',#9473,#3398);
#2924=LINE('',#9583,#3399);
#2925=LINE('',#9587,#3400);
#2926=LINE('',#9588,#3401);
#2927=LINE('',#9693,#3402);
#2928=LINE('',#9697,#3403);
#2929=LINE('',#9704,#3404);
#2930=LINE('',#9714,#3405);
#2931=LINE('',#9717,#3406);
#2932=LINE('',#9719,#3407);
#2933=LINE('',#9723,#3408);
#2934=LINE('',#9724,#3409);
#2935=LINE('',#9827,#3410);
#2936=LINE('',#9839,#3411);
#2937=LINE('',#9842,#3412);
#2938=LINE('',#9843,#3413);
#2939=LINE('',#9952,#3414);
#2940=LINE('',#9954,#3415);
#2941=LINE('',#9956,#3416);
#2942=LINE('',#9960,#3417);
#2943=LINE('',#9964,#3418);
#2944=LINE('',#9966,#3419);
#2945=LINE('',#9967,#3420);
#2946=LINE('',#9971,#3421);
#2947=LINE('',#9975,#3422);
#2948=LINE('',#9977,#3423);
#2949=LINE('',#9979,#3424);
#2950=LINE('',#9981,#3425);
#2951=LINE('',#9983,#3426);
#2952=LINE('',#9988,#3427);
#2953=LINE('',#9990,#3428);
#2954=LINE('',#9994,#3429);
#2955=LINE('',#9998,#3430);
#2956=LINE('',#10000,#3431);
#2957=LINE('',#10002,#3432);
#2958=LINE('',#10005,#3433);
#2959=LINE('',#10009,#3434);
#2960=LINE('',#10011,#3435);
#2961=LINE('',#10013,#3436);
#2962=LINE('',#10017,#3437);
#2963=LINE('',#10019,#3438);
#2964=LINE('',#10032,#3439);
#2965=LINE('',#10037,#3440);
#2966=LINE('',#10039,#3441);
#2967=LINE('',#10041,#3442);
#2968=LINE('',#10043,#3443);
#2969=LINE('',#10045,#3444);
#2970=LINE('',#10049,#3445);
#2971=LINE('',#10051,#3446);
#2972=LINE('',#10053,#3447);
#2973=LINE('',#10057,#3448);
#2974=LINE('',#10059,#3449);
#2975=LINE('',#10061,#3450);
#2976=LINE('',#10064,#3451);
#2977=LINE('',#10066,#3452);
#2978=LINE('',#10068,#3453);
#2979=LINE('',#10072,#3454);
#2980=LINE('',#10074,#3455);
#2981=LINE('',#10076,#3456);
#2982=LINE('',#10078,#3457);
#2983=LINE('',#10080,#3458);
#2984=LINE('',#10084,#3459);
#2985=LINE('',#10086,#3460);
#2986=LINE('',#10088,#3461);
#2987=LINE('',#10090,#3462);
#2988=LINE('',#10094,#3463);
#2989=LINE('',#10095,#3464);
#2990=LINE('',#10097,#3465);
#2991=LINE('',#10100,#3466);
#2992=LINE('',#10102,#3467);
#2993=LINE('',#10104,#3468);
#2994=LINE('',#10106,#3469);
#2995=LINE('',#10111,#3470);
#2996=LINE('',#10113,#3471);
#2997=LINE('',#10115,#3472);
#2998=LINE('',#10117,#3473);
#2999=LINE('',#10120,#3474);
#3000=LINE('',#10122,#3475);
#3001=LINE('',#10124,#3476);
#3002=LINE('',#10128,#3477);
#3003=LINE('',#10130,#3478);
#3004=LINE('',#10132,#3479);
#3005=LINE('',#10135,#3480);
#3006=LINE('',#10137,#3481);
#3007=LINE('',#10139,#3482);
#3008=LINE('',#10142,#3483);
#3009=LINE('',#10144,#3484);
#3010=LINE('',#10146,#3485);
#3011=LINE('',#10148,#3486);
#3012=LINE('',#10152,#3487);
#3013=LINE('',#10154,#3488);
#3014=LINE('',#10156,#3489);
#3015=LINE('',#10158,#3490);
#3016=LINE('',#10162,#3491);
#3017=LINE('',#10165,#3492);
#3018=LINE('',#10166,#3493);
#3019=LINE('',#10170,#3494);
#3020=LINE('',#10172,#3495);
#3021=LINE('',#10174,#3496);
#3022=LINE('',#10178,#3497);
#3023=LINE('',#10180,#3498);
#3024=LINE('',#10182,#3499);
#3025=LINE('',#10184,#3500);
#3026=LINE('',#10186,#3501);
#3027=LINE('',#10188,#3502);
#3028=LINE('',#10190,#3503);
#3029=LINE('',#10194,#3504);
#3030=LINE('',#10196,#3505);
#3031=LINE('',#10198,#3506);
#3032=LINE('',#10202,#3507);
#3033=LINE('',#10203,#3508);
#3034=LINE('',#10208,#3509);
#3035=LINE('',#10212,#3510);
#3036=LINE('',#10216,#3511);
#3037=LINE('',#10220,#3512);
#3038=LINE('',#10224,#3513);
#3039=LINE('',#10228,#3514);
#3040=LINE('',#10230,#3515);
#3041=LINE('',#10232,#3516);
#3042=LINE('',#10234,#3517);
#3043=LINE('',#10236,#3518);
#3044=LINE('',#10238,#3519);
#3045=LINE('',#10240,#3520);
#3046=LINE('',#10244,#3521);
#3047=LINE('',#10248,#3522);
#3048=LINE('',#10250,#3523);
#3049=LINE('',#10252,#3524);
#3050=LINE('',#10254,#3525);
#3051=LINE('',#10256,#3526);
#3052=LINE('',#10258,#3527);
#3053=LINE('',#10260,#3528);
#3054=LINE('',#10262,#3529);
#3055=LINE('',#10265,#3530);
#3056=LINE('',#10266,#3531);
#3057=LINE('',#10270,#3532);
#3058=LINE('',#10272,#3533);
#3059=LINE('',#10274,#3534);
#3060=LINE('',#10278,#3535);
#3061=LINE('',#10280,#3536);
#3062=LINE('',#10282,#3537);
#3063=LINE('',#10284,#3538);
#3064=LINE('',#10286,#3539);
#3065=LINE('',#10288,#3540);
#3066=LINE('',#10290,#3541);
#3067=LINE('',#10294,#3542);
#3068=LINE('',#10296,#3543);
#3069=LINE('',#10298,#3544);
#3070=LINE('',#10302,#3545);
#3071=LINE('',#10303,#3546);
#3072=LINE('',#10308,#3547);
#3073=LINE('',#10312,#3548);
#3074=LINE('',#10316,#3549);
#3075=LINE('',#10320,#3550);
#3076=LINE('',#10324,#3551);
#3077=LINE('',#10328,#3552);
#3078=LINE('',#10330,#3553);
#3079=LINE('',#10332,#3554);
#3080=LINE('',#10334,#3555);
#3081=LINE('',#10336,#3556);
#3082=LINE('',#10338,#3557);
#3083=LINE('',#10340,#3558);
#3084=LINE('',#10344,#3559);
#3085=LINE('',#10348,#3560);
#3086=LINE('',#10350,#3561);
#3087=LINE('',#10352,#3562);
#3088=LINE('',#10354,#3563);
#3089=LINE('',#10356,#3564);
#3090=LINE('',#10358,#3565);
#3091=LINE('',#10360,#3566);
#3092=LINE('',#10362,#3567);
#3093=LINE('',#10365,#3568);
#3094=LINE('',#10367,#3569);
#3095=LINE('',#10369,#3570);
#3096=LINE('',#10371,#3571);
#3097=LINE('',#10372,#3572);
#3098=LINE('',#10374,#3573);
#3099=LINE('',#10376,#3574);
#3100=LINE('',#10378,#3575);
#3101=LINE('',#10380,#3576);
#3102=LINE('',#10383,#3577);
#3103=LINE('',#10384,#3578);
#3104=LINE('',#10389,#3579);
#3105=LINE('',#10393,#3580);
#3106=LINE('',#10397,#3581);
#3107=LINE('',#10401,#3582);
#3108=LINE('',#10403,#3583);
#3109=LINE('',#10405,#3584);
#3110=LINE('',#10407,#3585);
#3111=LINE('',#10411,#3586);
#3112=LINE('',#10417,#3587);
#3113=LINE('',#10424,#3588);
#3114=LINE('',#10425,#3589);
#3115=LINE('',#10429,#3590);
#3116=LINE('',#10431,#3591);
#3117=LINE('',#10433,#3592);
#3118=LINE('',#10437,#3593);
#3119=LINE('',#10443,#3594);
#3120=LINE('',#10445,#3595);
#3121=LINE('',#10447,#3596);
#3122=LINE('',#10452,#3597);
#3123=LINE('',#10456,#3598);
#3124=LINE('',#10459,#3599);
#3125=LINE('',#10463,#3600);
#3126=LINE('',#10468,#3601);
#3127=LINE('',#10472,#3602);
#3128=LINE('',#10476,#3603);
#3129=LINE('',#10477,#3604);
#3130=LINE('',#10480,#3605);
#3131=LINE('',#10482,#3606);
#3132=LINE('',#10484,#3607);
#3133=LINE('',#10491,#3608);
#3134=LINE('',#10512,#3609);
#3135=LINE('',#10514,#3610);
#3136=LINE('',#10516,#3611);
#3137=LINE('',#10517,#3612);
#3138=LINE('',#10519,#3613);
#3139=LINE('',#10520,#3614);
#3140=LINE('',#10522,#3615);
#3141=LINE('',#10523,#3616);
#3142=LINE('',#10525,#3617);
#3143=LINE('',#10526,#3618);
#3144=LINE('',#10530,#3619);
#3145=LINE('',#10531,#3620);
#3146=LINE('',#10533,#3621);
#3147=LINE('',#10536,#3622);
#3148=LINE('',#10538,#3623);
#3149=LINE('',#10540,#3624);
#3150=LINE('',#10542,#3625);
#3151=LINE('',#10543,#3626);
#3152=LINE('',#10545,#3627);
#3153=LINE('',#10548,#3628);
#3154=LINE('',#10550,#3629);
#3155=LINE('',#10552,#3630);
#3156=LINE('',#10554,#3631);
#3157=LINE('',#10555,#3632);
#3158=LINE('',#10558,#3633);
#3159=LINE('',#10561,#3634);
#3160=LINE('',#10568,#3635);
#3161=LINE('',#10572,#3636);
#3162=LINE('',#10574,#3637);
#3163=LINE('',#10576,#3638);
#3164=LINE('',#10580,#3639);
#3165=LINE('',#10586,#3640);
#3166=LINE('',#10588,#3641);
#3167=LINE('',#10590,#3642);
#3168=LINE('',#10595,#3643);
#3169=LINE('',#10599,#3644);
#3170=LINE('',#10602,#3645);
#3171=LINE('',#10606,#3646);
#3172=LINE('',#10611,#3647);
#3173=LINE('',#10615,#3648);
#3174=LINE('',#10619,#3649);
#3175=LINE('',#10620,#3650);
#3176=LINE('',#10623,#3651);
#3177=LINE('',#10625,#3652);
#3178=LINE('',#10627,#3653);
#3179=LINE('',#10634,#3654);
#3180=LINE('',#10638,#3655);
#3181=LINE('',#10640,#3656);
#3182=LINE('',#10642,#3657);
#3183=LINE('',#10646,#3658);
#3184=LINE('',#10657,#3659);
#3185=LINE('',#10669,#3660);
#3186=LINE('',#10671,#3661);
#3187=LINE('',#10683,#3662);
#3188=LINE('',#10687,#3663);
#3189=LINE('',#10688,#3664);
#3190=LINE('',#10691,#3665);
#3191=LINE('',#10692,#3666);
#3192=LINE('',#10695,#3667);
#3193=LINE('',#10696,#3668);
#3194=LINE('',#10699,#3669);
#3195=LINE('',#10700,#3670);
#3196=LINE('',#10706,#3671);
#3197=LINE('',#10708,#3672);
#3198=LINE('',#10711,#3673);
#3199=LINE('',#10713,#3674);
#3200=LINE('',#10716,#3675);
#3201=LINE('',#10721,#3676);
#3202=LINE('',#10725,#3677);
#3203=LINE('',#10727,#3678);
#3204=LINE('',#10729,#3679);
#3205=LINE('',#10733,#3680);
#3206=LINE('',#10741,#3681);
#3207=LINE('',#10747,#3682);
#3208=LINE('',#10749,#3683);
#3209=LINE('',#10752,#3684);
#3210=LINE('',#10754,#3685);
#3211=LINE('',#10765,#3686);
#3212=LINE('',#10770,#3687);
#3213=LINE('',#10774,#3688);
#3214=LINE('',#10776,#3689);
#3215=LINE('',#10778,#3690);
#3216=LINE('',#10782,#3691);
#3217=LINE('',#10790,#3692);
#3218=LINE('',#10796,#3693);
#3219=LINE('',#10798,#3694);
#3220=LINE('',#10801,#3695);
#3221=LINE('',#10803,#3696);
#3222=VECTOR('',#5621,1000.);
#3223=VECTOR('',#5622,1000.);
#3224=VECTOR('',#5623,1000.);
#3225=VECTOR('',#5624,1000.);
#3226=VECTOR('',#5625,1000.);
#3227=VECTOR('',#5626,1000.);
#3228=VECTOR('',#5627,1000.);
#3229=VECTOR('',#5628,1000.);
#3230=VECTOR('',#5629,1000.);
#3231=VECTOR('',#5630,1000.);
#3232=VECTOR('',#5631,1000.);
#3233=VECTOR('',#5632,1000.);
#3234=VECTOR('',#5633,1000.);
#3235=VECTOR('',#5634,1000.);
#3236=VECTOR('',#5635,1000.);
#3237=VECTOR('',#5636,1000.);
#3238=VECTOR('',#5637,1000.);
#3239=VECTOR('',#5638,1000.);
#3240=VECTOR('',#5639,1000.);
#3241=VECTOR('',#5640,1000.);
#3242=VECTOR('',#5641,1000.);
#3243=VECTOR('',#5642,1000.);
#3244=VECTOR('',#5645,1000.);
#3245=VECTOR('',#5646,1000.);
#3246=VECTOR('',#5647,1000.);
#3247=VECTOR('',#5650,1000.);
#3248=VECTOR('',#5651,1000.);
#3249=VECTOR('',#5652,1000.);
#3250=VECTOR('',#5653,1000.);
#3251=VECTOR('',#5654,1000.);
#3252=VECTOR('',#5659,1000.);
#3253=VECTOR('',#5660,1000.);
#3254=VECTOR('',#5661,1000.);
#3255=VECTOR('',#5662,1000.);
#3256=VECTOR('',#5663,1000.);
#3257=VECTOR('',#5664,1000.);
#3258=VECTOR('',#5665,1000.);
#3259=VECTOR('',#5666,1000.);
#3260=VECTOR('',#5667,1000.);
#3261=VECTOR('',#5668,1000.);
#3262=VECTOR('',#5669,1000.);
#3263=VECTOR('',#5670,1000.);
#3264=VECTOR('',#5671,1000.);
#3265=VECTOR('',#5672,1000.);
#3266=VECTOR('',#5673,1000.);
#3267=VECTOR('',#5674,1000.);
#3268=VECTOR('',#5675,1000.);
#3269=VECTOR('',#5678,1000.);
#3270=VECTOR('',#5679,1000.);
#3271=VECTOR('',#5680,1000.);
#3272=VECTOR('',#5683,1000.);
#3273=VECTOR('',#5684,1000.);
#3274=VECTOR('',#5685,1000.);
#3275=VECTOR('',#5686,1000.);
#3276=VECTOR('',#5691,1000.);
#3277=VECTOR('',#5702,1000.);
#3278=VECTOR('',#5705,1000.);
#3279=VECTOR('',#5706,1000.);
#3280=VECTOR('',#5725,1000.);
#3281=VECTOR('',#5726,1000.);
#3282=VECTOR('',#5727,1000.);
#3283=VECTOR('',#5728,1000.);
#3284=VECTOR('',#5731,1000.);
#3285=VECTOR('',#5732,1000.);
#3286=VECTOR('',#5733,1000.);
#3287=VECTOR('',#5734,1000.);
#3288=VECTOR('',#5737,1000.);
#3289=VECTOR('',#5738,1000.);
#3290=VECTOR('',#5739,1000.);
#3291=VECTOR('',#5740,1000.);
#3292=VECTOR('',#5743,1000.);
#3293=VECTOR('',#5744,1000.);
#3294=VECTOR('',#5745,1000.);
#3295=VECTOR('',#5750,1000.);
#3296=VECTOR('',#5751,1000.);
#3297=VECTOR('',#5754,1000.);
#3298=VECTOR('',#5755,1000.);
#3299=VECTOR('',#5760,1000.);
#3300=VECTOR('',#5761,1000.);
#3301=VECTOR('',#5762,1000.);
#3302=VECTOR('',#5765,1000.);
#3303=VECTOR('',#5768,1000.);
#3304=VECTOR('',#5771,1000.);
#3305=VECTOR('',#5774,1000.);
#3306=VECTOR('',#5775,1000.);
#3307=VECTOR('',#5776,1000.);
#3308=VECTOR('',#5779,1000.);
#3309=VECTOR('',#5780,1000.);
#3310=VECTOR('',#5781,1000.);
#3311=VECTOR('',#5782,1000.);
#3312=VECTOR('',#5785,1000.);
#3313=VECTOR('',#5786,1000.);
#3314=VECTOR('',#5787,1000.);
#3315=VECTOR('',#5792,1000.);
#3316=VECTOR('',#5793,1000.);
#3317=VECTOR('',#5794,1000.);
#3318=VECTOR('',#5799,1000.);
#3319=VECTOR('',#5800,1000.);
#3320=VECTOR('',#5801,1000.);
#3321=VECTOR('',#5804,1000.);
#3322=VECTOR('',#5805,1000.);
#3323=VECTOR('',#5808,1000.);
#3324=VECTOR('',#5809,1000.);
#3325=VECTOR('',#5810,1000.);
#3326=VECTOR('',#5815,1000.);
#3327=VECTOR('',#5816,1000.);
#3328=VECTOR('',#5817,1000.);
#3329=VECTOR('',#5818,1000.);
#3330=VECTOR('',#5819,1000.);
#3331=VECTOR('',#5830,1000.);
#3332=VECTOR('',#5833,1000.);
#3333=VECTOR('',#5838,1000.);
#3334=VECTOR('',#5847,1000.);
#3335=VECTOR('',#5850,1000.);
#3336=VECTOR('',#5851,1000.);
#3337=VECTOR('',#5852,1000.);
#3338=VECTOR('',#5855,1000.);
#3339=VECTOR('',#5856,1000.);
#3340=VECTOR('',#5859,1000.);
#3341=VECTOR('',#5860,1000.);
#3342=VECTOR('',#5863,1000.);
#3343=VECTOR('',#5864,1000.);
#3344=VECTOR('',#5865,1000.);
#3345=VECTOR('',#5868,1000.);
#3346=VECTOR('',#5869,1000.);
#3347=VECTOR('',#5870,1000.);
#3348=VECTOR('',#5871,1000.);
#3349=VECTOR('',#5874,1000.);
#3350=VECTOR('',#5875,1000.);
#3351=VECTOR('',#5876,1000.);
#3352=VECTOR('',#5879,1000.);
#3353=VECTOR('',#5880,1000.);
#3354=VECTOR('',#5881,1000.);
#3355=VECTOR('',#5884,1000.);
#3356=VECTOR('',#5885,1000.);
#3357=VECTOR('',#5888,1000.);
#3358=VECTOR('',#5889,1000.);
#3359=VECTOR('',#5890,1000.);
#3360=VECTOR('',#5893,1000.);
#3361=VECTOR('',#5894,1000.);
#3362=VECTOR('',#5897,1000.);
#3363=VECTOR('',#5898,1000.);
#3364=VECTOR('',#5899,1000.);
#3365=VECTOR('',#5900,1000.);
#3366=VECTOR('',#5903,1000.);
#3367=VECTOR('',#5904,1000.);
#3368=VECTOR('',#5905,1000.);
#3369=VECTOR('',#5908,1000.);
#3370=VECTOR('',#5909,1000.);
#3371=VECTOR('',#5912,1000.);
#3372=VECTOR('',#5913,1000.);
#3373=VECTOR('',#5914,1000.);
#3374=VECTOR('',#5917,1000.);
#3375=VECTOR('',#5918,1000.);
#3376=VECTOR('',#5919,1000.);
#3377=VECTOR('',#5920,1000.);
#3378=VECTOR('',#5923,1000.);
#3379=VECTOR('',#5924,1000.);
#3380=VECTOR('',#5925,1000.);
#3381=VECTOR('',#5928,1000.);
#3382=VECTOR('',#5929,1000.);
#3383=VECTOR('',#5934,1000.);
#3384=VECTOR('',#5937,1000.);
#3385=VECTOR('',#5938,1000.);
#3386=VECTOR('',#5941,1000.);
#3387=VECTOR('',#5942,1000.);
#3388=VECTOR('',#5945,1000.);
#3389=VECTOR('',#5946,1000.);
#3390=VECTOR('',#5947,1000.);
#3391=VECTOR('',#5948,1000.);
#3392=VECTOR('',#5949,1000.);
#3393=VECTOR('',#5952,1000.);
#3394=VECTOR('',#5953,1000.);
#3395=VECTOR('',#5954,1000.);
#3396=VECTOR('',#5957,1000.);
#3397=VECTOR('',#5958,1000.);
#3398=VECTOR('',#5959,1000.);
#3399=VECTOR('',#5960,1000.);
#3400=VECTOR('',#5963,1000.);
#3401=VECTOR('',#5964,1000.);
#3402=VECTOR('',#5965,1000.);
#3403=VECTOR('',#5968,1000.);
#3404=VECTOR('',#5971,1000.);
#3405=VECTOR('',#5990,1000.);
#3406=VECTOR('',#5991,1000.);
#3407=VECTOR('',#5992,1000.);
#3408=VECTOR('',#5995,1000.);
#3409=VECTOR('',#5996,1000.);
#3410=VECTOR('',#5999,1000.);
#3411=VECTOR('',#6002,1000.);
#3412=VECTOR('',#6003,1000.);
#3413=VECTOR('',#6004,1000.);
#3414=VECTOR('',#6005,1000.);
#3415=VECTOR('',#6008,1000.);
#3416=VECTOR('',#6009,1000.);
#3417=VECTOR('',#6014,1000.);
#3418=VECTOR('',#6017,1000.);
#3419=VECTOR('',#6020,1000.);
#3420=VECTOR('',#6021,1000.);
#3421=VECTOR('',#6028,1000.);
#3422=VECTOR('',#6031,1000.);
#3423=VECTOR('',#6034,1000.);
#3424=VECTOR('',#6035,1000.);
#3425=VECTOR('',#6038,1000.);
#3426=VECTOR('',#6039,1000.);
#3427=VECTOR('',#6048,1000.);
#3428=VECTOR('',#6049,1000.);
#3429=VECTOR('',#6054,1000.);
#3430=VECTOR('',#6057,1000.);
#3431=VECTOR('',#6060,1000.);
#3432=VECTOR('',#6063,1000.);
#3433=VECTOR('',#6068,1000.);
#3434=VECTOR('',#6071,1000.);
#3435=VECTOR('',#6074,1000.);
#3436=VECTOR('',#6075,1000.);
#3437=VECTOR('',#6080,1000.);
#3438=VECTOR('',#6083,1000.);
#3439=VECTOR('',#6108,1000.);
#3440=VECTOR('',#6111,1000.);
#3441=VECTOR('',#6112,1000.);
#3442=VECTOR('',#6113,1000.);
#3443=VECTOR('',#6114,1000.);
#3444=VECTOR('',#6115,1000.);
#3445=VECTOR('',#6118,1000.);
#3446=VECTOR('',#6119,1000.);
#3447=VECTOR('',#6120,1000.);
#3448=VECTOR('',#6123,1000.);
#3449=VECTOR('',#6124,1000.);
#3450=VECTOR('',#6127,1000.);
#3451=VECTOR('',#6128,1000.);
#3452=VECTOR('',#6129,1000.);
#3453=VECTOR('',#6130,1000.);
#3454=VECTOR('',#6133,1000.);
#3455=VECTOR('',#6134,1000.);
#3456=VECTOR('',#6135,1000.);
#3457=VECTOR('',#6136,1000.);
#3458=VECTOR('',#6137,1000.);
#3459=VECTOR('',#6140,1000.);
#3460=VECTOR('',#6141,1000.);
#3461=VECTOR('',#6142,1000.);
#3462=VECTOR('',#6143,1000.);
#3463=VECTOR('',#6148,1000.);
#3464=VECTOR('',#6149,1000.);
#3465=VECTOR('',#6152,1000.);
#3466=VECTOR('',#6153,1000.);
#3467=VECTOR('',#6154,1000.);
#3468=VECTOR('',#6155,1000.);
#3469=VECTOR('',#6158,1000.);
#3470=VECTOR('',#6161,1000.);
#3471=VECTOR('',#6162,1000.);
#3472=VECTOR('',#6163,1000.);
#3473=VECTOR('',#6164,1000.);
#3474=VECTOR('',#6167,1000.);
#3475=VECTOR('',#6168,1000.);
#3476=VECTOR('',#6169,1000.);
#3477=VECTOR('',#6172,1000.);
#3478=VECTOR('',#6173,1000.);
#3479=VECTOR('',#6176,1000.);
#3480=VECTOR('',#6177,1000.);
#3481=VECTOR('',#6178,1000.);
#3482=VECTOR('',#6179,1000.);
#3483=VECTOR('',#6182,1000.);
#3484=VECTOR('',#6183,1000.);
#3485=VECTOR('',#6184,1000.);
#3486=VECTOR('',#6185,1000.);
#3487=VECTOR('',#6188,1000.);
#3488=VECTOR('',#6189,1000.);
#3489=VECTOR('',#6190,1000.);
#3490=VECTOR('',#6191,1000.);
#3491=VECTOR('',#6196,1000.);
#3492=VECTOR('',#6197,1000.);
#3493=VECTOR('',#6198,1000.);
#3494=VECTOR('',#6201,1000.);
#3495=VECTOR('',#6202,1000.);
#3496=VECTOR('',#6203,1000.);
#3497=VECTOR('',#6206,1000.);
#3498=VECTOR('',#6207,1000.);
#3499=VECTOR('',#6208,1000.);
#3500=VECTOR('',#6209,1000.);
#3501=VECTOR('',#6210,1000.);
#3502=VECTOR('',#6211,1000.);
#3503=VECTOR('',#6212,1000.);
#3504=VECTOR('',#6215,1000.);
#3505=VECTOR('',#6216,1000.);
#3506=VECTOR('',#6217,1000.);
#3507=VECTOR('',#6220,1000.);
#3508=VECTOR('',#6221,1000.);
#3509=VECTOR('',#6226,1000.);
#3510=VECTOR('',#6229,1000.);
#3511=VECTOR('',#6232,1000.);
#3512=VECTOR('',#6235,1000.);
#3513=VECTOR('',#6238,1000.);
#3514=VECTOR('',#6241,1000.);
#3515=VECTOR('',#6242,1000.);
#3516=VECTOR('',#6243,1000.);
#3517=VECTOR('',#6244,1000.);
#3518=VECTOR('',#6245,1000.);
#3519=VECTOR('',#6246,1000.);
#3520=VECTOR('',#6247,1000.);
#3521=VECTOR('',#6250,1000.);
#3522=VECTOR('',#6253,1000.);
#3523=VECTOR('',#6254,1000.);
#3524=VECTOR('',#6255,1000.);
#3525=VECTOR('',#6256,1000.);
#3526=VECTOR('',#6257,1000.);
#3527=VECTOR('',#6258,1000.);
#3528=VECTOR('',#6259,1000.);
#3529=VECTOR('',#6262,1000.);
#3530=VECTOR('',#6263,1000.);
#3531=VECTOR('',#6264,1000.);
#3532=VECTOR('',#6267,1000.);
#3533=VECTOR('',#6268,1000.);
#3534=VECTOR('',#6269,1000.);
#3535=VECTOR('',#6272,1000.);
#3536=VECTOR('',#6273,1000.);
#3537=VECTOR('',#6274,1000.);
#3538=VECTOR('',#6275,1000.);
#3539=VECTOR('',#6276,1000.);
#3540=VECTOR('',#6277,1000.);
#3541=VECTOR('',#6278,1000.);
#3542=VECTOR('',#6281,1000.);
#3543=VECTOR('',#6282,1000.);
#3544=VECTOR('',#6283,1000.);
#3545=VECTOR('',#6286,1000.);
#3546=VECTOR('',#6287,1000.);
#3547=VECTOR('',#6292,1000.);
#3548=VECTOR('',#6295,1000.);
#3549=VECTOR('',#6298,1000.);
#3550=VECTOR('',#6301,1000.);
#3551=VECTOR('',#6304,1000.);
#3552=VECTOR('',#6307,1000.);
#3553=VECTOR('',#6308,1000.);
#3554=VECTOR('',#6309,1000.);
#3555=VECTOR('',#6310,1000.);
#3556=VECTOR('',#6311,1000.);
#3557=VECTOR('',#6312,1000.);
#3558=VECTOR('',#6313,1000.);
#3559=VECTOR('',#6316,1000.);
#3560=VECTOR('',#6319,1000.);
#3561=VECTOR('',#6320,1000.);
#3562=VECTOR('',#6321,1000.);
#3563=VECTOR('',#6322,1000.);
#3564=VECTOR('',#6323,1000.);
#3565=VECTOR('',#6324,1000.);
#3566=VECTOR('',#6325,1000.);
#3567=VECTOR('',#6328,1000.);
#3568=VECTOR('',#6329,1000.);
#3569=VECTOR('',#6330,1000.);
#3570=VECTOR('',#6331,1000.);
#3571=VECTOR('',#6334,1000.);
#3572=VECTOR('',#6335,1000.);
#3573=VECTOR('',#6338,1000.);
#3574=VECTOR('',#6339,1000.);
#3575=VECTOR('',#6340,1000.);
#3576=VECTOR('',#6343,1000.);
#3577=VECTOR('',#6344,1000.);
#3578=VECTOR('',#6345,1000.);
#3579=VECTOR('',#6350,1000.);
#3580=VECTOR('',#6353,1000.);
#3581=VECTOR('',#6356,1000.);
#3582=VECTOR('',#6359,1000.);
#3583=VECTOR('',#6362,1000.);
#3584=VECTOR('',#6363,1000.);
#3585=VECTOR('',#6364,1000.);
#3586=VECTOR('',#6369,1000.);
#3587=VECTOR('',#6372,1000.);
#3588=VECTOR('',#6375,1000.);
#3589=VECTOR('',#6376,1000.);
#3590=VECTOR('',#6381,1000.);
#3591=VECTOR('',#6384,1000.);
#3592=VECTOR('',#6385,1000.);
#3593=VECTOR('',#6390,1000.);
#3594=VECTOR('',#6393,1000.);
#3595=VECTOR('',#6396,1000.);
#3596=VECTOR('',#6399,1000.);
#3597=VECTOR('',#6404,1000.);
#3598=VECTOR('',#6407,1000.);
#3599=VECTOR('',#6410,1000.);
#3600=VECTOR('',#6413,1000.);
#3601=VECTOR('',#6418,1000.);
#3602=VECTOR('',#6421,1000.);
#3603=VECTOR('',#6424,1000.);
#3604=VECTOR('',#6425,1000.);
#3605=VECTOR('',#6428,1000.);
#3606=VECTOR('',#6431,1000.);
#3607=VECTOR('',#6434,1000.);
#3608=VECTOR('',#6437,1000.);
#3609=VECTOR('',#6478,1000.);
#3610=VECTOR('',#6481,1000.);
#3611=VECTOR('',#6484,1000.);
#3612=VECTOR('',#6485,1000.);
#3613=VECTOR('',#6488,1000.);
#3614=VECTOR('',#6489,1000.);
#3615=VECTOR('',#6492,1000.);
#3616=VECTOR('',#6493,1000.);
#3617=VECTOR('',#6496,1000.);
#3618=VECTOR('',#6497,1000.);
#3619=VECTOR('',#6504,1000.);
#3620=VECTOR('',#6505,1000.);
#3621=VECTOR('',#6508,1000.);
#3622=VECTOR('',#6509,1000.);
#3623=VECTOR('',#6510,1000.);
#3624=VECTOR('',#6511,1000.);
#3625=VECTOR('',#6514,1000.);
#3626=VECTOR('',#6515,1000.);
#3627=VECTOR('',#6518,1000.);
#3628=VECTOR('',#6519,1000.);
#3629=VECTOR('',#6520,1000.);
#3630=VECTOR('',#6521,1000.);
#3631=VECTOR('',#6524,1000.);
#3632=VECTOR('',#6525,1000.);
#3633=VECTOR('',#6530,1000.);
#3634=VECTOR('',#6535,1000.);
#3635=VECTOR('',#6538,1000.);
#3636=VECTOR('',#6543,1000.);
#3637=VECTOR('',#6546,1000.);
#3638=VECTOR('',#6547,1000.);
#3639=VECTOR('',#6552,1000.);
#3640=VECTOR('',#6555,1000.);
#3641=VECTOR('',#6558,1000.);
#3642=VECTOR('',#6561,1000.);
#3643=VECTOR('',#6566,1000.);
#3644=VECTOR('',#6569,1000.);
#3645=VECTOR('',#6572,1000.);
#3646=VECTOR('',#6575,1000.);
#3647=VECTOR('',#6580,1000.);
#3648=VECTOR('',#6583,1000.);
#3649=VECTOR('',#6586,1000.);
#3650=VECTOR('',#6587,1000.);
#3651=VECTOR('',#6590,1000.);
#3652=VECTOR('',#6593,1000.);
#3653=VECTOR('',#6596,1000.);
#3654=VECTOR('',#6599,1000.);
#3655=VECTOR('',#6604,1000.);
#3656=VECTOR('',#6607,1000.);
#3657=VECTOR('',#6608,1000.);
#3658=VECTOR('',#6613,1000.);
#3659=VECTOR('',#6622,1000.);
#3660=VECTOR('',#6639,1000.);
#3661=VECTOR('',#6642,1000.);
#3662=VECTOR('',#6659,1000.);
#3663=VECTOR('',#6666,1000.);
#3664=VECTOR('',#6667,1000.);
#3665=VECTOR('',#6672,1000.);
#3666=VECTOR('',#6673,1000.);
#3667=VECTOR('',#6678,1000.);
#3668=VECTOR('',#6679,1000.);
#3669=VECTOR('',#6684,1000.);
#3670=VECTOR('',#6685,1000.);
#3671=VECTOR('',#6696,1000.);
#3672=VECTOR('',#6699,1000.);
#3673=VECTOR('',#6704,1000.);
#3674=VECTOR('',#6707,1000.);
#3675=VECTOR('',#6712,1000.);
#3676=VECTOR('',#6715,1000.);
#3677=VECTOR('',#6720,1000.);
#3678=VECTOR('',#6721,1000.);
#3679=VECTOR('',#6722,1000.);
#3680=VECTOR('',#6727,1000.);
#3681=VECTOR('',#6732,1000.);
#3682=VECTOR('',#6735,1000.);
#3683=VECTOR('',#6738,1000.);
#3684=VECTOR('',#6743,1000.);
#3685=VECTOR('',#6746,1000.);
#3686=VECTOR('',#6751,1000.);
#3687=VECTOR('',#6754,1000.);
#3688=VECTOR('',#6759,1000.);
#3689=VECTOR('',#6760,1000.);
#3690=VECTOR('',#6761,1000.);
#3691=VECTOR('',#6766,1000.);
#3692=VECTOR('',#6771,1000.);
#3693=VECTOR('',#6774,1000.);
#3694=VECTOR('',#6777,1000.);
#3695=VECTOR('',#6782,1000.);
#3696=VECTOR('',#6785,1000.);
#3697=EDGE_LOOP('',(#289,#290,#291,#292,#293,#294,#295));
#3698=EDGE_LOOP('',(#296,#297,#298,#299));
#3699=EDGE_LOOP('',(#300,#301,#302,#303));
#3700=EDGE_LOOP('',(#304,#305,#306,#307,#308,#309,#310));
#3701=EDGE_LOOP('',(#311,#312,#313,#314,#315,#316,#317,#318,#319,#320));
#3702=EDGE_LOOP('',(#321,#322,#323,#324,#325,#326,#327));
#3703=EDGE_LOOP('',(#328,#329,#330,#331));
#3704=EDGE_LOOP('',(#332,#333,#334,#335,#336,#337,#338));
#3705=EDGE_LOOP('',(#339,#340,#341,#342,#343,#344,#345,#346,#347,#348));
#3706=EDGE_LOOP('',(#349,#350));
#3707=EDGE_LOOP('',(#351,#352,#353,#354));
#3708=EDGE_LOOP('',(#355,#356));
#3709=EDGE_LOOP('',(#357,#358,#359,#360,#361,#362));
#3710=EDGE_LOOP('',(#363,#364,#365,#366));
#3711=EDGE_LOOP('',(#367));
#3712=EDGE_LOOP('',(#368));
#3713=EDGE_LOOP('',(#369));
#3714=EDGE_LOOP('',(#370));
#3715=EDGE_LOOP('',(#371));
#3716=EDGE_LOOP('',(#372));
#3717=EDGE_LOOP('',(#373));
#3718=EDGE_LOOP('',(#374,#375,#376,#377));
#3719=EDGE_LOOP('',(#378,#379,#380,#381));
#3720=EDGE_LOOP('',(#382,#383,#384,#385));
#3721=EDGE_LOOP('',(#386,#387,#388));
#3722=EDGE_LOOP('',(#389,#390,#391,#392));
#3723=EDGE_LOOP('',(#393,#394,#395));
#3724=EDGE_LOOP('',(#396));
#3725=EDGE_LOOP('',(#397,#398,#399,#400));
#3726=EDGE_LOOP('',(#401,#402,#403,#404,#405,#406,#407,#408,#409,#410));
#3727=EDGE_LOOP('',(#411,#412,#413,#414,#415,#416,#417,#418));
#3728=EDGE_LOOP('',(#419,#420,#421,#422,#423,#424,#425,#426,#427,#428));
#3729=EDGE_LOOP('',(#429,#430,#431,#432,#433,#434,#435,#436));
#3730=EDGE_LOOP('',(#437,#438,#439,#440,#441,#442,#443,#444,#445,#446));
#3731=EDGE_LOOP('',(#447,#448,#449,#450,#451,#452,#453,#454,#455,#456,#457));
#3732=EDGE_LOOP('',(#458,#459,#460,#461,#462,#463,#464,#465));
#3733=EDGE_LOOP('',(#466,#467,#468,#469,#470,#471,#472,#473,#474,#475));
#3734=EDGE_LOOP('',(#476,#477,#478,#479,#480,#481,#482,#483));
#3735=EDGE_LOOP('',(#484,#485,#486,#487,#488,#489,#490,#491,#492,#493,#494));
#3736=EDGE_LOOP('',(#495,#496,#497,#498,#499,#500,#501,#502,#503,#504));
#3737=EDGE_LOOP('',(#505,#506,#507,#508,#509,#510,#511,#512,#513,#514));
#3738=EDGE_LOOP('',(#515,#516,#517,#518));
#3739=EDGE_LOOP('',(#519));
#3740=EDGE_LOOP('',(#520,#521,#522,#523));
#3741=EDGE_LOOP('',(#524,#525,#526,#527));
#3742=EDGE_LOOP('',(#528,#529,#530,#531));
#3743=EDGE_LOOP('',(#532,#533,#534,#535,#536,#537));
#3744=EDGE_LOOP('',(#538,#539,#540,#541));
#3745=EDGE_LOOP('',(#542,#543,#544,#545));
#3746=EDGE_LOOP('',(#546,#547,#548,#549));
#3747=EDGE_LOOP('',(#550,#551,#552,#553));
#3748=EDGE_LOOP('',(#554,#555,#556,#557));
#3749=EDGE_LOOP('',(#558,#559,#560,#561));
#3750=EDGE_LOOP('',(#562));
#3751=EDGE_LOOP('',(#563,#564,#565,#566,#567,#568,#569,#570));
#3752=EDGE_LOOP('',(#571,#572,#573,#574));
#3753=EDGE_LOOP('',(#575,#576,#577,#578,#579,#580,#581,#582,#583,#584,#585,
#586));
#3754=EDGE_LOOP('',(#587,#588,#589,#590,#591,#592,#593,#594));
#3755=EDGE_LOOP('',(#595,#596,#597,#598));
#3756=EDGE_LOOP('',(#599,#600,#601,#602));
#3757=EDGE_LOOP('',(#603,#604,#605,#606));
#3758=EDGE_LOOP('',(#607,#608,#609,#610,#611,#612,#613,#614,#615,#616,#617,
#618));
#3759=EDGE_LOOP('',(#619,#620,#621,#622));
#3760=EDGE_LOOP('',(#623,#624,#625,#626));
#3761=EDGE_LOOP('',(#627,#628,#629,#630));
#3762=EDGE_LOOP('',(#631,#632,#633,#634,#635,#636,#637,#638,#639,#640,#641,
#642));
#3763=EDGE_LOOP('',(#643,#644,#645,#646,#647,#648,#649,#650));
#3764=EDGE_LOOP('',(#651,#652,#653,#654));
#3765=EDGE_LOOP('',(#655,#656,#657,#658));
#3766=EDGE_LOOP('',(#659,#660,#661,#662,#663,#664,#665,#666,#667,#668,#669));
#3767=EDGE_LOOP('',(#670,#671,#672,#673,#674,#675,#676,#677,#678,#679));
#3768=EDGE_LOOP('',(#680,#681,#682,#683,#684,#685,#686,#687));
#3769=EDGE_LOOP('',(#688,#689,#690,#691));
#3770=EDGE_LOOP('',(#692,#693,#694,#695,#696,#697));
#3771=EDGE_LOOP('',(#698,#699,#700,#701));
#3772=EDGE_LOOP('',(#702,#703,#704,#705,#706,#707,#708,#709,#710,#711,#712,
#713));
#3773=EDGE_LOOP('',(#714,#715,#716,#717,#718,#719,#720,#721));
#3774=EDGE_LOOP('',(#722,#723,#724,#725,#726,#727,#728,#729,#730,#731));
#3775=EDGE_LOOP('',(#732,#733,#734,#735));
#3776=EDGE_LOOP('',(#736,#737,#738,#739,#740,#741,#742,#743,#744,#745,#746));
#3777=EDGE_LOOP('',(#747,#748,#749,#750,#751));
#3778=EDGE_LOOP('',(#752,#753,#754,#755,#756));
#3779=EDGE_LOOP('',(#757,#758,#759,#760));
#3780=EDGE_LOOP('',(#761,#762,#763,#764));
#3781=EDGE_LOOP('',(#765,#766,#767,#768));
#3782=EDGE_LOOP('',(#769,#770,#771,#772,#773));
#3783=EDGE_LOOP('',(#774,#775,#776,#777));
#3784=EDGE_LOOP('',(#778,#779,#780,#781));
#3785=EDGE_LOOP('',(#782,#783,#784,#785));
#3786=EDGE_LOOP('',(#786,#787,#788,#789,#790));
#3787=EDGE_LOOP('',(#791,#792,#793,#794,#795));
#3788=EDGE_LOOP('',(#796,#797,#798,#799,#800));
#3789=EDGE_LOOP('',(#801,#802,#803,#804));
#3790=EDGE_LOOP('',(#805,#806,#807,#808));
#3791=EDGE_LOOP('',(#809,#810,#811,#812));
#3792=EDGE_LOOP('',(#813,#814,#815,#816,#817));
#3793=EDGE_LOOP('',(#818,#819,#820,#821,#822));
#3794=EDGE_LOOP('',(#823,#824,#825,#826));
#3795=EDGE_LOOP('',(#827,#828,#829,#830));
#3796=EDGE_LOOP('',(#831,#832,#833,#834));
#3797=EDGE_LOOP('',(#835,#836,#837,#838));
#3798=EDGE_LOOP('',(#839,#840,#841,#842));
#3799=EDGE_LOOP('',(#843,#844,#845,#846));
#3800=EDGE_LOOP('',(#847,#848,#849,#850));
#3801=EDGE_LOOP('',(#851,#852,#853,#854));
#3802=EDGE_LOOP('',(#855,#856,#857,#858));
#3803=EDGE_LOOP('',(#859,#860,#861,#862));
#3804=EDGE_LOOP('',(#863,#864,#865,#866));
#3805=EDGE_LOOP('',(#867,#868,#869,#870));
#3806=EDGE_LOOP('',(#871,#872,#873,#874));
#3807=EDGE_LOOP('',(#875,#876,#877,#878,#879,#880,#881,#882,#883,#884,#885,
#886,#887,#888));
#3808=EDGE_LOOP('',(#889,#890,#891,#892,#893,#894,#895,#896,#897,#898,#899,
#900,#901,#902,#903,#904));
#3809=EDGE_LOOP('',(#905,#906,#907,#908));
#3810=EDGE_LOOP('',(#909,#910,#911,#912));
#3811=EDGE_LOOP('',(#913,#914,#915,#916,#917,#918,#919,#920,#921,#922,#923,
#924,#925,#926));
#3812=EDGE_LOOP('',(#927,#928,#929,#930,#931,#932,#933,#934,#935,#936,#937,
#938,#939,#940,#941,#942));
#3813=EDGE_LOOP('',(#943,#944,#945,#946,#947,#948,#949,#950,#951,#952,#953,
#954,#955,#956,#957,#958,#959,#960,#961,#962,#963,#964,#965,#966));
#3814=EDGE_LOOP('',(#967,#968,#969,#970,#971,#972,#973,#974));
#3815=EDGE_LOOP('',(#975,#976,#977,#978,#979,#980,#981,#982,#983,#984,#985,
#986,#987,#988,#989,#990,#991,#992,#993,#994));
#3816=EDGE_LOOP('',(#995,#996,#997,#998,#999,#1000,#1001,#1002,#1003,#1004,
#1005,#1006,#1007,#1008,#1009,#1010,#1011,#1012,#1013,#1014,#1015,#1016,
#1017,#1018));
#3817=EDGE_LOOP('',(#1019,#1020,#1021,#1022,#1023,#1024,#1025,#1026));
#3818=EDGE_LOOP('',(#1027,#1028,#1029,#1030,#1031,#1032,#1033,#1034,#1035,
#1036,#1037,#1038,#1039,#1040,#1041,#1042,#1043,#1044,#1045,#1046));
#3819=EDGE_LOOP('',(#1047,#1048,#1049,#1050));
#3820=EDGE_LOOP('',(#1051,#1052,#1053,#1054));
#3821=EDGE_LOOP('',(#1055,#1056,#1057,#1058));
#3822=EDGE_LOOP('',(#1059,#1060,#1061,#1062));
#3823=EDGE_LOOP('',(#1063,#1064,#1065,#1066,#1067,#1068,#1069,#1070));
#3824=EDGE_LOOP('',(#1071,#1072,#1073,#1074));
#3825=EDGE_LOOP('',(#1075,#1076,#1077,#1078,#1079,#1080));
#3826=EDGE_LOOP('',(#1081,#1082,#1083,#1084,#1085));
#3827=EDGE_LOOP('',(#1086,#1087,#1088,#1089,#1090));
#3828=EDGE_LOOP('',(#1091,#1092,#1093,#1094,#1095,#1096));
#3829=EDGE_LOOP('',(#1097,#1098,#1099,#1100));
#3830=EDGE_LOOP('',(#1101,#1102,#1103,#1104,#1105,#1106));
#3831=EDGE_LOOP('',(#1107,#1108,#1109,#1110,#1111));
#3832=EDGE_LOOP('',(#1112,#1113,#1114,#1115));
#3833=EDGE_LOOP('',(#1116,#1117,#1118,#1119));
#3834=EDGE_LOOP('',(#1120,#1121,#1122,#1123,#1124,#1125,#1126,#1127,#1128,
#1129,#1130));
#3835=EDGE_LOOP('',(#1131,#1132,#1133,#1134,#1135,#1136,#1137,#1138,#1139,
#1140,#1141));
#3836=EDGE_LOOP('',(#1142,#1143,#1144,#1145));
#3837=EDGE_LOOP('',(#1146,#1147,#1148,#1149));
#3838=EDGE_LOOP('',(#1150,#1151,#1152,#1153,#1154));
#3839=EDGE_LOOP('',(#1155,#1156,#1157,#1158,#1159,#1160));
#3840=EDGE_LOOP('',(#1161,#1162,#1163,#1164));
#3841=EDGE_LOOP('',(#1165,#1166,#1167,#1168));
#3842=EDGE_LOOP('',(#1169,#1170,#1171,#1172));
#3843=EDGE_LOOP('',(#1173,#1174,#1175,#1176));
#3844=EDGE_LOOP('',(#1177,#1178,#1179,#1180));
#3845=EDGE_LOOP('',(#1181,#1182,#1183,#1184));
#3846=EDGE_LOOP('',(#1185,#1186,#1187,#1188));
#3847=EDGE_LOOP('',(#1189,#1190,#1191,#1192));
#3848=EDGE_LOOP('',(#1193,#1194,#1195,#1196,#1197,#1198));
#3849=EDGE_LOOP('',(#1199,#1200,#1201,#1202));
#3850=EDGE_LOOP('',(#1203,#1204,#1205,#1206));
#3851=EDGE_LOOP('',(#1207,#1208,#1209,#1210));
#3852=EDGE_LOOP('',(#1211,#1212,#1213,#1214));
#3853=EDGE_LOOP('',(#1215,#1216,#1217,#1218));
#3854=EDGE_LOOP('',(#1219,#1220,#1221,#1222,#1223,#1224));
#3855=EDGE_LOOP('',(#1225,#1226,#1227,#1228));
#3856=EDGE_LOOP('',(#1229,#1230,#1231,#1232));
#3857=EDGE_LOOP('',(#1233,#1234,#1235,#1236));
#3858=EDGE_LOOP('',(#1237,#1238,#1239,#1240));
#3859=EDGE_LOOP('',(#1241,#1242,#1243,#1244));
#3860=EDGE_LOOP('',(#1245,#1246,#1247,#1248,#1249,#1250));
#3861=EDGE_LOOP('',(#1251,#1252,#1253,#1254,#1255,#1256));
#3862=EDGE_LOOP('',(#1257,#1258,#1259,#1260,#1261));
#3863=EDGE_LOOP('',(#1262,#1263,#1264,#1265,#1266,#1267));
#3864=EDGE_LOOP('',(#1268,#1269,#1270,#1271));
#3865=EDGE_LOOP('',(#1272,#1273,#1274,#1275,#1276,#1277));
#3866=EDGE_LOOP('',(#1278,#1279,#1280,#1281,#1282));
#3867=EDGE_LOOP('',(#1283,#1284,#1285,#1286));
#3868=EDGE_LOOP('',(#1287,#1288,#1289,#1290));
#3869=EDGE_LOOP('',(#1291,#1292,#1293,#1294,#1295,#1296,#1297,#1298,#1299,
#1300,#1301));
#3870=EDGE_LOOP('',(#1302,#1303,#1304,#1305,#1306,#1307,#1308,#1309,#1310,
#1311,#1312));
#3871=EDGE_LOOP('',(#1313,#1314,#1315,#1316));
#3872=EDGE_LOOP('',(#1317,#1318,#1319,#1320));
#3873=EDGE_LOOP('',(#1321,#1322,#1323,#1324,#1325));
#3874=EDGE_LOOP('',(#1326,#1327,#1328,#1329,#1330,#1331));
#3875=EDGE_LOOP('',(#1332,#1333,#1334,#1335));
#3876=EDGE_LOOP('',(#1336,#1337,#1338,#1339,#1340,#1341));
#3877=EDGE_LOOP('',(#1342,#1343,#1344,#1345,#1346));
#3878=EDGE_LOOP('',(#1347,#1348,#1349,#1350));
#3879=EDGE_LOOP('',(#1351,#1352,#1353,#1354));
#3880=EDGE_LOOP('',(#1355,#1356,#1357,#1358));
#3881=EDGE_LOOP('',(#1359,#1360,#1361,#1362));
#3882=EDGE_LOOP('',(#1363,#1364,#1365,#1366));
#3883=EDGE_LOOP('',(#1367,#1368,#1369,#1370));
#3884=EDGE_LOOP('',(#1371,#1372,#1373,#1374));
#3885=EDGE_LOOP('',(#1375,#1376,#1377,#1378));
#3886=EDGE_LOOP('',(#1379,#1380,#1381,#1382,#1383,#1384,#1385,#1386));
#3887=EDGE_LOOP('',(#1387,#1388,#1389,#1390,#1391,#1392,#1393));
#3888=EDGE_LOOP('',(#1394,#1395,#1396,#1397,#1398,#1399,#1400));
#3889=EDGE_LOOP('',(#1401,#1402,#1403,#1404,#1405,#1406,#1407));
#3890=EDGE_LOOP('',(#1408,#1409,#1410,#1411,#1412,#1413,#1414));
#3891=EDGE_LOOP('',(#1415,#1416,#1417,#1418));
#3892=EDGE_LOOP('',(#1419,#1420,#1421,#1422));
#3893=EDGE_LOOP('',(#1423,#1424,#1425,#1426));
#3894=EDGE_LOOP('',(#1427,#1428,#1429,#1430));
#3895=EDGE_LOOP('',(#1431,#1432,#1433,#1434));
#3896=EDGE_LOOP('',(#1435,#1436,#1437,#1438));
#3897=EDGE_LOOP('',(#1439,#1440,#1441,#1442));
#3898=EDGE_LOOP('',(#1443,#1444,#1445,#1446));
#3899=EDGE_LOOP('',(#1447,#1448,#1449,#1450));
#3900=EDGE_LOOP('',(#1451,#1452,#1453,#1454));
#3901=EDGE_LOOP('',(#1455,#1456,#1457,#1458));
#3902=EDGE_LOOP('',(#1459,#1460,#1461,#1462));
#3903=EDGE_LOOP('',(#1463,#1464,#1465,#1466));
#3904=EDGE_LOOP('',(#1467,#1468,#1469,#1470,#1471,#1472));
#3905=EDGE_LOOP('',(#1473,#1474,#1475,#1476));
#3906=EDGE_LOOP('',(#1477,#1478,#1479,#1480));
#3907=EDGE_LOOP('',(#1481,#1482,#1483,#1484));
#3908=EDGE_LOOP('',(#1485,#1486,#1487,#1488));
#3909=EDGE_LOOP('',(#1489,#1490,#1491,#1492));
#3910=EDGE_LOOP('',(#1493,#1494,#1495,#1496,#1497,#1498));
#3911=EDGE_LOOP('',(#1499,#1500,#1501,#1502));
#3912=EDGE_LOOP('',(#1503,#1504,#1505,#1506));
#3913=EDGE_LOOP('',(#1507,#1508,#1509,#1510));
#3914=EDGE_LOOP('',(#1511,#1512,#1513,#1514,#1515,#1516));
#3915=EDGE_LOOP('',(#1517,#1518,#1519,#1520));
#3916=EDGE_LOOP('',(#1521,#1522,#1523,#1524));
#3917=EDGE_LOOP('',(#1525,#1526,#1527,#1528));
#3918=EDGE_LOOP('',(#1529,#1530,#1531,#1532));
#3919=EDGE_LOOP('',(#1533,#1534,#1535,#1536));
#3920=EDGE_LOOP('',(#1537,#1538,#1539,#1540,#1541,#1542));
#3921=EDGE_LOOP('',(#1543,#1544,#1545,#1546,#1547,#1548));
#3922=EDGE_LOOP('',(#1549,#1550,#1551,#1552,#1553,#1554));
#3923=EDGE_LOOP('',(#1555,#1556,#1557,#1558,#1559,#1560));
#3924=EDGE_LOOP('',(#1561,#1562,#1563,#1564,#1565,#1566));
#3925=EDGE_LOOP('',(#1567,#1568,#1569,#1570));
#3926=EDGE_LOOP('',(#1571,#1572,#1573,#1574));
#3927=EDGE_LOOP('',(#1575,#1576,#1577,#1578));
#3928=EDGE_LOOP('',(#1579,#1580,#1581,#1582));
#3929=EDGE_LOOP('',(#1583,#1584,#1585,#1586));
#3930=EDGE_LOOP('',(#1587,#1588,#1589,#1590));
#3931=EDGE_LOOP('',(#1591,#1592,#1593,#1594));
#3932=EDGE_LOOP('',(#1595,#1596,#1597,#1598));
#3933=EDGE_LOOP('',(#1599,#1600,#1601,#1602,#1603,#1604));
#3934=EDGE_LOOP('',(#1605,#1606,#1607,#1608,#1609,#1610));
#3935=EDGE_LOOP('',(#1611,#1612,#1613,#1614,#1615,#1616));
#3936=EDGE_LOOP('',(#1617,#1618,#1619,#1620,#1621,#1622));
#3937=FACE_BOUND('',#3697,.T.);
#3938=FACE_BOUND('',#3698,.T.);
#3939=FACE_BOUND('',#3699,.T.);
#3940=FACE_BOUND('',#3700,.T.);
#3941=FACE_BOUND('',#3701,.T.);
#3942=FACE_BOUND('',#3702,.T.);
#3943=FACE_BOUND('',#3703,.T.);
#3944=FACE_BOUND('',#3704,.T.);
#3945=FACE_BOUND('',#3705,.T.);
#3946=FACE_BOUND('',#3706,.T.);
#3947=FACE_BOUND('',#3707,.T.);
#3948=FACE_BOUND('',#3708,.T.);
#3949=FACE_BOUND('',#3709,.T.);
#3950=FACE_BOUND('',#3710,.T.);
#3951=FACE_BOUND('',#3711,.T.);
#3952=FACE_BOUND('',#3712,.T.);
#3953=FACE_BOUND('',#3713,.T.);
#3954=FACE_BOUND('',#3714,.T.);
#3955=FACE_BOUND('',#3715,.T.);
#3956=FACE_BOUND('',#3716,.T.);
#3957=FACE_BOUND('',#3717,.T.);
#3958=FACE_BOUND('',#3718,.T.);
#3959=FACE_BOUND('',#3719,.T.);
#3960=FACE_BOUND('',#3720,.T.);
#3961=FACE_BOUND('',#3721,.T.);
#3962=FACE_BOUND('',#3722,.T.);
#3963=FACE_BOUND('',#3723,.T.);
#3964=FACE_BOUND('',#3724,.T.);
#3965=FACE_BOUND('',#3725,.T.);
#3966=FACE_BOUND('',#3726,.T.);
#3967=FACE_BOUND('',#3727,.T.);
#3968=FACE_BOUND('',#3728,.T.);
#3969=FACE_BOUND('',#3729,.T.);
#3970=FACE_BOUND('',#3730,.T.);
#3971=FACE_BOUND('',#3731,.T.);
#3972=FACE_BOUND('',#3732,.T.);
#3973=FACE_BOUND('',#3733,.T.);
#3974=FACE_BOUND('',#3734,.T.);
#3975=FACE_BOUND('',#3735,.T.);
#3976=FACE_BOUND('',#3736,.T.);
#3977=FACE_BOUND('',#3737,.T.);
#3978=FACE_BOUND('',#3738,.T.);
#3979=FACE_BOUND('',#3739,.T.);
#3980=FACE_BOUND('',#3740,.T.);
#3981=FACE_BOUND('',#3741,.T.);
#3982=FACE_BOUND('',#3742,.T.);
#3983=FACE_BOUND('',#3743,.T.);
#3984=FACE_BOUND('',#3744,.T.);
#3985=FACE_BOUND('',#3745,.T.);
#3986=FACE_BOUND('',#3746,.T.);
#3987=FACE_BOUND('',#3747,.T.);
#3988=FACE_BOUND('',#3748,.T.);
#3989=FACE_BOUND('',#3749,.T.);
#3990=FACE_BOUND('',#3750,.T.);
#3991=FACE_BOUND('',#3751,.T.);
#3992=FACE_BOUND('',#3752,.T.);
#3993=FACE_BOUND('',#3753,.T.);
#3994=FACE_BOUND('',#3754,.T.);
#3995=FACE_BOUND('',#3755,.T.);
#3996=FACE_BOUND('',#3756,.T.);
#3997=FACE_BOUND('',#3757,.T.);
#3998=FACE_BOUND('',#3758,.T.);
#3999=FACE_BOUND('',#3759,.T.);
#4000=FACE_BOUND('',#3760,.T.);
#4001=FACE_BOUND('',#3761,.T.);
#4002=FACE_BOUND('',#3762,.T.);
#4003=FACE_BOUND('',#3763,.T.);
#4004=FACE_BOUND('',#3764,.T.);
#4005=FACE_BOUND('',#3765,.T.);
#4006=FACE_BOUND('',#3766,.T.);
#4007=FACE_BOUND('',#3767,.T.);
#4008=FACE_BOUND('',#3768,.T.);
#4009=FACE_BOUND('',#3769,.T.);
#4010=FACE_BOUND('',#3770,.T.);
#4011=FACE_BOUND('',#3771,.T.);
#4012=FACE_BOUND('',#3772,.T.);
#4013=FACE_BOUND('',#3773,.T.);
#4014=FACE_BOUND('',#3774,.T.);
#4015=FACE_BOUND('',#3775,.T.);
#4016=FACE_BOUND('',#3776,.T.);
#4017=FACE_BOUND('',#3777,.T.);
#4018=FACE_BOUND('',#3778,.T.);
#4019=FACE_BOUND('',#3779,.T.);
#4020=FACE_BOUND('',#3780,.T.);
#4021=FACE_BOUND('',#3781,.T.);
#4022=FACE_BOUND('',#3782,.T.);
#4023=FACE_BOUND('',#3783,.T.);
#4024=FACE_BOUND('',#3784,.T.);
#4025=FACE_BOUND('',#3785,.T.);
#4026=FACE_BOUND('',#3786,.T.);
#4027=FACE_BOUND('',#3787,.T.);
#4028=FACE_BOUND('',#3788,.T.);
#4029=FACE_BOUND('',#3789,.T.);
#4030=FACE_BOUND('',#3790,.T.);
#4031=FACE_BOUND('',#3791,.T.);
#4032=FACE_BOUND('',#3792,.T.);
#4033=FACE_BOUND('',#3793,.T.);
#4034=FACE_BOUND('',#3794,.T.);
#4035=FACE_BOUND('',#3795,.T.);
#4036=FACE_BOUND('',#3796,.T.);
#4037=FACE_BOUND('',#3797,.T.);
#4038=FACE_BOUND('',#3798,.T.);
#4039=FACE_BOUND('',#3799,.T.);
#4040=FACE_BOUND('',#3800,.T.);
#4041=FACE_BOUND('',#3801,.T.);
#4042=FACE_BOUND('',#3802,.T.);
#4043=FACE_BOUND('',#3803,.T.);
#4044=FACE_BOUND('',#3804,.T.);
#4045=FACE_BOUND('',#3805,.T.);
#4046=FACE_BOUND('',#3806,.T.);
#4047=FACE_BOUND('',#3807,.T.);
#4048=FACE_BOUND('',#3808,.T.);
#4049=FACE_BOUND('',#3809,.T.);
#4050=FACE_BOUND('',#3810,.T.);
#4051=FACE_BOUND('',#3811,.T.);
#4052=FACE_BOUND('',#3812,.T.);
#4053=FACE_BOUND('',#3813,.T.);
#4054=FACE_BOUND('',#3814,.T.);
#4055=FACE_BOUND('',#3815,.T.);
#4056=FACE_BOUND('',#3816,.T.);
#4057=FACE_BOUND('',#3817,.T.);
#4058=FACE_BOUND('',#3818,.T.);
#4059=FACE_BOUND('',#3819,.T.);
#4060=FACE_BOUND('',#3820,.T.);
#4061=FACE_BOUND('',#3821,.T.);
#4062=FACE_BOUND('',#3822,.T.);
#4063=FACE_BOUND('',#3823,.T.);
#4064=FACE_BOUND('',#3824,.T.);
#4065=FACE_BOUND('',#3825,.T.);
#4066=FACE_BOUND('',#3826,.T.);
#4067=FACE_BOUND('',#3827,.T.);
#4068=FACE_BOUND('',#3828,.T.);
#4069=FACE_BOUND('',#3829,.T.);
#4070=FACE_BOUND('',#3830,.T.);
#4071=FACE_BOUND('',#3831,.T.);
#4072=FACE_BOUND('',#3832,.T.);
#4073=FACE_BOUND('',#3833,.T.);
#4074=FACE_BOUND('',#3834,.T.);
#4075=FACE_BOUND('',#3835,.T.);
#4076=FACE_BOUND('',#3836,.T.);
#4077=FACE_BOUND('',#3837,.T.);
#4078=FACE_BOUND('',#3838,.T.);
#4079=FACE_BOUND('',#3839,.T.);
#4080=FACE_BOUND('',#3840,.T.);
#4081=FACE_BOUND('',#3841,.T.);
#4082=FACE_BOUND('',#3842,.T.);
#4083=FACE_BOUND('',#3843,.T.);
#4084=FACE_BOUND('',#3844,.T.);
#4085=FACE_BOUND('',#3845,.T.);
#4086=FACE_BOUND('',#3846,.T.);
#4087=FACE_BOUND('',#3847,.T.);
#4088=FACE_BOUND('',#3848,.T.);
#4089=FACE_BOUND('',#3849,.T.);
#4090=FACE_BOUND('',#3850,.T.);
#4091=FACE_BOUND('',#3851,.T.);
#4092=FACE_BOUND('',#3852,.T.);
#4093=FACE_BOUND('',#3853,.T.);
#4094=FACE_BOUND('',#3854,.T.);
#4095=FACE_BOUND('',#3855,.T.);
#4096=FACE_BOUND('',#3856,.T.);
#4097=FACE_BOUND('',#3857,.T.);
#4098=FACE_BOUND('',#3858,.T.);
#4099=FACE_BOUND('',#3859,.T.);
#4100=FACE_BOUND('',#3860,.T.);
#4101=FACE_BOUND('',#3861,.T.);
#4102=FACE_BOUND('',#3862,.T.);
#4103=FACE_BOUND('',#3863,.T.);
#4104=FACE_BOUND('',#3864,.T.);
#4105=FACE_BOUND('',#3865,.T.);
#4106=FACE_BOUND('',#3866,.T.);
#4107=FACE_BOUND('',#3867,.T.);
#4108=FACE_BOUND('',#3868,.T.);
#4109=FACE_BOUND('',#3869,.T.);
#4110=FACE_BOUND('',#3870,.T.);
#4111=FACE_BOUND('',#3871,.T.);
#4112=FACE_BOUND('',#3872,.T.);
#4113=FACE_BOUND('',#3873,.T.);
#4114=FACE_BOUND('',#3874,.T.);
#4115=FACE_BOUND('',#3875,.T.);
#4116=FACE_BOUND('',#3876,.T.);
#4117=FACE_BOUND('',#3877,.T.);
#4118=FACE_BOUND('',#3878,.T.);
#4119=FACE_BOUND('',#3879,.T.);
#4120=FACE_BOUND('',#3880,.T.);
#4121=FACE_BOUND('',#3881,.T.);
#4122=FACE_BOUND('',#3882,.T.);
#4123=FACE_BOUND('',#3883,.T.);
#4124=FACE_BOUND('',#3884,.T.);
#4125=FACE_BOUND('',#3885,.T.);
#4126=FACE_BOUND('',#3886,.T.);
#4127=FACE_BOUND('',#3887,.T.);
#4128=FACE_BOUND('',#3888,.T.);
#4129=FACE_BOUND('',#3889,.T.);
#4130=FACE_BOUND('',#3890,.T.);
#4131=FACE_BOUND('',#3891,.T.);
#4132=FACE_BOUND('',#3892,.T.);
#4133=FACE_BOUND('',#3893,.T.);
#4134=FACE_BOUND('',#3894,.T.);
#4135=FACE_BOUND('',#3895,.T.);
#4136=FACE_BOUND('',#3896,.T.);
#4137=FACE_BOUND('',#3897,.T.);
#4138=FACE_BOUND('',#3898,.T.);
#4139=FACE_BOUND('',#3899,.T.);
#4140=FACE_BOUND('',#3900,.T.);
#4141=FACE_BOUND('',#3901,.T.);
#4142=FACE_BOUND('',#3902,.T.);
#4143=FACE_BOUND('',#3903,.T.);
#4144=FACE_BOUND('',#3904,.T.);
#4145=FACE_BOUND('',#3905,.T.);
#4146=FACE_BOUND('',#3906,.T.);
#4147=FACE_BOUND('',#3907,.T.);
#4148=FACE_BOUND('',#3908,.T.);
#4149=FACE_BOUND('',#3909,.T.);
#4150=FACE_BOUND('',#3910,.T.);
#4151=FACE_BOUND('',#3911,.T.);
#4152=FACE_BOUND('',#3912,.T.);
#4153=FACE_BOUND('',#3913,.T.);
#4154=FACE_BOUND('',#3914,.T.);
#4155=FACE_BOUND('',#3915,.T.);
#4156=FACE_BOUND('',#3916,.T.);
#4157=FACE_BOUND('',#3917,.T.);
#4158=FACE_BOUND('',#3918,.T.);
#4159=FACE_BOUND('',#3919,.T.);
#4160=FACE_BOUND('',#3920,.T.);
#4161=FACE_BOUND('',#3921,.T.);
#4162=FACE_BOUND('',#3922,.T.);
#4163=FACE_BOUND('',#3923,.T.);
#4164=FACE_BOUND('',#3924,.T.);
#4165=FACE_BOUND('',#3925,.T.);
#4166=FACE_BOUND('',#3926,.T.);
#4167=FACE_BOUND('',#3927,.T.);
#4168=FACE_BOUND('',#3928,.T.);
#4169=FACE_BOUND('',#3929,.T.);
#4170=FACE_BOUND('',#3930,.T.);
#4171=FACE_BOUND('',#3931,.T.);
#4172=FACE_BOUND('',#3932,.T.);
#4173=FACE_BOUND('',#3933,.T.);
#4174=FACE_BOUND('',#3934,.T.);
#4175=FACE_BOUND('',#3935,.T.);
#4176=FACE_BOUND('',#3936,.T.);
#4177=PLANE('',#5254);
#4178=PLANE('',#5255);
#4179=PLANE('',#5258);
#4180=PLANE('',#5259);
#4181=PLANE('',#5262);
#4182=PLANE('',#5266);
#4183=PLANE('',#5268);
#4184=PLANE('',#5271);
#4185=PLANE('',#5275);
#4186=PLANE('',#5277);
#4187=PLANE('',#5278);
#4188=PLANE('',#5279);
#4189=PLANE('',#5280);
#4190=PLANE('',#5285);
#4191=PLANE('',#5288);
#4192=PLANE('',#5289);
#4193=PLANE('',#5293);
#4194=PLANE('',#5295);
#4195=PLANE('',#5299);
#4196=PLANE('',#5312);
#4197=PLANE('',#5313);
#4198=PLANE('',#5314);
#4199=PLANE('',#5315);
#4200=PLANE('',#5316);
#4201=PLANE('',#5317);
#4202=PLANE('',#5318);
#4203=PLANE('',#5319);
#4204=PLANE('',#5321);
#4205=PLANE('',#5322);
#4206=PLANE('',#5323);
#4207=PLANE('',#5324);
#4208=PLANE('',#5325);
#4209=PLANE('',#5326);
#4210=PLANE('',#5327);
#4211=PLANE('',#5328);
#4212=PLANE('',#5331);
#4213=PLANE('',#5332);
#4214=PLANE('',#5333);
#4215=PLANE('',#5334);
#4216=PLANE('',#5335);
#4217=PLANE('',#5338);
#4218=PLANE('',#5342);
#4219=PLANE('',#5346);
#4220=PLANE('',#5347);
#4221=PLANE('',#5350);
#4222=PLANE('',#5351);
#4223=PLANE('',#5353);
#4224=PLANE('',#5355);
#4225=PLANE('',#5357);
#4226=PLANE('',#5358);
#4227=PLANE('',#5360);
#4228=PLANE('',#5361);
#4229=PLANE('',#5364);
#4230=PLANE('',#5365);
#4231=PLANE('',#5367);
#4232=PLANE('',#5370);
#4233=PLANE('',#5371);
#4234=PLANE('',#5372);
#4235=PLANE('',#5374);
#4236=PLANE('',#5376);
#4237=PLANE('',#5377);
#4238=PLANE('',#5379);
#4239=PLANE('',#5380);
#4240=PLANE('',#5381);
#4241=PLANE('',#5382);
#4242=PLANE('',#5383);
#4243=PLANE('',#5384);
#4244=PLANE('',#5385);
#4245=PLANE('',#5386);
#4246=PLANE('',#5387);
#4247=PLANE('',#5388);
#4248=PLANE('',#5389);
#4249=PLANE('',#5393);
#4250=PLANE('',#5397);
#4251=PLANE('',#5398);
#4252=PLANE('',#5399);
#4253=PLANE('',#5403);
#4254=PLANE('',#5407);
#4255=PLANE('',#5412);
#4256=PLANE('',#5421);
#4257=PLANE('',#5426);
#4258=PLANE('',#5435);
#4259=PLANE('',#5436);
#4260=PLANE('',#5437);
#4261=PLANE('',#5438);
#4262=PLANE('',#5439);
#4263=PLANE('',#5444);
#4264=PLANE('',#5445);
#4265=PLANE('',#5449);
#4266=PLANE('',#5451);
#4267=PLANE('',#5452);
#4268=PLANE('',#5455);
#4269=PLANE('',#5456);
#4270=PLANE('',#5457);
#4271=PLANE('',#5462);
#4272=PLANE('',#5467);
#4273=PLANE('',#5468);
#4274=PLANE('',#5470);
#4275=PLANE('',#5488);
#4276=PLANE('',#5490);
#4277=PLANE('',#5491);
#4278=PLANE('',#5492);
#4279=PLANE('',#5493);
#4280=PLANE('',#5494);
#4281=PLANE('',#5495);
#4282=PLANE('',#5497);
#4283=PLANE('',#5498);
#4284=PLANE('',#5499);
#4285=PLANE('',#5500);
#4286=PLANE('',#5501);
#4287=PLANE('',#5502);
#4288=PLANE('',#5504);
#4289=PLANE('',#5507);
#4290=PLANE('',#5509);
#4291=PLANE('',#5510);
#4292=PLANE('',#5513);
#4293=PLANE('',#5514);
#4294=PLANE('',#5515);
#4295=PLANE('',#5520);
#4296=PLANE('',#5525);
#4297=PLANE('',#5526);
#4298=PLANE('',#5528);
#4299=PLANE('',#5530);
#4300=PLANE('',#5531);
#4301=PLANE('',#5554);
#4302=PLANE('',#5555);
#4303=PLANE('',#5557);
#4304=PLANE('',#5559);
#4305=PLANE('',#5561);
#4306=PLANE('',#5563);
#4307=PLANE('',#5564);
#4308=PLANE('',#5567);
#4309=PLANE('',#5568);
#4310=PLANE('',#5569);
#4311=PLANE('',#5570);
#4312=PLANE('',#5571);
#4313=PLANE('',#5572);
#4314=PLANE('',#5573);
#4315=PLANE('',#5576);
#4316=PLANE('',#5577);
#4317=PLANE('',#5581);
#4318=PLANE('',#5583);
#4319=PLANE('',#5585);
#4320=PLANE('',#5587);
#4321=PLANE('',#5590);
#4322=PLANE('',#5591);
#4323=PLANE('',#5595);
#4324=PLANE('',#5597);
#4325=PLANE('',#5599);
#4326=STYLED_ITEM('',(#4425),#5021);
#4327=STYLED_ITEM('',(#4426),#5022);
#4328=STYLED_ITEM('',(#4427),#5023);
#4329=STYLED_ITEM('',(#4428),#5024);
#4330=STYLED_ITEM('',(#4429),#5025);
#4331=STYLED_ITEM('',(#4430),#5026);
#4332=STYLED_ITEM('',(#4431),#5027);
#4333=STYLED_ITEM('',(#4432),#5028);
#4334=STYLED_ITEM('',(#4433),#5029);
#4335=STYLED_ITEM('',(#4434),#5030);
#4336=STYLED_ITEM('',(#4435),#5031);
#4337=STYLED_ITEM('',(#4436),#5032);
#4338=STYLED_ITEM('',(#4437),#5033);
#4339=STYLED_ITEM('',(#4438),#5034);
#4340=STYLED_ITEM('',(#4439),#5035);
#4341=STYLED_ITEM('',(#4440),#5036);
#4342=STYLED_ITEM('',(#4441),#5037);
#4343=STYLED_ITEM('',(#4442),#5038);
#4344=STYLED_ITEM('',(#4443),#5039);
#4345=STYLED_ITEM('',(#4444),#5040);
#4346=STYLED_ITEM('',(#4445),#5041);
#4347=STYLED_ITEM('',(#4446),#5042);
#4348=STYLED_ITEM('',(#4447),#5043);
#4349=STYLED_ITEM('',(#4448),#5044);
#4350=STYLED_ITEM('',(#4449),#5045);
#4351=STYLED_ITEM('',(#4450),#5046);
#4352=STYLED_ITEM('',(#4451),#5047);
#4353=STYLED_ITEM('',(#4452),#5048);
#4354=STYLED_ITEM('',(#4453),#5049);
#4355=STYLED_ITEM('',(#4454),#5050);
#4356=STYLED_ITEM('',(#4455),#5051);
#4357=STYLED_ITEM('',(#4456),#5052);
#4358=STYLED_ITEM('',(#4457),#5053);
#4359=STYLED_ITEM('',(#4458),#5054);
#4360=STYLED_ITEM('',(#4459),#5055);
#4361=STYLED_ITEM('',(#4460),#5056);
#4362=STYLED_ITEM('',(#4461),#5057);
#4363=STYLED_ITEM('',(#4462),#5058);
#4364=STYLED_ITEM('',(#4463),#5059);
#4365=STYLED_ITEM('',(#4464),#5060);
#4366=STYLED_ITEM('',(#4465),#5061);
#4367=STYLED_ITEM('',(#4466),#5062);
#4368=STYLED_ITEM('',(#4467),#5063);
#4369=STYLED_ITEM('',(#4468),#5064);
#4370=STYLED_ITEM('',(#4469),#5065);
#4371=STYLED_ITEM('',(#4470),#5066);
#4372=STYLED_ITEM('',(#4471),#5067);
#4373=STYLED_ITEM('',(#4472),#5068);
#4374=STYLED_ITEM('',(#4473),#5069);
#4375=STYLED_ITEM('',(#4474),#5070);
#4376=STYLED_ITEM('',(#4475),#5071);
#4377=STYLED_ITEM('',(#4476),#5072);
#4378=STYLED_ITEM('',(#4477),#5073);
#4379=STYLED_ITEM('',(#4478),#5074);
#4380=STYLED_ITEM('',(#4479),#5075);
#4381=STYLED_ITEM('',(#4480),#5076);
#4382=STYLED_ITEM('',(#4481),#5077);
#4383=STYLED_ITEM('',(#4482),#5078);
#4384=STYLED_ITEM('',(#4483),#5079);
#4385=STYLED_ITEM('',(#4484),#5080);
#4386=STYLED_ITEM('',(#4485),#5081);
#4387=STYLED_ITEM('',(#4486),#5082);
#4388=STYLED_ITEM('',(#4487),#5083);
#4389=STYLED_ITEM('',(#4488),#5084);
#4390=STYLED_ITEM('',(#4489),#5085);
#4391=STYLED_ITEM('',(#4490),#5086);
#4392=STYLED_ITEM('',(#4491),#5087);
#4393=STYLED_ITEM('',(#4492),#5088);
#4394=STYLED_ITEM('',(#4493),#5089);
#4395=STYLED_ITEM('',(#4494),#5090);
#4396=STYLED_ITEM('',(#4495),#5091);
#4397=STYLED_ITEM('',(#4496),#5092);
#4398=STYLED_ITEM('',(#4497),#5093);
#4399=STYLED_ITEM('',(#4498),#5094);
#4400=STYLED_ITEM('',(#4499),#5095);
#4401=STYLED_ITEM('',(#4500),#5096);
#4402=STYLED_ITEM('',(#4501),#5097);
#4403=STYLED_ITEM('',(#4502),#5098);
#4404=STYLED_ITEM('',(#4503),#5099);
#4405=STYLED_ITEM('',(#4504),#5100);
#4406=STYLED_ITEM('',(#4505),#5101);
#4407=STYLED_ITEM('',(#4506),#5102);
#4408=STYLED_ITEM('',(#4507),#5103);
#4409=STYLED_ITEM('',(#4508),#5104);
#4410=STYLED_ITEM('',(#4509),#5105);
#4411=STYLED_ITEM('',(#4510),#5106);
#4412=STYLED_ITEM('',(#4511),#5107);
#4413=STYLED_ITEM('',(#4512),#5108);
#4414=STYLED_ITEM('',(#4513),#5109);
#4415=STYLED_ITEM('',(#4514),#5110);
#4416=STYLED_ITEM('',(#4515),#5111);
#4417=STYLED_ITEM('',(#4516),#5112);
#4418=STYLED_ITEM('',(#4517),#5113);
#4419=STYLED_ITEM('',(#4518),#5114);
#4420=STYLED_ITEM('',(#4519),#5115);
#4421=STYLED_ITEM('',(#4520),#5116);
#4422=STYLED_ITEM('',(#4521),#5117);
#4423=STYLED_ITEM('',(#4522),#5118);
#4424=STYLED_ITEM('',(#4523),#5250);
#4425=PRESENTATION_STYLE_ASSIGNMENT((#4524));
#4426=PRESENTATION_STYLE_ASSIGNMENT((#4525));
#4427=PRESENTATION_STYLE_ASSIGNMENT((#4526));
#4428=PRESENTATION_STYLE_ASSIGNMENT((#4527));
#4429=PRESENTATION_STYLE_ASSIGNMENT((#4528));
#4430=PRESENTATION_STYLE_ASSIGNMENT((#4529));
#4431=PRESENTATION_STYLE_ASSIGNMENT((#4530));
#4432=PRESENTATION_STYLE_ASSIGNMENT((#4531));
#4433=PRESENTATION_STYLE_ASSIGNMENT((#4532));
#4434=PRESENTATION_STYLE_ASSIGNMENT((#4533));
#4435=PRESENTATION_STYLE_ASSIGNMENT((#4534));
#4436=PRESENTATION_STYLE_ASSIGNMENT((#4535));
#4437=PRESENTATION_STYLE_ASSIGNMENT((#4536));
#4438=PRESENTATION_STYLE_ASSIGNMENT((#4537));
#4439=PRESENTATION_STYLE_ASSIGNMENT((#4538));
#4440=PRESENTATION_STYLE_ASSIGNMENT((#4539));
#4441=PRESENTATION_STYLE_ASSIGNMENT((#4540));
#4442=PRESENTATION_STYLE_ASSIGNMENT((#4541));
#4443=PRESENTATION_STYLE_ASSIGNMENT((#4542));
#4444=PRESENTATION_STYLE_ASSIGNMENT((#4543));
#4445=PRESENTATION_STYLE_ASSIGNMENT((#4544));
#4446=PRESENTATION_STYLE_ASSIGNMENT((#4545));
#4447=PRESENTATION_STYLE_ASSIGNMENT((#4546));
#4448=PRESENTATION_STYLE_ASSIGNMENT((#4547));
#4449=PRESENTATION_STYLE_ASSIGNMENT((#4548));
#4450=PRESENTATION_STYLE_ASSIGNMENT((#4549));
#4451=PRESENTATION_STYLE_ASSIGNMENT((#4550));
#4452=PRESENTATION_STYLE_ASSIGNMENT((#4551));
#4453=PRESENTATION_STYLE_ASSIGNMENT((#4552));
#4454=PRESENTATION_STYLE_ASSIGNMENT((#4553));
#4455=PRESENTATION_STYLE_ASSIGNMENT((#4554));
#4456=PRESENTATION_STYLE_ASSIGNMENT((#4555));
#4457=PRESENTATION_STYLE_ASSIGNMENT((#4556));
#4458=PRESENTATION_STYLE_ASSIGNMENT((#4557));
#4459=PRESENTATION_STYLE_ASSIGNMENT((#4558));
#4460=PRESENTATION_STYLE_ASSIGNMENT((#4559));
#4461=PRESENTATION_STYLE_ASSIGNMENT((#4560));
#4462=PRESENTATION_STYLE_ASSIGNMENT((#4561));
#4463=PRESENTATION_STYLE_ASSIGNMENT((#4562));
#4464=PRESENTATION_STYLE_ASSIGNMENT((#4563));
#4465=PRESENTATION_STYLE_ASSIGNMENT((#4564));
#4466=PRESENTATION_STYLE_ASSIGNMENT((#4565));
#4467=PRESENTATION_STYLE_ASSIGNMENT((#4566));
#4468=PRESENTATION_STYLE_ASSIGNMENT((#4567));
#4469=PRESENTATION_STYLE_ASSIGNMENT((#4568));
#4470=PRESENTATION_STYLE_ASSIGNMENT((#4569));
#4471=PRESENTATION_STYLE_ASSIGNMENT((#4570));
#4472=PRESENTATION_STYLE_ASSIGNMENT((#4571));
#4473=PRESENTATION_STYLE_ASSIGNMENT((#4572));
#4474=PRESENTATION_STYLE_ASSIGNMENT((#4573));
#4475=PRESENTATION_STYLE_ASSIGNMENT((#4574));
#4476=PRESENTATION_STYLE_ASSIGNMENT((#4575));
#4477=PRESENTATION_STYLE_ASSIGNMENT((#4576));
#4478=PRESENTATION_STYLE_ASSIGNMENT((#4577));
#4479=PRESENTATION_STYLE_ASSIGNMENT((#4578));
#4480=PRESENTATION_STYLE_ASSIGNMENT((#4579));
#4481=PRESENTATION_STYLE_ASSIGNMENT((#4580));
#4482=PRESENTATION_STYLE_ASSIGNMENT((#4581));
#4483=PRESENTATION_STYLE_ASSIGNMENT((#4582));
#4484=PRESENTATION_STYLE_ASSIGNMENT((#4583));
#4485=PRESENTATION_STYLE_ASSIGNMENT((#4584));
#4486=PRESENTATION_STYLE_ASSIGNMENT((#4585));
#4487=PRESENTATION_STYLE_ASSIGNMENT((#4586));
#4488=PRESENTATION_STYLE_ASSIGNMENT((#4587));
#4489=PRESENTATION_STYLE_ASSIGNMENT((#4588));
#4490=PRESENTATION_STYLE_ASSIGNMENT((#4589));
#4491=PRESENTATION_STYLE_ASSIGNMENT((#4590));
#4492=PRESENTATION_STYLE_ASSIGNMENT((#4591));
#4493=PRESENTATION_STYLE_ASSIGNMENT((#4592));
#4494=PRESENTATION_STYLE_ASSIGNMENT((#4593));
#4495=PRESENTATION_STYLE_ASSIGNMENT((#4594));
#4496=PRESENTATION_STYLE_ASSIGNMENT((#4595));
#4497=PRESENTATION_STYLE_ASSIGNMENT((#4596));
#4498=PRESENTATION_STYLE_ASSIGNMENT((#4597));
#4499=PRESENTATION_STYLE_ASSIGNMENT((#4598));
#4500=PRESENTATION_STYLE_ASSIGNMENT((#4599));
#4501=PRESENTATION_STYLE_ASSIGNMENT((#4600));
#4502=PRESENTATION_STYLE_ASSIGNMENT((#4601));
#4503=PRESENTATION_STYLE_ASSIGNMENT((#4602));
#4504=PRESENTATION_STYLE_ASSIGNMENT((#4603));
#4505=PRESENTATION_STYLE_ASSIGNMENT((#4604));
#4506=PRESENTATION_STYLE_ASSIGNMENT((#4605));
#4507=PRESENTATION_STYLE_ASSIGNMENT((#4606));
#4508=PRESENTATION_STYLE_ASSIGNMENT((#4607));
#4509=PRESENTATION_STYLE_ASSIGNMENT((#4608));
#4510=PRESENTATION_STYLE_ASSIGNMENT((#4609));
#4511=PRESENTATION_STYLE_ASSIGNMENT((#4610));
#4512=PRESENTATION_STYLE_ASSIGNMENT((#4611));
#4513=PRESENTATION_STYLE_ASSIGNMENT((#4612));
#4514=PRESENTATION_STYLE_ASSIGNMENT((#4613));
#4515=PRESENTATION_STYLE_ASSIGNMENT((#4614));
#4516=PRESENTATION_STYLE_ASSIGNMENT((#4615));
#4517=PRESENTATION_STYLE_ASSIGNMENT((#4616));
#4518=PRESENTATION_STYLE_ASSIGNMENT((#4617));
#4519=PRESENTATION_STYLE_ASSIGNMENT((#4618));
#4520=PRESENTATION_STYLE_ASSIGNMENT((#4619));
#4521=PRESENTATION_STYLE_ASSIGNMENT((#4620));
#4522=PRESENTATION_STYLE_ASSIGNMENT((#4621));
#4523=PRESENTATION_STYLE_ASSIGNMENT((#4622));
#4524=SURFACE_STYLE_USAGE(.BOTH.,#4623);
#4525=SURFACE_STYLE_USAGE(.BOTH.,#4624);
#4526=SURFACE_STYLE_USAGE(.BOTH.,#4625);
#4527=SURFACE_STYLE_USAGE(.BOTH.,#4626);
#4528=SURFACE_STYLE_USAGE(.BOTH.,#4627);
#4529=SURFACE_STYLE_USAGE(.BOTH.,#4628);
#4530=SURFACE_STYLE_USAGE(.BOTH.,#4629);
#4531=SURFACE_STYLE_USAGE(.BOTH.,#4630);
#4532=SURFACE_STYLE_USAGE(.BOTH.,#4631);
#4533=SURFACE_STYLE_USAGE(.BOTH.,#4632);
#4534=SURFACE_STYLE_USAGE(.BOTH.,#4633);
#4535=SURFACE_STYLE_USAGE(.BOTH.,#4634);
#4536=SURFACE_STYLE_USAGE(.BOTH.,#4635);
#4537=SURFACE_STYLE_USAGE(.BOTH.,#4636);
#4538=SURFACE_STYLE_USAGE(.BOTH.,#4637);
#4539=SURFACE_STYLE_USAGE(.BOTH.,#4638);
#4540=SURFACE_STYLE_USAGE(.BOTH.,#4639);
#4541=SURFACE_STYLE_USAGE(.BOTH.,#4640);
#4542=SURFACE_STYLE_USAGE(.BOTH.,#4641);
#4543=SURFACE_STYLE_USAGE(.BOTH.,#4642);
#4544=SURFACE_STYLE_USAGE(.BOTH.,#4643);
#4545=SURFACE_STYLE_USAGE(.BOTH.,#4644);
#4546=SURFACE_STYLE_USAGE(.BOTH.,#4645);
#4547=SURFACE_STYLE_USAGE(.BOTH.,#4646);
#4548=SURFACE_STYLE_USAGE(.BOTH.,#4647);
#4549=SURFACE_STYLE_USAGE(.BOTH.,#4648);
#4550=SURFACE_STYLE_USAGE(.BOTH.,#4649);
#4551=SURFACE_STYLE_USAGE(.BOTH.,#4650);
#4552=SURFACE_STYLE_USAGE(.BOTH.,#4651);
#4553=SURFACE_STYLE_USAGE(.BOTH.,#4652);
#4554=SURFACE_STYLE_USAGE(.BOTH.,#4653);
#4555=SURFACE_STYLE_USAGE(.BOTH.,#4654);
#4556=SURFACE_STYLE_USAGE(.BOTH.,#4655);
#4557=SURFACE_STYLE_USAGE(.BOTH.,#4656);
#4558=SURFACE_STYLE_USAGE(.BOTH.,#4657);
#4559=SURFACE_STYLE_USAGE(.BOTH.,#4658);
#4560=SURFACE_STYLE_USAGE(.BOTH.,#4659);
#4561=SURFACE_STYLE_USAGE(.BOTH.,#4660);
#4562=SURFACE_STYLE_USAGE(.BOTH.,#4661);
#4563=SURFACE_STYLE_USAGE(.BOTH.,#4662);
#4564=SURFACE_STYLE_USAGE(.BOTH.,#4663);
#4565=SURFACE_STYLE_USAGE(.BOTH.,#4664);
#4566=SURFACE_STYLE_USAGE(.BOTH.,#4665);
#4567=SURFACE_STYLE_USAGE(.BOTH.,#4666);
#4568=SURFACE_STYLE_USAGE(.BOTH.,#4667);
#4569=SURFACE_STYLE_USAGE(.BOTH.,#4668);
#4570=SURFACE_STYLE_USAGE(.BOTH.,#4669);
#4571=SURFACE_STYLE_USAGE(.BOTH.,#4670);
#4572=SURFACE_STYLE_USAGE(.BOTH.,#4671);
#4573=SURFACE_STYLE_USAGE(.BOTH.,#4672);
#4574=SURFACE_STYLE_USAGE(.BOTH.,#4673);
#4575=SURFACE_STYLE_USAGE(.BOTH.,#4674);
#4576=SURFACE_STYLE_USAGE(.BOTH.,#4675);
#4577=SURFACE_STYLE_USAGE(.BOTH.,#4676);
#4578=SURFACE_STYLE_USAGE(.BOTH.,#4677);
#4579=SURFACE_STYLE_USAGE(.BOTH.,#4678);
#4580=SURFACE_STYLE_USAGE(.BOTH.,#4679);
#4581=SURFACE_STYLE_USAGE(.BOTH.,#4680);
#4582=SURFACE_STYLE_USAGE(.BOTH.,#4681);
#4583=SURFACE_STYLE_USAGE(.BOTH.,#4682);
#4584=SURFACE_STYLE_USAGE(.BOTH.,#4683);
#4585=SURFACE_STYLE_USAGE(.BOTH.,#4684);
#4586=SURFACE_STYLE_USAGE(.BOTH.,#4685);
#4587=SURFACE_STYLE_USAGE(.BOTH.,#4686);
#4588=SURFACE_STYLE_USAGE(.BOTH.,#4687);
#4589=SURFACE_STYLE_USAGE(.BOTH.,#4688);
#4590=SURFACE_STYLE_USAGE(.BOTH.,#4689);
#4591=SURFACE_STYLE_USAGE(.BOTH.,#4690);
#4592=SURFACE_STYLE_USAGE(.BOTH.,#4691);
#4593=SURFACE_STYLE_USAGE(.BOTH.,#4692);
#4594=SURFACE_STYLE_USAGE(.BOTH.,#4693);
#4595=SURFACE_STYLE_USAGE(.BOTH.,#4694);
#4596=SURFACE_STYLE_USAGE(.BOTH.,#4695);
#4597=SURFACE_STYLE_USAGE(.BOTH.,#4696);
#4598=SURFACE_STYLE_USAGE(.BOTH.,#4697);
#4599=SURFACE_STYLE_USAGE(.BOTH.,#4698);
#4600=SURFACE_STYLE_USAGE(.BOTH.,#4699);
#4601=SURFACE_STYLE_USAGE(.BOTH.,#4700);
#4602=SURFACE_STYLE_USAGE(.BOTH.,#4701);
#4603=SURFACE_STYLE_USAGE(.BOTH.,#4702);
#4604=SURFACE_STYLE_USAGE(.BOTH.,#4703);
#4605=SURFACE_STYLE_USAGE(.BOTH.,#4704);
#4606=SURFACE_STYLE_USAGE(.BOTH.,#4705);
#4607=SURFACE_STYLE_USAGE(.BOTH.,#4706);
#4608=SURFACE_STYLE_USAGE(.BOTH.,#4707);
#4609=SURFACE_STYLE_USAGE(.BOTH.,#4708);
#4610=SURFACE_STYLE_USAGE(.BOTH.,#4709);
#4611=SURFACE_STYLE_USAGE(.BOTH.,#4710);
#4612=SURFACE_STYLE_USAGE(.BOTH.,#4711);
#4613=SURFACE_STYLE_USAGE(.BOTH.,#4712);
#4614=SURFACE_STYLE_USAGE(.BOTH.,#4713);
#4615=SURFACE_STYLE_USAGE(.BOTH.,#4714);
#4616=SURFACE_STYLE_USAGE(.BOTH.,#4715);
#4617=SURFACE_STYLE_USAGE(.BOTH.,#4716);
#4618=SURFACE_STYLE_USAGE(.BOTH.,#4717);
#4619=SURFACE_STYLE_USAGE(.BOTH.,#4718);
#4620=SURFACE_STYLE_USAGE(.BOTH.,#4719);
#4621=SURFACE_STYLE_USAGE(.BOTH.,#4720);
#4622=SURFACE_STYLE_USAGE(.BOTH.,#4721);
#4623=SURFACE_SIDE_STYLE('',(#4722));
#4624=SURFACE_SIDE_STYLE('',(#4723));
#4625=SURFACE_SIDE_STYLE('',(#4724));
#4626=SURFACE_SIDE_STYLE('',(#4725));
#4627=SURFACE_SIDE_STYLE('',(#4726));
#4628=SURFACE_SIDE_STYLE('',(#4727));
#4629=SURFACE_SIDE_STYLE('',(#4728));
#4630=SURFACE_SIDE_STYLE('',(#4729));
#4631=SURFACE_SIDE_STYLE('',(#4730));
#4632=SURFACE_SIDE_STYLE('',(#4731));
#4633=SURFACE_SIDE_STYLE('',(#4732));
#4634=SURFACE_SIDE_STYLE('',(#4733));
#4635=SURFACE_SIDE_STYLE('',(#4734));
#4636=SURFACE_SIDE_STYLE('',(#4735));
#4637=SURFACE_SIDE_STYLE('',(#4736));
#4638=SURFACE_SIDE_STYLE('',(#4737));
#4639=SURFACE_SIDE_STYLE('',(#4738));
#4640=SURFACE_SIDE_STYLE('',(#4739));
#4641=SURFACE_SIDE_STYLE('',(#4740));
#4642=SURFACE_SIDE_STYLE('',(#4741));
#4643=SURFACE_SIDE_STYLE('',(#4742));
#4644=SURFACE_SIDE_STYLE('',(#4743));
#4645=SURFACE_SIDE_STYLE('',(#4744));
#4646=SURFACE_SIDE_STYLE('',(#4745));
#4647=SURFACE_SIDE_STYLE('',(#4746));
#4648=SURFACE_SIDE_STYLE('',(#4747));
#4649=SURFACE_SIDE_STYLE('',(#4748));
#4650=SURFACE_SIDE_STYLE('',(#4749));
#4651=SURFACE_SIDE_STYLE('',(#4750));
#4652=SURFACE_SIDE_STYLE('',(#4751));
#4653=SURFACE_SIDE_STYLE('',(#4752));
#4654=SURFACE_SIDE_STYLE('',(#4753));
#4655=SURFACE_SIDE_STYLE('',(#4754));
#4656=SURFACE_SIDE_STYLE('',(#4755));
#4657=SURFACE_SIDE_STYLE('',(#4756));
#4658=SURFACE_SIDE_STYLE('',(#4757));
#4659=SURFACE_SIDE_STYLE('',(#4758));
#4660=SURFACE_SIDE_STYLE('',(#4759));
#4661=SURFACE_SIDE_STYLE('',(#4760));
#4662=SURFACE_SIDE_STYLE('',(#4761));
#4663=SURFACE_SIDE_STYLE('',(#4762));
#4664=SURFACE_SIDE_STYLE('',(#4763));
#4665=SURFACE_SIDE_STYLE('',(#4764));
#4666=SURFACE_SIDE_STYLE('',(#4765));
#4667=SURFACE_SIDE_STYLE('',(#4766));
#4668=SURFACE_SIDE_STYLE('',(#4767));
#4669=SURFACE_SIDE_STYLE('',(#4768));
#4670=SURFACE_SIDE_STYLE('',(#4769));
#4671=SURFACE_SIDE_STYLE('',(#4770));
#4672=SURFACE_SIDE_STYLE('',(#4771));
#4673=SURFACE_SIDE_STYLE('',(#4772));
#4674=SURFACE_SIDE_STYLE('',(#4773));
#4675=SURFACE_SIDE_STYLE('',(#4774));
#4676=SURFACE_SIDE_STYLE('',(#4775));
#4677=SURFACE_SIDE_STYLE('',(#4776));
#4678=SURFACE_SIDE_STYLE('',(#4777));
#4679=SURFACE_SIDE_STYLE('',(#4778));
#4680=SURFACE_SIDE_STYLE('',(#4779));
#4681=SURFACE_SIDE_STYLE('',(#4780));
#4682=SURFACE_SIDE_STYLE('',(#4781));
#4683=SURFACE_SIDE_STYLE('',(#4782));
#4684=SURFACE_SIDE_STYLE('',(#4783));
#4685=SURFACE_SIDE_STYLE('',(#4784));
#4686=SURFACE_SIDE_STYLE('',(#4785));
#4687=SURFACE_SIDE_STYLE('',(#4786));
#4688=SURFACE_SIDE_STYLE('',(#4787));
#4689=SURFACE_SIDE_STYLE('',(#4788));
#4690=SURFACE_SIDE_STYLE('',(#4789));
#4691=SURFACE_SIDE_STYLE('',(#4790));
#4692=SURFACE_SIDE_STYLE('',(#4791));
#4693=SURFACE_SIDE_STYLE('',(#4792));
#4694=SURFACE_SIDE_STYLE('',(#4793));
#4695=SURFACE_SIDE_STYLE('',(#4794));
#4696=SURFACE_SIDE_STYLE('',(#4795));
#4697=SURFACE_SIDE_STYLE('',(#4796));
#4698=SURFACE_SIDE_STYLE('',(#4797));
#4699=SURFACE_SIDE_STYLE('',(#4798));
#4700=SURFACE_SIDE_STYLE('',(#4799));
#4701=SURFACE_SIDE_STYLE('',(#4800));
#4702=SURFACE_SIDE_STYLE('',(#4801));
#4703=SURFACE_SIDE_STYLE('',(#4802));
#4704=SURFACE_SIDE_STYLE('',(#4803));
#4705=SURFACE_SIDE_STYLE('',(#4804));
#4706=SURFACE_SIDE_STYLE('',(#4805));
#4707=SURFACE_SIDE_STYLE('',(#4806));
#4708=SURFACE_SIDE_STYLE('',(#4807));
#4709=SURFACE_SIDE_STYLE('',(#4808));
#4710=SURFACE_SIDE_STYLE('',(#4809));
#4711=SURFACE_SIDE_STYLE('',(#4810));
#4712=SURFACE_SIDE_STYLE('',(#4811));
#4713=SURFACE_SIDE_STYLE('',(#4812));
#4714=SURFACE_SIDE_STYLE('',(#4813));
#4715=SURFACE_SIDE_STYLE('',(#4814));
#4716=SURFACE_SIDE_STYLE('',(#4815));
#4717=SURFACE_SIDE_STYLE('',(#4816));
#4718=SURFACE_SIDE_STYLE('',(#4817));
#4719=SURFACE_SIDE_STYLE('',(#4818));
#4720=SURFACE_SIDE_STYLE('',(#4819));
#4721=SURFACE_SIDE_STYLE('',(#4820));
#4722=SURFACE_STYLE_FILL_AREA(#4821);
#4723=SURFACE_STYLE_FILL_AREA(#4822);
#4724=SURFACE_STYLE_FILL_AREA(#4823);
#4725=SURFACE_STYLE_FILL_AREA(#4824);
#4726=SURFACE_STYLE_FILL_AREA(#4825);
#4727=SURFACE_STYLE_FILL_AREA(#4826);
#4728=SURFACE_STYLE_FILL_AREA(#4827);
#4729=SURFACE_STYLE_FILL_AREA(#4828);
#4730=SURFACE_STYLE_FILL_AREA(#4829);
#4731=SURFACE_STYLE_FILL_AREA(#4830);
#4732=SURFACE_STYLE_FILL_AREA(#4831);
#4733=SURFACE_STYLE_FILL_AREA(#4832);
#4734=SURFACE_STYLE_FILL_AREA(#4833);
#4735=SURFACE_STYLE_FILL_AREA(#4834);
#4736=SURFACE_STYLE_FILL_AREA(#4835);
#4737=SURFACE_STYLE_FILL_AREA(#4836);
#4738=SURFACE_STYLE_FILL_AREA(#4837);
#4739=SURFACE_STYLE_FILL_AREA(#4838);
#4740=SURFACE_STYLE_FILL_AREA(#4839);
#4741=SURFACE_STYLE_FILL_AREA(#4840);
#4742=SURFACE_STYLE_FILL_AREA(#4841);
#4743=SURFACE_STYLE_FILL_AREA(#4842);
#4744=SURFACE_STYLE_FILL_AREA(#4843);
#4745=SURFACE_STYLE_FILL_AREA(#4844);
#4746=SURFACE_STYLE_FILL_AREA(#4845);
#4747=SURFACE_STYLE_FILL_AREA(#4846);
#4748=SURFACE_STYLE_FILL_AREA(#4847);
#4749=SURFACE_STYLE_FILL_AREA(#4848);
#4750=SURFACE_STYLE_FILL_AREA(#4849);
#4751=SURFACE_STYLE_FILL_AREA(#4850);
#4752=SURFACE_STYLE_FILL_AREA(#4851);
#4753=SURFACE_STYLE_FILL_AREA(#4852);
#4754=SURFACE_STYLE_FILL_AREA(#4853);
#4755=SURFACE_STYLE_FILL_AREA(#4854);
#4756=SURFACE_STYLE_FILL_AREA(#4855);
#4757=SURFACE_STYLE_FILL_AREA(#4856);
#4758=SURFACE_STYLE_FILL_AREA(#4857);
#4759=SURFACE_STYLE_FILL_AREA(#4858);
#4760=SURFACE_STYLE_FILL_AREA(#4859);
#4761=SURFACE_STYLE_FILL_AREA(#4860);
#4762=SURFACE_STYLE_FILL_AREA(#4861);
#4763=SURFACE_STYLE_FILL_AREA(#4862);
#4764=SURFACE_STYLE_FILL_AREA(#4863);
#4765=SURFACE_STYLE_FILL_AREA(#4864);
#4766=SURFACE_STYLE_FILL_AREA(#4865);
#4767=SURFACE_STYLE_FILL_AREA(#4866);
#4768=SURFACE_STYLE_FILL_AREA(#4867);
#4769=SURFACE_STYLE_FILL_AREA(#4868);
#4770=SURFACE_STYLE_FILL_AREA(#4869);
#4771=SURFACE_STYLE_FILL_AREA(#4870);
#4772=SURFACE_STYLE_FILL_AREA(#4871);
#4773=SURFACE_STYLE_FILL_AREA(#4872);
#4774=SURFACE_STYLE_FILL_AREA(#4873);
#4775=SURFACE_STYLE_FILL_AREA(#4874);
#4776=SURFACE_STYLE_FILL_AREA(#4875);
#4777=SURFACE_STYLE_FILL_AREA(#4876);
#4778=SURFACE_STYLE_FILL_AREA(#4877);
#4779=SURFACE_STYLE_FILL_AREA(#4878);
#4780=SURFACE_STYLE_FILL_AREA(#4879);
#4781=SURFACE_STYLE_FILL_AREA(#4880);
#4782=SURFACE_STYLE_FILL_AREA(#4881);
#4783=SURFACE_STYLE_FILL_AREA(#4882);
#4784=SURFACE_STYLE_FILL_AREA(#4883);
#4785=SURFACE_STYLE_FILL_AREA(#4884);
#4786=SURFACE_STYLE_FILL_AREA(#4885);
#4787=SURFACE_STYLE_FILL_AREA(#4886);
#4788=SURFACE_STYLE_FILL_AREA(#4887);
#4789=SURFACE_STYLE_FILL_AREA(#4888);
#4790=SURFACE_STYLE_FILL_AREA(#4889);
#4791=SURFACE_STYLE_FILL_AREA(#4890);
#4792=SURFACE_STYLE_FILL_AREA(#4891);
#4793=SURFACE_STYLE_FILL_AREA(#4892);
#4794=SURFACE_STYLE_FILL_AREA(#4893);
#4795=SURFACE_STYLE_FILL_AREA(#4894);
#4796=SURFACE_STYLE_FILL_AREA(#4895);
#4797=SURFACE_STYLE_FILL_AREA(#4896);
#4798=SURFACE_STYLE_FILL_AREA(#4897);
#4799=SURFACE_STYLE_FILL_AREA(#4898);
#4800=SURFACE_STYLE_FILL_AREA(#4899);
#4801=SURFACE_STYLE_FILL_AREA(#4900);
#4802=SURFACE_STYLE_FILL_AREA(#4901);
#4803=SURFACE_STYLE_FILL_AREA(#4902);
#4804=SURFACE_STYLE_FILL_AREA(#4903);
#4805=SURFACE_STYLE_FILL_AREA(#4904);
#4806=SURFACE_STYLE_FILL_AREA(#4905);
#4807=SURFACE_STYLE_FILL_AREA(#4906);
#4808=SURFACE_STYLE_FILL_AREA(#4907);
#4809=SURFACE_STYLE_FILL_AREA(#4908);
#4810=SURFACE_STYLE_FILL_AREA(#4909);
#4811=SURFACE_STYLE_FILL_AREA(#4910);
#4812=SURFACE_STYLE_FILL_AREA(#4911);
#4813=SURFACE_STYLE_FILL_AREA(#4912);
#4814=SURFACE_STYLE_FILL_AREA(#4913);
#4815=SURFACE_STYLE_FILL_AREA(#4914);
#4816=SURFACE_STYLE_FILL_AREA(#4915);
#4817=SURFACE_STYLE_FILL_AREA(#4916);
#4818=SURFACE_STYLE_FILL_AREA(#4917);
#4819=SURFACE_STYLE_FILL_AREA(#4918);
#4820=SURFACE_STYLE_FILL_AREA(#4919);
#4821=FILL_AREA_STYLE('',(#4920));
#4822=FILL_AREA_STYLE('',(#4921));
#4823=FILL_AREA_STYLE('',(#4922));
#4824=FILL_AREA_STYLE('',(#4923));
#4825=FILL_AREA_STYLE('',(#4924));
#4826=FILL_AREA_STYLE('',(#4925));
#4827=FILL_AREA_STYLE('',(#4926));
#4828=FILL_AREA_STYLE('',(#4927));
#4829=FILL_AREA_STYLE('',(#4928));
#4830=FILL_AREA_STYLE('',(#4929));
#4831=FILL_AREA_STYLE('',(#4930));
#4832=FILL_AREA_STYLE('',(#4931));
#4833=FILL_AREA_STYLE('',(#4932));
#4834=FILL_AREA_STYLE('',(#4933));
#4835=FILL_AREA_STYLE('',(#4934));
#4836=FILL_AREA_STYLE('',(#4935));
#4837=FILL_AREA_STYLE('',(#4936));
#4838=FILL_AREA_STYLE('',(#4937));
#4839=FILL_AREA_STYLE('',(#4938));
#4840=FILL_AREA_STYLE('',(#4939));
#4841=FILL_AREA_STYLE('',(#4940));
#4842=FILL_AREA_STYLE('',(#4941));
#4843=FILL_AREA_STYLE('',(#4942));
#4844=FILL_AREA_STYLE('',(#4943));
#4845=FILL_AREA_STYLE('',(#4944));
#4846=FILL_AREA_STYLE('',(#4945));
#4847=FILL_AREA_STYLE('',(#4946));
#4848=FILL_AREA_STYLE('',(#4947));
#4849=FILL_AREA_STYLE('',(#4948));
#4850=FILL_AREA_STYLE('',(#4949));
#4851=FILL_AREA_STYLE('',(#4950));
#4852=FILL_AREA_STYLE('',(#4951));
#4853=FILL_AREA_STYLE('',(#4952));
#4854=FILL_AREA_STYLE('',(#4953));
#4855=FILL_AREA_STYLE('',(#4954));
#4856=FILL_AREA_STYLE('',(#4955));
#4857=FILL_AREA_STYLE('',(#4956));
#4858=FILL_AREA_STYLE('',(#4957));
#4859=FILL_AREA_STYLE('',(#4958));
#4860=FILL_AREA_STYLE('',(#4959));
#4861=FILL_AREA_STYLE('',(#4960));
#4862=FILL_AREA_STYLE('',(#4961));
#4863=FILL_AREA_STYLE('',(#4962));
#4864=FILL_AREA_STYLE('',(#4963));
#4865=FILL_AREA_STYLE('',(#4964));
#4866=FILL_AREA_STYLE('',(#4965));
#4867=FILL_AREA_STYLE('',(#4966));
#4868=FILL_AREA_STYLE('',(#4967));
#4869=FILL_AREA_STYLE('',(#4968));
#4870=FILL_AREA_STYLE('',(#4969));
#4871=FILL_AREA_STYLE('',(#4970));
#4872=FILL_AREA_STYLE('',(#4971));
#4873=FILL_AREA_STYLE('',(#4972));
#4874=FILL_AREA_STYLE('',(#4973));
#4875=FILL_AREA_STYLE('',(#4974));
#4876=FILL_AREA_STYLE('',(#4975));
#4877=FILL_AREA_STYLE('',(#4976));
#4878=FILL_AREA_STYLE('',(#4977));
#4879=FILL_AREA_STYLE('',(#4978));
#4880=FILL_AREA_STYLE('',(#4979));
#4881=FILL_AREA_STYLE('',(#4980));
#4882=FILL_AREA_STYLE('',(#4981));
#4883=FILL_AREA_STYLE('',(#4982));
#4884=FILL_AREA_STYLE('',(#4983));
#4885=FILL_AREA_STYLE('',(#4984));
#4886=FILL_AREA_STYLE('',(#4985));
#4887=FILL_AREA_STYLE('',(#4986));
#4888=FILL_AREA_STYLE('',(#4987));
#4889=FILL_AREA_STYLE('',(#4988));
#4890=FILL_AREA_STYLE('',(#4989));
#4891=FILL_AREA_STYLE('',(#4990));
#4892=FILL_AREA_STYLE('',(#4991));
#4893=FILL_AREA_STYLE('',(#4992));
#4894=FILL_AREA_STYLE('',(#4993));
#4895=FILL_AREA_STYLE('',(#4994));
#4896=FILL_AREA_STYLE('',(#4995));
#4897=FILL_AREA_STYLE('',(#4996));
#4898=FILL_AREA_STYLE('',(#4997));
#4899=FILL_AREA_STYLE('',(#4998));
#4900=FILL_AREA_STYLE('',(#4999));
#4901=FILL_AREA_STYLE('',(#5000));
#4902=FILL_AREA_STYLE('',(#5001));
#4903=FILL_AREA_STYLE('',(#5002));
#4904=FILL_AREA_STYLE('',(#5003));
#4905=FILL_AREA_STYLE('',(#5004));
#4906=FILL_AREA_STYLE('',(#5005));
#4907=FILL_AREA_STYLE('',(#5006));
#4908=FILL_AREA_STYLE('',(#5007));
#4909=FILL_AREA_STYLE('',(#5008));
#4910=FILL_AREA_STYLE('',(#5009));
#4911=FILL_AREA_STYLE('',(#5010));
#4912=FILL_AREA_STYLE('',(#5011));
#4913=FILL_AREA_STYLE('',(#5012));
#4914=FILL_AREA_STYLE('',(#5013));
#4915=FILL_AREA_STYLE('',(#5014));
#4916=FILL_AREA_STYLE('',(#5015));
#4917=FILL_AREA_STYLE('',(#5016));
#4918=FILL_AREA_STYLE('',(#5017));
#4919=FILL_AREA_STYLE('',(#5018));
#4920=FILL_AREA_STYLE_COLOUR('',#5019);
#4921=FILL_AREA_STYLE_COLOUR('',#5020);
#4922=FILL_AREA_STYLE_COLOUR('',#5019);
#4923=FILL_AREA_STYLE_COLOUR('',#5020);
#4924=FILL_AREA_STYLE_COLOUR('',#5020);
#4925=FILL_AREA_STYLE_COLOUR('',#5020);
#4926=FILL_AREA_STYLE_COLOUR('',#5020);
#4927=FILL_AREA_STYLE_COLOUR('',#5020);
#4928=FILL_AREA_STYLE_COLOUR('',#5020);
#4929=FILL_AREA_STYLE_COLOUR('',#5020);
#4930=FILL_AREA_STYLE_COLOUR('',#5020);
#4931=FILL_AREA_STYLE_COLOUR('',#5020);
#4932=FILL_AREA_STYLE_COLOUR('',#5020);
#4933=FILL_AREA_STYLE_COLOUR('',#5020);
#4934=FILL_AREA_STYLE_COLOUR('',#5020);
#4935=FILL_AREA_STYLE_COLOUR('',#5020);
#4936=FILL_AREA_STYLE_COLOUR('',#5020);
#4937=FILL_AREA_STYLE_COLOUR('',#5020);
#4938=FILL_AREA_STYLE_COLOUR('',#5020);
#4939=FILL_AREA_STYLE_COLOUR('',#5020);
#4940=FILL_AREA_STYLE_COLOUR('',#5020);
#4941=FILL_AREA_STYLE_COLOUR('',#5020);
#4942=FILL_AREA_STYLE_COLOUR('',#5020);
#4943=FILL_AREA_STYLE_COLOUR('',#5020);
#4944=FILL_AREA_STYLE_COLOUR('',#5020);
#4945=FILL_AREA_STYLE_COLOUR('',#5020);
#4946=FILL_AREA_STYLE_COLOUR('',#5020);
#4947=FILL_AREA_STYLE_COLOUR('',#5020);
#4948=FILL_AREA_STYLE_COLOUR('',#5020);
#4949=FILL_AREA_STYLE_COLOUR('',#5020);
#4950=FILL_AREA_STYLE_COLOUR('',#5020);
#4951=FILL_AREA_STYLE_COLOUR('',#5020);
#4952=FILL_AREA_STYLE_COLOUR('',#5019);
#4953=FILL_AREA_STYLE_COLOUR('',#5019);
#4954=FILL_AREA_STYLE_COLOUR('',#5019);
#4955=FILL_AREA_STYLE_COLOUR('',#5019);
#4956=FILL_AREA_STYLE_COLOUR('',#5019);
#4957=FILL_AREA_STYLE_COLOUR('',#5019);
#4958=FILL_AREA_STYLE_COLOUR('',#5019);
#4959=FILL_AREA_STYLE_COLOUR('',#5019);
#4960=FILL_AREA_STYLE_COLOUR('',#5019);
#4961=FILL_AREA_STYLE_COLOUR('',#5019);
#4962=FILL_AREA_STYLE_COLOUR('',#5019);
#4963=FILL_AREA_STYLE_COLOUR('',#5019);
#4964=FILL_AREA_STYLE_COLOUR('',#5019);
#4965=FILL_AREA_STYLE_COLOUR('',#5019);
#4966=FILL_AREA_STYLE_COLOUR('',#5019);
#4967=FILL_AREA_STYLE_COLOUR('',#5019);
#4968=FILL_AREA_STYLE_COLOUR('',#5020);
#4969=FILL_AREA_STYLE_COLOUR('',#5019);
#4970=FILL_AREA_STYLE_COLOUR('',#5019);
#4971=FILL_AREA_STYLE_COLOUR('',#5019);
#4972=FILL_AREA_STYLE_COLOUR('',#5019);
#4973=FILL_AREA_STYLE_COLOUR('',#5019);
#4974=FILL_AREA_STYLE_COLOUR('',#5019);
#4975=FILL_AREA_STYLE_COLOUR('',#5019);
#4976=FILL_AREA_STYLE_COLOUR('',#5019);
#4977=FILL_AREA_STYLE_COLOUR('',#5020);
#4978=FILL_AREA_STYLE_COLOUR('',#5020);
#4979=FILL_AREA_STYLE_COLOUR('',#5020);
#4980=FILL_AREA_STYLE_COLOUR('',#5019);
#4981=FILL_AREA_STYLE_COLOUR('',#5019);
#4982=FILL_AREA_STYLE_COLOUR('',#5019);
#4983=FILL_AREA_STYLE_COLOUR('',#5019);
#4984=FILL_AREA_STYLE_COLOUR('',#5020);
#4985=FILL_AREA_STYLE_COLOUR('',#5020);
#4986=FILL_AREA_STYLE_COLOUR('',#5020);
#4987=FILL_AREA_STYLE_COLOUR('',#5020);
#4988=FILL_AREA_STYLE_COLOUR('',#5020);
#4989=FILL_AREA_STYLE_COLOUR('',#5020);
#4990=FILL_AREA_STYLE_COLOUR('',#5020);
#4991=FILL_AREA_STYLE_COLOUR('',#5020);
#4992=FILL_AREA_STYLE_COLOUR('',#5020);
#4993=FILL_AREA_STYLE_COLOUR('',#5020);
#4994=FILL_AREA_STYLE_COLOUR('',#5020);
#4995=FILL_AREA_STYLE_COLOUR('',#5020);
#4996=FILL_AREA_STYLE_COLOUR('',#5020);
#4997=FILL_AREA_STYLE_COLOUR('',#5020);
#4998=FILL_AREA_STYLE_COLOUR('',#5020);
#4999=FILL_AREA_STYLE_COLOUR('',#5020);
#5000=FILL_AREA_STYLE_COLOUR('',#5020);
#5001=FILL_AREA_STYLE_COLOUR('',#5020);
#5002=FILL_AREA_STYLE_COLOUR('',#5020);
#5003=FILL_AREA_STYLE_COLOUR('',#5020);
#5004=FILL_AREA_STYLE_COLOUR('',#5020);
#5005=FILL_AREA_STYLE_COLOUR('',#5020);
#5006=FILL_AREA_STYLE_COLOUR('',#5020);
#5007=FILL_AREA_STYLE_COLOUR('',#5020);
#5008=FILL_AREA_STYLE_COLOUR('',#5020);
#5009=FILL_AREA_STYLE_COLOUR('',#5020);
#5010=FILL_AREA_STYLE_COLOUR('',#5020);
#5011=FILL_AREA_STYLE_COLOUR('',#5020);
#5012=FILL_AREA_STYLE_COLOUR('',#5020);
#5013=FILL_AREA_STYLE_COLOUR('',#5020);
#5014=FILL_AREA_STYLE_COLOUR('',#5020);
#5015=FILL_AREA_STYLE_COLOUR('',#5020);
#5016=FILL_AREA_STYLE_COLOUR('',#5020);
#5017=FILL_AREA_STYLE_COLOUR('',#5020);
#5018=FILL_AREA_STYLE_COLOUR('',#5020);
#5019=COLOUR_RGB('',0.200000002980232,0.200000002980232,0.200000002980232);
#5020=COLOUR_RGB('',0.699999988079071,0.699999988079071,0.699999988079071);
#5021=ADVANCED_FACE('',(#3937,#3938,#3939,#3940),#4177,.T.);
#5022=ADVANCED_FACE('',(#3941),#4178,.F.);
#5023=ADVANCED_FACE('',(#3942,#3943,#3944),#4179,.T.);
#5024=ADVANCED_FACE('',(#3945),#4180,.F.);
#5025=ADVANCED_FACE('',(#3946),#4181,.T.);
#5026=ADVANCED_FACE('',(#3947),#138,.T.);
#5027=ADVANCED_FACE('',(#3948),#4182,.F.);
#5028=ADVANCED_FACE('',(#3949),#4183,.F.);
#5029=ADVANCED_FACE('',(#3950,#3951),#43,.T.);
#5030=ADVANCED_FACE('',(#3952,#3953),#4184,.T.);
#5031=ADVANCED_FACE('',(#3954,#3955),#44,.T.);
#5032=ADVANCED_FACE('',(#3956,#3957),#4185,.T.);
#5033=ADVANCED_FACE('',(#3958),#4186,.T.);
#5034=ADVANCED_FACE('',(#3959),#4187,.T.);
#5035=ADVANCED_FACE('',(#3960),#4188,.T.);
#5036=ADVANCED_FACE('',(#3961),#4189,.T.);
#5037=ADVANCED_FACE('',(#3962),#41,.F.);
#5038=ADVANCED_FACE('',(#3963,#3964),#139,.T.);
#5039=ADVANCED_FACE('',(#3965),#42,.F.);
#5040=ADVANCED_FACE('',(#3966),#28,.T.);
#5041=ADVANCED_FACE('',(#3967),#4190,.T.);
#5042=ADVANCED_FACE('',(#3968),#29,.T.);
#5043=ADVANCED_FACE('',(#3969),#4191,.T.);
#5044=ADVANCED_FACE('',(#3970),#4192,.T.);
#5045=ADVANCED_FACE('',(#3971),#30,.T.);
#5046=ADVANCED_FACE('',(#3972),#4193,.T.);
#5047=ADVANCED_FACE('',(#3973),#31,.T.);
#5048=ADVANCED_FACE('',(#3974),#4194,.T.);
#5049=ADVANCED_FACE('',(#3975),#32,.T.);
#5050=ADVANCED_FACE('',(#3976),#4195,.T.);
#5051=ADVANCED_FACE('',(#3977),#33,.T.);
#5052=ADVANCED_FACE('',(#3978,#3979),#45,.T.);
#5053=ADVANCED_FACE('',(#3980),#46,.T.);
#5054=ADVANCED_FACE('',(#3981),#47,.T.);
#5055=ADVANCED_FACE('',(#3982),#48,.T.);
#5056=ADVANCED_FACE('',(#3983),#4196,.F.);
#5057=ADVANCED_FACE('',(#3984),#4197,.T.);
#5058=ADVANCED_FACE('',(#3985),#4198,.T.);
#5059=ADVANCED_FACE('',(#3986),#4199,.T.);
#5060=ADVANCED_FACE('',(#3987),#4200,.F.);
#5061=ADVANCED_FACE('',(#3988),#4201,.F.);
#5062=ADVANCED_FACE('',(#3989),#4202,.F.);
#5063=ADVANCED_FACE('',(#3990,#3991),#4203,.F.);
#5064=ADVANCED_FACE('',(#3992),#4204,.T.);
#5065=ADVANCED_FACE('',(#3993),#4205,.T.);
#5066=ADVANCED_FACE('',(#3994),#4206,.F.);
#5067=ADVANCED_FACE('',(#3995),#4207,.F.);
#5068=ADVANCED_FACE('',(#3996),#4208,.F.);
#5069=ADVANCED_FACE('',(#3997),#4209,.F.);
#5070=ADVANCED_FACE('',(#3998),#4210,.T.);
#5071=ADVANCED_FACE('',(#3999),#4211,.T.);
#5072=ADVANCED_FACE('',(#4000),#49,.T.);
#5073=ADVANCED_FACE('',(#4001),#4212,.T.);
#5074=ADVANCED_FACE('',(#4002),#4213,.T.);
#5075=ADVANCED_FACE('',(#4003),#4214,.F.);
#5076=ADVANCED_FACE('',(#4004),#4215,.T.);
#5077=ADVANCED_FACE('',(#4005),#4216,.T.);
#5078=ADVANCED_FACE('',(#4006),#34,.F.);
#5079=ADVANCED_FACE('',(#4007),#35,.F.);
#5080=ADVANCED_FACE('',(#4008),#4217,.F.);
#5081=ADVANCED_FACE('',(#4009),#50,.T.);
#5082=ADVANCED_FACE('',(#4010),#4218,.F.);
#5083=ADVANCED_FACE('',(#4011),#51,.T.);
#5084=ADVANCED_FACE('',(#4012),#4219,.T.);
#5085=ADVANCED_FACE('',(#4013),#4220,.F.);
#5086=ADVANCED_FACE('',(#4014),#36,.F.);
#5087=ADVANCED_FACE('',(#4015),#4221,.F.);
#5088=ADVANCED_FACE('',(#4016),#37,.F.);
#5089=ADVANCED_FACE('',(#4017),#4222,.F.);
#5090=ADVANCED_FACE('',(#4018),#4223,.T.);
#5091=ADVANCED_FACE('',(#4019),#4224,.F.);
#5092=ADVANCED_FACE('',(#4020),#52,.F.);
#5093=ADVANCED_FACE('',(#4021),#4225,.F.);
#5094=ADVANCED_FACE('',(#4022),#4226,.T.);
#5095=ADVANCED_FACE('',(#4023),#4227,.T.);
#5096=ADVANCED_FACE('',(#4024),#4228,.T.);
#5097=ADVANCED_FACE('',(#4025),#53,.F.);
#5098=ADVANCED_FACE('',(#4026),#4229,.F.);
#5099=ADVANCED_FACE('',(#4027),#4230,.F.);
#5100=ADVANCED_FACE('',(#4028),#4231,.T.);
#5101=ADVANCED_FACE('',(#4029),#54,.F.);
#5102=ADVANCED_FACE('',(#4030),#4232,.F.);
#5103=ADVANCED_FACE('',(#4031),#4233,.F.);
#5104=ADVANCED_FACE('',(#4032),#4234,.T.);
#5105=ADVANCED_FACE('',(#4033),#4235,.F.);
#5106=ADVANCED_FACE('',(#4034),#4236,.T.);
#5107=ADVANCED_FACE('',(#4035),#4237,.T.);
#5108=ADVANCED_FACE('',(#4036),#55,.F.);
#5109=ADVANCED_FACE('',(#4037),#4238,.F.);
#5110=ADVANCED_FACE('',(#4038),#4239,.F.);
#5111=ADVANCED_FACE('',(#4039),#4240,.F.);
#5112=ADVANCED_FACE('',(#4040),#4241,.F.);
#5113=ADVANCED_FACE('',(#4041),#4242,.F.);
#5114=ADVANCED_FACE('',(#4042),#4243,.F.);
#5115=ADVANCED_FACE('',(#4043),#4244,.F.);
#5116=ADVANCED_FACE('',(#4044),#4245,.F.);
#5117=ADVANCED_FACE('',(#4045),#4246,.F.);
#5118=ADVANCED_FACE('',(#4046),#4247,.F.);
#5119=ADVANCED_FACE('',(#4047),#4248,.T.);
#5120=ADVANCED_FACE('',(#4048),#4249,.T.);
#5121=ADVANCED_FACE('',(#4049),#4250,.T.);
#5122=ADVANCED_FACE('',(#4050),#4251,.T.);
#5123=ADVANCED_FACE('',(#4051),#4252,.T.);
#5124=ADVANCED_FACE('',(#4052),#4253,.T.);
#5125=ADVANCED_FACE('',(#4053),#4254,.T.);
#5126=ADVANCED_FACE('',(#4054,#4055),#4255,.F.);
#5127=ADVANCED_FACE('',(#4056),#4256,.T.);
#5128=ADVANCED_FACE('',(#4057,#4058),#4257,.F.);
#5129=ADVANCED_FACE('',(#4059),#4258,.F.);
#5130=ADVANCED_FACE('',(#4060),#4259,.T.);
#5131=ADVANCED_FACE('',(#4061),#4260,.T.);
#5132=ADVANCED_FACE('',(#4062),#4261,.F.);
#5133=ADVANCED_FACE('',(#4063),#4262,.F.);
#5134=ADVANCED_FACE('',(#4064),#4263,.T.);
#5135=ADVANCED_FACE('',(#4065),#4264,.T.);
#5136=ADVANCED_FACE('',(#4066),#56,.F.);
#5137=ADVANCED_FACE('',(#4067),#57,.F.);
#5138=ADVANCED_FACE('',(#4068),#4265,.T.);
#5139=ADVANCED_FACE('',(#4069),#4266,.T.);
#5140=ADVANCED_FACE('',(#4070),#4267,.T.);
#5141=ADVANCED_FACE('',(#4071),#58,.F.);
#5142=ADVANCED_FACE('',(#4072),#4268,.T.);
#5143=ADVANCED_FACE('',(#4073),#4269,.T.);
#5144=ADVANCED_FACE('',(#4074),#4270,.T.);
#5145=ADVANCED_FACE('',(#4075),#4271,.T.);
#5146=ADVANCED_FACE('',(#4076),#4272,.T.);
#5147=ADVANCED_FACE('',(#4077),#4273,.T.);
#5148=ADVANCED_FACE('',(#4078),#59,.F.);
#5149=ADVANCED_FACE('',(#4079),#4274,.T.);
#5150=ADVANCED_FACE('',(#4080),#60,.T.);
#5151=ADVANCED_FACE('',(#4081),#18,.T.);
#5152=ADVANCED_FACE('',(#4082),#61,.T.);
#5153=ADVANCED_FACE('',(#4083),#19,.T.);
#5154=ADVANCED_FACE('',(#4084),#62,.T.);
#5155=ADVANCED_FACE('',(#4085),#20,.T.);
#5156=ADVANCED_FACE('',(#4086),#63,.T.);
#5157=ADVANCED_FACE('',(#4087),#21,.T.);
#5158=ADVANCED_FACE('',(#4088),#4275,.T.);
#5159=ADVANCED_FACE('',(#4089),#4276,.T.);
#5160=ADVANCED_FACE('',(#4090),#4277,.T.);
#5161=ADVANCED_FACE('',(#4091),#4278,.F.);
#5162=ADVANCED_FACE('',(#4092),#4279,.T.);
#5163=ADVANCED_FACE('',(#4093),#4280,.T.);
#5164=ADVANCED_FACE('',(#4094),#4281,.T.);
#5165=ADVANCED_FACE('',(#4095),#4282,.F.);
#5166=ADVANCED_FACE('',(#4096),#4283,.T.);
#5167=ADVANCED_FACE('',(#4097),#4284,.F.);
#5168=ADVANCED_FACE('',(#4098),#4285,.T.);
#5169=ADVANCED_FACE('',(#4099),#4286,.F.);
#5170=ADVANCED_FACE('',(#4100),#4287,.T.);
#5171=ADVANCED_FACE('',(#4101),#4288,.T.);
#5172=ADVANCED_FACE('',(#4102),#64,.F.);
#5173=ADVANCED_FACE('',(#4103),#4289,.T.);
#5174=ADVANCED_FACE('',(#4104),#4290,.T.);
#5175=ADVANCED_FACE('',(#4105),#4291,.T.);
#5176=ADVANCED_FACE('',(#4106),#65,.F.);
#5177=ADVANCED_FACE('',(#4107),#4292,.T.);
#5178=ADVANCED_FACE('',(#4108),#4293,.T.);
#5179=ADVANCED_FACE('',(#4109),#4294,.T.);
#5180=ADVANCED_FACE('',(#4110),#4295,.T.);
#5181=ADVANCED_FACE('',(#4111),#4296,.T.);
#5182=ADVANCED_FACE('',(#4112),#4297,.T.);
#5183=ADVANCED_FACE('',(#4113),#66,.F.);
#5184=ADVANCED_FACE('',(#4114),#4298,.T.);
#5185=ADVANCED_FACE('',(#4115),#4299,.T.);
#5186=ADVANCED_FACE('',(#4116),#4300,.T.);
#5187=ADVANCED_FACE('',(#4117),#67,.F.);
#5188=ADVANCED_FACE('',(#4118),#68,.T.);
#5189=ADVANCED_FACE('',(#4119),#22,.T.);
#5190=ADVANCED_FACE('',(#4120),#23,.T.);
#5191=ADVANCED_FACE('',(#4121),#69,.T.);
#5192=ADVANCED_FACE('',(#4122),#70,.T.);
#5193=ADVANCED_FACE('',(#4123),#24,.T.);
#5194=ADVANCED_FACE('',(#4124),#25,.T.);
#5195=ADVANCED_FACE('',(#4125),#71,.T.);
#5196=ADVANCED_FACE('',(#4126),#4301,.F.);
#5197=ADVANCED_FACE('',(#4127),#4302,.T.);
#5198=ADVANCED_FACE('',(#4128),#4303,.T.);
#5199=ADVANCED_FACE('',(#4129),#4304,.T.);
#5200=ADVANCED_FACE('',(#4130),#4305,.T.);
#5201=ADVANCED_FACE('',(#4131),#4306,.F.);
#5202=ADVANCED_FACE('',(#4132),#4307,.F.);
#5203=ADVANCED_FACE('',(#4133),#72,.F.);
#5204=ADVANCED_FACE('',(#4134),#73,.F.);
#5205=ADVANCED_FACE('',(#4135),#4308,.T.);
#5206=ADVANCED_FACE('',(#4136),#4309,.T.);
#5207=ADVANCED_FACE('',(#4137),#4310,.T.);
#5208=ADVANCED_FACE('',(#4138),#4311,.T.);
#5209=ADVANCED_FACE('',(#4139),#4312,.T.);
#5210=ADVANCED_FACE('',(#4140),#4313,.T.);
#5211=ADVANCED_FACE('',(#4141),#4314,.F.);
#5212=ADVANCED_FACE('',(#4142),#4315,.F.);
#5213=ADVANCED_FACE('',(#4143),#4316,.F.);
#5214=ADVANCED_FACE('',(#4144),#74,.T.);
#5215=ADVANCED_FACE('',(#4145),#4317,.F.);
#5216=ADVANCED_FACE('',(#4146),#75,.T.);
#5217=ADVANCED_FACE('',(#4147),#4318,.F.);
#5218=ADVANCED_FACE('',(#4148),#76,.T.);
#5219=ADVANCED_FACE('',(#4149),#4319,.F.);
#5220=ADVANCED_FACE('',(#4150),#77,.F.);
#5221=ADVANCED_FACE('',(#4151),#4320,.T.);
#5222=ADVANCED_FACE('',(#4152),#4321,.T.);
#5223=ADVANCED_FACE('',(#4153),#4322,.T.);
#5224=ADVANCED_FACE('',(#4154),#78,.T.);
#5225=ADVANCED_FACE('',(#4155),#4323,.T.);
#5226=ADVANCED_FACE('',(#4156),#79,.T.);
#5227=ADVANCED_FACE('',(#4157),#4324,.T.);
#5228=ADVANCED_FACE('',(#4158),#80,.T.);
#5229=ADVANCED_FACE('',(#4159),#4325,.T.);
#5230=ADVANCED_FACE('',(#4160),#81,.F.);
#5231=ADVANCED_FACE('',(#4161),#82,.T.);
#5232=ADVANCED_FACE('',(#4162),#83,.T.);
#5233=ADVANCED_FACE('',(#4163),#84,.T.);
#5234=ADVANCED_FACE('',(#4164),#85,.T.);
#5235=ADVANCED_FACE('',(#4165),#86,.T.);
#5236=ADVANCED_FACE('',(#4166),#87,.T.);
#5237=ADVANCED_FACE('',(#4167),#88,.T.);
#5238=ADVANCED_FACE('',(#4168),#89,.T.);
#5239=ADVANCED_FACE('',(#4169),#90,.T.);
#5240=ADVANCED_FACE('',(#4170),#91,.T.);
#5241=ADVANCED_FACE('',(#4171),#92,.T.);
#5242=ADVANCED_FACE('',(#4172),#93,.T.);
#5243=ADVANCED_FACE('',(#4173),#94,.T.);
#5244=ADVANCED_FACE('',(#4174),#95,.T.);
#5245=ADVANCED_FACE('',(#4175),#96,.T.);
#5246=ADVANCED_FACE('',(#4176),#97,.T.);
#5247=CLOSED_SHELL('',(#5021,#5022,#5023,#5024,#5025,#5026,#5027,#5028,
#5029,#5030,#5031,#5032,#5033,#5034,#5035,#5036,#5037,#5038,#5039,#5040,
#5041,#5042,#5043,#5044,#5045,#5046,#5047,#5048,#5049,#5050,#5051,#5052,
#5053,#5054,#5055,#5056,#5057,#5058,#5059,#5060,#5061,#5062,#5063,#5064,
#5065,#5066,#5067,#5068,#5069,#5070,#5071,#5072,#5073,#5074,#5075,#5076,
#5077,#5078,#5079,#5080,#5081,#5082,#5083,#5084,#5085,#5086,#5087,#5088,
#5089,#5090,#5091,#5092,#5093,#5094,#5095,#5096,#5097,#5098,#5099,#5100,
#5101,#5102,#5103,#5104,#5105,#5106,#5107,#5108,#5109,#5110,#5111,#5112,
#5113,#5114,#5115,#5116,#5117,#5118));
#5248=CLOSED_SHELL('',(#5119,#5120,#5121,#5122,#5123,#5124,#5125,#5126,
#5127,#5128,#5129,#5130,#5131,#5132,#5133,#5134,#5135,#5136,#5137,#5138,
#5139,#5140,#5141,#5142,#5143,#5144,#5145,#5146,#5147,#5148,#5149,#5150,
#5151,#5152,#5153,#5154,#5155,#5156,#5157,#5158,#5159,#5160,#5161,#5162,
#5163,#5164,#5165,#5166,#5167,#5168,#5169,#5170,#5171,#5172,#5173,#5174,
#5175,#5176,#5177,#5178,#5179,#5180,#5181,#5182,#5183,#5184,#5185,#5186,
#5187,#5188,#5189,#5190,#5191,#5192,#5193,#5194,#5195,#5196,#5197,#5198,
#5199,#5200,#5201,#5202,#5203,#5204,#5205,#5206,#5207,#5208,#5209,#5210,
#5211,#5212,#5213,#5214,#5215,#5216,#5217,#5218,#5219,#5220,#5221,#5222,
#5223,#5224,#5225,#5226,#5227,#5228,#5229,#5230,#5231,#5232,#5233,#5234,
#5235,#5236,#5237,#5238,#5239,#5240,#5241,#5242,#5243,#5244,#5245,#5246));
#5249=MANIFOLD_SOLID_BREP('',#5247);
#5250=MANIFOLD_SOLID_BREP('',#5248);
#5251=SHAPE_DEFINITION_REPRESENTATION(#10835,#5252);
#5252=SHAPE_REPRESENTATION('PEC11L-4125F-S0020',(#5253),#10830);
#5253=AXIS2_PLACEMENT_3D('',#6820,#5617,#5618);
#5254=AXIS2_PLACEMENT_3D('',#6821,#5619,#5620);
#5255=AXIS2_PLACEMENT_3D('',#6866,#5643,#5644);
#5256=AXIS2_PLACEMENT_3D('',#6874,#5648,#5649);
#5257=AXIS2_PLACEMENT_3D('',#6886,#5655,#5656);
#5258=AXIS2_PLACEMENT_3D('',#6887,#5657,#5658);
#5259=AXIS2_PLACEMENT_3D('',#6921,#5676,#5677);
#5260=AXIS2_PLACEMENT_3D('',#6929,#5681,#5682);
#5261=AXIS2_PLACEMENT_3D('',#6938,#5687,#5688);
#5262=AXIS2_PLACEMENT_3D('',#6939,#5689,#5690);
#5263=AXIS2_PLACEMENT_3D('',#6943,#5692,#5693);
#5264=AXIS2_PLACEMENT_3D('',#6944,#5694,#5695);
#5265=AXIS2_PLACEMENT_3D('',#6950,#5696,#5697);
#5266=AXIS2_PLACEMENT_3D('',#6956,#5698,#5699);
#5267=AXIS2_PLACEMENT_3D('',#6957,#5700,#5701);
#5268=AXIS2_PLACEMENT_3D('',#6961,#5703,#5704);
#5269=AXIS2_PLACEMENT_3D('',#6964,#5707,#5708);
#5270=AXIS2_PLACEMENT_3D('',#6965,#5709,#5710);
#5271=AXIS2_PLACEMENT_3D('',#6967,#5711,#5712);
#5272=AXIS2_PLACEMENT_3D('',#6968,#5713,#5714);
#5273=AXIS2_PLACEMENT_3D('',#6970,#5715,#5716);
#5274=AXIS2_PLACEMENT_3D('',#6971,#5717,#5718);
#5275=AXIS2_PLACEMENT_3D('',#6973,#5719,#5720);
#5276=AXIS2_PLACEMENT_3D('',#6974,#5721,#5722);
#5277=AXIS2_PLACEMENT_3D('',#6976,#5723,#5724);
#5278=AXIS2_PLACEMENT_3D('',#6985,#5729,#5730);
#5279=AXIS2_PLACEMENT_3D('',#6994,#5735,#5736);
#5280=AXIS2_PLACEMENT_3D('',#7003,#5741,#5742);
#5281=AXIS2_PLACEMENT_3D('',#7899,#5746,#5747);
#5282=AXIS2_PLACEMENT_3D('',#7920,#5748,#5749);
#5283=AXIS2_PLACEMENT_3D('',#8690,#5752,#5753);
#5284=AXIS2_PLACEMENT_3D('',#8695,#5756,#5757);
#5285=AXIS2_PLACEMENT_3D('',#8696,#5758,#5759);
#5286=AXIS2_PLACEMENT_3D('',#8703,#5763,#5764);
#5287=AXIS2_PLACEMENT_3D('',#8810,#5766,#5767);
#5288=AXIS2_PLACEMENT_3D('',#8818,#5769,#5770);
#5289=AXIS2_PLACEMENT_3D('',#8820,#5772,#5773);
#5290=AXIS2_PLACEMENT_3D('',#8828,#5777,#5778);
#5291=AXIS2_PLACEMENT_3D('',#8837,#5783,#5784);
#5292=AXIS2_PLACEMENT_3D('',#8952,#5788,#5789);
#5293=AXIS2_PLACEMENT_3D('',#8953,#5790,#5791);
#5294=AXIS2_PLACEMENT_3D('',#8960,#5795,#5796);
#5295=AXIS2_PLACEMENT_3D('',#9069,#5797,#5798);
#5296=AXIS2_PLACEMENT_3D('',#9077,#5802,#5803);
#5297=AXIS2_PLACEMENT_3D('',#9082,#5806,#5807);
#5298=AXIS2_PLACEMENT_3D('',#9198,#5811,#5812);
#5299=AXIS2_PLACEMENT_3D('',#9199,#5813,#5814);
#5300=AXIS2_PLACEMENT_3D('',#9209,#5820,#5821);
#5301=AXIS2_PLACEMENT_3D('',#9318,#5822,#5823);
#5302=AXIS2_PLACEMENT_3D('',#9319,#5824,#5825);
#5303=AXIS2_PLACEMENT_3D('',#9321,#5826,#5827);
#5304=AXIS2_PLACEMENT_3D('',#9322,#5828,#5829);
#5305=AXIS2_PLACEMENT_3D('',#9327,#5831,#5832);
#5306=AXIS2_PLACEMENT_3D('',#9330,#5834,#5835);
#5307=AXIS2_PLACEMENT_3D('',#9331,#5836,#5837);
#5308=AXIS2_PLACEMENT_3D('',#9335,#5839,#5840);
#5309=AXIS2_PLACEMENT_3D('',#9336,#5841,#5842);
#5310=AXIS2_PLACEMENT_3D('',#9337,#5843,#5844);
#5311=AXIS2_PLACEMENT_3D('',#9339,#5845,#5846);
#5312=AXIS2_PLACEMENT_3D('',#9342,#5848,#5849);
#5313=AXIS2_PLACEMENT_3D('',#9348,#5853,#5854);
#5314=AXIS2_PLACEMENT_3D('',#9352,#5857,#5858);
#5315=AXIS2_PLACEMENT_3D('',#9356,#5861,#5862);
#5316=AXIS2_PLACEMENT_3D('',#9362,#5866,#5867);
#5317=AXIS2_PLACEMENT_3D('',#9371,#5872,#5873);
#5318=AXIS2_PLACEMENT_3D('',#9377,#5877,#5878);
#5319=AXIS2_PLACEMENT_3D('',#9383,#5882,#5883);
#5320=AXIS2_PLACEMENT_3D('',#9388,#5886,#5887);
#5321=AXIS2_PLACEMENT_3D('',#9395,#5891,#5892);
#5322=AXIS2_PLACEMENT_3D('',#9399,#5895,#5896);
#5323=AXIS2_PLACEMENT_3D('',#9406,#5901,#5902);
#5324=AXIS2_PLACEMENT_3D('',#9412,#5906,#5907);
#5325=AXIS2_PLACEMENT_3D('',#9415,#5910,#5911);
#5326=AXIS2_PLACEMENT_3D('',#9421,#5915,#5916);
#5327=AXIS2_PLACEMENT_3D('',#9430,#5921,#5922);
#5328=AXIS2_PLACEMENT_3D('',#9436,#5926,#5927);
#5329=AXIS2_PLACEMENT_3D('',#9440,#5930,#5931);
#5330=AXIS2_PLACEMENT_3D('',#9441,#5932,#5933);
#5331=AXIS2_PLACEMENT_3D('',#9444,#5935,#5936);
#5332=AXIS2_PLACEMENT_3D('',#9448,#5939,#5940);
#5333=AXIS2_PLACEMENT_3D('',#9452,#5943,#5944);
#5334=AXIS2_PLACEMENT_3D('',#9462,#5950,#5951);
#5335=AXIS2_PLACEMENT_3D('',#9468,#5955,#5956);
#5336=AXIS2_PLACEMENT_3D('',#9585,#5961,#5962);
#5337=AXIS2_PLACEMENT_3D('',#9695,#5966,#5967);
#5338=AXIS2_PLACEMENT_3D('',#9703,#5969,#5970);
#5339=AXIS2_PLACEMENT_3D('',#9705,#5972,#5973);
#5340=AXIS2_PLACEMENT_3D('',#9706,#5974,#5975);
#5341=AXIS2_PLACEMENT_3D('',#9707,#5976,#5977);
#5342=AXIS2_PLACEMENT_3D('',#9708,#5978,#5979);
#5343=AXIS2_PLACEMENT_3D('',#9709,#5980,#5981);
#5344=AXIS2_PLACEMENT_3D('',#9710,#5982,#5983);
#5345=AXIS2_PLACEMENT_3D('',#9711,#5984,#5985);
#5346=AXIS2_PLACEMENT_3D('',#9712,#5986,#5987);
#5347=AXIS2_PLACEMENT_3D('',#9713,#5988,#5989);
#5348=AXIS2_PLACEMENT_3D('',#9721,#5993,#5994);
#5349=AXIS2_PLACEMENT_3D('',#9726,#5997,#5998);
#5350=AXIS2_PLACEMENT_3D('',#9838,#6000,#6001);
#5351=AXIS2_PLACEMENT_3D('',#9953,#6006,#6007);
#5352=AXIS2_PLACEMENT_3D('',#9958,#6010,#6011);
#5353=AXIS2_PLACEMENT_3D('',#9959,#6012,#6013);
#5354=AXIS2_PLACEMENT_3D('',#9962,#6015,#6016);
#5355=AXIS2_PLACEMENT_3D('',#9965,#6018,#6019);
#5356=AXIS2_PLACEMENT_3D('',#9968,#6022,#6023);
#5357=AXIS2_PLACEMENT_3D('',#9969,#6024,#6025);
#5358=AXIS2_PLACEMENT_3D('',#9970,#6026,#6027);
#5359=AXIS2_PLACEMENT_3D('',#9973,#6029,#6030);
#5360=AXIS2_PLACEMENT_3D('',#9976,#6032,#6033);
#5361=AXIS2_PLACEMENT_3D('',#9980,#6036,#6037);
#5362=AXIS2_PLACEMENT_3D('',#9984,#6040,#6041);
#5363=AXIS2_PLACEMENT_3D('',#9985,#6042,#6043);
#5364=AXIS2_PLACEMENT_3D('',#9986,#6044,#6045);
#5365=AXIS2_PLACEMENT_3D('',#9987,#6046,#6047);
#5366=AXIS2_PLACEMENT_3D('',#9992,#6050,#6051);
#5367=AXIS2_PLACEMENT_3D('',#9993,#6052,#6053);
#5368=AXIS2_PLACEMENT_3D('',#9996,#6055,#6056);
#5369=AXIS2_PLACEMENT_3D('',#9999,#6058,#6059);
#5370=AXIS2_PLACEMENT_3D('',#10001,#6061,#6062);
#5371=AXIS2_PLACEMENT_3D('',#10003,#6064,#6065);
#5372=AXIS2_PLACEMENT_3D('',#10004,#6066,#6067);
#5373=AXIS2_PLACEMENT_3D('',#10007,#6069,#6070);
#5374=AXIS2_PLACEMENT_3D('',#10010,#6072,#6073);
#5375=AXIS2_PLACEMENT_3D('',#10015,#6076,#6077);
#5376=AXIS2_PLACEMENT_3D('',#10016,#6078,#6079);
#5377=AXIS2_PLACEMENT_3D('',#10018,#6081,#6082);
#5378=AXIS2_PLACEMENT_3D('',#10020,#6084,#6085);
#5379=AXIS2_PLACEMENT_3D('',#10021,#6086,#6087);
#5380=AXIS2_PLACEMENT_3D('',#10022,#6088,#6089);
#5381=AXIS2_PLACEMENT_3D('',#10023,#6090,#6091);
#5382=AXIS2_PLACEMENT_3D('',#10024,#6092,#6093);
#5383=AXIS2_PLACEMENT_3D('',#10025,#6094,#6095);
#5384=AXIS2_PLACEMENT_3D('',#10026,#6096,#6097);
#5385=AXIS2_PLACEMENT_3D('',#10027,#6098,#6099);
#5386=AXIS2_PLACEMENT_3D('',#10028,#6100,#6101);
#5387=AXIS2_PLACEMENT_3D('',#10029,#6102,#6103);
#5388=AXIS2_PLACEMENT_3D('',#10030,#6104,#6105);
#5389=AXIS2_PLACEMENT_3D('',#10031,#6106,#6107);
#5390=AXIS2_PLACEMENT_3D('',#10035,#6109,#6110);
#5391=AXIS2_PLACEMENT_3D('',#10047,#6116,#6117);
#5392=AXIS2_PLACEMENT_3D('',#10055,#6121,#6122);
#5393=AXIS2_PLACEMENT_3D('',#10060,#6125,#6126);
#5394=AXIS2_PLACEMENT_3D('',#10070,#6131,#6132);
#5395=AXIS2_PLACEMENT_3D('',#10082,#6138,#6139);
#5396=AXIS2_PLACEMENT_3D('',#10092,#6144,#6145);
#5397=AXIS2_PLACEMENT_3D('',#10093,#6146,#6147);
#5398=AXIS2_PLACEMENT_3D('',#10096,#6150,#6151);
#5399=AXIS2_PLACEMENT_3D('',#10105,#6156,#6157);
#5400=AXIS2_PLACEMENT_3D('',#10109,#6159,#6160);
#5401=AXIS2_PLACEMENT_3D('',#10118,#6165,#6166);
#5402=AXIS2_PLACEMENT_3D('',#10126,#6170,#6171);
#5403=AXIS2_PLACEMENT_3D('',#10131,#6174,#6175);
#5404=AXIS2_PLACEMENT_3D('',#10141,#6180,#6181);
#5405=AXIS2_PLACEMENT_3D('',#10150,#6186,#6187);
#5406=AXIS2_PLACEMENT_3D('',#10160,#6192,#6193);
#5407=AXIS2_PLACEMENT_3D('',#10161,#6194,#6195);
#5408=AXIS2_PLACEMENT_3D('',#10168,#6199,#6200);
#5409=AXIS2_PLACEMENT_3D('',#10176,#6204,#6205);
#5410=AXIS2_PLACEMENT_3D('',#10192,#6213,#6214);
#5411=AXIS2_PLACEMENT_3D('',#10200,#6218,#6219);
#5412=AXIS2_PLACEMENT_3D('',#10204,#6222,#6223);
#5413=AXIS2_PLACEMENT_3D('',#10205,#6224,#6225);
#5414=AXIS2_PLACEMENT_3D('',#10210,#6227,#6228);
#5415=AXIS2_PLACEMENT_3D('',#10214,#6230,#6231);
#5416=AXIS2_PLACEMENT_3D('',#10218,#6233,#6234);
#5417=AXIS2_PLACEMENT_3D('',#10221,#6236,#6237);
#5418=AXIS2_PLACEMENT_3D('',#10226,#6239,#6240);
#5419=AXIS2_PLACEMENT_3D('',#10242,#6248,#6249);
#5420=AXIS2_PLACEMENT_3D('',#10246,#6251,#6252);
#5421=AXIS2_PLACEMENT_3D('',#10261,#6260,#6261);
#5422=AXIS2_PLACEMENT_3D('',#10268,#6265,#6266);
#5423=AXIS2_PLACEMENT_3D('',#10276,#6270,#6271);
#5424=AXIS2_PLACEMENT_3D('',#10292,#6279,#6280);
#5425=AXIS2_PLACEMENT_3D('',#10300,#6284,#6285);
#5426=AXIS2_PLACEMENT_3D('',#10304,#6288,#6289);
#5427=AXIS2_PLACEMENT_3D('',#10305,#6290,#6291);
#5428=AXIS2_PLACEMENT_3D('',#10310,#6293,#6294);
#5429=AXIS2_PLACEMENT_3D('',#10314,#6296,#6297);
#5430=AXIS2_PLACEMENT_3D('',#10318,#6299,#6300);
#5431=AXIS2_PLACEMENT_3D('',#10321,#6302,#6303);
#5432=AXIS2_PLACEMENT_3D('',#10326,#6305,#6306);
#5433=AXIS2_PLACEMENT_3D('',#10342,#6314,#6315);
#5434=AXIS2_PLACEMENT_3D('',#10346,#6317,#6318);
#5435=AXIS2_PLACEMENT_3D('',#10361,#6326,#6327);
#5436=AXIS2_PLACEMENT_3D('',#10370,#6332,#6333);
#5437=AXIS2_PLACEMENT_3D('',#10373,#6336,#6337);
#5438=AXIS2_PLACEMENT_3D('',#10379,#6341,#6342);
#5439=AXIS2_PLACEMENT_3D('',#10385,#6346,#6347);
#5440=AXIS2_PLACEMENT_3D('',#10386,#6348,#6349);
#5441=AXIS2_PLACEMENT_3D('',#10391,#6351,#6352);
#5442=AXIS2_PLACEMENT_3D('',#10395,#6354,#6355);
#5443=AXIS2_PLACEMENT_3D('',#10399,#6357,#6358);
#5444=AXIS2_PLACEMENT_3D('',#10402,#6360,#6361);
#5445=AXIS2_PLACEMENT_3D('',#10408,#6365,#6366);
#5446=AXIS2_PLACEMENT_3D('',#10409,#6367,#6368);
#5447=AXIS2_PLACEMENT_3D('',#10412,#6370,#6371);
#5448=AXIS2_PLACEMENT_3D('',#10418,#6373,#6374);
#5449=AXIS2_PLACEMENT_3D('',#10426,#6377,#6378);
#5450=AXIS2_PLACEMENT_3D('',#10427,#6379,#6380);
#5451=AXIS2_PLACEMENT_3D('',#10430,#6382,#6383);
#5452=AXIS2_PLACEMENT_3D('',#10434,#6386,#6387);
#5453=AXIS2_PLACEMENT_3D('',#10435,#6388,#6389);
#5454=AXIS2_PLACEMENT_3D('',#10438,#6391,#6392);
#5455=AXIS2_PLACEMENT_3D('',#10444,#6394,#6395);
#5456=AXIS2_PLACEMENT_3D('',#10446,#6397,#6398);
#5457=AXIS2_PLACEMENT_3D('',#10448,#6400,#6401);
#5458=AXIS2_PLACEMENT_3D('',#10449,#6402,#6403);
#5459=AXIS2_PLACEMENT_3D('',#10454,#6405,#6406);
#5460=AXIS2_PLACEMENT_3D('',#10458,#6408,#6409);
#5461=AXIS2_PLACEMENT_3D('',#10461,#6411,#6412);
#5462=AXIS2_PLACEMENT_3D('',#10464,#6414,#6415);
#5463=AXIS2_PLACEMENT_3D('',#10465,#6416,#6417);
#5464=AXIS2_PLACEMENT_3D('',#10470,#6419,#6420);
#5465=AXIS2_PLACEMENT_3D('',#10474,#6422,#6423);
#5466=AXIS2_PLACEMENT_3D('',#10478,#6426,#6427);
#5467=AXIS2_PLACEMENT_3D('',#10481,#6429,#6430);
#5468=AXIS2_PLACEMENT_3D('',#10483,#6432,#6433);
#5469=AXIS2_PLACEMENT_3D('',#10485,#6435,#6436);
#5470=AXIS2_PLACEMENT_3D('',#10492,#6438,#6439);
#5471=AXIS2_PLACEMENT_3D('',#10493,#6440,#6441);
#5472=AXIS2_PLACEMENT_3D('',#10494,#6442,#6443);
#5473=AXIS2_PLACEMENT_3D('',#10495,#6444,#6445);
#5474=AXIS2_PLACEMENT_3D('',#10496,#6446,#6447);
#5475=AXIS2_PLACEMENT_3D('',#10497,#6448,#6449);
#5476=AXIS2_PLACEMENT_3D('',#10498,#6450,#6451);
#5477=AXIS2_PLACEMENT_3D('',#10499,#6452,#6453);
#5478=AXIS2_PLACEMENT_3D('',#10500,#6454,#6455);
#5479=AXIS2_PLACEMENT_3D('',#10501,#6456,#6457);
#5480=AXIS2_PLACEMENT_3D('',#10502,#6458,#6459);
#5481=AXIS2_PLACEMENT_3D('',#10503,#6460,#6461);
#5482=AXIS2_PLACEMENT_3D('',#10504,#6462,#6463);
#5483=AXIS2_PLACEMENT_3D('',#10505,#6464,#6465);
#5484=AXIS2_PLACEMENT_3D('',#10506,#6466,#6467);
#5485=AXIS2_PLACEMENT_3D('',#10507,#6468,#6469);
#5486=AXIS2_PLACEMENT_3D('',#10508,#6470,#6471);
#5487=AXIS2_PLACEMENT_3D('',#10509,#6472,#6473);
#5488=AXIS2_PLACEMENT_3D('',#10510,#6474,#6475);
#5489=AXIS2_PLACEMENT_3D('',#10511,#6476,#6477);
#5490=AXIS2_PLACEMENT_3D('',#10513,#6479,#6480);
#5491=AXIS2_PLACEMENT_3D('',#10515,#6482,#6483);
#5492=AXIS2_PLACEMENT_3D('',#10518,#6486,#6487);
#5493=AXIS2_PLACEMENT_3D('',#10521,#6490,#6491);
#5494=AXIS2_PLACEMENT_3D('',#10524,#6494,#6495);
#5495=AXIS2_PLACEMENT_3D('',#10527,#6498,#6499);
#5496=AXIS2_PLACEMENT_3D('',#10528,#6500,#6501);
#5497=AXIS2_PLACEMENT_3D('',#10529,#6502,#6503);
#5498=AXIS2_PLACEMENT_3D('',#10532,#6506,#6507);
#5499=AXIS2_PLACEMENT_3D('',#10541,#6512,#6513);
#5500=AXIS2_PLACEMENT_3D('',#10544,#6516,#6517);
#5501=AXIS2_PLACEMENT_3D('',#10553,#6522,#6523);
#5502=AXIS2_PLACEMENT_3D('',#10556,#6526,#6527);
#5503=AXIS2_PLACEMENT_3D('',#10557,#6528,#6529);
#5504=AXIS2_PLACEMENT_3D('',#10559,#6531,#6532);
#5505=AXIS2_PLACEMENT_3D('',#10560,#6533,#6534);
#5506=AXIS2_PLACEMENT_3D('',#10562,#6536,#6537);
#5507=AXIS2_PLACEMENT_3D('',#10569,#6539,#6540);
#5508=AXIS2_PLACEMENT_3D('',#10570,#6541,#6542);
#5509=AXIS2_PLACEMENT_3D('',#10573,#6544,#6545);
#5510=AXIS2_PLACEMENT_3D('',#10577,#6548,#6549);
#5511=AXIS2_PLACEMENT_3D('',#10578,#6550,#6551);
#5512=AXIS2_PLACEMENT_3D('',#10581,#6553,#6554);
#5513=AXIS2_PLACEMENT_3D('',#10587,#6556,#6557);
#5514=AXIS2_PLACEMENT_3D('',#10589,#6559,#6560);
#5515=AXIS2_PLACEMENT_3D('',#10591,#6562,#6563);
#5516=AXIS2_PLACEMENT_3D('',#10592,#6564,#6565);
#5517=AXIS2_PLACEMENT_3D('',#10597,#6567,#6568);
#5518=AXIS2_PLACEMENT_3D('',#10601,#6570,#6571);
#5519=AXIS2_PLACEMENT_3D('',#10604,#6573,#6574);
#5520=AXIS2_PLACEMENT_3D('',#10607,#6576,#6577);
#5521=AXIS2_PLACEMENT_3D('',#10608,#6578,#6579);
#5522=AXIS2_PLACEMENT_3D('',#10613,#6581,#6582);
#5523=AXIS2_PLACEMENT_3D('',#10617,#6584,#6585);
#5524=AXIS2_PLACEMENT_3D('',#10621,#6588,#6589);
#5525=AXIS2_PLACEMENT_3D('',#10624,#6591,#6592);
#5526=AXIS2_PLACEMENT_3D('',#10626,#6594,#6595);
#5527=AXIS2_PLACEMENT_3D('',#10628,#6597,#6598);
#5528=AXIS2_PLACEMENT_3D('',#10635,#6600,#6601);
#5529=AXIS2_PLACEMENT_3D('',#10636,#6602,#6603);
#5530=AXIS2_PLACEMENT_3D('',#10639,#6605,#6606);
#5531=AXIS2_PLACEMENT_3D('',#10643,#6609,#6610);
#5532=AXIS2_PLACEMENT_3D('',#10644,#6611,#6612);
#5533=AXIS2_PLACEMENT_3D('',#10647,#6614,#6615);
#5534=AXIS2_PLACEMENT_3D('',#10652,#6616,#6617);
#5535=AXIS2_PLACEMENT_3D('',#10653,#6618,#6619);
#5536=AXIS2_PLACEMENT_3D('',#10655,#6620,#6621);
#5537=AXIS2_PLACEMENT_3D('',#10658,#6623,#6624);
#5538=AXIS2_PLACEMENT_3D('',#10659,#6625,#6626);
#5539=AXIS2_PLACEMENT_3D('',#10661,#6627,#6628);
#5540=AXIS2_PLACEMENT_3D('',#10662,#6629,#6630);
#5541=AXIS2_PLACEMENT_3D('',#10663,#6631,#6632);
#5542=AXIS2_PLACEMENT_3D('',#10665,#6633,#6634);
#5543=AXIS2_PLACEMENT_3D('',#10666,#6635,#6636);
#5544=AXIS2_PLACEMENT_3D('',#10667,#6637,#6638);
#5545=AXIS2_PLACEMENT_3D('',#10670,#6640,#6641);
#5546=AXIS2_PLACEMENT_3D('',#10673,#6643,#6644);
#5547=AXIS2_PLACEMENT_3D('',#10674,#6645,#6646);
#5548=AXIS2_PLACEMENT_3D('',#10675,#6647,#6648);
#5549=AXIS2_PLACEMENT_3D('',#10677,#6649,#6650);
#5550=AXIS2_PLACEMENT_3D('',#10678,#6651,#6652);
#5551=AXIS2_PLACEMENT_3D('',#10679,#6653,#6654);
#5552=AXIS2_PLACEMENT_3D('',#10681,#6655,#6656);
#5553=AXIS2_PLACEMENT_3D('',#10682,#6657,#6658);
#5554=AXIS2_PLACEMENT_3D('',#10684,#6660,#6661);
#5555=AXIS2_PLACEMENT_3D('',#10685,#6662,#6663);
#5556=AXIS2_PLACEMENT_3D('',#10686,#6664,#6665);
#5557=AXIS2_PLACEMENT_3D('',#10689,#6668,#6669);
#5558=AXIS2_PLACEMENT_3D('',#10690,#6670,#6671);
#5559=AXIS2_PLACEMENT_3D('',#10693,#6674,#6675);
#5560=AXIS2_PLACEMENT_3D('',#10694,#6676,#6677);
#5561=AXIS2_PLACEMENT_3D('',#10697,#6680,#6681);
#5562=AXIS2_PLACEMENT_3D('',#10698,#6682,#6683);
#5563=AXIS2_PLACEMENT_3D('',#10701,#6686,#6687);
#5564=AXIS2_PLACEMENT_3D('',#10702,#6688,#6689);
#5565=AXIS2_PLACEMENT_3D('',#10703,#6690,#6691);
#5566=AXIS2_PLACEMENT_3D('',#10704,#6692,#6693);
#5567=AXIS2_PLACEMENT_3D('',#10705,#6694,#6695);
#5568=AXIS2_PLACEMENT_3D('',#10707,#6697,#6698);
#5569=AXIS2_PLACEMENT_3D('',#10709,#6700,#6701);
#5570=AXIS2_PLACEMENT_3D('',#10710,#6702,#6703);
#5571=AXIS2_PLACEMENT_3D('',#10712,#6705,#6706);
#5572=AXIS2_PLACEMENT_3D('',#10714,#6708,#6709);
#5573=AXIS2_PLACEMENT_3D('',#10715,#6710,#6711);
#5574=AXIS2_PLACEMENT_3D('',#10719,#6713,#6714);
#5575=AXIS2_PLACEMENT_3D('',#10723,#6716,#6717);
#5576=AXIS2_PLACEMENT_3D('',#10724,#6718,#6719);
#5577=AXIS2_PLACEMENT_3D('',#10730,#6723,#6724);
#5578=AXIS2_PLACEMENT_3D('',#10731,#6725,#6726);
#5579=AXIS2_PLACEMENT_3D('',#10735,#6728,#6729);
#5580=AXIS2_PLACEMENT_3D('',#10736,#6730,#6731);
#5581=AXIS2_PLACEMENT_3D('',#10746,#6733,#6734);
#5582=AXIS2_PLACEMENT_3D('',#10748,#6736,#6737);
#5583=AXIS2_PLACEMENT_3D('',#10750,#6739,#6740);
#5584=AXIS2_PLACEMENT_3D('',#10751,#6741,#6742);
#5585=AXIS2_PLACEMENT_3D('',#10753,#6744,#6745);
#5586=AXIS2_PLACEMENT_3D('',#10755,#6747,#6748);
#5587=AXIS2_PLACEMENT_3D('',#10764,#6749,#6750);
#5588=AXIS2_PLACEMENT_3D('',#10768,#6752,#6753);
#5589=AXIS2_PLACEMENT_3D('',#10772,#6755,#6756);
#5590=AXIS2_PLACEMENT_3D('',#10773,#6757,#6758);
#5591=AXIS2_PLACEMENT_3D('',#10779,#6762,#6763);
#5592=AXIS2_PLACEMENT_3D('',#10780,#6764,#6765);
#5593=AXIS2_PLACEMENT_3D('',#10784,#6767,#6768);
#5594=AXIS2_PLACEMENT_3D('',#10785,#6769,#6770);
#5595=AXIS2_PLACEMENT_3D('',#10795,#6772,#6773);
#5596=AXIS2_PLACEMENT_3D('',#10797,#6775,#6776);
#5597=AXIS2_PLACEMENT_3D('',#10799,#6778,#6779);
#5598=AXIS2_PLACEMENT_3D('',#10800,#6780,#6781);
#5599=AXIS2_PLACEMENT_3D('',#10802,#6783,#6784);
#5600=AXIS2_PLACEMENT_3D('',#10804,#6786,#6787);
#5601=AXIS2_PLACEMENT_3D('',#10813,#6788,#6789);
#5602=AXIS2_PLACEMENT_3D('',#10814,#6790,#6791);
#5603=AXIS2_PLACEMENT_3D('',#10815,#6792,#6793);
#5604=AXIS2_PLACEMENT_3D('',#10816,#6794,#6795);
#5605=AXIS2_PLACEMENT_3D('',#10817,#6796,#6797);
#5606=AXIS2_PLACEMENT_3D('',#10818,#6798,#6799);
#5607=AXIS2_PLACEMENT_3D('',#10819,#6800,#6801);
#5608=AXIS2_PLACEMENT_3D('',#10820,#6802,#6803);
#5609=AXIS2_PLACEMENT_3D('',#10821,#6804,#6805);
#5610=AXIS2_PLACEMENT_3D('',#10822,#6806,#6807);
#5611=AXIS2_PLACEMENT_3D('',#10823,#6808,#6809);
#5612=AXIS2_PLACEMENT_3D('',#10824,#6810,#6811);
#5613=AXIS2_PLACEMENT_3D('',#10825,#6812,#6813);
#5614=AXIS2_PLACEMENT_3D('',#10826,#6814,#6815);
#5615=AXIS2_PLACEMENT_3D('',#10827,#6816,#6817);
#5616=AXIS2_PLACEMENT_3D('',#10828,#6818,#6819);
#5617=DIRECTION('',(0.,0.,1.));
#5618=DIRECTION('',(1.,0.,0.));
#5619=DIRECTION('',(0.,-1.,0.));
#5620=DIRECTION('',(0.,0.,-1.));
#5621=DIRECTION('',(1.,0.,0.));
#5622=DIRECTION('',(2.30101190235655E-32,0.,-1.));
#5623=DIRECTION('',(1.,0.,0.));
#5624=DIRECTION('',(1.,0.,0.));
#5625=DIRECTION('',(-1.26903952329674E-32,0.,1.));
#5626=DIRECTION('',(-1.,0.,0.));
#5627=DIRECTION('',(1.26903952329674E-32,0.,-1.));
#5628=DIRECTION('',(-1.,0.,0.));
#5629=DIRECTION('',(0.,0.,1.));
#5630=DIRECTION('',(1.,0.,0.));
#5631=DIRECTION('',(0.,0.,1.));
#5632=DIRECTION('',(6.12303176911189E-17,0.,1.));
#5633=DIRECTION('',(1.,-6.12303176911189E-17,-6.12303176911189E-17));
#5634=DIRECTION('',(-6.12303176911189E-17,0.,-1.));
#5635=DIRECTION('',(-1.,6.12303176911189E-17,6.12303176911189E-17));
#5636=DIRECTION('',(2.30101190235655E-32,0.,-1.));
#5637=DIRECTION('',(-1.,0.,0.));
#5638=DIRECTION('',(-1.26903952329674E-32,0.,1.));
#5639=DIRECTION('',(-1.,0.,0.));
#5640=DIRECTION('',(1.26903952329674E-32,0.,-1.));
#5641=DIRECTION('',(1.,0.,0.));
#5642=DIRECTION('',(-1.,0.,0.));
#5643=DIRECTION('',(-1.,5.26418857366866E-48,-2.53993617089512E-32));
#5644=DIRECTION('',(-2.53993617089512E-32,0.,1.));
#5645=DIRECTION('',(-2.53993617089512E-32,-4.14816755272777E-16,1.));
#5646=DIRECTION('',(5.26418857366866E-48,1.,0.));
#5647=DIRECTION('',(-2.53993617089512E-32,-4.14816755272777E-16,1.));
#5648=DIRECTION('',(1.,-6.12303176911189E-17,0.));
#5649=DIRECTION('',(0.,1.,1.3344026738283E-14));
#5650=DIRECTION('',(-6.12303176911189E-17,-1.,0.));
#5651=DIRECTION('',(-2.30101190235655E-32,-2.07256726920561E-16,1.));
#5652=DIRECTION('',(4.60017473075996E-16,-1.,-2.07256726920561E-16));
#5653=DIRECTION('',(-2.53993617089512E-32,0.,1.));
#5654=DIRECTION('',(-6.12303176911189E-17,-1.,0.));
#5655=DIRECTION('',(1.,-6.12303176911189E-17,0.));
#5656=DIRECTION('',(0.,1.,5.78241158658899E-14));
#5657=DIRECTION('',(0.,1.,0.));
#5658=DIRECTION('',(0.,0.,1.));
#5659=DIRECTION('',(-1.,0.,0.));
#5660=DIRECTION('',(2.30101190235655E-32,0.,-1.));
#5661=DIRECTION('',(-1.,0.,0.));
#5662=DIRECTION('',(1.,0.,0.));
#5663=DIRECTION('',(2.53993617089512E-32,0.,-1.));
#5664=DIRECTION('',(-1.,0.,0.));
#5665=DIRECTION('',(1.,0.,0.));
#5666=DIRECTION('',(0.,0.,1.));
#5667=DIRECTION('',(-1.,0.,0.));
#5668=DIRECTION('',(0.,0.,1.));
#5669=DIRECTION('',(2.30101190235655E-32,0.,-1.));
#5670=DIRECTION('',(1.,0.,0.));
#5671=DIRECTION('',(2.53993617089512E-32,0.,-1.));
#5672=DIRECTION('',(-1.,0.,0.));
#5673=DIRECTION('',(-2.53993617089512E-32,0.,1.));
#5674=DIRECTION('',(1.,0.,0.));
#5675=DIRECTION('',(1.,0.,0.));
#5676=DIRECTION('',(1.,-5.26418857366866E-48,2.53993617089512E-32));
#5677=DIRECTION('',(2.53993617089512E-32,0.,-1.));
#5678=DIRECTION('',(-2.53993617089512E-32,-4.14816755272777E-16,1.));
#5679=DIRECTION('',(-5.26418857366866E-48,-1.,0.));
#5680=DIRECTION('',(-2.53993617089512E-32,-4.14816755272777E-16,1.));
#5681=DIRECTION('',(1.,-6.12303176911189E-17,0.));
#5682=DIRECTION('',(0.,1.,5.78241158658899E-14));
#5683=DIRECTION('',(-6.12303176911189E-17,-1.,0.));
#5684=DIRECTION('',(-4.60017473075996E-16,-1.,-2.07256726920561E-16));
#5685=DIRECTION('',(-2.30101190235655E-32,-2.07256726920561E-16,1.));
#5686=DIRECTION('',(-6.12303176911189E-17,-1.,0.));
#5687=DIRECTION('',(1.,-6.12303176911189E-17,0.));
#5688=DIRECTION('',(0.,1.,1.3344026738283E-14));
#5689=DIRECTION('',(0.,0.,1.));
#5690=DIRECTION('',(1.,0.,0.));
#5691=DIRECTION('',(-1.,0.,0.));
#5692=DIRECTION('',(0.,0.,1.));
#5693=DIRECTION('',(1.,0.,0.));
#5694=DIRECTION('',(0.,0.,-1.));
#5695=DIRECTION('',(-1.,0.,0.));
#5696=DIRECTION('',(0.,0.,1.));
#5697=DIRECTION('',(1.,0.,0.));
#5698=DIRECTION('',(0.,4.02662094641818E-16,-1.));
#5699=DIRECTION('',(0.,1.,4.02662094641818E-16));
#5700=DIRECTION('',(0.,4.02662094641818E-16,-1.));
#5701=DIRECTION('',(0.,1.,4.02662094641818E-16));
#5702=DIRECTION('',(-1.,0.,0.));
#5703=DIRECTION('',(0.,1.,1.11793370885582E-16));
#5704=DIRECTION('',(0.,-1.11793370885582E-16,1.));
#5705=DIRECTION('',(0.,0.,-1.));
#5706=DIRECTION('',(0.,0.,-1.));
#5707=DIRECTION('',(0.,0.,-1.));
#5708=DIRECTION('',(-1.,0.,0.));
#5709=DIRECTION('',(0.,0.,-1.));
#5710=DIRECTION('',(-1.,0.,0.));
#5711=DIRECTION('',(0.,0.,-1.));
#5712=DIRECTION('',(-1.,0.,0.));
#5713=DIRECTION('',(0.,0.,-1.));
#5714=DIRECTION('',(-1.,0.,0.));
#5715=DIRECTION('',(0.,0.,-1.));
#5716=DIRECTION('',(-1.,0.,0.));
#5717=DIRECTION('',(0.,0.,-1.));
#5718=DIRECTION('',(-1.,0.,0.));
#5719=DIRECTION('',(0.,0.,1.));
#5720=DIRECTION('',(1.,0.,0.));
#5721=DIRECTION('',(0.,0.,1.));
#5722=DIRECTION('',(1.,0.,0.));
#5723=DIRECTION('',(0.,0.,-1.));
#5724=DIRECTION('',(-1.,0.,0.));
#5725=DIRECTION('',(-1.,0.,0.));
#5726=DIRECTION('',(2.63016977931312E-48,1.,0.));
#5727=DIRECTION('',(1.,0.,0.));
#5728=DIRECTION('',(-2.63016977931312E-48,-1.,0.));
#5729=DIRECTION('',(0.,0.,-1.));
#5730=DIRECTION('',(-1.,0.,0.));
#5731=DIRECTION('',(-1.,0.,0.));
#5732=DIRECTION('',(2.63016977931312E-48,1.,0.));
#5733=DIRECTION('',(1.,0.,0.));
#5734=DIRECTION('',(-2.63016977931312E-48,-1.,0.));
#5735=DIRECTION('',(0.,0.,-1.));
#5736=DIRECTION('',(-1.,0.,0.));
#5737=DIRECTION('',(-1.,0.,0.));
#5738=DIRECTION('',(2.63016977931312E-48,1.,0.));
#5739=DIRECTION('',(1.,0.,0.));
#5740=DIRECTION('',(-2.63016977931312E-48,-1.,0.));
#5741=DIRECTION('',(1.,1.75786354351235E-14,1.09286747266024E-30));
#5742=DIRECTION('',(-1.75786354351235E-14,1.,-9.72346137165803E-63));
#5743=DIRECTION('',(1.58217794254798E-14,-0.900057315817964,-0.435771532161707));
#5744=DIRECTION('',(-1.58217794254798E-14,0.900057315817965,-0.435771532161706));
#5745=DIRECTION('',(0.,0.,-1.));
#5746=DIRECTION('',(0.,0.,-1.));
#5747=DIRECTION('',(-1.,0.,0.));
#5748=DIRECTION('',(0.,0.,1.));
#5749=DIRECTION('',(1.,0.,0.));
#5750=DIRECTION('',(-1.26903952329674E-32,-2.07256726920561E-16,1.));
#5751=DIRECTION('',(-1.26903952329674E-32,-2.07256726920561E-16,1.));
#5752=DIRECTION('',(-1.,6.12303176911189E-17,0.));
#5753=DIRECTION('',(0.,-1.,4.8495083895982E-14));
#5754=DIRECTION('',(6.12303176911189E-17,1.,0.));
#5755=DIRECTION('',(6.12303176911189E-17,1.,0.));
#5756=DIRECTION('',(-1.,6.12303176911189E-17,0.));
#5757=DIRECTION('',(0.,-1.,4.8495083895982E-14));
#5758=DIRECTION('',(-1.,2.63016977931312E-48,-1.26903952329674E-32));
#5759=DIRECTION('',(-1.26903952329674E-32,0.,1.));
#5760=DIRECTION('',(-1.26903952329674E-32,-2.07256726920561E-16,1.));
#5761=DIRECTION('',(-2.63016977931312E-48,-1.,0.));
#5762=DIRECTION('',(6.12303176911189E-17,1.,0.));
#5763=DIRECTION('',(-1.,6.12303176911189E-17,0.));
#5764=DIRECTION('',(0.,-1.,2.17021038341128E-13));
#5765=DIRECTION('',(6.12303176911189E-17,1.,0.));
#5766=DIRECTION('',(-1.,6.12303176911189E-17,0.));
#5767=DIRECTION('',(0.,-1.,2.17021038341128E-13));
#5768=DIRECTION('',(-1.26903952329674E-32,-2.07256726920561E-16,1.));
#5769=DIRECTION('',(1.,-2.63016977931312E-48,1.26903952329674E-32));
#5770=DIRECTION('',(1.26903952329674E-32,0.,-1.));
#5771=DIRECTION('',(2.63016977931312E-48,1.,0.));
#5772=DIRECTION('',(1.,-2.63016977931312E-48,1.26903952329674E-32));
#5773=DIRECTION('',(1.26903952329674E-32,0.,-1.));
#5774=DIRECTION('',(-1.26903952329674E-32,-2.07256726920561E-16,1.));
#5775=DIRECTION('',(2.63016977931312E-48,1.,0.));
#5776=DIRECTION('',(-1.26903952329674E-32,-2.07256726920561E-16,1.));
#5777=DIRECTION('',(-1.,6.12303176911189E-17,0.));
#5778=DIRECTION('',(0.,-1.,2.17021038341128E-13));
#5779=DIRECTION('',(6.12303176911189E-17,1.,0.));
#5780=DIRECTION('',(4.60017473075996E-16,1.,2.07256726920561E-16));
#5781=DIRECTION('',(-2.30101190235655E-32,-2.07256726920561E-16,1.));
#5782=DIRECTION('',(6.12303176911189E-17,1.,0.));
#5783=DIRECTION('',(-1.,6.12303176911189E-17,0.));
#5784=DIRECTION('',(0.,-1.,4.8495083895982E-14));
#5785=DIRECTION('',(-1.26903952329674E-32,-2.07256726920561E-16,1.));
#5786=DIRECTION('',(4.60017473075996E-16,1.,2.07256726920561E-16));
#5787=DIRECTION('',(6.12303176911189E-17,1.,0.));
#5788=DIRECTION('',(-1.,6.12303176911189E-17,0.));
#5789=DIRECTION('',(0.,-1.,4.8495083895982E-14));
#5790=DIRECTION('',(-1.,2.63016977931312E-48,-1.26903952329674E-32));
#5791=DIRECTION('',(-1.26903952329674E-32,0.,1.));
#5792=DIRECTION('',(-1.26903952329674E-32,-2.07256726920561E-16,1.));
#5793=DIRECTION('',(-2.63016977931312E-48,-1.,0.));
#5794=DIRECTION('',(6.12303176911189E-17,1.,0.));
#5795=DIRECTION('',(-1.,6.12303176911189E-17,0.));
#5796=DIRECTION('',(0.,-1.,2.17021038341128E-13));
#5797=DIRECTION('',(1.,-2.63016977931312E-48,1.26903952329674E-32));
#5798=DIRECTION('',(1.26903952329674E-32,0.,-1.));
#5799=DIRECTION('',(-1.26903952329674E-32,-2.07256726920561E-16,1.));
#5800=DIRECTION('',(2.63016977931312E-48,1.,0.));
#5801=DIRECTION('',(-1.26903952329674E-32,-2.07256726920561E-16,1.));
#5802=DIRECTION('',(-1.,6.12303176911189E-17,0.));
#5803=DIRECTION('',(0.,-1.,2.17021038341128E-13));
#5804=DIRECTION('',(6.12303176911189E-17,1.,0.));
#5805=DIRECTION('',(6.12303176911189E-17,1.,0.));
#5806=DIRECTION('',(-1.,6.12303176911189E-17,0.));
#5807=DIRECTION('',(0.,-1.,4.8495083895982E-14));
#5808=DIRECTION('',(-1.26903952329674E-32,-2.07256726920561E-16,1.));
#5809=DIRECTION('',(-4.60017473075996E-16,1.,2.07256726920561E-16));
#5810=DIRECTION('',(6.12303176911189E-17,1.,0.));
#5811=DIRECTION('',(-1.,6.12303176911189E-17,0.));
#5812=DIRECTION('',(0.,-1.,4.8495083895982E-14));
#5813=DIRECTION('',(-1.,2.63016977931312E-48,-1.26903952329674E-32));
#5814=DIRECTION('',(-1.26903952329674E-32,0.,1.));
#5815=DIRECTION('',(-1.26903952329674E-32,-2.07256726920561E-16,1.));
#5816=DIRECTION('',(-2.63016977931312E-48,-1.,0.));
#5817=DIRECTION('',(-2.30101190235655E-32,-2.07256726920561E-16,1.));
#5818=DIRECTION('',(-4.60017473075996E-16,1.,2.07256726920561E-16));
#5819=DIRECTION('',(6.12303176911189E-17,1.,0.));
#5820=DIRECTION('',(-1.,6.12303176911189E-17,0.));
#5821=DIRECTION('',(0.,-1.,2.17021038341128E-13));
#5822=DIRECTION('',(0.,0.,-1.));
#5823=DIRECTION('',(-1.,0.,0.));
#5824=DIRECTION('',(0.,0.,-1.));
#5825=DIRECTION('',(-1.,0.,0.));
#5826=DIRECTION('',(0.,0.,-1.));
#5827=DIRECTION('',(-1.,0.,0.));
#5828=DIRECTION('',(0.,0.,-1.));
#5829=DIRECTION('',(1.88700159274345E-16,1.,0.));
#5830=DIRECTION('',(0.,0.,-1.));
#5831=DIRECTION('',(0.,0.,-1.));
#5832=DIRECTION('',(1.88700159274345E-16,1.,0.));
#5833=DIRECTION('',(0.,0.,-1.));
#5834=DIRECTION('',(0.,0.,1.));
#5835=DIRECTION('',(1.,0.,0.));
#5836=DIRECTION('',(0.,0.,1.));
#5837=DIRECTION('',(1.,0.,0.));
#5838=DIRECTION('',(0.,0.,1.));
#5839=DIRECTION('',(0.,0.,1.));
#5840=DIRECTION('',(1.,0.,0.));
#5841=DIRECTION('',(0.,0.,1.));
#5842=DIRECTION('',(1.,0.,0.));
#5843=DIRECTION('',(0.,0.,1.));
#5844=DIRECTION('',(1.,0.,0.));
#5845=DIRECTION('',(0.,0.,1.));
#5846=DIRECTION('',(1.,0.,0.));
#5847=DIRECTION('',(0.,0.,1.));
#5848=DIRECTION('',(0.,0.,1.));
#5849=DIRECTION('',(1.,0.,0.));
#5850=DIRECTION('',(0.,-1.,0.));
#5851=DIRECTION('',(1.,0.,0.));
#5852=DIRECTION('',(0.,1.,0.));
#5853=DIRECTION('',(1.,0.,0.));
#5854=DIRECTION('',(0.,0.,-1.));
#5855=DIRECTION('',(0.,-1.,0.));
#5856=DIRECTION('',(0.,0.,1.));
#5857=DIRECTION('',(-1.,0.,0.));
#5858=DIRECTION('',(0.,0.,1.));
#5859=DIRECTION('',(0.,1.,0.));
#5860=DIRECTION('',(0.,0.,1.));
#5861=DIRECTION('',(-1.88700159274345E-16,-1.,0.));
#5862=DIRECTION('',(1.,-1.88700159274345E-16,0.));
#5863=DIRECTION('',(-1.,1.88700159274345E-16,0.));
#5864=DIRECTION('',(0.,0.,-1.));
#5865=DIRECTION('',(-1.,1.88700159274345E-16,0.));
#5866=DIRECTION('',(0.,1.,0.));
#5867=DIRECTION('',(0.,0.,1.));
#5868=DIRECTION('',(0.,0.,1.));
#5869=DIRECTION('',(-1.,0.,0.));
#5870=DIRECTION('',(0.,0.,-1.));
#5871=DIRECTION('',(-1.,0.,0.));
#5872=DIRECTION('',(0.,0.,1.));
#5873=DIRECTION('',(1.,0.,0.));
#5874=DIRECTION('',(0.,1.,0.));
#5875=DIRECTION('',(0.,-1.,0.));
#5876=DIRECTION('',(-1.,0.,0.));
#5877=DIRECTION('',(0.,-1.,0.));
#5878=DIRECTION('',(0.,0.,-1.));
#5879=DIRECTION('',(0.,0.,-1.));
#5880=DIRECTION('',(0.,0.,1.));
#5881=DIRECTION('',(-1.,0.,0.));
#5882=DIRECTION('',(0.,0.,-1.));
#5883=DIRECTION('',(-1.,0.,0.));
#5884=DIRECTION('',(-1.88700159274345E-16,-1.,0.));
#5885=DIRECTION('',(1.,-1.75534049300793E-15,0.));
#5886=DIRECTION('',(0.,0.,-1.));
#5887=DIRECTION('',(-1.88700159274345E-16,-1.,0.));
#5888=DIRECTION('',(1.,-4.49806881563276E-16,0.));
#5889=DIRECTION('',(1.88700159274345E-16,1.,0.));
#5890=DIRECTION('',(-1.,-2.02959924159053E-16,0.));
#5891=DIRECTION('',(2.02959924159053E-16,-1.,0.));
#5892=DIRECTION('',(1.,2.02959924159053E-16,0.));
#5893=DIRECTION('',(-1.,-2.02959924159053E-16,0.));
#5894=DIRECTION('',(0.,0.,-1.));
#5895=DIRECTION('',(0.,0.,1.));
#5896=DIRECTION('',(1.,0.,0.));
#5897=DIRECTION('',(-1.,0.,0.));
#5898=DIRECTION('',(0.,1.,0.));
#5899=DIRECTION('',(0.,-1.,0.));
#5900=DIRECTION('',(1.,0.,0.));
#5901=DIRECTION('',(0.,-1.,0.));
#5902=DIRECTION('',(0.,0.,-1.));
#5903=DIRECTION('',(0.,8.46206573647223E-16,1.));
#5904=DIRECTION('',(-1.,0.,0.));
#5905=DIRECTION('',(0.,8.46206573647223E-16,1.));
#5906=DIRECTION('',(0.,4.43467495700887E-16,1.));
#5907=DIRECTION('',(0.,-1.,4.43467495700887E-16));
#5908=DIRECTION('',(0.,-1.,4.43467495700887E-16));
#5909=DIRECTION('',(0.,1.,-4.43467495700887E-16));
#5910=DIRECTION('',(0.,-4.43467495700887E-16,1.));
#5911=DIRECTION('',(0.,-1.,-4.43467495700887E-16));
#5912=DIRECTION('',(0.,-1.,-4.43467495700887E-16));
#5913=DIRECTION('',(0.,1.,4.43467495700887E-16));
#5914=DIRECTION('',(-1.,0.,0.));
#5915=DIRECTION('',(0.,0.,1.));
#5916=DIRECTION('',(1.,0.,0.));
#5917=DIRECTION('',(-1.,0.,0.));
#5918=DIRECTION('',(-5.26418857366866E-48,-1.,0.));
#5919=DIRECTION('',(1.,0.,0.));
#5920=DIRECTION('',(5.26418857366866E-48,1.,0.));
#5921=DIRECTION('',(1.,0.,0.));
#5922=DIRECTION('',(0.,0.,1.));
#5923=DIRECTION('',(0.,0.,-1.));
#5924=DIRECTION('',(0.,1.,0.));
#5925=DIRECTION('',(0.,0.,-1.));
#5926=DIRECTION('',(1.75534049300793E-15,1.,0.));
#5927=DIRECTION('',(-1.,1.75534049300793E-15,0.));
#5928=DIRECTION('',(1.,-1.75534049300793E-15,0.));
#5929=DIRECTION('',(0.,0.,-1.));
#5930=DIRECTION('',(0.,0.,-1.));
#5931=DIRECTION('',(-1.,0.,0.));
#5932=DIRECTION('',(0.,0.,-1.));
#5933=DIRECTION('',(-1.88700159274345E-16,-1.,0.));
#5934=DIRECTION('',(0.,0.,-1.));
#5935=DIRECTION('',(4.49806881563276E-16,1.,0.));
#5936=DIRECTION('',(-1.,4.49806881563276E-16,0.));
#5937=DIRECTION('',(1.,-4.49806881563276E-16,0.));
#5938=DIRECTION('',(0.,0.,-1.));
#5939=DIRECTION('',(-1.,0.,0.));
#5940=DIRECTION('',(0.,0.,1.));
#5941=DIRECTION('',(0.,-1.,0.));
#5942=DIRECTION('',(0.,0.,-1.));
#5943=DIRECTION('',(0.,1.,0.));
#5944=DIRECTION('',(0.,0.,1.));
#5945=DIRECTION('',(-1.,0.,0.));
#5946=DIRECTION('',(0.,0.,-1.));
#5947=DIRECTION('',(-1.,0.,0.));
#5948=DIRECTION('',(0.,0.,-1.));
#5949=DIRECTION('',(1.,0.,0.));
#5950=DIRECTION('',(-1.,0.,0.));
#5951=DIRECTION('',(0.,0.,1.));
#5952=DIRECTION('',(0.,1.,0.));
#5953=DIRECTION('',(0.,0.,1.));
#5954=DIRECTION('',(0.,-1.,0.));
#5955=DIRECTION('',(1.,0.,0.));
#5956=DIRECTION('',(0.,0.,-1.));
#5957=DIRECTION('',(0.,1.,0.));
#5958=DIRECTION('',(0.,0.,1.));
#5959=DIRECTION('',(0.,-1.,0.));
#5960=DIRECTION('',(-2.53993617089512E-32,-4.14816755272777E-16,1.));
#5961=DIRECTION('',(1.,-6.12303176911189E-17,0.));
#5962=DIRECTION('',(0.,1.,1.3344026738283E-14));
#5963=DIRECTION('',(-6.12303176911189E-17,-1.,0.));
#5964=DIRECTION('',(4.60017473075996E-16,-1.,-2.07256726920561E-16));
#5965=DIRECTION('',(-6.12303176911189E-17,-1.,0.));
#5966=DIRECTION('',(1.,-6.12303176911189E-17,0.));
#5967=DIRECTION('',(0.,1.,5.78241158658899E-14));
#5968=DIRECTION('',(-2.53993617089512E-32,-4.14816755272777E-16,1.));
#5969=DIRECTION('',(1.,-5.26418857366866E-48,2.53993617089512E-32));
#5970=DIRECTION('',(2.53993617089512E-32,0.,-1.));
#5971=DIRECTION('',(-5.26418857366866E-48,-1.,0.));
#5972=DIRECTION('',(0.,0.,1.));
#5973=DIRECTION('',(1.,0.,0.));
#5974=DIRECTION('',(0.,0.,1.));
#5975=DIRECTION('',(1.,0.,0.));
#5976=DIRECTION('',(0.,0.,1.));
#5977=DIRECTION('',(1.,0.,0.));
#5978=DIRECTION('',(0.,0.,1.));
#5979=DIRECTION('',(1.,0.,0.));
#5980=DIRECTION('',(0.,0.,1.));
#5981=DIRECTION('',(1.,0.,0.));
#5982=DIRECTION('',(0.,0.,1.));
#5983=DIRECTION('',(1.,0.,0.));
#5984=DIRECTION('',(0.,0.,1.));
#5985=DIRECTION('',(1.,0.,0.));
#5986=DIRECTION('',(0.,0.,1.));
#5987=DIRECTION('',(1.,0.,0.));
#5988=DIRECTION('',(-1.,5.26418857366866E-48,-2.53993617089512E-32));
#5989=DIRECTION('',(-2.53993617089512E-32,0.,1.));
#5990=DIRECTION('',(-2.53993617089512E-32,-4.14816755272777E-16,1.));
#5991=DIRECTION('',(5.26418857366866E-48,1.,0.));
#5992=DIRECTION('',(-2.53993617089512E-32,-4.14816755272777E-16,1.));
#5993=DIRECTION('',(1.,-6.12303176911189E-17,0.));
#5994=DIRECTION('',(0.,1.,1.3344026738283E-14));
#5995=DIRECTION('',(-6.12303176911189E-17,-1.,0.));
#5996=DIRECTION('',(-6.12303176911189E-17,-1.,0.));
#5997=DIRECTION('',(1.,-6.12303176911189E-17,0.));
#5998=DIRECTION('',(0.,1.,5.78241158658899E-14));
#5999=DIRECTION('',(1.,0.,0.));
#6000=DIRECTION('',(0.,0.,1.));
#6001=DIRECTION('',(1.,0.,0.));
#6002=DIRECTION('',(-1.,0.,0.));
#6003=DIRECTION('',(-5.26418857366866E-48,-1.,0.));
#6004=DIRECTION('',(5.26418857366866E-48,1.,0.));
#6005=DIRECTION('',(-4.60017473075996E-16,-1.,-2.07256726920561E-16));
#6006=DIRECTION('',(0.,-2.07256726920561E-16,1.));
#6007=DIRECTION('',(0.,-1.,-2.07256726920561E-16));
#6008=DIRECTION('',(0.,1.,2.07256726920561E-16));
#6009=DIRECTION('',(1.,-1.9584095093762E-15,-4.05893544883412E-31));
#6010=DIRECTION('',(0.,-2.07256726920561E-16,1.));
#6011=DIRECTION('',(-1.,0.,0.));
#6012=DIRECTION('',(0.,-2.07256726920561E-16,1.));
#6013=DIRECTION('',(0.,-1.,-2.07256726920561E-16));
#6014=DIRECTION('',(0.,1.,2.07256726920561E-16));
#6015=DIRECTION('',(0.,-2.07256726920561E-16,1.));
#6016=DIRECTION('',(-1.,0.,0.));
#6017=DIRECTION('',(1.,-1.9584095093762E-15,-4.05893544883412E-31));
#6018=DIRECTION('',(-1.9584095093762E-15,-1.,-2.07256726920561E-16));
#6019=DIRECTION('',(1.,-1.9584095093762E-15,0.));
#6020=DIRECTION('',(-2.30101190235655E-32,-2.07256726920561E-16,1.));
#6021=DIRECTION('',(-2.30101190235655E-32,-2.07256726920561E-16,1.));
#6022=DIRECTION('',(-2.30101190235655E-32,-2.07256726920561E-16,1.));
#6023=DIRECTION('',(0.,-1.,-2.07256726920561E-16));
#6024=DIRECTION('',(1.,-4.76900195487672E-48,2.30101190235655E-32));
#6025=DIRECTION('',(2.30101190235655E-32,0.,-1.));
#6026=DIRECTION('',(0.,2.07256726920561E-16,-1.));
#6027=DIRECTION('',(0.,1.,2.07256726920561E-16));
#6028=DIRECTION('',(0.,1.,2.07256726920561E-16));
#6029=DIRECTION('',(0.,2.07256726920561E-16,-1.));
#6030=DIRECTION('',(1.,0.,0.));
#6031=DIRECTION('',(-1.,-1.9584095093762E-15,-4.05893544883412E-31));
#6032=DIRECTION('',(1.,-4.76900195487672E-48,2.30101190235655E-32));
#6033=DIRECTION('',(2.30101190235655E-32,0.,-1.));
#6034=DIRECTION('',(0.,1.,2.07256726920561E-16));
#6035=DIRECTION('',(-2.30101190235655E-32,-2.07256726920561E-16,1.));
#6036=DIRECTION('',(-1.9584095093762E-15,1.,2.07256726920561E-16));
#6037=DIRECTION('',(-1.,-1.9584095093762E-15,0.));
#6038=DIRECTION('',(-1.,-1.9584095093762E-15,-4.05893544883412E-31));
#6039=DIRECTION('',(-2.30101190235655E-32,-2.07256726920561E-16,1.));
#6040=DIRECTION('',(-2.30101190235655E-32,-2.07256726920561E-16,1.));
#6041=DIRECTION('',(0.,-1.,-2.07256726920561E-16));
#6042=DIRECTION('',(0.,2.07256726920561E-16,-1.));
#6043=DIRECTION('',(1.,0.,0.));
#6044=DIRECTION('',(0.,2.07256726920561E-16,-1.));
#6045=DIRECTION('',(0.,1.,2.07256726920561E-16));
#6046=DIRECTION('',(0.,-2.07256726920561E-16,1.));
#6047=DIRECTION('',(0.,-1.,-2.07256726920561E-16));
#6048=DIRECTION('',(0.,-1.,-2.07256726920561E-16));
#6049=DIRECTION('',(-1.,0.,0.));
#6050=DIRECTION('',(0.,-2.07256726920561E-16,1.));
#6051=DIRECTION('',(1.,0.,0.));
#6052=DIRECTION('',(0.,-2.07256726920561E-16,1.));
#6053=DIRECTION('',(0.,-1.,-2.07256726920561E-16));
#6054=DIRECTION('',(0.,-1.,-2.07256726920561E-16));
#6055=DIRECTION('',(0.,-2.07256726920561E-16,1.));
#6056=DIRECTION('',(1.,0.,0.));
#6057=DIRECTION('',(-1.,0.,0.));
#6058=DIRECTION('',(-2.30101190235655E-32,-2.07256726920561E-16,1.));
#6059=DIRECTION('',(0.,-1.,-2.07256726920561E-16));
#6060=DIRECTION('',(-2.30101190235655E-32,-2.07256726920561E-16,1.));
#6061=DIRECTION('',(-1.,4.76900195487672E-48,-2.30101190235655E-32));
#6062=DIRECTION('',(-2.30101190235655E-32,0.,1.));
#6063=DIRECTION('',(-2.30101190235655E-32,-2.07256726920561E-16,1.));
#6064=DIRECTION('',(0.,1.,2.07256726920561E-16));
#6065=DIRECTION('',(0.,-2.07256726920561E-16,1.));
#6066=DIRECTION('',(0.,2.07256726920561E-16,-1.));
#6067=DIRECTION('',(0.,1.,2.07256726920561E-16));
#6068=DIRECTION('',(0.,-1.,-2.07256726920561E-16));
#6069=DIRECTION('',(0.,2.07256726920561E-16,-1.));
#6070=DIRECTION('',(-1.,0.,0.));
#6071=DIRECTION('',(1.,0.,0.));
#6072=DIRECTION('',(0.,2.07256726920561E-16,-1.));
#6073=DIRECTION('',(0.,1.,2.07256726920561E-16));
#6074=DIRECTION('',(0.,-1.,-2.07256726920561E-16));
#6075=DIRECTION('',(1.,0.,0.));
#6076=DIRECTION('',(0.,2.07256726920561E-16,-1.));
#6077=DIRECTION('',(-1.,0.,0.));
#6078=DIRECTION('',(-1.,4.76900195487672E-48,-2.30101190235655E-32));
#6079=DIRECTION('',(-2.30101190235655E-32,0.,1.));
#6080=DIRECTION('',(-2.30101190235655E-32,-2.07256726920561E-16,1.));
#6081=DIRECTION('',(0.,-1.,-2.07256726920561E-16));
#6082=DIRECTION('',(0.,2.07256726920561E-16,-1.));
#6083=DIRECTION('',(-2.30101190235655E-32,-2.07256726920561E-16,1.));
#6084=DIRECTION('',(-2.30101190235655E-32,-2.07256726920561E-16,1.));
#6085=DIRECTION('',(0.,-1.,-2.07256726920561E-16));
#6086=DIRECTION('',(-0.707106781186547,3.72234343788585E-48,0.707106781186547));
#6087=DIRECTION('',(-5.26418857366866E-48,-1.,0.));
#6088=DIRECTION('',(0.707106781186548,-3.72234343788585E-48,0.707106781186547));
#6089=DIRECTION('',(5.26418857366866E-48,1.,0.));
#6090=DIRECTION('',(-0.707106781186548,3.72234343788585E-48,0.707106781186547));
#6091=DIRECTION('',(-5.26418857366866E-48,-1.,0.));
#6092=DIRECTION('',(0.707106781186547,-3.72234343788585E-48,0.707106781186547));
#6093=DIRECTION('',(5.26418857366866E-48,1.,0.));
#6094=DIRECTION('',(0.707106781186547,-1.85981088662423E-48,0.707106781186547));
#6095=DIRECTION('',(-2.63016977931312E-48,-1.,0.));
#6096=DIRECTION('',(-0.707106781186548,1.85981088662423E-48,0.707106781186547));
#6097=DIRECTION('',(2.63016977931312E-48,1.,0.));
#6098=DIRECTION('',(0.707106781186548,-1.85981088662423E-48,0.707106781186547));
#6099=DIRECTION('',(-2.63016977931312E-48,-1.,0.));
#6100=DIRECTION('',(-0.707106781186548,1.85981088662423E-48,0.707106781186547));
#6101=DIRECTION('',(2.63016977931312E-48,1.,0.));
#6102=DIRECTION('',(0.707106781186548,-1.85981088662423E-48,0.707106781186547));
#6103=DIRECTION('',(-2.63016977931312E-48,-1.,0.));
#6104=DIRECTION('',(-0.707106781186547,1.85981088662423E-48,0.707106781186547));
#6105=DIRECTION('',(2.63016977931312E-48,1.,0.));
#6106=DIRECTION('',(0.,0.,-1.));
#6107=DIRECTION('',(-1.,0.,0.));
#6108=DIRECTION('',(-6.12303176911189E-17,-1.,0.));
#6109=DIRECTION('',(0.,0.,-1.));
#6110=DIRECTION('',(-1.,0.,0.));
#6111=DIRECTION('',(-1.,0.,0.));
#6112=DIRECTION('',(4.16880918534811E-16,-1.,0.));
#6113=DIRECTION('',(1.,0.,0.));
#6114=DIRECTION('',(4.16880918534811E-16,1.,0.));
#6115=DIRECTION('',(-1.,0.,0.));
#6116=DIRECTION('',(0.,0.,-1.));
#6117=DIRECTION('',(-1.,0.,0.));
#6118=DIRECTION('',(-6.12303176911189E-17,-1.,0.));
#6119=DIRECTION('',(-6.12303176911189E-17,-1.,0.));
#6120=DIRECTION('',(-1.,0.,0.));
#6121=DIRECTION('',(0.,0.,-1.));
#6122=DIRECTION('',(-1.,0.,0.));
#6123=DIRECTION('',(-1.,0.,0.));
#6124=DIRECTION('',(0.,1.,0.));
#6125=DIRECTION('',(0.,0.,1.));
#6126=DIRECTION('',(1.,0.,0.));
#6127=DIRECTION('',(1.,0.,0.));
#6128=DIRECTION('',(0.,1.,0.));
#6129=DIRECTION('',(1.,0.,0.));
#6130=DIRECTION('',(6.12303176911189E-17,1.,0.));
#6131=DIRECTION('',(0.,0.,1.));
#6132=DIRECTION('',(1.,0.,0.));
#6133=DIRECTION('',(-1.,0.,0.));
#6134=DIRECTION('',(-4.16880918534811E-16,-1.,0.));
#6135=DIRECTION('',(-1.,0.,0.));
#6136=DIRECTION('',(-4.16880918534811E-16,1.,0.));
#6137=DIRECTION('',(-1.,0.,0.));
#6138=DIRECTION('',(0.,0.,1.));
#6139=DIRECTION('',(1.,0.,0.));
#6140=DIRECTION('',(6.12303176911189E-17,1.,0.));
#6141=DIRECTION('',(-1.,0.,0.));
#6142=DIRECTION('',(0.,1.,0.));
#6143=DIRECTION('',(1.,0.,0.));
#6144=DIRECTION('',(0.,0.,-1.));
#6145=DIRECTION('',(1.,0.,0.));
#6146=DIRECTION('',(0.,1.,0.));
#6147=DIRECTION('',(0.,0.,1.));
#6148=DIRECTION('',(0.,0.,-1.));
#6149=DIRECTION('',(0.,0.,-1.));
#6150=DIRECTION('',(0.,-1.,0.));
#6151=DIRECTION('',(0.,0.,-1.));
#6152=DIRECTION('',(-1.,0.,0.));
#6153=DIRECTION('',(0.,0.,1.));
#6154=DIRECTION('',(-1.,0.,0.));
#6155=DIRECTION('',(0.,0.,1.));
#6156=DIRECTION('',(0.,0.,-1.));
#6157=DIRECTION('',(-1.,0.,0.));
#6158=DIRECTION('',(-6.12303176911189E-17,-1.,0.));
#6159=DIRECTION('',(0.,0.,-1.));
#6160=DIRECTION('',(-1.,0.,0.));
#6161=DIRECTION('',(-1.,0.,0.));
#6162=DIRECTION('',(-4.16880918534811E-16,1.,0.));
#6163=DIRECTION('',(-1.,0.,0.));
#6164=DIRECTION('',(-4.16880918534811E-16,-1.,0.));
#6165=DIRECTION('',(0.,0.,-1.));
#6166=DIRECTION('',(-1.,0.,0.));
#6167=DIRECTION('',(-6.12303176911189E-17,-1.,0.));
#6168=DIRECTION('',(0.,1.,0.));
#6169=DIRECTION('',(1.,0.,0.));
#6170=DIRECTION('',(0.,0.,-1.));
#6171=DIRECTION('',(-1.,0.,0.));
#6172=DIRECTION('',(1.,0.,0.));
#6173=DIRECTION('',(-6.12303176911189E-17,-1.,0.));
#6174=DIRECTION('',(0.,0.,1.));
#6175=DIRECTION('',(1.,0.,0.));
#6176=DIRECTION('',(-1.,0.,0.));
#6177=DIRECTION('',(0.,1.,0.));
#6178=DIRECTION('',(-1.,0.,0.));
#6179=DIRECTION('',(6.12303176911189E-17,1.,0.));
#6180=DIRECTION('',(0.,0.,1.));
#6181=DIRECTION('',(1.,0.,0.));
#6182=DIRECTION('',(4.16880918534811E-16,1.,0.));
#6183=DIRECTION('',(1.,0.,0.));
#6184=DIRECTION('',(4.16880918534811E-16,-1.,0.));
#6185=DIRECTION('',(-1.,0.,0.));
#6186=DIRECTION('',(0.,0.,1.));
#6187=DIRECTION('',(1.,0.,0.));
#6188=DIRECTION('',(6.12303176911189E-17,1.,0.));
#6189=DIRECTION('',(1.,0.,0.));
#6190=DIRECTION('',(0.,1.,0.));
#6191=DIRECTION('',(-1.,0.,0.));
#6192=DIRECTION('',(0.,0.,-1.));
#6193=DIRECTION('',(1.,0.,0.));
#6194=DIRECTION('',(1.,0.,0.));
#6195=DIRECTION('',(0.,0.,-1.));
#6196=DIRECTION('',(0.,1.,0.));
#6197=DIRECTION('',(0.,0.,1.));
#6198=DIRECTION('',(0.,-2.23300274507697E-16,1.));
#6199=DIRECTION('',(1.,0.,0.));
#6200=DIRECTION('',(0.,-1.,0.));
#6201=DIRECTION('',(0.,0.,1.));
#6202=DIRECTION('',(0.,-1.,0.));
#6203=DIRECTION('',(0.,0.,-1.));
#6204=DIRECTION('',(1.,0.,0.));
#6205=DIRECTION('',(0.,1.,0.));
#6206=DIRECTION('',(0.,0.,-1.));
#6207=DIRECTION('',(0.,-1.,0.));
#6208=DIRECTION('',(0.,-1.03452444360603E-16,1.));
#6209=DIRECTION('',(0.,-1.,0.));
#6210=DIRECTION('',(0.,-1.03452444360603E-16,-1.));
#6211=DIRECTION('',(0.,-1.,0.));
#6212=DIRECTION('',(0.,0.,1.));
#6213=DIRECTION('',(1.,0.,0.));
#6214=DIRECTION('',(0.,-1.,0.));
#6215=DIRECTION('',(0.,1.56321067801455E-15,1.));
#6216=DIRECTION('',(0.,-1.,7.37263782060144E-16));
#6217=DIRECTION('',(0.,0.,-1.));
#6218=DIRECTION('',(1.,0.,0.));
#6219=DIRECTION('',(0.,1.,0.));
#6220=DIRECTION('',(0.,-2.23300274507697E-16,-1.));
#6221=DIRECTION('',(0.,0.,-1.));
#6222=DIRECTION('',(1.,0.,0.));
#6223=DIRECTION('',(0.,0.,-1.));
#6224=DIRECTION('',(1.,0.,0.));
#6225=DIRECTION('',(0.,0.,-1.));
#6226=DIRECTION('',(0.,1.,-5.86768490032716E-17));
#6227=DIRECTION('',(1.,0.,0.));
#6228=DIRECTION('',(0.,0.,-1.));
#6229=DIRECTION('',(0.,0.,1.));
#6230=DIRECTION('',(1.,0.,0.));
#6231=DIRECTION('',(0.,0.,-1.));
#6232=DIRECTION('',(0.,-1.,0.));
#6233=DIRECTION('',(1.,0.,0.));
#6234=DIRECTION('',(0.,0.,-1.));
#6235=DIRECTION('',(0.,0.,-1.));
#6236=DIRECTION('',(1.,0.,0.));
#6237=DIRECTION('',(0.,1.,0.));
#6238=DIRECTION('',(0.,-1.,0.));
#6239=DIRECTION('',(1.,0.,0.));
#6240=DIRECTION('',(0.,-1.,0.));
#6241=DIRECTION('',(0.,0.,1.));
#6242=DIRECTION('',(0.,-1.,0.));
#6243=DIRECTION('',(0.,-1.03452444360603E-16,-1.));
#6244=DIRECTION('',(0.,-1.,0.));
#6245=DIRECTION('',(0.,-1.03452444360603E-16,1.));
#6246=DIRECTION('',(0.,-1.,0.));
#6247=DIRECTION('',(0.,0.,-1.));
#6248=DIRECTION('',(1.,0.,0.));
#6249=DIRECTION('',(0.,1.,0.));
#6250=DIRECTION('',(0.,-1.,0.));
#6251=DIRECTION('',(1.,0.,0.));
#6252=DIRECTION('',(0.,-1.,0.));
#6253=DIRECTION('',(0.,-2.23300274507697E-16,1.));
#6254=DIRECTION('',(0.,1.,0.));
#6255=DIRECTION('',(0.,0.,1.));
#6256=DIRECTION('',(0.,1.,0.));
#6257=DIRECTION('',(0.,0.,-1.));
#6258=DIRECTION('',(0.,1.,0.));
#6259=DIRECTION('',(0.,-2.23300274507697E-16,-1.));
#6260=DIRECTION('',(-1.,0.,0.));
#6261=DIRECTION('',(0.,0.,-1.));
#6262=DIRECTION('',(0.,-1.,0.));
#6263=DIRECTION('',(0.,0.,1.));
#6264=DIRECTION('',(0.,-2.23300274507697E-16,-1.));
#6265=DIRECTION('',(1.,0.,0.));
#6266=DIRECTION('',(0.,1.,0.));
#6267=DIRECTION('',(0.,0.,-1.));
#6268=DIRECTION('',(0.,-1.,0.));
#6269=DIRECTION('',(0.,1.56321067801455E-15,1.));
#6270=DIRECTION('',(1.,0.,0.));
#6271=DIRECTION('',(0.,-1.,0.));
#6272=DIRECTION('',(0.,0.,1.));
#6273=DIRECTION('',(0.,-1.,0.));
#6274=DIRECTION('',(0.,-1.03452444360603E-16,-1.));
#6275=DIRECTION('',(0.,-1.,0.));
#6276=DIRECTION('',(0.,-1.03452444360603E-16,1.));
#6277=DIRECTION('',(0.,-1.,0.));
#6278=DIRECTION('',(0.,0.,-1.));
#6279=DIRECTION('',(1.,0.,0.));
#6280=DIRECTION('',(0.,1.,0.));
#6281=DIRECTION('',(0.,0.,-1.));
#6282=DIRECTION('',(0.,-1.,0.));
#6283=DIRECTION('',(0.,0.,1.));
#6284=DIRECTION('',(1.,0.,0.));
#6285=DIRECTION('',(0.,-1.,0.));
#6286=DIRECTION('',(0.,-2.23300274507697E-16,1.));
#6287=DIRECTION('',(0.,0.,-1.));
#6288=DIRECTION('',(-1.,0.,0.));
#6289=DIRECTION('',(0.,0.,-1.));
#6290=DIRECTION('',(-1.,0.,0.));
#6291=DIRECTION('',(0.,0.,1.));
#6292=DIRECTION('',(0.,1.,-5.86768490032716E-17));
#6293=DIRECTION('',(-1.,0.,0.));
#6294=DIRECTION('',(0.,0.,1.));
#6295=DIRECTION('',(0.,0.,-1.));
#6296=DIRECTION('',(-1.,0.,0.));
#6297=DIRECTION('',(0.,0.,1.));
#6298=DIRECTION('',(0.,-1.,0.));
#6299=DIRECTION('',(-1.,0.,0.));
#6300=DIRECTION('',(0.,0.,1.));
#6301=DIRECTION('',(0.,0.,1.));
#6302=DIRECTION('',(1.,0.,0.));
#6303=DIRECTION('',(0.,-1.,0.));
#6304=DIRECTION('',(0.,-1.,0.));
#6305=DIRECTION('',(1.,0.,0.));
#6306=DIRECTION('',(0.,1.,0.));
#6307=DIRECTION('',(0.,-2.23300274507697E-16,-1.));
#6308=DIRECTION('',(0.,1.,0.));
#6309=DIRECTION('',(0.,0.,1.));
#6310=DIRECTION('',(0.,-1.,0.));
#6311=DIRECTION('',(0.,0.,-1.));
#6312=DIRECTION('',(0.,1.,0.));
#6313=DIRECTION('',(0.,-2.23300274507697E-16,1.));
#6314=DIRECTION('',(1.,0.,0.));
#6315=DIRECTION('',(0.,-1.,0.));
#6316=DIRECTION('',(0.,-1.,0.));
#6317=DIRECTION('',(1.,0.,0.));
#6318=DIRECTION('',(0.,1.,0.));
#6319=DIRECTION('',(0.,0.,-1.));
#6320=DIRECTION('',(0.,-1.,0.));
#6321=DIRECTION('',(0.,-1.03452444360603E-16,1.));
#6322=DIRECTION('',(0.,-1.,0.));
#6323=DIRECTION('',(0.,-1.03452444360603E-16,-1.));
#6324=DIRECTION('',(0.,-1.,0.));
#6325=DIRECTION('',(0.,0.,1.));
#6326=DIRECTION('',(-1.,0.,0.));
#6327=DIRECTION('',(0.,0.,1.));
#6328=DIRECTION('',(0.,-1.,0.));
#6329=DIRECTION('',(0.,0.,-1.));
#6330=DIRECTION('',(0.,1.,0.));
#6331=DIRECTION('',(0.,0.,1.));
#6332=DIRECTION('',(0.,0.,1.));
#6333=DIRECTION('',(1.,0.,0.));
#6334=DIRECTION('',(-1.,0.,0.));
#6335=DIRECTION('',(-1.,0.,0.));
#6336=DIRECTION('',(0.,7.37263782060144E-16,1.));
#6337=DIRECTION('',(0.,-1.,7.37263782060144E-16));
#6338=DIRECTION('',(-1.,0.,0.));
#6339=DIRECTION('',(-1.,0.,0.));
#6340=DIRECTION('',(0.,1.,-7.37263782060144E-16));
#6341=DIRECTION('',(-1.,0.,0.));
#6342=DIRECTION('',(0.,0.,1.));
#6343=DIRECTION('',(0.,-1.,0.));
#6344=DIRECTION('',(0.,0.,-1.));
#6345=DIRECTION('',(0.,0.,1.));
#6346=DIRECTION('',(1.,0.,0.));
#6347=DIRECTION('',(0.,0.,-1.));
#6348=DIRECTION('',(1.,0.,0.));
#6349=DIRECTION('',(0.,0.,-1.));
#6350=DIRECTION('',(0.,1.,0.));
#6351=DIRECTION('',(1.,0.,0.));
#6352=DIRECTION('',(0.,0.,-1.));
#6353=DIRECTION('',(0.,0.,-1.));
#6354=DIRECTION('',(1.,0.,0.));
#6355=DIRECTION('',(0.,0.,-1.));
#6356=DIRECTION('',(0.,-1.,5.86768490032716E-17));
#6357=DIRECTION('',(1.,0.,0.));
#6358=DIRECTION('',(0.,0.,-1.));
#6359=DIRECTION('',(0.,0.,1.));
#6360=DIRECTION('',(0.,0.,-1.));
#6361=DIRECTION('',(-1.,0.,0.));
#6362=DIRECTION('',(-1.,0.,0.));
#6363=DIRECTION('',(0.,-1.,0.));
#6364=DIRECTION('',(-1.,0.,0.));
#6365=DIRECTION('',(0.,1.,0.));
#6366=DIRECTION('',(0.,0.,1.));
#6367=DIRECTION('',(0.,1.,0.));
#6368=DIRECTION('',(0.,0.,1.));
#6369=DIRECTION('',(-1.,0.,0.));
#6370=DIRECTION('',(-1.,0.,0.));
#6371=DIRECTION('',(0.,0.,1.));
#6372=DIRECTION('',(-1.,0.,0.));
#6373=DIRECTION('',(-1.,0.,0.));
#6374=DIRECTION('',(0.,0.,1.));
#6375=DIRECTION('',(-1.,0.,0.));
#6376=DIRECTION('',(-1.,0.,0.));
#6377=DIRECTION('',(0.,-1.,0.));
#6378=DIRECTION('',(0.,0.,-1.));
#6379=DIRECTION('',(0.,-1.,0.));
#6380=DIRECTION('',(0.,0.,-1.));
#6381=DIRECTION('',(-1.,0.,0.));
#6382=DIRECTION('',(0.,0.,-1.));
#6383=DIRECTION('',(-1.,0.,0.));
#6384=DIRECTION('',(0.,-1.,0.));
#6385=DIRECTION('',(-1.,0.,0.));
#6386=DIRECTION('',(0.,1.,0.));
#6387=DIRECTION('',(0.,0.,1.));
#6388=DIRECTION('',(0.,1.,0.));
#6389=DIRECTION('',(0.,0.,1.));
#6390=DIRECTION('',(-1.,0.,0.));
#6391=DIRECTION('',(-1.,0.,0.));
#6392=DIRECTION('',(0.,0.,1.));
#6393=DIRECTION('',(-1.,0.,0.));
#6394=DIRECTION('',(0.,1.,0.));
#6395=DIRECTION('',(0.,0.,1.));
#6396=DIRECTION('',(-1.,0.,0.));
#6397=DIRECTION('',(0.,0.,-1.));
#6398=DIRECTION('',(-1.,0.,0.));
#6399=DIRECTION('',(-1.,0.,0.));
#6400=DIRECTION('',(0.,-1.,-1.03452444360603E-16));
#6401=DIRECTION('',(0.,1.03452444360603E-16,-1.));
#6402=DIRECTION('',(0.,1.,0.));
#6403=DIRECTION('',(1.,0.,0.));
#6404=DIRECTION('',(-0.70572818748651,7.32942663127966E-17,-0.708482692369408));
#6405=DIRECTION('',(0.,-1.,0.));
#6406=DIRECTION('',(1.,0.,0.));
#6407=DIRECTION('',(-0.705728187486513,0.,-0.708482692369406));
#6408=DIRECTION('',(0.,1.,0.));
#6409=DIRECTION('',(-1.,0.,0.));
#6410=DIRECTION('',(0.705728187486511,0.,0.708482692369407));
#6411=DIRECTION('',(0.,1.,0.));
#6412=DIRECTION('',(1.,0.,0.));
#6413=DIRECTION('',(0.,0.,1.));
#6414=DIRECTION('',(0.,1.,-1.03452444360603E-16));
#6415=DIRECTION('',(0.,1.03452444360603E-16,1.));
#6416=DIRECTION('',(0.,-1.,0.));
#6417=DIRECTION('',(1.,0.,0.));
#6418=DIRECTION('',(-0.70572818748651,-7.32942663127966E-17,-0.708482692369408));
#6419=DIRECTION('',(0.,1.,0.));
#6420=DIRECTION('',(1.,0.,0.));
#6421=DIRECTION('',(0.,0.,1.));
#6422=DIRECTION('',(0.,1.,0.));
#6423=DIRECTION('',(1.,0.,0.));
#6424=DIRECTION('',(0.705728187486511,0.,0.708482692369407));
#6425=DIRECTION('',(-1.,0.,0.));
#6426=DIRECTION('',(0.,1.,0.));
#6427=DIRECTION('',(-1.,0.,0.));
#6428=DIRECTION('',(-0.705728187486513,0.,-0.708482692369406));
#6429=DIRECTION('',(0.,0.,-1.));
#6430=DIRECTION('',(-1.,0.,0.));
#6431=DIRECTION('',(-1.,0.,0.));
#6432=DIRECTION('',(0.,-1.,0.));
#6433=DIRECTION('',(0.,0.,-1.));
#6434=DIRECTION('',(-1.,0.,0.));
#6435=DIRECTION('',(-1.,0.,0.));
#6436=DIRECTION('',(0.,0.,1.));
#6437=DIRECTION('',(-1.,0.,0.));
#6438=DIRECTION('',(0.,-1.,1.56321067801455E-15));
#6439=DIRECTION('',(0.,-1.56321067801455E-15,-1.));
#6440=DIRECTION('',(0.,-1.,1.56321067801455E-15));
#6441=DIRECTION('',(0.,-1.56321067801455E-15,-1.));
#6442=DIRECTION('',(0.,0.,-1.));
#6443=DIRECTION('',(-1.,0.,0.));
#6444=DIRECTION('',(0.,0.,-1.));
#6445=DIRECTION('',(-1.,0.,0.));
#6446=DIRECTION('',(0.,0.,-1.));
#6447=DIRECTION('',(-1.,0.,0.));
#6448=DIRECTION('',(1.,0.,0.));
#6449=DIRECTION('',(0.,0.,-1.));
#6450=DIRECTION('',(0.,-1.,0.));
#6451=DIRECTION('',(0.,0.,-1.));
#6452=DIRECTION('',(0.,-1.,0.));
#6453=DIRECTION('',(0.,0.,-1.));
#6454=DIRECTION('',(0.,1.,0.));
#6455=DIRECTION('',(0.,0.,1.));
#6456=DIRECTION('',(1.,0.,0.));
#6457=DIRECTION('',(0.,0.,-1.));
#6458=DIRECTION('',(0.,0.,-1.));
#6459=DIRECTION('',(-1.,0.,0.));
#6460=DIRECTION('',(0.,0.,1.));
#6461=DIRECTION('',(1.,0.,0.));
#6462=DIRECTION('',(0.,0.,-1.));
#6463=DIRECTION('',(-1.,0.,0.));
#6464=DIRECTION('',(1.,0.,0.));
#6465=DIRECTION('',(0.,0.,-1.));
#6466=DIRECTION('',(0.,-1.,0.));
#6467=DIRECTION('',(0.,0.,-1.));
#6468=DIRECTION('',(0.,1.,-5.86768490032716E-17));
#6469=DIRECTION('',(0.,5.86768490032716E-17,1.));
#6470=DIRECTION('',(0.,1.,0.));
#6471=DIRECTION('',(0.,0.,1.));
#6472=DIRECTION('',(1.,0.,0.));
#6473=DIRECTION('',(0.,0.,-1.));
#6474=DIRECTION('',(0.,1.,-2.23300274507697E-16));
#6475=DIRECTION('',(0.,2.23300274507697E-16,1.));
#6476=DIRECTION('',(0.,1.,-2.23300274507697E-16));
#6477=DIRECTION('',(0.,2.23300274507697E-16,1.));
#6478=DIRECTION('',(0.,-2.23300274507697E-16,-1.));
#6479=DIRECTION('',(-1.,6.12303176911189E-17,0.));
#6480=DIRECTION('',(-6.12303176911189E-17,-1.,0.));
#6481=DIRECTION('',(0.,0.,-1.));
#6482=DIRECTION('',(0.,1.,0.));
#6483=DIRECTION('',(0.,0.,1.));
#6484=DIRECTION('',(0.,0.,-1.));
#6485=DIRECTION('',(-1.11341973003294E-15,0.,1.));
#6486=DIRECTION('',(-1.,6.12303176911189E-17,0.));
#6487=DIRECTION('',(-6.12303176911189E-17,-1.,0.));
#6488=DIRECTION('',(0.,0.,1.));
#6489=DIRECTION('',(0.,-2.23300274507697E-16,1.));
#6490=DIRECTION('',(0.,-1.,0.));
#6491=DIRECTION('',(0.,0.,-1.));
#6492=DIRECTION('',(0.,0.,1.));
#6493=DIRECTION('',(0.,0.,1.));
#6494=DIRECTION('',(-1.,6.12303176911189E-17,0.));
#6495=DIRECTION('',(-6.12303176911189E-17,-1.,0.));
#6496=DIRECTION('',(0.,0.,1.));
#6497=DIRECTION('',(-1.36727467486203E-32,-2.23300274507697E-16,1.));
#6498=DIRECTION('',(0.,-1.,-2.23300274507697E-16));
#6499=DIRECTION('',(0.,2.23300274507697E-16,-1.));
#6500=DIRECTION('',(0.,-1.,-2.23300274507697E-16));
#6501=DIRECTION('',(0.,2.23300274507697E-16,-1.));
#6502=DIRECTION('',(-1.,6.12303176911189E-17,0.));
#6503=DIRECTION('',(-6.12303176911189E-17,-1.,0.));
#6504=DIRECTION('',(0.,0.,-1.));
#6505=DIRECTION('',(0.,-2.23300274507697E-16,-1.));
#6506=DIRECTION('',(-1.,0.,0.));
#6507=DIRECTION('',(0.,0.,1.));
#6508=DIRECTION('',(0.,1.,0.));
#6509=DIRECTION('',(0.,0.,-1.));
#6510=DIRECTION('',(0.,-1.,0.));
#6511=DIRECTION('',(0.,0.,1.));
#6512=DIRECTION('',(0.,0.,-1.));
#6513=DIRECTION('',(-1.,0.,0.));
#6514=DIRECTION('',(1.,0.,0.));
#6515=DIRECTION('',(1.,0.,0.));
#6516=DIRECTION('',(-1.,0.,0.));
#6517=DIRECTION('',(0.,0.,1.));
#6518=DIRECTION('',(0.,1.,0.));
#6519=DIRECTION('',(0.,0.,-1.));
#6520=DIRECTION('',(0.,-1.,0.));
#6521=DIRECTION('',(0.,0.,1.));
#6522=DIRECTION('',(0.,0.,-1.));
#6523=DIRECTION('',(-1.,0.,0.));
#6524=DIRECTION('',(1.,0.,0.));
#6525=DIRECTION('',(1.,0.,0.));
#6526=DIRECTION('',(0.,-1.,-2.23300274507697E-16));
#6527=DIRECTION('',(0.,2.23300274507697E-16,-1.));
#6528=DIRECTION('',(0.,-1.,-2.23300274507697E-16));
#6529=DIRECTION('',(0.,2.23300274507697E-16,-1.));
#6530=DIRECTION('',(1.,0.,0.));
#6531=DIRECTION('',(0.,1.,-2.23300274507697E-16));
#6532=DIRECTION('',(0.,2.23300274507697E-16,1.));
#6533=DIRECTION('',(0.,1.,-2.23300274507697E-16));
#6534=DIRECTION('',(0.,2.23300274507697E-16,1.));
#6535=DIRECTION('',(1.,0.,0.));
#6536=DIRECTION('',(1.,0.,0.));
#6537=DIRECTION('',(0.,0.,1.));
#6538=DIRECTION('',(1.,0.,0.));
#6539=DIRECTION('',(0.,1.,0.));
#6540=DIRECTION('',(0.,0.,1.));
#6541=DIRECTION('',(0.,1.,0.));
#6542=DIRECTION('',(0.,0.,1.));
#6543=DIRECTION('',(1.,0.,0.));
#6544=DIRECTION('',(0.,0.,-1.));
#6545=DIRECTION('',(1.,0.,0.));
#6546=DIRECTION('',(0.,-1.,0.));
#6547=DIRECTION('',(1.,0.,0.));
#6548=DIRECTION('',(0.,-1.,1.56321067801455E-15));
#6549=DIRECTION('',(0.,-1.56321067801455E-15,-1.));
#6550=DIRECTION('',(0.,-1.,1.56321067801455E-15));
#6551=DIRECTION('',(0.,-1.56321067801455E-15,-1.));
#6552=DIRECTION('',(1.,0.,0.));
#6553=DIRECTION('',(1.,0.,0.));
#6554=DIRECTION('',(0.,0.,1.));
#6555=DIRECTION('',(1.,0.,0.));
#6556=DIRECTION('',(0.,-1.,0.));
#6557=DIRECTION('',(0.,0.,-1.));
#6558=DIRECTION('',(1.,0.,0.));
#6559=DIRECTION('',(0.,0.,-1.));
#6560=DIRECTION('',(1.,0.,0.));
#6561=DIRECTION('',(1.,0.,0.));
#6562=DIRECTION('',(0.,1.,-1.03452444360603E-16));
#6563=DIRECTION('',(0.,1.03452444360603E-16,1.));
#6564=DIRECTION('',(0.,-1.,0.));
#6565=DIRECTION('',(1.,0.,0.));
#6566=DIRECTION('',(0.705728187486509,-7.32942663127967E-17,-0.708482692369409));
#6567=DIRECTION('',(0.,1.,0.));
#6568=DIRECTION('',(-1.,0.,0.));
#6569=DIRECTION('',(0.705728187486511,0.,-0.708482692369407));
#6570=DIRECTION('',(0.,-1.,0.));
#6571=DIRECTION('',(1.,0.,0.));
#6572=DIRECTION('',(-0.705728187486513,0.,0.708482692369406));
#6573=DIRECTION('',(0.,-1.,0.));
#6574=DIRECTION('',(1.,0.,0.));
#6575=DIRECTION('',(0.,0.,1.));
#6576=DIRECTION('',(0.,-1.,-1.03452444360603E-16));
#6577=DIRECTION('',(0.,1.03452444360603E-16,-1.));
#6578=DIRECTION('',(0.,1.,0.));
#6579=DIRECTION('',(-1.,0.,0.));
#6580=DIRECTION('',(0.705728187486509,7.32942663127967E-17,-0.708482692369409));
#6581=DIRECTION('',(0.,-1.,0.));
#6582=DIRECTION('',(1.,0.,0.));
#6583=DIRECTION('',(0.,0.,1.));
#6584=DIRECTION('',(0.,-1.,0.));
#6585=DIRECTION('',(1.,0.,0.));
#6586=DIRECTION('',(-0.705728187486513,0.,0.708482692369406));
#6587=DIRECTION('',(1.,0.,0.));
#6588=DIRECTION('',(0.,-1.,0.));
#6589=DIRECTION('',(1.,0.,0.));
#6590=DIRECTION('',(0.705728187486511,0.,-0.708482692369407));
#6591=DIRECTION('',(0.,0.,-1.));
#6592=DIRECTION('',(1.,0.,0.));
#6593=DIRECTION('',(1.,0.,0.));
#6594=DIRECTION('',(0.,1.,0.));
#6595=DIRECTION('',(0.,0.,1.));
#6596=DIRECTION('',(1.,0.,0.));
#6597=DIRECTION('',(1.,0.,0.));
#6598=DIRECTION('',(0.,0.,1.));
#6599=DIRECTION('',(1.,0.,0.));
#6600=DIRECTION('',(0.,1.,0.));
#6601=DIRECTION('',(0.,0.,1.));
#6602=DIRECTION('',(0.,1.,0.));
#6603=DIRECTION('',(0.,0.,1.));
#6604=DIRECTION('',(1.,0.,0.));
#6605=DIRECTION('',(0.,0.,-1.));
#6606=DIRECTION('',(1.,0.,0.));
#6607=DIRECTION('',(0.,-1.,0.));
#6608=DIRECTION('',(1.,0.,0.));
#6609=DIRECTION('',(0.,-1.,0.));
#6610=DIRECTION('',(0.,0.,-1.));
#6611=DIRECTION('',(0.,-1.,0.));
#6612=DIRECTION('',(0.,0.,-1.));
#6613=DIRECTION('',(1.,0.,0.));
#6614=DIRECTION('',(1.,0.,0.));
#6615=DIRECTION('',(0.,0.,1.));
#6616=DIRECTION('',(0.,1.,-5.86768490032716E-17));
#6617=DIRECTION('',(0.,5.86768490032716E-17,1.));
#6618=DIRECTION('',(0.,-1.,0.));
#6619=DIRECTION('',(0.,0.,1.));
#6620=DIRECTION('',(0.,1.,0.));
#6621=DIRECTION('',(0.,0.,-1.));
#6622=DIRECTION('',(0.,-1.,5.86768490032716E-17));
#6623=DIRECTION('',(-1.,0.,0.));
#6624=DIRECTION('',(0.,0.,-1.));
#6625=DIRECTION('',(0.,0.,1.));
#6626=DIRECTION('',(1.,0.,0.));
#6627=DIRECTION('',(1.,0.,0.));
#6628=DIRECTION('',(0.,0.,-1.));
#6629=DIRECTION('',(-1.,0.,0.));
#6630=DIRECTION('',(0.,0.,-1.));
#6631=DIRECTION('',(1.,0.,0.));
#6632=DIRECTION('',(0.,0.,-1.));
#6633=DIRECTION('',(0.,0.,1.));
#6634=DIRECTION('',(1.,0.,0.));
#6635=DIRECTION('',(0.,0.,1.));
#6636=DIRECTION('',(-1.,0.,0.));
#6637=DIRECTION('',(0.,0.,1.));
#6638=DIRECTION('',(1.,0.,0.));
#6639=DIRECTION('',(0.,0.,-1.));
#6640=DIRECTION('',(0.,0.,-1.));
#6641=DIRECTION('',(1.,0.,0.));
#6642=DIRECTION('',(0.,0.,1.));
#6643=DIRECTION('',(0.,0.,1.));
#6644=DIRECTION('',(1.,0.,0.));
#6645=DIRECTION('',(-1.,0.,0.));
#6646=DIRECTION('',(0.,0.,-1.));
#6647=DIRECTION('',(0.,-1.,0.));
#6648=DIRECTION('',(0.,0.,1.));
#6649=DIRECTION('',(1.,0.,0.));
#6650=DIRECTION('',(0.,0.,-1.));
#6651=DIRECTION('',(-1.,0.,0.));
#6652=DIRECTION('',(0.,0.,-1.));
#6653=DIRECTION('',(1.,0.,0.));
#6654=DIRECTION('',(0.,0.,-1.));
#6655=DIRECTION('',(0.,1.,0.));
#6656=DIRECTION('',(0.,0.,-1.));
#6657=DIRECTION('',(0.,-1.,0.));
#6658=DIRECTION('',(0.,0.,-1.));
#6659=DIRECTION('',(0.,1.,0.));
#6660=DIRECTION('',(-1.,0.,0.));
#6661=DIRECTION('',(0.,0.,-1.));
#6662=DIRECTION('',(0.,1.,0.));
#6663=DIRECTION('',(0.,0.,1.));
#6664=DIRECTION('',(0.,1.,0.));
#6665=DIRECTION('',(0.,0.,1.));
#6666=DIRECTION('',(0.,0.,1.));
#6667=DIRECTION('',(-1.,0.,0.));
#6668=DIRECTION('',(0.,-1.,0.));
#6669=DIRECTION('',(0.,0.,-1.));
#6670=DIRECTION('',(0.,-1.,0.));
#6671=DIRECTION('',(0.,0.,-1.));
#6672=DIRECTION('',(1.,0.,0.));
#6673=DIRECTION('',(0.,0.,1.));
#6674=DIRECTION('',(0.,-1.,0.));
#6675=DIRECTION('',(0.,0.,-1.));
#6676=DIRECTION('',(0.,-1.,0.));
#6677=DIRECTION('',(0.,0.,-1.));
#6678=DIRECTION('',(0.,0.,1.));
#6679=DIRECTION('',(1.,0.,0.));
#6680=DIRECTION('',(0.,1.,0.));
#6681=DIRECTION('',(0.,0.,1.));
#6682=DIRECTION('',(0.,1.,0.));
#6683=DIRECTION('',(0.,0.,1.));
#6684=DIRECTION('',(-1.,0.,0.));
#6685=DIRECTION('',(0.,0.,1.));
#6686=DIRECTION('',(0.,0.,-1.));
#6687=DIRECTION('',(-1.,0.,0.));
#6688=DIRECTION('',(0.,0.,-1.));
#6689=DIRECTION('',(-1.,0.,0.));
#6690=DIRECTION('',(0.,0.,1.));
#6691=DIRECTION('',(1.,0.,0.));
#6692=DIRECTION('',(0.,0.,1.));
#6693=DIRECTION('',(1.,0.,0.));
#6694=DIRECTION('',(-1.,-4.16880918534811E-16,0.));
#6695=DIRECTION('',(4.16880918534811E-16,-1.,0.));
#6696=DIRECTION('',(0.,0.,1.));
#6697=DIRECTION('',(1.,-4.16880918534811E-16,0.));
#6698=DIRECTION('',(4.16880918534811E-16,1.,0.));
#6699=DIRECTION('',(0.,0.,1.));
#6700=DIRECTION('',(0.,-1.,0.));
#6701=DIRECTION('',(0.,0.,-1.));
#6702=DIRECTION('',(-1.,4.16880918534811E-16,0.));
#6703=DIRECTION('',(-4.16880918534811E-16,-1.,0.));
#6704=DIRECTION('',(0.,0.,1.));
#6705=DIRECTION('',(0.,1.,0.));
#6706=DIRECTION('',(0.,0.,1.));
#6707=DIRECTION('',(0.,0.,1.));
#6708=DIRECTION('',(1.,4.16880918534811E-16,0.));
#6709=DIRECTION('',(-4.16880918534811E-16,1.,0.));
#6710=DIRECTION('',(0.70572818748651,0.,-0.708482692369408));
#6711=DIRECTION('',(-0.708482692369408,0.,-0.70572818748651));
#6712=DIRECTION('',(0.,1.,0.));
#6713=DIRECTION('',(0.70572818748651,0.,-0.708482692369408));
#6714=DIRECTION('',(-0.708482692369408,0.,-0.70572818748651));
#6715=DIRECTION('',(0.,1.,0.));
#6716=DIRECTION('',(0.70572818748651,0.,-0.708482692369408));
#6717=DIRECTION('',(-0.708482692369408,0.,-0.70572818748651));
#6718=DIRECTION('',(0.708482692369409,0.,0.705728187486509));
#6719=DIRECTION('',(0.705728187486509,0.,-0.708482692369409));
#6720=DIRECTION('',(0.705728187486509,-7.32942663127967E-17,-0.708482692369409));
#6721=DIRECTION('',(0.,1.,0.));
#6722=DIRECTION('',(0.705728187486509,7.32942663127967E-17,-0.708482692369409));
#6723=DIRECTION('',(-0.705728187486512,0.,0.708482692369406));
#6724=DIRECTION('',(0.708482692369406,0.,0.705728187486512));
#6725=DIRECTION('',(-0.705728187486512,0.,0.708482692369406));
#6726=DIRECTION('',(0.708482692369406,0.,0.705728187486512));
#6727=DIRECTION('',(0.,1.,0.));
#6728=DIRECTION('',(-0.705728187486512,0.,0.708482692369406));
#6729=DIRECTION('',(0.708482692369406,0.,0.705728187486512));
#6730=DIRECTION('',(0.,1.,0.));
#6731=DIRECTION('',(0.,0.,1.));
#6732=DIRECTION('',(0.,1.,0.));
#6733=DIRECTION('',(-1.,0.,0.));
#6734=DIRECTION('',(0.,0.,1.));
#6735=DIRECTION('',(0.,1.,0.));
#6736=DIRECTION('',(0.,1.,0.));
#6737=DIRECTION('',(0.,0.,1.));
#6738=DIRECTION('',(0.,1.,0.));
#6739=DIRECTION('',(-0.708482692369406,0.,-0.705728187486513));
#6740=DIRECTION('',(-0.705728187486513,0.,0.708482692369406));
#6741=DIRECTION('',(0.,1.,0.));
#6742=DIRECTION('',(0.,0.,1.));
#6743=DIRECTION('',(0.,1.,0.));
#6744=DIRECTION('',(0.708482692369407,0.,0.705728187486511));
#6745=DIRECTION('',(0.705728187486511,0.,-0.708482692369407));
#6746=DIRECTION('',(0.,1.,0.));
#6747=DIRECTION('',(0.,1.,0.));
#6748=DIRECTION('',(0.,0.,1.));
#6749=DIRECTION('',(0.705728187486513,0.,0.708482692369406));
#6750=DIRECTION('',(0.708482692369406,0.,-0.705728187486513));
#6751=DIRECTION('',(0.,1.,0.));
#6752=DIRECTION('',(0.705728187486513,0.,0.708482692369406));
#6753=DIRECTION('',(0.708482692369406,0.,-0.705728187486513));
#6754=DIRECTION('',(0.,1.,0.));
#6755=DIRECTION('',(0.705728187486513,0.,0.708482692369406));
#6756=DIRECTION('',(0.708482692369406,0.,-0.705728187486513));
#6757=DIRECTION('',(0.708482692369408,0.,-0.70572818748651));
#6758=DIRECTION('',(-0.70572818748651,0.,-0.708482692369408));
#6759=DIRECTION('',(-0.70572818748651,7.32942663127966E-17,-0.708482692369408));
#6760=DIRECTION('',(0.,1.,0.));
#6761=DIRECTION('',(-0.70572818748651,-7.32942663127966E-17,-0.708482692369408));
#6762=DIRECTION('',(-0.70572818748651,0.,-0.708482692369408));
#6763=DIRECTION('',(-0.708482692369408,0.,0.70572818748651));
#6764=DIRECTION('',(-0.70572818748651,0.,-0.708482692369408));
#6765=DIRECTION('',(-0.708482692369408,0.,0.70572818748651));
#6766=DIRECTION('',(0.,1.,0.));
#6767=DIRECTION('',(-0.70572818748651,0.,-0.708482692369408));
#6768=DIRECTION('',(-0.708482692369408,0.,0.70572818748651));
#6769=DIRECTION('',(0.,1.,0.));
#6770=DIRECTION('',(0.,0.,1.));
#6771=DIRECTION('',(0.,1.,0.));
#6772=DIRECTION('',(-1.,0.,0.));
#6773=DIRECTION('',(0.,0.,1.));
#6774=DIRECTION('',(0.,1.,0.));
#6775=DIRECTION('',(0.,1.,0.));
#6776=DIRECTION('',(0.,0.,1.));
#6777=DIRECTION('',(0.,1.,0.));
#6778=DIRECTION('',(-0.708482692369407,0.,0.705728187486511));
#6779=DIRECTION('',(0.705728187486511,0.,0.708482692369407));
#6780=DIRECTION('',(0.,1.,0.));
#6781=DIRECTION('',(0.,0.,1.));
#6782=DIRECTION('',(0.,1.,0.));
#6783=DIRECTION('',(0.708482692369406,0.,-0.705728187486513));
#6784=DIRECTION('',(-0.705728187486513,0.,-0.708482692369406));
#6785=DIRECTION('',(0.,1.,0.));
#6786=DIRECTION('',(0.,1.,0.));
#6787=DIRECTION('',(0.,0.,1.));
#6788=DIRECTION('',(-0.705728187486509,-7.32942663127967E-17,0.708482692369409));
#6789=DIRECTION('',(0.708482692369409,0.,0.705728187486509));
#6790=DIRECTION('',(-0.70572818748651,-7.32942663127966E-17,-0.708482692369408));
#6791=DIRECTION('',(-0.708482692369408,0.,0.70572818748651));
#6792=DIRECTION('',(-0.70572818748651,7.32942663127966E-17,-0.708482692369408));
#6793=DIRECTION('',(-0.708482692369408,0.,0.70572818748651));
#6794=DIRECTION('',(-0.705728187486509,7.32942663127967E-17,0.708482692369409));
#6795=DIRECTION('',(0.708482692369409,0.,0.705728187486509));
#6796=DIRECTION('',(0.,0.,1.));
#6797=DIRECTION('',(1.,0.,0.));
#6798=DIRECTION('',(0.,0.,-1.));
#6799=DIRECTION('',(-1.,0.,0.));
#6800=DIRECTION('',(0.,0.,1.));
#6801=DIRECTION('',(1.,0.,0.));
#6802=DIRECTION('',(0.,0.,-1.));
#6803=DIRECTION('',(-1.,0.,0.));
#6804=DIRECTION('',(0.,-1.,0.));
#6805=DIRECTION('',(0.,0.,-1.));
#6806=DIRECTION('',(0.,-1.,0.));
#6807=DIRECTION('',(0.,0.,-1.));
#6808=DIRECTION('',(0.,-1.,0.));
#6809=DIRECTION('',(0.,0.,-1.));
#6810=DIRECTION('',(0.,-1.,0.));
#6811=DIRECTION('',(0.,0.,-1.));
#6812=DIRECTION('',(0.,1.,0.));
#6813=DIRECTION('',(0.,0.,1.));
#6814=DIRECTION('',(0.,1.,0.));
#6815=DIRECTION('',(0.,0.,1.));
#6816=DIRECTION('',(0.,1.,0.));
#6817=DIRECTION('',(0.,0.,1.));
#6818=DIRECTION('',(0.,1.,0.));
#6819=DIRECTION('',(0.,0.,1.));
#6820=CARTESIAN_POINT('',(0.,0.,0.));
#6821=CARTESIAN_POINT('',(-5.9,-6.,-4.5));
#6822=CARTESIAN_POINT('',(-5.9,-6.,-3.19309689718033));
#6823=CARTESIAN_POINT('',(-4.69586685957447,-6.,-3.19309689718033));
#6824=CARTESIAN_POINT('',(-3.3,-6.,-3.19309689718033));
#6825=CARTESIAN_POINT('',(-4.69586685957447,-6.,-4.5));
#6826=CARTESIAN_POINT('',(-4.69586685957447,-6.,-2.99309689718033));
#6827=CARTESIAN_POINT('',(-5.9,-6.,-2.99309689718033));
#6828=CARTESIAN_POINT('',(-3.3,-6.,-2.99309689718035));
#6829=CARTESIAN_POINT('',(-2.5,-6.,-2.99309689718035));
#6830=CARTESIAN_POINT('',(-1.7,-6.,-2.99309689718035));
#6831=CARTESIAN_POINT('',(-1.7,-6.,-4.5));
#6832=CARTESIAN_POINT('',(-1.7,-6.,-3.24309689718035));
#6833=CARTESIAN_POINT('',(-2.5,-6.,-3.24309689718035));
#6834=CARTESIAN_POINT('',(-3.3,-6.,-3.24309689718035));
#6835=CARTESIAN_POINT('',(-3.3,-6.,-4.5));
#6836=CARTESIAN_POINT('',(-5.9,-6.,-0.399999999999999));
#6837=CARTESIAN_POINT('',(4.855,-6.,-0.399999999999999));
#6838=CARTESIAN_POINT('',(-4.855,-6.,-0.399999999999999));
#6839=CARTESIAN_POINT('',(-4.855,-6.,-4.5));
#6840=CARTESIAN_POINT('',(-4.855,-6.,-4.5));
#6841=CARTESIAN_POINT('',(-5.9,-6.,-4.5));
#6842=CARTESIAN_POINT('',(4.855,-6.,-4.5));
#6843=CARTESIAN_POINT('',(4.855,-6.,-4.5));
#6844=CARTESIAN_POINT('',(0.8,-6.,-3.24309689718035));
#6845=CARTESIAN_POINT('',(0.8,-6.,-2.99309689718035));
#6846=CARTESIAN_POINT('',(0.8,-6.,-3.24309689718035));
#6847=CARTESIAN_POINT('',(-0.8,-6.,-3.24309689718035));
#6848=CARTESIAN_POINT('',(-0.8,-6.,-3.24309689718035));
#6849=CARTESIAN_POINT('',(-0.8,-6.,-2.99309689718035));
#6850=CARTESIAN_POINT('',(-0.8,-6.,-2.99309689718035));
#6851=CARTESIAN_POINT('',(0.8,-6.,-2.99309689718035));
#6852=CARTESIAN_POINT('',(4.69586685957447,-6.,-4.5));
#6853=CARTESIAN_POINT('',(4.69586685957447,-6.,-2.99309689718033));
#6854=CARTESIAN_POINT('',(4.69586685957447,-6.,-3.19309689718033));
#6855=CARTESIAN_POINT('',(-5.9,-6.,-3.19309689718033));
#6856=CARTESIAN_POINT('',(3.3,-6.,-3.19309689718033));
#6857=CARTESIAN_POINT('',(3.3,-6.,-4.5));
#6858=CARTESIAN_POINT('',(3.3,-6.,-3.24309689718035));
#6859=CARTESIAN_POINT('',(2.5,-6.,-3.24309689718035));
#6860=CARTESIAN_POINT('',(1.7,-6.,-3.24309689718035));
#6861=CARTESIAN_POINT('',(1.7,-6.,-4.5));
#6862=CARTESIAN_POINT('',(1.7,-6.,-2.99309689718035));
#6863=CARTESIAN_POINT('',(2.5,-6.,-2.99309689718035));
#6864=CARTESIAN_POINT('',(3.3,-6.,-2.99309689718033));
#6865=CARTESIAN_POINT('',(-5.9,-6.,-2.99309689718033));
#6866=CARTESIAN_POINT('',(3.3,6.875,-7.5));
#6867=CARTESIAN_POINT('',(3.3,6.875,-7.5));
#6868=CARTESIAN_POINT('',(3.3,6.875,-7.25));
#6869=CARTESIAN_POINT('',(3.3,6.875,-3.31809689718035));
#6870=CARTESIAN_POINT('',(3.3,6.875,-7.25));
#6871=CARTESIAN_POINT('',(3.3,7.125,-7.25));
#6872=CARTESIAN_POINT('',(3.3,7.125,-7.5));
#6873=CARTESIAN_POINT('',(3.3,7.125,-3.31809689718035));
#6874=CARTESIAN_POINT('',(3.3,6.8,-3.31809689718035));
#6875=CARTESIAN_POINT('',(3.3,6.8,-2.99309689718035));
#6876=CARTESIAN_POINT('',(3.3,6.8,-2.99309689718035));
#6877=CARTESIAN_POINT('',(3.3,6.58138576431856,-2.99309689718032));
#6878=CARTESIAN_POINT('',(3.3,6.58138576431856,-3.19309689718032));
#6879=CARTESIAN_POINT('',(3.3,6.58138576431856,-3.19309689718032));
#6880=CARTESIAN_POINT('',(3.3,6.58138576431856,-3.19309689718032));
#6881=CARTESIAN_POINT('',(3.3,6.,-3.19309689718032));
#6882=CARTESIAN_POINT('',(3.3,6.,-4.5));
#6883=CARTESIAN_POINT('',(3.3,6.,-3.24309689718034));
#6884=CARTESIAN_POINT('',(3.3,6.8,-3.24309689718034));
#6885=CARTESIAN_POINT('',(3.3,6.8,-3.24309689718034));
#6886=CARTESIAN_POINT('',(3.3,6.8,-3.31809689718035));
#6887=CARTESIAN_POINT('',(5.9,6.,-4.5));
#6888=CARTESIAN_POINT('',(5.9,6.,-3.19309689718032));
#6889=CARTESIAN_POINT('',(4.69586685957447,6.,-3.19309689718032));
#6890=CARTESIAN_POINT('',(4.69586685957447,6.,-4.5));
#6891=CARTESIAN_POINT('',(4.69586685957447,6.,-2.99309689718032));
#6892=CARTESIAN_POINT('',(5.9,6.,-2.99309689718032));
#6893=CARTESIAN_POINT('',(3.3,6.,-2.99309689718035));
#6894=CARTESIAN_POINT('',(2.5,6.,-2.99309689718035));
#6895=CARTESIAN_POINT('',(1.7,6.,-2.99309689718035));
#6896=CARTESIAN_POINT('',(1.7,6.,-4.5));
#6897=CARTESIAN_POINT('',(1.7,6.,-3.24309689718034));
#6898=CARTESIAN_POINT('',(2.5,6.,-3.24309689718034));
#6899=CARTESIAN_POINT('',(5.9,6.,-0.399999999999999));
#6900=CARTESIAN_POINT('',(-4.855,6.,-0.399999999999999));
#6901=CARTESIAN_POINT('',(4.855,6.,-0.399999999999999));
#6902=CARTESIAN_POINT('',(4.855,6.,-4.5));
#6903=CARTESIAN_POINT('',(4.855,6.,-4.5));
#6904=CARTESIAN_POINT('',(5.9,6.,-4.5));
#6905=CARTESIAN_POINT('',(-4.855,6.,-4.5));
#6906=CARTESIAN_POINT('',(-4.855,6.,-4.5));
#6907=CARTESIAN_POINT('',(-4.69586685957447,6.,-4.5));
#6908=CARTESIAN_POINT('',(-4.69586685957447,6.,-2.99309689718032));
#6909=CARTESIAN_POINT('',(-4.69586685957447,6.,-3.19309689718032));
#6910=CARTESIAN_POINT('',(5.9,6.,-3.19309689718032));
#6911=CARTESIAN_POINT('',(-3.3,6.,-3.19309689718032));
#6912=CARTESIAN_POINT('',(-3.3,6.,-4.5));
#6913=CARTESIAN_POINT('',(-3.3,6.,-3.24309689718034));
#6914=CARTESIAN_POINT('',(-2.5,6.,-3.24309689718034));
#6915=CARTESIAN_POINT('',(-1.7,6.,-3.24309689718034));
#6916=CARTESIAN_POINT('',(-1.7,6.,-4.5));
#6917=CARTESIAN_POINT('',(-1.7,6.,-2.99309689718035));
#6918=CARTESIAN_POINT('',(-2.5,6.,-2.99309689718035));
#6919=CARTESIAN_POINT('',(-3.3,6.,-2.99309689718032));
#6920=CARTESIAN_POINT('',(5.9,6.,-2.99309689718032));
#6921=CARTESIAN_POINT('',(-3.3,7.125,-7.5));
#6922=CARTESIAN_POINT('',(-3.3,7.125,-7.5));
#6923=CARTESIAN_POINT('',(-3.3,7.125,-7.25));
#6924=CARTESIAN_POINT('',(-3.3,7.125,-3.31809689718035));
#6925=CARTESIAN_POINT('',(-3.3,7.125,-7.25));
#6926=CARTESIAN_POINT('',(-3.3,6.875,-7.25));
#6927=CARTESIAN_POINT('',(-3.3,6.875,-7.5));
#6928=CARTESIAN_POINT('',(-3.3,6.875,-3.31809689718035));
#6929=CARTESIAN_POINT('',(-3.3,6.8,-3.31809689718035));
#6930=CARTESIAN_POINT('',(-3.3,6.8,-3.24309689718034));
#6931=CARTESIAN_POINT('',(-3.3,6.8,-3.24309689718034));
#6932=CARTESIAN_POINT('',(-3.3,6.58138576431856,-3.19309689718032));
#6933=CARTESIAN_POINT('',(-3.3,6.58138576431856,-3.19309689718032));
#6934=CARTESIAN_POINT('',(-3.3,6.58138576431856,-3.19309689718032));
#6935=CARTESIAN_POINT('',(-3.3,6.58138576431856,-2.99309689718032));
#6936=CARTESIAN_POINT('',(-3.3,6.8,-2.99309689718035));
#6937=CARTESIAN_POINT('',(-3.3,6.8,-2.99309689718035));
#6938=CARTESIAN_POINT('',(-3.3,6.8,-3.31809689718035));
#6939=CARTESIAN_POINT('',(0.,0.,25.));
#6940=CARTESIAN_POINT('',(0.,-1.5,25.));
#6941=CARTESIAN_POINT('',(1.968660712261,-1.5,25.));
#6942=CARTESIAN_POINT('',(-1.968660712261,-1.5,25.));
#6943=CARTESIAN_POINT('',(0.,0.,25.));
#6944=CARTESIAN_POINT('',(0.,0.,24.475));
#6945=CARTESIAN_POINT('',(2.59807621135333,-1.5,24.475));
#6946=CARTESIAN_POINT('',(2.39146241235385,-1.5,24.653932798706));
#6947=CARTESIAN_POINT('',(2.18246889954147,-1.5,24.8299330188854));
#6948=CARTESIAN_POINT('',(1.96866071226102,-1.5,25.));
#6949=CARTESIAN_POINT('',(2.59807621135332,-1.5,24.475));
#6950=CARTESIAN_POINT('',(0.,0.,24.475));
#6951=CARTESIAN_POINT('',(-2.59807621135332,-1.5,24.475));
#6952=CARTESIAN_POINT('',(-1.968660712261,-1.5,25.));
#6953=CARTESIAN_POINT('',(-2.18247478750736,-1.5,24.8299283354885));
#6954=CARTESIAN_POINT('',(-2.39151666284242,-1.5,24.6538858164047));
#6955=CARTESIAN_POINT('',(-2.59807621135332,-1.5,24.475));
#6956=CARTESIAN_POINT('',(21.6391902598243,-1.5,13.));
#6957=CARTESIAN_POINT('',(0.,0.,13.));
#6958=CARTESIAN_POINT('',(-2.59807621135332,-1.5,13.));
#6959=CARTESIAN_POINT('',(2.59807621135332,-1.5,13.));
#6960=CARTESIAN_POINT('',(21.6391902598243,-1.5,13.));
#6961=CARTESIAN_POINT('',(21.6391902598243,-1.5,26.5775764650055));
#6962=CARTESIAN_POINT('',(2.59807621135332,-1.5,-2.5));
#6963=CARTESIAN_POINT('',(-2.59807621135332,-1.5,-2.5));
#6964=CARTESIAN_POINT('',(0.,0.,-2.5));
#6965=CARTESIAN_POINT('',(0.,0.,7.34583193308641));
#6966=CARTESIAN_POINT('',(-3.,0.,7.34583193308641));
#6967=CARTESIAN_POINT('',(-9.38061271323552E-17,-1.53202091169227,7.34583193308641));
#6968=CARTESIAN_POINT('',(0.,0.,7.34583193308641));
#6969=CARTESIAN_POINT('',(-1.53202091169227,0.,7.34583193308641));
#6970=CARTESIAN_POINT('',(0.,0.,-2.5));
#6971=CARTESIAN_POINT('',(0.,0.,7.));
#6972=CARTESIAN_POINT('',(-1.53202091169227,0.,7.));
#6973=CARTESIAN_POINT('',(-2.14306111918916E-16,-3.5,7.));
#6974=CARTESIAN_POINT('',(0.,0.,7.));
#6975=CARTESIAN_POINT('',(2.975,0.,7.));
#6976=CARTESIAN_POINT('',(0.4,-7.4375,-7.5));
#6977=CARTESIAN_POINT('',(0.8,-7.625,-7.5));
#6978=CARTESIAN_POINT('',(-0.55,-7.625,-7.5));
#6979=CARTESIAN_POINT('',(0.55,-7.625,-7.5));
#6980=CARTESIAN_POINT('',(-0.55,-7.4375,-7.5));
#6981=CARTESIAN_POINT('',(-0.55,-7.375,-7.5));
#6982=CARTESIAN_POINT('',(-0.8,-7.375,-7.5));
#6983=CARTESIAN_POINT('',(0.55,-7.375,-7.5));
#6984=CARTESIAN_POINT('',(0.55,-7.4375,-7.5));
#6985=CARTESIAN_POINT('',(2.9,-7.4375,-7.5));
#6986=CARTESIAN_POINT('',(3.3,-7.625,-7.5));
#6987=CARTESIAN_POINT('',(1.95,-7.625,-7.5));
#6988=CARTESIAN_POINT('',(3.05,-7.625,-7.5));
#6989=CARTESIAN_POINT('',(1.95,-7.4375,-7.5));
#6990=CARTESIAN_POINT('',(1.95,-7.375,-7.5));
#6991=CARTESIAN_POINT('',(1.7,-7.375,-7.5));
#6992=CARTESIAN_POINT('',(3.05,-7.375,-7.5));
#6993=CARTESIAN_POINT('',(3.05,-7.4375,-7.5));
#6994=CARTESIAN_POINT('',(-2.1,-7.4375,-7.5));
#6995=CARTESIAN_POINT('',(-1.7,-7.625,-7.5));
#6996=CARTESIAN_POINT('',(-3.05,-7.625,-7.5));
#6997=CARTESIAN_POINT('',(-1.95,-7.625,-7.5));
#6998=CARTESIAN_POINT('',(-3.05,-7.4375,-7.5));
#6999=CARTESIAN_POINT('',(-3.05,-7.375,-7.5));
#7000=CARTESIAN_POINT('',(-3.3,-7.375,-7.5));
#7001=CARTESIAN_POINT('',(-1.95,-7.375,-7.5));
#7002=CARTESIAN_POINT('',(-1.95,-7.4375,-7.5));
#7003=CARTESIAN_POINT('',(2.65544173850739E-32,4.33680868994202E-16,-7.));
#7004=CARTESIAN_POINT('',(5.38488179021626E-14,-3.06331046575825,0.283249507467135));
#7005=CARTESIAN_POINT('',(3.20826879139385E-14,-3.06331046575825,0.283249507467135));
#7006=CARTESIAN_POINT('',(6.15252240229322E-14,-3.5,0.0718220082721887));
#7007=CARTESIAN_POINT('',(6.20180077367384E-14,-3.52803310391327,0.508249507467135));
#7008=CARTESIAN_POINT('',(6.15252240229322E-14,-3.5,0.494677006662081));
#7009=CARTESIAN_POINT('',(6.15252240229322E-14,-3.5,0.283314008914244));
#7010=CARTESIAN_POINT('',(2.61529882501607,1.59501820224524,6.95210245537355));
#7011=CARTESIAN_POINT('',(3.06331046575825,0.860428267172877,6.92944040550944));
#7012=CARTESIAN_POINT('',(3.06331046575825,-5.28429908773943E-17,6.90824950746713));
#7013=CARTESIAN_POINT('',(3.06331046575825,-1.26886474067651,6.87699950746713));
#7014=CARTESIAN_POINT('',(2.16608760321738,-2.16608760321738,6.84574950746713));
#7015=CARTESIAN_POINT('',(1.26886474067651,-3.06331046575825,6.81449950746713));
#7016=CARTESIAN_POINT('',(-1.87567473004907E-16,-3.06331046575825,6.78324950746713));
#7017=CARTESIAN_POINT('',(-1.26886474067651,-3.06331046575825,6.75199950746713));
#7018=CARTESIAN_POINT('',(-2.16608760321738,-2.16608760321738,6.72074950746713));
#7019=CARTESIAN_POINT('',(-3.06331046575825,-1.26886474067651,6.68949950746713));
#7020=CARTESIAN_POINT('',(-3.06331046575825,-4.12514113740588E-16,6.65824950746713));
#7021=CARTESIAN_POINT('',(-3.06331046575825,1.26886474067651,6.62699950746713));
#7022=CARTESIAN_POINT('',(-2.16608760321738,2.16608760321738,6.59574950746713));
#7023=CARTESIAN_POINT('',(-1.26886474067651,3.06331046575825,6.56449950746713));
#7024=CARTESIAN_POINT('',(-1.87579862663636E-16,3.06331046575825,6.53324950746713));
#7025=CARTESIAN_POINT('',(1.26886474067651,3.06331046575825,6.50199950746713));
#7026=CARTESIAN_POINT('',(2.16608760321738,2.16608760321738,6.47074950746713));
#7027=CARTESIAN_POINT('',(3.06331046575825,1.26886474067651,6.43949950746713));
#7028=CARTESIAN_POINT('',(3.06331046575825,-2.18657859492371E-17,6.40824950746713));
#7029=CARTESIAN_POINT('',(3.06331046575825,-1.26886474067651,6.37699950746713));
#7030=CARTESIAN_POINT('',(2.16608760321738,-2.16608760321738,6.34574950746713));
#7031=CARTESIAN_POINT('',(1.26886474067651,-3.06331046575825,6.31449950746713));
#7032=CARTESIAN_POINT('',(-1.87567473004907E-16,-3.06331046575825,6.28324950746713));
#7033=CARTESIAN_POINT('',(-1.26886474067651,-3.06331046575825,6.25199950746713));
#7034=CARTESIAN_POINT('',(-2.16608760321738,-2.16608760321738,6.22074950746713));
#7035=CARTESIAN_POINT('',(-3.06331046575825,-1.26886474067651,6.18949950746713));
#7036=CARTESIAN_POINT('',(-3.06331046575825,-3.81536908812431E-16,6.15824950746713));
#7037=CARTESIAN_POINT('',(-3.06331046575825,1.26886474067651,6.12699950746713));
#7038=CARTESIAN_POINT('',(-2.16608760321738,2.16608760321738,6.09574950746713));
#7039=CARTESIAN_POINT('',(-1.26886474067651,3.06331046575825,6.06449950746713));
#7040=CARTESIAN_POINT('',(-1.87579862663636E-16,3.06331046575825,6.03324950746713));
#7041=CARTESIAN_POINT('',(1.26886474067651,3.06331046575825,6.00199950746713));
#7042=CARTESIAN_POINT('',(2.16608760321738,2.16608760321738,5.97074950746713));
#7043=CARTESIAN_POINT('',(3.06331046575825,1.26886474067651,5.93949950746713));
#7044=CARTESIAN_POINT('',(3.06331046575825,9.1114189789202E-18,5.90824950746714));
#7045=CARTESIAN_POINT('',(3.06331046575825,-1.26886474067651,5.87699950746714));
#7046=CARTESIAN_POINT('',(2.16608760321738,-2.16608760321738,5.84574950746713));
#7047=CARTESIAN_POINT('',(1.26886474067651,-3.06331046575825,5.81449950746713));
#7048=CARTESIAN_POINT('',(-1.87567473004907E-16,-3.06331046575825,5.78324950746713));
#7049=CARTESIAN_POINT('',(-1.26886474067651,-3.06331046575825,5.75199950746713));
#7050=CARTESIAN_POINT('',(-2.16608760321738,-2.16608760321738,5.72074950746713));
#7051=CARTESIAN_POINT('',(-3.06331046575825,-1.26886474067651,5.68949950746713));
#7052=CARTESIAN_POINT('',(-3.06331046575825,-3.50559703884273E-16,5.65824950746713));
#7053=CARTESIAN_POINT('',(-3.06331046575825,1.26886474067651,5.62699950746713));
#7054=CARTESIAN_POINT('',(-2.16608760321738,2.16608760321738,5.59574950746713));
#7055=CARTESIAN_POINT('',(-1.26886474067651,3.06331046575825,5.56449950746713));
#7056=CARTESIAN_POINT('',(-1.87579862663636E-16,3.06331046575825,5.53324950746713));
#7057=CARTESIAN_POINT('',(1.26886474067651,3.06331046575825,5.50199950746713));
#7058=CARTESIAN_POINT('',(2.16608760321738,2.16608760321738,5.47074950746713));
#7059=CARTESIAN_POINT('',(3.06331046575825,1.26886474067651,5.43949950746713));
#7060=CARTESIAN_POINT('',(3.06331046575825,4.00886239070775E-17,5.40824950746713));
#7061=CARTESIAN_POINT('',(3.06331046575825,-1.26886474067651,5.37699950746713));
#7062=CARTESIAN_POINT('',(2.16608760321738,-2.16608760321738,5.34574950746713));
#7063=CARTESIAN_POINT('',(1.26886474067651,-3.06331046575825,5.31449950746713));
#7064=CARTESIAN_POINT('',(-1.87567473004907E-16,-3.06331046575825,5.28324950746713));
#7065=CARTESIAN_POINT('',(-1.26886474067651,-3.06331046575825,5.25199950746713));
#7066=CARTESIAN_POINT('',(-2.16608760321738,-2.16608760321738,5.22074950746713));
#7067=CARTESIAN_POINT('',(-3.06331046575825,-1.26886474067651,5.18949950746713));
#7068=CARTESIAN_POINT('',(-3.06331046575825,-3.19582498956116E-16,5.15824950746713));
#7069=CARTESIAN_POINT('',(-3.06331046575825,1.26886474067651,5.12699950746713));
#7070=CARTESIAN_POINT('',(-2.16608760321738,2.16608760321738,5.09574950746713));
#7071=CARTESIAN_POINT('',(-1.26886474067651,3.06331046575825,5.06449950746713));
#7072=CARTESIAN_POINT('',(-1.87579862663636E-16,3.06331046575825,5.03324950746713));
#7073=CARTESIAN_POINT('',(1.26886474067651,3.06331046575825,5.00199950746713));
#7074=CARTESIAN_POINT('',(2.16608760321738,2.16608760321738,4.97074950746713));
#7075=CARTESIAN_POINT('',(3.06331046575825,1.26886474067651,4.93949950746713));
#7076=CARTESIAN_POINT('',(3.06331046575825,7.10658288352347E-17,4.90824950746713));
#7077=CARTESIAN_POINT('',(3.06331046575825,-1.26886474067651,4.87699950746713));
#7078=CARTESIAN_POINT('',(2.16608760321738,-2.16608760321738,4.84574950746713));
#7079=CARTESIAN_POINT('',(1.26886474067651,-3.06331046575825,4.81449950746713));
#7080=CARTESIAN_POINT('',(-1.87567473004907E-16,-3.06331046575825,4.78324950746713));
#7081=CARTESIAN_POINT('',(-1.26886474067651,-3.06331046575825,4.75199950746713));
#7082=CARTESIAN_POINT('',(-2.16608760321738,-2.16608760321738,4.72074950746713));
#7083=CARTESIAN_POINT('',(-3.06331046575825,-1.26886474067651,4.68949950746713));
#7084=CARTESIAN_POINT('',(-3.06331046575825,-2.88605294027959E-16,4.65824950746713));
#7085=CARTESIAN_POINT('',(-3.06331046575825,1.26886474067651,4.62699950746713));
#7086=CARTESIAN_POINT('',(-2.16608760321738,2.16608760321738,4.59574950746713));
#7087=CARTESIAN_POINT('',(-1.26886474067651,3.06331046575825,4.56449950746713));
#7088=CARTESIAN_POINT('',(-1.87579862663636E-16,3.06331046575825,4.53324950746713));
#7089=CARTESIAN_POINT('',(1.26886474067651,3.06331046575825,4.50199950746713));
#7090=CARTESIAN_POINT('',(2.16608760321738,2.16608760321738,4.47074950746713));
#7091=CARTESIAN_POINT('',(3.06331046575825,1.26886474067651,4.43949950746713));
#7092=CARTESIAN_POINT('',(3.06331046575825,1.02043033763392E-16,4.40824950746713));
#7093=CARTESIAN_POINT('',(3.06331046575825,-1.26886474067651,4.37699950746713));
#7094=CARTESIAN_POINT('',(2.16608760321738,-2.16608760321738,4.34574950746713));
#7095=CARTESIAN_POINT('',(1.26886474067651,-3.06331046575825,4.31449950746713));
#7096=CARTESIAN_POINT('',(-1.87567473004907E-16,-3.06331046575825,4.28324950746713));
#7097=CARTESIAN_POINT('',(-1.26886474067651,-3.06331046575825,4.25199950746713));
#7098=CARTESIAN_POINT('',(-2.16608760321738,-2.16608760321738,4.22074950746713));
#7099=CARTESIAN_POINT('',(-3.06331046575825,-1.26886474067651,4.18949950746713));
#7100=CARTESIAN_POINT('',(-3.06331046575825,-2.57628089099801E-16,4.15824950746713));
#7101=CARTESIAN_POINT('',(-3.06331046575825,1.26886474067651,4.12699950746713));
#7102=CARTESIAN_POINT('',(-2.16608760321738,2.16608760321738,4.09574950746713));
#7103=CARTESIAN_POINT('',(-1.26886474067651,3.06331046575825,4.06449950746713));
#7104=CARTESIAN_POINT('',(-1.87579862663636E-16,3.06331046575825,4.03324950746713));
#7105=CARTESIAN_POINT('',(1.26886474067651,3.06331046575825,4.00199950746714));
#7106=CARTESIAN_POINT('',(2.16608760321738,2.16608760321738,3.97074950746714));
#7107=CARTESIAN_POINT('',(3.06331046575825,1.26886474067651,3.93949950746714));
#7108=CARTESIAN_POINT('',(3.06331046575825,1.33020238691549E-16,3.90824950746714));
#7109=CARTESIAN_POINT('',(3.06331046575825,-1.26886474067651,3.87699950746713));
#7110=CARTESIAN_POINT('',(2.16608760321738,-2.16608760321738,3.84574950746713));
#7111=CARTESIAN_POINT('',(1.26886474067651,-3.06331046575825,3.81449950746713));
#7112=CARTESIAN_POINT('',(-1.87567473004907E-16,-3.06331046575825,3.78324950746713));
#7113=CARTESIAN_POINT('',(-1.26886474067651,-3.06331046575825,3.75199950746713));
#7114=CARTESIAN_POINT('',(-2.16608760321738,-2.16608760321738,3.72074950746713));
#7115=CARTESIAN_POINT('',(-3.06331046575825,-1.26886474067651,3.68949950746713));
#7116=CARTESIAN_POINT('',(-3.06331046575825,-2.26650884171644E-16,3.65824950746713));
#7117=CARTESIAN_POINT('',(-3.06331046575825,1.26886474067651,3.62699950746713));
#7118=CARTESIAN_POINT('',(-2.16608760321738,2.16608760321738,3.59574950746713));
#7119=CARTESIAN_POINT('',(-1.26886474067651,3.06331046575825,3.56449950746713));
#7120=CARTESIAN_POINT('',(-1.87579862663636E-16,3.06331046575825,3.53324950746713));
#7121=CARTESIAN_POINT('',(1.26886474067651,3.06331046575825,3.50199950746713));
#7122=CARTESIAN_POINT('',(2.16608760321738,2.16608760321738,3.47074950746713));
#7123=CARTESIAN_POINT('',(3.06331046575825,1.26886474067651,3.43949950746713));
#7124=CARTESIAN_POINT('',(3.06331046575825,1.63997443619707E-16,3.40824950746713));
#7125=CARTESIAN_POINT('',(3.06331046575825,-1.26886474067651,3.37699950746713));
#7126=CARTESIAN_POINT('',(2.16608760321738,-2.16608760321738,3.34574950746713));
#7127=CARTESIAN_POINT('',(1.26886474067651,-3.06331046575825,3.31449950746713));
#7128=CARTESIAN_POINT('',(-1.87567473004907E-16,-3.06331046575825,3.28324950746713));
#7129=CARTESIAN_POINT('',(-1.26886474067651,-3.06331046575825,3.25199950746713));
#7130=CARTESIAN_POINT('',(-2.16608760321738,-2.16608760321738,3.22074950746713));
#7131=CARTESIAN_POINT('',(-3.06331046575825,-1.26886474067651,3.18949950746713));
#7132=CARTESIAN_POINT('',(-3.06331046575825,-1.95673679243487E-16,3.15824950746713));
#7133=CARTESIAN_POINT('',(-3.06331046575825,1.26886474067651,3.12699950746713));
#7134=CARTESIAN_POINT('',(-2.16608760321738,2.16608760321738,3.09574950746713));
#7135=CARTESIAN_POINT('',(-1.26886474067651,3.06331046575825,3.06449950746713));
#7136=CARTESIAN_POINT('',(-1.87579862663636E-16,3.06331046575825,3.03324950746713));
#7137=CARTESIAN_POINT('',(1.26886474067651,3.06331046575825,3.00199950746713));
#7138=CARTESIAN_POINT('',(2.16608760321738,2.16608760321738,2.97074950746713));
#7139=CARTESIAN_POINT('',(3.06331046575825,1.26886474067651,2.93949950746713));
#7140=CARTESIAN_POINT('',(3.06331046575825,1.94974648547864E-16,2.90824950746713));
#7141=CARTESIAN_POINT('',(3.06331046575825,-1.26886474067651,2.87699950746713));
#7142=CARTESIAN_POINT('',(2.16608760321738,-2.16608760321738,2.84574950746713));
#7143=CARTESIAN_POINT('',(1.26886474067651,-3.06331046575825,2.81449950746713));
#7144=CARTESIAN_POINT('',(-1.87567473004907E-16,-3.06331046575825,2.78324950746713));
#7145=CARTESIAN_POINT('',(-1.26886474067651,-3.06331046575825,2.75199950746714));
#7146=CARTESIAN_POINT('',(-2.16608760321738,-2.16608760321738,2.72074950746714));
#7147=CARTESIAN_POINT('',(-3.06331046575825,-1.26886474067651,2.68949950746714));
#7148=CARTESIAN_POINT('',(-3.06331046575825,-1.6469647431533E-16,2.65824950746713));
#7149=CARTESIAN_POINT('',(-3.06331046575825,1.26886474067651,2.62699950746713));
#7150=CARTESIAN_POINT('',(-2.16608760321738,2.16608760321738,2.59574950746713));
#7151=CARTESIAN_POINT('',(-1.26886474067651,3.06331046575825,2.56449950746713));
#7152=CARTESIAN_POINT('',(-1.87579862663636E-16,3.06331046575825,2.53324950746713));
#7153=CARTESIAN_POINT('',(1.26886474067651,3.06331046575825,2.50199950746713));
#7154=CARTESIAN_POINT('',(2.16608760321738,2.16608760321738,2.47074950746713));
#7155=CARTESIAN_POINT('',(3.06331046575825,1.26886474067651,2.43949950746713));
#7156=CARTESIAN_POINT('',(3.06331046575825,2.25951853476021E-16,2.40824950746713));
#7157=CARTESIAN_POINT('',(3.06331046575825,-1.26886474067651,2.37699950746713));
#7158=CARTESIAN_POINT('',(2.16608760321738,-2.16608760321738,2.34574950746713));
#7159=CARTESIAN_POINT('',(1.26886474067651,-3.06331046575825,2.31449950746713));
#7160=CARTESIAN_POINT('',(-1.87567473004907E-16,-3.06331046575825,2.28324950746713));
#7161=CARTESIAN_POINT('',(-1.26886474067651,-3.06331046575825,2.25199950746713));
#7162=CARTESIAN_POINT('',(-2.16608760321738,-2.16608760321738,2.22074950746713));
#7163=CARTESIAN_POINT('',(-3.06331046575825,-1.26886474067651,2.18949950746713));
#7164=CARTESIAN_POINT('',(-3.06331046575825,-1.33719269387172E-16,2.15824950746713));
#7165=CARTESIAN_POINT('',(-3.06331046575825,1.26886474067651,2.12699950746713));
#7166=CARTESIAN_POINT('',(-2.16608760321738,2.16608760321738,2.09574950746713));
#7167=CARTESIAN_POINT('',(-1.26886474067651,3.06331046575825,2.06449950746713));
#7168=CARTESIAN_POINT('',(-1.87579862663636E-16,3.06331046575825,2.03324950746713));
#7169=CARTESIAN_POINT('',(1.26886474067651,3.06331046575825,2.00199950746713));
#7170=CARTESIAN_POINT('',(2.16608760321738,2.16608760321738,1.97074950746713));
#7171=CARTESIAN_POINT('',(3.06331046575825,1.26886474067651,1.93949950746713));
#7172=CARTESIAN_POINT('',(3.06331046575825,2.56929058404178E-16,1.90824950746713));
#7173=CARTESIAN_POINT('',(3.06331046575825,-1.26886474067651,1.87699950746713));
#7174=CARTESIAN_POINT('',(2.16608760321738,-2.16608760321738,1.84574950746713));
#7175=CARTESIAN_POINT('',(1.26886474067651,-3.06331046575825,1.81449950746713));
#7176=CARTESIAN_POINT('',(-1.87567473004907E-16,-3.06331046575825,1.78324950746713));
#7177=CARTESIAN_POINT('',(-1.26886474067651,-3.06331046575825,1.75199950746713));
#7178=CARTESIAN_POINT('',(-2.16608760321738,-2.16608760321738,1.72074950746713));
#7179=CARTESIAN_POINT('',(-3.06331046575825,-1.26886474067651,1.68949950746713));
#7180=CARTESIAN_POINT('',(-3.06331046575825,-1.02742064459015E-16,1.65824950746713));
#7181=CARTESIAN_POINT('',(-3.06331046575825,1.26886474067651,1.62699950746713));
#7182=CARTESIAN_POINT('',(-2.16608760321738,2.16608760321738,1.59574950746713));
#7183=CARTESIAN_POINT('',(-1.26886474067651,3.06331046575825,1.56449950746713));
#7184=CARTESIAN_POINT('',(-1.87579862663636E-16,3.06331046575825,1.53324950746713));
#7185=CARTESIAN_POINT('',(1.26886474067651,3.06331046575825,1.50199950746713));
#7186=CARTESIAN_POINT('',(2.16608760321738,2.16608760321738,1.47074950746713));
#7187=CARTESIAN_POINT('',(3.06331046575825,1.26886474067651,1.43949950746713));
#7188=CARTESIAN_POINT('',(3.06331046575825,2.87906263332336E-16,1.40824950746713));
#7189=CARTESIAN_POINT('',(3.06331046575825,-1.26886474067651,1.37699950746713));
#7190=CARTESIAN_POINT('',(2.16608760321738,-2.16608760321738,1.34574950746713));
#7191=CARTESIAN_POINT('',(1.26886474067651,-3.06331046575825,1.31449950746713));
#7192=CARTESIAN_POINT('',(-1.87567473004907E-16,-3.06331046575825,1.28324950746713));
#7193=CARTESIAN_POINT('',(-1.26886474067651,-3.06331046575825,1.25199950746713));
#7194=CARTESIAN_POINT('',(-2.16608760321738,-2.16608760321738,1.22074950746713));
#7195=CARTESIAN_POINT('',(-3.06331046575825,-1.26886474067651,1.18949950746713));
#7196=CARTESIAN_POINT('',(-3.06331046575825,-7.17648595308578E-17,1.15824950746713));
#7197=CARTESIAN_POINT('',(-3.06331046575825,1.26886474067651,1.12699950746713));
#7198=CARTESIAN_POINT('',(-2.16608760321738,2.16608760321738,1.09574950746713));
#7199=CARTESIAN_POINT('',(-1.26886474067651,3.06331046575825,1.06449950746713));
#7200=CARTESIAN_POINT('',(-1.87579862663636E-16,3.06331046575825,1.03324950746713));
#7201=CARTESIAN_POINT('',(1.26886474067651,3.06331046575825,1.00199950746713));
#7202=CARTESIAN_POINT('',(2.16608760321738,2.16608760321738,0.970749507467134));
#7203=CARTESIAN_POINT('',(3.06331046575825,1.26886474067651,0.939499507467134));
#7204=CARTESIAN_POINT('',(3.06331046575825,3.18883468260493E-16,0.908249507467134));
#7205=CARTESIAN_POINT('',(3.06331046575825,-1.26886474067651,0.876999507467134));
#7206=CARTESIAN_POINT('',(2.16608760321738,-2.16608760321738,0.845749507467134));
#7207=CARTESIAN_POINT('',(1.26886474067651,-3.06331046575825,0.814499507467134));
#7208=CARTESIAN_POINT('',(-1.87567473004907E-16,-3.06331046575825,0.783249507467134));
#7209=CARTESIAN_POINT('',(-1.26886474067651,-3.06331046575825,0.751999507467135));
#7210=CARTESIAN_POINT('',(-2.16608760321738,-2.16608760321738,0.720749507467135));
#7211=CARTESIAN_POINT('',(-3.06331046575825,-1.26886474067651,0.689499507467135));
#7212=CARTESIAN_POINT('',(-3.06331046575825,-4.07876546027006E-17,0.658249507467135));
#7213=CARTESIAN_POINT('',(-3.06331046575825,1.26886474067651,0.626999507467135));
#7214=CARTESIAN_POINT('',(-2.16608760321738,2.16608760321738,0.595749507467135));
#7215=CARTESIAN_POINT('',(-1.26886474067651,3.06331046575825,0.564499507467135));
#7216=CARTESIAN_POINT('',(-1.87579862663636E-16,3.06331046575825,0.533249507467135));
#7217=CARTESIAN_POINT('',(1.26886474067651,3.06331046575825,0.501999507467135));
#7218=CARTESIAN_POINT('',(2.16608760321738,2.16608760321738,0.470749507467135));
#7219=CARTESIAN_POINT('',(3.06331046575825,1.26886474067651,0.439499507467135));
#7220=CARTESIAN_POINT('',(3.06331046575825,3.4986067318865E-16,0.408249507467135));
#7221=CARTESIAN_POINT('',(3.06331046575825,-1.26886474067651,0.376999507467135));
#7222=CARTESIAN_POINT('',(2.16608760321738,-2.16608760321738,0.345749507467135));
#7223=CARTESIAN_POINT('',(1.26886474067651,-3.06331046575825,0.314499507467135));
#7224=CARTESIAN_POINT('',(-1.87567473004907E-16,-3.06331046575825,0.283249507467134));
#7225=CARTESIAN_POINT('',(2.98812216060852,1.82239566320826,6.74067495617861));
#7226=CARTESIAN_POINT('',(3.5,0.983086425214703,6.71801290631449));
#7227=CARTESIAN_POINT('',(3.5,1.37358021981618E-17,6.69682200827219));
#7228=CARTESIAN_POINT('',(3.5,-1.44974746830583,6.66557200827219));
#7229=CARTESIAN_POINT('',(2.47487373415292,-2.47487373415292,6.63432200827219));
#7230=CARTESIAN_POINT('',(1.44974746830584,-3.5,6.60307200827219));
#7231=CARTESIAN_POINT('',(-2.14306111918916E-16,-3.5,6.57182200827219));
#7232=CARTESIAN_POINT('',(-1.44974746830583,-3.5,6.54057200827219));
#7233=CARTESIAN_POINT('',(-2.47487373415292,-2.47487373415292,6.50932200827219));
#7234=CARTESIAN_POINT('',(-3.5,-1.44974746830583,6.47807200827219));
#7235=CARTESIAN_POINT('',(-3.5,-3.99416130903075E-16,6.44682200827219));
#7236=CARTESIAN_POINT('',(-3.5,1.44974746830583,6.41557200827219));
#7237=CARTESIAN_POINT('',(-2.47487373415292,2.47487373415292,6.38432200827219));
#7238=CARTESIAN_POINT('',(-1.44974746830583,3.5,6.35307200827219));
#7239=CARTESIAN_POINT('',(-2.14320267782658E-16,3.5,6.32182200827219));
#7240=CARTESIAN_POINT('',(1.44974746830583,3.5,6.29057200827219));
#7241=CARTESIAN_POINT('',(2.47487373415292,2.47487373415292,6.25932200827219));
#7242=CARTESIAN_POINT('',(3.5,1.44974746830583,6.22807200827219));
#7243=CARTESIAN_POINT('',(3.5,4.47130071263191E-17,6.19682200827219));
#7244=CARTESIAN_POINT('',(3.5,-1.44974746830583,6.16557200827219));
#7245=CARTESIAN_POINT('',(2.47487373415292,-2.47487373415292,6.13432200827219));
#7246=CARTESIAN_POINT('',(1.44974746830584,-3.5,6.10307200827219));
#7247=CARTESIAN_POINT('',(-2.14306111918916E-16,-3.5,6.07182200827219));
#7248=CARTESIAN_POINT('',(-1.44974746830583,-3.5,6.04057200827219));
#7249=CARTESIAN_POINT('',(-2.47487373415292,-2.47487373415292,6.00932200827219));
#7250=CARTESIAN_POINT('',(-3.5,-1.44974746830583,5.97807200827219));
#7251=CARTESIAN_POINT('',(-3.5,-3.68438925974917E-16,5.94682200827219));
#7252=CARTESIAN_POINT('',(-3.5,1.44974746830583,5.91557200827219));
#7253=CARTESIAN_POINT('',(-2.47487373415292,2.47487373415292,5.88432200827219));
#7254=CARTESIAN_POINT('',(-1.44974746830583,3.5,5.85307200827219));
#7255=CARTESIAN_POINT('',(-2.14320267782658E-16,3.5,5.82182200827219));
#7256=CARTESIAN_POINT('',(1.44974746830583,3.5,5.79057200827219));
#7257=CARTESIAN_POINT('',(2.47487373415292,2.47487373415292,5.75932200827219));
#7258=CARTESIAN_POINT('',(3.5,1.44974746830583,5.72807200827219));
#7259=CARTESIAN_POINT('',(3.5,7.56902120544763E-17,5.69682200827219));
#7260=CARTESIAN_POINT('',(3.5,-1.44974746830583,5.66557200827219));
#7261=CARTESIAN_POINT('',(2.47487373415292,-2.47487373415292,5.63432200827219));
#7262=CARTESIAN_POINT('',(1.44974746830584,-3.5,5.60307200827219));
#7263=CARTESIAN_POINT('',(-2.14306111918916E-16,-3.5,5.57182200827219));
#7264=CARTESIAN_POINT('',(-1.44974746830583,-3.5,5.54057200827219));
#7265=CARTESIAN_POINT('',(-2.47487373415292,-2.47487373415292,5.50932200827219));
#7266=CARTESIAN_POINT('',(-3.5,-1.44974746830583,5.47807200827219));
#7267=CARTESIAN_POINT('',(-3.5,-3.3746172104676E-16,5.44682200827219));
#7268=CARTESIAN_POINT('',(-3.5,1.44974746830583,5.41557200827219));
#7269=CARTESIAN_POINT('',(-2.47487373415292,2.47487373415292,5.38432200827219));
#7270=CARTESIAN_POINT('',(-1.44974746830583,3.5,5.35307200827219));
#7271=CARTESIAN_POINT('',(-2.14320267782658E-16,3.5,5.32182200827219));
#7272=CARTESIAN_POINT('',(1.44974746830583,3.5,5.29057200827219));
#7273=CARTESIAN_POINT('',(2.47487373415292,2.47487373415292,5.25932200827219));
#7274=CARTESIAN_POINT('',(3.5,1.44974746830583,5.22807200827219));
#7275=CARTESIAN_POINT('',(3.5,1.06667416982634E-16,5.19682200827219));
#7276=CARTESIAN_POINT('',(3.5,-1.44974746830583,5.16557200827219));
#7277=CARTESIAN_POINT('',(2.47487373415292,-2.47487373415292,5.13432200827219));
#7278=CARTESIAN_POINT('',(1.44974746830584,-3.5,5.10307200827219));
#7279=CARTESIAN_POINT('',(-2.14306111918916E-16,-3.5,5.07182200827219));
#7280=CARTESIAN_POINT('',(-1.44974746830583,-3.5,5.04057200827219));
#7281=CARTESIAN_POINT('',(-2.47487373415292,-2.47487373415292,5.00932200827219));
#7282=CARTESIAN_POINT('',(-3.5,-1.44974746830583,4.97807200827219));
#7283=CARTESIAN_POINT('',(-3.5,-3.06484516118603E-16,4.94682200827219));
#7284=CARTESIAN_POINT('',(-3.5,1.44974746830583,4.91557200827219));
#7285=CARTESIAN_POINT('',(-2.47487373415292,2.47487373415292,4.88432200827219));
#7286=CARTESIAN_POINT('',(-1.44974746830583,3.5,4.85307200827219));
#7287=CARTESIAN_POINT('',(-2.14320267782658E-16,3.5,4.82182200827219));
#7288=CARTESIAN_POINT('',(1.44974746830583,3.5,4.79057200827219));
#7289=CARTESIAN_POINT('',(2.47487373415292,2.47487373415292,4.75932200827219));
#7290=CARTESIAN_POINT('',(3.5,1.44974746830583,4.72807200827219));
#7291=CARTESIAN_POINT('',(3.5,1.37644621910791E-16,4.69682200827219));
#7292=CARTESIAN_POINT('',(3.5,-1.44974746830583,4.66557200827219));
#7293=CARTESIAN_POINT('',(2.47487373415292,-2.47487373415292,4.63432200827219));
#7294=CARTESIAN_POINT('',(1.44974746830584,-3.5,4.60307200827219));
#7295=CARTESIAN_POINT('',(-2.14306111918916E-16,-3.5,4.57182200827219));
#7296=CARTESIAN_POINT('',(-1.44974746830583,-3.5,4.54057200827219));
#7297=CARTESIAN_POINT('',(-2.47487373415292,-2.47487373415292,4.50932200827219));
#7298=CARTESIAN_POINT('',(-3.5,-1.44974746830583,4.47807200827219));
#7299=CARTESIAN_POINT('',(-3.5,-2.75507311190446E-16,4.44682200827219));
#7300=CARTESIAN_POINT('',(-3.5,1.44974746830583,4.41557200827219));
#7301=CARTESIAN_POINT('',(-2.47487373415292,2.47487373415292,4.38432200827219));
#7302=CARTESIAN_POINT('',(-1.44974746830583,3.5,4.35307200827219));
#7303=CARTESIAN_POINT('',(-2.14320267782658E-16,3.5,4.32182200827219));
#7304=CARTESIAN_POINT('',(1.44974746830583,3.5,4.29057200827219));
#7305=CARTESIAN_POINT('',(2.47487373415292,2.47487373415292,4.25932200827219));
#7306=CARTESIAN_POINT('',(3.5,1.44974746830583,4.22807200827219));
#7307=CARTESIAN_POINT('',(3.5,1.68621826838948E-16,4.19682200827219));
#7308=CARTESIAN_POINT('',(3.5,-1.44974746830583,4.16557200827219));
#7309=CARTESIAN_POINT('',(2.47487373415292,-2.47487373415292,4.13432200827219));
#7310=CARTESIAN_POINT('',(1.44974746830584,-3.5,4.10307200827219));
#7311=CARTESIAN_POINT('',(-2.14306111918916E-16,-3.5,4.07182200827219));
#7312=CARTESIAN_POINT('',(-1.44974746830583,-3.5,4.04057200827219));
#7313=CARTESIAN_POINT('',(-2.47487373415292,-2.47487373415292,4.00932200827219));
#7314=CARTESIAN_POINT('',(-3.5,-1.44974746830583,3.97807200827219));
#7315=CARTESIAN_POINT('',(-3.5,-2.44530106262288E-16,3.94682200827219));
#7316=CARTESIAN_POINT('',(-3.5,1.44974746830583,3.91557200827219));
#7317=CARTESIAN_POINT('',(-2.47487373415292,2.47487373415292,3.88432200827219));
#7318=CARTESIAN_POINT('',(-1.44974746830583,3.5,3.85307200827219));
#7319=CARTESIAN_POINT('',(-2.14320267782658E-16,3.5,3.82182200827219));
#7320=CARTESIAN_POINT('',(1.44974746830583,3.5,3.79057200827219));
#7321=CARTESIAN_POINT('',(2.47487373415292,2.47487373415292,3.75932200827219));
#7322=CARTESIAN_POINT('',(3.5,1.44974746830583,3.72807200827219));
#7323=CARTESIAN_POINT('',(3.5,1.99599031767105E-16,3.69682200827219));
#7324=CARTESIAN_POINT('',(3.5,-1.44974746830583,3.66557200827219));
#7325=CARTESIAN_POINT('',(2.47487373415292,-2.47487373415292,3.63432200827219));
#7326=CARTESIAN_POINT('',(1.44974746830584,-3.5,3.60307200827219));
#7327=CARTESIAN_POINT('',(-2.14306111918916E-16,-3.5,3.57182200827219));
#7328=CARTESIAN_POINT('',(-1.44974746830583,-3.5,3.54057200827219));
#7329=CARTESIAN_POINT('',(-2.47487373415292,-2.47487373415292,3.50932200827219));
#7330=CARTESIAN_POINT('',(-3.5,-1.44974746830583,3.47807200827219));
#7331=CARTESIAN_POINT('',(-3.5,-2.13552901334131E-16,3.44682200827219));
#7332=CARTESIAN_POINT('',(-3.5,1.44974746830583,3.41557200827219));
#7333=CARTESIAN_POINT('',(-2.47487373415292,2.47487373415292,3.38432200827219));
#7334=CARTESIAN_POINT('',(-1.44974746830583,3.5,3.35307200827219));
#7335=CARTESIAN_POINT('',(-2.14320267782658E-16,3.5,3.32182200827219));
#7336=CARTESIAN_POINT('',(1.44974746830583,3.5,3.29057200827219));
#7337=CARTESIAN_POINT('',(2.47487373415292,2.47487373415292,3.25932200827219));
#7338=CARTESIAN_POINT('',(3.5,1.44974746830583,3.22807200827219));
#7339=CARTESIAN_POINT('',(3.5,2.30576236695263E-16,3.19682200827219));
#7340=CARTESIAN_POINT('',(3.5,-1.44974746830583,3.16557200827219));
#7341=CARTESIAN_POINT('',(2.47487373415292,-2.47487373415292,3.13432200827219));
#7342=CARTESIAN_POINT('',(1.44974746830584,-3.5,3.10307200827219));
#7343=CARTESIAN_POINT('',(-2.14306111918916E-16,-3.5,3.07182200827219));
#7344=CARTESIAN_POINT('',(-1.44974746830583,-3.5,3.04057200827219));
#7345=CARTESIAN_POINT('',(-2.47487373415292,-2.47487373415292,3.00932200827219));
#7346=CARTESIAN_POINT('',(-3.5,-1.44974746830583,2.97807200827219));
#7347=CARTESIAN_POINT('',(-3.5,-1.82575696405974E-16,2.94682200827219));
#7348=CARTESIAN_POINT('',(-3.5,1.44974746830583,2.91557200827219));
#7349=CARTESIAN_POINT('',(-2.47487373415292,2.47487373415292,2.88432200827219));
#7350=CARTESIAN_POINT('',(-1.44974746830583,3.5,2.85307200827219));
#7351=CARTESIAN_POINT('',(-2.14320267782658E-16,3.5,2.82182200827219));
#7352=CARTESIAN_POINT('',(1.44974746830583,3.5,2.79057200827219));
#7353=CARTESIAN_POINT('',(2.47487373415292,2.47487373415292,2.75932200827219));
#7354=CARTESIAN_POINT('',(3.5,1.44974746830583,2.72807200827219));
#7355=CARTESIAN_POINT('',(3.5,2.6155344162342E-16,2.69682200827219));
#7356=CARTESIAN_POINT('',(3.5,-1.44974746830583,2.66557200827219));
#7357=CARTESIAN_POINT('',(2.47487373415292,-2.47487373415292,2.63432200827219));
#7358=CARTESIAN_POINT('',(1.44974746830584,-3.5,2.60307200827219));
#7359=CARTESIAN_POINT('',(-2.14306111918916E-16,-3.5,2.57182200827219));
#7360=CARTESIAN_POINT('',(-1.44974746830583,-3.5,2.54057200827219));
#7361=CARTESIAN_POINT('',(-2.47487373415292,-2.47487373415292,2.50932200827219));
#7362=CARTESIAN_POINT('',(-3.5,-1.44974746830583,2.47807200827219));
#7363=CARTESIAN_POINT('',(-3.5,-1.51598491477817E-16,2.44682200827219));
#7364=CARTESIAN_POINT('',(-3.5,1.44974746830583,2.41557200827219));
#7365=CARTESIAN_POINT('',(-2.47487373415292,2.47487373415292,2.38432200827219));
#7366=CARTESIAN_POINT('',(-1.44974746830583,3.5,2.35307200827219));
#7367=CARTESIAN_POINT('',(-2.14320267782658E-16,3.5,2.32182200827219));
#7368=CARTESIAN_POINT('',(1.44974746830583,3.5,2.29057200827219));
#7369=CARTESIAN_POINT('',(2.47487373415292,2.47487373415292,2.25932200827219));
#7370=CARTESIAN_POINT('',(3.5,1.44974746830583,2.22807200827219));
#7371=CARTESIAN_POINT('',(3.5,2.92530646551577E-16,2.19682200827219));
#7372=CARTESIAN_POINT('',(3.5,-1.44974746830583,2.16557200827219));
#7373=CARTESIAN_POINT('',(2.47487373415292,-2.47487373415292,2.13432200827219));
#7374=CARTESIAN_POINT('',(1.44974746830584,-3.5,2.10307200827219));
#7375=CARTESIAN_POINT('',(-2.14306111918916E-16,-3.5,2.07182200827219));
#7376=CARTESIAN_POINT('',(-1.44974746830583,-3.5,2.04057200827219));
#7377=CARTESIAN_POINT('',(-2.47487373415292,-2.47487373415292,2.00932200827219));
#7378=CARTESIAN_POINT('',(-3.5,-1.44974746830583,1.97807200827219));
#7379=CARTESIAN_POINT('',(-3.5,-1.20621286549659E-16,1.94682200827219));
#7380=CARTESIAN_POINT('',(-3.5,1.44974746830583,1.91557200827219));
#7381=CARTESIAN_POINT('',(-2.47487373415292,2.47487373415292,1.88432200827219));
#7382=CARTESIAN_POINT('',(-1.44974746830583,3.5,1.85307200827219));
#7383=CARTESIAN_POINT('',(-2.14320267782658E-16,3.5,1.82182200827219));
#7384=CARTESIAN_POINT('',(1.44974746830583,3.5,1.79057200827219));
#7385=CARTESIAN_POINT('',(2.47487373415292,2.47487373415292,1.75932200827219));
#7386=CARTESIAN_POINT('',(3.5,1.44974746830583,1.72807200827219));
#7387=CARTESIAN_POINT('',(3.5,3.23507851479734E-16,1.69682200827219));
#7388=CARTESIAN_POINT('',(3.5,-1.44974746830583,1.66557200827219));
#7389=CARTESIAN_POINT('',(2.47487373415292,-2.47487373415292,1.63432200827219));
#7390=CARTESIAN_POINT('',(1.44974746830584,-3.5,1.60307200827219));
#7391=CARTESIAN_POINT('',(-2.14306111918916E-16,-3.5,1.57182200827219));
#7392=CARTESIAN_POINT('',(-1.44974746830583,-3.5,1.54057200827219));
#7393=CARTESIAN_POINT('',(-2.47487373415292,-2.47487373415292,1.50932200827219));
#7394=CARTESIAN_POINT('',(-3.5,-1.44974746830583,1.47807200827219));
#7395=CARTESIAN_POINT('',(-3.5,-8.9644081621502E-17,1.44682200827219));
#7396=CARTESIAN_POINT('',(-3.5,1.44974746830583,1.41557200827219));
#7397=CARTESIAN_POINT('',(-2.47487373415292,2.47487373415292,1.38432200827219));
#7398=CARTESIAN_POINT('',(-1.44974746830583,3.5,1.35307200827219));
#7399=CARTESIAN_POINT('',(-2.14320267782658E-16,3.5,1.32182200827219));
#7400=CARTESIAN_POINT('',(1.44974746830583,3.5,1.29057200827219));
#7401=CARTESIAN_POINT('',(2.47487373415292,2.47487373415292,1.25932200827219));
#7402=CARTESIAN_POINT('',(3.5,1.44974746830583,1.22807200827219));
#7403=CARTESIAN_POINT('',(3.5,3.54485056407892E-16,1.19682200827219));
#7404=CARTESIAN_POINT('',(3.5,-1.44974746830583,1.16557200827219));
#7405=CARTESIAN_POINT('',(2.47487373415292,-2.47487373415292,1.13432200827219));
#7406=CARTESIAN_POINT('',(1.44974746830584,-3.5,1.10307200827219));
#7407=CARTESIAN_POINT('',(-2.14306111918916E-16,-3.5,1.07182200827219));
#7408=CARTESIAN_POINT('',(-1.44974746830583,-3.5,1.04057200827219));
#7409=CARTESIAN_POINT('',(-2.47487373415292,-2.47487373415292,1.00932200827219));
#7410=CARTESIAN_POINT('',(-3.5,-1.44974746830583,0.978072008272188));
#7411=CARTESIAN_POINT('',(-3.5,-5.86668766933447E-17,0.946822008272187));
#7412=CARTESIAN_POINT('',(-3.5,1.44974746830583,0.915572008272187));
#7413=CARTESIAN_POINT('',(-2.47487373415292,2.47487373415292,0.884322008272187));
#7414=CARTESIAN_POINT('',(-1.44974746830583,3.5,0.853072008272187));
#7415=CARTESIAN_POINT('',(-2.14320267782658E-16,3.5,0.821822008272187));
#7416=CARTESIAN_POINT('',(1.44974746830583,3.5,0.790572008272187));
#7417=CARTESIAN_POINT('',(2.47487373415292,2.47487373415292,0.759322008272187));
#7418=CARTESIAN_POINT('',(3.5,1.44974746830583,0.728072008272187));
#7419=CARTESIAN_POINT('',(3.5,3.85462261336049E-16,0.696822008272187));
#7420=CARTESIAN_POINT('',(3.5,-1.44974746830583,0.665572008272187));
#7421=CARTESIAN_POINT('',(2.47487373415292,-2.47487373415292,0.634322008272187));
#7422=CARTESIAN_POINT('',(1.44974746830584,-3.5,0.603072008272187));
#7423=CARTESIAN_POINT('',(-2.14306111918916E-16,-3.5,0.571822008272187));
#7424=CARTESIAN_POINT('',(-1.44974746830583,-3.5,0.540572008272188));
#7425=CARTESIAN_POINT('',(-2.47487373415292,-2.47487373415292,0.509322008272188));
#7426=CARTESIAN_POINT('',(-3.5,-1.44974746830583,0.478072008272188));
#7427=CARTESIAN_POINT('',(-3.5,-2.76896717651875E-17,0.446822008272188));
#7428=CARTESIAN_POINT('',(-3.5,1.44974746830583,0.415572008272188));
#7429=CARTESIAN_POINT('',(-2.47487373415292,2.47487373415292,0.384322008272188));
#7430=CARTESIAN_POINT('',(-1.44974746830583,3.5,0.353072008272188));
#7431=CARTESIAN_POINT('',(-2.14320267782658E-16,3.5,0.321822008272188));
#7432=CARTESIAN_POINT('',(1.44974746830583,3.5,0.290572008272188));
#7433=CARTESIAN_POINT('',(2.47487373415292,2.47487373415292,0.259322008272188));
#7434=CARTESIAN_POINT('',(3.5,1.44974746830583,0.228072008272188));
#7435=CARTESIAN_POINT('',(3.5,4.16439466264206E-16,0.196822008272188));
#7436=CARTESIAN_POINT('',(3.5,-1.44974746830583,0.165572008272188));
#7437=CARTESIAN_POINT('',(2.47487373415292,-2.47487373415292,0.134322008272188));
#7438=CARTESIAN_POINT('',(1.44974746830584,-3.5,0.103072008272188));
#7439=CARTESIAN_POINT('',(-2.14306111918916E-16,-3.5,0.0718220082721875));
#7440=CARTESIAN_POINT('',(-2.14306111918916E-16,-3.5,7.07182200827219));
#7441=CARTESIAN_POINT('',(-1.44974746830583,-3.5,7.04057200827219));
#7442=CARTESIAN_POINT('',(-2.47487373415292,-2.47487373415292,7.00932200827219));
#7443=CARTESIAN_POINT('',(-3.5,-1.44974746830583,6.97807200827219));
#7444=CARTESIAN_POINT('',(-3.5,-4.30393335831232E-16,6.94682200827219));
#7445=CARTESIAN_POINT('',(-3.5,1.44974746830583,6.91557200827219));
#7446=CARTESIAN_POINT('',(-2.47487373415292,2.47487373415292,6.88432200827219));
#7447=CARTESIAN_POINT('',(-1.44974746830583,3.5,6.85307200827219));
#7448=CARTESIAN_POINT('',(-2.14320267782658E-16,3.5,6.82182200827219));
#7449=CARTESIAN_POINT('',(1.44974746830583,3.5,6.79057200827219));
#7450=CARTESIAN_POINT('',(2.47487373415292,2.47487373415292,6.75932200827219));
#7451=CARTESIAN_POINT('',(3.5,1.44974746830583,6.72807200827219));
#7452=CARTESIAN_POINT('',(3.5,1.37358021981617E-17,6.69682200827219));
#7453=CARTESIAN_POINT('',(3.5,-1.44974746830583,6.66557200827219));
#7454=CARTESIAN_POINT('',(2.47487373415292,-2.47487373415292,6.63432200827219));
#7455=CARTESIAN_POINT('',(1.44974746830583,-3.5,6.60307200827219));
#7456=CARTESIAN_POINT('',(-2.14306111918916E-16,-3.5,6.57182200827219));
#7457=CARTESIAN_POINT('',(-1.44974746830583,-3.5,6.54057200827219));
#7458=CARTESIAN_POINT('',(-2.47487373415292,-2.47487373415292,6.50932200827219));
#7459=CARTESIAN_POINT('',(-3.5,-1.44974746830583,6.47807200827219));
#7460=CARTESIAN_POINT('',(-3.5,-3.99416130903075E-16,6.44682200827219));
#7461=CARTESIAN_POINT('',(-3.5,1.44974746830583,6.41557200827219));
#7462=CARTESIAN_POINT('',(-2.47487373415292,2.47487373415292,6.38432200827219));
#7463=CARTESIAN_POINT('',(-1.44974746830583,3.5,6.35307200827219));
#7464=CARTESIAN_POINT('',(-2.14320267782658E-16,3.5,6.32182200827219));
#7465=CARTESIAN_POINT('',(1.44974746830583,3.5,6.29057200827219));
#7466=CARTESIAN_POINT('',(2.47487373415292,2.47487373415292,6.25932200827219));
#7467=CARTESIAN_POINT('',(3.5,1.44974746830583,6.22807200827219));
#7468=CARTESIAN_POINT('',(3.5,4.4713007126319E-17,6.19682200827219));
#7469=CARTESIAN_POINT('',(3.5,-1.44974746830583,6.16557200827219));
#7470=CARTESIAN_POINT('',(2.47487373415292,-2.47487373415292,6.13432200827219));
#7471=CARTESIAN_POINT('',(1.44974746830583,-3.5,6.10307200827219));
#7472=CARTESIAN_POINT('',(-2.14306111918916E-16,-3.5,6.07182200827219));
#7473=CARTESIAN_POINT('',(-1.44974746830583,-3.5,6.04057200827219));
#7474=CARTESIAN_POINT('',(-2.47487373415292,-2.47487373415292,6.00932200827219));
#7475=CARTESIAN_POINT('',(-3.5,-1.44974746830583,5.97807200827219));
#7476=CARTESIAN_POINT('',(-3.5,-3.68438925974918E-16,5.94682200827219));
#7477=CARTESIAN_POINT('',(-3.5,1.44974746830583,5.91557200827219));
#7478=CARTESIAN_POINT('',(-2.47487373415292,2.47487373415292,5.88432200827219));
#7479=CARTESIAN_POINT('',(-1.44974746830583,3.5,5.85307200827219));
#7480=CARTESIAN_POINT('',(-2.14320267782658E-16,3.5,5.82182200827219));
#7481=CARTESIAN_POINT('',(1.44974746830583,3.5,5.79057200827219));
#7482=CARTESIAN_POINT('',(2.47487373415292,2.47487373415292,5.75932200827219));
#7483=CARTESIAN_POINT('',(3.5,1.44974746830583,5.72807200827219));
#7484=CARTESIAN_POINT('',(3.5,7.56902120544762E-17,5.69682200827219));
#7485=CARTESIAN_POINT('',(3.5,-1.44974746830583,5.66557200827219));
#7486=CARTESIAN_POINT('',(2.47487373415292,-2.47487373415292,5.63432200827219));
#7487=CARTESIAN_POINT('',(1.44974746830583,-3.5,5.60307200827219));
#7488=CARTESIAN_POINT('',(-2.14306111918916E-16,-3.5,5.57182200827219));
#7489=CARTESIAN_POINT('',(-1.44974746830583,-3.5,5.54057200827219));
#7490=CARTESIAN_POINT('',(-2.47487373415292,-2.47487373415292,5.50932200827219));
#7491=CARTESIAN_POINT('',(-3.5,-1.44974746830583,5.47807200827219));
#7492=CARTESIAN_POINT('',(-3.5,-3.3746172104676E-16,5.44682200827219));
#7493=CARTESIAN_POINT('',(-3.5,1.44974746830583,5.41557200827219));
#7494=CARTESIAN_POINT('',(-2.47487373415292,2.47487373415292,5.38432200827219));
#7495=CARTESIAN_POINT('',(-1.44974746830583,3.5,5.35307200827219));
#7496=CARTESIAN_POINT('',(-2.14320267782658E-16,3.5,5.32182200827219));
#7497=CARTESIAN_POINT('',(1.44974746830583,3.5,5.29057200827219));
#7498=CARTESIAN_POINT('',(2.47487373415292,2.47487373415292,5.25932200827219));
#7499=CARTESIAN_POINT('',(3.5,1.44974746830583,5.22807200827219));
#7500=CARTESIAN_POINT('',(3.5,1.06667416982633E-16,5.19682200827219));
#7501=CARTESIAN_POINT('',(3.5,-1.44974746830583,5.16557200827219));
#7502=CARTESIAN_POINT('',(2.47487373415292,-2.47487373415292,5.13432200827219));
#7503=CARTESIAN_POINT('',(1.44974746830583,-3.5,5.10307200827219));
#7504=CARTESIAN_POINT('',(-2.14306111918916E-16,-3.5,5.07182200827219));
#7505=CARTESIAN_POINT('',(-1.44974746830583,-3.5,5.04057200827219));
#7506=CARTESIAN_POINT('',(-2.47487373415292,-2.47487373415292,5.00932200827219));
#7507=CARTESIAN_POINT('',(-3.5,-1.44974746830583,4.97807200827219));
#7508=CARTESIAN_POINT('',(-3.5,-3.06484516118603E-16,4.94682200827219));
#7509=CARTESIAN_POINT('',(-3.5,1.44974746830583,4.91557200827219));
#7510=CARTESIAN_POINT('',(-2.47487373415292,2.47487373415292,4.88432200827219));
#7511=CARTESIAN_POINT('',(-1.44974746830583,3.5,4.85307200827219));
#7512=CARTESIAN_POINT('',(-2.14320267782658E-16,3.5,4.82182200827219));
#7513=CARTESIAN_POINT('',(1.44974746830583,3.5,4.79057200827219));
#7514=CARTESIAN_POINT('',(2.47487373415292,2.47487373415292,4.75932200827219));
#7515=CARTESIAN_POINT('',(3.5,1.44974746830583,4.72807200827219));
#7516=CARTESIAN_POINT('',(3.5,1.37644621910791E-16,4.69682200827219));
#7517=CARTESIAN_POINT('',(3.5,-1.44974746830583,4.66557200827219));
#7518=CARTESIAN_POINT('',(2.47487373415292,-2.47487373415292,4.63432200827219));
#7519=CARTESIAN_POINT('',(1.44974746830583,-3.5,4.60307200827219));
#7520=CARTESIAN_POINT('',(-2.14306111918916E-16,-3.5,4.57182200827219));
#7521=CARTESIAN_POINT('',(-1.44974746830583,-3.5,4.54057200827219));
#7522=CARTESIAN_POINT('',(-2.47487373415292,-2.47487373415292,4.50932200827219));
#7523=CARTESIAN_POINT('',(-3.5,-1.44974746830583,4.47807200827219));
#7524=CARTESIAN_POINT('',(-3.5,-2.75507311190446E-16,4.44682200827219));
#7525=CARTESIAN_POINT('',(-3.5,1.44974746830583,4.41557200827219));
#7526=CARTESIAN_POINT('',(-2.47487373415292,2.47487373415292,4.38432200827219));
#7527=CARTESIAN_POINT('',(-1.44974746830583,3.5,4.35307200827219));
#7528=CARTESIAN_POINT('',(-2.14320267782658E-16,3.5,4.32182200827219));
#7529=CARTESIAN_POINT('',(1.44974746830583,3.5,4.29057200827219));
#7530=CARTESIAN_POINT('',(2.47487373415292,2.47487373415292,4.25932200827219));
#7531=CARTESIAN_POINT('',(3.5,1.44974746830583,4.22807200827219));
#7532=CARTESIAN_POINT('',(3.5,1.68621826838948E-16,4.19682200827219));
#7533=CARTESIAN_POINT('',(3.5,-1.44974746830583,4.16557200827219));
#7534=CARTESIAN_POINT('',(2.47487373415292,-2.47487373415292,4.13432200827219));
#7535=CARTESIAN_POINT('',(1.44974746830583,-3.5,4.10307200827219));
#7536=CARTESIAN_POINT('',(-2.14306111918916E-16,-3.5,4.07182200827219));
#7537=CARTESIAN_POINT('',(-1.44974746830583,-3.5,4.04057200827219));
#7538=CARTESIAN_POINT('',(-2.47487373415292,-2.47487373415292,4.00932200827219));
#7539=CARTESIAN_POINT('',(-3.5,-1.44974746830583,3.97807200827219));
#7540=CARTESIAN_POINT('',(-3.5,-2.44530106262288E-16,3.94682200827219));
#7541=CARTESIAN_POINT('',(-3.5,1.44974746830583,3.91557200827219));
#7542=CARTESIAN_POINT('',(-2.47487373415292,2.47487373415292,3.88432200827219));
#7543=CARTESIAN_POINT('',(-1.44974746830583,3.5,3.85307200827219));
#7544=CARTESIAN_POINT('',(-2.14320267782658E-16,3.5,3.82182200827219));
#7545=CARTESIAN_POINT('',(1.44974746830583,3.5,3.79057200827219));
#7546=CARTESIAN_POINT('',(2.47487373415292,2.47487373415292,3.75932200827219));
#7547=CARTESIAN_POINT('',(3.5,1.44974746830583,3.72807200827219));
#7548=CARTESIAN_POINT('',(3.5,1.99599031767105E-16,3.69682200827219));
#7549=CARTESIAN_POINT('',(3.5,-1.44974746830583,3.66557200827219));
#7550=CARTESIAN_POINT('',(2.47487373415292,-2.47487373415292,3.63432200827219));
#7551=CARTESIAN_POINT('',(1.44974746830583,-3.5,3.60307200827219));
#7552=CARTESIAN_POINT('',(-2.14306111918916E-16,-3.5,3.57182200827219));
#7553=CARTESIAN_POINT('',(-1.44974746830583,-3.5,3.54057200827219));
#7554=CARTESIAN_POINT('',(-2.47487373415292,-2.47487373415292,3.50932200827219));
#7555=CARTESIAN_POINT('',(-3.5,-1.44974746830583,3.47807200827219));
#7556=CARTESIAN_POINT('',(-3.5,-2.13552901334131E-16,3.44682200827219));
#7557=CARTESIAN_POINT('',(-3.5,1.44974746830583,3.41557200827219));
#7558=CARTESIAN_POINT('',(-2.47487373415292,2.47487373415292,3.38432200827219));
#7559=CARTESIAN_POINT('',(-1.44974746830583,3.5,3.35307200827219));
#7560=CARTESIAN_POINT('',(-2.14320267782658E-16,3.5,3.32182200827219));
#7561=CARTESIAN_POINT('',(1.44974746830583,3.5,3.29057200827219));
#7562=CARTESIAN_POINT('',(2.47487373415292,2.47487373415292,3.25932200827219));
#7563=CARTESIAN_POINT('',(3.5,1.44974746830583,3.22807200827219));
#7564=CARTESIAN_POINT('',(3.5,2.30576236695263E-16,3.19682200827219));
#7565=CARTESIAN_POINT('',(3.5,-1.44974746830583,3.16557200827219));
#7566=CARTESIAN_POINT('',(2.47487373415292,-2.47487373415292,3.13432200827219));
#7567=CARTESIAN_POINT('',(1.44974746830583,-3.5,3.10307200827219));
#7568=CARTESIAN_POINT('',(-2.14306111918916E-16,-3.5,3.07182200827219));
#7569=CARTESIAN_POINT('',(-1.44974746830583,-3.5,3.04057200827219));
#7570=CARTESIAN_POINT('',(-2.47487373415292,-2.47487373415292,3.00932200827219));
#7571=CARTESIAN_POINT('',(-3.5,-1.44974746830583,2.97807200827219));
#7572=CARTESIAN_POINT('',(-3.5,-1.82575696405974E-16,2.94682200827219));
#7573=CARTESIAN_POINT('',(-3.5,1.44974746830583,2.91557200827219));
#7574=CARTESIAN_POINT('',(-2.47487373415292,2.47487373415292,2.88432200827219));
#7575=CARTESIAN_POINT('',(-1.44974746830583,3.5,2.85307200827219));
#7576=CARTESIAN_POINT('',(-2.14320267782658E-16,3.5,2.82182200827219));
#7577=CARTESIAN_POINT('',(1.44974746830583,3.5,2.79057200827219));
#7578=CARTESIAN_POINT('',(2.47487373415292,2.47487373415292,2.75932200827219));
#7579=CARTESIAN_POINT('',(3.5,1.44974746830583,2.72807200827219));
#7580=CARTESIAN_POINT('',(3.5,2.6155344162342E-16,2.69682200827219));
#7581=CARTESIAN_POINT('',(3.5,-1.44974746830583,2.66557200827219));
#7582=CARTESIAN_POINT('',(2.47487373415292,-2.47487373415292,2.63432200827219));
#7583=CARTESIAN_POINT('',(1.44974746830583,-3.5,2.60307200827219));
#7584=CARTESIAN_POINT('',(-2.14306111918916E-16,-3.5,2.57182200827219));
#7585=CARTESIAN_POINT('',(-1.44974746830583,-3.5,2.54057200827219));
#7586=CARTESIAN_POINT('',(-2.47487373415292,-2.47487373415292,2.50932200827219));
#7587=CARTESIAN_POINT('',(-3.5,-1.44974746830583,2.47807200827219));
#7588=CARTESIAN_POINT('',(-3.5,-1.51598491477817E-16,2.44682200827219));
#7589=CARTESIAN_POINT('',(-3.5,1.44974746830583,2.41557200827219));
#7590=CARTESIAN_POINT('',(-2.47487373415292,2.47487373415292,2.38432200827219));
#7591=CARTESIAN_POINT('',(-1.44974746830583,3.5,2.35307200827219));
#7592=CARTESIAN_POINT('',(-2.14320267782658E-16,3.5,2.32182200827219));
#7593=CARTESIAN_POINT('',(1.44974746830583,3.5,2.29057200827219));
#7594=CARTESIAN_POINT('',(2.47487373415292,2.47487373415292,2.25932200827219));
#7595=CARTESIAN_POINT('',(3.5,1.44974746830583,2.22807200827219));
#7596=CARTESIAN_POINT('',(3.5,2.92530646551577E-16,2.19682200827219));
#7597=CARTESIAN_POINT('',(3.5,-1.44974746830583,2.16557200827219));
#7598=CARTESIAN_POINT('',(2.47487373415292,-2.47487373415292,2.13432200827219));
#7599=CARTESIAN_POINT('',(1.44974746830583,-3.5,2.10307200827219));
#7600=CARTESIAN_POINT('',(-2.14306111918916E-16,-3.5,2.07182200827219));
#7601=CARTESIAN_POINT('',(-1.44974746830583,-3.5,2.04057200827219));
#7602=CARTESIAN_POINT('',(-2.47487373415292,-2.47487373415292,2.00932200827219));
#7603=CARTESIAN_POINT('',(-3.5,-1.44974746830583,1.97807200827219));
#7604=CARTESIAN_POINT('',(-3.5,-1.20621286549659E-16,1.94682200827219));
#7605=CARTESIAN_POINT('',(-3.5,1.44974746830583,1.91557200827219));
#7606=CARTESIAN_POINT('',(-2.47487373415292,2.47487373415292,1.88432200827219));
#7607=CARTESIAN_POINT('',(-1.44974746830583,3.5,1.85307200827219));
#7608=CARTESIAN_POINT('',(-2.14320267782658E-16,3.5,1.82182200827219));
#7609=CARTESIAN_POINT('',(1.44974746830583,3.5,1.79057200827219));
#7610=CARTESIAN_POINT('',(2.47487373415292,2.47487373415292,1.75932200827219));
#7611=CARTESIAN_POINT('',(3.5,1.44974746830583,1.72807200827219));
#7612=CARTESIAN_POINT('',(3.5,3.23507851479734E-16,1.69682200827219));
#7613=CARTESIAN_POINT('',(3.5,-1.44974746830583,1.66557200827219));
#7614=CARTESIAN_POINT('',(2.47487373415292,-2.47487373415292,1.63432200827219));
#7615=CARTESIAN_POINT('',(1.44974746830583,-3.5,1.60307200827219));
#7616=CARTESIAN_POINT('',(-2.14306111918916E-16,-3.5,1.57182200827219));
#7617=CARTESIAN_POINT('',(-1.44974746830583,-3.5,1.54057200827219));
#7618=CARTESIAN_POINT('',(-2.47487373415292,-2.47487373415292,1.50932200827219));
#7619=CARTESIAN_POINT('',(-3.5,-1.44974746830583,1.47807200827219));
#7620=CARTESIAN_POINT('',(-3.5,-8.96440816215021E-17,1.44682200827219));
#7621=CARTESIAN_POINT('',(-3.5,1.44974746830583,1.41557200827219));
#7622=CARTESIAN_POINT('',(-2.47487373415292,2.47487373415292,1.38432200827219));
#7623=CARTESIAN_POINT('',(-1.44974746830583,3.5,1.35307200827219));
#7624=CARTESIAN_POINT('',(-2.14320267782658E-16,3.5,1.32182200827219));
#7625=CARTESIAN_POINT('',(1.44974746830583,3.5,1.29057200827219));
#7626=CARTESIAN_POINT('',(2.47487373415292,2.47487373415292,1.25932200827219));
#7627=CARTESIAN_POINT('',(3.5,1.44974746830583,1.22807200827219));
#7628=CARTESIAN_POINT('',(3.5,3.54485056407892E-16,1.19682200827219));
#7629=CARTESIAN_POINT('',(3.5,-1.44974746830583,1.16557200827219));
#7630=CARTESIAN_POINT('',(2.47487373415292,-2.47487373415292,1.13432200827219));
#7631=CARTESIAN_POINT('',(1.44974746830583,-3.5,1.10307200827219));
#7632=CARTESIAN_POINT('',(-2.14306111918916E-16,-3.5,1.07182200827219));
#7633=CARTESIAN_POINT('',(-1.44974746830583,-3.5,1.04057200827219));
#7634=CARTESIAN_POINT('',(-2.47487373415292,-2.47487373415292,1.00932200827219));
#7635=CARTESIAN_POINT('',(-3.5,-1.44974746830583,0.978072008272188));
#7636=CARTESIAN_POINT('',(-3.5,-5.86668766933448E-17,0.946822008272188));
#7637=CARTESIAN_POINT('',(-3.5,1.44974746830583,0.915572008272188));
#7638=CARTESIAN_POINT('',(-2.47487373415292,2.47487373415292,0.884322008272188));
#7639=CARTESIAN_POINT('',(-1.44974746830583,3.5,0.853072008272188));
#7640=CARTESIAN_POINT('',(-2.14320267782658E-16,3.5,0.821822008272188));
#7641=CARTESIAN_POINT('',(1.44974746830583,3.5,0.790572008272188));
#7642=CARTESIAN_POINT('',(2.47487373415292,2.47487373415292,0.759322008272188));
#7643=CARTESIAN_POINT('',(3.5,1.44974746830583,0.728072008272188));
#7644=CARTESIAN_POINT('',(3.5,3.85462261336049E-16,0.696822008272188));
#7645=CARTESIAN_POINT('',(3.5,-1.44974746830583,0.665572008272188));
#7646=CARTESIAN_POINT('',(2.47487373415292,-2.47487373415292,0.634322008272188));
#7647=CARTESIAN_POINT('',(1.44974746830583,-3.5,0.603072008272188));
#7648=CARTESIAN_POINT('',(-2.14306111918916E-16,-3.5,0.571822008272188));
#7649=CARTESIAN_POINT('',(-1.44974746830583,-3.5,0.540572008272188));
#7650=CARTESIAN_POINT('',(-2.47487373415292,-2.47487373415292,0.509322008272188));
#7651=CARTESIAN_POINT('',(-3.5,-1.44974746830583,0.478072008272188));
#7652=CARTESIAN_POINT('',(-3.5,-2.76896717651876E-17,0.446822008272188));
#7653=CARTESIAN_POINT('',(-3.5,1.44974746830583,0.415572008272188));
#7654=CARTESIAN_POINT('',(-2.47487373415292,2.47487373415292,0.384322008272188));
#7655=CARTESIAN_POINT('',(-1.44974746830583,3.5,0.353072008272188));
#7656=CARTESIAN_POINT('',(-2.14320267782658E-16,3.5,0.321822008272188));
#7657=CARTESIAN_POINT('',(1.44974746830583,3.5,0.290572008272188));
#7658=CARTESIAN_POINT('',(2.47487373415292,2.47487373415292,0.259322008272188));
#7659=CARTESIAN_POINT('',(3.5,1.44974746830583,0.228072008272188));
#7660=CARTESIAN_POINT('',(3.5,4.16439466264206E-16,0.196822008272188));
#7661=CARTESIAN_POINT('',(3.5,-1.44974746830583,0.165572008272188));
#7662=CARTESIAN_POINT('',(2.47487373415292,-2.47487373415292,0.134322008272188));
#7663=CARTESIAN_POINT('',(1.44974746830583,-3.5,0.103072008272188));
#7664=CARTESIAN_POINT('',(-2.14306111918916E-16,-3.5,0.0718220082721879));
#7665=CARTESIAN_POINT('',(-3.28167658275174,-1.21679858901089,6.475));
#7666=CARTESIAN_POINT('',(-3.28167658275174,-1.21679858901089,6.475));
#7667=CARTESIAN_POINT('',(-2.97700701159306,-1.93693182651091,6.51030568281674));
#7668=CARTESIAN_POINT('',(-1.88523333440418,-3.14917677578254,6.57739053167728));
#7669=CARTESIAN_POINT('',(0.55633724452543,-3.53298297770036,6.68534334495942));
#7670=CARTESIAN_POINT('',(2.66696267346783,-2.22432171516962,6.79537190261219));
#7671=CARTESIAN_POINT('',(3.13344176196042,-0.640834794540932,6.87370623161249));
#7672=CARTESIAN_POINT('',(3.06018321827965,0.138382369482793,6.91168953424175));
#7673=CARTESIAN_POINT('',(3.06018321827964,0.138382369482793,6.91168953424175));
#7674=CARTESIAN_POINT('',(-1.87567473004907E-16,-3.06331046575825,7.28324950746713));
#7675=CARTESIAN_POINT('',(-1.26886474067651,-3.06331046575825,7.25199950746713));
#7676=CARTESIAN_POINT('',(-2.16608760321738,-2.16608760321738,7.22074950746713));
#7677=CARTESIAN_POINT('',(-3.06331046575825,-1.26886474067651,7.18949950746713));
#7678=CARTESIAN_POINT('',(-3.06331046575825,-4.43491318668745E-16,7.15824950746713));
#7679=CARTESIAN_POINT('',(-3.06331046575825,1.26886474067651,7.12699950746713));
#7680=CARTESIAN_POINT('',(-2.16608760321738,2.16608760321738,7.09574950746713));
#7681=CARTESIAN_POINT('',(-1.26886474067651,3.06331046575825,7.06449950746713));
#7682=CARTESIAN_POINT('',(-1.87579862663636E-16,3.06331046575825,7.03324950746713));
#7683=CARTESIAN_POINT('',(1.26886474067651,3.06331046575825,7.00199950746713));
#7684=CARTESIAN_POINT('',(2.16608760321738,2.16608760321738,6.97074950746713));
#7685=CARTESIAN_POINT('',(3.06331046575825,1.26886474067651,6.93949950746713));
#7686=CARTESIAN_POINT('',(3.06331046575825,-5.28429908773943E-17,6.90824950746713));
#7687=CARTESIAN_POINT('',(3.06331046575825,-1.26886474067651,6.87699950746713));
#7688=CARTESIAN_POINT('',(2.16608760321738,-2.16608760321738,6.84574950746713));
#7689=CARTESIAN_POINT('',(1.26886474067651,-3.06331046575825,6.81449950746713));
#7690=CARTESIAN_POINT('',(5.62727198332179E-16,-3.06331046575825,6.78324950746713));
#7691=CARTESIAN_POINT('',(-1.26886474067651,-3.06331046575825,6.75199950746713));
#7692=CARTESIAN_POINT('',(-2.16608760321738,-2.16608760321738,6.72074950746713));
#7693=CARTESIAN_POINT('',(-3.06331046575825,-1.26886474067651,6.68949950746713));
#7694=CARTESIAN_POINT('',(-3.06331046575825,-1.16280878507767E-15,6.65824950746713));
#7695=CARTESIAN_POINT('',(-3.06331046575825,1.26886474067651,6.62699950746713));
#7696=CARTESIAN_POINT('',(-2.16608760321738,2.16608760321738,6.59574950746713));
#7697=CARTESIAN_POINT('',(-1.26886474067651,3.06331046575825,6.56449950746713));
#7698=CARTESIAN_POINT('',(-9.37874534000722E-16,3.06331046575825,6.53324950746713));
#7699=CARTESIAN_POINT('',(1.26886474067651,3.06331046575825,6.50199950746713));
#7700=CARTESIAN_POINT('',(2.16608760321738,2.16608760321738,6.47074950746713));
#7701=CARTESIAN_POINT('',(3.06331046575825,1.26886474067651,6.43949950746713));
#7702=CARTESIAN_POINT('',(3.06331046575825,7.28428885387849E-16,6.40824950746713));
#7703=CARTESIAN_POINT('',(3.06331046575825,-1.26886474067651,6.37699950746713));
#7704=CARTESIAN_POINT('',(2.16608760321738,-2.16608760321738,6.34574950746713));
#7705=CARTESIAN_POINT('',(1.26886474067651,-3.06331046575825,6.31449950746713));
#7706=CARTESIAN_POINT('',(1.31302186966927E-15,-3.06331046575825,6.28324950746713));
#7707=CARTESIAN_POINT('',(-1.26886474067651,-3.06331046575825,6.25199950746713));
#7708=CARTESIAN_POINT('',(-2.16608760321738,-2.16608760321738,6.22074950746713));
#7709=CARTESIAN_POINT('',(-3.06331046575825,-1.26886474067651,6.18949950746713));
#7710=CARTESIAN_POINT('',(-3.06331046575825,-1.8821262514866E-15,6.15824950746713));
#7711=CARTESIAN_POINT('',(-3.06331046575825,1.26886474067651,6.12699950746713));
#7712=CARTESIAN_POINT('',(-2.16608760321738,2.16608760321738,6.09574950746713));
#7713=CARTESIAN_POINT('',(-1.26886474067651,3.06331046575825,6.06449950746713));
#7714=CARTESIAN_POINT('',(-1.68816920533781E-15,3.06331046575825,6.03324950746713));
#7715=CARTESIAN_POINT('',(1.26886474067651,3.06331046575825,6.00199950746713));
#7716=CARTESIAN_POINT('',(2.16608760321738,2.16608760321738,5.97074950746713));
#7717=CARTESIAN_POINT('',(3.06331046575825,1.26886474067651,5.93949950746713));
#7718=CARTESIAN_POINT('',(3.06331046575825,6.95123325870913E-15,5.90824950746714));
#7719=CARTESIAN_POINT('',(3.06331046575825,-1.26886474067651,5.87699950746714));
#7720=CARTESIAN_POINT('',(2.16608760321739,-2.16608760321738,5.84574950746713));
#7721=CARTESIAN_POINT('',(1.26886474067651,-3.06331046575825,5.81449950746713));
#7722=CARTESIAN_POINT('',(2.06331654100635E-15,-3.06331046575825,5.78324950746713));
#7723=CARTESIAN_POINT('',(-1.2688647406765,-3.06331046575826,5.75199950746713));
#7724=CARTESIAN_POINT('',(-2.16608760321738,-2.16608760321738,5.72074950746713));
#7725=CARTESIAN_POINT('',(-3.06331046575825,-1.26886474067651,5.68949950746713));
#7726=CARTESIAN_POINT('',(-3.06331046575825,2.84008877916051E-15,5.65824950746713));
#7727=CARTESIAN_POINT('',(-3.06331046575825,1.26886474067651,5.62699950746713));
#7728=CARTESIAN_POINT('',(-2.16608760321739,2.16608760321738,5.59574950746713));
#7729=CARTESIAN_POINT('',(-1.26886474067651,3.06331046575825,5.56449950746713));
#7730=CARTESIAN_POINT('',(-2.4384638766749E-15,3.06331046575825,5.53324950746713));
#7731=CARTESIAN_POINT('',(1.2688647406765,3.06331046575825,5.50199950746713));
#7732=CARTESIAN_POINT('',(2.16608760321738,2.16608760321738,5.47074950746713));
#7733=CARTESIAN_POINT('',(3.06331046575825,1.26886474067651,5.43949950746713));
#7734=CARTESIAN_POINT('',(3.06331046575825,7.73250513497437E-15,5.40824950746713));
#7735=CARTESIAN_POINT('',(3.06331046575825,-1.26886474067651,5.37699950746713));
#7736=CARTESIAN_POINT('',(2.16608760321739,-2.16608760321738,5.34574950746713));
#7737=CARTESIAN_POINT('',(1.26886474067651,-3.06331046575825,5.31449950746713));
#7738=CARTESIAN_POINT('',(2.81361121234344E-15,-3.06331046575825,5.28324950746713));
#7739=CARTESIAN_POINT('',(-1.2688647406765,-3.06331046575826,5.25199950746713));
#7740=CARTESIAN_POINT('',(-2.16608760321738,-2.16608760321738,5.22074950746713));
#7741=CARTESIAN_POINT('',(-3.06331046575825,-1.26886474067652,5.18949950746713));
#7742=CARTESIAN_POINT('',(-3.06331046575825,2.12077131275158E-15,5.15824950746713));
#7743=CARTESIAN_POINT('',(-3.06331046575825,1.26886474067651,5.12699950746713));
#7744=CARTESIAN_POINT('',(-2.16608760321739,2.16608760321738,5.09574950746713));
#7745=CARTESIAN_POINT('',(-1.26886474067651,3.06331046575825,5.06449950746713));
#7746=CARTESIAN_POINT('',(-3.18875854801198E-15,3.06331046575825,5.03324950746713));
#7747=CARTESIAN_POINT('',(1.2688647406765,3.06331046575826,5.00199950746713));
#7748=CARTESIAN_POINT('',(2.16608760321738,2.16608760321738,4.97074950746713));
#7749=CARTESIAN_POINT('',(3.06331046575825,1.26886474067652,4.93949950746713));
#7750=CARTESIAN_POINT('',(3.06331046575825,8.51377701123962E-15,4.90824950746713));
#7751=CARTESIAN_POINT('',(3.06331046575825,-1.26886474067651,4.87699950746713));
#7752=CARTESIAN_POINT('',(2.16608760321739,-2.16608760321738,4.84574950746713));
#7753=CARTESIAN_POINT('',(1.26886474067651,-3.06331046575825,4.81449950746713));
#7754=CARTESIAN_POINT('',(3.56390588368052E-15,-3.06331046575825,4.78324950746713));
#7755=CARTESIAN_POINT('',(-1.2688647406765,-3.06331046575826,4.75199950746713));
#7756=CARTESIAN_POINT('',(-2.16608760321737,-2.16608760321739,4.72074950746713));
#7757=CARTESIAN_POINT('',(-3.06331046575826,-1.26886474067651,4.68949950746713));
#7758=CARTESIAN_POINT('',(-3.06331046575825,1.40145384634265E-15,4.65824950746713));
#7759=CARTESIAN_POINT('',(-3.06331046575825,1.26886474067651,4.62699950746713));
#7760=CARTESIAN_POINT('',(-2.16608760321739,2.16608760321738,4.59574950746713));
#7761=CARTESIAN_POINT('',(-1.26886474067652,3.06331046575825,4.56449950746713));
#7762=CARTESIAN_POINT('',(-1.48221182134611E-14,3.06331046575825,4.53324950746713));
#7763=CARTESIAN_POINT('',(1.26886474067651,3.06331046575825,4.50199950746713));
#7764=CARTESIAN_POINT('',(2.16608760321738,2.16608760321738,4.47074950746713));
#7765=CARTESIAN_POINT('',(3.06331046575825,1.26886474067652,4.43949950746713));
#7766=CARTESIAN_POINT('',(3.06331046575825,9.29504888750486E-15,4.40824950746713));
#7767=CARTESIAN_POINT('',(3.06331046575826,-1.2688647406765,4.37699950746713));
#7768=CARTESIAN_POINT('',(2.16608760321738,-2.16608760321738,4.34574950746713));
#7769=CARTESIAN_POINT('',(1.26886474067651,-3.06331046575825,4.31449950746713));
#7770=CARTESIAN_POINT('',(4.31420055501761E-15,-3.06331046575825,4.28324950746713));
#7771=CARTESIAN_POINT('',(-1.2688647406765,-3.06331046575826,4.25199950746713));
#7772=CARTESIAN_POINT('',(-2.16608760321737,-2.16608760321739,4.22074950746713));
#7773=CARTESIAN_POINT('',(-3.06331046575825,-1.26886474067651,4.18949950746713));
#7774=CARTESIAN_POINT('',(-3.06331046575825,6.82136379933719E-16,4.15824950746713));
#7775=CARTESIAN_POINT('',(-3.06331046575825,1.26886474067651,4.12699950746713));
#7776=CARTESIAN_POINT('',(-2.16608760321739,2.16608760321738,4.09574950746713));
#7777=CARTESIAN_POINT('',(-1.26886474067652,3.06331046575825,4.06449950746713));
#7778=CARTESIAN_POINT('',(6.19371710342592E-15,3.06331046575825,4.03324950746713));
#7779=CARTESIAN_POINT('',(1.26886474067651,3.06331046575825,4.00199950746714));
#7780=CARTESIAN_POINT('',(2.16608760321738,2.16608760321738,3.97074950746714));
#7781=CARTESIAN_POINT('',(3.06331046575825,1.26886474067652,3.93949950746714));
#7782=CARTESIAN_POINT('',(3.06331046575825,1.00763207637701E-14,3.90824950746714));
#7783=CARTESIAN_POINT('',(3.06331046575826,-1.2688647406765,3.87699950746713));
#7784=CARTESIAN_POINT('',(2.16608760321738,-2.16608760321738,3.84574950746713));
#7785=CARTESIAN_POINT('',(1.26886474067651,-3.06331046575825,3.81449950746713));
#7786=CARTESIAN_POINT('',(5.0644952263547E-15,-3.06331046575825,3.78324950746713));
#7787=CARTESIAN_POINT('',(-1.2688647406765,-3.06331046575826,3.75199950746713));
#7788=CARTESIAN_POINT('',(-2.16608760321737,-2.16608760321739,3.72074950746713));
#7789=CARTESIAN_POINT('',(-3.06331046575825,-1.26886474067651,3.68949950746713));
#7790=CARTESIAN_POINT('',(-3.06331046575825,-3.71810864752098E-17,3.65824950746713));
#7791=CARTESIAN_POINT('',(-3.06331046575825,1.26886474067651,3.62699950746713));
#7792=CARTESIAN_POINT('',(-2.16608760321739,2.16608760321738,3.59574950746713));
#7793=CARTESIAN_POINT('',(-1.26886474067652,3.06331046575825,3.56449950746713));
#7794=CARTESIAN_POINT('',(-1.63227075561353E-14,3.06331046575825,3.53324950746713));
#7795=CARTESIAN_POINT('',(1.26886474067651,3.06331046575825,3.50199950746713));
#7796=CARTESIAN_POINT('',(2.16608760321738,2.16608760321738,3.47074950746713));
#7797=CARTESIAN_POINT('',(3.06331046575825,1.26886474067652,3.43949950746713));
#7798=CARTESIAN_POINT('',(3.06331046575825,1.08575926400353E-14,3.40824950746713));
#7799=CARTESIAN_POINT('',(3.06331046575826,-1.2688647406765,3.37699950746713));
#7800=CARTESIAN_POINT('',(2.16608760321738,-2.16608760321738,3.34574950746713));
#7801=CARTESIAN_POINT('',(1.26886474067651,-3.06331046575825,3.31449950746713));
#7802=CARTESIAN_POINT('',(5.81478989769178E-15,-3.06331046575825,3.28324950746713));
#7803=CARTESIAN_POINT('',(-1.2688647406765,-3.06331046575826,3.25199950746713));
#7804=CARTESIAN_POINT('',(-2.16608760321737,-2.16608760321739,3.22074950746713));
#7805=CARTESIAN_POINT('',(-3.06331046575825,-1.26886474067651,3.18949950746713));
#7806=CARTESIAN_POINT('',(-3.06331046575825,-7.56498552884139E-16,3.15824950746713));
#7807=CARTESIAN_POINT('',(-3.06331046575825,1.26886474067651,3.12699950746713));
#7808=CARTESIAN_POINT('',(-2.16608760321739,2.16608760321738,3.09574950746713));
#7809=CARTESIAN_POINT('',(-1.26886474067652,3.06331046575825,3.06449950746713));
#7810=CARTESIAN_POINT('',(4.69312776075175E-15,3.06331046575825,3.03324950746713));
#7811=CARTESIAN_POINT('',(1.26886474067651,3.06331046575825,3.00199950746713));
#7812=CARTESIAN_POINT('',(2.16608760321738,2.16608760321738,2.97074950746713));
#7813=CARTESIAN_POINT('',(3.06331046575825,1.26886474067652,2.93949950746713));
#7814=CARTESIAN_POINT('',(3.06331046575825,1.16388645163006E-14,2.90824950746713));
#7815=CARTESIAN_POINT('',(3.06331046575826,-1.2688647406765,2.87699950746713));
#7816=CARTESIAN_POINT('',(2.16608760321738,-2.16608760321738,2.84574950746713));
#7817=CARTESIAN_POINT('',(1.26886474067651,-3.06331046575825,2.81449950746713));
#7818=CARTESIAN_POINT('',(6.56508456902887E-15,-3.06331046575825,2.78324950746713));
#7819=CARTESIAN_POINT('',(-1.2688647406765,-3.06331046575826,2.75199950746714));
#7820=CARTESIAN_POINT('',(-2.16608760321737,-2.16608760321739,2.72074950746714));
#7821=CARTESIAN_POINT('',(-3.06331046575825,-1.26886474067651,2.68949950746714));
#7822=CARTESIAN_POINT('',(-3.06331046575825,-1.47581601929307E-15,2.65824950746713));
#7823=CARTESIAN_POINT('',(-3.06331046575825,1.26886474067651,2.62699950746713));
#7824=CARTESIAN_POINT('',(-2.16608760321739,2.16608760321737,2.59574950746713));
#7825=CARTESIAN_POINT('',(-1.26886474067652,3.06331046575825,2.56449950746713));
#7826=CARTESIAN_POINT('',(-1.78232968988095E-14,3.06331046575825,2.53324950746713));
#7827=CARTESIAN_POINT('',(1.26886474067651,3.06331046575825,2.50199950746713));
#7828=CARTESIAN_POINT('',(2.16608760321738,2.16608760321738,2.47074950746713));
#7829=CARTESIAN_POINT('',(3.06331046575825,1.26886474067652,2.43949950746713));
#7830=CARTESIAN_POINT('',(3.06331046575825,1.24201363925658E-14,2.40824950746713));
#7831=CARTESIAN_POINT('',(3.06331046575826,-1.26886474067649,2.37699950746713));
#7832=CARTESIAN_POINT('',(2.16608760321738,-2.16608760321738,2.34574950746713));
#7833=CARTESIAN_POINT('',(1.26886474067651,-3.06331046575825,2.31449950746713));
#7834=CARTESIAN_POINT('',(7.31537924036596E-15,-3.06331046575825,2.28324950746713));
#7835=CARTESIAN_POINT('',(-1.2688647406765,-3.06331046575826,2.25199950746713));
#7836=CARTESIAN_POINT('',(-2.16608760321737,-2.16608760321739,2.22074950746713));
#7837=CARTESIAN_POINT('',(-3.06331046575824,-1.26886474067653,2.18949950746713));
#7838=CARTESIAN_POINT('',(-3.06331046575825,-2.39612634739262E-14,2.15824950746713));
#7839=CARTESIAN_POINT('',(-3.06331046575826,1.26886474067648,2.12699950746713));
#7840=CARTESIAN_POINT('',(-2.16608760321737,2.16608760321739,2.09574950746713));
#7841=CARTESIAN_POINT('',(-1.2688647406765,3.06331046575826,2.06449950746713));
#7842=CARTESIAN_POINT('',(3.19253841807758E-15,3.06331046575825,2.03324950746713));
#7843=CARTESIAN_POINT('',(1.26886474067651,3.06331046575825,2.00199950746713));
#7844=CARTESIAN_POINT('',(2.16608760321738,2.16608760321739,1.97074950746713));
#7845=CARTESIAN_POINT('',(3.06331046575825,1.26886474067652,1.93949950746713));
#7846=CARTESIAN_POINT('',(3.06331046575825,1.32014082688311E-14,1.90824950746713));
#7847=CARTESIAN_POINT('',(3.06331046575826,-1.26886474067649,1.87699950746713));
#7848=CARTESIAN_POINT('',(2.1660876032174,-2.16608760321737,1.84574950746713));
#7849=CARTESIAN_POINT('',(1.26886474067654,-3.06331046575824,1.81449950746713));
#7850=CARTESIAN_POINT('',(2.98318038999272E-14,-3.06331046575825,1.78324950746713));
#7851=CARTESIAN_POINT('',(-1.26886474067652,-3.06331046575825,1.75199950746713));
#7852=CARTESIAN_POINT('',(-2.16608760321739,-2.16608760321738,1.72074950746713));
#7853=CARTESIAN_POINT('',(-3.06331046575825,-1.26886474067651,1.68949950746713));
#7854=CARTESIAN_POINT('',(-3.06331046575825,-2.91445095211093E-15,1.65824950746713));
#7855=CARTESIAN_POINT('',(-3.06331046575826,1.2688647406765,1.62699950746713));
#7856=CARTESIAN_POINT('',(-2.16608760321739,2.16608760321737,1.59574950746713));
#7857=CARTESIAN_POINT('',(-1.26886474067653,3.06331046575825,1.56449950746713));
#7858=CARTESIAN_POINT('',(-1.93238862414837E-14,3.06331046575825,1.53324950746713));
#7859=CARTESIAN_POINT('',(1.26886474067649,3.06331046575826,1.50199950746713));
#7860=CARTESIAN_POINT('',(2.16608760321736,2.1660876032174,1.47074950746713));
#7861=CARTESIAN_POINT('',(3.06331046575826,1.2688647406765,1.43949950746713));
#7862=CARTESIAN_POINT('',(3.06331046575825,-7.78344984312783E-15,1.40824950746713));
#7863=CARTESIAN_POINT('',(3.06331046575825,-1.26886474067651,1.37699950746713));
#7864=CARTESIAN_POINT('',(2.16608760321738,-2.16608760321738,1.34574950746713));
#7865=CARTESIAN_POINT('',(1.26886474067652,-3.06331046575825,1.31449950746713));
#7866=CARTESIAN_POINT('',(8.81596858304013E-15,-3.06331046575825,1.28324950746713));
#7867=CARTESIAN_POINT('',(-1.2688647406765,-3.06331046575826,1.25199950746713));
#7868=CARTESIAN_POINT('',(-2.16608760321737,-2.16608760321739,1.22074950746713));
#7869=CARTESIAN_POINT('',(-3.06331046575824,-1.26886474067653,1.18949950746713));
#7870=CARTESIAN_POINT('',(-3.06331046575825,-2.5399898406744E-14,1.15824950746713));
#7871=CARTESIAN_POINT('',(-3.06331046575826,1.26886474067648,1.12699950746713));
#7872=CARTESIAN_POINT('',(-2.16608760321737,2.16608760321739,1.09574950746713));
#7873=CARTESIAN_POINT('',(-1.26886474067651,3.06331046575826,1.06449950746713));
#7874=CARTESIAN_POINT('',(1.69194907540341E-15,3.06331046575825,1.03324950746713));
#7875=CARTESIAN_POINT('',(1.26886474067651,3.06331046575825,1.00199950746713));
#7876=CARTESIAN_POINT('',(2.16608760321738,2.16608760321739,0.970749507467134));
#7877=CARTESIAN_POINT('',(3.06331046575825,1.26886474067652,0.939499507467134));
#7878=CARTESIAN_POINT('',(3.06331046575825,1.47639520213616E-14,0.908249507467134));
#7879=CARTESIAN_POINT('',(3.06331046575826,-1.26886474067649,0.876999507467134));
#7880=CARTESIAN_POINT('',(2.1660876032174,-2.16608760321737,0.845749507467134));
#7881=CARTESIAN_POINT('',(1.26886474067654,-3.06331046575824,0.814499507467134));
#7882=CARTESIAN_POINT('',(-1.21998667338469E-14,-3.06331046575825,0.783249507467134));
#7883=CARTESIAN_POINT('',(-1.26886474067652,-3.06331046575825,0.751999507467135));
#7884=CARTESIAN_POINT('',(-2.16608760321738,-2.16608760321738,0.720749507467135));
#7885=CARTESIAN_POINT('',(-3.06331046575825,-1.26886474067651,0.689499507467135));
#7886=CARTESIAN_POINT('',(-3.06331046575825,-4.35308588492878E-15,0.658249507467135));
#7887=CARTESIAN_POINT('',(-3.06331046575826,1.2688647406765,0.626999507467135));
#7888=CARTESIAN_POINT('',(-2.16608760321739,2.16608760321737,0.595749507467135));
#7889=CARTESIAN_POINT('',(-1.26886474067653,3.06331046575825,0.564499507467135));
#7890=CARTESIAN_POINT('',(-2.08244755841578E-14,3.06331046575825,0.533249507467135));
#7891=CARTESIAN_POINT('',(1.26886474067649,3.06331046575826,0.501999507467135));
#7892=CARTESIAN_POINT('',(2.16608760321736,2.1660876032174,0.470749507467135));
#7893=CARTESIAN_POINT('',(3.06331046575826,1.2688647406765,0.439499507467135));
#7894=CARTESIAN_POINT('',(3.06331046575825,-6.22090609059734E-15,0.408249507467135));
#7895=CARTESIAN_POINT('',(3.06331046575825,-1.26886474067651,0.376999507467135));
#7896=CARTESIAN_POINT('',(2.16608760321738,-2.16608760321738,0.345749507467135));
#7897=CARTESIAN_POINT('',(1.26886474067652,-3.06331046575825,0.314499507467135));
#7898=CARTESIAN_POINT('',(1.03165579257143E-14,-3.06331046575825,0.283249507467134));
#7899=CARTESIAN_POINT('',(0.,0.,6.475));
#7900=CARTESIAN_POINT('',(3.06018321827964,0.138382369482793,6.91168953424175));
#7901=CARTESIAN_POINT('',(3.09509727050477,-0.423339286699486,6.90218640902653));
#7902=CARTESIAN_POINT('',(2.85474238851128,-1.54548004579359,6.88224548817711));
#7903=CARTESIAN_POINT('',(1.66750325623658,-2.81768652424598,6.85408250300491));
#7904=CARTESIAN_POINT('',(0.00990369809171639,-3.30088484289454,6.82521316654307));
#7905=CARTESIAN_POINT('',(-1.6757973363908,-2.87734869907627,6.79646428194545));
#7906=CARTESIAN_POINT('',(-2.91217761012712,-1.66385975007561,6.76900068088992));
#7907=CARTESIAN_POINT('',(-3.38129959709297,-0.00466344426199195,6.74092793189959));
#7908=CARTESIAN_POINT('',(-2.9669767147619,1.67684590206331,6.71293405055064));
#7909=CARTESIAN_POINT('',(-1.78586069083338,2.93206383917127,6.68637330680262));
#7910=CARTESIAN_POINT('',(-0.13960774198278,3.45690084772597,6.65860099846931));
#7911=CARTESIAN_POINT('',(1.54970645573272,3.12195952956549,6.63172415667603));
#7912=CARTESIAN_POINT('',(2.87407615053859,2.0150208812853,6.60567091339694));
#7913=CARTESIAN_POINT('',(3.51166941725035,0.418813955260511,6.57835533396258));
#7914=CARTESIAN_POINT('',(3.31657759063151,-1.29649901139576,6.55249382231574));
#7915=CARTESIAN_POINT('',(2.34668748061851,-2.71131099973689,6.5268025225948));
#7916=CARTESIAN_POINT('',(0.820852611328552,-3.51673201265827,6.49992905131211));
#7917=CARTESIAN_POINT('',(-0.321012908457786,-3.52159278840492,6.48374510232035));
#7918=CARTESIAN_POINT('',(-0.867605822140527,-3.39076099679312,6.47500000000205));
#7919=CARTESIAN_POINT('',(-0.867605822140632,-3.39076099679398,6.47500000000247));
#7920=CARTESIAN_POINT('',(0.,0.,6.475));
#7921=CARTESIAN_POINT('',(2.98812216060852,1.82239566320826,7.1635299545685));
#7922=CARTESIAN_POINT('',(3.5,0.983086425214703,7.14086790470439));
#7923=CARTESIAN_POINT('',(3.5,-1.24619296818769E-17,7.11967700666208));
#7924=CARTESIAN_POINT('',(3.5,-1.44974746830583,7.08842700666208));
#7925=CARTESIAN_POINT('',(2.47487373415292,-2.47487373415292,7.05717700666208));
#7926=CARTESIAN_POINT('',(1.44974746830583,-3.5,7.02592700666208));
#7927=CARTESIAN_POINT('',(-2.14306111918916E-16,-3.5,6.99467700666208));
#7928=CARTESIAN_POINT('',(-1.44974746830583,-3.5,6.96342700666208));
#7929=CARTESIAN_POINT('',(-2.47487373415292,-2.47487373415292,6.93217700666208));
#7930=CARTESIAN_POINT('',(-3.5,-1.44974746830583,6.90092700666208));
#7931=CARTESIAN_POINT('',(-3.5,-4.25613862783113E-16,6.86967700666208));
#7932=CARTESIAN_POINT('',(-3.5,1.44974746830583,6.83842700666208));
#7933=CARTESIAN_POINT('',(-2.47487373415292,2.47487373415292,6.80717700666208));
#7934=CARTESIAN_POINT('',(-1.44974746830583,3.5,6.77592700666208));
#7935=CARTESIAN_POINT('',(-2.14320267782658E-16,3.5,6.74467700666208));
#7936=CARTESIAN_POINT('',(1.44974746830583,3.5,6.71342700666208));
#7937=CARTESIAN_POINT('',(2.47487373415292,2.47487373415292,6.68217700666208));
#7938=CARTESIAN_POINT('',(3.5,1.44974746830583,6.65092700666208));
#7939=CARTESIAN_POINT('',(3.5,1.85152752462804E-17,6.61967700666208));
#7940=CARTESIAN_POINT('',(3.5,-1.44974746830583,6.58842700666208));
#7941=CARTESIAN_POINT('',(2.47487373415292,-2.47487373415292,6.55717700666208));
#7942=CARTESIAN_POINT('',(1.44974746830583,-3.5,6.52592700666208));
#7943=CARTESIAN_POINT('',(-2.14306111918916E-16,-3.5,6.49467700666208));
#7944=CARTESIAN_POINT('',(-1.44974746830583,-3.5,6.46342700666208));
#7945=CARTESIAN_POINT('',(-2.47487373415292,-2.47487373415292,6.43217700666208));
#7946=CARTESIAN_POINT('',(-3.5,-1.44974746830583,6.40092700666208));
#7947=CARTESIAN_POINT('',(-3.5,-3.94636657854956E-16,6.36967700666208));
#7948=CARTESIAN_POINT('',(-3.5,1.44974746830583,6.33842700666208));
#7949=CARTESIAN_POINT('',(-2.47487373415292,2.47487373415292,6.30717700666208));
#7950=CARTESIAN_POINT('',(-1.44974746830583,3.5,6.27592700666208));
#7951=CARTESIAN_POINT('',(-2.14320267782658E-16,3.5,6.24467700666208));
#7952=CARTESIAN_POINT('',(1.44974746830583,3.5,6.21342700666208));
#7953=CARTESIAN_POINT('',(2.47487373415292,2.47487373415292,6.18217700666208));
#7954=CARTESIAN_POINT('',(3.5,1.44974746830583,6.15092700666208));
#7955=CARTESIAN_POINT('',(3.5,4.94924801744377E-17,6.11967700666208));
#7956=CARTESIAN_POINT('',(3.5,-1.44974746830583,6.08842700666208));
#7957=CARTESIAN_POINT('',(2.47487373415292,-2.47487373415292,6.05717700666208));
#7958=CARTESIAN_POINT('',(1.44974746830583,-3.5,6.02592700666208));
#7959=CARTESIAN_POINT('',(-2.14306111918916E-16,-3.5,5.99467700666208));
#7960=CARTESIAN_POINT('',(-1.44974746830583,-3.5,5.96342700666208));
#7961=CARTESIAN_POINT('',(-2.47487373415292,-2.47487373415292,5.93217700666208));
#7962=CARTESIAN_POINT('',(-3.5,-1.44974746830583,5.90092700666208));
#7963=CARTESIAN_POINT('',(-3.5,-3.63659452926799E-16,5.86967700666208));
#7964=CARTESIAN_POINT('',(-3.5,1.44974746830583,5.83842700666208));
#7965=CARTESIAN_POINT('',(-2.47487373415292,2.47487373415292,5.80717700666208));
#7966=CARTESIAN_POINT('',(-1.44974746830583,3.5,5.77592700666208));
#7967=CARTESIAN_POINT('',(-2.14320267782658E-16,3.5,5.74467700666208));
#7968=CARTESIAN_POINT('',(1.44974746830583,3.5,5.71342700666208));
#7969=CARTESIAN_POINT('',(2.47487373415292,2.47487373415292,5.68217700666208));
#7970=CARTESIAN_POINT('',(3.5,1.44974746830583,5.65092700666208));
#7971=CARTESIAN_POINT('',(3.5,8.04696851025949E-17,5.61967700666208));
#7972=CARTESIAN_POINT('',(3.5,-1.44974746830583,5.58842700666208));
#7973=CARTESIAN_POINT('',(2.47487373415292,-2.47487373415292,5.55717700666208));
#7974=CARTESIAN_POINT('',(1.44974746830583,-3.5,5.52592700666208));
#7975=CARTESIAN_POINT('',(-2.14306111918916E-16,-3.5,5.49467700666208));
#7976=CARTESIAN_POINT('',(-1.44974746830583,-3.5,5.46342700666208));
#7977=CARTESIAN_POINT('',(-2.47487373415292,-2.47487373415292,5.43217700666208));
#7978=CARTESIAN_POINT('',(-3.5,-1.44974746830583,5.40092700666208));
#7979=CARTESIAN_POINT('',(-3.5,-3.32682247998642E-16,5.36967700666208));
#7980=CARTESIAN_POINT('',(-3.5,1.44974746830583,5.33842700666208));
#7981=CARTESIAN_POINT('',(-2.47487373415292,2.47487373415292,5.30717700666208));
#7982=CARTESIAN_POINT('',(-1.44974746830583,3.5,5.27592700666208));
#7983=CARTESIAN_POINT('',(-2.14320267782658E-16,3.5,5.24467700666208));
#7984=CARTESIAN_POINT('',(1.44974746830583,3.5,5.21342700666208));
#7985=CARTESIAN_POINT('',(2.47487373415292,2.47487373415292,5.18217700666208));
#7986=CARTESIAN_POINT('',(3.5,1.44974746830583,5.15092700666208));
#7987=CARTESIAN_POINT('',(3.5,1.11446890030752E-16,5.11967700666208));
#7988=CARTESIAN_POINT('',(3.5,-1.44974746830583,5.08842700666208));
#7989=CARTESIAN_POINT('',(2.47487373415292,-2.47487373415292,5.05717700666208));
#7990=CARTESIAN_POINT('',(1.44974746830583,-3.5,5.02592700666208));
#7991=CARTESIAN_POINT('',(-2.14306111918916E-16,-3.5,4.99467700666208));
#7992=CARTESIAN_POINT('',(-1.44974746830583,-3.5,4.96342700666208));
#7993=CARTESIAN_POINT('',(-2.47487373415292,-2.47487373415292,4.93217700666208));
#7994=CARTESIAN_POINT('',(-3.5,-1.44974746830583,4.90092700666208));
#7995=CARTESIAN_POINT('',(-3.5,-3.01705043070484E-16,4.86967700666208));
#7996=CARTESIAN_POINT('',(-3.5,1.44974746830583,4.83842700666208));
#7997=CARTESIAN_POINT('',(-2.47487373415292,2.47487373415292,4.80717700666208));
#7998=CARTESIAN_POINT('',(-1.44974746830583,3.5,4.77592700666208));
#7999=CARTESIAN_POINT('',(-2.14320267782658E-16,3.5,4.74467700666208));
#8000=CARTESIAN_POINT('',(1.44974746830583,3.5,4.71342700666208));
#8001=CARTESIAN_POINT('',(2.47487373415292,2.47487373415292,4.68217700666208));
#8002=CARTESIAN_POINT('',(3.5,1.44974746830583,4.65092700666208));
#8003=CARTESIAN_POINT('',(3.5,1.42424094958909E-16,4.61967700666208));
#8004=CARTESIAN_POINT('',(3.5,-1.44974746830583,4.58842700666208));
#8005=CARTESIAN_POINT('',(2.47487373415292,-2.47487373415292,4.55717700666208));
#8006=CARTESIAN_POINT('',(1.44974746830583,-3.5,4.52592700666208));
#8007=CARTESIAN_POINT('',(-2.14306111918916E-16,-3.5,4.49467700666208));
#8008=CARTESIAN_POINT('',(-1.44974746830583,-3.5,4.46342700666208));
#8009=CARTESIAN_POINT('',(-2.47487373415292,-2.47487373415292,4.43217700666208));
#8010=CARTESIAN_POINT('',(-3.5,-1.44974746830583,4.40092700666208));
#8011=CARTESIAN_POINT('',(-3.5,-2.70727838142327E-16,4.36967700666208));
#8012=CARTESIAN_POINT('',(-3.5,1.44974746830583,4.33842700666208));
#8013=CARTESIAN_POINT('',(-2.47487373415292,2.47487373415292,4.30717700666208));
#8014=CARTESIAN_POINT('',(-1.44974746830583,3.5,4.27592700666208));
#8015=CARTESIAN_POINT('',(-2.14320267782658E-16,3.5,4.24467700666208));
#8016=CARTESIAN_POINT('',(1.44974746830583,3.5,4.21342700666208));
#8017=CARTESIAN_POINT('',(2.47487373415292,2.47487373415292,4.18217700666208));
#8018=CARTESIAN_POINT('',(3.5,1.44974746830583,4.15092700666208));
#8019=CARTESIAN_POINT('',(3.5,1.73401299887067E-16,4.11967700666208));
#8020=CARTESIAN_POINT('',(3.5,-1.44974746830583,4.08842700666208));
#8021=CARTESIAN_POINT('',(2.47487373415292,-2.47487373415292,4.05717700666208));
#8022=CARTESIAN_POINT('',(1.44974746830583,-3.5,4.02592700666208));
#8023=CARTESIAN_POINT('',(-2.14306111918916E-16,-3.5,3.99467700666208));
#8024=CARTESIAN_POINT('',(-1.44974746830583,-3.5,3.96342700666208));
#8025=CARTESIAN_POINT('',(-2.47487373415292,-2.47487373415292,3.93217700666208));
#8026=CARTESIAN_POINT('',(-3.5,-1.44974746830583,3.90092700666208));
#8027=CARTESIAN_POINT('',(-3.5,-2.3975063321417E-16,3.86967700666208));
#8028=CARTESIAN_POINT('',(-3.5,1.44974746830583,3.83842700666208));
#8029=CARTESIAN_POINT('',(-2.47487373415292,2.47487373415292,3.80717700666208));
#8030=CARTESIAN_POINT('',(-1.44974746830583,3.5,3.77592700666208));
#8031=CARTESIAN_POINT('',(-2.14320267782658E-16,3.5,3.74467700666208));
#8032=CARTESIAN_POINT('',(1.44974746830583,3.5,3.71342700666208));
#8033=CARTESIAN_POINT('',(2.47487373415292,2.47487373415292,3.68217700666208));
#8034=CARTESIAN_POINT('',(3.5,1.44974746830583,3.65092700666208));
#8035=CARTESIAN_POINT('',(3.5,2.04378504815224E-16,3.61967700666208));
#8036=CARTESIAN_POINT('',(3.5,-1.44974746830583,3.58842700666208));
#8037=CARTESIAN_POINT('',(2.47487373415292,-2.47487373415292,3.55717700666208));
#8038=CARTESIAN_POINT('',(1.44974746830583,-3.5,3.52592700666208));
#8039=CARTESIAN_POINT('',(-2.14306111918916E-16,-3.5,3.49467700666208));
#8040=CARTESIAN_POINT('',(-1.44974746830583,-3.5,3.46342700666208));
#8041=CARTESIAN_POINT('',(-2.47487373415292,-2.47487373415292,3.43217700666208));
#8042=CARTESIAN_POINT('',(-3.5,-1.44974746830583,3.40092700666208));
#8043=CARTESIAN_POINT('',(-3.5,-2.08773428286013E-16,3.36967700666208));
#8044=CARTESIAN_POINT('',(-3.5,1.44974746830583,3.33842700666208));
#8045=CARTESIAN_POINT('',(-2.47487373415292,2.47487373415292,3.30717700666208));
#8046=CARTESIAN_POINT('',(-1.44974746830583,3.5,3.27592700666208));
#8047=CARTESIAN_POINT('',(-2.14320267782658E-16,3.5,3.24467700666208));
#8048=CARTESIAN_POINT('',(1.44974746830583,3.5,3.21342700666208));
#8049=CARTESIAN_POINT('',(2.47487373415292,2.47487373415292,3.18217700666208));
#8050=CARTESIAN_POINT('',(3.5,1.44974746830583,3.15092700666208));
#8051=CARTESIAN_POINT('',(3.5,2.35355709743381E-16,3.11967700666208));
#8052=CARTESIAN_POINT('',(3.5,-1.44974746830583,3.08842700666208));
#8053=CARTESIAN_POINT('',(2.47487373415292,-2.47487373415292,3.05717700666208));
#8054=CARTESIAN_POINT('',(1.44974746830583,-3.5,3.02592700666208));
#8055=CARTESIAN_POINT('',(-2.14306111918916E-16,-3.5,2.99467700666208));
#8056=CARTESIAN_POINT('',(-1.44974746830583,-3.5,2.96342700666208));
#8057=CARTESIAN_POINT('',(-2.47487373415292,-2.47487373415292,2.93217700666208));
#8058=CARTESIAN_POINT('',(-3.5,-1.44974746830583,2.90092700666208));
#8059=CARTESIAN_POINT('',(-3.5,-1.77796223357855E-16,2.86967700666208));
#8060=CARTESIAN_POINT('',(-3.5,1.44974746830583,2.83842700666208));
#8061=CARTESIAN_POINT('',(-2.47487373415292,2.47487373415292,2.80717700666208));
#8062=CARTESIAN_POINT('',(-1.44974746830583,3.5,2.77592700666208));
#8063=CARTESIAN_POINT('',(-2.14320267782658E-16,3.5,2.74467700666208));
#8064=CARTESIAN_POINT('',(1.44974746830583,3.5,2.71342700666208));
#8065=CARTESIAN_POINT('',(2.47487373415292,2.47487373415292,2.68217700666208));
#8066=CARTESIAN_POINT('',(3.5,1.44974746830583,2.65092700666208));
#8067=CARTESIAN_POINT('',(3.5,2.66332914671539E-16,2.61967700666208));
#8068=CARTESIAN_POINT('',(3.5,-1.44974746830583,2.58842700666208));
#8069=CARTESIAN_POINT('',(2.47487373415292,-2.47487373415292,2.55717700666208));
#8070=CARTESIAN_POINT('',(1.44974746830583,-3.5,2.52592700666208));
#8071=CARTESIAN_POINT('',(-2.14306111918916E-16,-3.5,2.49467700666208));
#8072=CARTESIAN_POINT('',(-1.44974746830583,-3.5,2.46342700666208));
#8073=CARTESIAN_POINT('',(-2.47487373415292,-2.47487373415292,2.43217700666208));
#8074=CARTESIAN_POINT('',(-3.5,-1.44974746830583,2.40092700666208));
#8075=CARTESIAN_POINT('',(-3.5,-1.46819018429698E-16,2.36967700666208));
#8076=CARTESIAN_POINT('',(-3.5,1.44974746830583,2.33842700666208));
#8077=CARTESIAN_POINT('',(-2.47487373415292,2.47487373415292,2.30717700666208));
#8078=CARTESIAN_POINT('',(-1.44974746830583,3.5,2.27592700666208));
#8079=CARTESIAN_POINT('',(-2.14320267782658E-16,3.5,2.24467700666208));
#8080=CARTESIAN_POINT('',(1.44974746830583,3.5,2.21342700666208));
#8081=CARTESIAN_POINT('',(2.47487373415292,2.47487373415292,2.18217700666208));
#8082=CARTESIAN_POINT('',(3.5,1.44974746830583,2.15092700666208));
#8083=CARTESIAN_POINT('',(3.5,2.97310119599696E-16,2.11967700666208));
#8084=CARTESIAN_POINT('',(3.5,-1.44974746830583,2.08842700666208));
#8085=CARTESIAN_POINT('',(2.47487373415292,-2.47487373415292,2.05717700666208));
#8086=CARTESIAN_POINT('',(1.44974746830583,-3.5,2.02592700666208));
#8087=CARTESIAN_POINT('',(-2.14306111918916E-16,-3.5,1.99467700666208));
#8088=CARTESIAN_POINT('',(-1.44974746830583,-3.5,1.96342700666208));
#8089=CARTESIAN_POINT('',(-2.47487373415292,-2.47487373415292,1.93217700666208));
#8090=CARTESIAN_POINT('',(-3.5,-1.44974746830583,1.90092700666208));
#8091=CARTESIAN_POINT('',(-3.5,-1.15841813501541E-16,1.86967700666208));
#8092=CARTESIAN_POINT('',(-3.5,1.44974746830583,1.83842700666208));
#8093=CARTESIAN_POINT('',(-2.47487373415292,2.47487373415292,1.80717700666208));
#8094=CARTESIAN_POINT('',(-1.44974746830583,3.5,1.77592700666208));
#8095=CARTESIAN_POINT('',(-2.14320267782658E-16,3.5,1.74467700666208));
#8096=CARTESIAN_POINT('',(1.44974746830583,3.5,1.71342700666208));
#8097=CARTESIAN_POINT('',(2.47487373415292,2.47487373415292,1.68217700666208));
#8098=CARTESIAN_POINT('',(3.5,1.44974746830583,1.65092700666208));
#8099=CARTESIAN_POINT('',(3.5,3.28287324527853E-16,1.61967700666208));
#8100=CARTESIAN_POINT('',(3.5,-1.44974746830583,1.58842700666208));
#8101=CARTESIAN_POINT('',(2.47487373415292,-2.47487373415292,1.55717700666208));
#8102=CARTESIAN_POINT('',(1.44974746830583,-3.5,1.52592700666208));
#8103=CARTESIAN_POINT('',(-2.14306111918916E-16,-3.5,1.49467700666208));
#8104=CARTESIAN_POINT('',(-1.44974746830583,-3.5,1.46342700666208));
#8105=CARTESIAN_POINT('',(-2.47487373415292,-2.47487373415292,1.43217700666208));
#8106=CARTESIAN_POINT('',(-3.5,-1.44974746830583,1.40092700666208));
#8107=CARTESIAN_POINT('',(-3.5,-8.48646085733834E-17,1.36967700666208));
#8108=CARTESIAN_POINT('',(-3.5,1.44974746830583,1.33842700666208));
#8109=CARTESIAN_POINT('',(-2.47487373415292,2.47487373415292,1.30717700666208));
#8110=CARTESIAN_POINT('',(-1.44974746830583,3.5,1.27592700666208));
#8111=CARTESIAN_POINT('',(-2.14320267782658E-16,3.5,1.24467700666208));
#8112=CARTESIAN_POINT('',(1.44974746830583,3.5,1.21342700666208));
#8113=CARTESIAN_POINT('',(2.47487373415292,2.47487373415292,1.18217700666208));
#8114=CARTESIAN_POINT('',(3.5,1.44974746830583,1.15092700666208));
#8115=CARTESIAN_POINT('',(3.5,3.5926452945601E-16,1.11967700666208));
#8116=CARTESIAN_POINT('',(3.5,-1.44974746830583,1.08842700666208));
#8117=CARTESIAN_POINT('',(2.47487373415292,-2.47487373415292,1.05717700666208));
#8118=CARTESIAN_POINT('',(1.44974746830583,-3.5,1.02592700666208));
#8119=CARTESIAN_POINT('',(-2.14306111918916E-16,-3.5,0.99467700666208));
#8120=CARTESIAN_POINT('',(-1.44974746830583,-3.5,0.963427006662081));
#8121=CARTESIAN_POINT('',(-2.47487373415292,-2.47487373415292,0.932177006662081));
#8122=CARTESIAN_POINT('',(-3.5,-1.44974746830583,0.900927006662081));
#8123=CARTESIAN_POINT('',(-3.5,-5.38874036452262E-17,0.869677006662081));
#8124=CARTESIAN_POINT('',(-3.5,1.44974746830583,0.838427006662081));
#8125=CARTESIAN_POINT('',(-2.47487373415292,2.47487373415292,0.807177006662081));
#8126=CARTESIAN_POINT('',(-1.44974746830583,3.5,0.775927006662081));
#8127=CARTESIAN_POINT('',(-2.14320267782658E-16,3.5,0.744677006662081));
#8128=CARTESIAN_POINT('',(1.44974746830583,3.5,0.71342700666208));
#8129=CARTESIAN_POINT('',(2.47487373415292,2.47487373415292,0.682177006662081));
#8130=CARTESIAN_POINT('',(3.5,1.44974746830583,0.650927006662081));
#8131=CARTESIAN_POINT('',(3.5,3.90241734384168E-16,0.619677006662081));
#8132=CARTESIAN_POINT('',(3.5,-1.44974746830583,0.588427006662081));
#8133=CARTESIAN_POINT('',(2.47487373415292,-2.47487373415292,0.557177006662081));
#8134=CARTESIAN_POINT('',(1.44974746830583,-3.5,0.525927006662081));
#8135=CARTESIAN_POINT('',(-2.14306111918916E-16,-3.5,0.494677006662081));
#8136=CARTESIAN_POINT('',(2.61529882501607,1.59501820224524,6.95210245537355));
#8137=CARTESIAN_POINT('',(3.06331046575825,0.860428267172877,6.92944040550944));
#8138=CARTESIAN_POINT('',(3.06331046575825,-5.28429908773943E-17,6.90824950746713));
#8139=CARTESIAN_POINT('',(3.06331046575825,-1.26886474067651,6.87699950746713));
#8140=CARTESIAN_POINT('',(2.16608760321738,-2.16608760321738,6.84574950746713));
#8141=CARTESIAN_POINT('',(1.26886474067651,-3.06331046575825,6.81449950746713));
#8142=CARTESIAN_POINT('',(-1.87567473004907E-16,-3.06331046575825,6.78324950746713));
#8143=CARTESIAN_POINT('',(-1.26886474067651,-3.06331046575825,6.75199950746713));
#8144=CARTESIAN_POINT('',(-2.16608760321738,-2.16608760321738,6.72074950746713));
#8145=CARTESIAN_POINT('',(-3.06331046575825,-1.26886474067651,6.68949950746713));
#8146=CARTESIAN_POINT('',(-3.06331046575825,-4.12514113740588E-16,6.65824950746713));
#8147=CARTESIAN_POINT('',(-3.06331046575825,1.26886474067651,6.62699950746713));
#8148=CARTESIAN_POINT('',(-2.16608760321738,2.16608760321738,6.59574950746713));
#8149=CARTESIAN_POINT('',(-1.26886474067651,3.06331046575825,6.56449950746713));
#8150=CARTESIAN_POINT('',(-1.87579862663636E-16,3.06331046575825,6.53324950746713));
#8151=CARTESIAN_POINT('',(1.26886474067651,3.06331046575825,6.50199950746713));
#8152=CARTESIAN_POINT('',(2.16608760321738,2.16608760321738,6.47074950746713));
#8153=CARTESIAN_POINT('',(3.06331046575825,1.26886474067651,6.43949950746713));
#8154=CARTESIAN_POINT('',(3.06331046575825,-2.18657859492371E-17,6.40824950746713));
#8155=CARTESIAN_POINT('',(3.06331046575825,-1.26886474067651,6.37699950746713));
#8156=CARTESIAN_POINT('',(2.16608760321738,-2.16608760321738,6.34574950746713));
#8157=CARTESIAN_POINT('',(1.26886474067651,-3.06331046575825,6.31449950746713));
#8158=CARTESIAN_POINT('',(-1.87567473004907E-16,-3.06331046575825,6.28324950746713));
#8159=CARTESIAN_POINT('',(-1.26886474067651,-3.06331046575825,6.25199950746713));
#8160=CARTESIAN_POINT('',(-2.16608760321738,-2.16608760321738,6.22074950746713));
#8161=CARTESIAN_POINT('',(-3.06331046575825,-1.26886474067651,6.18949950746713));
#8162=CARTESIAN_POINT('',(-3.06331046575825,-3.81536908812431E-16,6.15824950746713));
#8163=CARTESIAN_POINT('',(-3.06331046575825,1.26886474067651,6.12699950746713));
#8164=CARTESIAN_POINT('',(-2.16608760321738,2.16608760321738,6.09574950746713));
#8165=CARTESIAN_POINT('',(-1.26886474067651,3.06331046575825,6.06449950746713));
#8166=CARTESIAN_POINT('',(-1.87579862663636E-16,3.06331046575825,6.03324950746713));
#8167=CARTESIAN_POINT('',(1.26886474067651,3.06331046575825,6.00199950746713));
#8168=CARTESIAN_POINT('',(2.16608760321738,2.16608760321738,5.97074950746713));
#8169=CARTESIAN_POINT('',(3.06331046575825,1.26886474067651,5.93949950746713));
#8170=CARTESIAN_POINT('',(3.06331046575825,9.1114189789202E-18,5.90824950746714));
#8171=CARTESIAN_POINT('',(3.06331046575825,-1.26886474067651,5.87699950746714));
#8172=CARTESIAN_POINT('',(2.16608760321738,-2.16608760321738,5.84574950746713));
#8173=CARTESIAN_POINT('',(1.26886474067651,-3.06331046575825,5.81449950746713));
#8174=CARTESIAN_POINT('',(-1.87567473004907E-16,-3.06331046575825,5.78324950746713));
#8175=CARTESIAN_POINT('',(-1.26886474067651,-3.06331046575825,5.75199950746713));
#8176=CARTESIAN_POINT('',(-2.16608760321738,-2.16608760321738,5.72074950746713));
#8177=CARTESIAN_POINT('',(-3.06331046575825,-1.26886474067651,5.68949950746713));
#8178=CARTESIAN_POINT('',(-3.06331046575825,-3.50559703884273E-16,5.65824950746713));
#8179=CARTESIAN_POINT('',(-3.06331046575825,1.26886474067651,5.62699950746713));
#8180=CARTESIAN_POINT('',(-2.16608760321738,2.16608760321738,5.59574950746713));
#8181=CARTESIAN_POINT('',(-1.26886474067651,3.06331046575825,5.56449950746713));
#8182=CARTESIAN_POINT('',(-1.87579862663636E-16,3.06331046575825,5.53324950746713));
#8183=CARTESIAN_POINT('',(1.26886474067651,3.06331046575825,5.50199950746713));
#8184=CARTESIAN_POINT('',(2.16608760321738,2.16608760321738,5.47074950746713));
#8185=CARTESIAN_POINT('',(3.06331046575825,1.26886474067651,5.43949950746713));
#8186=CARTESIAN_POINT('',(3.06331046575825,4.00886239070775E-17,5.40824950746713));
#8187=CARTESIAN_POINT('',(3.06331046575825,-1.26886474067651,5.37699950746713));
#8188=CARTESIAN_POINT('',(2.16608760321738,-2.16608760321738,5.34574950746713));
#8189=CARTESIAN_POINT('',(1.26886474067651,-3.06331046575825,5.31449950746713));
#8190=CARTESIAN_POINT('',(-1.87567473004907E-16,-3.06331046575825,5.28324950746713));
#8191=CARTESIAN_POINT('',(-1.26886474067651,-3.06331046575825,5.25199950746713));
#8192=CARTESIAN_POINT('',(-2.16608760321738,-2.16608760321738,5.22074950746713));
#8193=CARTESIAN_POINT('',(-3.06331046575825,-1.26886474067651,5.18949950746713));
#8194=CARTESIAN_POINT('',(-3.06331046575825,-3.19582498956116E-16,5.15824950746713));
#8195=CARTESIAN_POINT('',(-3.06331046575825,1.26886474067651,5.12699950746713));
#8196=CARTESIAN_POINT('',(-2.16608760321738,2.16608760321738,5.09574950746713));
#8197=CARTESIAN_POINT('',(-1.26886474067651,3.06331046575825,5.06449950746713));
#8198=CARTESIAN_POINT('',(-1.87579862663636E-16,3.06331046575825,5.03324950746713));
#8199=CARTESIAN_POINT('',(1.26886474067651,3.06331046575825,5.00199950746713));
#8200=CARTESIAN_POINT('',(2.16608760321738,2.16608760321738,4.97074950746713));
#8201=CARTESIAN_POINT('',(3.06331046575825,1.26886474067651,4.93949950746713));
#8202=CARTESIAN_POINT('',(3.06331046575825,7.10658288352347E-17,4.90824950746713));
#8203=CARTESIAN_POINT('',(3.06331046575825,-1.26886474067651,4.87699950746713));
#8204=CARTESIAN_POINT('',(2.16608760321738,-2.16608760321738,4.84574950746713));
#8205=CARTESIAN_POINT('',(1.26886474067651,-3.06331046575825,4.81449950746713));
#8206=CARTESIAN_POINT('',(-1.87567473004907E-16,-3.06331046575825,4.78324950746713));
#8207=CARTESIAN_POINT('',(-1.26886474067651,-3.06331046575825,4.75199950746713));
#8208=CARTESIAN_POINT('',(-2.16608760321738,-2.16608760321738,4.72074950746713));
#8209=CARTESIAN_POINT('',(-3.06331046575825,-1.26886474067651,4.68949950746713));
#8210=CARTESIAN_POINT('',(-3.06331046575825,-2.88605294027959E-16,4.65824950746713));
#8211=CARTESIAN_POINT('',(-3.06331046575825,1.26886474067651,4.62699950746713));
#8212=CARTESIAN_POINT('',(-2.16608760321738,2.16608760321738,4.59574950746713));
#8213=CARTESIAN_POINT('',(-1.26886474067651,3.06331046575825,4.56449950746713));
#8214=CARTESIAN_POINT('',(-1.87579862663636E-16,3.06331046575825,4.53324950746713));
#8215=CARTESIAN_POINT('',(1.26886474067651,3.06331046575825,4.50199950746713));
#8216=CARTESIAN_POINT('',(2.16608760321738,2.16608760321738,4.47074950746713));
#8217=CARTESIAN_POINT('',(3.06331046575825,1.26886474067651,4.43949950746713));
#8218=CARTESIAN_POINT('',(3.06331046575825,1.02043033763392E-16,4.40824950746713));
#8219=CARTESIAN_POINT('',(3.06331046575825,-1.26886474067651,4.37699950746713));
#8220=CARTESIAN_POINT('',(2.16608760321738,-2.16608760321738,4.34574950746713));
#8221=CARTESIAN_POINT('',(1.26886474067651,-3.06331046575825,4.31449950746713));
#8222=CARTESIAN_POINT('',(-1.87567473004907E-16,-3.06331046575825,4.28324950746713));
#8223=CARTESIAN_POINT('',(-1.26886474067651,-3.06331046575825,4.25199950746713));
#8224=CARTESIAN_POINT('',(-2.16608760321738,-2.16608760321738,4.22074950746713));
#8225=CARTESIAN_POINT('',(-3.06331046575825,-1.26886474067651,4.18949950746713));
#8226=CARTESIAN_POINT('',(-3.06331046575825,-2.57628089099801E-16,4.15824950746713));
#8227=CARTESIAN_POINT('',(-3.06331046575825,1.26886474067651,4.12699950746713));
#8228=CARTESIAN_POINT('',(-2.16608760321738,2.16608760321738,4.09574950746713));
#8229=CARTESIAN_POINT('',(-1.26886474067651,3.06331046575825,4.06449950746713));
#8230=CARTESIAN_POINT('',(-1.87579862663636E-16,3.06331046575825,4.03324950746713));
#8231=CARTESIAN_POINT('',(1.26886474067651,3.06331046575825,4.00199950746714));
#8232=CARTESIAN_POINT('',(2.16608760321738,2.16608760321738,3.97074950746714));
#8233=CARTESIAN_POINT('',(3.06331046575825,1.26886474067651,3.93949950746714));
#8234=CARTESIAN_POINT('',(3.06331046575825,1.33020238691549E-16,3.90824950746714));
#8235=CARTESIAN_POINT('',(3.06331046575825,-1.26886474067651,3.87699950746713));
#8236=CARTESIAN_POINT('',(2.16608760321738,-2.16608760321738,3.84574950746713));
#8237=CARTESIAN_POINT('',(1.26886474067651,-3.06331046575825,3.81449950746713));
#8238=CARTESIAN_POINT('',(-1.87567473004907E-16,-3.06331046575825,3.78324950746713));
#8239=CARTESIAN_POINT('',(-1.26886474067651,-3.06331046575825,3.75199950746713));
#8240=CARTESIAN_POINT('',(-2.16608760321738,-2.16608760321738,3.72074950746713));
#8241=CARTESIAN_POINT('',(-3.06331046575825,-1.26886474067651,3.68949950746713));
#8242=CARTESIAN_POINT('',(-3.06331046575825,-2.26650884171644E-16,3.65824950746713));
#8243=CARTESIAN_POINT('',(-3.06331046575825,1.26886474067651,3.62699950746713));
#8244=CARTESIAN_POINT('',(-2.16608760321738,2.16608760321738,3.59574950746713));
#8245=CARTESIAN_POINT('',(-1.26886474067651,3.06331046575825,3.56449950746713));
#8246=CARTESIAN_POINT('',(-1.87579862663636E-16,3.06331046575825,3.53324950746713));
#8247=CARTESIAN_POINT('',(1.26886474067651,3.06331046575825,3.50199950746713));
#8248=CARTESIAN_POINT('',(2.16608760321738,2.16608760321738,3.47074950746713));
#8249=CARTESIAN_POINT('',(3.06331046575825,1.26886474067651,3.43949950746713));
#8250=CARTESIAN_POINT('',(3.06331046575825,1.63997443619707E-16,3.40824950746713));
#8251=CARTESIAN_POINT('',(3.06331046575825,-1.26886474067651,3.37699950746713));
#8252=CARTESIAN_POINT('',(2.16608760321738,-2.16608760321738,3.34574950746713));
#8253=CARTESIAN_POINT('',(1.26886474067651,-3.06331046575825,3.31449950746713));
#8254=CARTESIAN_POINT('',(-1.87567473004907E-16,-3.06331046575825,3.28324950746713));
#8255=CARTESIAN_POINT('',(-1.26886474067651,-3.06331046575825,3.25199950746713));
#8256=CARTESIAN_POINT('',(-2.16608760321738,-2.16608760321738,3.22074950746713));
#8257=CARTESIAN_POINT('',(-3.06331046575825,-1.26886474067651,3.18949950746713));
#8258=CARTESIAN_POINT('',(-3.06331046575825,-1.95673679243487E-16,3.15824950746713));
#8259=CARTESIAN_POINT('',(-3.06331046575825,1.26886474067651,3.12699950746713));
#8260=CARTESIAN_POINT('',(-2.16608760321738,2.16608760321738,3.09574950746713));
#8261=CARTESIAN_POINT('',(-1.26886474067651,3.06331046575825,3.06449950746713));
#8262=CARTESIAN_POINT('',(-1.87579862663636E-16,3.06331046575825,3.03324950746713));
#8263=CARTESIAN_POINT('',(1.26886474067651,3.06331046575825,3.00199950746713));
#8264=CARTESIAN_POINT('',(2.16608760321738,2.16608760321738,2.97074950746713));
#8265=CARTESIAN_POINT('',(3.06331046575825,1.26886474067651,2.93949950746713));
#8266=CARTESIAN_POINT('',(3.06331046575825,1.94974648547864E-16,2.90824950746713));
#8267=CARTESIAN_POINT('',(3.06331046575825,-1.26886474067651,2.87699950746713));
#8268=CARTESIAN_POINT('',(2.16608760321738,-2.16608760321738,2.84574950746713));
#8269=CARTESIAN_POINT('',(1.26886474067651,-3.06331046575825,2.81449950746713));
#8270=CARTESIAN_POINT('',(-1.87567473004907E-16,-3.06331046575825,2.78324950746713));
#8271=CARTESIAN_POINT('',(-1.26886474067651,-3.06331046575825,2.75199950746714));
#8272=CARTESIAN_POINT('',(-2.16608760321738,-2.16608760321738,2.72074950746714));
#8273=CARTESIAN_POINT('',(-3.06331046575825,-1.26886474067651,2.68949950746714));
#8274=CARTESIAN_POINT('',(-3.06331046575825,-1.6469647431533E-16,2.65824950746713));
#8275=CARTESIAN_POINT('',(-3.06331046575825,1.26886474067651,2.62699950746713));
#8276=CARTESIAN_POINT('',(-2.16608760321738,2.16608760321738,2.59574950746713));
#8277=CARTESIAN_POINT('',(-1.26886474067651,3.06331046575825,2.56449950746713));
#8278=CARTESIAN_POINT('',(-1.87579862663636E-16,3.06331046575825,2.53324950746713));
#8279=CARTESIAN_POINT('',(1.26886474067651,3.06331046575825,2.50199950746713));
#8280=CARTESIAN_POINT('',(2.16608760321738,2.16608760321738,2.47074950746713));
#8281=CARTESIAN_POINT('',(3.06331046575825,1.26886474067651,2.43949950746713));
#8282=CARTESIAN_POINT('',(3.06331046575825,2.25951853476021E-16,2.40824950746713));
#8283=CARTESIAN_POINT('',(3.06331046575825,-1.26886474067651,2.37699950746713));
#8284=CARTESIAN_POINT('',(2.16608760321738,-2.16608760321738,2.34574950746713));
#8285=CARTESIAN_POINT('',(1.26886474067651,-3.06331046575825,2.31449950746713));
#8286=CARTESIAN_POINT('',(-1.87567473004907E-16,-3.06331046575825,2.28324950746713));
#8287=CARTESIAN_POINT('',(-1.26886474067651,-3.06331046575825,2.25199950746713));
#8288=CARTESIAN_POINT('',(-2.16608760321738,-2.16608760321738,2.22074950746713));
#8289=CARTESIAN_POINT('',(-3.06331046575825,-1.26886474067651,2.18949950746713));
#8290=CARTESIAN_POINT('',(-3.06331046575825,-1.33719269387172E-16,2.15824950746713));
#8291=CARTESIAN_POINT('',(-3.06331046575825,1.26886474067651,2.12699950746713));
#8292=CARTESIAN_POINT('',(-2.16608760321738,2.16608760321738,2.09574950746713));
#8293=CARTESIAN_POINT('',(-1.26886474067651,3.06331046575825,2.06449950746713));
#8294=CARTESIAN_POINT('',(-1.87579862663636E-16,3.06331046575825,2.03324950746713));
#8295=CARTESIAN_POINT('',(1.26886474067651,3.06331046575825,2.00199950746713));
#8296=CARTESIAN_POINT('',(2.16608760321738,2.16608760321738,1.97074950746713));
#8297=CARTESIAN_POINT('',(3.06331046575825,1.26886474067651,1.93949950746713));
#8298=CARTESIAN_POINT('',(3.06331046575825,2.56929058404178E-16,1.90824950746713));
#8299=CARTESIAN_POINT('',(3.06331046575825,-1.26886474067651,1.87699950746713));
#8300=CARTESIAN_POINT('',(2.16608760321738,-2.16608760321738,1.84574950746713));
#8301=CARTESIAN_POINT('',(1.26886474067651,-3.06331046575825,1.81449950746713));
#8302=CARTESIAN_POINT('',(-1.87567473004907E-16,-3.06331046575825,1.78324950746713));
#8303=CARTESIAN_POINT('',(-1.26886474067651,-3.06331046575825,1.75199950746713));
#8304=CARTESIAN_POINT('',(-2.16608760321738,-2.16608760321738,1.72074950746713));
#8305=CARTESIAN_POINT('',(-3.06331046575825,-1.26886474067651,1.68949950746713));
#8306=CARTESIAN_POINT('',(-3.06331046575825,-1.02742064459015E-16,1.65824950746713));
#8307=CARTESIAN_POINT('',(-3.06331046575825,1.26886474067651,1.62699950746713));
#8308=CARTESIAN_POINT('',(-2.16608760321738,2.16608760321738,1.59574950746713));
#8309=CARTESIAN_POINT('',(-1.26886474067651,3.06331046575825,1.56449950746713));
#8310=CARTESIAN_POINT('',(-1.87579862663636E-16,3.06331046575825,1.53324950746713));
#8311=CARTESIAN_POINT('',(1.26886474067651,3.06331046575825,1.50199950746713));
#8312=CARTESIAN_POINT('',(2.16608760321738,2.16608760321738,1.47074950746713));
#8313=CARTESIAN_POINT('',(3.06331046575825,1.26886474067651,1.43949950746713));
#8314=CARTESIAN_POINT('',(3.06331046575825,2.87906263332336E-16,1.40824950746713));
#8315=CARTESIAN_POINT('',(3.06331046575825,-1.26886474067651,1.37699950746713));
#8316=CARTESIAN_POINT('',(2.16608760321738,-2.16608760321738,1.34574950746713));
#8317=CARTESIAN_POINT('',(1.26886474067651,-3.06331046575825,1.31449950746713));
#8318=CARTESIAN_POINT('',(-1.87567473004907E-16,-3.06331046575825,1.28324950746713));
#8319=CARTESIAN_POINT('',(-1.26886474067651,-3.06331046575825,1.25199950746713));
#8320=CARTESIAN_POINT('',(-2.16608760321738,-2.16608760321738,1.22074950746713));
#8321=CARTESIAN_POINT('',(-3.06331046575825,-1.26886474067651,1.18949950746713));
#8322=CARTESIAN_POINT('',(-3.06331046575825,-7.17648595308578E-17,1.15824950746713));
#8323=CARTESIAN_POINT('',(-3.06331046575825,1.26886474067651,1.12699950746713));
#8324=CARTESIAN_POINT('',(-2.16608760321738,2.16608760321738,1.09574950746713));
#8325=CARTESIAN_POINT('',(-1.26886474067651,3.06331046575825,1.06449950746713));
#8326=CARTESIAN_POINT('',(-1.87579862663636E-16,3.06331046575825,1.03324950746713));
#8327=CARTESIAN_POINT('',(1.26886474067651,3.06331046575825,1.00199950746713));
#8328=CARTESIAN_POINT('',(2.16608760321738,2.16608760321738,0.970749507467134));
#8329=CARTESIAN_POINT('',(3.06331046575825,1.26886474067651,0.939499507467134));
#8330=CARTESIAN_POINT('',(3.06331046575825,3.18883468260493E-16,0.908249507467134));
#8331=CARTESIAN_POINT('',(3.06331046575825,-1.26886474067651,0.876999507467134));
#8332=CARTESIAN_POINT('',(2.16608760321738,-2.16608760321738,0.845749507467134));
#8333=CARTESIAN_POINT('',(1.26886474067651,-3.06331046575825,0.814499507467134));
#8334=CARTESIAN_POINT('',(-1.87567473004907E-16,-3.06331046575825,0.783249507467134));
#8335=CARTESIAN_POINT('',(-1.26886474067651,-3.06331046575825,0.751999507467135));
#8336=CARTESIAN_POINT('',(-2.16608760321738,-2.16608760321738,0.720749507467135));
#8337=CARTESIAN_POINT('',(-3.06331046575825,-1.26886474067651,0.689499507467135));
#8338=CARTESIAN_POINT('',(-3.06331046575825,-4.07876546027006E-17,0.658249507467135));
#8339=CARTESIAN_POINT('',(-3.06331046575825,1.26886474067651,0.626999507467135));
#8340=CARTESIAN_POINT('',(-2.16608760321738,2.16608760321738,0.595749507467135));
#8341=CARTESIAN_POINT('',(-1.26886474067651,3.06331046575825,0.564499507467135));
#8342=CARTESIAN_POINT('',(-1.87579862663636E-16,3.06331046575825,0.533249507467135));
#8343=CARTESIAN_POINT('',(1.26886474067651,3.06331046575825,0.501999507467135));
#8344=CARTESIAN_POINT('',(2.16608760321738,2.16608760321738,0.470749507467135));
#8345=CARTESIAN_POINT('',(3.06331046575825,1.26886474067651,0.439499507467135));
#8346=CARTESIAN_POINT('',(3.06331046575825,3.4986067318865E-16,0.408249507467135));
#8347=CARTESIAN_POINT('',(3.06331046575825,-1.26886474067651,0.376999507467135));
#8348=CARTESIAN_POINT('',(2.16608760321738,-2.16608760321738,0.345749507467135));
#8349=CARTESIAN_POINT('',(1.26886474067651,-3.06331046575825,0.314499507467135));
#8350=CARTESIAN_POINT('',(-1.87567473004907E-16,-3.06331046575825,0.283249507467134));
#8351=CARTESIAN_POINT('',(-2.14306111918916E-16,-3.5,7.49467700666208));
#8352=CARTESIAN_POINT('',(-1.44974746830583,-3.5,7.46342700666208));
#8353=CARTESIAN_POINT('',(-2.47487373415292,-2.47487373415292,7.43217700666208));
#8354=CARTESIAN_POINT('',(-3.5,-1.44974746830583,7.40092700666208));
#8355=CARTESIAN_POINT('',(-3.5,-4.56591067711271E-16,7.36967700666208));
#8356=CARTESIAN_POINT('',(-3.5,1.44974746830583,7.33842700666208));
#8357=CARTESIAN_POINT('',(-2.47487373415292,2.47487373415292,7.30717700666208));
#8358=CARTESIAN_POINT('',(-1.44974746830583,3.5,7.27592700666208));
#8359=CARTESIAN_POINT('',(-2.14320267782658E-16,3.5,7.24467700666208));
#8360=CARTESIAN_POINT('',(1.44974746830583,3.5,7.21342700666208));
#8361=CARTESIAN_POINT('',(2.47487373415292,2.47487373415292,7.18217700666208));
#8362=CARTESIAN_POINT('',(3.5,1.44974746830583,7.15092700666208));
#8363=CARTESIAN_POINT('',(3.5,-1.24619296818769E-17,7.11967700666208));
#8364=CARTESIAN_POINT('',(3.5,-1.44974746830583,7.08842700666208));
#8365=CARTESIAN_POINT('',(2.47487373415292,-2.47487373415292,7.05717700666208));
#8366=CARTESIAN_POINT('',(1.44974746830583,-3.5,7.02592700666208));
#8367=CARTESIAN_POINT('',(-2.14306111918916E-16,-3.5,6.99467700666208));
#8368=CARTESIAN_POINT('',(-1.44974746830583,-3.5,6.96342700666208));
#8369=CARTESIAN_POINT('',(-2.47487373415292,-2.47487373415292,6.93217700666208));
#8370=CARTESIAN_POINT('',(-3.5,-1.44974746830583,6.90092700666208));
#8371=CARTESIAN_POINT('',(-3.5,-4.25613862783113E-16,6.86967700666208));
#8372=CARTESIAN_POINT('',(-3.5,1.44974746830583,6.83842700666208));
#8373=CARTESIAN_POINT('',(-2.47487373415292,2.47487373415292,6.80717700666208));
#8374=CARTESIAN_POINT('',(-1.44974746830583,3.5,6.77592700666208));
#8375=CARTESIAN_POINT('',(-2.14320267782658E-16,3.5,6.74467700666208));
#8376=CARTESIAN_POINT('',(1.44974746830583,3.5,6.71342700666208));
#8377=CARTESIAN_POINT('',(2.47487373415292,2.47487373415292,6.68217700666208));
#8378=CARTESIAN_POINT('',(3.5,1.44974746830583,6.65092700666208));
#8379=CARTESIAN_POINT('',(3.5,1.85152752462803E-17,6.61967700666208));
#8380=CARTESIAN_POINT('',(3.5,-1.44974746830583,6.58842700666208));
#8381=CARTESIAN_POINT('',(2.47487373415292,-2.47487373415292,6.55717700666208));
#8382=CARTESIAN_POINT('',(1.44974746830583,-3.5,6.52592700666208));
#8383=CARTESIAN_POINT('',(-2.14306111918916E-16,-3.5,6.49467700666208));
#8384=CARTESIAN_POINT('',(-1.44974746830583,-3.5,6.46342700666208));
#8385=CARTESIAN_POINT('',(-2.47487373415292,-2.47487373415292,6.43217700666208));
#8386=CARTESIAN_POINT('',(-3.5,-1.44974746830583,6.40092700666208));
#8387=CARTESIAN_POINT('',(-3.5,-3.94636657854956E-16,6.36967700666208));
#8388=CARTESIAN_POINT('',(-3.5,1.44974746830583,6.33842700666208));
#8389=CARTESIAN_POINT('',(-2.47487373415292,2.47487373415292,6.30717700666208));
#8390=CARTESIAN_POINT('',(-1.44974746830583,3.5,6.27592700666208));
#8391=CARTESIAN_POINT('',(-2.14320267782658E-16,3.5,6.24467700666208));
#8392=CARTESIAN_POINT('',(1.44974746830583,3.5,6.21342700666208));
#8393=CARTESIAN_POINT('',(2.47487373415292,2.47487373415292,6.18217700666208));
#8394=CARTESIAN_POINT('',(3.5,1.44974746830583,6.15092700666208));
#8395=CARTESIAN_POINT('',(3.5,4.94924801744376E-17,6.11967700666208));
#8396=CARTESIAN_POINT('',(3.5,-1.44974746830583,6.08842700666208));
#8397=CARTESIAN_POINT('',(2.47487373415292,-2.47487373415292,6.05717700666208));
#8398=CARTESIAN_POINT('',(1.44974746830583,-3.5,6.02592700666208));
#8399=CARTESIAN_POINT('',(-2.14306111918916E-16,-3.5,5.99467700666208));
#8400=CARTESIAN_POINT('',(-1.44974746830583,-3.5,5.96342700666208));
#8401=CARTESIAN_POINT('',(-2.47487373415292,-2.47487373415292,5.93217700666208));
#8402=CARTESIAN_POINT('',(-3.5,-1.44974746830583,5.90092700666208));
#8403=CARTESIAN_POINT('',(-3.5,-3.63659452926799E-16,5.86967700666208));
#8404=CARTESIAN_POINT('',(-3.5,1.44974746830583,5.83842700666208));
#8405=CARTESIAN_POINT('',(-2.47487373415292,2.47487373415292,5.80717700666208));
#8406=CARTESIAN_POINT('',(-1.44974746830583,3.5,5.77592700666208));
#8407=CARTESIAN_POINT('',(-2.14320267782658E-16,3.5,5.74467700666208));
#8408=CARTESIAN_POINT('',(1.44974746830583,3.5,5.71342700666208));
#8409=CARTESIAN_POINT('',(2.47487373415292,2.47487373415292,5.68217700666208));
#8410=CARTESIAN_POINT('',(3.5,1.44974746830583,5.65092700666208));
#8411=CARTESIAN_POINT('',(3.5,8.04696851025949E-17,5.61967700666208));
#8412=CARTESIAN_POINT('',(3.5,-1.44974746830583,5.58842700666208));
#8413=CARTESIAN_POINT('',(2.47487373415292,-2.47487373415292,5.55717700666208));
#8414=CARTESIAN_POINT('',(1.44974746830583,-3.5,5.52592700666208));
#8415=CARTESIAN_POINT('',(-2.14306111918916E-16,-3.5,5.49467700666208));
#8416=CARTESIAN_POINT('',(-1.44974746830583,-3.5,5.46342700666208));
#8417=CARTESIAN_POINT('',(-2.47487373415292,-2.47487373415292,5.43217700666208));
#8418=CARTESIAN_POINT('',(-3.5,-1.44974746830583,5.40092700666208));
#8419=CARTESIAN_POINT('',(-3.5,-3.32682247998642E-16,5.36967700666208));
#8420=CARTESIAN_POINT('',(-3.5,1.44974746830583,5.33842700666208));
#8421=CARTESIAN_POINT('',(-2.47487373415292,2.47487373415292,5.30717700666208));
#8422=CARTESIAN_POINT('',(-1.44974746830583,3.5,5.27592700666208));
#8423=CARTESIAN_POINT('',(-2.14320267782658E-16,3.5,5.24467700666208));
#8424=CARTESIAN_POINT('',(1.44974746830583,3.5,5.21342700666208));
#8425=CARTESIAN_POINT('',(2.47487373415292,2.47487373415292,5.18217700666208));
#8426=CARTESIAN_POINT('',(3.5,1.44974746830583,5.15092700666208));
#8427=CARTESIAN_POINT('',(3.5,1.11446890030752E-16,5.11967700666208));
#8428=CARTESIAN_POINT('',(3.5,-1.44974746830583,5.08842700666208));
#8429=CARTESIAN_POINT('',(2.47487373415292,-2.47487373415292,5.05717700666208));
#8430=CARTESIAN_POINT('',(1.44974746830583,-3.5,5.02592700666208));
#8431=CARTESIAN_POINT('',(-2.14306111918916E-16,-3.5,4.99467700666208));
#8432=CARTESIAN_POINT('',(-1.44974746830583,-3.5,4.96342700666208));
#8433=CARTESIAN_POINT('',(-2.47487373415292,-2.47487373415292,4.93217700666208));
#8434=CARTESIAN_POINT('',(-3.5,-1.44974746830583,4.90092700666208));
#8435=CARTESIAN_POINT('',(-3.5,-3.01705043070484E-16,4.86967700666208));
#8436=CARTESIAN_POINT('',(-3.5,1.44974746830583,4.83842700666208));
#8437=CARTESIAN_POINT('',(-2.47487373415292,2.47487373415292,4.80717700666208));
#8438=CARTESIAN_POINT('',(-1.44974746830583,3.5,4.77592700666208));
#8439=CARTESIAN_POINT('',(-2.14320267782658E-16,3.5,4.74467700666208));
#8440=CARTESIAN_POINT('',(1.44974746830583,3.5,4.71342700666208));
#8441=CARTESIAN_POINT('',(2.47487373415292,2.47487373415292,4.68217700666208));
#8442=CARTESIAN_POINT('',(3.5,1.44974746830583,4.65092700666208));
#8443=CARTESIAN_POINT('',(3.5,1.42424094958909E-16,4.61967700666208));
#8444=CARTESIAN_POINT('',(3.5,-1.44974746830583,4.58842700666208));
#8445=CARTESIAN_POINT('',(2.47487373415292,-2.47487373415292,4.55717700666208));
#8446=CARTESIAN_POINT('',(1.44974746830583,-3.5,4.52592700666208));
#8447=CARTESIAN_POINT('',(-2.14306111918916E-16,-3.5,4.49467700666208));
#8448=CARTESIAN_POINT('',(-1.44974746830583,-3.5,4.46342700666208));
#8449=CARTESIAN_POINT('',(-2.47487373415292,-2.47487373415292,4.43217700666208));
#8450=CARTESIAN_POINT('',(-3.5,-1.44974746830583,4.40092700666208));
#8451=CARTESIAN_POINT('',(-3.5,-2.70727838142327E-16,4.36967700666208));
#8452=CARTESIAN_POINT('',(-3.5,1.44974746830583,4.33842700666208));
#8453=CARTESIAN_POINT('',(-2.47487373415292,2.47487373415292,4.30717700666208));
#8454=CARTESIAN_POINT('',(-1.44974746830583,3.5,4.27592700666208));
#8455=CARTESIAN_POINT('',(-2.14320267782658E-16,3.5,4.24467700666208));
#8456=CARTESIAN_POINT('',(1.44974746830583,3.5,4.21342700666208));
#8457=CARTESIAN_POINT('',(2.47487373415292,2.47487373415292,4.18217700666208));
#8458=CARTESIAN_POINT('',(3.5,1.44974746830583,4.15092700666208));
#8459=CARTESIAN_POINT('',(3.5,1.73401299887067E-16,4.11967700666208));
#8460=CARTESIAN_POINT('',(3.5,-1.44974746830583,4.08842700666208));
#8461=CARTESIAN_POINT('',(2.47487373415292,-2.47487373415292,4.05717700666208));
#8462=CARTESIAN_POINT('',(1.44974746830583,-3.5,4.02592700666208));
#8463=CARTESIAN_POINT('',(-2.14306111918916E-16,-3.5,3.99467700666208));
#8464=CARTESIAN_POINT('',(-1.44974746830583,-3.5,3.96342700666208));
#8465=CARTESIAN_POINT('',(-2.47487373415292,-2.47487373415292,3.93217700666208));
#8466=CARTESIAN_POINT('',(-3.5,-1.44974746830583,3.90092700666208));
#8467=CARTESIAN_POINT('',(-3.5,-2.3975063321417E-16,3.86967700666208));
#8468=CARTESIAN_POINT('',(-3.5,1.44974746830583,3.83842700666208));
#8469=CARTESIAN_POINT('',(-2.47487373415292,2.47487373415292,3.80717700666208));
#8470=CARTESIAN_POINT('',(-1.44974746830583,3.5,3.77592700666208));
#8471=CARTESIAN_POINT('',(-2.14320267782658E-16,3.5,3.74467700666208));
#8472=CARTESIAN_POINT('',(1.44974746830583,3.5,3.71342700666208));
#8473=CARTESIAN_POINT('',(2.47487373415292,2.47487373415292,3.68217700666208));
#8474=CARTESIAN_POINT('',(3.5,1.44974746830583,3.65092700666208));
#8475=CARTESIAN_POINT('',(3.5,2.04378504815224E-16,3.61967700666208));
#8476=CARTESIAN_POINT('',(3.5,-1.44974746830583,3.58842700666208));
#8477=CARTESIAN_POINT('',(2.47487373415292,-2.47487373415292,3.55717700666208));
#8478=CARTESIAN_POINT('',(1.44974746830583,-3.5,3.52592700666208));
#8479=CARTESIAN_POINT('',(-2.14306111918916E-16,-3.5,3.49467700666208));
#8480=CARTESIAN_POINT('',(-1.44974746830583,-3.5,3.46342700666208));
#8481=CARTESIAN_POINT('',(-2.47487373415292,-2.47487373415292,3.43217700666208));
#8482=CARTESIAN_POINT('',(-3.5,-1.44974746830583,3.40092700666208));
#8483=CARTESIAN_POINT('',(-3.5,-2.08773428286013E-16,3.36967700666208));
#8484=CARTESIAN_POINT('',(-3.5,1.44974746830583,3.33842700666208));
#8485=CARTESIAN_POINT('',(-2.47487373415292,2.47487373415292,3.30717700666208));
#8486=CARTESIAN_POINT('',(-1.44974746830583,3.5,3.27592700666208));
#8487=CARTESIAN_POINT('',(-2.14320267782658E-16,3.5,3.24467700666208));
#8488=CARTESIAN_POINT('',(1.44974746830583,3.5,3.21342700666208));
#8489=CARTESIAN_POINT('',(2.47487373415292,2.47487373415292,3.18217700666208));
#8490=CARTESIAN_POINT('',(3.5,1.44974746830583,3.15092700666208));
#8491=CARTESIAN_POINT('',(3.5,2.35355709743381E-16,3.11967700666208));
#8492=CARTESIAN_POINT('',(3.5,-1.44974746830583,3.08842700666208));
#8493=CARTESIAN_POINT('',(2.47487373415292,-2.47487373415292,3.05717700666208));
#8494=CARTESIAN_POINT('',(1.44974746830583,-3.5,3.02592700666208));
#8495=CARTESIAN_POINT('',(-2.14306111918916E-16,-3.5,2.99467700666208));
#8496=CARTESIAN_POINT('',(-1.44974746830583,-3.5,2.96342700666208));
#8497=CARTESIAN_POINT('',(-2.47487373415292,-2.47487373415292,2.93217700666208));
#8498=CARTESIAN_POINT('',(-3.5,-1.44974746830583,2.90092700666208));
#8499=CARTESIAN_POINT('',(-3.5,-1.77796223357855E-16,2.86967700666208));
#8500=CARTESIAN_POINT('',(-3.5,1.44974746830583,2.83842700666208));
#8501=CARTESIAN_POINT('',(-2.47487373415292,2.47487373415292,2.80717700666208));
#8502=CARTESIAN_POINT('',(-1.44974746830583,3.5,2.77592700666208));
#8503=CARTESIAN_POINT('',(-2.14320267782658E-16,3.5,2.74467700666208));
#8504=CARTESIAN_POINT('',(1.44974746830583,3.5,2.71342700666208));
#8505=CARTESIAN_POINT('',(2.47487373415292,2.47487373415292,2.68217700666208));
#8506=CARTESIAN_POINT('',(3.5,1.44974746830583,2.65092700666208));
#8507=CARTESIAN_POINT('',(3.5,2.66332914671538E-16,2.61967700666208));
#8508=CARTESIAN_POINT('',(3.5,-1.44974746830583,2.58842700666208));
#8509=CARTESIAN_POINT('',(2.47487373415292,-2.47487373415292,2.55717700666208));
#8510=CARTESIAN_POINT('',(1.44974746830583,-3.5,2.52592700666208));
#8511=CARTESIAN_POINT('',(-2.14306111918916E-16,-3.5,2.49467700666208));
#8512=CARTESIAN_POINT('',(-1.44974746830583,-3.5,2.46342700666208));
#8513=CARTESIAN_POINT('',(-2.47487373415292,-2.47487373415292,2.43217700666208));
#8514=CARTESIAN_POINT('',(-3.5,-1.44974746830583,2.40092700666208));
#8515=CARTESIAN_POINT('',(-3.5,-1.46819018429698E-16,2.36967700666208));
#8516=CARTESIAN_POINT('',(-3.5,1.44974746830583,2.33842700666208));
#8517=CARTESIAN_POINT('',(-2.47487373415292,2.47487373415292,2.30717700666208));
#8518=CARTESIAN_POINT('',(-1.44974746830583,3.5,2.27592700666208));
#8519=CARTESIAN_POINT('',(-2.14320267782658E-16,3.5,2.24467700666208));
#8520=CARTESIAN_POINT('',(1.44974746830583,3.5,2.21342700666208));
#8521=CARTESIAN_POINT('',(2.47487373415292,2.47487373415292,2.18217700666208));
#8522=CARTESIAN_POINT('',(3.5,1.44974746830583,2.15092700666208));
#8523=CARTESIAN_POINT('',(3.5,2.97310119599696E-16,2.11967700666208));
#8524=CARTESIAN_POINT('',(3.5,-1.44974746830583,2.08842700666208));
#8525=CARTESIAN_POINT('',(2.47487373415292,-2.47487373415292,2.05717700666208));
#8526=CARTESIAN_POINT('',(1.44974746830583,-3.5,2.02592700666208));
#8527=CARTESIAN_POINT('',(-2.14306111918916E-16,-3.5,1.99467700666208));
#8528=CARTESIAN_POINT('',(-1.44974746830583,-3.5,1.96342700666208));
#8529=CARTESIAN_POINT('',(-2.47487373415292,-2.47487373415292,1.93217700666208));
#8530=CARTESIAN_POINT('',(-3.5,-1.44974746830583,1.90092700666208));
#8531=CARTESIAN_POINT('',(-3.5,-1.15841813501541E-16,1.86967700666208));
#8532=CARTESIAN_POINT('',(-3.5,1.44974746830583,1.83842700666208));
#8533=CARTESIAN_POINT('',(-2.47487373415292,2.47487373415292,1.80717700666208));
#8534=CARTESIAN_POINT('',(-1.44974746830583,3.5,1.77592700666208));
#8535=CARTESIAN_POINT('',(-2.14320267782658E-16,3.5,1.74467700666208));
#8536=CARTESIAN_POINT('',(1.44974746830583,3.5,1.71342700666208));
#8537=CARTESIAN_POINT('',(2.47487373415292,2.47487373415292,1.68217700666208));
#8538=CARTESIAN_POINT('',(3.5,1.44974746830583,1.65092700666208));
#8539=CARTESIAN_POINT('',(3.5,3.28287324527853E-16,1.61967700666208));
#8540=CARTESIAN_POINT('',(3.5,-1.44974746830583,1.58842700666208));
#8541=CARTESIAN_POINT('',(2.47487373415292,-2.47487373415292,1.55717700666208));
#8542=CARTESIAN_POINT('',(1.44974746830583,-3.5,1.52592700666208));
#8543=CARTESIAN_POINT('',(-2.14306111918916E-16,-3.5,1.49467700666208));
#8544=CARTESIAN_POINT('',(-1.44974746830583,-3.5,1.46342700666208));
#8545=CARTESIAN_POINT('',(-2.47487373415292,-2.47487373415292,1.43217700666208));
#8546=CARTESIAN_POINT('',(-3.5,-1.44974746830583,1.40092700666208));
#8547=CARTESIAN_POINT('',(-3.5,-8.48646085733834E-17,1.36967700666208));
#8548=CARTESIAN_POINT('',(-3.5,1.44974746830583,1.33842700666208));
#8549=CARTESIAN_POINT('',(-2.47487373415292,2.47487373415292,1.30717700666208));
#8550=CARTESIAN_POINT('',(-1.44974746830583,3.5,1.27592700666208));
#8551=CARTESIAN_POINT('',(-2.14320267782658E-16,3.5,1.24467700666208));
#8552=CARTESIAN_POINT('',(1.44974746830583,3.5,1.21342700666208));
#8553=CARTESIAN_POINT('',(2.47487373415292,2.47487373415292,1.18217700666208));
#8554=CARTESIAN_POINT('',(3.5,1.44974746830583,1.15092700666208));
#8555=CARTESIAN_POINT('',(3.5,3.5926452945601E-16,1.11967700666208));
#8556=CARTESIAN_POINT('',(3.5,-1.44974746830583,1.08842700666208));
#8557=CARTESIAN_POINT('',(2.47487373415292,-2.47487373415292,1.05717700666208));
#8558=CARTESIAN_POINT('',(1.44974746830583,-3.5,1.02592700666208));
#8559=CARTESIAN_POINT('',(-2.14306111918916E-16,-3.5,0.99467700666208));
#8560=CARTESIAN_POINT('',(-1.44974746830583,-3.5,0.963427006662081));
#8561=CARTESIAN_POINT('',(-2.47487373415292,-2.47487373415292,0.932177006662081));
#8562=CARTESIAN_POINT('',(-3.5,-1.44974746830583,0.900927006662081));
#8563=CARTESIAN_POINT('',(-3.5,-5.38874036452262E-17,0.869677006662081));
#8564=CARTESIAN_POINT('',(-3.5,1.44974746830583,0.83842700666208));
#8565=CARTESIAN_POINT('',(-2.47487373415292,2.47487373415292,0.807177006662081));
#8566=CARTESIAN_POINT('',(-1.44974746830583,3.5,0.77592700666208));
#8567=CARTESIAN_POINT('',(-2.14320267782658E-16,3.5,0.74467700666208));
#8568=CARTESIAN_POINT('',(1.44974746830583,3.5,0.71342700666208));
#8569=CARTESIAN_POINT('',(2.47487373415292,2.47487373415292,0.68217700666208));
#8570=CARTESIAN_POINT('',(3.5,1.44974746830583,0.65092700666208));
#8571=CARTESIAN_POINT('',(3.5,3.90241734384168E-16,0.61967700666208));
#8572=CARTESIAN_POINT('',(3.5,-1.44974746830583,0.58842700666208));
#8573=CARTESIAN_POINT('',(2.47487373415292,-2.47487373415292,0.55717700666208));
#8574=CARTESIAN_POINT('',(1.44974746830583,-3.5,0.52592700666208));
#8575=CARTESIAN_POINT('',(-2.14306111918916E-16,-3.5,0.49467700666208));
#8576=CARTESIAN_POINT('',(-0.8,-7.625,-7.5));
#8577=CARTESIAN_POINT('',(-0.8,-7.625,-6.80250616318875));
#8578=CARTESIAN_POINT('',(-0.8,-7.6249999999997,-6.10501232637797));
#8579=CARTESIAN_POINT('',(-0.8,-7.62500000000015,-5.05877157116103));
#8580=CARTESIAN_POINT('',(-0.8,-7.625,-4.71002465275555));
#8581=CARTESIAN_POINT('',(-0.8,-7.625,-4.18690427514725));
#8582=CARTESIAN_POINT('',(-0.8,-7.625,-4.01253081594449));
#8583=CARTESIAN_POINT('',(-0.8,-7.625,-3.75097062714028));
#8584=CARTESIAN_POINT('',(-0.8,-7.625,-3.66378389753887));
#8585=CARTESIAN_POINT('',(-0.8,-7.625,-3.53300380313685));
#8586=CARTESIAN_POINT('',(-0.8,-7.625,-3.48941043833613));
#8587=CARTESIAN_POINT('',(-0.8,-7.625,-3.42402039113509));
#8588=CARTESIAN_POINT('',(-0.8,-7.625,-3.40222370873475));
#8589=CARTESIAN_POINT('',(-0.8,-7.625,-3.36952868513422));
#8590=CARTESIAN_POINT('',(-0.8,-7.625,-3.35863034393405));
#8591=CARTESIAN_POINT('',(-0.8,-7.625,-3.34228283213379));
#8592=CARTESIAN_POINT('',(-0.8,-7.625,-3.33683366153371));
#8593=CARTESIAN_POINT('',(-0.8,-7.625,-3.32593532033353));
#8594=CARTESIAN_POINT('',(-0.8,-7.62501130687505,-3.3222152815055));
#8595=CARTESIAN_POINT('',(-0.8,-7.62498662712016,-3.30654704937024));
#8596=CARTESIAN_POINT('',(-0.8,-7.6244827058341,-3.2939736027862));
#8597=CARTESIAN_POINT('',(-0.8,-7.62241959580978,-3.27301709846701));
#8598=CARTESIAN_POINT('',(-0.8,-7.62087358562515,-3.26258842066898));
#8599=CARTESIAN_POINT('',(-0.8,-7.61471111014759,-3.23159360888754));
#8600=CARTESIAN_POINT('',(-0.800000000000001,-7.60856355721153,-3.21131803218064));
#8601=CARTESIAN_POINT('',(-0.800000000000001,-7.58435419695208,-3.15287146630578));
#8602=CARTESIAN_POINT('',(-0.8,-7.5605034423495,-3.11718847326641));
#8603=CARTESIAN_POINT('',(-0.8,-7.50090842391393,-3.05759345483086));
#8604=CARTESIAN_POINT('',(-0.8,-7.46522543087456,-3.03374270022828));
#8605=CARTESIAN_POINT('',(-0.8,-7.40677886499972,-3.00953333996881));
#8606=CARTESIAN_POINT('',(-0.8,-7.38650328829278,-3.00338578703276));
#8607=CARTESIAN_POINT('',(-0.8,-7.35550847651138,-2.9972233115552));
#8608=CARTESIAN_POINT('',(-0.8,-7.34507979871333,-2.99567730137057));
#8609=CARTESIAN_POINT('',(-0.800000000000001,-7.32412329439414,-2.99361419134624));
#8610=CARTESIAN_POINT('',(-0.8,-7.31154984781011,-2.99311027006019));
#8611=CARTESIAN_POINT('',(-0.8,-7.29411956846289,-2.99308281482348));
#8612=CARTESIAN_POINT('',(-0.8,-7.289486377234,-2.99309689718035));
#8613=CARTESIAN_POINT('',(-0.8,-7.27591283642101,-2.99309689718035));
#8614=CARTESIAN_POINT('',(-0.8,-7.26912606601452,-2.99309689718035));
#8615=CARTESIAN_POINT('',(-0.8,-7.24876575479503,-2.99309689718035));
#8616=CARTESIAN_POINT('',(-0.8,-7.23519221398204,-2.99309689718035));
#8617=CARTESIAN_POINT('',(-0.8,-7.19447159154307,-2.99309689718035));
#8618=CARTESIAN_POINT('',(-0.8,-7.16732450991709,-2.99309689718035));
#8619=CARTESIAN_POINT('',(-0.8,-7.08588326503916,-2.99309689718035));
#8620=CARTESIAN_POINT('',(-0.8,-7.03158910178727,-2.99309689718035));
#8621=CARTESIAN_POINT('',(-0.8,-6.86870661203119,-2.99309689718035));
#8622=CARTESIAN_POINT('',(-0.8,-6.7601182855275,-2.99309689718035));
#8623=CARTESIAN_POINT('',(-0.8,-6.43435330601549,-2.99309689718035));
#8624=CARTESIAN_POINT('',(-0.8,-6.21717665300796,-2.99309689718035));
#8625=CARTESIAN_POINT('',(-0.8,-6.,-2.99309689718035));
#8626=CARTESIAN_POINT('',(0.8,-7.625,-7.5));
#8627=CARTESIAN_POINT('',(0.8,-7.625,-6.80250616318875));
#8628=CARTESIAN_POINT('',(0.8,-7.6249999999997,-6.10501232637797));
#8629=CARTESIAN_POINT('',(0.8,-7.62500000000015,-5.05877157116103));
#8630=CARTESIAN_POINT('',(0.8,-7.625,-4.71002465275555));
#8631=CARTESIAN_POINT('',(0.8,-7.625,-4.18690427514725));
#8632=CARTESIAN_POINT('',(0.8,-7.625,-4.01253081594449));
#8633=CARTESIAN_POINT('',(0.8,-7.625,-3.75097062714028));
#8634=CARTESIAN_POINT('',(0.8,-7.625,-3.66378389753887));
#8635=CARTESIAN_POINT('',(0.8,-7.625,-3.53300380313685));
#8636=CARTESIAN_POINT('',(0.8,-7.625,-3.48941043833613));
#8637=CARTESIAN_POINT('',(0.8,-7.625,-3.42402039113509));
#8638=CARTESIAN_POINT('',(0.8,-7.625,-3.40222370873475));
#8639=CARTESIAN_POINT('',(0.8,-7.625,-3.36952868513422));
#8640=CARTESIAN_POINT('',(0.8,-7.625,-3.35863034393405));
#8641=CARTESIAN_POINT('',(0.8,-7.625,-3.34228283213379));
#8642=CARTESIAN_POINT('',(0.8,-7.625,-3.33683366153371));
#8643=CARTESIAN_POINT('',(0.8,-7.625,-3.32593532033353));
#8644=CARTESIAN_POINT('',(0.8,-7.62501130687505,-3.3222152815055));
#8645=CARTESIAN_POINT('',(0.8,-7.62498662712016,-3.30654704937024));
#8646=CARTESIAN_POINT('',(0.8,-7.6244827058341,-3.2939736027862));
#8647=CARTESIAN_POINT('',(0.8,-7.62241959580978,-3.27301709846701));
#8648=CARTESIAN_POINT('',(0.8,-7.62087358562515,-3.26258842066898));
#8649=CARTESIAN_POINT('',(0.8,-7.61471111014759,-3.23159360888754));
#8650=CARTESIAN_POINT('',(0.799999999999999,-7.60856355721153,-3.21131803218064));
#8651=CARTESIAN_POINT('',(0.799999999999999,-7.58435419695208,-3.15287146630578));
#8652=CARTESIAN_POINT('',(0.8,-7.5605034423495,-3.11718847326641));
#8653=CARTESIAN_POINT('',(0.8,-7.50090842391393,-3.05759345483086));
#8654=CARTESIAN_POINT('',(0.8,-7.46522543087456,-3.03374270022828));
#8655=CARTESIAN_POINT('',(0.8,-7.40677886499972,-3.00953333996881));
#8656=CARTESIAN_POINT('',(0.8,-7.38650328829278,-3.00338578703276));
#8657=CARTESIAN_POINT('',(0.8,-7.35550847651138,-2.9972233115552));
#8658=CARTESIAN_POINT('',(0.8,-7.34507979871333,-2.99567730137057));
#8659=CARTESIAN_POINT('',(0.799999999999999,-7.32412329439414,-2.99361419134624));
#8660=CARTESIAN_POINT('',(0.8,-7.31154984781011,-2.99311027006019));
#8661=CARTESIAN_POINT('',(0.8,-7.29411956846289,-2.99308281482348));
#8662=CARTESIAN_POINT('',(0.8,-7.289486377234,-2.99309689718035));
#8663=CARTESIAN_POINT('',(0.8,-7.27591283642101,-2.99309689718035));
#8664=CARTESIAN_POINT('',(0.8,-7.26912606601452,-2.99309689718035));
#8665=CARTESIAN_POINT('',(0.8,-7.24876575479503,-2.99309689718035));
#8666=CARTESIAN_POINT('',(0.8,-7.23519221398204,-2.99309689718035));
#8667=CARTESIAN_POINT('',(0.8,-7.19447159154307,-2.99309689718035));
#8668=CARTESIAN_POINT('',(0.8,-7.16732450991709,-2.99309689718035));
#8669=CARTESIAN_POINT('',(0.8,-7.08588326503916,-2.99309689718035));
#8670=CARTESIAN_POINT('',(0.8,-7.03158910178727,-2.99309689718035));
#8671=CARTESIAN_POINT('',(0.8,-6.86870661203119,-2.99309689718035));
#8672=CARTESIAN_POINT('',(0.8,-6.7601182855275,-2.99309689718035));
#8673=CARTESIAN_POINT('',(0.8,-6.43435330601549,-2.99309689718035));
#8674=CARTESIAN_POINT('',(0.8,-6.21717665300796,-2.99309689718035));
#8675=CARTESIAN_POINT('',(0.8,-6.,-2.99309689718035));
#8676=CARTESIAN_POINT('',(-0.8,-7.625,-7.5));
#8677=CARTESIAN_POINT('',(-0.8,-7.625,-7.25));
#8678=CARTESIAN_POINT('',(-0.8,-7.62500000000001,-3.31503697913336));
#8679=CARTESIAN_POINT('',(-0.8,-7.625,-7.25));
#8680=CARTESIAN_POINT('',(-0.716666666666667,-7.62500000000001,-7.33333333333333));
#8681=CARTESIAN_POINT('',(-0.633333333333334,-7.625,-7.41666666666667));
#8682=CARTESIAN_POINT('',(-0.55,-7.625,-7.5));
#8683=CARTESIAN_POINT('',(0.55,-7.625,-7.5));
#8684=CARTESIAN_POINT('',(0.633333333333333,-7.625,-7.41666666666667));
#8685=CARTESIAN_POINT('',(0.716666666666666,-7.625,-7.33333333333333));
#8686=CARTESIAN_POINT('',(0.8,-7.62499999999999,-7.25));
#8687=CARTESIAN_POINT('',(0.8,-7.625,-7.25));
#8688=CARTESIAN_POINT('',(0.8,-7.625,-7.5));
#8689=CARTESIAN_POINT('',(0.8,-7.62500000000001,-3.31503697913336));
#8690=CARTESIAN_POINT('',(0.8,-7.30305991804699,-3.31503697913336));
#8691=CARTESIAN_POINT('',(0.8,-7.30305991804699,-2.99309689718034));
#8692=CARTESIAN_POINT('',(0.8,-7.30305991804699,-2.99309689718035));
#8693=CARTESIAN_POINT('',(-0.8,-7.30305991804699,-2.99309689718035));
#8694=CARTESIAN_POINT('',(-0.8,-7.30305991804699,-2.99309689718034));
#8695=CARTESIAN_POINT('',(-0.8,-7.30305991804699,-3.31503697913336));
#8696=CARTESIAN_POINT('',(-0.8,-7.625,-7.5));
#8697=CARTESIAN_POINT('',(-0.8,-7.375,-7.5));
#8698=CARTESIAN_POINT('',(-0.8,-7.375,-7.25));
#8699=CARTESIAN_POINT('',(-0.8,-7.37500000000001,-3.31503697913336));
#8700=CARTESIAN_POINT('',(-0.8,-7.625,-7.25));
#8701=CARTESIAN_POINT('',(-0.8,-7.30305991804699,-3.24309689718035));
#8702=CARTESIAN_POINT('',(-0.8,-7.30305991804699,-3.24309689718034));
#8703=CARTESIAN_POINT('',(-0.8,-7.30305991804699,-3.31503697913336));
#8704=CARTESIAN_POINT('',(0.8,-7.375,-7.5));
#8705=CARTESIAN_POINT('',(0.8,-7.375,-6.80250616318875));
#8706=CARTESIAN_POINT('',(0.8,-7.3749999999997,-6.10501232637797));
#8707=CARTESIAN_POINT('',(0.8,-7.37500000000015,-5.05877157116103));
#8708=CARTESIAN_POINT('',(0.8,-7.375,-4.71002465275555));
#8709=CARTESIAN_POINT('',(0.8,-7.375,-4.18690427514725));
#8710=CARTESIAN_POINT('',(0.8,-7.375,-4.01253081594449));
#8711=CARTESIAN_POINT('',(0.8,-7.375,-3.75097062714028));
#8712=CARTESIAN_POINT('',(0.8,-7.375,-3.66378389753887));
#8713=CARTESIAN_POINT('',(0.8,-7.375,-3.53300380313685));
#8714=CARTESIAN_POINT('',(0.8,-7.375,-3.48941043833613));
#8715=CARTESIAN_POINT('',(0.8,-7.375,-3.42402039113509));
#8716=CARTESIAN_POINT('',(0.8,-7.375,-3.40222370873475));
#8717=CARTESIAN_POINT('',(0.8,-7.375,-3.36952868513422));
#8718=CARTESIAN_POINT('',(0.8,-7.375,-3.35863034393405));
#8719=CARTESIAN_POINT('',(0.8,-7.375,-3.34228283213379));
#8720=CARTESIAN_POINT('',(0.8,-7.375,-3.33683366153371));
#8721=CARTESIAN_POINT('',(0.8,-7.375,-3.32593532033353));
#8722=CARTESIAN_POINT('',(0.8,-7.37500252661151,-3.31875678307539));
#8723=CARTESIAN_POINT('',(0.8,-7.37499701172322,-3.310637488479));
#8724=CARTESIAN_POINT('',(0.8,-7.37488440648812,-3.31033019950085));
#8725=CARTESIAN_POINT('',(0.8,-7.37442338807958,-3.30564730127637));
#8726=CARTESIAN_POINT('',(0.8,-7.37407791975917,-3.30331692995105));
#8727=CARTESIAN_POINT('',(0.8,-7.37270086540732,-3.29639089176982));
#8728=CARTESIAN_POINT('',(0.799999999999999,-7.37132714561653,-3.29186015225739));
#8729=CARTESIAN_POINT('',(0.799999999999999,-7.36591737075862,-3.27879980042608));
#8730=CARTESIAN_POINT('',(0.8,-7.3605877291982,-3.27082615070837));
#8731=CARTESIAN_POINT('',(0.8,-7.34727074647196,-3.25750916798217));
#8732=CARTESIAN_POINT('',(0.8,-7.33929709675427,-3.25217952642172));
#8733=CARTESIAN_POINT('',(0.8,-7.32623674492296,-3.24676975156382));
#8734=CARTESIAN_POINT('',(0.8,-7.32170600541052,-3.24539603177303));
#8735=CARTESIAN_POINT('',(0.8,-7.3147799672293,-3.24401897742117));
#8736=CARTESIAN_POINT('',(0.8,-7.31244959590398,-3.24367350910077));
#8737=CARTESIAN_POINT('',(0.799999999999999,-7.30776669767948,-3.24321249069223));
#8738=CARTESIAN_POINT('',(0.8,-7.30745940870135,-3.24309988545713));
#8739=CARTESIAN_POINT('',(0.8,-7.2984270193612,-3.24309375036526));
#8740=CARTESIAN_POINT('',(0.8,-7.289486377234,-3.24309689718035));
#8741=CARTESIAN_POINT('',(0.8,-7.27591283642101,-3.24309689718035));
#8742=CARTESIAN_POINT('',(0.8,-7.26912606601452,-3.24309689718035));
#8743=CARTESIAN_POINT('',(0.8,-7.24876575479503,-3.24309689718035));
#8744=CARTESIAN_POINT('',(0.8,-7.23519221398204,-3.24309689718035));
#8745=CARTESIAN_POINT('',(0.8,-7.19447159154307,-3.24309689718035));
#8746=CARTESIAN_POINT('',(0.8,-7.16732450991709,-3.24309689718035));
#8747=CARTESIAN_POINT('',(0.8,-7.08588326503916,-3.24309689718035));
#8748=CARTESIAN_POINT('',(0.8,-7.03158910178727,-3.24309689718035));
#8749=CARTESIAN_POINT('',(0.8,-6.86870661203119,-3.24309689718035));
#8750=CARTESIAN_POINT('',(0.8,-6.7601182855275,-3.24309689718035));
#8751=CARTESIAN_POINT('',(0.8,-6.43435330601549,-3.24309689718035));
#8752=CARTESIAN_POINT('',(0.8,-6.21717665300796,-3.24309689718035));
#8753=CARTESIAN_POINT('',(0.8,-6.,-3.24309689718035));
#8754=CARTESIAN_POINT('',(-0.8,-7.375,-7.5));
#8755=CARTESIAN_POINT('',(-0.8,-7.375,-6.80250616318875));
#8756=CARTESIAN_POINT('',(-0.8,-7.3749999999997,-6.10501232637797));
#8757=CARTESIAN_POINT('',(-0.8,-7.37500000000015,-5.05877157116103));
#8758=CARTESIAN_POINT('',(-0.8,-7.375,-4.71002465275555));
#8759=CARTESIAN_POINT('',(-0.8,-7.375,-4.18690427514725));
#8760=CARTESIAN_POINT('',(-0.8,-7.375,-4.01253081594449));
#8761=CARTESIAN_POINT('',(-0.8,-7.375,-3.75097062714028));
#8762=CARTESIAN_POINT('',(-0.8,-7.375,-3.66378389753887));
#8763=CARTESIAN_POINT('',(-0.8,-7.375,-3.53300380313685));
#8764=CARTESIAN_POINT('',(-0.8,-7.375,-3.48941043833613));
#8765=CARTESIAN_POINT('',(-0.8,-7.375,-3.42402039113509));
#8766=CARTESIAN_POINT('',(-0.8,-7.375,-3.40222370873475));
#8767=CARTESIAN_POINT('',(-0.8,-7.375,-3.36952868513422));
#8768=CARTESIAN_POINT('',(-0.8,-7.375,-3.35863034393405));
#8769=CARTESIAN_POINT('',(-0.8,-7.375,-3.34228283213379));
#8770=CARTESIAN_POINT('',(-0.8,-7.375,-3.33683366153371));
#8771=CARTESIAN_POINT('',(-0.8,-7.375,-3.32593532033353));
#8772=CARTESIAN_POINT('',(-0.8,-7.37500252661151,-3.31875678307539));
#8773=CARTESIAN_POINT('',(-0.8,-7.37499701172322,-3.310637488479));
#8774=CARTESIAN_POINT('',(-0.8,-7.37488440648812,-3.31033019950085));
#8775=CARTESIAN_POINT('',(-0.8,-7.37442338807958,-3.30564730127637));
#8776=CARTESIAN_POINT('',(-0.8,-7.37407791975917,-3.30331692995105));
#8777=CARTESIAN_POINT('',(-0.8,-7.37270086540732,-3.29639089176982));
#8778=CARTESIAN_POINT('',(-0.800000000000001,-7.37132714561653,-3.29186015225739));
#8779=CARTESIAN_POINT('',(-0.800000000000001,-7.36591737075862,-3.27879980042608));
#8780=CARTESIAN_POINT('',(-0.8,-7.3605877291982,-3.27082615070837));
#8781=CARTESIAN_POINT('',(-0.8,-7.34727074647196,-3.25750916798217));
#8782=CARTESIAN_POINT('',(-0.8,-7.33929709675427,-3.25217952642172));
#8783=CARTESIAN_POINT('',(-0.8,-7.32623674492296,-3.24676975156382));
#8784=CARTESIAN_POINT('',(-0.8,-7.32170600541052,-3.24539603177303));
#8785=CARTESIAN_POINT('',(-0.8,-7.3147799672293,-3.24401897742117));
#8786=CARTESIAN_POINT('',(-0.8,-7.31244959590398,-3.24367350910077));
#8787=CARTESIAN_POINT('',(-0.800000000000001,-7.30776669767948,-3.24321249069223));
#8788=CARTESIAN_POINT('',(-0.8,-7.30745940870135,-3.24309988545713));
#8789=CARTESIAN_POINT('',(-0.8,-7.2984270193612,-3.24309375036526));
#8790=CARTESIAN_POINT('',(-0.8,-7.289486377234,-3.24309689718035));
#8791=CARTESIAN_POINT('',(-0.8,-7.27591283642101,-3.24309689718035));
#8792=CARTESIAN_POINT('',(-0.8,-7.26912606601452,-3.24309689718035));
#8793=CARTESIAN_POINT('',(-0.8,-7.24876575479503,-3.24309689718035));
#8794=CARTESIAN_POINT('',(-0.8,-7.23519221398204,-3.24309689718035));
#8795=CARTESIAN_POINT('',(-0.8,-7.19447159154307,-3.24309689718035));
#8796=CARTESIAN_POINT('',(-0.8,-7.16732450991709,-3.24309689718035));
#8797=CARTESIAN_POINT('',(-0.8,-7.08588326503916,-3.24309689718035));
#8798=CARTESIAN_POINT('',(-0.8,-7.03158910178727,-3.24309689718035));
#8799=CARTESIAN_POINT('',(-0.8,-6.86870661203119,-3.24309689718035));
#8800=CARTESIAN_POINT('',(-0.8,-6.7601182855275,-3.24309689718035));
#8801=CARTESIAN_POINT('',(-0.8,-6.43435330601549,-3.24309689718035));
#8802=CARTESIAN_POINT('',(-0.8,-6.21717665300796,-3.24309689718035));
#8803=CARTESIAN_POINT('',(-0.8,-6.,-3.24309689718035));
#8804=CARTESIAN_POINT('',(-0.55,-7.375,-7.5));
#8805=CARTESIAN_POINT('',(-0.633333333333334,-7.375,-7.41666666666667));
#8806=CARTESIAN_POINT('',(-0.716666666666667,-7.375,-7.33333333333333));
#8807=CARTESIAN_POINT('',(-0.8,-7.37499999999999,-7.25));
#8808=CARTESIAN_POINT('',(0.8,-7.30305991804699,-3.24309689718035));
#8809=CARTESIAN_POINT('',(0.8,-7.30305991804699,-3.24309689718034));
#8810=CARTESIAN_POINT('',(0.8,-7.30305991804699,-3.31503697913336));
#8811=CARTESIAN_POINT('',(0.8,-7.37500000000001,-3.31503697913336));
#8812=CARTESIAN_POINT('',(0.8,-7.375,-7.5));
#8813=CARTESIAN_POINT('',(0.8,-7.375,-7.25));
#8814=CARTESIAN_POINT('',(0.8,-7.375,-7.25));
#8815=CARTESIAN_POINT('',(0.716666666666666,-7.37500000000001,-7.33333333333333));
#8816=CARTESIAN_POINT('',(0.633333333333333,-7.375,-7.41666666666667));
#8817=CARTESIAN_POINT('',(0.55,-7.375,-7.5));
#8818=CARTESIAN_POINT('',(0.8,-7.375,-7.5));
#8819=CARTESIAN_POINT('',(0.8,-7.375,-7.25));
#8820=CARTESIAN_POINT('',(3.3,-7.375,-7.5));
#8821=CARTESIAN_POINT('',(3.3,-7.625,-7.5));
#8822=CARTESIAN_POINT('',(3.3,-7.625,-7.25));
#8823=CARTESIAN_POINT('',(3.3,-7.62500000000001,-3.31503697913336));
#8824=CARTESIAN_POINT('',(3.3,-7.375,-7.25));
#8825=CARTESIAN_POINT('',(3.3,-7.375,-7.25));
#8826=CARTESIAN_POINT('',(3.3,-7.375,-7.5));
#8827=CARTESIAN_POINT('',(3.3,-7.37500000000001,-3.31503697913336));
#8828=CARTESIAN_POINT('',(3.3,-7.30305991804699,-3.31503697913336));
#8829=CARTESIAN_POINT('',(3.3,-7.30305991804699,-3.24309689718034));
#8830=CARTESIAN_POINT('',(3.3,-7.30305991804699,-3.24309689718035));
#8831=CARTESIAN_POINT('',(3.3,-6.58138576431856,-3.19309689718033));
#8832=CARTESIAN_POINT('',(3.3,-6.58138576431856,-3.19309689718033));
#8833=CARTESIAN_POINT('',(3.3,-6.58138576431856,-3.19309689718033));
#8834=CARTESIAN_POINT('',(3.3,-6.58138576431856,-2.99309689718033));
#8835=CARTESIAN_POINT('',(3.3,-7.30305991804699,-2.99309689718035));
#8836=CARTESIAN_POINT('',(3.3,-7.30305991804699,-2.99309689718034));
#8837=CARTESIAN_POINT('',(3.3,-7.30305991804699,-3.31503697913336));
#8838=CARTESIAN_POINT('',(1.7,-7.625,-7.5));
#8839=CARTESIAN_POINT('',(1.7,-7.625,-6.80250616318875));
#8840=CARTESIAN_POINT('',(1.7,-7.6249999999997,-6.10501232637797));
#8841=CARTESIAN_POINT('',(1.7,-7.62500000000015,-5.05877157116103));
#8842=CARTESIAN_POINT('',(1.7,-7.625,-4.71002465275555));
#8843=CARTESIAN_POINT('',(1.7,-7.625,-4.18690427514725));
#8844=CARTESIAN_POINT('',(1.7,-7.625,-4.01253081594449));
#8845=CARTESIAN_POINT('',(1.7,-7.625,-3.75097062714028));
#8846=CARTESIAN_POINT('',(1.7,-7.625,-3.66378389753887));
#8847=CARTESIAN_POINT('',(1.7,-7.625,-3.53300380313685));
#8848=CARTESIAN_POINT('',(1.7,-7.625,-3.48941043833613));
#8849=CARTESIAN_POINT('',(1.7,-7.625,-3.42402039113509));
#8850=CARTESIAN_POINT('',(1.7,-7.625,-3.40222370873475));
#8851=CARTESIAN_POINT('',(1.7,-7.625,-3.36952868513422));
#8852=CARTESIAN_POINT('',(1.7,-7.625,-3.35863034393405));
#8853=CARTESIAN_POINT('',(1.7,-7.625,-3.34228283213379));
#8854=CARTESIAN_POINT('',(1.7,-7.625,-3.33683366153371));
#8855=CARTESIAN_POINT('',(1.7,-7.625,-3.32593532033353));
#8856=CARTESIAN_POINT('',(1.7,-7.62501130687505,-3.3222152815055));
#8857=CARTESIAN_POINT('',(1.7,-7.62498662712016,-3.30654704937024));
#8858=CARTESIAN_POINT('',(1.7,-7.6244827058341,-3.2939736027862));
#8859=CARTESIAN_POINT('',(1.7,-7.62241959580978,-3.27301709846701));
#8860=CARTESIAN_POINT('',(1.7,-7.62087358562515,-3.26258842066898));
#8861=CARTESIAN_POINT('',(1.7,-7.61471111014759,-3.23159360888754));
#8862=CARTESIAN_POINT('',(1.7,-7.60856355721153,-3.21131803218064));
#8863=CARTESIAN_POINT('',(1.7,-7.58435419695208,-3.15287146630578));
#8864=CARTESIAN_POINT('',(1.7,-7.5605034423495,-3.11718847326641));
#8865=CARTESIAN_POINT('',(1.7,-7.50090842391393,-3.05759345483086));
#8866=CARTESIAN_POINT('',(1.7,-7.46522543087456,-3.03374270022828));
#8867=CARTESIAN_POINT('',(1.7,-7.40677886499972,-3.00953333996881));
#8868=CARTESIAN_POINT('',(1.7,-7.38650328829278,-3.00338578703276));
#8869=CARTESIAN_POINT('',(1.7,-7.35550847651138,-2.9972233115552));
#8870=CARTESIAN_POINT('',(1.7,-7.34507979871333,-2.99567730137057));
#8871=CARTESIAN_POINT('',(1.7,-7.32412329439414,-2.99361419134624));
#8872=CARTESIAN_POINT('',(1.7,-7.31154984781011,-2.99311027006019));
#8873=CARTESIAN_POINT('',(1.7,-7.29411956846289,-2.99308281482348));
#8874=CARTESIAN_POINT('',(1.7,-7.289486377234,-2.99309689718035));
#8875=CARTESIAN_POINT('',(1.7,-7.27591283642101,-2.99309689718035));
#8876=CARTESIAN_POINT('',(1.7,-7.26912606601452,-2.99309689718035));
#8877=CARTESIAN_POINT('',(1.7,-7.24876575479503,-2.99309689718035));
#8878=CARTESIAN_POINT('',(1.7,-7.23519221398204,-2.99309689718035));
#8879=CARTESIAN_POINT('',(1.7,-7.19447159154307,-2.99309689718035));
#8880=CARTESIAN_POINT('',(1.7,-7.16732450991709,-2.99309689718035));
#8881=CARTESIAN_POINT('',(1.7,-7.08588326503916,-2.99309689718035));
#8882=CARTESIAN_POINT('',(1.7,-7.03158910178727,-2.99309689718035));
#8883=CARTESIAN_POINT('',(1.7,-6.86870661203119,-2.99309689718035));
#8884=CARTESIAN_POINT('',(1.7,-6.7601182855275,-2.99309689718035));
#8885=CARTESIAN_POINT('',(1.7,-6.43435330601549,-2.99309689718035));
#8886=CARTESIAN_POINT('',(1.7,-6.21717665300796,-2.99309689718035));
#8887=CARTESIAN_POINT('',(1.7,-6.,-2.99309689718035));
#8888=CARTESIAN_POINT('',(3.3,-7.625,-7.5));
#8889=CARTESIAN_POINT('',(3.3,-7.625,-6.80250616318875));
#8890=CARTESIAN_POINT('',(3.3,-7.6249999999997,-6.10501232637797));
#8891=CARTESIAN_POINT('',(3.3,-7.62500000000015,-5.05877157116103));
#8892=CARTESIAN_POINT('',(3.3,-7.625,-4.71002465275555));
#8893=CARTESIAN_POINT('',(3.3,-7.625,-4.18690427514725));
#8894=CARTESIAN_POINT('',(3.3,-7.625,-4.01253081594449));
#8895=CARTESIAN_POINT('',(3.3,-7.625,-3.75097062714028));
#8896=CARTESIAN_POINT('',(3.3,-7.625,-3.66378389753887));
#8897=CARTESIAN_POINT('',(3.3,-7.625,-3.53300380313685));
#8898=CARTESIAN_POINT('',(3.3,-7.625,-3.48941043833613));
#8899=CARTESIAN_POINT('',(3.3,-7.625,-3.42402039113509));
#8900=CARTESIAN_POINT('',(3.3,-7.625,-3.40222370873475));
#8901=CARTESIAN_POINT('',(3.3,-7.625,-3.36952868513422));
#8902=CARTESIAN_POINT('',(3.3,-7.625,-3.35863034393405));
#8903=CARTESIAN_POINT('',(3.3,-7.625,-3.34228283213379));
#8904=CARTESIAN_POINT('',(3.3,-7.625,-3.33683366153371));
#8905=CARTESIAN_POINT('',(3.3,-7.625,-3.32593532033353));
#8906=CARTESIAN_POINT('',(3.3,-7.62501130687505,-3.3222152815055));
#8907=CARTESIAN_POINT('',(3.3,-7.62498662712016,-3.30654704937024));
#8908=CARTESIAN_POINT('',(3.3,-7.6244827058341,-3.2939736027862));
#8909=CARTESIAN_POINT('',(3.3,-7.62241959580978,-3.27301709846701));
#8910=CARTESIAN_POINT('',(3.3,-7.62087358562515,-3.26258842066898));
#8911=CARTESIAN_POINT('',(3.3,-7.61471111014759,-3.23159360888754));
#8912=CARTESIAN_POINT('',(3.3,-7.60856355721153,-3.21131803218064));
#8913=CARTESIAN_POINT('',(3.3,-7.58435419695208,-3.15287146630578));
#8914=CARTESIAN_POINT('',(3.3,-7.5605034423495,-3.11718847326641));
#8915=CARTESIAN_POINT('',(3.3,-7.50090842391393,-3.05759345483086));
#8916=CARTESIAN_POINT('',(3.3,-7.46522543087456,-3.03374270022828));
#8917=CARTESIAN_POINT('',(3.3,-7.40677886499972,-3.00953333996881));
#8918=CARTESIAN_POINT('',(3.3,-7.38650328829278,-3.00338578703276));
#8919=CARTESIAN_POINT('',(3.3,-7.35550847651138,-2.9972233115552));
#8920=CARTESIAN_POINT('',(3.3,-7.34507979871333,-2.99567730137057));
#8921=CARTESIAN_POINT('',(3.3,-7.32412329439414,-2.99361419134624));
#8922=CARTESIAN_POINT('',(3.3,-7.31154984781011,-2.99311027006019));
#8923=CARTESIAN_POINT('',(3.3,-7.29411956846289,-2.99308281482348));
#8924=CARTESIAN_POINT('',(3.3,-7.289486377234,-2.99309689718035));
#8925=CARTESIAN_POINT('',(3.3,-7.27591283642101,-2.99309689718035));
#8926=CARTESIAN_POINT('',(3.3,-7.26912606601452,-2.99309689718035));
#8927=CARTESIAN_POINT('',(3.3,-7.24876575479503,-2.99309689718035));
#8928=CARTESIAN_POINT('',(3.3,-7.23519221398204,-2.99309689718035));
#8929=CARTESIAN_POINT('',(3.3,-7.19447159154307,-2.99309689718035));
#8930=CARTESIAN_POINT('',(3.3,-7.16732450991709,-2.99309689718035));
#8931=CARTESIAN_POINT('',(3.3,-7.08588326503916,-2.99309689718035));
#8932=CARTESIAN_POINT('',(3.3,-7.03158910178727,-2.99309689718035));
#8933=CARTESIAN_POINT('',(3.3,-6.86870661203119,-2.99309689718035));
#8934=CARTESIAN_POINT('',(3.3,-6.7601182855275,-2.99309689718035));
#8935=CARTESIAN_POINT('',(3.3,-6.43435330601549,-2.99309689718035));
#8936=CARTESIAN_POINT('',(3.3,-6.21717665300796,-2.99309689718035));
#8937=CARTESIAN_POINT('',(3.3,-6.,-2.99309689718035));
#8938=CARTESIAN_POINT('',(1.7,-7.625,-7.5));
#8939=CARTESIAN_POINT('',(1.7,-7.625,-7.25));
#8940=CARTESIAN_POINT('',(1.7,-7.62500000000001,-3.31503697913336));
#8941=CARTESIAN_POINT('',(1.7,-7.625,-7.25));
#8942=CARTESIAN_POINT('',(1.78333333333333,-7.62500000000001,-7.33333333333333));
#8943=CARTESIAN_POINT('',(1.86666666666667,-7.625,-7.41666666666667));
#8944=CARTESIAN_POINT('',(1.95,-7.625,-7.5));
#8945=CARTESIAN_POINT('',(3.05,-7.625,-7.5));
#8946=CARTESIAN_POINT('',(3.13333333333333,-7.625,-7.41666666666667));
#8947=CARTESIAN_POINT('',(3.21666666666667,-7.625,-7.33333333333333));
#8948=CARTESIAN_POINT('',(3.3,-7.62499999999999,-7.25));
#8949=CARTESIAN_POINT('',(3.3,-6.58138576431856,-2.99309689718033));
#8950=CARTESIAN_POINT('',(1.7,-7.30305991804699,-2.99309689718035));
#8951=CARTESIAN_POINT('',(1.7,-7.30305991804699,-2.99309689718034));
#8952=CARTESIAN_POINT('',(1.7,-7.30305991804699,-3.31503697913336));
#8953=CARTESIAN_POINT('',(1.7,-7.625,-7.5));
#8954=CARTESIAN_POINT('',(1.7,-7.375,-7.5));
#8955=CARTESIAN_POINT('',(1.7,-7.375,-7.25));
#8956=CARTESIAN_POINT('',(1.7,-7.37500000000001,-3.31503697913336));
#8957=CARTESIAN_POINT('',(1.7,-7.625,-7.25));
#8958=CARTESIAN_POINT('',(1.7,-7.30305991804699,-3.24309689718035));
#8959=CARTESIAN_POINT('',(1.7,-7.30305991804699,-3.24309689718034));
#8960=CARTESIAN_POINT('',(1.7,-7.30305991804699,-3.31503697913336));
#8961=CARTESIAN_POINT('',(3.3,-7.375,-7.5));
#8962=CARTESIAN_POINT('',(3.3,-7.375,-6.80250616318875));
#8963=CARTESIAN_POINT('',(3.3,-7.3749999999997,-6.10501232637797));
#8964=CARTESIAN_POINT('',(3.3,-7.37500000000015,-5.05877157116103));
#8965=CARTESIAN_POINT('',(3.3,-7.375,-4.71002465275555));
#8966=CARTESIAN_POINT('',(3.3,-7.375,-4.18690427514725));
#8967=CARTESIAN_POINT('',(3.3,-7.375,-4.01253081594449));
#8968=CARTESIAN_POINT('',(3.3,-7.375,-3.75097062714028));
#8969=CARTESIAN_POINT('',(3.3,-7.375,-3.66378389753887));
#8970=CARTESIAN_POINT('',(3.3,-7.375,-3.53300380313685));
#8971=CARTESIAN_POINT('',(3.3,-7.375,-3.48941043833613));
#8972=CARTESIAN_POINT('',(3.3,-7.375,-3.42402039113509));
#8973=CARTESIAN_POINT('',(3.3,-7.375,-3.40222370873475));
#8974=CARTESIAN_POINT('',(3.3,-7.375,-3.36952868513422));
#8975=CARTESIAN_POINT('',(3.3,-7.375,-3.35863034393405));
#8976=CARTESIAN_POINT('',(3.3,-7.375,-3.34228283213379));
#8977=CARTESIAN_POINT('',(3.3,-7.375,-3.33683366153371));
#8978=CARTESIAN_POINT('',(3.3,-7.375,-3.32593532033353));
#8979=CARTESIAN_POINT('',(3.3,-7.37500252661151,-3.31875678307539));
#8980=CARTESIAN_POINT('',(3.3,-7.37499701172322,-3.310637488479));
#8981=CARTESIAN_POINT('',(3.3,-7.37488440648812,-3.31033019950085));
#8982=CARTESIAN_POINT('',(3.3,-7.37442338807958,-3.30564730127637));
#8983=CARTESIAN_POINT('',(3.3,-7.37407791975917,-3.30331692995105));
#8984=CARTESIAN_POINT('',(3.3,-7.37270086540732,-3.29639089176982));
#8985=CARTESIAN_POINT('',(3.3,-7.37132714561653,-3.29186015225739));
#8986=CARTESIAN_POINT('',(3.3,-7.36591737075862,-3.27879980042608));
#8987=CARTESIAN_POINT('',(3.3,-7.3605877291982,-3.27082615070837));
#8988=CARTESIAN_POINT('',(3.3,-7.34727074647196,-3.25750916798217));
#8989=CARTESIAN_POINT('',(3.3,-7.33929709675427,-3.25217952642172));
#8990=CARTESIAN_POINT('',(3.3,-7.32623674492296,-3.24676975156382));
#8991=CARTESIAN_POINT('',(3.3,-7.32170600541052,-3.24539603177303));
#8992=CARTESIAN_POINT('',(3.3,-7.3147799672293,-3.24401897742117));
#8993=CARTESIAN_POINT('',(3.3,-7.31244959590398,-3.24367350910077));
#8994=CARTESIAN_POINT('',(3.3,-7.30776669767948,-3.24321249069223));
#8995=CARTESIAN_POINT('',(3.3,-7.30745940870135,-3.24309988545713));
#8996=CARTESIAN_POINT('',(3.3,-7.2984270193612,-3.24309375036526));
#8997=CARTESIAN_POINT('',(3.3,-7.289486377234,-3.24309689718035));
#8998=CARTESIAN_POINT('',(3.3,-7.27591283642101,-3.24309689718035));
#8999=CARTESIAN_POINT('',(3.3,-7.26912606601452,-3.24309689718035));
#9000=CARTESIAN_POINT('',(3.3,-7.24876575479503,-3.24309689718035));
#9001=CARTESIAN_POINT('',(3.3,-7.23519221398204,-3.24309689718035));
#9002=CARTESIAN_POINT('',(3.3,-7.19447159154307,-3.24309689718035));
#9003=CARTESIAN_POINT('',(3.3,-7.16732450991709,-3.24309689718035));
#9004=CARTESIAN_POINT('',(3.3,-7.08588326503916,-3.24309689718035));
#9005=CARTESIAN_POINT('',(3.3,-7.03158910178727,-3.24309689718035));
#9006=CARTESIAN_POINT('',(3.3,-6.86870661203119,-3.24309689718035));
#9007=CARTESIAN_POINT('',(3.3,-6.7601182855275,-3.24309689718035));
#9008=CARTESIAN_POINT('',(3.3,-6.43435330601549,-3.24309689718035));
#9009=CARTESIAN_POINT('',(3.3,-6.21717665300796,-3.24309689718035));
#9010=CARTESIAN_POINT('',(3.3,-6.,-3.24309689718035));
#9011=CARTESIAN_POINT('',(1.7,-7.375,-7.5));
#9012=CARTESIAN_POINT('',(1.7,-7.375,-6.80250616318875));
#9013=CARTESIAN_POINT('',(1.7,-7.3749999999997,-6.10501232637797));
#9014=CARTESIAN_POINT('',(1.7,-7.37500000000015,-5.05877157116103));
#9015=CARTESIAN_POINT('',(1.7,-7.375,-4.71002465275555));
#9016=CARTESIAN_POINT('',(1.7,-7.375,-4.18690427514725));
#9017=CARTESIAN_POINT('',(1.7,-7.375,-4.01253081594449));
#9018=CARTESIAN_POINT('',(1.7,-7.375,-3.75097062714028));
#9019=CARTESIAN_POINT('',(1.7,-7.375,-3.66378389753887));
#9020=CARTESIAN_POINT('',(1.7,-7.375,-3.53300380313685));
#9021=CARTESIAN_POINT('',(1.7,-7.375,-3.48941043833613));
#9022=CARTESIAN_POINT('',(1.7,-7.375,-3.42402039113509));
#9023=CARTESIAN_POINT('',(1.7,-7.375,-3.40222370873475));
#9024=CARTESIAN_POINT('',(1.7,-7.375,-3.36952868513422));
#9025=CARTESIAN_POINT('',(1.7,-7.375,-3.35863034393405));
#9026=CARTESIAN_POINT('',(1.7,-7.375,-3.34228283213379));
#9027=CARTESIAN_POINT('',(1.7,-7.375,-3.33683366153371));
#9028=CARTESIAN_POINT('',(1.7,-7.375,-3.32593532033353));
#9029=CARTESIAN_POINT('',(1.7,-7.37500252661151,-3.31875678307539));
#9030=CARTESIAN_POINT('',(1.7,-7.37499701172322,-3.310637488479));
#9031=CARTESIAN_POINT('',(1.7,-7.37488440648812,-3.31033019950085));
#9032=CARTESIAN_POINT('',(1.7,-7.37442338807958,-3.30564730127637));
#9033=CARTESIAN_POINT('',(1.7,-7.37407791975917,-3.30331692995105));
#9034=CARTESIAN_POINT('',(1.7,-7.37270086540732,-3.29639089176982));
#9035=CARTESIAN_POINT('',(1.7,-7.37132714561653,-3.29186015225739));
#9036=CARTESIAN_POINT('',(1.7,-7.36591737075862,-3.27879980042608));
#9037=CARTESIAN_POINT('',(1.7,-7.3605877291982,-3.27082615070837));
#9038=CARTESIAN_POINT('',(1.7,-7.34727074647196,-3.25750916798217));
#9039=CARTESIAN_POINT('',(1.7,-7.33929709675427,-3.25217952642172));
#9040=CARTESIAN_POINT('',(1.7,-7.32623674492296,-3.24676975156382));
#9041=CARTESIAN_POINT('',(1.7,-7.32170600541052,-3.24539603177303));
#9042=CARTESIAN_POINT('',(1.7,-7.3147799672293,-3.24401897742117));
#9043=CARTESIAN_POINT('',(1.7,-7.31244959590398,-3.24367350910077));
#9044=CARTESIAN_POINT('',(1.7,-7.30776669767948,-3.24321249069223));
#9045=CARTESIAN_POINT('',(1.7,-7.30745940870135,-3.24309988545713));
#9046=CARTESIAN_POINT('',(1.7,-7.2984270193612,-3.24309375036526));
#9047=CARTESIAN_POINT('',(1.7,-7.289486377234,-3.24309689718035));
#9048=CARTESIAN_POINT('',(1.7,-7.27591283642101,-3.24309689718035));
#9049=CARTESIAN_POINT('',(1.7,-7.26912606601452,-3.24309689718035));
#9050=CARTESIAN_POINT('',(1.7,-7.24876575479503,-3.24309689718035));
#9051=CARTESIAN_POINT('',(1.7,-7.23519221398204,-3.24309689718035));
#9052=CARTESIAN_POINT('',(1.7,-7.19447159154307,-3.24309689718035));
#9053=CARTESIAN_POINT('',(1.7,-7.16732450991709,-3.24309689718035));
#9054=CARTESIAN_POINT('',(1.7,-7.08588326503916,-3.24309689718035));
#9055=CARTESIAN_POINT('',(1.7,-7.03158910178727,-3.24309689718035));
#9056=CARTESIAN_POINT('',(1.7,-6.86870661203119,-3.24309689718035));
#9057=CARTESIAN_POINT('',(1.7,-6.7601182855275,-3.24309689718035));
#9058=CARTESIAN_POINT('',(1.7,-6.43435330601549,-3.24309689718035));
#9059=CARTESIAN_POINT('',(1.7,-6.21717665300796,-3.24309689718035));
#9060=CARTESIAN_POINT('',(1.7,-6.,-3.24309689718035));
#9061=CARTESIAN_POINT('',(1.95,-7.375,-7.5));
#9062=CARTESIAN_POINT('',(1.86666666666667,-7.375,-7.41666666666667));
#9063=CARTESIAN_POINT('',(1.78333333333333,-7.375,-7.33333333333333));
#9064=CARTESIAN_POINT('',(1.7,-7.37499999999999,-7.25));
#9065=CARTESIAN_POINT('',(3.3,-7.375,-7.25));
#9066=CARTESIAN_POINT('',(3.21666666666667,-7.37500000000001,-7.33333333333333));
#9067=CARTESIAN_POINT('',(3.13333333333333,-7.375,-7.41666666666667));
#9068=CARTESIAN_POINT('',(3.05,-7.375,-7.5));
#9069=CARTESIAN_POINT('',(-1.7,-7.375,-7.5));
#9070=CARTESIAN_POINT('',(-1.7,-7.625,-7.5));
#9071=CARTESIAN_POINT('',(-1.7,-7.625,-7.25));
#9072=CARTESIAN_POINT('',(-1.7,-7.62500000000001,-3.31503697913336));
#9073=CARTESIAN_POINT('',(-1.7,-7.375,-7.25));
#9074=CARTESIAN_POINT('',(-1.7,-7.375,-7.25));
#9075=CARTESIAN_POINT('',(-1.7,-7.375,-7.5));
#9076=CARTESIAN_POINT('',(-1.7,-7.37500000000001,-3.31503697913336));
#9077=CARTESIAN_POINT('',(-1.7,-7.30305991804699,-3.31503697913336));
#9078=CARTESIAN_POINT('',(-1.7,-7.30305991804699,-3.24309689718034));
#9079=CARTESIAN_POINT('',(-1.7,-7.30305991804699,-3.24309689718035));
#9080=CARTESIAN_POINT('',(-1.7,-7.30305991804699,-2.99309689718035));
#9081=CARTESIAN_POINT('',(-1.7,-7.30305991804699,-2.99309689718034));
#9082=CARTESIAN_POINT('',(-1.7,-7.30305991804699,-3.31503697913336));
#9083=CARTESIAN_POINT('',(-3.3,-7.625,-7.5));
#9084=CARTESIAN_POINT('',(-3.3,-7.625,-6.80250616318875));
#9085=CARTESIAN_POINT('',(-3.3,-7.6249999999997,-6.10501232637797));
#9086=CARTESIAN_POINT('',(-3.3,-7.62500000000015,-5.05877157116103));
#9087=CARTESIAN_POINT('',(-3.3,-7.625,-4.71002465275555));
#9088=CARTESIAN_POINT('',(-3.3,-7.625,-4.18690427514725));
#9089=CARTESIAN_POINT('',(-3.3,-7.625,-4.01253081594449));
#9090=CARTESIAN_POINT('',(-3.3,-7.625,-3.75097062714028));
#9091=CARTESIAN_POINT('',(-3.3,-7.625,-3.66378389753887));
#9092=CARTESIAN_POINT('',(-3.3,-7.625,-3.53300380313685));
#9093=CARTESIAN_POINT('',(-3.3,-7.625,-3.48941043833613));
#9094=CARTESIAN_POINT('',(-3.3,-7.625,-3.42402039113509));
#9095=CARTESIAN_POINT('',(-3.3,-7.625,-3.40222370873475));
#9096=CARTESIAN_POINT('',(-3.3,-7.625,-3.36952868513422));
#9097=CARTESIAN_POINT('',(-3.3,-7.625,-3.35863034393405));
#9098=CARTESIAN_POINT('',(-3.3,-7.625,-3.34228283213379));
#9099=CARTESIAN_POINT('',(-3.3,-7.625,-3.33683366153371));
#9100=CARTESIAN_POINT('',(-3.3,-7.625,-3.32593532033353));
#9101=CARTESIAN_POINT('',(-3.3,-7.62501130687505,-3.3222152815055));
#9102=CARTESIAN_POINT('',(-3.3,-7.62498662712016,-3.30654704937024));
#9103=CARTESIAN_POINT('',(-3.3,-7.6244827058341,-3.2939736027862));
#9104=CARTESIAN_POINT('',(-3.3,-7.62241959580978,-3.27301709846701));
#9105=CARTESIAN_POINT('',(-3.3,-7.62087358562515,-3.26258842066898));
#9106=CARTESIAN_POINT('',(-3.3,-7.61471111014759,-3.23159360888754));
#9107=CARTESIAN_POINT('',(-3.3,-7.60856355721153,-3.21131803218064));
#9108=CARTESIAN_POINT('',(-3.3,-7.58435419695208,-3.15287146630578));
#9109=CARTESIAN_POINT('',(-3.3,-7.5605034423495,-3.11718847326641));
#9110=CARTESIAN_POINT('',(-3.3,-7.50090842391393,-3.05759345483086));
#9111=CARTESIAN_POINT('',(-3.3,-7.46522543087456,-3.03374270022828));
#9112=CARTESIAN_POINT('',(-3.3,-7.40677886499972,-3.00953333996881));
#9113=CARTESIAN_POINT('',(-3.3,-7.38650328829278,-3.00338578703276));
#9114=CARTESIAN_POINT('',(-3.3,-7.35550847651138,-2.9972233115552));
#9115=CARTESIAN_POINT('',(-3.3,-7.34507979871333,-2.99567730137057));
#9116=CARTESIAN_POINT('',(-3.3,-7.32412329439414,-2.99361419134624));
#9117=CARTESIAN_POINT('',(-3.3,-7.31154984781011,-2.99311027006019));
#9118=CARTESIAN_POINT('',(-3.3,-7.29411956846289,-2.99308281482348));
#9119=CARTESIAN_POINT('',(-3.3,-7.289486377234,-2.99309689718035));
#9120=CARTESIAN_POINT('',(-3.3,-7.27591283642101,-2.99309689718035));
#9121=CARTESIAN_POINT('',(-3.3,-7.26912606601452,-2.99309689718035));
#9122=CARTESIAN_POINT('',(-3.3,-7.24876575479503,-2.99309689718035));
#9123=CARTESIAN_POINT('',(-3.3,-7.23519221398204,-2.99309689718035));
#9124=CARTESIAN_POINT('',(-3.3,-7.19447159154307,-2.99309689718035));
#9125=CARTESIAN_POINT('',(-3.3,-7.16732450991709,-2.99309689718035));
#9126=CARTESIAN_POINT('',(-3.3,-7.08588326503916,-2.99309689718035));
#9127=CARTESIAN_POINT('',(-3.3,-7.03158910178727,-2.99309689718035));
#9128=CARTESIAN_POINT('',(-3.3,-6.86870661203119,-2.99309689718035));
#9129=CARTESIAN_POINT('',(-3.3,-6.7601182855275,-2.99309689718035));
#9130=CARTESIAN_POINT('',(-3.3,-6.43435330601549,-2.99309689718035));
#9131=CARTESIAN_POINT('',(-3.3,-6.21717665300796,-2.99309689718035));
#9132=CARTESIAN_POINT('',(-3.3,-6.,-2.99309689718035));
#9133=CARTESIAN_POINT('',(-1.7,-7.625,-7.5));
#9134=CARTESIAN_POINT('',(-1.7,-7.625,-6.80250616318875));
#9135=CARTESIAN_POINT('',(-1.7,-7.6249999999997,-6.10501232637797));
#9136=CARTESIAN_POINT('',(-1.7,-7.62500000000015,-5.05877157116103));
#9137=CARTESIAN_POINT('',(-1.7,-7.625,-4.71002465275555));
#9138=CARTESIAN_POINT('',(-1.7,-7.625,-4.18690427514725));
#9139=CARTESIAN_POINT('',(-1.7,-7.625,-4.01253081594449));
#9140=CARTESIAN_POINT('',(-1.7,-7.625,-3.75097062714028));
#9141=CARTESIAN_POINT('',(-1.7,-7.625,-3.66378389753887));
#9142=CARTESIAN_POINT('',(-1.7,-7.625,-3.53300380313685));
#9143=CARTESIAN_POINT('',(-1.7,-7.625,-3.48941043833613));
#9144=CARTESIAN_POINT('',(-1.7,-7.625,-3.42402039113509));
#9145=CARTESIAN_POINT('',(-1.7,-7.625,-3.40222370873475));
#9146=CARTESIAN_POINT('',(-1.7,-7.625,-3.36952868513422));
#9147=CARTESIAN_POINT('',(-1.7,-7.625,-3.35863034393405));
#9148=CARTESIAN_POINT('',(-1.7,-7.625,-3.34228283213379));
#9149=CARTESIAN_POINT('',(-1.7,-7.625,-3.33683366153371));
#9150=CARTESIAN_POINT('',(-1.7,-7.625,-3.32593532033353));
#9151=CARTESIAN_POINT('',(-1.7,-7.62501130687505,-3.3222152815055));
#9152=CARTESIAN_POINT('',(-1.7,-7.62498662712016,-3.30654704937024));
#9153=CARTESIAN_POINT('',(-1.7,-7.6244827058341,-3.2939736027862));
#9154=CARTESIAN_POINT('',(-1.7,-7.62241959580978,-3.27301709846701));
#9155=CARTESIAN_POINT('',(-1.7,-7.62087358562515,-3.26258842066898));
#9156=CARTESIAN_POINT('',(-1.7,-7.61471111014759,-3.23159360888754));
#9157=CARTESIAN_POINT('',(-1.7,-7.60856355721153,-3.21131803218064));
#9158=CARTESIAN_POINT('',(-1.7,-7.58435419695208,-3.15287146630578));
#9159=CARTESIAN_POINT('',(-1.7,-7.5605034423495,-3.11718847326641));
#9160=CARTESIAN_POINT('',(-1.7,-7.50090842391393,-3.05759345483086));
#9161=CARTESIAN_POINT('',(-1.7,-7.46522543087456,-3.03374270022828));
#9162=CARTESIAN_POINT('',(-1.7,-7.40677886499972,-3.00953333996881));
#9163=CARTESIAN_POINT('',(-1.7,-7.38650328829278,-3.00338578703276));
#9164=CARTESIAN_POINT('',(-1.7,-7.35550847651138,-2.9972233115552));
#9165=CARTESIAN_POINT('',(-1.7,-7.34507979871333,-2.99567730137057));
#9166=CARTESIAN_POINT('',(-1.7,-7.32412329439414,-2.99361419134624));
#9167=CARTESIAN_POINT('',(-1.7,-7.31154984781011,-2.99311027006019));
#9168=CARTESIAN_POINT('',(-1.7,-7.29411956846289,-2.99308281482348));
#9169=CARTESIAN_POINT('',(-1.7,-7.289486377234,-2.99309689718035));
#9170=CARTESIAN_POINT('',(-1.7,-7.27591283642101,-2.99309689718035));
#9171=CARTESIAN_POINT('',(-1.7,-7.26912606601452,-2.99309689718035));
#9172=CARTESIAN_POINT('',(-1.7,-7.24876575479503,-2.99309689718035));
#9173=CARTESIAN_POINT('',(-1.7,-7.23519221398204,-2.99309689718035));
#9174=CARTESIAN_POINT('',(-1.7,-7.19447159154307,-2.99309689718035));
#9175=CARTESIAN_POINT('',(-1.7,-7.16732450991709,-2.99309689718035));
#9176=CARTESIAN_POINT('',(-1.7,-7.08588326503916,-2.99309689718035));
#9177=CARTESIAN_POINT('',(-1.7,-7.03158910178727,-2.99309689718035));
#9178=CARTESIAN_POINT('',(-1.7,-6.86870661203119,-2.99309689718035));
#9179=CARTESIAN_POINT('',(-1.7,-6.7601182855275,-2.99309689718035));
#9180=CARTESIAN_POINT('',(-1.7,-6.43435330601549,-2.99309689718035));
#9181=CARTESIAN_POINT('',(-1.7,-6.21717665300796,-2.99309689718035));
#9182=CARTESIAN_POINT('',(-1.7,-6.,-2.99309689718035));
#9183=CARTESIAN_POINT('',(-3.3,-7.625,-7.5));
#9184=CARTESIAN_POINT('',(-3.3,-7.625,-7.25));
#9185=CARTESIAN_POINT('',(-3.3,-7.62500000000001,-3.31503697913336));
#9186=CARTESIAN_POINT('',(-3.3,-7.625,-7.25));
#9187=CARTESIAN_POINT('',(-3.21666666666667,-7.62500000000001,-7.33333333333333));
#9188=CARTESIAN_POINT('',(-3.13333333333333,-7.625,-7.41666666666667));
#9189=CARTESIAN_POINT('',(-3.05,-7.625,-7.5));
#9190=CARTESIAN_POINT('',(-1.95,-7.625,-7.5));
#9191=CARTESIAN_POINT('',(-1.86666666666667,-7.625,-7.41666666666667));
#9192=CARTESIAN_POINT('',(-1.78333333333333,-7.625,-7.33333333333333));
#9193=CARTESIAN_POINT('',(-1.7,-7.62499999999999,-7.25));
#9194=CARTESIAN_POINT('',(-3.3,-6.58138576431856,-2.99309689718033));
#9195=CARTESIAN_POINT('',(-3.3,-6.58138576431856,-2.99309689718035));
#9196=CARTESIAN_POINT('',(-3.3,-7.30305991804699,-2.99309689718035));
#9197=CARTESIAN_POINT('',(-3.3,-7.30305991804699,-2.99309689718034));
#9198=CARTESIAN_POINT('',(-3.3,-7.30305991804699,-3.31503697913336));
#9199=CARTESIAN_POINT('',(-3.3,-7.625,-7.5));
#9200=CARTESIAN_POINT('',(-3.3,-7.375,-7.5));
#9201=CARTESIAN_POINT('',(-3.3,-7.375,-7.25));
#9202=CARTESIAN_POINT('',(-3.3,-7.37500000000001,-3.31503697913336));
#9203=CARTESIAN_POINT('',(-3.3,-7.625,-7.25));
#9204=CARTESIAN_POINT('',(-3.3,-6.58138576431856,-3.19309689718033));
#9205=CARTESIAN_POINT('',(-3.3,-6.58138576431856,-3.19309689718033));
#9206=CARTESIAN_POINT('',(-3.3,-6.58138576431856,-3.19309689718033));
#9207=CARTESIAN_POINT('',(-3.3,-7.30305991804699,-3.24309689718035));
#9208=CARTESIAN_POINT('',(-3.3,-7.30305991804699,-3.24309689718034));
#9209=CARTESIAN_POINT('',(-3.3,-7.30305991804699,-3.31503697913336));
#9210=CARTESIAN_POINT('',(-1.7,-7.375,-7.5));
#9211=CARTESIAN_POINT('',(-1.7,-7.375,-6.80250616318875));
#9212=CARTESIAN_POINT('',(-1.7,-7.3749999999997,-6.10501232637797));
#9213=CARTESIAN_POINT('',(-1.7,-7.37500000000015,-5.05877157116103));
#9214=CARTESIAN_POINT('',(-1.7,-7.375,-4.71002465275555));
#9215=CARTESIAN_POINT('',(-1.7,-7.375,-4.18690427514725));
#9216=CARTESIAN_POINT('',(-1.7,-7.375,-4.01253081594449));
#9217=CARTESIAN_POINT('',(-1.7,-7.375,-3.75097062714028));
#9218=CARTESIAN_POINT('',(-1.7,-7.375,-3.66378389753887));
#9219=CARTESIAN_POINT('',(-1.7,-7.375,-3.53300380313685));
#9220=CARTESIAN_POINT('',(-1.7,-7.375,-3.48941043833613));
#9221=CARTESIAN_POINT('',(-1.7,-7.375,-3.42402039113509));
#9222=CARTESIAN_POINT('',(-1.7,-7.375,-3.40222370873475));
#9223=CARTESIAN_POINT('',(-1.7,-7.375,-3.36952868513422));
#9224=CARTESIAN_POINT('',(-1.7,-7.375,-3.35863034393405));
#9225=CARTESIAN_POINT('',(-1.7,-7.375,-3.34228283213379));
#9226=CARTESIAN_POINT('',(-1.7,-7.375,-3.33683366153371));
#9227=CARTESIAN_POINT('',(-1.7,-7.375,-3.32593532033353));
#9228=CARTESIAN_POINT('',(-1.7,-7.37500252661151,-3.31875678307539));
#9229=CARTESIAN_POINT('',(-1.7,-7.37499701172322,-3.310637488479));
#9230=CARTESIAN_POINT('',(-1.7,-7.37488440648812,-3.31033019950085));
#9231=CARTESIAN_POINT('',(-1.7,-7.37442338807958,-3.30564730127637));
#9232=CARTESIAN_POINT('',(-1.7,-7.37407791975917,-3.30331692995105));
#9233=CARTESIAN_POINT('',(-1.7,-7.37270086540732,-3.29639089176982));
#9234=CARTESIAN_POINT('',(-1.7,-7.37132714561653,-3.29186015225739));
#9235=CARTESIAN_POINT('',(-1.7,-7.36591737075862,-3.27879980042608));
#9236=CARTESIAN_POINT('',(-1.7,-7.3605877291982,-3.27082615070837));
#9237=CARTESIAN_POINT('',(-1.7,-7.34727074647196,-3.25750916798217));
#9238=CARTESIAN_POINT('',(-1.7,-7.33929709675427,-3.25217952642172));
#9239=CARTESIAN_POINT('',(-1.7,-7.32623674492296,-3.24676975156382));
#9240=CARTESIAN_POINT('',(-1.7,-7.32170600541052,-3.24539603177303));
#9241=CARTESIAN_POINT('',(-1.7,-7.3147799672293,-3.24401897742117));
#9242=CARTESIAN_POINT('',(-1.7,-7.31244959590398,-3.24367350910077));
#9243=CARTESIAN_POINT('',(-1.7,-7.30776669767948,-3.24321249069223));
#9244=CARTESIAN_POINT('',(-1.7,-7.30745940870135,-3.24309988545713));
#9245=CARTESIAN_POINT('',(-1.7,-7.2984270193612,-3.24309375036526));
#9246=CARTESIAN_POINT('',(-1.7,-7.289486377234,-3.24309689718035));
#9247=CARTESIAN_POINT('',(-1.7,-7.27591283642101,-3.24309689718035));
#9248=CARTESIAN_POINT('',(-1.7,-7.26912606601452,-3.24309689718035));
#9249=CARTESIAN_POINT('',(-1.7,-7.24876575479503,-3.24309689718035));
#9250=CARTESIAN_POINT('',(-1.7,-7.23519221398204,-3.24309689718035));
#9251=CARTESIAN_POINT('',(-1.7,-7.19447159154307,-3.24309689718035));
#9252=CARTESIAN_POINT('',(-1.7,-7.16732450991709,-3.24309689718035));
#9253=CARTESIAN_POINT('',(-1.7,-7.08588326503916,-3.24309689718035));
#9254=CARTESIAN_POINT('',(-1.7,-7.03158910178727,-3.24309689718035));
#9255=CARTESIAN_POINT('',(-1.7,-6.86870661203119,-3.24309689718035));
#9256=CARTESIAN_POINT('',(-1.7,-6.7601182855275,-3.24309689718035));
#9257=CARTESIAN_POINT('',(-1.7,-6.43435330601549,-3.24309689718035));
#9258=CARTESIAN_POINT('',(-1.7,-6.21717665300796,-3.24309689718035));
#9259=CARTESIAN_POINT('',(-1.7,-6.,-3.24309689718035));
#9260=CARTESIAN_POINT('',(-3.3,-7.375,-7.5));
#9261=CARTESIAN_POINT('',(-3.3,-7.375,-6.80250616318875));
#9262=CARTESIAN_POINT('',(-3.3,-7.3749999999997,-6.10501232637797));
#9263=CARTESIAN_POINT('',(-3.3,-7.37500000000015,-5.05877157116103));
#9264=CARTESIAN_POINT('',(-3.3,-7.375,-4.71002465275555));
#9265=CARTESIAN_POINT('',(-3.3,-7.375,-4.18690427514725));
#9266=CARTESIAN_POINT('',(-3.3,-7.375,-4.01253081594449));
#9267=CARTESIAN_POINT('',(-3.3,-7.375,-3.75097062714028));
#9268=CARTESIAN_POINT('',(-3.3,-7.375,-3.66378389753887));
#9269=CARTESIAN_POINT('',(-3.3,-7.375,-3.53300380313685));
#9270=CARTESIAN_POINT('',(-3.3,-7.375,-3.48941043833613));
#9271=CARTESIAN_POINT('',(-3.3,-7.375,-3.42402039113509));
#9272=CARTESIAN_POINT('',(-3.3,-7.375,-3.40222370873475));
#9273=CARTESIAN_POINT('',(-3.3,-7.375,-3.36952868513422));
#9274=CARTESIAN_POINT('',(-3.3,-7.375,-3.35863034393405));
#9275=CARTESIAN_POINT('',(-3.3,-7.375,-3.34228283213379));
#9276=CARTESIAN_POINT('',(-3.3,-7.375,-3.33683366153371));
#9277=CARTESIAN_POINT('',(-3.3,-7.375,-3.32593532033353));
#9278=CARTESIAN_POINT('',(-3.3,-7.37500252661151,-3.31875678307539));
#9279=CARTESIAN_POINT('',(-3.3,-7.37499701172322,-3.310637488479));
#9280=CARTESIAN_POINT('',(-3.3,-7.37488440648812,-3.31033019950085));
#9281=CARTESIAN_POINT('',(-3.3,-7.37442338807958,-3.30564730127637));
#9282=CARTESIAN_POINT('',(-3.3,-7.37407791975917,-3.30331692995105));
#9283=CARTESIAN_POINT('',(-3.3,-7.37270086540732,-3.29639089176982));
#9284=CARTESIAN_POINT('',(-3.3,-7.37132714561653,-3.29186015225739));
#9285=CARTESIAN_POINT('',(-3.3,-7.36591737075862,-3.27879980042608));
#9286=CARTESIAN_POINT('',(-3.3,-7.3605877291982,-3.27082615070837));
#9287=CARTESIAN_POINT('',(-3.3,-7.34727074647196,-3.25750916798217));
#9288=CARTESIAN_POINT('',(-3.3,-7.33929709675427,-3.25217952642172));
#9289=CARTESIAN_POINT('',(-3.3,-7.32623674492296,-3.24676975156382));
#9290=CARTESIAN_POINT('',(-3.3,-7.32170600541052,-3.24539603177303));
#9291=CARTESIAN_POINT('',(-3.3,-7.3147799672293,-3.24401897742117));
#9292=CARTESIAN_POINT('',(-3.3,-7.31244959590398,-3.24367350910077));
#9293=CARTESIAN_POINT('',(-3.3,-7.30776669767948,-3.24321249069223));
#9294=CARTESIAN_POINT('',(-3.3,-7.30745940870135,-3.24309988545713));
#9295=CARTESIAN_POINT('',(-3.3,-7.2984270193612,-3.24309375036526));
#9296=CARTESIAN_POINT('',(-3.3,-7.289486377234,-3.24309689718035));
#9297=CARTESIAN_POINT('',(-3.3,-7.27591283642101,-3.24309689718035));
#9298=CARTESIAN_POINT('',(-3.3,-7.26912606601452,-3.24309689718035));
#9299=CARTESIAN_POINT('',(-3.3,-7.24876575479503,-3.24309689718035));
#9300=CARTESIAN_POINT('',(-3.3,-7.23519221398204,-3.24309689718035));
#9301=CARTESIAN_POINT('',(-3.3,-7.19447159154307,-3.24309689718035));
#9302=CARTESIAN_POINT('',(-3.3,-7.16732450991709,-3.24309689718035));
#9303=CARTESIAN_POINT('',(-3.3,-7.08588326503916,-3.24309689718035));
#9304=CARTESIAN_POINT('',(-3.3,-7.03158910178727,-3.24309689718035));
#9305=CARTESIAN_POINT('',(-3.3,-6.86870661203119,-3.24309689718035));
#9306=CARTESIAN_POINT('',(-3.3,-6.7601182855275,-3.24309689718035));
#9307=CARTESIAN_POINT('',(-3.3,-6.43435330601549,-3.24309689718035));
#9308=CARTESIAN_POINT('',(-3.3,-6.21717665300796,-3.24309689718035));
#9309=CARTESIAN_POINT('',(-3.3,-6.,-3.24309689718035));
#9310=CARTESIAN_POINT('',(-3.05,-7.375,-7.5));
#9311=CARTESIAN_POINT('',(-3.13333333333333,-7.375,-7.41666666666667));
#9312=CARTESIAN_POINT('',(-3.21666666666667,-7.375,-7.33333333333333));
#9313=CARTESIAN_POINT('',(-3.3,-7.37499999999999,-7.25));
#9314=CARTESIAN_POINT('',(-1.7,-7.375,-7.25));
#9315=CARTESIAN_POINT('',(-1.78333333333333,-7.37500000000001,-7.33333333333333));
#9316=CARTESIAN_POINT('',(-1.86666666666667,-7.375,-7.41666666666667));
#9317=CARTESIAN_POINT('',(-1.95,-7.375,-7.5));
#9318=CARTESIAN_POINT('',(0.,0.,-2.5));
#9319=CARTESIAN_POINT('',(0.,0.,0.));
#9320=CARTESIAN_POINT('',(-3.5,0.,0.));
#9321=CARTESIAN_POINT('',(0.,0.,-0.108921440016077));
#9322=CARTESIAN_POINT('',(0.,0.,-0.4));
#9323=CARTESIAN_POINT('',(3.7890666268856,-1.11562657386469,-0.4));
#9324=CARTESIAN_POINT('',(-3.7890666268856,-1.11562657386469,-0.4));
#9325=CARTESIAN_POINT('',(3.7890666268856,-1.11562657386469,-0.108921440016077));
#9326=CARTESIAN_POINT('',(3.7890666268856,-1.11562657386469,0.));
#9327=CARTESIAN_POINT('',(0.,0.,0.));
#9328=CARTESIAN_POINT('',(-3.7890666268856,-1.11562657386469,0.));
#9329=CARTESIAN_POINT('',(-3.7890666268856,-1.11562657386469,-0.108921440016077));
#9330=CARTESIAN_POINT('',(4.855,-4.955,-4.5));
#9331=CARTESIAN_POINT('',(4.855,-4.955,-4.5));
#9332=CARTESIAN_POINT('',(5.9,-4.955,-4.5));
#9333=CARTESIAN_POINT('',(5.9,-4.955,-4.5));
#9334=CARTESIAN_POINT('',(5.9,-4.955,-0.399999999999999));
#9335=CARTESIAN_POINT('',(4.855,-4.955,-0.399999999999999));
#9336=CARTESIAN_POINT('',(-4.855,-4.955,-4.5));
#9337=CARTESIAN_POINT('',(-4.855,-4.955,-4.5));
#9338=CARTESIAN_POINT('',(-5.9,-4.955,-4.5));
#9339=CARTESIAN_POINT('',(-4.855,-4.955,-0.399999999999999));
#9340=CARTESIAN_POINT('',(-5.9,-4.955,-0.399999999999999));
#9341=CARTESIAN_POINT('',(-5.9,-4.955,-4.5));
#9342=CARTESIAN_POINT('',(0.,0.,-4.5));
#9343=CARTESIAN_POINT('',(-5.9,6.,-4.5));
#9344=CARTESIAN_POINT('',(-5.9,-4.59650771532935,-4.5));
#9345=CARTESIAN_POINT('',(0.,-4.59650771532935,-4.5));
#9346=CARTESIAN_POINT('',(5.9,-4.59650771532936,-4.5));
#9347=CARTESIAN_POINT('',(5.9,-6.,-4.5));
#9348=CARTESIAN_POINT('',(5.9,-6.,-4.5));
#9349=CARTESIAN_POINT('',(5.9,-6.,-0.399999999999999));
#9350=CARTESIAN_POINT('',(5.9,-4.59650771532936,-0.399999999999999));
#9351=CARTESIAN_POINT('',(5.9,-4.59650771532935,-0.399999999999999));
#9352=CARTESIAN_POINT('',(-5.9,6.,-4.5));
#9353=CARTESIAN_POINT('',(-5.9,6.,-0.399999999999999));
#9354=CARTESIAN_POINT('',(-5.9,-4.59650771532935,-0.4));
#9355=CARTESIAN_POINT('',(-5.9,-4.59650771532935,-0.399999999999999));
#9356=CARTESIAN_POINT('',(5.45,-1.11562657386469,-0.108921440016077));
#9357=CARTESIAN_POINT('',(5.45,-1.11562657386469,-0.4));
#9358=CARTESIAN_POINT('',(5.45,-1.11562657386469,-0.4));
#9359=CARTESIAN_POINT('',(5.45,-1.11562657386469,-0.108921440016077));
#9360=CARTESIAN_POINT('',(5.45,-1.11562657386469,0.));
#9361=CARTESIAN_POINT('',(5.45,-1.11562657386469,0.));
#9362=CARTESIAN_POINT('',(14.9843184623993,-2.64064455422537,-4.5));
#9363=CARTESIAN_POINT('',(5.45,-2.64064455422537,0.));
#9364=CARTESIAN_POINT('',(5.45,-2.64064455422537,-4.5));
#9365=CARTESIAN_POINT('',(5.45,-2.64064455422537,-4.14939321992141));
#9366=CARTESIAN_POINT('',(14.9843184623993,-2.64064455422537,-4.14939321992141));
#9367=CARTESIAN_POINT('',(-5.45,-2.64064455422537,-4.14939321992141));
#9368=CARTESIAN_POINT('',(-5.45,-2.64064455422537,-4.5));
#9369=CARTESIAN_POINT('',(-5.45,-2.64064455422537,-4.5));
#9370=CARTESIAN_POINT('',(14.9843184623993,-2.64064455422537,-4.5));
#9371=CARTESIAN_POINT('',(0.,0.,-4.5));
#9372=CARTESIAN_POINT('',(5.45,0.,-4.5));
#9373=CARTESIAN_POINT('',(5.45,2.64064455422537,-4.5));
#9374=CARTESIAN_POINT('',(-5.45,0.,-4.5));
#9375=CARTESIAN_POINT('',(-5.45,2.64064455422537,-4.5));
#9376=CARTESIAN_POINT('',(14.9843184623993,2.64064455422537,-4.5));
#9377=CARTESIAN_POINT('',(14.9843184623993,2.64064455422537,-4.5));
#9378=CARTESIAN_POINT('',(5.45,2.64064455422537,0.));
#9379=CARTESIAN_POINT('',(5.45,2.64064455422537,-4.14939321992141));
#9380=CARTESIAN_POINT('',(-5.45,2.64064455422537,-4.5));
#9381=CARTESIAN_POINT('',(-5.45,2.64064455422537,-4.14939321992141));
#9382=CARTESIAN_POINT('',(14.9843184623993,2.64064455422537,-4.14939321992141));
#9383=CARTESIAN_POINT('',(0.,0.,0.));
#9384=CARTESIAN_POINT('',(5.45,-1.11562657386469,0.));
#9385=CARTESIAN_POINT('',(5.45,1.11562657386469,0.));
#9386=CARTESIAN_POINT('',(3.7890666268856,1.11562657386469,0.));
#9387=CARTESIAN_POINT('',(3.7890666268856,1.11562657386469,0.));
#9388=CARTESIAN_POINT('',(0.,0.,0.));
#9389=CARTESIAN_POINT('',(-3.7890666268856,1.11562657386469,0.));
#9390=CARTESIAN_POINT('',(-5.45,1.11562657386469,0.));
#9391=CARTESIAN_POINT('',(-5.45,1.11562657386469,0.));
#9392=CARTESIAN_POINT('',(-5.45,1.11562657386469,0.));
#9393=CARTESIAN_POINT('',(-5.45,-1.11562657386469,0.));
#9394=CARTESIAN_POINT('',(-3.7890666268856,-1.11562657386469,0.));
#9395=CARTESIAN_POINT('',(-3.7890666268856,-1.11562657386469,-0.108921440016077));
#9396=CARTESIAN_POINT('',(-3.7890666268856,-1.11562657386469,-0.4));
#9397=CARTESIAN_POINT('',(-5.45,-1.11562657386469,-0.4));
#9398=CARTESIAN_POINT('',(-5.45,-1.11562657386469,-0.108921440016077));
#9399=CARTESIAN_POINT('',(15.7442062614915,-6.69883371937029,-0.4));
#9400=CARTESIAN_POINT('',(-15.7442062614915,-4.59650771532935,-0.4));
#9401=CARTESIAN_POINT('',(5.45,-4.59650771532936,-0.4));
#9402=CARTESIAN_POINT('',(5.45,-6.69883371937029,-0.4));
#9403=CARTESIAN_POINT('',(-5.45,-6.69883371937029,-0.4));
#9404=CARTESIAN_POINT('',(-5.45,-4.59650771532936,-0.4));
#9405=CARTESIAN_POINT('',(15.7442062614915,-4.59650771532935,-0.4));
#9406=CARTESIAN_POINT('',(-5.45,-4.59650771532935,-0.399999999999999));
#9407=CARTESIAN_POINT('',(-5.45,-4.59650771532936,-4.5));
#9408=CARTESIAN_POINT('',(-5.45,-4.59650771532935,-4.1493932199214));
#9409=CARTESIAN_POINT('',(14.9843184623993,-4.59650771532935,-4.1493932199214));
#9410=CARTESIAN_POINT('',(5.45,-4.59650771532935,-4.1493932199214));
#9411=CARTESIAN_POINT('',(5.45,-4.59650771532936,-4.5));
#9412=CARTESIAN_POINT('',(14.9843184623993,-2.64064455422537,-4.14939321992141));
#9413=CARTESIAN_POINT('',(5.45,-1.84012101991679E-15,-4.14939321992141));
#9414=CARTESIAN_POINT('',(-5.45,-2.64064455422537,-4.14939321992141));
#9415=CARTESIAN_POINT('',(14.9843184623993,2.64064455422537,-4.14939321992141));
#9416=CARTESIAN_POINT('',(5.45,1.84012101991679E-15,-4.14939321992141));
#9417=CARTESIAN_POINT('',(5.45,4.59650771532935,-4.14939321992141));
#9418=CARTESIAN_POINT('',(-5.45,2.64064455422537,-4.14939321992141));
#9419=CARTESIAN_POINT('',(-5.45,4.59650771532935,-4.1493932199214));
#9420=CARTESIAN_POINT('',(14.9843184623993,4.59650771532935,-4.1493932199214));
#9421=CARTESIAN_POINT('',(2.9,6.9375,-7.5));
#9422=CARTESIAN_POINT('',(3.3,7.125,-7.5));
#9423=CARTESIAN_POINT('',(1.95,7.125,-7.5));
#9424=CARTESIAN_POINT('',(3.05,7.125,-7.5));
#9425=CARTESIAN_POINT('',(3.05,6.9375,-7.5));
#9426=CARTESIAN_POINT('',(3.05,6.875,-7.5));
#9427=CARTESIAN_POINT('',(1.7,6.875,-7.5));
#9428=CARTESIAN_POINT('',(1.95,6.875,-7.5));
#9429=CARTESIAN_POINT('',(1.95,6.9375,-7.5));
#9430=CARTESIAN_POINT('',(5.45,0.,0.));
#9431=CARTESIAN_POINT('',(5.45,4.59650771532935,-8.67361737988404E-16));
#9432=CARTESIAN_POINT('',(5.45,4.59650771532935,-0.4));
#9433=CARTESIAN_POINT('',(5.45,-6.69883371937029,-0.4));
#9434=CARTESIAN_POINT('',(5.45,1.11562657386469,-0.4));
#9435=CARTESIAN_POINT('',(5.45,1.11562657386469,-0.108921440016077));
#9436=CARTESIAN_POINT('',(3.7890666268856,1.11562657386469,-0.108921440016077));
#9437=CARTESIAN_POINT('',(3.7890666268856,1.11562657386469,-0.4));
#9438=CARTESIAN_POINT('',(3.7890666268856,1.11562657386469,-0.4));
#9439=CARTESIAN_POINT('',(3.7890666268856,1.11562657386469,-0.108921440016077));
#9440=CARTESIAN_POINT('',(0.,0.,-0.108921440016077));
#9441=CARTESIAN_POINT('',(0.,0.,-0.4));
#9442=CARTESIAN_POINT('',(-3.7890666268856,1.11562657386469,-0.4));
#9443=CARTESIAN_POINT('',(-3.7890666268856,1.11562657386469,-0.108921440016077));
#9444=CARTESIAN_POINT('',(-5.45,1.11562657386469,-0.108921440016077));
#9445=CARTESIAN_POINT('',(-5.45,1.11562657386469,-0.4));
#9446=CARTESIAN_POINT('',(-5.45,1.11562657386469,-0.4));
#9447=CARTESIAN_POINT('',(-5.45,1.11562657386469,-0.108921440016077));
#9448=CARTESIAN_POINT('',(-5.45,0.,0.));
#9449=CARTESIAN_POINT('',(-5.45,-6.69883371937029,-0.4));
#9450=CARTESIAN_POINT('',(-5.45,4.59650771532935,-0.4));
#9451=CARTESIAN_POINT('',(-5.45,4.59650771532935,-8.67361737988404E-16));
#9452=CARTESIAN_POINT('',(-5.45,4.59650771532936,-4.5));
#9453=CARTESIAN_POINT('',(15.7442062614915,4.59650771532935,-0.4));
#9454=CARTESIAN_POINT('',(-5.9,4.59650771532936,-0.399999999999999));
#9455=CARTESIAN_POINT('',(-5.9,4.59650771532936,-4.5));
#9456=CARTESIAN_POINT('',(-5.9,4.59650771532936,-4.5));
#9457=CARTESIAN_POINT('',(0.,4.59650771532936,-4.5));
#9458=CARTESIAN_POINT('',(5.9,4.59650771532935,-4.5));
#9459=CARTESIAN_POINT('',(5.9,4.59650771532936,-4.5));
#9460=CARTESIAN_POINT('',(5.9,4.59650771532935,-0.399999999999999));
#9461=CARTESIAN_POINT('',(-15.7442062614915,4.59650771532935,-0.4));
#9462=CARTESIAN_POINT('',(-5.9,6.,-4.5));
#9463=CARTESIAN_POINT('',(-5.9,6.,-0.399999999999999));
#9464=CARTESIAN_POINT('',(-5.9,4.955,-0.399999999999999));
#9465=CARTESIAN_POINT('',(-5.9,4.955,-4.5));
#9466=CARTESIAN_POINT('',(-5.9,4.955,-4.5));
#9467=CARTESIAN_POINT('',(-5.9,6.,-4.5));
#9468=CARTESIAN_POINT('',(5.9,-6.,-4.5));
#9469=CARTESIAN_POINT('',(5.9,-6.,-4.5));
#9470=CARTESIAN_POINT('',(5.9,4.955,-4.5));
#9471=CARTESIAN_POINT('',(5.9,4.955,-4.5));
#9472=CARTESIAN_POINT('',(5.9,4.955,-0.399999999999999));
#9473=CARTESIAN_POINT('',(5.9,-6.,-0.399999999999999));
#9474=CARTESIAN_POINT('',(1.7,7.125,-7.5));
#9475=CARTESIAN_POINT('',(1.7,7.125,-6.80301614953));
#9476=CARTESIAN_POINT('',(1.7,7.125,-6.10603229906018));
#9477=CARTESIAN_POINT('',(1.7,7.125,-5.06055652335516));
#9478=CARTESIAN_POINT('',(1.7,7.12500000000015,-4.71206459812011));
#9479=CARTESIAN_POINT('',(1.7,7.12499999999992,-4.18932671026783));
#9480=CARTESIAN_POINT('',(1.7,7.125,-4.01508074765034));
#9481=CARTESIAN_POINT('',(1.7,7.125,-3.75371180372403));
#9482=CARTESIAN_POINT('',(1.7,7.125,-3.66658882241536));
#9483=CARTESIAN_POINT('',(1.7,7.125,-3.53590435045218));
#9484=CARTESIAN_POINT('',(1.7,7.125,-3.49234285979783));
#9485=CARTESIAN_POINT('',(1.7,7.125,-3.42700062381627));
#9486=CARTESIAN_POINT('',(1.7,7.125,-3.40521987848909));
#9487=CARTESIAN_POINT('',(1.7,7.125,-3.37254876049831));
#9488=CARTESIAN_POINT('',(1.7,7.125,-3.36165838783472));
#9489=CARTESIAN_POINT('',(1.7,7.125,-3.34532282883933));
#9490=CARTESIAN_POINT('',(1.7,7.125,-3.33987764250753));
#9491=CARTESIAN_POINT('',(1.7,7.125,-3.32898726984394));
#9492=CARTESIAN_POINT('',(1.7,7.12501105966603,-3.32524351667323));
#9493=CARTESIAN_POINT('',(1.7,7.124986706544,-3.30950683021999));
#9494=CARTESIAN_POINT('',(1.7,7.12447778926646,-3.2968333226801));
#9495=CARTESIAN_POINT('',(1.7,7.12239506993258,-3.27567763229937));
#9496=CARTESIAN_POINT('',(1.7,7.12083436586374,-3.26514983645936));
#9497=CARTESIAN_POINT('',(1.7,7.1146133176864,-3.23386042674196));
#9498=CARTESIAN_POINT('',(1.7,7.10840733620413,-3.21339214381009));
#9499=CARTESIAN_POINT('',(1.7,7.08396787179025,-3.15439005736491));
#9500=CARTESIAN_POINT('',(1.7,7.05989044843144,-3.11836793784052));
#9501=CARTESIAN_POINT('',(1.7,6.99972895933982,-3.05820644874892));
#9502=CARTESIAN_POINT('',(1.7,6.96370683981544,-3.0341290253901));
#9503=CARTESIAN_POINT('',(1.7,6.90470475337027,-3.00968956097622));
#9504=CARTESIAN_POINT('',(1.7,6.88423647043836,-3.00348357949393));
#9505=CARTESIAN_POINT('',(1.7,6.85294706072101,-2.99726253131661));
#9506=CARTESIAN_POINT('',(1.7,6.84241926488097,-2.99570182724776));
#9507=CARTESIAN_POINT('',(1.7,6.82126357450024,-2.99361910791389));
#9508=CARTESIAN_POINT('',(1.7,6.80859006696036,-2.99311019063635));
#9509=CARTESIAN_POINT('',(1.7,6.79453139352707,-2.99308843430341));
#9510=CARTESIAN_POINT('',(1.7,6.79166666666667,-2.99309689718035));
#9511=CARTESIAN_POINT('',(1.7,6.78333333333333,-2.99309689718035));
#9512=CARTESIAN_POINT('',(1.7,6.77916666666667,-2.99309689718035));
#9513=CARTESIAN_POINT('',(1.7,6.76666666666666,-2.99309689718035));
#9514=CARTESIAN_POINT('',(1.7,6.75833333333334,-2.99309689718035));
#9515=CARTESIAN_POINT('',(1.7,6.73333333333332,-2.99309689718035));
#9516=CARTESIAN_POINT('',(1.7,6.71666666666666,-2.99309689718035));
#9517=CARTESIAN_POINT('',(1.7,6.66666666666668,-2.99309689718035));
#9518=CARTESIAN_POINT('',(1.7,6.63333333333332,-2.99309689718035));
#9519=CARTESIAN_POINT('',(1.7,6.53333333333335,-2.99309689718035));
#9520=CARTESIAN_POINT('',(1.7,6.46666666666667,-2.99309689718035));
#9521=CARTESIAN_POINT('',(1.7,6.26666666666665,-2.99309689718035));
#9522=CARTESIAN_POINT('',(1.7,6.13333333333334,-2.99309689718035));
#9523=CARTESIAN_POINT('',(1.7,6.,-2.99309689718035));
#9524=CARTESIAN_POINT('',(3.3,7.125,-7.5));
#9525=CARTESIAN_POINT('',(3.3,7.125,-6.80301614953));
#9526=CARTESIAN_POINT('',(3.3,7.125,-6.10603229906018));
#9527=CARTESIAN_POINT('',(3.3,7.125,-5.06055652335516));
#9528=CARTESIAN_POINT('',(3.3,7.12500000000015,-4.71206459812011));
#9529=CARTESIAN_POINT('',(3.3,7.12499999999992,-4.18932671026783));
#9530=CARTESIAN_POINT('',(3.3,7.125,-4.01508074765034));
#9531=CARTESIAN_POINT('',(3.3,7.125,-3.75371180372403));
#9532=CARTESIAN_POINT('',(3.3,7.125,-3.66658882241536));
#9533=CARTESIAN_POINT('',(3.3,7.125,-3.53590435045218));
#9534=CARTESIAN_POINT('',(3.3,7.125,-3.49234285979783));
#9535=CARTESIAN_POINT('',(3.3,7.125,-3.42700062381627));
#9536=CARTESIAN_POINT('',(3.3,7.125,-3.40521987848909));
#9537=CARTESIAN_POINT('',(3.3,7.125,-3.37254876049831));
#9538=CARTESIAN_POINT('',(3.3,7.125,-3.36165838783472));
#9539=CARTESIAN_POINT('',(3.3,7.125,-3.34532282883933));
#9540=CARTESIAN_POINT('',(3.3,7.125,-3.33987764250753));
#9541=CARTESIAN_POINT('',(3.3,7.125,-3.32898726984394));
#9542=CARTESIAN_POINT('',(3.3,7.12501105966603,-3.32524351667323));
#9543=CARTESIAN_POINT('',(3.3,7.124986706544,-3.30950683021999));
#9544=CARTESIAN_POINT('',(3.3,7.12447778926646,-3.2968333226801));
#9545=CARTESIAN_POINT('',(3.3,7.12239506993258,-3.27567763229937));
#9546=CARTESIAN_POINT('',(3.3,7.12083436586374,-3.26514983645936));
#9547=CARTESIAN_POINT('',(3.3,7.1146133176864,-3.23386042674196));
#9548=CARTESIAN_POINT('',(3.3,7.10840733620413,-3.21339214381009));
#9549=CARTESIAN_POINT('',(3.3,7.08396787179025,-3.15439005736491));
#9550=CARTESIAN_POINT('',(3.3,7.05989044843144,-3.11836793784052));
#9551=CARTESIAN_POINT('',(3.3,6.99972895933982,-3.05820644874892));
#9552=CARTESIAN_POINT('',(3.3,6.96370683981544,-3.0341290253901));
#9553=CARTESIAN_POINT('',(3.3,6.90470475337027,-3.00968956097622));
#9554=CARTESIAN_POINT('',(3.3,6.88423647043836,-3.00348357949393));
#9555=CARTESIAN_POINT('',(3.3,6.85294706072101,-2.99726253131661));
#9556=CARTESIAN_POINT('',(3.3,6.84241926488097,-2.99570182724776));
#9557=CARTESIAN_POINT('',(3.3,6.82126357450024,-2.99361910791389));
#9558=CARTESIAN_POINT('',(3.3,6.80859006696036,-2.99311019063635));
#9559=CARTESIAN_POINT('',(3.3,6.79453139352707,-2.99308843430341));
#9560=CARTESIAN_POINT('',(3.3,6.79166666666667,-2.99309689718035));
#9561=CARTESIAN_POINT('',(3.3,6.78333333333333,-2.99309689718035));
#9562=CARTESIAN_POINT('',(3.3,6.77916666666667,-2.99309689718035));
#9563=CARTESIAN_POINT('',(3.3,6.76666666666666,-2.99309689718035));
#9564=CARTESIAN_POINT('',(3.3,6.75833333333334,-2.99309689718035));
#9565=CARTESIAN_POINT('',(3.3,6.73333333333332,-2.99309689718035));
#9566=CARTESIAN_POINT('',(3.3,6.71666666666666,-2.99309689718035));
#9567=CARTESIAN_POINT('',(3.3,6.66666666666668,-2.99309689718035));
#9568=CARTESIAN_POINT('',(3.3,6.63333333333332,-2.99309689718035));
#9569=CARTESIAN_POINT('',(3.3,6.53333333333335,-2.99309689718035));
#9570=CARTESIAN_POINT('',(3.3,6.46666666666667,-2.99309689718035));
#9571=CARTESIAN_POINT('',(3.3,6.26666666666665,-2.99309689718035));
#9572=CARTESIAN_POINT('',(3.3,6.13333333333334,-2.99309689718035));
#9573=CARTESIAN_POINT('',(3.3,6.,-2.99309689718035));
#9574=CARTESIAN_POINT('',(3.3,7.125,-7.25));
#9575=CARTESIAN_POINT('',(3.21666666666667,7.125,-7.33333333333333));
#9576=CARTESIAN_POINT('',(3.13333333333333,7.125,-7.41666666666667));
#9577=CARTESIAN_POINT('',(3.05,7.125,-7.5));
#9578=CARTESIAN_POINT('',(1.95,7.125,-7.5));
#9579=CARTESIAN_POINT('',(1.86666666666667,7.125,-7.41666666666667));
#9580=CARTESIAN_POINT('',(1.78333333333333,7.125,-7.33333333333333));
#9581=CARTESIAN_POINT('',(1.7,7.125,-7.25));
#9582=CARTESIAN_POINT('',(1.7,7.125,-7.25));
#9583=CARTESIAN_POINT('',(1.7,7.125,-7.5));
#9584=CARTESIAN_POINT('',(1.7,7.125,-3.31809689718035));
#9585=CARTESIAN_POINT('',(1.7,6.8,-3.31809689718035));
#9586=CARTESIAN_POINT('',(1.7,6.8,-2.99309689718035));
#9587=CARTESIAN_POINT('',(1.7,6.8,-2.99309689718035));
#9588=CARTESIAN_POINT('',(3.3,6.58138576431856,-2.99309689718032));
#9589=CARTESIAN_POINT('',(3.3,6.875,-7.5));
#9590=CARTESIAN_POINT('',(3.3,6.875,-6.80301614953));
#9591=CARTESIAN_POINT('',(3.3,6.875,-6.10603229906018));
#9592=CARTESIAN_POINT('',(3.3,6.875,-5.06055652335516));
#9593=CARTESIAN_POINT('',(3.3,6.87500000000015,-4.71206459812011));
#9594=CARTESIAN_POINT('',(3.3,6.87499999999993,-4.18932671026783));
#9595=CARTESIAN_POINT('',(3.3,6.875,-4.01508074765034));
#9596=CARTESIAN_POINT('',(3.3,6.875,-3.75371180372403));
#9597=CARTESIAN_POINT('',(3.3,6.875,-3.66658882241536));
#9598=CARTESIAN_POINT('',(3.3,6.875,-3.53590435045218));
#9599=CARTESIAN_POINT('',(3.3,6.875,-3.49234285979783));
#9600=CARTESIAN_POINT('',(3.3,6.875,-3.42700062381627));
#9601=CARTESIAN_POINT('',(3.3,6.875,-3.40521987848909));
#9602=CARTESIAN_POINT('',(3.3,6.875,-3.37254876049831));
#9603=CARTESIAN_POINT('',(3.3,6.875,-3.36165838783472));
#9604=CARTESIAN_POINT('',(3.3,6.875,-3.34532282883933));
#9605=CARTESIAN_POINT('',(3.3,6.875,-3.33987764250753));
#9606=CARTESIAN_POINT('',(3.3,6.875,-3.32898726984394));
#9607=CARTESIAN_POINT('',(3.3,6.87500255223063,-3.32184041949862));
#9608=CARTESIAN_POINT('',(3.3,6.87499693227938,-3.31359727222989));
#9609=CARTESIAN_POINT('',(3.3,6.87487948983072,-3.31318991844952));
#9610=CARTESIAN_POINT('',(3.3,6.87439886229213,-3.30830783605397));
#9611=CARTESIAN_POINT('',(3.3,6.87403869981471,-3.30587834470627));
#9612=CARTESIAN_POINT('',(3.3,6.87260307331224,-3.29865771169456));
#9613=CARTESIAN_POINT('',(3.3,6.8711709237394,-3.2939342617872));
#9614=CARTESIAN_POINT('',(3.3,6.86553104733624,-3.28031839568449));
#9615=CARTESIAN_POINT('',(3.3,6.8599747188688,-3.27200559887114));
#9616=CARTESIAN_POINT('',(3.3,6.84609129830918,-3.25812217831157));
#9617=CARTESIAN_POINT('',(3.3,6.83777850149586,-3.25256584984413));
#9618=CARTESIAN_POINT('',(3.3,6.82416263539314,-3.24692597344093));
#9619=CARTESIAN_POINT('',(3.3,6.81943918548578,-3.24549382386809));
#9620=CARTESIAN_POINT('',(3.3,6.81221855247408,-3.24405819736564));
#9621=CARTESIAN_POINT('',(3.3,6.80978906112638,-3.24369803488821));
#9622=CARTESIAN_POINT('',(3.3,6.80490697873083,-3.24321740734962));
#9623=CARTESIAN_POINT('',(3.3,6.80449962495046,-3.24309996490097));
#9624=CARTESIAN_POINT('',(3.3,6.7971354497883,-3.24309494420874));
#9625=CARTESIAN_POINT('',(3.3,6.79166666666667,-3.24309689718034));
#9626=CARTESIAN_POINT('',(3.3,6.78333333333333,-3.24309689718034));
#9627=CARTESIAN_POINT('',(3.3,6.77916666666667,-3.24309689718034));
#9628=CARTESIAN_POINT('',(3.3,6.76666666666666,-3.24309689718034));
#9629=CARTESIAN_POINT('',(3.3,6.75833333333334,-3.24309689718034));
#9630=CARTESIAN_POINT('',(3.3,6.73333333333332,-3.24309689718034));
#9631=CARTESIAN_POINT('',(3.3,6.71666666666666,-3.24309689718034));
#9632=CARTESIAN_POINT('',(3.3,6.66666666666668,-3.24309689718034));
#9633=CARTESIAN_POINT('',(3.3,6.63333333333332,-3.24309689718034));
#9634=CARTESIAN_POINT('',(3.3,6.53333333333335,-3.24309689718034));
#9635=CARTESIAN_POINT('',(3.3,6.46666666666667,-3.24309689718034));
#9636=CARTESIAN_POINT('',(3.3,6.26666666666665,-3.24309689718034));
#9637=CARTESIAN_POINT('',(3.3,6.13333333333334,-3.24309689718034));
#9638=CARTESIAN_POINT('',(3.3,6.,-3.24309689718034));
#9639=CARTESIAN_POINT('',(1.7,6.875,-7.5));
#9640=CARTESIAN_POINT('',(1.7,6.875,-6.80301614953));
#9641=CARTESIAN_POINT('',(1.7,6.875,-6.10603229906018));
#9642=CARTESIAN_POINT('',(1.7,6.875,-5.06055652335516));
#9643=CARTESIAN_POINT('',(1.7,6.87500000000015,-4.71206459812011));
#9644=CARTESIAN_POINT('',(1.7,6.87499999999993,-4.18932671026783));
#9645=CARTESIAN_POINT('',(1.7,6.875,-4.01508074765034));
#9646=CARTESIAN_POINT('',(1.7,6.875,-3.75371180372403));
#9647=CARTESIAN_POINT('',(1.7,6.875,-3.66658882241536));
#9648=CARTESIAN_POINT('',(1.7,6.875,-3.53590435045218));
#9649=CARTESIAN_POINT('',(1.7,6.875,-3.49234285979783));
#9650=CARTESIAN_POINT('',(1.7,6.875,-3.42700062381627));
#9651=CARTESIAN_POINT('',(1.7,6.875,-3.40521987848909));
#9652=CARTESIAN_POINT('',(1.7,6.875,-3.37254876049831));
#9653=CARTESIAN_POINT('',(1.7,6.875,-3.36165838783472));
#9654=CARTESIAN_POINT('',(1.7,6.875,-3.34532282883933));
#9655=CARTESIAN_POINT('',(1.7,6.875,-3.33987764250753));
#9656=CARTESIAN_POINT('',(1.7,6.875,-3.32898726984394));
#9657=CARTESIAN_POINT('',(1.7,6.87500255223063,-3.32184041949862));
#9658=CARTESIAN_POINT('',(1.7,6.87499693227938,-3.31359727222989));
#9659=CARTESIAN_POINT('',(1.7,6.87487948983072,-3.31318991844952));
#9660=CARTESIAN_POINT('',(1.7,6.87439886229213,-3.30830783605397));
#9661=CARTESIAN_POINT('',(1.7,6.87403869981471,-3.30587834470627));
#9662=CARTESIAN_POINT('',(1.7,6.87260307331224,-3.29865771169456));
#9663=CARTESIAN_POINT('',(1.7,6.8711709237394,-3.2939342617872));
#9664=CARTESIAN_POINT('',(1.7,6.86553104733624,-3.28031839568449));
#9665=CARTESIAN_POINT('',(1.7,6.8599747188688,-3.27200559887114));
#9666=CARTESIAN_POINT('',(1.7,6.84609129830918,-3.25812217831157));
#9667=CARTESIAN_POINT('',(1.7,6.83777850149586,-3.25256584984413));
#9668=CARTESIAN_POINT('',(1.7,6.82416263539314,-3.24692597344093));
#9669=CARTESIAN_POINT('',(1.7,6.81943918548578,-3.24549382386809));
#9670=CARTESIAN_POINT('',(1.7,6.81221855247408,-3.24405819736564));
#9671=CARTESIAN_POINT('',(1.7,6.80978906112638,-3.24369803488821));
#9672=CARTESIAN_POINT('',(1.7,6.80490697873083,-3.24321740734962));
#9673=CARTESIAN_POINT('',(1.7,6.80449962495046,-3.24309996490097));
#9674=CARTESIAN_POINT('',(1.7,6.7971354497883,-3.24309494420874));
#9675=CARTESIAN_POINT('',(1.7,6.79166666666667,-3.24309689718034));
#9676=CARTESIAN_POINT('',(1.7,6.78333333333333,-3.24309689718034));
#9677=CARTESIAN_POINT('',(1.7,6.77916666666667,-3.24309689718034));
#9678=CARTESIAN_POINT('',(1.7,6.76666666666666,-3.24309689718034));
#9679=CARTESIAN_POINT('',(1.7,6.75833333333334,-3.24309689718034));
#9680=CARTESIAN_POINT('',(1.7,6.73333333333332,-3.24309689718034));
#9681=CARTESIAN_POINT('',(1.7,6.71666666666666,-3.24309689718034));
#9682=CARTESIAN_POINT('',(1.7,6.66666666666668,-3.24309689718034));
#9683=CARTESIAN_POINT('',(1.7,6.63333333333332,-3.24309689718034));
#9684=CARTESIAN_POINT('',(1.7,6.53333333333335,-3.24309689718034));
#9685=CARTESIAN_POINT('',(1.7,6.46666666666667,-3.24309689718034));
#9686=CARTESIAN_POINT('',(1.7,6.26666666666665,-3.24309689718034));
#9687=CARTESIAN_POINT('',(1.7,6.13333333333334,-3.24309689718034));
#9688=CARTESIAN_POINT('',(1.7,6.,-3.24309689718034));
#9689=CARTESIAN_POINT('',(3.05,6.875,-7.5));
#9690=CARTESIAN_POINT('',(3.13333333333333,6.875,-7.41666666666667));
#9691=CARTESIAN_POINT('',(3.21666666666667,6.87500000000001,-7.33333333333333));
#9692=CARTESIAN_POINT('',(3.3,6.87500000000001,-7.25));
#9693=CARTESIAN_POINT('',(1.7,6.8,-3.24309689718034));
#9694=CARTESIAN_POINT('',(1.7,6.8,-3.24309689718034));
#9695=CARTESIAN_POINT('',(1.7,6.8,-3.31809689718035));
#9696=CARTESIAN_POINT('',(1.7,6.875,-3.31809689718035));
#9697=CARTESIAN_POINT('',(1.7,6.875,-7.5));
#9698=CARTESIAN_POINT('',(1.7,6.875,-7.25));
#9699=CARTESIAN_POINT('',(1.7,6.875,-7.25));
#9700=CARTESIAN_POINT('',(1.78333333333333,6.875,-7.33333333333333));
#9701=CARTESIAN_POINT('',(1.86666666666667,6.875,-7.41666666666667));
#9702=CARTESIAN_POINT('',(1.95,6.875,-7.5));
#9703=CARTESIAN_POINT('',(1.7,7.125,-7.5));
#9704=CARTESIAN_POINT('',(1.7,7.125,-7.25));
#9705=CARTESIAN_POINT('',(-4.855,4.955,-4.5));
#9706=CARTESIAN_POINT('',(-4.855,4.955,-4.5));
#9707=CARTESIAN_POINT('',(-4.855,4.955,-0.399999999999999));
#9708=CARTESIAN_POINT('',(0.,0.,-4.5));
#9709=CARTESIAN_POINT('',(4.855,4.955,-4.5));
#9710=CARTESIAN_POINT('',(4.855,4.955,-4.5));
#9711=CARTESIAN_POINT('',(4.855,4.955,-0.399999999999999));
#9712=CARTESIAN_POINT('',(15.7442062614915,-6.69883371937029,-0.4));
#9713=CARTESIAN_POINT('',(-1.7,6.875,-7.5));
#9714=CARTESIAN_POINT('',(-1.7,6.875,-7.5));
#9715=CARTESIAN_POINT('',(-1.7,6.875,-7.25));
#9716=CARTESIAN_POINT('',(-1.7,6.875,-3.31809689718035));
#9717=CARTESIAN_POINT('',(-1.7,6.875,-7.25));
#9718=CARTESIAN_POINT('',(-1.7,7.125,-7.25));
#9719=CARTESIAN_POINT('',(-1.7,7.125,-7.5));
#9720=CARTESIAN_POINT('',(-1.7,7.125,-3.31809689718035));
#9721=CARTESIAN_POINT('',(-1.7,6.8,-3.31809689718035));
#9722=CARTESIAN_POINT('',(-1.7,6.8,-2.99309689718035));
#9723=CARTESIAN_POINT('',(-1.7,6.8,-2.99309689718035));
#9724=CARTESIAN_POINT('',(-1.7,6.8,-3.24309689718034));
#9725=CARTESIAN_POINT('',(-1.7,6.8,-3.24309689718034));
#9726=CARTESIAN_POINT('',(-1.7,6.8,-3.31809689718035));
#9727=CARTESIAN_POINT('',(-1.7,6.875,-7.5));
#9728=CARTESIAN_POINT('',(-1.7,6.875,-6.80301614953));
#9729=CARTESIAN_POINT('',(-1.7,6.875,-6.10603229906018));
#9730=CARTESIAN_POINT('',(-1.7,6.875,-5.06055652335516));
#9731=CARTESIAN_POINT('',(-1.7,6.87500000000015,-4.71206459812011));
#9732=CARTESIAN_POINT('',(-1.7,6.87499999999993,-4.18932671026783));
#9733=CARTESIAN_POINT('',(-1.7,6.875,-4.01508074765034));
#9734=CARTESIAN_POINT('',(-1.7,6.875,-3.75371180372403));
#9735=CARTESIAN_POINT('',(-1.7,6.875,-3.66658882241536));
#9736=CARTESIAN_POINT('',(-1.7,6.875,-3.53590435045218));
#9737=CARTESIAN_POINT('',(-1.7,6.875,-3.49234285979783));
#9738=CARTESIAN_POINT('',(-1.7,6.875,-3.42700062381627));
#9739=CARTESIAN_POINT('',(-1.7,6.875,-3.40521987848909));
#9740=CARTESIAN_POINT('',(-1.7,6.875,-3.37254876049831));
#9741=CARTESIAN_POINT('',(-1.7,6.875,-3.36165838783472));
#9742=CARTESIAN_POINT('',(-1.7,6.875,-3.34532282883933));
#9743=CARTESIAN_POINT('',(-1.7,6.875,-3.33987764250753));
#9744=CARTESIAN_POINT('',(-1.7,6.875,-3.32898726984394));
#9745=CARTESIAN_POINT('',(-1.7,6.87500255223063,-3.32184041949862));
#9746=CARTESIAN_POINT('',(-1.7,6.87499693227938,-3.31359727222989));
#9747=CARTESIAN_POINT('',(-1.7,6.87487948983072,-3.31318991844952));
#9748=CARTESIAN_POINT('',(-1.7,6.87439886229213,-3.30830783605397));
#9749=CARTESIAN_POINT('',(-1.7,6.87403869981471,-3.30587834470627));
#9750=CARTESIAN_POINT('',(-1.7,6.87260307331224,-3.29865771169456));
#9751=CARTESIAN_POINT('',(-1.7,6.8711709237394,-3.2939342617872));
#9752=CARTESIAN_POINT('',(-1.7,6.86553104733624,-3.28031839568449));
#9753=CARTESIAN_POINT('',(-1.7,6.8599747188688,-3.27200559887114));
#9754=CARTESIAN_POINT('',(-1.7,6.84609129830918,-3.25812217831157));
#9755=CARTESIAN_POINT('',(-1.7,6.83777850149586,-3.25256584984413));
#9756=CARTESIAN_POINT('',(-1.7,6.82416263539314,-3.24692597344093));
#9757=CARTESIAN_POINT('',(-1.7,6.81943918548578,-3.24549382386809));
#9758=CARTESIAN_POINT('',(-1.7,6.81221855247408,-3.24405819736564));
#9759=CARTESIAN_POINT('',(-1.7,6.80978906112638,-3.24369803488821));
#9760=CARTESIAN_POINT('',(-1.7,6.80490697873083,-3.24321740734962));
#9761=CARTESIAN_POINT('',(-1.7,6.80449962495046,-3.24309996490097));
#9762=CARTESIAN_POINT('',(-1.7,6.7971354497883,-3.24309494420874));
#9763=CARTESIAN_POINT('',(-1.7,6.79166666666667,-3.24309689718034));
#9764=CARTESIAN_POINT('',(-1.7,6.78333333333333,-3.24309689718034));
#9765=CARTESIAN_POINT('',(-1.7,6.77916666666667,-3.24309689718034));
#9766=CARTESIAN_POINT('',(-1.7,6.76666666666666,-3.24309689718034));
#9767=CARTESIAN_POINT('',(-1.7,6.75833333333334,-3.24309689718034));
#9768=CARTESIAN_POINT('',(-1.7,6.73333333333332,-3.24309689718034));
#9769=CARTESIAN_POINT('',(-1.7,6.71666666666666,-3.24309689718034));
#9770=CARTESIAN_POINT('',(-1.7,6.66666666666668,-3.24309689718034));
#9771=CARTESIAN_POINT('',(-1.7,6.63333333333332,-3.24309689718034));
#9772=CARTESIAN_POINT('',(-1.7,6.53333333333335,-3.24309689718034));
#9773=CARTESIAN_POINT('',(-1.7,6.46666666666667,-3.24309689718034));
#9774=CARTESIAN_POINT('',(-1.7,6.26666666666665,-3.24309689718034));
#9775=CARTESIAN_POINT('',(-1.7,6.13333333333334,-3.24309689718034));
#9776=CARTESIAN_POINT('',(-1.7,6.,-3.24309689718034));
#9777=CARTESIAN_POINT('',(-3.3,6.875,-7.5));
#9778=CARTESIAN_POINT('',(-3.3,6.875,-6.80301614953));
#9779=CARTESIAN_POINT('',(-3.3,6.875,-6.10603229906018));
#9780=CARTESIAN_POINT('',(-3.3,6.875,-5.06055652335516));
#9781=CARTESIAN_POINT('',(-3.3,6.87500000000015,-4.71206459812011));
#9782=CARTESIAN_POINT('',(-3.3,6.87499999999993,-4.18932671026783));
#9783=CARTESIAN_POINT('',(-3.3,6.875,-4.01508074765034));
#9784=CARTESIAN_POINT('',(-3.3,6.875,-3.75371180372403));
#9785=CARTESIAN_POINT('',(-3.3,6.875,-3.66658882241536));
#9786=CARTESIAN_POINT('',(-3.3,6.875,-3.53590435045218));
#9787=CARTESIAN_POINT('',(-3.3,6.875,-3.49234285979783));
#9788=CARTESIAN_POINT('',(-3.3,6.875,-3.42700062381627));
#9789=CARTESIAN_POINT('',(-3.3,6.875,-3.40521987848909));
#9790=CARTESIAN_POINT('',(-3.3,6.875,-3.37254876049831));
#9791=CARTESIAN_POINT('',(-3.3,6.875,-3.36165838783472));
#9792=CARTESIAN_POINT('',(-3.3,6.875,-3.34532282883933));
#9793=CARTESIAN_POINT('',(-3.3,6.875,-3.33987764250753));
#9794=CARTESIAN_POINT('',(-3.3,6.875,-3.32898726984394));
#9795=CARTESIAN_POINT('',(-3.3,6.87500255223063,-3.32184041949862));
#9796=CARTESIAN_POINT('',(-3.3,6.87499693227938,-3.31359727222989));
#9797=CARTESIAN_POINT('',(-3.3,6.87487948983072,-3.31318991844952));
#9798=CARTESIAN_POINT('',(-3.3,6.87439886229213,-3.30830783605397));
#9799=CARTESIAN_POINT('',(-3.3,6.87403869981471,-3.30587834470627));
#9800=CARTESIAN_POINT('',(-3.3,6.87260307331224,-3.29865771169456));
#9801=CARTESIAN_POINT('',(-3.3,6.8711709237394,-3.2939342617872));
#9802=CARTESIAN_POINT('',(-3.3,6.86553104733624,-3.28031839568449));
#9803=CARTESIAN_POINT('',(-3.3,6.8599747188688,-3.27200559887114));
#9804=CARTESIAN_POINT('',(-3.3,6.84609129830918,-3.25812217831157));
#9805=CARTESIAN_POINT('',(-3.3,6.83777850149586,-3.25256584984413));
#9806=CARTESIAN_POINT('',(-3.3,6.82416263539314,-3.24692597344093));
#9807=CARTESIAN_POINT('',(-3.3,6.81943918548578,-3.24549382386809));
#9808=CARTESIAN_POINT('',(-3.3,6.81221855247408,-3.24405819736564));
#9809=CARTESIAN_POINT('',(-3.3,6.80978906112638,-3.24369803488821));
#9810=CARTESIAN_POINT('',(-3.3,6.80490697873083,-3.24321740734962));
#9811=CARTESIAN_POINT('',(-3.3,6.80449962495046,-3.24309996490097));
#9812=CARTESIAN_POINT('',(-3.3,6.7971354497883,-3.24309494420874));
#9813=CARTESIAN_POINT('',(-3.3,6.79166666666667,-3.24309689718034));
#9814=CARTESIAN_POINT('',(-3.3,6.78333333333333,-3.24309689718034));
#9815=CARTESIAN_POINT('',(-3.3,6.77916666666667,-3.24309689718034));
#9816=CARTESIAN_POINT('',(-3.3,6.76666666666666,-3.24309689718034));
#9817=CARTESIAN_POINT('',(-3.3,6.75833333333334,-3.24309689718034));
#9818=CARTESIAN_POINT('',(-3.3,6.73333333333332,-3.24309689718034));
#9819=CARTESIAN_POINT('',(-3.3,6.71666666666666,-3.24309689718034));
#9820=CARTESIAN_POINT('',(-3.3,6.66666666666668,-3.24309689718034));
#9821=CARTESIAN_POINT('',(-3.3,6.63333333333332,-3.24309689718034));
#9822=CARTESIAN_POINT('',(-3.3,6.53333333333335,-3.24309689718034));
#9823=CARTESIAN_POINT('',(-3.3,6.46666666666667,-3.24309689718034));
#9824=CARTESIAN_POINT('',(-3.3,6.26666666666665,-3.24309689718034));
#9825=CARTESIAN_POINT('',(-3.3,6.13333333333334,-3.24309689718034));
#9826=CARTESIAN_POINT('',(-3.3,6.,-3.24309689718034));
#9827=CARTESIAN_POINT('',(-3.3,6.875,-7.5));
#9828=CARTESIAN_POINT('',(-1.95,6.875,-7.5));
#9829=CARTESIAN_POINT('',(-3.05,6.875,-7.5));
#9830=CARTESIAN_POINT('',(-1.95,6.875,-7.5));
#9831=CARTESIAN_POINT('',(-1.86666666666667,6.875,-7.41666666666667));
#9832=CARTESIAN_POINT('',(-1.78333333333333,6.875,-7.33333333333333));
#9833=CARTESIAN_POINT('',(-1.7,6.875,-7.25));
#9834=CARTESIAN_POINT('',(-3.3,6.875,-7.25));
#9835=CARTESIAN_POINT('',(-3.21666666666667,6.875,-7.33333333333333));
#9836=CARTESIAN_POINT('',(-3.13333333333333,6.875,-7.41666666666666));
#9837=CARTESIAN_POINT('',(-3.05,6.875,-7.5));
#9838=CARTESIAN_POINT('',(-2.1,6.9375,-7.5));
#9839=CARTESIAN_POINT('',(-1.7,7.125,-7.5));
#9840=CARTESIAN_POINT('',(-3.05,7.125,-7.5));
#9841=CARTESIAN_POINT('',(-1.95,7.125,-7.5));
#9842=CARTESIAN_POINT('',(-1.95,6.9375,-7.5));
#9843=CARTESIAN_POINT('',(-3.05,6.9375,-7.5));
#9844=CARTESIAN_POINT('',(-3.3,7.125,-7.5));
#9845=CARTESIAN_POINT('',(-3.3,7.125,-6.80301614953));
#9846=CARTESIAN_POINT('',(-3.3,7.125,-6.10603229906018));
#9847=CARTESIAN_POINT('',(-3.3,7.125,-5.06055652335516));
#9848=CARTESIAN_POINT('',(-3.3,7.12500000000015,-4.71206459812011));
#9849=CARTESIAN_POINT('',(-3.3,7.12499999999992,-4.18932671026783));
#9850=CARTESIAN_POINT('',(-3.3,7.125,-4.01508074765034));
#9851=CARTESIAN_POINT('',(-3.3,7.125,-3.75371180372403));
#9852=CARTESIAN_POINT('',(-3.3,7.125,-3.66658882241536));
#9853=CARTESIAN_POINT('',(-3.3,7.125,-3.53590435045218));
#9854=CARTESIAN_POINT('',(-3.3,7.125,-3.49234285979783));
#9855=CARTESIAN_POINT('',(-3.3,7.125,-3.42700062381627));
#9856=CARTESIAN_POINT('',(-3.3,7.125,-3.40521987848909));
#9857=CARTESIAN_POINT('',(-3.3,7.125,-3.37254876049831));
#9858=CARTESIAN_POINT('',(-3.3,7.125,-3.36165838783472));
#9859=CARTESIAN_POINT('',(-3.3,7.125,-3.34532282883933));
#9860=CARTESIAN_POINT('',(-3.3,7.125,-3.33987764250753));
#9861=CARTESIAN_POINT('',(-3.3,7.125,-3.32898726984394));
#9862=CARTESIAN_POINT('',(-3.3,7.12501105966603,-3.32524351667323));
#9863=CARTESIAN_POINT('',(-3.3,7.124986706544,-3.30950683021999));
#9864=CARTESIAN_POINT('',(-3.3,7.12447778926646,-3.2968333226801));
#9865=CARTESIAN_POINT('',(-3.3,7.12239506993258,-3.27567763229937));
#9866=CARTESIAN_POINT('',(-3.3,7.12083436586374,-3.26514983645936));
#9867=CARTESIAN_POINT('',(-3.3,7.1146133176864,-3.23386042674196));
#9868=CARTESIAN_POINT('',(-3.3,7.10840733620413,-3.21339214381009));
#9869=CARTESIAN_POINT('',(-3.3,7.08396787179025,-3.15439005736491));
#9870=CARTESIAN_POINT('',(-3.3,7.05989044843144,-3.11836793784052));
#9871=CARTESIAN_POINT('',(-3.3,6.99972895933982,-3.05820644874892));
#9872=CARTESIAN_POINT('',(-3.3,6.96370683981544,-3.0341290253901));
#9873=CARTESIAN_POINT('',(-3.3,6.90470475337027,-3.00968956097622));
#9874=CARTESIAN_POINT('',(-3.3,6.88423647043836,-3.00348357949393));
#9875=CARTESIAN_POINT('',(-3.3,6.85294706072101,-2.99726253131661));
#9876=CARTESIAN_POINT('',(-3.3,6.84241926488097,-2.99570182724776));
#9877=CARTESIAN_POINT('',(-3.3,6.82126357450024,-2.99361910791389));
#9878=CARTESIAN_POINT('',(-3.3,6.80859006696036,-2.99311019063635));
#9879=CARTESIAN_POINT('',(-3.3,6.79453139352707,-2.99308843430341));
#9880=CARTESIAN_POINT('',(-3.3,6.79166666666667,-2.99309689718035));
#9881=CARTESIAN_POINT('',(-3.3,6.78333333333333,-2.99309689718035));
#9882=CARTESIAN_POINT('',(-3.3,6.77916666666667,-2.99309689718035));
#9883=CARTESIAN_POINT('',(-3.3,6.76666666666666,-2.99309689718035));
#9884=CARTESIAN_POINT('',(-3.3,6.75833333333334,-2.99309689718035));
#9885=CARTESIAN_POINT('',(-3.3,6.73333333333332,-2.99309689718035));
#9886=CARTESIAN_POINT('',(-3.3,6.71666666666666,-2.99309689718035));
#9887=CARTESIAN_POINT('',(-3.3,6.66666666666668,-2.99309689718035));
#9888=CARTESIAN_POINT('',(-3.3,6.63333333333332,-2.99309689718035));
#9889=CARTESIAN_POINT('',(-3.3,6.53333333333335,-2.99309689718035));
#9890=CARTESIAN_POINT('',(-3.3,6.46666666666667,-2.99309689718035));
#9891=CARTESIAN_POINT('',(-3.3,6.26666666666665,-2.99309689718035));
#9892=CARTESIAN_POINT('',(-3.3,6.13333333333334,-2.99309689718035));
#9893=CARTESIAN_POINT('',(-3.3,6.,-2.99309689718035));
#9894=CARTESIAN_POINT('',(-1.7,7.125,-7.5));
#9895=CARTESIAN_POINT('',(-1.7,7.125,-6.80301614953));
#9896=CARTESIAN_POINT('',(-1.7,7.125,-6.10603229906018));
#9897=CARTESIAN_POINT('',(-1.7,7.125,-5.06055652335516));
#9898=CARTESIAN_POINT('',(-1.7,7.12500000000015,-4.71206459812011));
#9899=CARTESIAN_POINT('',(-1.7,7.12499999999992,-4.18932671026783));
#9900=CARTESIAN_POINT('',(-1.7,7.125,-4.01508074765034));
#9901=CARTESIAN_POINT('',(-1.7,7.125,-3.75371180372403));
#9902=CARTESIAN_POINT('',(-1.7,7.125,-3.66658882241536));
#9903=CARTESIAN_POINT('',(-1.7,7.125,-3.53590435045218));
#9904=CARTESIAN_POINT('',(-1.7,7.125,-3.49234285979783));
#9905=CARTESIAN_POINT('',(-1.7,7.125,-3.42700062381627));
#9906=CARTESIAN_POINT('',(-1.7,7.125,-3.40521987848909));
#9907=CARTESIAN_POINT('',(-1.7,7.125,-3.37254876049831));
#9908=CARTESIAN_POINT('',(-1.7,7.125,-3.36165838783472));
#9909=CARTESIAN_POINT('',(-1.7,7.125,-3.34532282883933));
#9910=CARTESIAN_POINT('',(-1.7,7.125,-3.33987764250753));
#9911=CARTESIAN_POINT('',(-1.7,7.125,-3.32898726984394));
#9912=CARTESIAN_POINT('',(-1.7,7.12501105966603,-3.32524351667323));
#9913=CARTESIAN_POINT('',(-1.7,7.124986706544,-3.30950683021999));
#9914=CARTESIAN_POINT('',(-1.7,7.12447778926646,-3.2968333226801));
#9915=CARTESIAN_POINT('',(-1.7,7.12239506993258,-3.27567763229937));
#9916=CARTESIAN_POINT('',(-1.7,7.12083436586374,-3.26514983645936));
#9917=CARTESIAN_POINT('',(-1.7,7.1146133176864,-3.23386042674196));
#9918=CARTESIAN_POINT('',(-1.7,7.10840733620413,-3.21339214381009));
#9919=CARTESIAN_POINT('',(-1.7,7.08396787179025,-3.15439005736491));
#9920=CARTESIAN_POINT('',(-1.7,7.05989044843144,-3.11836793784052));
#9921=CARTESIAN_POINT('',(-1.7,6.99972895933982,-3.05820644874892));
#9922=CARTESIAN_POINT('',(-1.7,6.96370683981544,-3.0341290253901));
#9923=CARTESIAN_POINT('',(-1.7,6.90470475337027,-3.00968956097622));
#9924=CARTESIAN_POINT('',(-1.7,6.88423647043836,-3.00348357949393));
#9925=CARTESIAN_POINT('',(-1.7,6.85294706072101,-2.99726253131661));
#9926=CARTESIAN_POINT('',(-1.7,6.84241926488097,-2.99570182724776));
#9927=CARTESIAN_POINT('',(-1.7,6.82126357450024,-2.99361910791389));
#9928=CARTESIAN_POINT('',(-1.7,6.80859006696036,-2.99311019063635));
#9929=CARTESIAN_POINT('',(-1.7,6.79453139352707,-2.99308843430341));
#9930=CARTESIAN_POINT('',(-1.7,6.79166666666667,-2.99309689718035));
#9931=CARTESIAN_POINT('',(-1.7,6.78333333333333,-2.99309689718035));
#9932=CARTESIAN_POINT('',(-1.7,6.77916666666667,-2.99309689718035));
#9933=CARTESIAN_POINT('',(-1.7,6.76666666666666,-2.99309689718035));
#9934=CARTESIAN_POINT('',(-1.7,6.75833333333334,-2.99309689718035));
#9935=CARTESIAN_POINT('',(-1.7,6.73333333333332,-2.99309689718035));
#9936=CARTESIAN_POINT('',(-1.7,6.71666666666666,-2.99309689718035));
#9937=CARTESIAN_POINT('',(-1.7,6.66666666666668,-2.99309689718035));
#9938=CARTESIAN_POINT('',(-1.7,6.63333333333332,-2.99309689718035));
#9939=CARTESIAN_POINT('',(-1.7,6.53333333333335,-2.99309689718035));
#9940=CARTESIAN_POINT('',(-1.7,6.46666666666667,-2.99309689718035));
#9941=CARTESIAN_POINT('',(-1.7,6.26666666666665,-2.99309689718035));
#9942=CARTESIAN_POINT('',(-1.7,6.13333333333334,-2.99309689718035));
#9943=CARTESIAN_POINT('',(-1.7,6.,-2.99309689718035));
#9944=CARTESIAN_POINT('',(-1.7,7.125,-7.25));
#9945=CARTESIAN_POINT('',(-1.78333333333333,7.125,-7.33333333333333));
#9946=CARTESIAN_POINT('',(-1.86666666666667,7.125,-7.41666666666667));
#9947=CARTESIAN_POINT('',(-1.95,7.125,-7.5));
#9948=CARTESIAN_POINT('',(-3.05,7.125,-7.5));
#9949=CARTESIAN_POINT('',(-3.13333333333333,7.125,-7.41666666666667));
#9950=CARTESIAN_POINT('',(-3.21666666666667,7.125,-7.33333333333333));
#9951=CARTESIAN_POINT('',(-3.3,7.125,-7.25));
#9952=CARTESIAN_POINT('',(-3.3,6.58138576431856,-2.99309689718032));
#9953=CARTESIAN_POINT('',(-3.55504253601054,6.58138576431856,-3.19309689718032));
#9954=CARTESIAN_POINT('',(-4.69586685957447,5.7398692810201,-3.19309689718032));
#9955=CARTESIAN_POINT('',(-4.69586685957447,6.58138576431856,-3.19309689718032));
#9956=CARTESIAN_POINT('',(-4.69586685957447,6.58138576431856,-3.19309689718032));
#9957=CARTESIAN_POINT('',(-3.81008507202108,6.58138576431856,-3.19309689718032));
#9958=CARTESIAN_POINT('',(-3.55504253601054,6.58138576431856,-3.19309689718032));
#9959=CARTESIAN_POINT('',(-3.55504253601054,6.58138576431856,-2.99309689718032));
#9960=CARTESIAN_POINT('',(-4.69586685957447,5.7398692810201,-2.99309689718032));
#9961=CARTESIAN_POINT('',(-4.69586685957447,6.58138576431856,-2.99309689718032));
#9962=CARTESIAN_POINT('',(-3.55504253601054,6.58138576431856,-2.99309689718032));
#9963=CARTESIAN_POINT('',(-3.81008507202108,6.58138576431856,-2.99309689718032));
#9964=CARTESIAN_POINT('',(-4.69586685957447,6.58138576431856,-2.99309689718032));
#9965=CARTESIAN_POINT('',(-4.69586685957447,6.58138576431856,-3.19309689718032));
#9966=CARTESIAN_POINT('',(-3.81008507202108,6.58138576431856,-3.19309689718032));
#9967=CARTESIAN_POINT('',(-4.69586685957447,6.58138576431856,-3.19309689718032));
#9968=CARTESIAN_POINT('',(-3.55504253601054,6.58138576431856,-3.19309689718032));
#9969=CARTESIAN_POINT('',(-4.69586685957447,5.7398692810201,-3.19309689718032));
#9970=CARTESIAN_POINT('',(3.55504253601054,6.58138576431856,-3.19309689718032));
#9971=CARTESIAN_POINT('',(4.69586685957447,5.7398692810201,-3.19309689718032));
#9972=CARTESIAN_POINT('',(4.69586685957447,6.58138576431856,-3.19309689718032));
#9973=CARTESIAN_POINT('',(3.55504253601054,6.58138576431856,-3.19309689718032));
#9974=CARTESIAN_POINT('',(3.81008507202108,6.58138576431856,-3.19309689718032));
#9975=CARTESIAN_POINT('',(4.69586685957447,6.58138576431856,-3.19309689718032));
#9976=CARTESIAN_POINT('',(4.69586685957447,5.7398692810201,-3.19309689718032));
#9977=CARTESIAN_POINT('',(4.69586685957447,5.7398692810201,-2.99309689718032));
#9978=CARTESIAN_POINT('',(4.69586685957447,6.58138576431856,-2.99309689718032));
#9979=CARTESIAN_POINT('',(4.69586685957447,6.58138576431856,-3.19309689718032));
#9980=CARTESIAN_POINT('',(4.69586685957447,6.58138576431856,-3.19309689718032));
#9981=CARTESIAN_POINT('',(4.69586685957447,6.58138576431856,-2.99309689718032));
#9982=CARTESIAN_POINT('',(3.81008507202108,6.58138576431856,-2.99309689718032));
#9983=CARTESIAN_POINT('',(3.81008507202108,6.58138576431856,-3.19309689718032));
#9984=CARTESIAN_POINT('',(3.55504253601054,6.58138576431856,-3.19309689718032));
#9985=CARTESIAN_POINT('',(3.55504253601054,6.58138576431856,-2.99309689718032));
#9986=CARTESIAN_POINT('',(3.55504253601054,6.58138576431856,-2.99309689718032));
#9987=CARTESIAN_POINT('',(3.55504253601054,-6.58138576431856,-3.19309689718033));
#9988=CARTESIAN_POINT('',(4.69586685957447,-5.7398692810201,-3.19309689718033));
#9989=CARTESIAN_POINT('',(4.69586685957447,-6.58138576431856,-3.19309689718033));
#9990=CARTESIAN_POINT('',(4.69586685957447,-6.58138576431856,-3.19309689718033));
#9991=CARTESIAN_POINT('',(3.81008507202108,-6.58138576431856,-3.19309689718033));
#9992=CARTESIAN_POINT('',(3.55504253601054,-6.58138576431856,-3.19309689718033));
#9993=CARTESIAN_POINT('',(3.55504253601054,-6.58138576431856,-2.99309689718033));
#9994=CARTESIAN_POINT('',(4.69586685957447,-5.7398692810201,-2.99309689718033));
#9995=CARTESIAN_POINT('',(4.69586685957447,-6.58138576431856,-2.99309689718033));
#9996=CARTESIAN_POINT('',(3.55504253601054,-6.58138576431856,-2.99309689718033));
#9997=CARTESIAN_POINT('',(3.81008507202108,-6.58138576431856,-2.99309689718033));
#9998=CARTESIAN_POINT('',(4.69586685957447,-6.58138576431856,-2.99309689718033));
#9999=CARTESIAN_POINT('',(3.55504253601054,-6.58138576431856,-3.19309689718033));
#10000=CARTESIAN_POINT('',(3.81008507202108,-6.58138576431856,-3.19309689718033));
#10001=CARTESIAN_POINT('',(4.69586685957447,-5.7398692810201,-3.19309689718033));
#10002=CARTESIAN_POINT('',(4.69586685957447,-6.58138576431856,-3.19309689718033));
#10003=CARTESIAN_POINT('',(4.69586685957447,-6.58138576431856,-3.19309689718033));
#10004=CARTESIAN_POINT('',(-3.55504253601054,-6.58138576431856,-3.19309689718033));
#10005=CARTESIAN_POINT('',(-4.69586685957447,-5.7398692810201,-3.19309689718033));
#10006=CARTESIAN_POINT('',(-4.69586685957447,-6.58138576431856,-3.19309689718033));
#10007=CARTESIAN_POINT('',(-3.55504253601054,-6.58138576431856,-3.19309689718033));
#10008=CARTESIAN_POINT('',(-3.81008507202108,-6.58138576431856,-3.19309689718033));
#10009=CARTESIAN_POINT('',(-4.69586685957447,-6.58138576431856,-3.19309689718033));
#10010=CARTESIAN_POINT('',(-3.55504253601054,-6.58138576431856,-2.99309689718033));
#10011=CARTESIAN_POINT('',(-4.69586685957447,-5.7398692810201,-2.99309689718033));
#10012=CARTESIAN_POINT('',(-4.69586685957447,-6.58138576431856,-2.99309689718033));
#10013=CARTESIAN_POINT('',(-4.69586685957447,-6.58138576431856,-2.99309689718033));
#10014=CARTESIAN_POINT('',(-3.81008507202108,-6.58138576431856,-2.99309689718033));
#10015=CARTESIAN_POINT('',(-3.55504253601054,-6.58138576431856,-2.99309689718033));
#10016=CARTESIAN_POINT('',(-4.69586685957447,-5.7398692810201,-3.19309689718033));
#10017=CARTESIAN_POINT('',(-4.69586685957447,-6.58138576431856,-3.19309689718033));
#10018=CARTESIAN_POINT('',(-4.69586685957447,-6.58138576431856,-3.19309689718033));
#10019=CARTESIAN_POINT('',(-3.81008507202108,-6.58138576431856,-3.19309689718033));
#10020=CARTESIAN_POINT('',(-3.55504253601054,-6.58138576431856,-3.19309689718033));
#10021=CARTESIAN_POINT('',(3.05,6.9375,-7.5));
#10022=CARTESIAN_POINT('',(1.95,6.9375,-7.5));
#10023=CARTESIAN_POINT('',(-1.95,6.9375,-7.5));
#10024=CARTESIAN_POINT('',(-3.05,6.9375,-7.5));
#10025=CARTESIAN_POINT('',(-3.3,-7.625,-7.25));
#10026=CARTESIAN_POINT('',(-1.7,-7.375,-7.25));
#10027=CARTESIAN_POINT('',(-0.8,-7.625,-7.25));
#10028=CARTESIAN_POINT('',(0.8,-7.375,-7.25));
#10029=CARTESIAN_POINT('',(1.7,-7.625,-7.25));
#10030=CARTESIAN_POINT('',(3.3,-7.375,-7.25));
#10031=CARTESIAN_POINT('',(5.12564588449842,5.98281592713741,-0.389503488483515));
#10032=CARTESIAN_POINT('',(-5.5,5.98281592713741,-0.389503488483515));
#10033=CARTESIAN_POINT('',(-5.5,4.98531592713741,-0.389503488483515));
#10034=CARTESIAN_POINT('',(-5.5,4.44403537960182,-0.389503488483515));
#10035=CARTESIAN_POINT('',(-4.5025,4.98531592713741,-0.389503488483515));
#10036=CARTESIAN_POINT('',(-4.5025,5.98281592713741,-0.389503488483515));
#10037=CARTESIAN_POINT('',(5.12564588449842,5.98281592713741,-0.389503488483515));
#10038=CARTESIAN_POINT('',(-0.978550489869817,5.98281592713741,-0.389503488483515));
#10039=CARTESIAN_POINT('',(-0.978550489869817,5.98281592713741,-0.389503488483515));
#10040=CARTESIAN_POINT('',(-0.978550489869817,5.5238500714476,-0.389503488483515));
#10041=CARTESIAN_POINT('',(5.12564588449842,5.5238500714476,-0.389503488483515));
#10042=CARTESIAN_POINT('',(0.978550489869817,5.5238500714476,-0.389503488483515));
#10043=CARTESIAN_POINT('',(0.978550489869817,5.98281592713741,-0.389503488483515));
#10044=CARTESIAN_POINT('',(0.978550489869818,5.98281592713741,-0.389503488483515));
#10045=CARTESIAN_POINT('',(5.12564588449842,5.98281592713741,-0.389503488483515));
#10046=CARTESIAN_POINT('',(4.5025,5.98281592713741,-0.389503488483515));
#10047=CARTESIAN_POINT('',(4.5025,4.98531592713741,-0.389503488483515));
#10048=CARTESIAN_POINT('',(5.5,4.98531592713741,-0.389503488483515));
#10049=CARTESIAN_POINT('',(5.5,5.98281592713741,-0.389503488483515));
#10050=CARTESIAN_POINT('',(5.5,4.44403537960182,-0.389503488483515));
#10051=CARTESIAN_POINT('',(5.5,5.98281592713741,-0.389503488483515));
#10052=CARTESIAN_POINT('',(5.5,1.20140460271023,-0.389503488483515));
#10053=CARTESIAN_POINT('',(5.12564588449842,1.20140460271023,-0.389503488483515));
#10054=CARTESIAN_POINT('',(3.97218232514134,1.20140460271023,-0.389503488483515));
#10055=CARTESIAN_POINT('',(0.,0.,-0.389503488483515));
#10056=CARTESIAN_POINT('',(-3.97218232514134,1.20140460271023,-0.389503488483515));
#10057=CARTESIAN_POINT('',(5.12564588449842,1.20140460271023,-0.389503488483515));
#10058=CARTESIAN_POINT('',(-5.5,1.20140460271023,-0.389503488483515));
#10059=CARTESIAN_POINT('',(-5.5,-2.86876984262334,-0.389503488483515));
#10060=CARTESIAN_POINT('',(-5.5,4.44403537960182,0.));
#10061=CARTESIAN_POINT('',(5.9,1.20140460271023,0.));
#10062=CARTESIAN_POINT('',(3.97218232514134,1.20140460271023,0.));
#10063=CARTESIAN_POINT('',(5.53425,1.20140460271023,0.));
#10064=CARTESIAN_POINT('',(5.53425,4.44403537960182,0.));
#10065=CARTESIAN_POINT('',(5.53425,4.44403537960182,0.));
#10066=CARTESIAN_POINT('',(5.5,4.44403537960182,0.));
#10067=CARTESIAN_POINT('',(5.5,4.44403537960182,0.));
#10068=CARTESIAN_POINT('',(5.5,-5.95862507834045,0.));
#10069=CARTESIAN_POINT('',(5.5,4.98531592713741,0.));
#10070=CARTESIAN_POINT('',(4.5025,4.98531592713741,0.));
#10071=CARTESIAN_POINT('',(4.5025,5.98281592713741,0.));
#10072=CARTESIAN_POINT('',(5.12564588449842,5.98281592713741,0.));
#10073=CARTESIAN_POINT('',(0.978550489869817,5.98281592713741,0.));
#10074=CARTESIAN_POINT('',(0.978550489869818,5.95862507834044,0.));
#10075=CARTESIAN_POINT('',(0.978550489869817,5.5238500714476,0.));
#10076=CARTESIAN_POINT('',(0.978550489869817,5.5238500714476,0.));
#10077=CARTESIAN_POINT('',(-0.978550489869817,5.5238500714476,0.));
#10078=CARTESIAN_POINT('',(-0.978550489869817,5.43847549879332,0.));
#10079=CARTESIAN_POINT('',(-0.978550489869818,5.98281592713741,0.));
#10080=CARTESIAN_POINT('',(5.12564588449842,5.98281592713741,0.));
#10081=CARTESIAN_POINT('',(-4.5025,5.98281592713741,0.));
#10082=CARTESIAN_POINT('',(-4.5025,4.98531592713741,0.));
#10083=CARTESIAN_POINT('',(-5.5,4.98531592713741,0.));
#10084=CARTESIAN_POINT('',(-5.5,-5.95862507834045,0.));
#10085=CARTESIAN_POINT('',(-5.5,4.44403537960182,0.));
#10086=CARTESIAN_POINT('',(-5.5,4.44403537960182,0.));
#10087=CARTESIAN_POINT('',(-5.53425,4.44403537960182,0.));
#10088=CARTESIAN_POINT('',(-5.53425,1.20140460271023,0.));
#10089=CARTESIAN_POINT('',(-5.53425,1.20140460271023,0.));
#10090=CARTESIAN_POINT('',(-5.9,1.20140460271023,0.));
#10091=CARTESIAN_POINT('',(-3.97218232514134,1.20140460271023,0.));
#10092=CARTESIAN_POINT('',(0.,0.,0.));
#10093=CARTESIAN_POINT('',(5.12564588449842,5.98281592713741,0.));
#10094=CARTESIAN_POINT('',(4.5025,5.98281592713741,-0.389503488483515));
#10095=CARTESIAN_POINT('',(0.978550489869817,5.98281592713741,0.));
#10096=CARTESIAN_POINT('',(5.12564588449842,-5.95862507834045,-0.389503488483515));
#10097=CARTESIAN_POINT('',(5.12564588449842,-5.95862507834045,0.));
#10098=CARTESIAN_POINT('',(-0.978550489869818,-5.95862507834044,0.));
#10099=CARTESIAN_POINT('',(-4.5025,-5.95862507834045,0.));
#10100=CARTESIAN_POINT('',(-4.5025,-5.95862507834045,-0.389503488483515));
#10101=CARTESIAN_POINT('',(-4.5025,-5.95862507834045,-0.389503488483515));
#10102=CARTESIAN_POINT('',(5.12564588449842,-5.95862507834045,-0.389503488483515));
#10103=CARTESIAN_POINT('',(-0.978550489869818,-5.95862507834044,-0.389503488483515));
#10104=CARTESIAN_POINT('',(-0.978550489869818,-5.95862507834044,-0.4));
#10105=CARTESIAN_POINT('',(5.12564588449842,5.98281592713741,-0.389503488483515));
#10106=CARTESIAN_POINT('',(5.5,5.98281592713741,-0.389503488483515));
#10107=CARTESIAN_POINT('',(5.5,-4.44403537960182,-0.389503488483515));
#10108=CARTESIAN_POINT('',(5.5,-4.96112507834045,-0.389503488483515));
#10109=CARTESIAN_POINT('',(4.5025,-4.96112507834045,-0.389503488483515));
#10110=CARTESIAN_POINT('',(4.5025,-5.95862507834045,-0.389503488483515));
#10111=CARTESIAN_POINT('',(5.12564588449842,-5.95862507834045,-0.389503488483515));
#10112=CARTESIAN_POINT('',(0.978550489869818,-5.95862507834044,-0.389503488483515));
#10113=CARTESIAN_POINT('',(0.978550489869812,5.98281592713741,-0.389503488483515));
#10114=CARTESIAN_POINT('',(0.978550489869817,-5.43847549879332,-0.389503488483515));
#10115=CARTESIAN_POINT('',(5.12564588449842,-5.43847549879332,-0.389503488483515));
#10116=CARTESIAN_POINT('',(-0.978550489869817,-5.43847549879332,-0.389503488483515));
#10117=CARTESIAN_POINT('',(-0.978550489869813,5.98281592713742,-0.389503488483515));
#10118=CARTESIAN_POINT('',(-4.5025,-4.96112507834045,-0.389503488483515));
#10119=CARTESIAN_POINT('',(-5.5,-4.96112507834045,-0.389503488483515));
#10120=CARTESIAN_POINT('',(-5.5,5.98281592713741,-0.389503488483515));
#10121=CARTESIAN_POINT('',(-5.5,-4.44403537960182,-0.389503488483515));
#10122=CARTESIAN_POINT('',(-5.5,-2.86876984262334,-0.389503488483515));
#10123=CARTESIAN_POINT('',(-5.5,-1.20140460271023,-0.389503488483515));
#10124=CARTESIAN_POINT('',(5.12564588449842,-1.20140460271023,-0.389503488483515));
#10125=CARTESIAN_POINT('',(-3.97218232514134,-1.20140460271023,-0.389503488483515));
#10126=CARTESIAN_POINT('',(0.,0.,-0.389503488483515));
#10127=CARTESIAN_POINT('',(3.97218232514134,-1.20140460271023,-0.389503488483515));
#10128=CARTESIAN_POINT('',(5.12564588449842,-1.20140460271023,-0.389503488483515));
#10129=CARTESIAN_POINT('',(5.5,-1.20140460271023,-0.389503488483515));
#10130=CARTESIAN_POINT('',(5.5,5.98281592713741,-0.389503488483515));
#10131=CARTESIAN_POINT('',(-5.5,4.44403537960182,0.));
#10132=CARTESIAN_POINT('',(-5.9,-1.20140460271023,0.));
#10133=CARTESIAN_POINT('',(-3.97218232514134,-1.20140460271023,0.));
#10134=CARTESIAN_POINT('',(-5.53425,-1.20140460271023,0.));
#10135=CARTESIAN_POINT('',(-5.53425,-4.44403537960182,0.));
#10136=CARTESIAN_POINT('',(-5.53425,-4.44403537960182,0.));
#10137=CARTESIAN_POINT('',(-5.5,-4.44403537960182,0.));
#10138=CARTESIAN_POINT('',(-5.5,-4.44403537960182,0.));
#10139=CARTESIAN_POINT('',(-5.5,-5.95862507834045,0.));
#10140=CARTESIAN_POINT('',(-5.5,-4.96112507834045,0.));
#10141=CARTESIAN_POINT('',(-4.5025,-4.96112507834045,0.));
#10142=CARTESIAN_POINT('',(-0.978550489869817,-5.43847549879332,0.));
#10143=CARTESIAN_POINT('',(-0.978550489869817,-5.43847549879332,0.));
#10144=CARTESIAN_POINT('',(0.978550489869817,-5.43847549879332,0.));
#10145=CARTESIAN_POINT('',(0.978550489869817,-5.43847549879332,0.));
#10146=CARTESIAN_POINT('',(0.978550489869818,-5.95862507834044,0.));
#10147=CARTESIAN_POINT('',(0.978550489869818,-5.95862507834044,0.));
#10148=CARTESIAN_POINT('',(5.12564588449842,-5.95862507834045,0.));
#10149=CARTESIAN_POINT('',(4.5025,-5.95862507834045,0.));
#10150=CARTESIAN_POINT('',(4.5025,-4.96112507834045,0.));
#10151=CARTESIAN_POINT('',(5.5,-4.96112507834045,0.));
#10152=CARTESIAN_POINT('',(5.5,-5.95862507834045,0.));
#10153=CARTESIAN_POINT('',(5.5,-4.44403537960182,0.));
#10154=CARTESIAN_POINT('',(5.5,-4.44403537960182,0.));
#10155=CARTESIAN_POINT('',(5.53425,-4.44403537960182,0.));
#10156=CARTESIAN_POINT('',(5.53425,-1.20140460271023,0.));
#10157=CARTESIAN_POINT('',(5.53425,-1.20140460271023,0.));
#10158=CARTESIAN_POINT('',(5.9,-1.20140460271023,0.));
#10159=CARTESIAN_POINT('',(3.97218232514134,-1.20140460271023,0.));
#10160=CARTESIAN_POINT('',(0.,0.,0.));
#10161=CARTESIAN_POINT('',(-5.5,-2.86876984262334,-4.1200993801749));
#10162=CARTESIAN_POINT('',(-5.5,-2.86876984262334,-0.4));
#10163=CARTESIAN_POINT('',(-5.5,-1.20140460271023,-0.4));
#10164=CARTESIAN_POINT('',(-5.5,1.20140460271023,-0.4));
#10165=CARTESIAN_POINT('',(-5.5,-1.20140460271023,-4.1200993801749));
#10166=CARTESIAN_POINT('',(-5.5,-4.44403537960182,-3.88428424416696));
#10167=CARTESIAN_POINT('',(-5.5,-4.44403537960182,-3.88428424416696));
#10168=CARTESIAN_POINT('',(-5.5,-4.61242522146968,-4.1200993801749));
#10169=CARTESIAN_POINT('',(-5.5,-4.32265994195067,-4.1200993801749));
#10170=CARTESIAN_POINT('',(-5.5,-4.32265994195067,-4.39752895194895));
#10171=CARTESIAN_POINT('',(-5.5,-4.32265994195067,-4.19752895194895));
#10172=CARTESIAN_POINT('',(-5.5,-2.86876984262334,-4.19752895194895));
#10173=CARTESIAN_POINT('',(-5.5,-3.14619941439739,-4.19752895194895));
#10174=CARTESIAN_POINT('',(-5.5,-3.14619941439739,-4.39752895194895));
#10175=CARTESIAN_POINT('',(-5.5,-3.14619941439739,-4.1200993801749));
#10176=CARTESIAN_POINT('',(-5.5,-2.86876984262334,-4.1200993801749));
#10177=CARTESIAN_POINT('',(-5.5,-3.01491493807401,-3.88428424416696));
#10178=CARTESIAN_POINT('',(-5.5,-3.01491493807401,-3.88428424416696));
#10179=CARTESIAN_POINT('',(-5.5,-3.01491493807401,-3.45352992898156));
#10180=CARTESIAN_POINT('',(-5.5,-3.01491493807401,-3.45352992898156));
#10181=CARTESIAN_POINT('',(-5.5,-1.,-3.45352992898156));
#10182=CARTESIAN_POINT('',(-5.5,-1.,-3.45352992898156));
#10183=CARTESIAN_POINT('',(-5.5,-1.,-5.54956966818059));
#10184=CARTESIAN_POINT('',(-5.5,1.,-5.54956966818059));
#10185=CARTESIAN_POINT('',(-5.5,1.,-5.54956966818059));
#10186=CARTESIAN_POINT('',(-5.5,1.,-3.45352992898156));
#10187=CARTESIAN_POINT('',(-5.5,1.,-3.45352992898156));
#10188=CARTESIAN_POINT('',(-5.5,3.01491493807401,-3.45352992898156));
#10189=CARTESIAN_POINT('',(-5.5,3.01491493807401,-3.45352992898156));
#10190=CARTESIAN_POINT('',(-5.5,3.01491493807401,-3.88428424416696));
#10191=CARTESIAN_POINT('',(-5.5,3.01491493807401,-3.88428424416696));
#10192=CARTESIAN_POINT('',(-5.5,2.86876984262334,-4.1200993801749));
#10193=CARTESIAN_POINT('',(-5.5,3.14619941439739,-4.1200993801749));
#10194=CARTESIAN_POINT('',(-5.5,3.14619941439739,-4.39752895194895));
#10195=CARTESIAN_POINT('',(-5.5,3.14619941439739,-4.19752895194895));
#10196=CARTESIAN_POINT('',(-5.5,-2.86876984262334,-4.19752895194895));
#10197=CARTESIAN_POINT('',(-5.5,4.32265994195067,-4.19752895194895));
#10198=CARTESIAN_POINT('',(-5.5,4.32265994195067,-4.39752895194895));
#10199=CARTESIAN_POINT('',(-5.5,4.32265994195067,-4.1200993801749));
#10200=CARTESIAN_POINT('',(-5.5,4.61242522146968,-4.1200993801749));
#10201=CARTESIAN_POINT('',(-5.5,4.44403537960182,-3.88428424416696));
#10202=CARTESIAN_POINT('',(-5.5,4.44403537960182,-3.88428424416696));
#10203=CARTESIAN_POINT('',(-5.5,1.20140460271023,-4.1200993801749));
#10204=CARTESIAN_POINT('',(-5.9,-2.86876984262334,-4.1200993801749));
#10205=CARTESIAN_POINT('',(-5.9,1.84775118450047,-2.35815269851466));
#10206=CARTESIAN_POINT('',(-5.9,2.58396201573438,-2.35815269851466));
#10207=CARTESIAN_POINT('',(-5.9,1.84775118450047,-1.62194186728075));
#10208=CARTESIAN_POINT('',(-5.9,1.84775118450047,-1.62194186728075));
#10209=CARTESIAN_POINT('',(-5.9,-1.84775118450047,-1.62194186728075));
#10210=CARTESIAN_POINT('',(-5.9,-1.84775118450047,-2.35815269851466));
#10211=CARTESIAN_POINT('',(-5.9,-2.58396201573438,-2.35815269851466));
#10212=CARTESIAN_POINT('',(-5.9,-2.58396201573438,-2.35815269851466));
#10213=CARTESIAN_POINT('',(-5.9,-2.58396201573438,-2.38467414842016));
#10214=CARTESIAN_POINT('',(-5.9,-1.84775118450047,-2.38467414842016));
#10215=CARTESIAN_POINT('',(-5.9,-1.84775118450047,-3.12088497965407));
#10216=CARTESIAN_POINT('',(-5.9,-1.84775118450047,-3.12088497965407));
#10217=CARTESIAN_POINT('',(-5.9,1.84775118450047,-3.12088497965407));
#10218=CARTESIAN_POINT('',(-5.9,1.84775118450047,-2.38467414842016));
#10219=CARTESIAN_POINT('',(-5.9,2.58396201573438,-2.38467414842016));
#10220=CARTESIAN_POINT('',(-5.9,2.58396201573438,-2.38467414842016));
#10221=CARTESIAN_POINT('',(-5.9,4.61242522146968,-4.1200993801749));
#10222=CARTESIAN_POINT('',(-5.9,4.44403537960182,-3.88428424416696));
#10223=CARTESIAN_POINT('',(-5.9,4.36050744464682,-3.97691645194895));
#10224=CARTESIAN_POINT('',(-5.9,3.14619941439739,-3.97691645194895));
#10225=CARTESIAN_POINT('',(-5.9,3.10639521239554,-3.97691645194895));
#10226=CARTESIAN_POINT('',(-5.9,2.86876984262334,-4.1200993801749));
#10227=CARTESIAN_POINT('',(-5.9,3.01491493807401,-3.88428424416696));
#10228=CARTESIAN_POINT('',(-5.9,3.01491493807401,-3.88428424416696));
#10229=CARTESIAN_POINT('',(-5.9,3.01491493807401,-3.45352992898156));
#10230=CARTESIAN_POINT('',(-5.9,3.01491493807401,-3.45352992898156));
#10231=CARTESIAN_POINT('',(-5.9,1.,-3.45352992898156));
#10232=CARTESIAN_POINT('',(-5.9,1.,-3.45352992898156));
#10233=CARTESIAN_POINT('',(-5.9,1.,-5.54956966818059));
#10234=CARTESIAN_POINT('',(-5.9,-1.,-5.54956966818059));
#10235=CARTESIAN_POINT('',(-5.9,-1.,-5.54956966818059));
#10236=CARTESIAN_POINT('',(-5.9,-1.,-3.45352992898156));
#10237=CARTESIAN_POINT('',(-5.9,-1.,-3.45352992898156));
#10238=CARTESIAN_POINT('',(-5.9,-3.01491493807401,-3.45352992898156));
#10239=CARTESIAN_POINT('',(-5.9,-3.01491493807401,-3.45352992898156));
#10240=CARTESIAN_POINT('',(-5.9,-3.01491493807401,-3.88428424416696));
#10241=CARTESIAN_POINT('',(-5.9,-3.01491493807401,-3.88428424416696));
#10242=CARTESIAN_POINT('',(-5.9,-2.86876984262334,-4.1200993801749));
#10243=CARTESIAN_POINT('',(-5.9,-3.10639521239554,-3.97691645194895));
#10244=CARTESIAN_POINT('',(-5.9,-4.32265994195067,-3.97691645194895));
#10245=CARTESIAN_POINT('',(-5.9,-4.36050744464682,-3.97691645194895));
#10246=CARTESIAN_POINT('',(-5.9,-4.61242522146968,-4.1200993801749));
#10247=CARTESIAN_POINT('',(-5.9,-4.44403537960182,-3.88428424416696));
#10248=CARTESIAN_POINT('',(-5.9,-4.44403537960182,-3.88428424416696));
#10249=CARTESIAN_POINT('',(-5.9,-4.44403537960182,-0.365750000000001));
#10250=CARTESIAN_POINT('',(-5.9,-1.20140460271023,-0.365750000000001));
#10251=CARTESIAN_POINT('',(-5.9,-1.20140460271023,-0.365750000000001));
#10252=CARTESIAN_POINT('',(-5.9,-1.20140460271023,-4.1200993801749));
#10253=CARTESIAN_POINT('',(-5.9,-1.20140460271023,-0.4));
#10254=CARTESIAN_POINT('',(-5.9,-2.86876984262334,-0.4));
#10255=CARTESIAN_POINT('',(-5.9,1.20140460271023,-0.4));
#10256=CARTESIAN_POINT('',(-5.9,1.20140460271023,-4.1200993801749));
#10257=CARTESIAN_POINT('',(-5.9,1.20140460271023,-0.365750000000001));
#10258=CARTESIAN_POINT('',(-5.9,4.44403537960182,-0.365750000000001));
#10259=CARTESIAN_POINT('',(-5.9,4.44403537960182,-0.365750000000001));
#10260=CARTESIAN_POINT('',(-5.9,4.44403537960182,-3.88428424416696));
#10261=CARTESIAN_POINT('',(5.5,-2.86876984262334,-4.1200993801749));
#10262=CARTESIAN_POINT('',(5.5,-2.86876984262334,-0.4));
#10263=CARTESIAN_POINT('',(5.5,1.20140460271023,-0.4));
#10264=CARTESIAN_POINT('',(5.5,-1.20140460271023,-0.4));
#10265=CARTESIAN_POINT('',(5.5,1.20140460271023,-4.1200993801749));
#10266=CARTESIAN_POINT('',(5.5,4.44403537960182,-3.88428424416696));
#10267=CARTESIAN_POINT('',(5.5,4.44403537960182,-3.88428424416696));
#10268=CARTESIAN_POINT('',(5.5,4.61242522146968,-4.1200993801749));
#10269=CARTESIAN_POINT('',(5.5,4.32265994195067,-4.1200993801749));
#10270=CARTESIAN_POINT('',(5.5,4.32265994195067,-4.39752895194895));
#10271=CARTESIAN_POINT('',(5.5,4.32265994195067,-4.19752895194895));
#10272=CARTESIAN_POINT('',(5.5,-2.86876984262334,-4.19752895194895));
#10273=CARTESIAN_POINT('',(5.5,3.14619941439739,-4.19752895194895));
#10274=CARTESIAN_POINT('',(5.5,3.14619941439739,-4.39752895194895));
#10275=CARTESIAN_POINT('',(5.5,3.14619941439739,-4.1200993801749));
#10276=CARTESIAN_POINT('',(5.5,2.86876984262334,-4.1200993801749));
#10277=CARTESIAN_POINT('',(5.5,3.01491493807401,-3.88428424416696));
#10278=CARTESIAN_POINT('',(5.5,3.01491493807401,-3.88428424416696));
#10279=CARTESIAN_POINT('',(5.5,3.01491493807401,-3.45352992898156));
#10280=CARTESIAN_POINT('',(5.5,3.01491493807401,-3.45352992898156));
#10281=CARTESIAN_POINT('',(5.5,1.,-3.45352992898156));
#10282=CARTESIAN_POINT('',(5.5,1.,-3.45352992898156));
#10283=CARTESIAN_POINT('',(5.5,1.,-5.54956966818059));
#10284=CARTESIAN_POINT('',(5.5,1.,-5.54956966818059));
#10285=CARTESIAN_POINT('',(5.5,-1.,-5.54956966818059));
#10286=CARTESIAN_POINT('',(5.5,-1.,-3.45352992898156));
#10287=CARTESIAN_POINT('',(5.5,-1.,-3.45352992898156));
#10288=CARTESIAN_POINT('',(5.5,-3.01491493807401,-3.45352992898156));
#10289=CARTESIAN_POINT('',(5.5,-3.01491493807401,-3.45352992898156));
#10290=CARTESIAN_POINT('',(5.5,-3.01491493807401,-3.88428424416696));
#10291=CARTESIAN_POINT('',(5.5,-3.01491493807401,-3.88428424416696));
#10292=CARTESIAN_POINT('',(5.5,-2.86876984262334,-4.1200993801749));
#10293=CARTESIAN_POINT('',(5.5,-3.14619941439739,-4.1200993801749));
#10294=CARTESIAN_POINT('',(5.5,-3.14619941439739,-4.39752895194895));
#10295=CARTESIAN_POINT('',(5.5,-3.14619941439739,-4.19752895194895));
#10296=CARTESIAN_POINT('',(5.5,-2.86876984262334,-4.19752895194895));
#10297=CARTESIAN_POINT('',(5.5,-4.32265994195067,-4.19752895194895));
#10298=CARTESIAN_POINT('',(5.5,-4.32265994195067,-4.39752895194895));
#10299=CARTESIAN_POINT('',(5.5,-4.32265994195067,-4.1200993801749));
#10300=CARTESIAN_POINT('',(5.5,-4.61242522146968,-4.1200993801749));
#10301=CARTESIAN_POINT('',(5.5,-4.44403537960182,-3.88428424416696));
#10302=CARTESIAN_POINT('',(5.5,-4.44403537960182,-3.88428424416696));
#10303=CARTESIAN_POINT('',(5.5,-1.20140460271023,-4.1200993801749));
#10304=CARTESIAN_POINT('',(5.9,-2.86876984262334,-4.1200993801749));
#10305=CARTESIAN_POINT('',(5.9,-1.84775118450047,-2.35815269851466));
#10306=CARTESIAN_POINT('',(5.9,-2.58396201573438,-2.35815269851466));
#10307=CARTESIAN_POINT('',(5.9,-1.84775118450047,-1.62194186728075));
#10308=CARTESIAN_POINT('',(5.9,1.84775118450047,-1.62194186728075));
#10309=CARTESIAN_POINT('',(5.9,1.84775118450047,-1.62194186728075));
#10310=CARTESIAN_POINT('',(5.9,1.84775118450047,-2.35815269851466));
#10311=CARTESIAN_POINT('',(5.9,2.58396201573438,-2.35815269851466));
#10312=CARTESIAN_POINT('',(5.9,2.58396201573438,-2.38467414842016));
#10313=CARTESIAN_POINT('',(5.9,2.58396201573438,-2.38467414842016));
#10314=CARTESIAN_POINT('',(5.9,1.84775118450047,-2.38467414842016));
#10315=CARTESIAN_POINT('',(5.9,1.84775118450047,-3.12088497965407));
#10316=CARTESIAN_POINT('',(5.9,-1.84775118450047,-3.12088497965407));
#10317=CARTESIAN_POINT('',(5.9,-1.84775118450047,-3.12088497965407));
#10318=CARTESIAN_POINT('',(5.9,-1.84775118450047,-2.38467414842016));
#10319=CARTESIAN_POINT('',(5.9,-2.58396201573438,-2.38467414842016));
#10320=CARTESIAN_POINT('',(5.9,-2.58396201573438,-2.35815269851466));
#10321=CARTESIAN_POINT('',(5.9,2.86876984262334,-4.1200993801749));
#10322=CARTESIAN_POINT('',(5.9,3.10639521239554,-3.97691645194895));
#10323=CARTESIAN_POINT('',(5.9,3.01491493807401,-3.88428424416696));
#10324=CARTESIAN_POINT('',(5.9,4.32265994195067,-3.97691645194895));
#10325=CARTESIAN_POINT('',(5.9,4.36050744464682,-3.97691645194895));
#10326=CARTESIAN_POINT('',(5.9,4.61242522146968,-4.1200993801749));
#10327=CARTESIAN_POINT('',(5.9,4.44403537960182,-3.88428424416696));
#10328=CARTESIAN_POINT('',(5.9,4.44403537960182,-3.88428424416696));
#10329=CARTESIAN_POINT('',(5.9,4.44403537960182,-0.365750000000001));
#10330=CARTESIAN_POINT('',(5.9,1.20140460271023,-0.365750000000001));
#10331=CARTESIAN_POINT('',(5.9,1.20140460271023,-0.365750000000001));
#10332=CARTESIAN_POINT('',(5.9,1.20140460271023,-4.1200993801749));
#10333=CARTESIAN_POINT('',(5.9,1.20140460271023,-0.4));
#10334=CARTESIAN_POINT('',(5.9,-2.86876984262334,-0.4));
#10335=CARTESIAN_POINT('',(5.9,-1.20140460271023,-0.4));
#10336=CARTESIAN_POINT('',(5.9,-1.20140460271023,-4.1200993801749));
#10337=CARTESIAN_POINT('',(5.9,-1.20140460271023,-0.365750000000001));
#10338=CARTESIAN_POINT('',(5.9,-4.44403537960182,-0.365750000000001));
#10339=CARTESIAN_POINT('',(5.9,-4.44403537960182,-0.365750000000001));
#10340=CARTESIAN_POINT('',(5.9,-4.44403537960182,-3.88428424416696));
#10341=CARTESIAN_POINT('',(5.9,-4.44403537960182,-3.88428424416696));
#10342=CARTESIAN_POINT('',(5.9,-4.61242522146968,-4.1200993801749));
#10343=CARTESIAN_POINT('',(5.9,-4.36050744464682,-3.97691645194895));
#10344=CARTESIAN_POINT('',(5.9,-3.14619941439739,-3.97691645194895));
#10345=CARTESIAN_POINT('',(5.9,-3.10639521239554,-3.97691645194895));
#10346=CARTESIAN_POINT('',(5.9,-2.86876984262334,-4.1200993801749));
#10347=CARTESIAN_POINT('',(5.9,-3.01491493807401,-3.88428424416696));
#10348=CARTESIAN_POINT('',(5.9,-3.01491493807401,-3.88428424416696));
#10349=CARTESIAN_POINT('',(5.9,-3.01491493807401,-3.45352992898156));
#10350=CARTESIAN_POINT('',(5.9,-3.01491493807401,-3.45352992898156));
#10351=CARTESIAN_POINT('',(5.9,-1.,-3.45352992898156));
#10352=CARTESIAN_POINT('',(5.9,-1.,-3.45352992898156));
#10353=CARTESIAN_POINT('',(5.9,-1.,-5.54956966818059));
#10354=CARTESIAN_POINT('',(5.9,-1.,-5.54956966818059));
#10355=CARTESIAN_POINT('',(5.9,1.,-5.54956966818059));
#10356=CARTESIAN_POINT('',(5.9,1.,-3.45352992898156));
#10357=CARTESIAN_POINT('',(5.9,1.,-3.45352992898156));
#10358=CARTESIAN_POINT('',(5.9,3.01491493807401,-3.45352992898156));
#10359=CARTESIAN_POINT('',(5.9,3.01491493807401,-3.45352992898156));
#10360=CARTESIAN_POINT('',(5.9,3.01491493807401,-3.88428424416696));
#10361=CARTESIAN_POINT('',(-4.6,0.,0.));
#10362=CARTESIAN_POINT('',(-4.6,-3.14619941439739,-4.39752895194895));
#10363=CARTESIAN_POINT('',(-4.6,-3.14619941439739,-4.39752895194895));
#10364=CARTESIAN_POINT('',(-4.6,-4.32265994195067,-4.39752895194895));
#10365=CARTESIAN_POINT('',(-4.6,-3.14619941439739,-4.19752895194895));
#10366=CARTESIAN_POINT('',(-4.6,-3.14619941439739,-4.19752895194895));
#10367=CARTESIAN_POINT('',(-4.6,-3.14619941439739,-4.19752895194895));
#10368=CARTESIAN_POINT('',(-4.6,-4.32265994195067,-4.19752895194895));
#10369=CARTESIAN_POINT('',(-4.6,-4.32265994195067,-4.39752895194895));
#10370=CARTESIAN_POINT('',(-4.6,-3.14619941439739,-4.19752895194895));
#10371=CARTESIAN_POINT('',(-4.6,-3.14619941439739,-4.19752895194895));
#10372=CARTESIAN_POINT('',(-4.6,-4.32265994195067,-4.19752895194895));
#10373=CARTESIAN_POINT('',(-4.6,3.14619941439739,-4.19752895194895));
#10374=CARTESIAN_POINT('',(-4.6,4.32265994195067,-4.19752895194895));
#10375=CARTESIAN_POINT('',(-4.6,4.32265994195067,-4.19752895194895));
#10376=CARTESIAN_POINT('',(-4.6,3.14619941439739,-4.19752895194895));
#10377=CARTESIAN_POINT('',(-4.6,3.14619941439739,-4.19752895194895));
#10378=CARTESIAN_POINT('',(-4.6,3.14619941439739,-4.19752895194895));
#10379=CARTESIAN_POINT('',(-4.6,0.,0.));
#10380=CARTESIAN_POINT('',(-4.6,4.32265994195067,-4.39752895194895));
#10381=CARTESIAN_POINT('',(-4.6,4.32265994195067,-4.39752895194895));
#10382=CARTESIAN_POINT('',(-4.6,3.14619941439739,-4.39752895194895));
#10383=CARTESIAN_POINT('',(-4.6,4.32265994195067,-4.19752895194895));
#10384=CARTESIAN_POINT('',(-4.6,3.14619941439739,-4.39752895194895));
#10385=CARTESIAN_POINT('',(-6.10210038216426,1.84775118450047,-2.38467414842016));
#10386=CARTESIAN_POINT('',(-6.10210038216426,1.84775118450047,-2.38467414842016));
#10387=CARTESIAN_POINT('',(-6.10210038216426,2.30720513650047,-2.38467414842016));
#10388=CARTESIAN_POINT('',(-6.10210038216426,1.84775118450047,-2.84412810042016));
#10389=CARTESIAN_POINT('',(-6.10210038216426,-1.84775118450047,-2.84412810042016));
#10390=CARTESIAN_POINT('',(-6.10210038216426,-1.84775118450047,-2.84412810042016));
#10391=CARTESIAN_POINT('',(-6.10210038216426,-1.84775118450047,-2.38467414842016));
#10392=CARTESIAN_POINT('',(-6.10210038216426,-2.30720513650047,-2.38467414842016));
#10393=CARTESIAN_POINT('',(-6.10210038216426,-2.30720513650047,-2.35815269851466));
#10394=CARTESIAN_POINT('',(-6.10210038216426,-2.30720513650047,-2.35815269851466));
#10395=CARTESIAN_POINT('',(-6.10210038216426,-1.84775118450047,-2.35815269851466));
#10396=CARTESIAN_POINT('',(-6.10210038216426,-1.84775118450047,-1.89869874651466));
#10397=CARTESIAN_POINT('',(-6.10210038216426,1.84775118450047,-1.89869874651466));
#10398=CARTESIAN_POINT('',(-6.10210038216426,1.84775118450047,-1.89869874651466));
#10399=CARTESIAN_POINT('',(-6.10210038216426,1.84775118450047,-2.35815269851466));
#10400=CARTESIAN_POINT('',(-6.10210038216426,2.30720513650047,-2.35815269851466));
#10401=CARTESIAN_POINT('',(-6.10210038216426,2.30720513650047,-2.38467414842016));
#10402=CARTESIAN_POINT('',(-5.5,4.32265994195067,-4.39752895194895));
#10403=CARTESIAN_POINT('',(-5.5,3.14619941439739,-4.39752895194895));
#10404=CARTESIAN_POINT('',(-5.4793875,3.14619941439739,-4.39752895194895));
#10405=CARTESIAN_POINT('',(-5.4793875,4.32265994195067,-4.39752895194895));
#10406=CARTESIAN_POINT('',(-5.4793875,4.32265994195067,-4.39752895194895));
#10407=CARTESIAN_POINT('',(-5.5,4.32265994195067,-4.39752895194895));
#10408=CARTESIAN_POINT('',(-5.5,4.32265994195067,-4.39752895194895));
#10409=CARTESIAN_POINT('',(-5.4793875,4.32265994195067,-3.97691645194895));
#10410=CARTESIAN_POINT('',(-5.8748789970273,4.32265994195067,-4.1200993801749));
#10411=CARTESIAN_POINT('',(-5.5,4.32265994195067,-4.1200993801749));
#10412=CARTESIAN_POINT('',(-5.5,4.61242522146968,-4.1200993801749));
#10413=CARTESIAN_POINT('',(-5.8748789970273,4.32265994195067,-4.1200993801749));
#10414=CARTESIAN_POINT('',(-5.89233596454766,4.32265994195067,-4.07188076707818));
#10415=CARTESIAN_POINT('',(-5.9,4.33516186821518,-4.02150976587306));
#10416=CARTESIAN_POINT('',(-5.9,4.36050744464682,-3.97691645194895));
#10417=CARTESIAN_POINT('',(-5.5,4.44403537960182,-3.88428424416696));
#10418=CARTESIAN_POINT('',(-5.5,-4.61242522146968,-4.1200993801749));
#10419=CARTESIAN_POINT('',(-5.9,-4.36050744464682,-3.97691645194895));
#10420=CARTESIAN_POINT('',(-5.9,-4.33516675944762,-4.0215011601795));
#10421=CARTESIAN_POINT('',(-5.89233927699096,-4.32265994195067,-4.07187161764132));
#10422=CARTESIAN_POINT('',(-5.8748789970273,-4.32265994195067,-4.1200993801749));
#10423=CARTESIAN_POINT('',(-5.8748789970273,-4.32265994195067,-4.1200993801749));
#10424=CARTESIAN_POINT('',(-5.5,-4.32265994195067,-4.1200993801749));
#10425=CARTESIAN_POINT('',(-5.5,-4.44403537960182,-3.88428424416696));
#10426=CARTESIAN_POINT('',(-5.5,-4.32265994195067,-4.39752895194895));
#10427=CARTESIAN_POINT('',(-5.4793875,-4.32265994195067,-3.97691645194895));
#10428=CARTESIAN_POINT('',(-5.4793875,-4.32265994195067,-4.39752895194895));
#10429=CARTESIAN_POINT('',(-5.5,-4.32265994195067,-4.39752895194895));
#10430=CARTESIAN_POINT('',(-5.5,-4.32265994195067,-4.39752895194895));
#10431=CARTESIAN_POINT('',(-5.4793875,-3.14619941439739,-4.39752895194895));
#10432=CARTESIAN_POINT('',(-5.4793875,-3.14619941439739,-4.39752895194895));
#10433=CARTESIAN_POINT('',(-5.5,-3.14619941439739,-4.39752895194895));
#10434=CARTESIAN_POINT('',(-5.5,-3.14619941439739,-4.39752895194895));
#10435=CARTESIAN_POINT('',(-5.4793875,-3.14619941439739,-3.97691645194895));
#10436=CARTESIAN_POINT('',(-5.8748789970273,-3.14619941439739,-4.1200993801749));
#10437=CARTESIAN_POINT('',(-5.5,-3.14619941439739,-4.1200993801749));
#10438=CARTESIAN_POINT('',(-5.5,-2.86876984262334,-4.1200993801749));
#10439=CARTESIAN_POINT('',(-5.8748789970273,-3.14619941439739,-4.1200993801749));
#10440=CARTESIAN_POINT('',(-5.89242146960998,-3.14619941439739,-4.07164459000371));
#10441=CARTESIAN_POINT('',(-5.9,-3.13299618336803,-4.0210632342641));
#10442=CARTESIAN_POINT('',(-5.9,-3.10639521239554,-3.97691645194895));
#10443=CARTESIAN_POINT('',(-5.5,-3.01491493807401,-3.88428424416696));
#10444=CARTESIAN_POINT('',(-5.5,-3.01491493807401,-3.88428424416696));
#10445=CARTESIAN_POINT('',(-5.5,-3.01491493807401,-3.45352992898156));
#10446=CARTESIAN_POINT('',(-5.5,-3.01491493807401,-3.45352992898156));
#10447=CARTESIAN_POINT('',(-5.5,-1.,-3.45352992898156));
#10448=CARTESIAN_POINT('',(-5.5,-1.,-3.45352992898156));
#10449=CARTESIAN_POINT('',(-5.73805606505369,-1.,-6.60837423089667));
#10450=CARTESIAN_POINT('',(-6.37247725602133,-1.,-7.19188896818121));
#10451=CARTESIAN_POINT('',(-6.6,-1.,-6.61406186540531));
#10452=CARTESIAN_POINT('',(-4.06877263653242,-1.,-4.87919283363643));
#10453=CARTESIAN_POINT('',(-6.08968135856091,-1.,-6.90798929919199));
#10454=CARTESIAN_POINT('',(-5.73805606505369,-1.,-6.60837423089667));
#10455=CARTESIAN_POINT('',(-6.06534864251807,-1.,-6.28235413194514));
#10456=CARTESIAN_POINT('',(-5.61660692305224,-1.,-5.83186094317519));
#10457=CARTESIAN_POINT('',(-5.61660692305224,-1.,-5.83186094317519));
#10458=CARTESIAN_POINT('',(-5.87658216036561,-1.,-5.559242947046));
#10459=CARTESIAN_POINT('',(-5.9,-1.,-5.54956966818059));
#10460=CARTESIAN_POINT('',(-6.34874171946584,-1.,-6.00006285695053));
#10461=CARTESIAN_POINT('',(-5.73805606505369,-1.,-6.60837423089667));
#10462=CARTESIAN_POINT('',(-6.6,-1.,-6.60268659638803));
#10463=CARTESIAN_POINT('',(-6.6,-1.,-6.60268659638803));
#10464=CARTESIAN_POINT('',(-5.5,1.,-3.45352992898156));
#10465=CARTESIAN_POINT('',(-5.73805606505369,1.,-6.60837423089667));
#10466=CARTESIAN_POINT('',(-6.06534864251807,1.,-6.28235413194514));
#10467=CARTESIAN_POINT('',(-6.08968135856091,1.,-6.90798929919199));
#10468=CARTESIAN_POINT('',(-4.06877263653242,1.,-4.87919283363643));
#10469=CARTESIAN_POINT('',(-6.37247725602133,1.,-7.19188896818121));
#10470=CARTESIAN_POINT('',(-5.73805606505369,1.,-6.60837423089667));
#10471=CARTESIAN_POINT('',(-6.6,1.,-6.61406186540531));
#10472=CARTESIAN_POINT('',(-6.6,1.,-6.60268659638803));
#10473=CARTESIAN_POINT('',(-6.6,1.,-6.60268659638803));
#10474=CARTESIAN_POINT('',(-5.73805606505369,1.,-6.60837423089667));
#10475=CARTESIAN_POINT('',(-6.34874171946584,1.,-6.00006285695053));
#10476=CARTESIAN_POINT('',(-5.9,1.,-5.54956966818059));
#10477=CARTESIAN_POINT('',(-5.5,1.,-3.45352992898156));
#10478=CARTESIAN_POINT('',(-5.87658216036561,1.,-5.559242947046));
#10479=CARTESIAN_POINT('',(-5.61660692305224,1.,-5.83186094317519));
#10480=CARTESIAN_POINT('',(-5.61660692305224,1.,-5.83186094317519));
#10481=CARTESIAN_POINT('',(-5.5,3.01491493807401,-3.45352992898156));
#10482=CARTESIAN_POINT('',(-5.5,3.01491493807401,-3.45352992898156));
#10483=CARTESIAN_POINT('',(-5.5,3.01491493807401,-3.88428424416696));
#10484=CARTESIAN_POINT('',(-5.5,3.01491493807401,-3.88428424416696));
#10485=CARTESIAN_POINT('',(-5.5,2.86876984262334,-4.1200993801749));
#10486=CARTESIAN_POINT('',(-5.9,3.10639521239554,-3.97691645194895));
#10487=CARTESIAN_POINT('',(-5.9,3.13299259052244,-4.0210572716031));
#10488=CARTESIAN_POINT('',(-5.89242379041714,3.14619941439739,-4.07163817960612));
#10489=CARTESIAN_POINT('',(-5.8748789970273,3.14619941439739,-4.1200993801749));
#10490=CARTESIAN_POINT('',(-5.8748789970273,3.14619941439739,-4.1200993801749));
#10491=CARTESIAN_POINT('',(-5.5,3.14619941439739,-4.1200993801749));
#10492=CARTESIAN_POINT('',(-5.5,3.14619941439739,-4.39752895194895));
#10493=CARTESIAN_POINT('',(-5.4793875,3.14619941439739,-3.97691645194895));
#10494=CARTESIAN_POINT('',(-5.81155433416426,2.30720513650047,-2.38467414842016));
#10495=CARTESIAN_POINT('',(-5.81155433416426,2.30720513650047,-2.35815269851466));
#10496=CARTESIAN_POINT('',(-5.81155433416426,2.30720513650047,-2.38467414842016));
#10497=CARTESIAN_POINT('',(-5.81155433416426,1.84775118450047,-2.38467414842016));
#10498=CARTESIAN_POINT('',(-5.81155433416426,1.84775118450047,-2.84412810042016));
#10499=CARTESIAN_POINT('',(-5.81155433416426,-1.84775118450047,-2.84412810042016));
#10500=CARTESIAN_POINT('',(-5.81155433416426,-1.84775118450047,-2.84412810042016));
#10501=CARTESIAN_POINT('',(-5.81155433416426,-1.84775118450047,-2.38467414842016));
#10502=CARTESIAN_POINT('',(-5.81155433416426,-2.30720513650047,-2.38467414842016));
#10503=CARTESIAN_POINT('',(-5.81155433416426,-2.30720513650047,-2.35815269851466));
#10504=CARTESIAN_POINT('',(-5.81155433416426,-2.30720513650047,-2.35815269851466));
#10505=CARTESIAN_POINT('',(-5.81155433416426,-1.84775118450047,-2.35815269851466));
#10506=CARTESIAN_POINT('',(-5.81155433416426,-1.84775118450047,-1.89869874651466));
#10507=CARTESIAN_POINT('',(-5.81155433416426,1.84775118450047,-1.89869874651466));
#10508=CARTESIAN_POINT('',(-5.81155433416426,1.84775118450047,-1.89869874651466));
#10509=CARTESIAN_POINT('',(-5.81155433416426,1.84775118450047,-2.35815269851466));
#10510=CARTESIAN_POINT('',(-5.5,4.44403537960182,-3.88428424416696));
#10511=CARTESIAN_POINT('',(-5.53425,4.44403537960182,-0.365750000000001));
#10512=CARTESIAN_POINT('',(-5.5,4.44403537960182,-3.88428424416696));
#10513=CARTESIAN_POINT('',(-5.5,2.88384100437014E-16,0.));
#10514=CARTESIAN_POINT('',(-5.5,4.98531592713741,0.));
#10515=CARTESIAN_POINT('',(5.12564588449842,5.98281592713741,0.));
#10516=CARTESIAN_POINT('',(-4.5025,5.98281592713741,0.));
#10517=CARTESIAN_POINT('',(-0.978550489869817,5.98281592713741,-6.79653267921711E-15));
#10518=CARTESIAN_POINT('',(5.5,0.,0.));
#10519=CARTESIAN_POINT('',(5.5,-4.96112507834045,-0.389503488483515));
#10520=CARTESIAN_POINT('',(5.5,-4.44403537960182,-3.88428424416696));
#10521=CARTESIAN_POINT('',(5.12564588449842,-5.95862507834045,-0.389503488483515));
#10522=CARTESIAN_POINT('',(4.5025,-5.95862507834045,0.));
#10523=CARTESIAN_POINT('',(0.978550489869818,-5.95862507834044,-0.4));
#10524=CARTESIAN_POINT('',(-5.5,2.88384100437014E-16,0.));
#10525=CARTESIAN_POINT('',(-5.5,-4.96112507834045,0.));
#10526=CARTESIAN_POINT('',(-5.5,-4.44403537960182,-9.92354320187003E-16));
#10527=CARTESIAN_POINT('',(-5.5,-4.44403537960182,-3.88428424416696));
#10528=CARTESIAN_POINT('',(-5.53425,-4.44403537960182,-0.365750000000001));
#10529=CARTESIAN_POINT('',(5.5,0.,0.));
#10530=CARTESIAN_POINT('',(5.5,4.98531592713741,0.));
#10531=CARTESIAN_POINT('',(5.5,4.44403537960182,-3.88428424416696));
#10532=CARTESIAN_POINT('',(4.6,0.,0.));
#10533=CARTESIAN_POINT('',(4.6,3.14619941439739,-4.19752895194895));
#10534=CARTESIAN_POINT('',(4.6,3.14619941439739,-4.19752895194895));
#10535=CARTESIAN_POINT('',(4.6,4.32265994195067,-4.19752895194895));
#10536=CARTESIAN_POINT('',(4.6,4.32265994195067,-4.19752895194895));
#10537=CARTESIAN_POINT('',(4.6,4.32265994195067,-4.39752895194895));
#10538=CARTESIAN_POINT('',(4.6,4.32265994195067,-4.39752895194895));
#10539=CARTESIAN_POINT('',(4.6,3.14619941439739,-4.39752895194895));
#10540=CARTESIAN_POINT('',(4.6,3.14619941439739,-4.39752895194895));
#10541=CARTESIAN_POINT('',(4.6,3.14619941439739,-4.19752895194895));
#10542=CARTESIAN_POINT('',(4.6,4.32265994195067,-4.19752895194895));
#10543=CARTESIAN_POINT('',(4.6,3.14619941439739,-4.19752895194895));
#10544=CARTESIAN_POINT('',(4.6,0.,0.));
#10545=CARTESIAN_POINT('',(4.6,-3.14619941439739,-4.19752895194895));
#10546=CARTESIAN_POINT('',(4.6,-4.32265994195067,-4.19752895194895));
#10547=CARTESIAN_POINT('',(4.6,-3.14619941439739,-4.19752895194895));
#10548=CARTESIAN_POINT('',(4.6,-3.14619941439739,-4.19752895194895));
#10549=CARTESIAN_POINT('',(4.6,-3.14619941439739,-4.39752895194895));
#10550=CARTESIAN_POINT('',(4.6,-3.14619941439739,-4.39752895194895));
#10551=CARTESIAN_POINT('',(4.6,-4.32265994195067,-4.39752895194895));
#10552=CARTESIAN_POINT('',(4.6,-4.32265994195067,-4.39752895194895));
#10553=CARTESIAN_POINT('',(4.6,-3.14619941439739,-4.19752895194895));
#10554=CARTESIAN_POINT('',(4.6,-3.14619941439739,-4.19752895194895));
#10555=CARTESIAN_POINT('',(4.6,-4.32265994195067,-4.19752895194895));
#10556=CARTESIAN_POINT('',(5.5,-4.44403537960182,-3.88428424416696));
#10557=CARTESIAN_POINT('',(5.53425,-4.44403537960182,-0.365750000000001));
#10558=CARTESIAN_POINT('',(5.5,-4.44403537960182,-3.88428424416696));
#10559=CARTESIAN_POINT('',(5.5,4.44403537960182,-3.88428424416696));
#10560=CARTESIAN_POINT('',(5.53425,4.44403537960182,-0.365750000000001));
#10561=CARTESIAN_POINT('',(5.5,4.44403537960182,-3.88428424416696));
#10562=CARTESIAN_POINT('',(5.5,4.61242522146968,-4.1200993801749));
#10563=CARTESIAN_POINT('',(5.9,4.36050744464682,-3.97691645194895));
#10564=CARTESIAN_POINT('',(5.9,4.33516675944762,-4.0215011601795));
#10565=CARTESIAN_POINT('',(5.89233927699096,4.32265994195067,-4.07187161764132));
#10566=CARTESIAN_POINT('',(5.8748789970273,4.32265994195067,-4.1200993801749));
#10567=CARTESIAN_POINT('',(5.8748789970273,4.32265994195067,-4.1200993801749));
#10568=CARTESIAN_POINT('',(5.5,4.32265994195067,-4.1200993801749));
#10569=CARTESIAN_POINT('',(5.5,4.32265994195067,-4.39752895194895));
#10570=CARTESIAN_POINT('',(5.4793875,4.32265994195067,-3.97691645194895));
#10571=CARTESIAN_POINT('',(5.4793875,4.32265994195067,-4.39752895194895));
#10572=CARTESIAN_POINT('',(5.5,4.32265994195067,-4.39752895194895));
#10573=CARTESIAN_POINT('',(5.5,4.32265994195067,-4.39752895194895));
#10574=CARTESIAN_POINT('',(5.4793875,3.14619941439739,-4.39752895194895));
#10575=CARTESIAN_POINT('',(5.4793875,3.14619941439739,-4.39752895194895));
#10576=CARTESIAN_POINT('',(5.5,3.14619941439739,-4.39752895194895));
#10577=CARTESIAN_POINT('',(5.5,3.14619941439739,-4.39752895194895));
#10578=CARTESIAN_POINT('',(5.4793875,3.14619941439739,-3.97691645194895));
#10579=CARTESIAN_POINT('',(5.8748789970273,3.14619941439739,-4.1200993801749));
#10580=CARTESIAN_POINT('',(5.5,3.14619941439739,-4.1200993801749));
#10581=CARTESIAN_POINT('',(5.5,2.86876984262334,-4.1200993801749));
#10582=CARTESIAN_POINT('',(5.8748789970273,3.14619941439739,-4.1200993801749));
#10583=CARTESIAN_POINT('',(5.89242146960998,3.14619941439739,-4.0716445900037));
#10584=CARTESIAN_POINT('',(5.9,3.13299618336802,-4.0210632342641));
#10585=CARTESIAN_POINT('',(5.9,3.10639521239554,-3.97691645194895));
#10586=CARTESIAN_POINT('',(5.5,3.01491493807401,-3.88428424416696));
#10587=CARTESIAN_POINT('',(5.5,3.01491493807401,-3.88428424416696));
#10588=CARTESIAN_POINT('',(5.5,3.01491493807401,-3.45352992898156));
#10589=CARTESIAN_POINT('',(5.5,3.01491493807401,-3.45352992898156));
#10590=CARTESIAN_POINT('',(5.5,1.,-3.45352992898156));
#10591=CARTESIAN_POINT('',(5.5,1.,-3.45352992898156));
#10592=CARTESIAN_POINT('',(5.73805606505369,1.,-6.60837423089667));
#10593=CARTESIAN_POINT('',(6.37247725602132,1.,-7.19188896818121));
#10594=CARTESIAN_POINT('',(6.6,1.,-6.61406186540531));
#10595=CARTESIAN_POINT('',(6.09076728275634,1.,-6.90907946182305));
#10596=CARTESIAN_POINT('',(6.08968135856091,1.,-6.90798929919199));
#10597=CARTESIAN_POINT('',(5.73805606505369,1.,-6.60837423089667));
#10598=CARTESIAN_POINT('',(6.06534864251807,1.,-6.28235413194514));
#10599=CARTESIAN_POINT('',(5.61660692305224,1.,-5.83186094317519));
#10600=CARTESIAN_POINT('',(5.61660692305224,1.,-5.83186094317519));
#10601=CARTESIAN_POINT('',(5.87658216036561,1.,-5.559242947046));
#10602=CARTESIAN_POINT('',(5.9,1.,-5.54956966818059));
#10603=CARTESIAN_POINT('',(6.34874171946584,1.,-6.00006285695053));
#10604=CARTESIAN_POINT('',(5.73805606505369,1.,-6.60837423089667));
#10605=CARTESIAN_POINT('',(6.6,1.,-6.60268659638803));
#10606=CARTESIAN_POINT('',(6.6,1.,-6.60268659638803));
#10607=CARTESIAN_POINT('',(5.5,-1.,-3.45352992898156));
#10608=CARTESIAN_POINT('',(5.73805606505369,-1.,-6.60837423089667));
#10609=CARTESIAN_POINT('',(6.06534864251807,-1.,-6.28235413194514));
#10610=CARTESIAN_POINT('',(6.08968135856091,-1.,-6.90798929919199));
#10611=CARTESIAN_POINT('',(6.37305855775094,-1.,-7.19247253877082));
#10612=CARTESIAN_POINT('',(6.37247725602132,-1.,-7.19188896818121));
#10613=CARTESIAN_POINT('',(5.73805606505369,-1.,-6.60837423089667));
#10614=CARTESIAN_POINT('',(6.6,-1.,-6.61406186540531));
#10615=CARTESIAN_POINT('',(6.6,-1.,-6.60268659638803));
#10616=CARTESIAN_POINT('',(6.6,-1.,-6.60268659638803));
#10617=CARTESIAN_POINT('',(5.73805606505369,-1.,-6.60837423089667));
#10618=CARTESIAN_POINT('',(6.34874171946584,-1.,-6.00006285695053));
#10619=CARTESIAN_POINT('',(5.9,-1.,-5.54956966818059));
#10620=CARTESIAN_POINT('',(5.5,-1.,-3.45352992898156));
#10621=CARTESIAN_POINT('',(5.87658216036561,-1.,-5.559242947046));
#10622=CARTESIAN_POINT('',(5.61660692305224,-1.,-5.83186094317519));
#10623=CARTESIAN_POINT('',(5.61660692305224,-1.,-5.83186094317519));
#10624=CARTESIAN_POINT('',(5.5,-3.01491493807401,-3.45352992898156));
#10625=CARTESIAN_POINT('',(5.5,-3.01491493807401,-3.45352992898156));
#10626=CARTESIAN_POINT('',(5.5,-3.01491493807401,-3.88428424416696));
#10627=CARTESIAN_POINT('',(5.5,-3.01491493807401,-3.88428424416696));
#10628=CARTESIAN_POINT('',(5.5,-2.86876984262334,-4.1200993801749));
#10629=CARTESIAN_POINT('',(5.9,-3.10639521239554,-3.97691645194895));
#10630=CARTESIAN_POINT('',(5.9,-3.13299259052244,-4.0210572716031));
#10631=CARTESIAN_POINT('',(5.89242379041714,-3.14619941439739,-4.07163817960612));
#10632=CARTESIAN_POINT('',(5.8748789970273,-3.14619941439739,-4.1200993801749));
#10633=CARTESIAN_POINT('',(5.8748789970273,-3.14619941439739,-4.1200993801749));
#10634=CARTESIAN_POINT('',(5.5,-3.14619941439739,-4.1200993801749));
#10635=CARTESIAN_POINT('',(5.5,-3.14619941439739,-4.39752895194895));
#10636=CARTESIAN_POINT('',(5.4793875,-3.14619941439739,-3.97691645194895));
#10637=CARTESIAN_POINT('',(5.4793875,-3.14619941439739,-4.39752895194895));
#10638=CARTESIAN_POINT('',(5.5,-3.14619941439739,-4.39752895194895));
#10639=CARTESIAN_POINT('',(5.5,-4.32265994195067,-4.39752895194895));
#10640=CARTESIAN_POINT('',(5.4793875,-4.32265994195067,-4.39752895194895));
#10641=CARTESIAN_POINT('',(5.4793875,-4.32265994195067,-4.39752895194895));
#10642=CARTESIAN_POINT('',(5.5,-4.32265994195067,-4.39752895194895));
#10643=CARTESIAN_POINT('',(5.5,-4.32265994195067,-4.39752895194895));
#10644=CARTESIAN_POINT('',(5.4793875,-4.32265994195067,-3.97691645194895));
#10645=CARTESIAN_POINT('',(5.8748789970273,-4.32265994195067,-4.1200993801749));
#10646=CARTESIAN_POINT('',(5.5,-4.32265994195067,-4.1200993801749));
#10647=CARTESIAN_POINT('',(5.5,-4.61242522146968,-4.1200993801749));
#10648=CARTESIAN_POINT('',(5.8748789970273,-4.32265994195067,-4.1200993801749));
#10649=CARTESIAN_POINT('',(5.89233596454766,-4.32265994195067,-4.07188076707818));
#10650=CARTESIAN_POINT('',(5.9,-4.33516186821518,-4.02150976587306));
#10651=CARTESIAN_POINT('',(5.9,-4.36050744464682,-3.97691645194895));
#10652=CARTESIAN_POINT('',(5.81155433416426,1.84775118450047,-1.89869874651466));
#10653=CARTESIAN_POINT('',(5.81155433416426,1.84775118450047,-1.89869874651466));
#10654=CARTESIAN_POINT('',(6.10210038216426,1.84775118450047,-1.89869874651466));
#10655=CARTESIAN_POINT('',(5.81155433416426,-1.84775118450047,-1.89869874651466));
#10656=CARTESIAN_POINT('',(6.10210038216426,-1.84775118450047,-1.89869874651466));
#10657=CARTESIAN_POINT('',(6.10210038216426,1.84775118450047,-1.89869874651466));
#10658=CARTESIAN_POINT('',(5.81155433416426,-1.84775118450047,-2.35815269851466));
#10659=CARTESIAN_POINT('',(5.81155433416426,-2.30720513650047,-2.35815269851466));
#10660=CARTESIAN_POINT('',(6.10210038216426,-2.30720513650047,-2.35815269851466));
#10661=CARTESIAN_POINT('',(6.10210038216426,-1.84775118450047,-2.35815269851466));
#10662=CARTESIAN_POINT('',(5.81155433416426,1.84775118450047,-2.35815269851466));
#10663=CARTESIAN_POINT('',(6.10210038216426,1.84775118450047,-2.35815269851466));
#10664=CARTESIAN_POINT('',(6.10210038216426,2.30720513650047,-2.35815269851466));
#10665=CARTESIAN_POINT('',(5.81155433416426,2.30720513650047,-2.35815269851466));
#10666=CARTESIAN_POINT('',(5.81155433416426,-2.30720513650047,-2.35815269851466));
#10667=CARTESIAN_POINT('',(5.81155433416426,-2.30720513650047,-2.38467414842016));
#10668=CARTESIAN_POINT('',(6.10210038216426,-2.30720513650047,-2.38467414842016));
#10669=CARTESIAN_POINT('',(6.10210038216426,-2.30720513650047,-2.35815269851466));
#10670=CARTESIAN_POINT('',(5.81155433416426,2.30720513650047,-2.38467414842016));
#10671=CARTESIAN_POINT('',(6.10210038216426,2.30720513650047,-2.38467414842016));
#10672=CARTESIAN_POINT('',(6.10210038216426,2.30720513650047,-2.38467414842016));
#10673=CARTESIAN_POINT('',(5.81155433416426,2.30720513650047,-2.38467414842016));
#10674=CARTESIAN_POINT('',(5.81155433416426,-1.84775118450047,-2.38467414842016));
#10675=CARTESIAN_POINT('',(5.81155433416426,-1.84775118450047,-2.84412810042016));
#10676=CARTESIAN_POINT('',(6.10210038216426,-1.84775118450047,-2.84412810042016));
#10677=CARTESIAN_POINT('',(6.10210038216426,-1.84775118450047,-2.38467414842016));
#10678=CARTESIAN_POINT('',(5.81155433416426,1.84775118450047,-2.38467414842016));
#10679=CARTESIAN_POINT('',(6.10210038216426,1.84775118450047,-2.38467414842016));
#10680=CARTESIAN_POINT('',(6.10210038216426,1.84775118450047,-2.84412810042016));
#10681=CARTESIAN_POINT('',(5.81155433416426,1.84775118450047,-2.84412810042016));
#10682=CARTESIAN_POINT('',(5.81155433416426,-1.84775118450047,-2.84412810042016));
#10683=CARTESIAN_POINT('',(6.10210038216426,-1.84775118450047,-2.84412810042016));
#10684=CARTESIAN_POINT('',(6.10210038216426,1.84775118450047,-2.38467414842016));
#10685=CARTESIAN_POINT('',(-5.9,-1.20140460271023,-0.4));
#10686=CARTESIAN_POINT('',(-5.53425,-1.20140460271023,-0.365750000000001));
#10687=CARTESIAN_POINT('',(-3.97218232514134,-1.20140460271023,-0.4));
#10688=CARTESIAN_POINT('',(-3.97218232514134,-1.20140460271023,-0.4));
#10689=CARTESIAN_POINT('',(-5.9,1.20140460271023,-0.4));
#10690=CARTESIAN_POINT('',(-5.53425,1.20140460271023,-0.365750000000001));
#10691=CARTESIAN_POINT('',(-6.35685664243389,1.20140460271023,-0.4));
#10692=CARTESIAN_POINT('',(-3.97218232514134,1.20140460271023,-0.4));
#10693=CARTESIAN_POINT('',(5.9,1.20140460271023,-0.4));
#10694=CARTESIAN_POINT('',(5.53425,1.20140460271023,-0.365750000000001));
#10695=CARTESIAN_POINT('',(3.97218232514134,1.20140460271023,-0.4));
#10696=CARTESIAN_POINT('',(3.97218232514134,1.20140460271023,-0.4));
#10697=CARTESIAN_POINT('',(5.9,-1.20140460271023,-0.4));
#10698=CARTESIAN_POINT('',(5.53425,-1.20140460271023,-0.365750000000001));
#10699=CARTESIAN_POINT('',(6.35685664243389,-1.20140460271023,-0.4));
#10700=CARTESIAN_POINT('',(3.97218232514134,-1.20140460271023,-0.4));
#10701=CARTESIAN_POINT('',(0.,0.,-0.4));
#10702=CARTESIAN_POINT('',(0.,0.,-0.4));
#10703=CARTESIAN_POINT('',(0.,0.,-0.4));
#10704=CARTESIAN_POINT('',(0.,0.,-0.4));
#10705=CARTESIAN_POINT('',(0.978550489869818,-5.95862507834044,-0.4));
#10706=CARTESIAN_POINT('',(0.978550489869817,-5.43847549879332,-0.4));
#10707=CARTESIAN_POINT('',(-0.978550489869817,-5.43847549879332,-0.4));
#10708=CARTESIAN_POINT('',(-0.978550489869817,-5.43847549879332,-0.4));
#10709=CARTESIAN_POINT('',(0.978550489869817,-5.43847549879332,-0.4));
#10710=CARTESIAN_POINT('',(0.978550489869818,5.95862507834044,-0.4));
#10711=CARTESIAN_POINT('',(0.978550489869817,5.5238500714476,-0.4));
#10712=CARTESIAN_POINT('',(0.978550489869817,5.5238500714476,-0.4));
#10713=CARTESIAN_POINT('',(-0.978550489869817,5.5238500714476,-0.4));
#10714=CARTESIAN_POINT('',(-0.978550489869817,5.43847549879332,-0.4));
#10715=CARTESIAN_POINT('',(6.06407616400523,-1.,-6.93566680836105));
#10716=CARTESIAN_POINT('',(6.06407616400523,-1.,-6.93566680836105));
#10717=CARTESIAN_POINT('',(6.06407616400523,-0.999252704596559,-6.93566680836105));
#10718=CARTESIAN_POINT('',(6.06407616400523,0.999252704596559,-6.93566680836105));
#10719=CARTESIAN_POINT('',(6.09076728275634,0.0499999999999997,-6.90907946182305));
#10720=CARTESIAN_POINT('',(5.4177087250054,0.0499999999999997,-7.57952123993524));
#10721=CARTESIAN_POINT('',(5.4177087250054,-1.,-7.57952123993524));
#10722=CARTESIAN_POINT('',(5.4177087250054,-0.0499999999999998,-7.57952123993524));
#10723=CARTESIAN_POINT('',(6.09076728275633,-0.0499999999999998,-6.90907946182305));
#10724=CARTESIAN_POINT('',(5.4177087250054,-1.,-7.57952123993524));
#10725=CARTESIAN_POINT('',(5.7,0.0499999999999997,-7.862914316883));
#10726=CARTESIAN_POINT('',(5.7,0.0499999999999997,-7.862914316883));
#10727=CARTESIAN_POINT('',(5.7,-1.,-7.862914316883));
#10728=CARTESIAN_POINT('',(5.7,-0.0499999999999997,-7.862914316883));
#10729=CARTESIAN_POINT('',(5.4177087250054,-0.0499999999999998,-7.57952123993524));
#10730=CARTESIAN_POINT('',(5.7,-1.,-7.862914316883));
#10731=CARTESIAN_POINT('',(6.37305855775094,0.0499999999999997,-7.19247253877081));
#10732=CARTESIAN_POINT('',(6.34636743899983,0.999252704596559,-7.21905988530882));
#10733=CARTESIAN_POINT('',(6.34636743899983,-1.,-7.21905988530882));
#10734=CARTESIAN_POINT('',(6.34636743899983,-0.999252704596559,-7.21905988530882));
#10735=CARTESIAN_POINT('',(6.37305855775094,-0.0499999999999997,-7.19247253877081));
#10736=CARTESIAN_POINT('',(5.73805606505369,-1.,-6.60837423089667));
#10737=CARTESIAN_POINT('',(6.34636743899983,0.999252704596559,-7.21905988530882));
#10738=CARTESIAN_POINT('',(6.35526522756957,0.999751139590549,-7.21019669038876));
#10739=CARTESIAN_POINT('',(6.3639686590105,1.,-7.20113986435256));
#10740=CARTESIAN_POINT('',(6.37247725602133,1.,-7.19188896818121));
#10741=CARTESIAN_POINT('',(6.6,-1.,-6.61406186540531));
#10742=CARTESIAN_POINT('',(6.37247725602132,-1.,-7.19188896818121));
#10743=CARTESIAN_POINT('',(6.36396865901049,-1.,-7.20113986435256));
#10744=CARTESIAN_POINT('',(6.35526522756957,-0.999751139590549,-7.21019669038876));
#10745=CARTESIAN_POINT('',(6.34636743899983,-0.999252704596559,-7.21905988530882));
#10746=CARTESIAN_POINT('',(6.6,-1.,-6.60268659638803));
#10747=CARTESIAN_POINT('',(6.6,-1.,-6.60268659638803));
#10748=CARTESIAN_POINT('',(5.73805606505369,-1.,-6.60837423089667));
#10749=CARTESIAN_POINT('',(6.34874171946584,-1.,-6.00006285695053));
#10750=CARTESIAN_POINT('',(5.9,-1.,-5.54956966818059));
#10751=CARTESIAN_POINT('',(5.87658216036561,-1.,-5.559242947046));
#10752=CARTESIAN_POINT('',(5.61660692305224,-1.,-5.83186094317519));
#10753=CARTESIAN_POINT('',(5.61660692305224,-1.,-5.83186094317519));
#10754=CARTESIAN_POINT('',(6.06534864251807,-1.,-6.28235413194514));
#10755=CARTESIAN_POINT('',(5.73805606505369,-1.,-6.60837423089667));
#10756=CARTESIAN_POINT('',(6.08968135856091,1.,-6.90798929919199));
#10757=CARTESIAN_POINT('',(6.08151990584882,1.,-6.91756749971996));
#10758=CARTESIAN_POINT('',(6.07298453328481,0.999751732299176,-6.92679307386782));
#10759=CARTESIAN_POINT('',(6.06407616400523,0.999252704596559,-6.93566680836105));
#10760=CARTESIAN_POINT('',(6.06407616400523,-0.999252704596559,-6.93566680836105));
#10761=CARTESIAN_POINT('',(6.07298453328481,-0.999751732299176,-6.92679307386782));
#10762=CARTESIAN_POINT('',(6.08151990584882,-1.,-6.91756749971996));
#10763=CARTESIAN_POINT('',(6.08968135856091,-1.,-6.90798929919199));
#10764=CARTESIAN_POINT('',(-6.06407616400523,-1.,-6.93566680836105));
#10765=CARTESIAN_POINT('',(-6.06407616400523,-1.,-6.93566680836105));
#10766=CARTESIAN_POINT('',(-6.06407616400523,-0.999252704596559,-6.93566680836105));
#10767=CARTESIAN_POINT('',(-6.06407616400523,0.999252704596559,-6.93566680836105));
#10768=CARTESIAN_POINT('',(-6.09076728275633,-0.0499999999999998,-6.90907946182305));
#10769=CARTESIAN_POINT('',(-5.4177087250054,-0.0499999999999998,-7.57952123993524));
#10770=CARTESIAN_POINT('',(-5.4177087250054,-1.,-7.57952123993524));
#10771=CARTESIAN_POINT('',(-5.4177087250054,0.0499999999999997,-7.57952123993524));
#10772=CARTESIAN_POINT('',(-6.09076728275633,0.0499999999999998,-6.90907946182305));
#10773=CARTESIAN_POINT('',(-5.4177087250054,-1.,-7.57952123993524));
#10774=CARTESIAN_POINT('',(-5.4177087250054,-0.0499999999999998,-7.57952123993524));
#10775=CARTESIAN_POINT('',(-5.7,-0.0499999999999998,-7.862914316883));
#10776=CARTESIAN_POINT('',(-5.7,-1.,-7.862914316883));
#10777=CARTESIAN_POINT('',(-5.7,0.0499999999999997,-7.862914316883));
#10778=CARTESIAN_POINT('',(-5.4177087250054,0.0499999999999997,-7.57952123993524));
#10779=CARTESIAN_POINT('',(-5.7,-1.,-7.862914316883));
#10780=CARTESIAN_POINT('',(-6.37305855775094,-0.0499999999999998,-7.19247253877082));
#10781=CARTESIAN_POINT('',(-6.34636743899984,-0.999252704596559,-7.21905988530882));
#10782=CARTESIAN_POINT('',(-6.34636743899984,-1.,-7.21905988530882));
#10783=CARTESIAN_POINT('',(-6.34636743899984,0.999252704596559,-7.21905988530882));
#10784=CARTESIAN_POINT('',(-6.37305855775094,0.0499999999999997,-7.19247253877081));
#10785=CARTESIAN_POINT('',(-5.73805606505369,-1.,-6.60837423089667));
#10786=CARTESIAN_POINT('',(-6.34636743899984,-0.999252704596559,-7.21905988530882));
#10787=CARTESIAN_POINT('',(-6.35526522756957,-0.999751139590549,-7.21019669038876));
#10788=CARTESIAN_POINT('',(-6.3639686590105,-1.,-7.20113986435256));
#10789=CARTESIAN_POINT('',(-6.37247725602133,-1.,-7.19188896818121));
#10790=CARTESIAN_POINT('',(-6.6,-1.,-6.61406186540531));
#10791=CARTESIAN_POINT('',(-6.37247725602133,1.,-7.19188896818121));
#10792=CARTESIAN_POINT('',(-6.3639686590105,1.,-7.20113986435256));
#10793=CARTESIAN_POINT('',(-6.35526522756957,0.999751139590549,-7.21019669038876));
#10794=CARTESIAN_POINT('',(-6.34636743899983,0.999252704596559,-7.21905988530882));
#10795=CARTESIAN_POINT('',(-6.6,-1.,-6.60268659638803));
#10796=CARTESIAN_POINT('',(-6.6,-1.,-6.60268659638803));
#10797=CARTESIAN_POINT('',(-5.73805606505369,-1.,-6.60837423089667));
#10798=CARTESIAN_POINT('',(-6.34874171946584,-1.,-6.00006285695053));
#10799=CARTESIAN_POINT('',(-5.9,-1.,-5.54956966818059));
#10800=CARTESIAN_POINT('',(-5.87658216036561,-1.,-5.559242947046));
#10801=CARTESIAN_POINT('',(-5.61660692305224,-1.,-5.83186094317519));
#10802=CARTESIAN_POINT('',(-5.61660692305224,-1.,-5.83186094317519));
#10803=CARTESIAN_POINT('',(-6.06534864251807,-1.,-6.28235413194514));
#10804=CARTESIAN_POINT('',(-5.73805606505369,-1.,-6.60837423089667));
#10805=CARTESIAN_POINT('',(-6.08968135856091,-1.,-6.90798929919199));
#10806=CARTESIAN_POINT('',(-6.08151990584882,-1.,-6.91756749971996));
#10807=CARTESIAN_POINT('',(-6.0729845332848,-0.999751732299176,-6.92679307386782));
#10808=CARTESIAN_POINT('',(-6.06407616400523,-0.999252704596559,-6.93566680836105));
#10809=CARTESIAN_POINT('',(-6.06407616400523,0.999252704596559,-6.93566680836105));
#10810=CARTESIAN_POINT('',(-6.0729845332848,0.999751732299176,-6.92679307386782));
#10811=CARTESIAN_POINT('',(-6.08151990584882,1.,-6.91756749971996));
#10812=CARTESIAN_POINT('',(-6.08968135856091,1.,-6.90798929919199));
#10813=CARTESIAN_POINT('',(4.06877263653242,-0.05,-4.87919283363643));
#10814=CARTESIAN_POINT('',(-4.06877263653242,0.05,-4.87919283363643));
#10815=CARTESIAN_POINT('',(-6.09076728275633,-0.0499999999999998,-6.90907946182305));
#10816=CARTESIAN_POINT('',(6.09076728275634,0.0499999999999997,-6.90907946182305));
#10817=CARTESIAN_POINT('',(-4.5025,-4.96112507834045,0.));
#10818=CARTESIAN_POINT('',(4.5025,-4.96112507834045,-0.389503488483515));
#10819=CARTESIAN_POINT('',(4.5025,4.98531592713741,0.));
#10820=CARTESIAN_POINT('',(-4.5025,4.98531592713741,0.));
#10821=CARTESIAN_POINT('',(5.53425,4.44403537960182,-0.365750000000001));
#10822=CARTESIAN_POINT('',(-5.53425,-2.86876984262334,-0.365750000000001));
#10823=CARTESIAN_POINT('',(-5.53425,-2.86876984262334,-0.365750000000001));
#10824=CARTESIAN_POINT('',(5.53425,4.44403537960182,-0.365750000000001));
#10825=CARTESIAN_POINT('',(-5.4793875,-2.86876984262334,-3.97691645194895));
#10826=CARTESIAN_POINT('',(5.4793875,-4.32265994195067,-3.97691645194895));
#10827=CARTESIAN_POINT('',(5.4793875,4.32265994195067,-3.97691645194895));
#10828=CARTESIAN_POINT('',(-5.4793875,-2.86876984262334,-3.97691645194895));
#10829=MECHANICAL_DESIGN_GEOMETRIC_PRESENTATION_REPRESENTATION('',(#4326,
#4327,#4328,#4329,#4330,#4331,#4332,#4333,#4334,#4335,#4336,#4337,#4338,
#4339,#4340,#4341,#4342,#4343,#4344,#4345,#4346,#4347,#4348,#4349,#4350,
#4351,#4352,#4353,#4354,#4355,#4356,#4357,#4358,#4359,#4360,#4361,#4362,
#4363,#4364,#4365,#4366,#4367,#4368,#4369,#4370,#4371,#4372,#4373,#4374,
#4375,#4376,#4377,#4378,#4379,#4380,#4381,#4382,#4383,#4384,#4385,#4386,
#4387,#4388,#4389,#4390,#4391,#4392,#4393,#4394,#4395,#4396,#4397,#4398,
#4399,#4400,#4401,#4402,#4403,#4404,#4405,#4406,#4407,#4408,#4409,#4410,
#4411,#4412,#4413,#4414,#4415,#4416,#4417,#4418,#4419,#4420,#4421,#4422,
#4423,#4424),#10830);
#10830=(
GEOMETRIC_REPRESENTATION_CONTEXT(3)
GLOBAL_UNCERTAINTY_ASSIGNED_CONTEXT((#10831))
GLOBAL_UNIT_ASSIGNED_CONTEXT((#10834,#10833,#10832))
REPRESENTATION_CONTEXT('PEC11L-4125F-S0020','TOP_LEVEL_ASSEMBLY_PART')
);
#10831=UNCERTAINTY_MEASURE_WITH_UNIT(LENGTH_MEASURE(0.005),#10834,
'DISTANCE_ACCURACY_VALUE','Maximum Tolerance applied to model');
#10832=(
NAMED_UNIT(*)
SI_UNIT($,.STERADIAN.)
SOLID_ANGLE_UNIT()
);
#10833=(
NAMED_UNIT(*)
PLANE_ANGLE_UNIT()
SI_UNIT($,.RADIAN.)
);
#10834=(
LENGTH_UNIT()
NAMED_UNIT(*)
SI_UNIT(.MILLI.,.METRE.)
);
#10835=PRODUCT_DEFINITION_SHAPE('','',#10836);
#10836=PRODUCT_DEFINITION('','',#10838,#10837);
#10837=PRODUCT_DEFINITION_CONTEXT('',#10844,'design');
#10838=PRODUCT_DEFINITION_FORMATION_WITH_SPECIFIED_SOURCE('','',#10840,
 .NOT_KNOWN.);
#10839=PRODUCT_RELATED_PRODUCT_CATEGORY('','',(#10840));
#10840=PRODUCT('PEC11L-4125F-S0020','PEC11L-4125F-S0020',
'PEC11L-4125F-S0020',(#10842));
#10841=PRODUCT_CATEGORY('','');
#10842=PRODUCT_CONTEXT('',#10844,'mechanical');
#10843=APPLICATION_PROTOCOL_DEFINITION('international standard',
'automotive_design',2010,#10844);
#10844=APPLICATION_CONTEXT(
'core data for automotive mechanical design processes');
ENDSEC;
END-ISO-10303-21;
