ISO-10303-21;
HEADER;
FILE_DESCRIPTION (( 'STEP AP214' ),
    '1' );
FILE_NAME ('PEC12R-4030F-S0024.STEP',
    '2025-04-09T15:47:33',
    ( 'LENOVO' ),
    ( '' ),
    'SwSTEP 2.0',
    'SolidWorks 2021',
    '' );
FILE_SCHEMA (( 'AUTOMOTIVE_DESIGN' ));
ENDSEC;

DATA;
#1 = CIRCLE ( 'NONE', #1023, 0.5999999999999989786 ) ;
#2 = ORIENTED_EDGE ( 'NONE', *, *, #2314, .F. ) ;
#3 = ORIENTED_EDGE ( 'NONE', *, *, #3807, .T. ) ;
#4 = DIRECTION ( 'NONE',  ( 0.000000000000000000, 1.000000000000000000, 4.430117370400858162E-17 ) ) ;
#5 = DIRECTION ( 'NONE',  ( 0.000000000000000000, 0.000000000000000000, -1.000000000000000000 ) ) ;
#6 = CARTESIAN_POINT ( 'NONE',  ( 4.250000000000000000, 6.100000000000000533, -5.674999999999999822 ) ) ;
#7 = EDGE_CURVE ( 'NONE', #2991, #4889, #3728, .T. ) ;
#8 = DIRECTION ( 'NONE',  ( 0.000000000000000000, 0.000000000000000000, 1.000000000000000000 ) ) ;
#9 = ADVANCED_FACE ( 'NONE', ( #7439 ), #8029, .T. ) ;
#10 = CARTESIAN_POINT ( 'NONE',  ( -5.799999999999998934, 5.650000000000001243, 5.250000000000000000 ) ) ;
#11 = CARTESIAN_POINT ( 'NONE',  ( -2.100000000000000089, 2.504411906293520396, -6.200000000000001954 ) ) ;
#12 = CARTESIAN_POINT ( 'NONE',  ( 2.100000000000000089, 0.3544119062935187636, 6.700000000000000178 ) ) ;
#13 = FACE_OUTER_BOUND ( 'NONE', #5737, .T. ) ;
#14 = VECTOR ( 'NONE', #6682, 1000.000000000000000 ) ;
#15 = DIRECTION ( 'NONE',  ( 1.000000000000000000, 1.327027319204863784E-16, 0.000000000000000000 ) ) ;
#16 = ORIENTED_EDGE ( 'NONE', *, *, #9678, .F. ) ;
#17 = UNCERTAINTY_MEASURE_WITH_UNIT (LENGTH_MEASURE( 1.000000000000000082E-05 ), #10425, 'distance_accuracy_value', 'NONE');
#18 = DIRECTION ( 'NONE',  ( 0.000000000000000000, -2.460132057943349518E-16, 1.000000000000000000 ) ) ;
#19 = DIRECTION ( 'NONE',  ( 1.000000000000000000, -0.000000000000000000, -0.000000000000000000 ) ) ;
#20 = ORIENTED_EDGE ( 'NONE', *, *, #10096, .T. ) ;
#21 = DIRECTION ( 'NONE',  ( 0.000000000000000000, 0.000000000000000000, 1.000000000000000000 ) ) ;
#22 = CLOSED_SHELL ( 'NONE', ( #5070, #7773, #4757, #519, #8686, #645 ) ) ;
#23 = AXIS2_PLACEMENT_3D ( 'NONE', #5851, #4410, #6701 ) ;
#24 = MANIFOLD_SOLID_BREP ( 'LPattern2', #335 ) ;
#25 = DIRECTION ( 'NONE',  ( 0.000000000000000000, 0.000000000000000000, 1.000000000000000000 ) ) ;
#26 = DIRECTION ( 'NONE',  ( 0.000000000000000000, -2.460132057943349518E-16, 1.000000000000000000 ) ) ;
#27 = CYLINDRICAL_SURFACE ( 'NONE', #2520, 0.2999999999999999334 ) ;
#28 = STYLED_ITEM ( 'NONE', ( #4412 ), #384 ) ;
#29 = TOROIDAL_SURFACE ( 'NONE', #878, 0.09999999999999996392, 0.2000000000000000111 ) ;
#30 = DIRECTION ( 'NONE',  ( 0.9396926207859082059, -0.3420201433256695456, -8.414147190578587988E-17 ) ) ;
#31 = CARTESIAN_POINT ( 'NONE',  ( 5.049999999999997158, 1.000000000000000000, 4.500000000000000888 ) ) ;
#32 = ORIENTED_EDGE ( 'NONE', *, *, #6011, .T. ) ;
#33 = DIRECTION ( 'NONE',  ( 9.383500162295677136E-17, 0.7071067811865500152, -0.7071067811865451302 ) ) ;
#34 = EDGE_CURVE ( 'NONE', #6481, #4087, #3802, .T. ) ;
#35 = ORIENTED_EDGE ( 'NONE', *, *, #1472, .F. ) ;
#36 = ORIENTED_EDGE ( 'NONE', *, *, #3270, .F. ) ;
#37 = DIRECTION ( 'NONE',  ( -0.000000000000000000, 4.430117370400858162E-17, -1.000000000000000000 ) ) ;
#38 = DIRECTION ( 'NONE',  ( 0.000000000000000000, -0.000000000000000000, -1.000000000000000000 ) ) ;
#39 = VERTEX_POINT ( 'NONE', #2580 ) ;
#40 =( NAMED_UNIT ( * ) SI_UNIT ( $, .STERADIAN. ) SOLID_ANGLE_UNIT ( ) );
#41 = AXIS2_PLACEMENT_3D ( 'NONE', #480, #5322, #7215 ) ;
#42 = LINE ( 'NONE', #8350, #10574 ) ;
#43 = DIRECTION ( 'NONE',  ( 0.000000000000000000, 2.017120320903263702E-16, -1.000000000000000000 ) ) ;
#44 = LINE ( 'NONE', #9468, #3590 ) ;
#45 = DIRECTION ( 'NONE',  ( -1.000000000000000000, -0.000000000000000000, 0.000000000000000000 ) ) ;
#46 = AXIS2_PLACEMENT_3D ( 'NONE', #1634, #1482, #3241 ) ;
#47 = STYLED_ITEM ( 'NONE', ( #7235 ), #24 ) ;
#48 = VERTEX_POINT ( 'NONE', #8367 ) ;
#49 = ADVANCED_FACE ( 'NONE', ( #7369 ), #4922, .F. ) ;
#50 = DIRECTION ( 'NONE',  ( 0.000000000000000000, 1.000000000000000000, 0.000000000000000000 ) ) ;
#51 = EDGE_LOOP ( 'NONE', ( #8342, #1126, #8165, #8034 ) ) ;
#52 = EDGE_CURVE ( 'NONE', #3841, #3908, #3711, .T. ) ;
#53 = ORIENTED_EDGE ( 'NONE', *, *, #7750, .F. ) ;
#54 = DIRECTION ( 'NONE',  ( 0.000000000000000000, 0.000000000000000000, -1.000000000000000000 ) ) ;
#55 = CARTESIAN_POINT ( 'NONE',  ( -5.908508773426603966, -0.9841458618106281309, 1.000000000000000000 ) ) ;
#56 = CARTESIAN_POINT ( 'NONE',  ( 3.396418141452980599, 0.5350933335321558237, -7.050000000000001599 ) ) ;
#57 = DIRECTION ( 'NONE',  ( 0.000000000000000000, -2.460132057943349518E-16, 1.000000000000000000 ) ) ;
#58 = CARTESIAN_POINT ( 'NONE',  ( -5.699999999999998401, 0.6000000000000007550, -3.000000000000000000 ) ) ;
#59 = EDGE_CURVE ( 'NONE', #9301, #3094, #395, .T. ) ;
#60 = EDGE_CURVE ( 'NONE', #8630, #2101, #466, .T. ) ;
#61 = VECTOR ( 'NONE', #7145, 1000.000000000000000 ) ;
#62 = CARTESIAN_POINT ( 'NONE',  ( 5.750000000000000000, 6.099999999999999645, 5.250000000000000000 ) ) ;
#63 = DIRECTION ( 'NONE',  ( -0.000000000000000000, 0.7071067811865460184, 0.7071067811865490160 ) ) ;
#64 = FACE_OUTER_BOUND ( 'NONE', #3935, .T. ) ;
#65 = ORIENTED_EDGE ( 'NONE', *, *, #6614, .T. ) ;
#66 = ORIENTED_EDGE ( 'NONE', *, *, #4339, .T. ) ;
#67 = ORIENTED_EDGE ( 'NONE', *, *, #8421, .T. ) ;
#68 = DIRECTION ( 'NONE',  ( 0.000000000000000000, -1.000000000000000000, 0.000000000000000000 ) ) ;
#69 = CARTESIAN_POINT ( 'NONE',  ( 6.563830408857795895, -1.920042149226665718, -1.000000000000000000 ) ) ;
#70 = AXIS2_PLACEMENT_3D ( 'NONE', #7032, #3708, #8545 ) ;
#71 = ADVANCED_FACE ( 'NONE', ( #3868 ), #239, .T. ) ;
#72 = DIRECTION ( 'NONE',  ( -0.7660444431189813441, -0.6427876096865353661, 0.000000000000000000 ) ) ;
#73 = CARTESIAN_POINT ( 'NONE',  ( 6.200000000000000178, 0.09999999999999971412, 4.500000000000000888 ) ) ;
#74 = VECTOR ( 'NONE', #2419, 1000.000000000000000 ) ;
#75 = CARTESIAN_POINT ( 'NONE',  ( -3.850000000000000089, 4.986986664055304885, -6.700000000000000178 ) ) ;
#76 = CARTESIAN_POINT ( 'NONE',  ( 6.399999999999998579, -2.034757436496875016, 1.000000000000000000 ) ) ;
#77 = EDGE_CURVE ( 'NONE', #1659, #1474, #4003, .T. ) ;
#78 = DIRECTION ( 'NONE',  ( 0.000000000000000000, 0.000000000000000000, -1.000000000000000000 ) ) ;
#79 = FACE_OUTER_BOUND ( 'NONE', #5008, .T. ) ;
#80 = EDGE_CURVE ( 'NONE', #394, #7271, #411, .T. ) ;
#81 = FACE_OUTER_BOUND ( 'NONE', #9571, .T. ) ;
#82 = CARTESIAN_POINT ( 'NONE',  ( -6.599999999999997868, -2.034757436496875016, 1.000000000000000000 ) ) ;
#83 = VERTEX_POINT ( 'NONE', #2317 ) ;
#84 = DIRECTION ( 'NONE',  ( 1.000000000000000000, 0.000000000000000000, 0.000000000000000000 ) ) ;
#85 = CARTESIAN_POINT ( 'NONE',  ( 2.700000000000001510, 0.6999999999999992895, 7.549999999999999822 ) ) ;
#86 = ORIENTED_EDGE ( 'NONE', *, *, #8418, .T. ) ;
#87 = CARTESIAN_POINT ( 'NONE',  ( -5.750000000000000000, 5.700000000000000178, 6.400000000000000355 ) ) ;
#88 = ORIENTED_EDGE ( 'NONE', *, *, #1899, .T. ) ;
#89 = AXIS2_PLACEMENT_3D ( 'NONE', #2152, #1217, #9401 ) ;
#90 = ADVANCED_FACE ( 'NONE', ( #4024 ), #290, .T. ) ;
#91 = CARTESIAN_POINT ( 'NONE',  ( -6.236169591142200375, -0.7547152872702095339, 1.000000000000000000 ) ) ;
#92 = DIRECTION ( 'NONE',  ( 0.000000000000000000, 0.000000000000000000, -1.000000000000000000 ) ) ;
#93 = FACE_OUTER_BOUND ( 'NONE', #6785, .T. ) ;
#94 = CIRCLE ( 'NONE', #7814, 0.5000000000000004441 ) ;
#95 = EDGE_CURVE ( 'NONE', #9435, #4681, #7424, .T. ) ;
#96 = CARTESIAN_POINT ( 'NONE',  ( 0.000000000000000000, 30.00000000000000000, 0.000000000000000000 ) ) ;
#97 = ORIENTED_EDGE ( 'NONE', *, *, #4287, .T. ) ;
#98 = CARTESIAN_POINT ( 'NONE',  ( 2.500000000000000000, -2.299999999999999822, 7.549999999999999822 ) ) ;
#99 = CARTESIAN_POINT ( 'NONE',  ( 2.598076211353316900, 29.50000000000000000, 1.499999999999999112 ) ) ;
#100 = ORIENTED_EDGE ( 'NONE', *, *, #3211, .T. ) ;
#101 = CARTESIAN_POINT ( 'NONE',  ( 1.700000000000000178, 1.100000000000000089, -5.850000000000000533 ) ) ;
#102 = CARTESIAN_POINT ( 'NONE',  ( 0.000000000000000000, 30.00000000000000000, -2.500000000000002220 ) ) ;
#103 = DIRECTION ( 'NONE',  ( -1.000000000000000000, 0.000000000000000000, -0.000000000000000000 ) ) ;
#104 = CIRCLE ( 'NONE', #8897, 0.2999999999999999334 ) ;
#105 = AXIS2_PLACEMENT_3D ( 'NONE', #10563, #7944, #6216 ) ;
#106 = VECTOR ( 'NONE', #2199, 1000.000000000000114 ) ;
#107 = ADVANCED_FACE ( 'NONE', ( #486 ), #1537, .F. ) ;
#108 = EDGE_CURVE ( 'NONE', #1294, #6378, #7293, .T. ) ;
#109 = DIRECTION ( 'NONE',  ( -0.000000000000000000, -1.000000000000000000, 0.000000000000000000 ) ) ;
#110 = ORIENTED_EDGE ( 'NONE', *, *, #4649, .F. ) ;
#111 = DIRECTION ( 'NONE',  ( 1.000000000000000000, 0.000000000000000000, -0.000000000000000000 ) ) ;
#112 = EDGE_LOOP ( 'NONE', ( #332, #7878, #3401, #5054 ) ) ;
#113 = DIRECTION ( 'NONE',  ( -0.7660444431189813441, -0.6427876096865353661, 0.000000000000000000 ) ) ;
#114 = DIRECTION ( 'NONE',  ( -0.5735764363510492680, -0.8191520442889895781, 0.000000000000000000 ) ) ;
#115 = CARTESIAN_POINT ( 'NONE',  ( 5.799999999999996270, 0.000000000000000000, 6.700000000000000178 ) ) ;
#116 = DIRECTION ( 'NONE',  ( -1.000000000000000000, 0.000000000000000000, 0.000000000000000000 ) ) ;
#117 = PLANE ( 'NONE',  #7446 ) ;
#118 = ORIENTED_EDGE ( 'NONE', *, *, #2885, .T. ) ;
#119 = EDGE_CURVE ( 'NONE', #8898, #1944, #204, .T. ) ;
#120 = EDGE_LOOP ( 'NONE', ( #787, #1007, #6535, #4615 ) ) ;
#121 = ADVANCED_FACE ( 'NONE', ( #7408 ), #2517, .F. ) ;
#122 = ORIENTED_EDGE ( 'NONE', *, *, #419, .T. ) ;
#123 = ORIENTED_EDGE ( 'NONE', *, *, #8747, .F. ) ;
#124 = DIRECTION ( 'NONE',  ( 0.000000000000000000, 0.000000000000000000, -1.000000000000000000 ) ) ;
#125 = AXIS2_PLACEMENT_3D ( 'NONE', #1341, #38, #8996 ) ;
#126 = CARTESIAN_POINT ( 'NONE',  ( -0.2000000000000000944, -2.299999999999999822, 7.549999999999999822 ) ) ;
#127 = CARTESIAN_POINT ( 'NONE',  ( 2.100000000000000089, 2.504411906293519507, 7.549999999999999822 ) ) ;
#128 = DIRECTION ( 'NONE',  ( 0.000000000000000000, -1.000000000000000000, -2.460132057943349518E-16 ) ) ;
#129 = VECTOR ( 'NONE', #2738, 1000.000000000000000 ) ;
#130 = ORIENTED_EDGE ( 'NONE', *, *, #8219, .T. ) ;
#131 = CARTESIAN_POINT ( 'NONE',  ( -6.399999999999998579, -0.6400000000000000133, 1.000000000000000000 ) ) ;
#132 = ORIENTED_EDGE ( 'NONE', *, *, #10377, .F. ) ;
#133 = PRODUCT_DEFINITION_FORMATION_WITH_SPECIFIED_SOURCE ( 'ANY', '', #7943, .NOT_KNOWN. ) ;
#134 = VECTOR ( 'NONE', #7830, 1000.000000000000000 ) ;
#135 = DIRECTION ( 'NONE',  ( 0.000000000000000000, 1.000000000000000000, 0.000000000000000000 ) ) ;
#136 = CARTESIAN_POINT ( 'NONE',  ( 6.399999999999998579, -2.034757436496875016, -1.000000000000000000 ) ) ;
#137 = ORIENTED_EDGE ( 'NONE', *, *, #6897, .T. ) ;
#138 = DIRECTION ( 'NONE',  ( 0.000000000000000000, 0.000000000000000000, 1.000000000000000000 ) ) ;
#139 = VERTEX_POINT ( 'NONE', #594 ) ;
#140 = ADVANCED_FACE ( 'NONE', ( #258 ), #7388, .T. ) ;
#141 = AXIS2_PLACEMENT_3D ( 'NONE', #6712, #2558, #7416 ) ;
#142 = LINE ( 'NONE', #10100, #6909 ) ;
#143 = DIRECTION ( 'NONE',  ( 0.000000000000000000, 2.460132057943349518E-16, -1.000000000000000000 ) ) ;
#144 = EDGE_LOOP ( 'NONE', ( #9676, #4059, #2226, #2869 ) ) ;
#145 = EDGE_CURVE ( 'NONE', #1178, #8109, #3852, .T. ) ;
#146 = CARTESIAN_POINT ( 'NONE',  ( 3.299999999999999822, 0.8000000000000001554, -7.050000000000001599 ) ) ;
#147 = VECTOR ( 'NONE', #6642, 1000.000000000000000 ) ;
#148 = VERTEX_POINT ( 'NONE', #3814 ) ;
#149 = LINE ( 'NONE', #6110, #245 ) ;
#150 = CARTESIAN_POINT ( 'NONE',  ( 5.799999999999998934, 5.650000000000002132, -2.999999999999998224 ) ) ;
#151 = CARTESIAN_POINT ( 'NONE',  ( -3.999999999999998224, 0.000000000000000000, 5.850000000000000533 ) ) ;
#152 = CARTESIAN_POINT ( 'NONE',  ( -3.880824640740575315, 2.935823076413500043, 4.500000000000000888 ) ) ;
#153 = ORIENTED_EDGE ( 'NONE', *, *, #1093, .F. ) ;
#154 = CARTESIAN_POINT ( 'NONE',  ( -5.750000000000000000, 5.700000000000000178, 6.700000000000000178 ) ) ;
#155 = AXIS2_PLACEMENT_3D ( 'NONE', #10460, #610, #1444 ) ;
#156 = CARTESIAN_POINT ( 'NONE',  ( 3.299999999999999822, 0.7999999999999983791, 7.249999999999999112 ) ) ;
#157 = VERTEX_POINT ( 'NONE', #1430 ) ;
#158 = ORIENTED_EDGE ( 'NONE', *, *, #6252, .T. ) ;
#159 = DIRECTION ( 'NONE',  ( 1.000000000000000000, 0.000000000000000000, 0.000000000000000000 ) ) ;
#160 = CARTESIAN_POINT ( 'NONE',  ( -5.908508773426603966, -0.9841458618106281309, 1.000000000000000000 ) ) ;
#161 = DIRECTION ( 'NONE',  ( 0.000000000000000000, 1.000000000000000000, 0.000000000000000000 ) ) ;
#162 = ADVANCED_FACE ( 'NONE', ( #1392 ), #8688, .T. ) ;
#163 = AXIS2_PLACEMENT_3D ( 'NONE', #3375, #2322, #9637 ) ;
#164 = EDGE_CURVE ( 'NONE', #6428, #8287, #5256, .T. ) ;
#165 = VECTOR ( 'NONE', #10486, 1000.000000000000000 ) ;
#166 = ORIENTED_EDGE ( 'NONE', *, *, #5615, .T. ) ;
#167 = CIRCLE ( 'NONE', #7229, 0.1999999999999996503 ) ;
#168 = EDGE_CURVE ( 'NONE', #9301, #7451, #5385, .T. ) ;
#169 = CARTESIAN_POINT ( 'NONE',  ( 3.299999999999999822, 2.949999999999998845, 7.249999999999999112 ) ) ;
#170 = ORIENTED_EDGE ( 'NONE', *, *, #2950, .T. ) ;
#171 = CYLINDRICAL_SURFACE ( 'NONE', #2946, 0.04999999999999883010 ) ;
#172 = DIRECTION ( 'NONE',  ( 0.000000000000000000, 1.000000000000000000, 0.000000000000000000 ) ) ;
#173 = EDGE_CURVE ( 'NONE', #867, #3430, #8741, .T. ) ;
#174 = EDGE_LOOP ( 'NONE', ( #9748, #2956 ) ) ;
#175 = CARTESIAN_POINT ( 'NONE',  ( 1.700000000000000178, 0.5000000000000027756, -7.050000000000001599 ) ) ;
#176 = ORIENTED_EDGE ( 'NONE', *, *, #1491, .F. ) ;
#177 = ORIENTED_EDGE ( 'NONE', *, *, #7355, .F. ) ;
#178 = EDGE_CURVE ( 'NONE', #881, #870, #8900, .T. ) ;
#179 = DIRECTION ( 'NONE',  ( 1.000000000000000000, 0.000000000000000000, 0.000000000000000000 ) ) ;
#180 = CARTESIAN_POINT ( 'NONE',  ( 0.000000000000000000, 2.100000000000000089, 1.000000000000000000 ) ) ;
#181 = DIRECTION ( 'NONE',  ( 0.000000000000000000, 1.000000000000000000, -0.000000000000000000 ) ) ;
#182 = DIRECTION ( 'NONE',  ( 0.000000000000000000, 0.000000000000000000, -1.000000000000000000 ) ) ;
#183 = VECTOR ( 'NONE', #5971, 1000.000000000000000 ) ;
#184 = DIRECTION ( 'NONE',  ( 0.000000000000000000, 1.000000000000000000, -0.000000000000000000 ) ) ;
#185 = ORIENTED_EDGE ( 'NONE', *, *, #2181, .T. ) ;
#186 = CONICAL_SURFACE ( 'NONE', #1091, 2.500000000000002220, 0.7853981633974461696 ) ;
#187 = DIRECTION ( 'NONE',  ( 1.000000000000000000, 0.000000000000000000, 0.000000000000000000 ) ) ;
#188 = ADVANCED_FACE ( 'NONE', ( #1735 ), #2357, .T. ) ;
#189 = CARTESIAN_POINT ( 'NONE',  ( 3.299999999999999822, 1.099999999999999867, -6.750000000000001776 ) ) ;
#190 = ORIENTED_EDGE ( 'NONE', *, *, #8288, .T. ) ;
#191 = AXIS2_PLACEMENT_3D ( 'NONE', #1428, #4945, #6604 ) ;
#192 = VECTOR ( 'NONE', #1035, 1000.000000000000000 ) ;
#193 = VERTEX_POINT ( 'NONE', #5622 ) ;
#194 = EDGE_CURVE ( 'NONE', #6121, #1346, #9464, .T. ) ;
#195 = ORIENTED_EDGE ( 'NONE', *, *, #5359, .F. ) ;
#196 = ORIENTED_EDGE ( 'NONE', *, *, #3780, .T. ) ;
#197 = DIRECTION ( 'NONE',  ( 0.000000000000000000, 0.000000000000000000, -1.000000000000000000 ) ) ;
#198 = DIRECTION ( 'NONE',  ( -1.807003620809174139E-16, 1.000000000000000000, -1.153875183674998759E-16 ) ) ;
#199 = EDGE_CURVE ( 'NONE', #6498, #9319, #9413, .T. ) ;
#200 = CARTESIAN_POINT ( 'NONE',  ( 5.499999999999996447, 1.000000000000000000, -6.700000000000000178 ) ) ;
#201 = CIRCLE ( 'NONE', #10559, 1.000000000000000000 ) ;
#202 = CARTESIAN_POINT ( 'NONE',  ( -5.799999999999998934, 3.100000000000000533, 5.250000000000000000 ) ) ;
#203 = ORIENTED_EDGE ( 'NONE', *, *, #8164, .T. ) ;
#204 = LINE ( 'NONE', #5689, #7349 ) ;
#205 = VERTEX_POINT ( 'NONE', #7512 ) ;
#206 = VECTOR ( 'NONE', #10217, 1000.000000000000000 ) ;
#207 = EDGE_LOOP ( 'NONE', ( #7501, #3700, #4284, #1741 ) ) ;
#208 = VECTOR ( 'NONE', #10031, 1000.000000000000000 ) ;
#209 = VERTEX_POINT ( 'NONE', #8579 ) ;
#210 = AXIS2_PLACEMENT_3D ( 'NONE', #4920, #717, #7367 ) ;
#211 = CARTESIAN_POINT ( 'NONE',  ( -0.7999999999999999334, 2.999999999999998224, 6.349999999999997868 ) ) ;
#212 = ADVANCED_FACE ( 'NONE', ( #2429 ), #4301, .T. ) ;
#213 = CARTESIAN_POINT ( 'NONE',  ( 0.8000000000000001554, 2.949999999999998845, 7.249999999999999112 ) ) ;
#214 = ORIENTED_EDGE ( 'NONE', *, *, #1962, .F. ) ;
#215 = ORIENTED_EDGE ( 'NONE', *, *, #3915, .F. ) ;
#216 = EDGE_CURVE ( 'NONE', #2092, #5501, #5918, .T. ) ;
#217 = VECTOR ( 'NONE', #8880, 1000.000000000000000 ) ;
#218 = ORIENTED_EDGE ( 'NONE', *, *, #563, .T. ) ;
#219 = CARTESIAN_POINT ( 'NONE',  ( -0.7999999999999999334, 2.949999999999998845, 7.249999999999999112 ) ) ;
#220 = PLANE ( 'NONE',  #8014 ) ;
#221 = VERTEX_POINT ( 'NONE', #7663 ) ;
#222 = CARTESIAN_POINT ( 'NONE',  ( 0.000000000000000000, 0.000000000000000000, 0.000000000000000000 ) ) ;
#223 = VERTEX_POINT ( 'NONE', #8509 ) ;
#224 = VECTOR ( 'NONE', #2427, 1000.000000000000000 ) ;
#225 = DIRECTION ( 'NONE',  ( -1.000000000000000000, -0.000000000000000000, -0.000000000000000000 ) ) ;
#226 = DIRECTION ( 'NONE',  ( 0.000000000000000000, -1.000000000000000000, 8.673617379883977096E-15 ) ) ;
#227 = CARTESIAN_POINT ( 'NONE',  ( 2.100000000000000089, -3.099999999999998757, 7.299999999999998934 ) ) ;
#228 = ORIENTED_EDGE ( 'NONE', *, *, #5762, .T. ) ;
#229 = CARTESIAN_POINT ( 'NONE',  ( 4.549999999999997158, 0.000000000000000000, 5.850000000000000533 ) ) ;
#230 = DIRECTION ( 'NONE',  ( 0.000000000000000000, -0.000000000000000000, -1.000000000000000000 ) ) ;
#231 = ORIENTED_EDGE ( 'NONE', *, *, #4070, .F. ) ;
#232 = ORIENTED_EDGE ( 'NONE', *, *, #10357, .F. ) ;
#233 = DIRECTION ( 'NONE',  ( -9.383500162295610576E-17, 0.7071067811865451302, -0.7071067811865500152 ) ) ;
#234 = DIRECTION ( 'NONE',  ( -1.000000000000000000, -0.000000000000000000, -0.000000000000000000 ) ) ;
#235 = DIRECTION ( 'NONE',  ( 0.000000000000000000, -4.430117370400858162E-17, 1.000000000000000000 ) ) ;
#236 = EDGE_CURVE ( 'NONE', #6143, #285, #5685, .T. ) ;
#237 = LINE ( 'NONE', #10324, #3611 ) ;
#238 = ORIENTED_EDGE ( 'NONE', *, *, #4607, .F. ) ;
#239 = CYLINDRICAL_SURFACE ( 'NONE', #5465, 0.4000000000000001887 ) ;
#240 = VERTEX_POINT ( 'NONE', #229 ) ;
#241 = AXIS2_PLACEMENT_3D ( 'NONE', #1445, #7023, #3968 ) ;
#242 = VECTOR ( 'NONE', #768, 1000.000000000000000 ) ;
#243 = DIRECTION ( 'NONE',  ( 0.000000000000000000, 0.000000000000000000, -1.000000000000000000 ) ) ;
#244 = ORIENTED_EDGE ( 'NONE', *, *, #840, .F. ) ;
#245 = VECTOR ( 'NONE', #7762, 1000.000000000000000 ) ;
#246 = DIRECTION ( 'NONE',  ( 0.000000000000000000, 1.000000000000000000, 0.000000000000000000 ) ) ;
#247 = ORIENTED_EDGE ( 'NONE', *, *, #8294, .F. ) ;
#248 = CARTESIAN_POINT ( 'NONE',  ( 5.799999999999996270, 0.1000000000000001721, 2.000000000000000000 ) ) ;
#249 = ORIENTED_EDGE ( 'NONE', *, *, #2014, .F. ) ;
#250 = DIRECTION ( 'NONE',  ( -1.000000000000000000, 0.000000000000000000, 0.000000000000000000 ) ) ;
#251 = DIRECTION ( 'NONE',  ( 1.000000000000000000, 0.000000000000000000, 0.000000000000000000 ) ) ;
#252 = UNCERTAINTY_MEASURE_WITH_UNIT (LENGTH_MEASURE( 1.000000000000000082E-05 ), #9121, 'distance_accuracy_value', 'NONE');
#253 = LINE ( 'NONE', #5226, #183 ) ;
#254 = ADVANCED_FACE ( 'NONE', ( #5546 ), #3742, .T. ) ;
#255 = DIRECTION ( 'NONE',  ( 1.000000000000000000, 0.000000000000000000, -0.000000000000000000 ) ) ;
#256 = ORIENTED_EDGE ( 'NONE', *, *, #5498, .F. ) ;
#257 = EDGE_CURVE ( 'NONE', #9618, #6305, #9254, .T. ) ;
#258 = FACE_OUTER_BOUND ( 'NONE', #5258, .T. ) ;
#259 = PLANE ( 'NONE',  #5599 ) ;
#260 = CIRCLE ( 'NONE', #4826, 0.2000000000000007327 ) ;
#261 = DIRECTION ( 'NONE',  ( -0.5735764363510463815, 0.8191520442889915765, 0.000000000000000000 ) ) ;
#262 = PLANE ( 'NONE',  #9458 ) ;
#263 = AXIS2_PLACEMENT_3D ( 'NONE', #8563, #4784, #10363 ) ;
#264 = CLOSED_SHELL ( 'NONE', ( #6420, #10189, #1181, #597, #6393, #1334, #7035, #2120, #7263, #1836, #1596, #3310, #3079, #5204, #2607, #6800, #5020, #3053, #8869, #4398, #450 ) ) ;
#265 = CIRCLE ( 'NONE', #6130, 0.2000000000000005107 ) ;
#266 = VERTEX_POINT ( 'NONE', #2801 ) ;
#267 = EDGE_CURVE ( 'NONE', #240, #10067, #6010, .T. ) ;
#268 = ORIENTED_EDGE ( 'NONE', *, *, #2633, .F. ) ;
#269 = DIRECTION ( 'NONE',  ( 0.000000000000000000, 1.000000000000000000, 0.000000000000000000 ) ) ;
#270 = DIRECTION ( 'NONE',  ( 0.000000000000000000, 0.000000000000000000, -1.000000000000000000 ) ) ;
#271 = DIRECTION ( 'NONE',  ( -0.000000000000000000, 1.000000000000000000, -0.000000000000000000 ) ) ;
#272 = SURFACE_SIDE_STYLE ('',( #9882 ) ) ;
#273 = LINE ( 'NONE', #3521, #3830 ) ;
#274 = MECHANICAL_DESIGN_GEOMETRIC_PRESENTATION_REPRESENTATION (  '', ( #3502 ), #4908 ) ;
#275 = EDGE_LOOP ( 'NONE', ( #8689, #10025, #4746, #10080 ) ) ;
#276 = CARTESIAN_POINT ( 'NONE',  ( 0.000000000000000000, 2.100000000000000089, 1.000000000000000000 ) ) ;
#277 = ADVANCED_FACE ( 'NONE', ( #9645 ), #4729, .F. ) ;
#278 = ORIENTED_EDGE ( 'NONE', *, *, #933, .T. ) ;
#279 = LINE ( 'NONE', #10180, #3842 ) ;
#280 = AXIS2_PLACEMENT_3D ( 'NONE', #6767, #10032, #4469 ) ;
#281 = CARTESIAN_POINT ( 'NONE',  ( -1.699999999999999956, 0.8000000000000001554, -6.750000000000001776 ) ) ;
#282 = AXIS2_PLACEMENT_3D ( 'NONE', #3369, #8081, #785 ) ;
#283 = ORIENTED_EDGE ( 'NONE', *, *, #978, .T. ) ;
#284 =( LENGTH_UNIT ( ) NAMED_UNIT ( * ) SI_UNIT ( .MILLI., .METRE. ) );
#285 = VERTEX_POINT ( 'NONE', #10626 ) ;
#286 = EDGE_CURVE ( 'NONE', #2101, #7228, #2734, .T. ) ;
#287 = ORIENTED_EDGE ( 'NONE', *, *, #6353, .F. ) ;
#288 = ORIENTED_EDGE ( 'NONE', *, *, #3261, .F. ) ;
#289 = PLANE ( 'NONE',  #9653 ) ;
#290 = CYLINDRICAL_SURFACE ( 'NONE', #10203, 0.2999999999999999334 ) ;
#291 = AXIS2_PLACEMENT_3D ( 'NONE', #2371, #4144, #3220 ) ;
#292 = CARTESIAN_POINT ( 'NONE',  ( 3.299999999999999822, 2.650000000000000799, 7.549999999999999822 ) ) ;
#293 = VECTOR ( 'NONE', #6838, 1000.000000000000000 ) ;
#294 = VECTOR ( 'NONE', #9454, 1000.000000000000000 ) ;
#295 = CARTESIAN_POINT ( 'NONE',  ( 5.799999999999998046, 0.5000000000000004441, 3.000000000000000888 ) ) ;
#296 = ORIENTED_EDGE ( 'NONE', *, *, #3535, .F. ) ;
#297 = VECTOR ( 'NONE', #7025, 1000.000000000000000 ) ;
#298 = CARTESIAN_POINT ( 'NONE',  ( -2.449999999999999734, -2.299999999999999822, 7.699999999999997513 ) ) ;
#299 = VERTEX_POINT ( 'NONE', #4803 ) ;
#300 = ADVANCED_FACE ( 'NONE', ( #2573 ), #9683, .T. ) ;
#301 = AXIS2_PLACEMENT_3D ( 'NONE', #5144, #5361, #7744 ) ;
#302 = CARTESIAN_POINT ( 'NONE',  ( 6.563830408857795895, -1.920042149226665718, -1.000000000000000000 ) ) ;
#303 = ORIENTED_EDGE ( 'NONE', *, *, #7136, .F. ) ;
#304 = DIRECTION ( 'NONE',  ( -0.000000000000000000, 2.017120320903263702E-16, -1.000000000000000000 ) ) ;
#305 = EDGE_CURVE ( 'NONE', #6732, #2008, #6160, .T. ) ;
#306 = CARTESIAN_POINT ( 'NONE',  ( -1.699999999999999956, 0.8000000000000001554, -6.800000000000001599 ) ) ;
#307 = VECTOR ( 'NONE', #7036, 1000.000000000000000 ) ;
#308 = ORIENTED_EDGE ( 'NONE', *, *, #8413, .T. ) ;
#309 = EDGE_CURVE ( 'NONE', #654, #2883, #2622, .T. ) ;
#310 = VERTEX_POINT ( 'NONE', #7735 ) ;
#311 = ORIENTED_EDGE ( 'NONE', *, *, #8941, .T. ) ;
#312 = CIRCLE ( 'NONE', #2881, 0.4249999999999982681 ) ;
#313 = VECTOR ( 'NONE', #4835, 1000.000000000000000 ) ;
#314 = EDGE_CURVE ( 'NONE', #8054, #5494, #6205, .T. ) ;
#315 = ORIENTED_EDGE ( 'NONE', *, *, #9950, .T. ) ;
#316 = LINE ( 'NONE', #7974, #3701 ) ;
#317 = DIRECTION ( 'NONE',  ( 1.000000000000000000, -0.000000000000000000, -0.000000000000000000 ) ) ;
#318 = DIRECTION ( 'NONE',  ( -0.000000000000000000, -0.000000000000000000, -1.000000000000000000 ) ) ;
#319 = ORIENTED_EDGE ( 'NONE', *, *, #396, .T. ) ;
#320 = DIRECTION ( 'NONE',  ( 0.000000000000000000, 0.000000000000000000, -1.000000000000000000 ) ) ;
#321 = CARTESIAN_POINT ( 'NONE',  ( -3.299999999999999822, 0.8000000000000001554, -7.050000000000001599 ) ) ;
#322 = AXIS2_PLACEMENT_3D ( 'NONE', #2026, #57, #9593 ) ;
#323 = CIRCLE ( 'NONE', #23, 0.05000000000000012768 ) ;
#324 = DIRECTION ( 'NONE',  ( 0.000000000000000000, 0.000000000000000000, -1.000000000000000000 ) ) ;
#325 = ORIENTED_EDGE ( 'NONE', *, *, #2372, .T. ) ;
#326 = DIRECTION ( 'NONE',  ( 0.000000000000000000, 0.000000000000000000, -1.000000000000000000 ) ) ;
#327 = ORIENTED_EDGE ( 'NONE', *, *, #8451, .T. ) ;
#328 = LINE ( 'NONE', #7887, #7530 ) ;
#329 = LINE ( 'NONE', #10594, #242 ) ;
#330 = CARTESIAN_POINT ( 'NONE',  ( 3.880824640740575315, 2.935823076413500043, 3.000000000000000000 ) ) ;
#331 = DIRECTION ( 'NONE',  ( -0.000000000000000000, 0.000000000000000000, -1.000000000000000000 ) ) ;
#332 = ORIENTED_EDGE ( 'NONE', *, *, #6467, .F. ) ;
#333 = LINE ( 'NONE', #2823, #7521 ) ;
#334 = EDGE_CURVE ( 'NONE', #5769, #6326, #2678, .T. ) ;
#335 = CLOSED_SHELL ( 'NONE', ( #2446, #9053, #1695, #9334, #6368, #5317, #4606, #342, #9879, #7855, #7650, #9830, #71, #8916, #4625, #9775, #9009, #1420, #2629, #8403, #4314 ) ) ;
#336 = CARTESIAN_POINT ( 'NONE',  ( 2.449999999999999289, 0.6999999999999997335, 7.699999999999997513 ) ) ;
#337 = DIRECTION ( 'NONE',  ( 0.5735764363510492680, -0.8191520442889895781, 0.000000000000000000 ) ) ;
#338 = ORIENTED_EDGE ( 'NONE', *, *, #5473, .F. ) ;
#339 = CARTESIAN_POINT ( 'NONE',  ( -1.699999999999999956, 2.949999999999998845, 7.249999999999999112 ) ) ;
#340 = CARTESIAN_POINT ( 'NONE',  ( 0.4000000000000001887, 0.7999999999999983791, 7.299999999999998934 ) ) ;
#341 = VECTOR ( 'NONE', #9249, 1000.000000000000000 ) ;
#342 = ADVANCED_FACE ( 'NONE', ( #4344 ), #4631, .T. ) ;
#343 = ORIENTED_EDGE ( 'NONE', *, *, #6919, .F. ) ;
#344 =( GEOMETRIC_REPRESENTATION_CONTEXT ( 3 ) GLOBAL_UNCERTAINTY_ASSIGNED_CONTEXT ( ( #1070 ) ) GLOBAL_UNIT_ASSIGNED_CONTEXT ( ( #3124, #10465, #9037 ) ) REPRESENTATION_CONTEXT ( 'NONE', 'WORKASPACE' ) );
#345 = ORIENTED_EDGE ( 'NONE', *, *, #3894, .F. ) ;
#346 = LINE ( 'NONE', #5579, #4026 ) ;
#347 = CARTESIAN_POINT ( 'NONE',  ( 6.744145861810626918, -2.526248663070270073, 1.000000000000000000 ) ) ;
#348 = LINE ( 'NONE', #6283, #7279 ) ;
#349 = EDGE_CURVE ( 'NONE', #1812, #4589, #8193, .T. ) ;
#350 = ORIENTED_EDGE ( 'NONE', *, *, #5520, .F. ) ;
#351 = CARTESIAN_POINT ( 'NONE',  ( -5.799999999999996270, 0.5000000000000002220, -4.499999999999997335 ) ) ;
#352 = CARTESIAN_POINT ( 'NONE',  ( -2.449999999999999734, -2.299999999999999822, 7.549999999999998046 ) ) ;
#353 = CARTESIAN_POINT ( 'NONE',  ( -3.299999999999999822, 0.4999999999999998890, 6.700000000000000178 ) ) ;
#354 = EDGE_CURVE ( 'NONE', #5446, #5394, #8215, .T. ) ;
#355 = ORIENTED_EDGE ( 'NONE', *, *, #4788, .F. ) ;
#356 = SURFACE_STYLE_FILL_AREA ( #5103 ) ;
#357 = ORIENTED_EDGE ( 'NONE', *, *, #611, .F. ) ;
#358 = DIRECTION ( 'NONE',  ( 0.000000000000000000, 0.000000000000000000, 1.000000000000000000 ) ) ;
#359 = DIRECTION ( 'NONE',  ( -1.807003620809174632E-16, 1.000000000000000000, 6.531284371341748864E-17 ) ) ;
#360 = ORIENTED_EDGE ( 'NONE', *, *, #5789, .T. ) ;
#361 = FACE_OUTER_BOUND ( 'NONE', #6889, .T. ) ;
#362 = VECTOR ( 'NONE', #5801, 1000.000000000000000 ) ;
#363 = ADVANCED_FACE ( 'NONE', ( #8042 ), #4434, .T. ) ;
#364 = ORIENTED_EDGE ( 'NONE', *, *, #10556, .T. ) ;
#365 = PLANE ( 'NONE',  #6737 ) ;
#366 = CARTESIAN_POINT ( 'NONE',  ( 4.250000000000000000, 6.700000000000000178, -4.524999999999999467 ) ) ;
#367 = CARTESIAN_POINT ( 'NONE',  ( -5.799999999999996270, 0.5000000000000004441, -4.499999999999997335 ) ) ;
#368 = EDGE_CURVE ( 'NONE', #7811, #3646, #8232, .T. ) ;
#369 = CARTESIAN_POINT ( 'NONE',  ( 0.8000000000000001554, 0.7999999999999983791, 7.299999999999998934 ) ) ;
#370 = VERTEX_POINT ( 'NONE', #438 ) ;
#371 = CARTESIAN_POINT ( 'NONE',  ( 0.000000000000000000, 0.09999999999999971412, -4.500000000000000888 ) ) ;
#372 = AXIS2_PLACEMENT_3D ( 'NONE', #6128, #2189, #7635 ) ;
#373 = CARTESIAN_POINT ( 'NONE',  ( -6.200000000000000178, 2.100000000000000089, 1.000000000000000000 ) ) ;
#374 = CARTESIAN_POINT ( 'NONE',  ( -4.250000000000000000, 6.550000000000000711, 4.675000000000001599 ) ) ;
#375 = LINE ( 'NONE', #5919, #3982 ) ;
#376 = EDGE_LOOP ( 'NONE', ( #2951, #166, #10408, #8190 ) ) ;
#377 = ORIENTED_EDGE ( 'NONE', *, *, #10598, .F. ) ;
#378 = FACE_OUTER_BOUND ( 'NONE', #554, .T. ) ;
#379 = LINE ( 'NONE', #1199, #3748 ) ;
#380 = ORIENTED_EDGE ( 'NONE', *, *, #726, .F. ) ;
#381 = LINE ( 'NONE', #6836, #7502 ) ;
#382 = DIRECTION ( 'NONE',  ( -1.000000000000000000, -0.000000000000000000, 0.000000000000000000 ) ) ;
#383 = DIRECTION ( 'NONE',  ( 0.000000000000000000, 0.000000000000000000, -1.000000000000000000 ) ) ;
#384 = MANIFOLD_SOLID_BREP ( 'Combine5', #8354 ) ;
#385 = ADVANCED_FACE ( 'NONE', ( #6723 ), #365, .F. ) ;
#386 = DIRECTION ( 'NONE',  ( -0.000000000000000000, 1.000000000000000000, 2.460132057943349518E-16 ) ) ;
#387 = VERTEX_POINT ( 'NONE', #9467 ) ;
#388 = DIRECTION ( 'NONE',  ( 0.000000000000000000, 0.000000000000000000, 1.000000000000000000 ) ) ;
#389 = DIRECTION ( 'NONE',  ( 0.000000000000000000, 0.000000000000000000, -1.000000000000000000 ) ) ;
#390 = DIRECTION ( 'NONE',  ( 0.000000000000000000, -4.430117370400858162E-17, 1.000000000000000000 ) ) ;
#391 = AXIS2_PLACEMENT_3D ( 'NONE', #8105, #8938, #5775 ) ;
#392 = DIRECTION ( 'NONE',  ( 0.000000000000000000, -1.000000000000000000, 0.000000000000000000 ) ) ;
#393 = DIRECTION ( 'NONE',  ( 0.000000000000000000, 0.000000000000000000, 1.000000000000000000 ) ) ;
#394 = VERTEX_POINT ( 'NONE', #7874 ) ;
#395 = LINE ( 'NONE', #859, #3969 ) ;
#396 = EDGE_CURVE ( 'NONE', #387, #4755, #3125, .T. ) ;
#397 = LINE ( 'NONE', #7185, #3955 ) ;
#398 = VECTOR ( 'NONE', #3355, 1000.000000000000000 ) ;
#399 = DIRECTION ( 'NONE',  ( -1.000000000000000000, -0.000000000000000000, 0.000000000000000000 ) ) ;
#400 = ORIENTED_EDGE ( 'NONE', *, *, #3788, .T. ) ;
#401 = CIRCLE ( 'NONE', #1522, 0.1999999999999996503 ) ;
#402 = AXIS2_PLACEMENT_3D ( 'NONE', #7109, #7053, #10434 ) ;
#403 = ORIENTED_EDGE ( 'NONE', *, *, #1202, .F. ) ;
#404 = DIRECTION ( 'NONE',  ( 0.000000000000000000, 0.000000000000000000, 1.000000000000000000 ) ) ;
#405 = CARTESIAN_POINT ( 'NONE',  ( -5.049999999999997158, 0.1000000000000001721, -2.000000000000000000 ) ) ;
#406 = DIRECTION ( 'NONE',  ( 1.000000000000000000, 0.000000000000000000, -0.000000000000000000 ) ) ;
#407 =( NAMED_UNIT ( * ) SI_UNIT ( $, .STERADIAN. ) SOLID_ANGLE_UNIT ( ) );
#408 = VECTOR ( 'NONE', #4342, 1000.000000000000000 ) ;
#409 = STYLED_ITEM ( 'NONE', ( #747 ), #8162 ) ;
#410 = EDGE_LOOP ( 'NONE', ( #7348, #1415, #5007, #515, #3764 ) ) ;
#411 = LINE ( 'NONE', #7294, #7565 ) ;
#412 = ORIENTED_EDGE ( 'NONE', *, *, #3358, .F. ) ;
#413 = LINE ( 'NONE', #8039, #7719 ) ;
#414 = CARTESIAN_POINT ( 'NONE',  ( 5.799999999999998046, 0.5000000000000004441, 4.500000000000000888 ) ) ;
#415 = EDGE_CURVE ( 'NONE', #4229, #3094, #3143, .T. ) ;
#416 = ORIENTED_EDGE ( 'NONE', *, *, #1388, .T. ) ;
#417 = FACE_OUTER_BOUND ( 'NONE', #8600, .T. ) ;
#418 = DIRECTION ( 'NONE',  ( 0.000000000000000000, 0.000000000000000000, 1.000000000000000000 ) ) ;
#419 = EDGE_CURVE ( 'NONE', #8779, #895, #10245, .T. ) ;
#420 = DIRECTION ( 'NONE',  ( 0.000000000000000000, 0.000000000000000000, -1.000000000000000000 ) ) ;
#421 = DIRECTION ( 'NONE',  ( 0.000000000000000000, 0.000000000000000000, -1.000000000000000000 ) ) ;
#422 = ORIENTED_EDGE ( 'NONE', *, *, #1226, .T. ) ;
#423 = EDGE_CURVE ( 'NONE', #8516, #6588, #2897, .T. ) ;
#424 = ADVANCED_FACE ( 'NONE', ( #6438, #6451 ), #1356, .F. ) ;
#425 = EDGE_LOOP ( 'NONE', ( #5849, #4512, #9490, #2320 ) ) ;
#426 = CARTESIAN_POINT ( 'NONE',  ( -4.250000000000000000, 6.550000000000000711, -5.099999999999999645 ) ) ;
#427 = VERTEX_POINT ( 'NONE', #2207 ) ;
#428 = CARTESIAN_POINT ( 'NONE',  ( -2.500000000000000000, -2.500000000000000000, 7.549999999999999822 ) ) ;
#429 = AXIS2_PLACEMENT_3D ( 'NONE', #4737, #5577, #8653 ) ;
#430 = VECTOR ( 'NONE', #8876, 1000.000000000000000 ) ;
#431 = ORIENTED_EDGE ( 'NONE', *, *, #726, .T. ) ;
#432 = AXIS2_PLACEMENT_3D ( 'NONE', #213, #8565, #5267 ) ;
#433 = EDGE_CURVE ( 'NONE', #2421, #7214, #10055, .T. ) ;
#434 = VECTOR ( 'NONE', #6479, 1000.000000000000000 ) ;
#435 = DIRECTION ( 'NONE',  ( 0.000000000000000000, 0.000000000000000000, 1.000000000000000000 ) ) ;
#436 = DIRECTION ( 'NONE',  ( 1.000000000000000000, 0.000000000000000000, 0.000000000000000000 ) ) ;
#437 = DIRECTION ( 'NONE',  ( 0.000000000000000000, 0.000000000000000000, -1.000000000000000000 ) ) ;
#438 = CARTESIAN_POINT ( 'NONE',  ( 5.499999999999996447, 5.700000000000000178, -6.500000000000000888 ) ) ;
#439 = CARTESIAN_POINT ( 'NONE',  ( -5.799999999999996270, 0.5000000000000000000, 3.000000000000000000 ) ) ;
#440 = EDGE_CURVE ( 'NONE', #3721, #5327, #6583, .T. ) ;
#441 = ORIENTED_EDGE ( 'NONE', *, *, #3440, .F. ) ;
#442 = DIRECTION ( 'NONE',  ( 0.000000000000000000, 0.000000000000000000, 1.000000000000000000 ) ) ;
#443 = EDGE_CURVE ( 'NONE', #794, #4859, #3046, .T. ) ;
#444 = CIRCLE ( 'NONE', #3618, 1.000000000000000000 ) ;
#445 = DIRECTION ( 'NONE',  ( 0.000000000000000000, -0.000000000000000000, -1.000000000000000000 ) ) ;
#446 = VERTEX_POINT ( 'NONE', #4655 ) ;
#447 = COLOUR_RGB ( '',0.7921568627450980005, 0.8196078431372548767, 0.9333333333333333481 ) ;
#448 = LINE ( 'NONE', #1369, #3888 ) ;
#449 = VECTOR ( 'NONE', #161, 1000.000000000000000 ) ;
#450 = ADVANCED_FACE ( 'NONE', ( #9997 ), #3003, .T. ) ;
#451 = ORIENTED_EDGE ( 'NONE', *, *, #2958, .T. ) ;
#452 = FACE_OUTER_BOUND ( 'NONE', #4142, .T. ) ;
#453 = DIRECTION ( 'NONE',  ( -0.000000000000000000, -1.000000000000000000, -0.000000000000000000 ) ) ;
#454 = DIRECTION ( 'NONE',  ( 1.000000000000000000, -1.341711765540131426E-16, 0.000000000000000000 ) ) ;
#455 = AXIS2_PLACEMENT_3D ( 'NONE', #7292, #4849, #10548 ) ;
#456 = CARTESIAN_POINT ( 'NONE',  ( -1.983582586957798544, 2.170863245782921780, 7.299999999999998934 ) ) ;
#457 = ORIENTED_EDGE ( 'NONE', *, *, #8175, .T. ) ;
#458 = DIRECTION ( 'NONE',  ( 0.000000000000000000, 1.000000000000000000, 0.000000000000000000 ) ) ;
#459 = DIRECTION ( 'NONE',  ( -0.000000000000000000, -0.000000000000000000, -1.000000000000000000 ) ) ;
#460 = ORIENTED_EDGE ( 'NONE', *, *, #7030, .T. ) ;
#461 = DIRECTION ( 'NONE',  ( -0.7071067811865493491, 0.000000000000000000, -0.7071067811865456854 ) ) ;
#462 = DIRECTION ( 'NONE',  ( -0.000000000000000000, -0.000000000000000000, -1.000000000000000000 ) ) ;
#463 = LINE ( 'NONE', #5319, #4020 ) ;
#464 = EDGE_CURVE ( 'NONE', #7217, #3803, #6599, .T. ) ;
#465 = ORIENTED_EDGE ( 'NONE', *, *, #6796, .F. ) ;
#466 = LINE ( 'NONE', #9766, #7584 ) ;
#467 = DIRECTION ( 'NONE',  ( 0.000000000000000000, -2.460132057943349518E-16, 1.000000000000000000 ) ) ;
#468 = ORIENTED_EDGE ( 'NONE', *, *, #1093, .T. ) ;
#469 = SURFACE_STYLE_FILL_AREA ( #1626 ) ;
#470 = DIRECTION ( 'NONE',  ( 0.000000000000000000, 0.000000000000000000, -1.000000000000000000 ) ) ;
#471 = CARTESIAN_POINT ( 'NONE',  ( -1.734723475976807094E-15, 0.000000000000000000, -5.850000000000000533 ) ) ;
#472 = VERTEX_POINT ( 'NONE', #7945 ) ;
#473 = LINE ( 'NONE', #2205, #4335 ) ;
#474 = ADVANCED_FACE ( 'NONE', ( #6401 ), #9397, .F. ) ;
#475 = ORIENTED_EDGE ( 'NONE', *, *, #9619, .F. ) ;
#476 = AXIS2_PLACEMENT_3D ( 'NONE', #1259, #4567, #2919 ) ;
#477 = DIRECTION ( 'NONE',  ( -0.5735764363510473807, 0.8191520442889910214, 0.000000000000000000 ) ) ;
#478 = ORIENTED_EDGE ( 'NONE', *, *, #6941, .T. ) ;
#479 = CARTESIAN_POINT ( 'NONE',  ( -6.399999999999998579, -2.034757436496875016, 1.000000000000000000 ) ) ;
#480 = CARTESIAN_POINT ( 'NONE',  ( 2.500000000000000000, -2.349999999999998312, -7.050000000000000711 ) ) ;
#481 = EDGE_CURVE ( 'NONE', #7564, #4566, #2916, .T. ) ;
#482 = PLANE ( 'NONE',  #5770 ) ;
#483 = FACE_OUTER_BOUND ( 'NONE', #9115, .T. ) ;
#484 = LINE ( 'NONE', #8212, #4057 ) ;
#485 = ORIENTED_EDGE ( 'NONE', *, *, #6636, .F. ) ;
#486 = FACE_OUTER_BOUND ( 'NONE', #6616, .T. ) ;
#487 = ORIENTED_EDGE ( 'NONE', *, *, #8557, .T. ) ;
#488 = FACE_OUTER_BOUND ( 'NONE', #5292, .T. ) ;
#489 = CARTESIAN_POINT ( 'NONE',  ( -6.399999999999998579, -0.6400000000000000133, 1.000000000000000000 ) ) ;
#490 = LINE ( 'NONE', #6099, #4043 ) ;
#491 = ORIENTED_EDGE ( 'NONE', *, *, #4951, .F. ) ;
#492 = CARTESIAN_POINT ( 'NONE',  ( 2.542012759203106320, 0.1000000000000001721, -2.000000000000000000 ) ) ;
#493 = DIRECTION ( 'NONE',  ( 0.000000000000000000, -1.000000000000000000, -0.000000000000000000 ) ) ;
#494 = DIRECTION ( 'NONE',  ( 0.8191520442889909104, -0.5735764363510472696, 0.000000000000000000 ) ) ;
#495 = ORIENTED_EDGE ( 'NONE', *, *, #3761, .T. ) ;
#496 = ORIENTED_EDGE ( 'NONE', *, *, #7656, .T. ) ;
#497 = FACE_OUTER_BOUND ( 'NONE', #9667, .T. ) ;
#498 = ORIENTED_EDGE ( 'NONE', *, *, #9034, .F. ) ;
#499 = DIRECTION ( 'NONE',  ( -0.000000000000000000, -1.000000000000000000, -0.000000000000000000 ) ) ;
#500 = EDGE_CURVE ( 'NONE', #6613, #6072, #10170, .T. ) ;
#501 = ORIENTED_EDGE ( 'NONE', *, *, #8305, .T. ) ;
#502 = CARTESIAN_POINT ( 'NONE',  ( -1.699999999999999956, 2.999999999999998224, 6.349999999999997868 ) ) ;
#503 = LINE ( 'NONE', #1386, #4062 ) ;
#504 = LINE ( 'NONE', #3617, #4671 ) ;
#505 = AXIS2_PLACEMENT_3D ( 'NONE', #9702, #1541, #3231 ) ;
#506 = DIRECTION ( 'NONE',  ( 1.000000000000000000, 0.000000000000000000, -0.000000000000000000 ) ) ;
#507 = ORIENTED_EDGE ( 'NONE', *, *, #3020, .T. ) ;
#508 = LINE ( 'NONE', #2490, #805 ) ;
#509 = DIRECTION ( 'NONE',  ( -1.000000000000000000, -1.327027319204863784E-16, 0.000000000000000000 ) ) ;
#510 = CARTESIAN_POINT ( 'NONE',  ( -5.499999999999996447, 5.500000000000000888, -6.400000000000000355 ) ) ;
#511 = DIRECTION ( 'NONE',  ( 0.000000000000000000, -2.460132057943349518E-16, 1.000000000000000000 ) ) ;
#512 = DIRECTION ( 'NONE',  ( -0.5735764363510463815, -0.8191520442889915765, 0.000000000000000000 ) ) ;
#513 = CARTESIAN_POINT ( 'NONE',  ( -5.799999999999996270, 0.5000000000000004441, 3.000000000000000000 ) ) ;
#514 = ORIENTED_EDGE ( 'NONE', *, *, #8531, .T. ) ;
#515 = ORIENTED_EDGE ( 'NONE', *, *, #5198, .F. ) ;
#516 = PLANE ( 'NONE',  #8679 ) ;
#517 = FACE_OUTER_BOUND ( 'NONE', #6649, .T. ) ;
#518 = AXIS2_PLACEMENT_3D ( 'NONE', #4460, #1942, #2162 ) ;
#519 = ADVANCED_FACE ( 'NONE', ( #6236 ), #6511, .T. ) ;
#520 = DIRECTION ( 'NONE',  ( 1.000000000000000000, 0.000000000000000000, 0.000000000000000000 ) ) ;
#521 = ORIENTED_EDGE ( 'NONE', *, *, #2627, .T. ) ;
#522 = ORIENTED_EDGE ( 'NONE', *, *, #9218, .T. ) ;
#523 = UNCERTAINTY_MEASURE_WITH_UNIT (LENGTH_MEASURE( 1.000000000000000082E-05 ), #8363, 'distance_accuracy_value', 'NONE');
#524 = VERTEX_POINT ( 'NONE', #7731 ) ;
#525 = LINE ( 'NONE', #8012, #4127 ) ;
#526 = ORIENTED_EDGE ( 'NONE', *, *, #3869, .F. ) ;
#527 = FACE_OUTER_BOUND ( 'NONE', #9097, .T. ) ;
#528 = CARTESIAN_POINT ( 'NONE',  ( -1.699999999999999956, 2.999999999999998224, 6.349999999999997868 ) ) ;
#529 = AXIS2_PLACEMENT_3D ( 'NONE', #5886, #856, #8296 ) ;
#530 = CARTESIAN_POINT ( 'NONE',  ( 4.250000000000000000, 6.550000000000000711, -5.099999999999999645 ) ) ;
#531 = DIRECTION ( 'NONE',  ( 0.000000000000000000, 0.000000000000000000, -1.000000000000000000 ) ) ;
#532 = ORIENTED_EDGE ( 'NONE', *, *, #8263, .F. ) ;
#533 = EDGE_CURVE ( 'NONE', #5536, #4439, #6278, .T. ) ;
#534 = ORIENTED_EDGE ( 'NONE', *, *, #1405, .F. ) ;
#535 = CARTESIAN_POINT ( 'NONE',  ( -5.799999999999998046, -0.6400000000000000133, 1.000000000000000000 ) ) ;
#536 = CARTESIAN_POINT ( 'NONE',  ( 5.799999999999996270, 0.000000000000000000, 6.400000000000000355 ) ) ;
#537 = ORIENTED_EDGE ( 'NONE', *, *, #7493, .T. ) ;
#538 = LINE ( 'NONE', #3458, #4218 ) ;
#539 = CARTESIAN_POINT ( 'NONE',  ( 5.799999999999996270, 5.500000000000000888, -6.400000000000000355 ) ) ;
#540 = CARTESIAN_POINT ( 'NONE',  ( 0.000000000000000000, 30.00000000000000000, 0.000000000000000000 ) ) ;
#541 = ORIENTED_EDGE ( 'NONE', *, *, #7059, .F. ) ;
#542 = VERTEX_POINT ( 'NONE', #7659 ) ;
#543 = PRESENTATION_LAYER_ASSIGNMENT (  '', '', ( #7474 ) ) ;
#544 = ORIENTED_EDGE ( 'NONE', *, *, #7885, .T. ) ;
#545 = VECTOR ( 'NONE', #3189, 1000.000000000000000 ) ;
#546 = VECTOR ( 'NONE', #8087, 1000.000000000000000 ) ;
#547 = PLANE ( 'NONE',  #8888 ) ;
#548 = ADVANCED_FACE ( 'NONE', ( #6422 ), #6220, .F. ) ;
#549 = CARTESIAN_POINT ( 'NONE',  ( 0.4000000000000001887, -3.099999999999998312, -6.200000000000001954 ) ) ;
#550 = VERTEX_POINT ( 'NONE', #3879 ) ;
#551 = LINE ( 'NONE', #5705, #975 ) ;
#552 = AXIS2_PLACEMENT_3D ( 'NONE', #5529, #1244, #6254 ) ;
#553 = EDGE_CURVE ( 'NONE', #10062, #2849, #2968, .T. ) ;
#554 = EDGE_LOOP ( 'NONE', ( #2774, #2643, #6591, #9788 ) ) ;
#555 = CARTESIAN_POINT ( 'NONE',  ( -0.7999999999999999334, 2.650000000000000799, 7.549999999999999822 ) ) ;
#556 = VERTEX_POINT ( 'NONE', #9336 ) ;
#557 = DIRECTION ( 'NONE',  ( -0.000000000000000000, -0.000000000000000000, -1.000000000000000000 ) ) ;
#558 = EDGE_CURVE ( 'NONE', #8035, #4006, #6547, .T. ) ;
#559 = DIRECTION ( 'NONE',  ( -0.5735764363510492680, 0.8191520442889894671, -0.000000000000000000 ) ) ;
#560 = PLANE ( 'NONE',  #3470 ) ;
#561 = LINE ( 'NONE', #9311, #408 ) ;
#562 = VERTEX_POINT ( 'NONE', #8861 ) ;
#563 = EDGE_CURVE ( 'NONE', #4850, #5310, #2747, .T. ) ;
#564 = VERTEX_POINT ( 'NONE', #9012 ) ;
#565 = ORIENTED_EDGE ( 'NONE', *, *, #6926, .T. ) ;
#566 = VECTOR ( 'NONE', #461, 1000.000000000000000 ) ;
#567 = DIRECTION ( 'NONE',  ( 1.000000000000000000, 0.000000000000000000, 0.000000000000000000 ) ) ;
#568 = LINE ( 'NONE', #4001, #7548 ) ;
#569 = EDGE_CURVE ( 'NONE', #4824, #4483, #6528, .T. ) ;
#570 = ORIENTED_EDGE ( 'NONE', *, *, #9900, .F. ) ;
#571 = LINE ( 'NONE', #536, #7570 ) ;
#572 = CARTESIAN_POINT ( 'NONE',  ( 3.850000000000000089, 4.986986664055304885, -5.850000000000000533 ) ) ;
#573 = PLANE ( 'NONE',  #7578 ) ;
#574 = ADVANCED_FACE ( 'NONE', ( #6339 ), #2331, .F. ) ;
#575 = CARTESIAN_POINT ( 'NONE',  ( 5.750000000000000000, 6.099999999999999645, 5.250000000000000000 ) ) ;
#576 = ORIENTED_EDGE ( 'NONE', *, *, #2268, .F. ) ;
#577 = ORIENTED_EDGE ( 'NONE', *, *, #4942, .F. ) ;
#578 = AXIS2_PLACEMENT_3D ( 'NONE', #5097, #1654, #9961 ) ;
#579 = LINE ( 'NONE', #8404, #341 ) ;
#580 = ORIENTED_EDGE ( 'NONE', *, *, #7101, .F. ) ;
#581 = CARTESIAN_POINT ( 'NONE',  ( 5.799999999999996270, 1.000000000000000000, 6.400000000000000355 ) ) ;
#582 = VERTEX_POINT ( 'NONE', #6530 ) ;
#583 = CARTESIAN_POINT ( 'NONE',  ( -5.699999999999998401, 0.09999999999999993616, -4.500000000000001776 ) ) ;
#584 = ORIENTED_EDGE ( 'NONE', *, *, #5554, .F. ) ;
#585 = VECTOR ( 'NONE', #7976, 1000.000000000000000 ) ;
#586 = EDGE_CURVE ( 'NONE', #4796, #7412, #9778, .T. ) ;
#587 = COLOUR_RGB ( '',0.1176470588235294101, 0.3921568627450980338, 0.2745098039215686514 ) ;
#588 = CARTESIAN_POINT ( 'NONE',  ( -5.049999999999997158, 1.000000000000000000, 5.350000000000001421 ) ) ;
#589 = ORIENTED_EDGE ( 'NONE', *, *, #682, .T. ) ;
#590 = LINE ( 'NONE', #9814, #4404 ) ;
#591 = EDGE_CURVE ( 'NONE', #310, #148, #2805, .T. ) ;
#592 = DIRECTION ( 'NONE',  ( 0.000000000000000000, 0.000000000000000000, -1.000000000000000000 ) ) ;
#593 = DIRECTION ( 'NONE',  ( 1.000000000000000000, 0.000000000000000000, 0.000000000000000000 ) ) ;
#594 = CARTESIAN_POINT ( 'NONE',  ( -2.700000000000000178, 0.6999999999999997335, 7.549999999999999822 ) ) ;
#595 = ORIENTED_EDGE ( 'NONE', *, *, #354, .F. ) ;
#596 = EDGE_LOOP ( 'NONE', ( #6979, #1183, #2617, #5518 ) ) ;
#597 = ADVANCED_FACE ( 'NONE', ( #10073 ), #4016, .F. ) ;
#598 = DIRECTION ( 'NONE',  ( 1.000000000000000000, 0.000000000000000000, -0.000000000000000000 ) ) ;
#599 = VERTEX_POINT ( 'NONE', #7175 ) ;
#600 = LINE ( 'NONE', #9893, #7491 ) ;
#601 = CARTESIAN_POINT ( 'NONE',  ( -6.200000000000000178, 0.09999999999999971412, 4.500000000000000888 ) ) ;
#602 = ORIENTED_EDGE ( 'NONE', *, *, #4311, .T. ) ;
#603 = AXIS2_PLACEMENT_3D ( 'NONE', #1450, #618, #10402 ) ;
#604 = ORIENTED_EDGE ( 'NONE', *, *, #5778, .F. ) ;
#605 = FACE_OUTER_BOUND ( 'NONE', #8479, .T. ) ;
#606 = LINE ( 'NONE', #4161, #4277 ) ;
#607 = ORIENTED_EDGE ( 'NONE', *, *, #2507, .F. ) ;
#608 = DIRECTION ( 'NONE',  ( 0.000000000000000000, -1.000000000000000000, -0.000000000000000000 ) ) ;
#609 = DIRECTION ( 'NONE',  ( -1.000000000000000000, -1.341711765540131426E-16, 0.000000000000000000 ) ) ;
#610 = DIRECTION ( 'NONE',  ( 0.000000000000000000, 2.017120320903263702E-16, -1.000000000000000000 ) ) ;
#611 = EDGE_CURVE ( 'NONE', #4248, #654, #2703, .T. ) ;
#612 = DIRECTION ( 'NONE',  ( 0.000000000000000000, 0.000000000000000000, -1.000000000000000000 ) ) ;
#613 = ORIENTED_EDGE ( 'NONE', *, *, #2651, .T. ) ;
#614 = VERTEX_POINT ( 'NONE', #8025 ) ;
#615 = CARTESIAN_POINT ( 'NONE',  ( -2.500000000000000000, -2.299999999999999822, 7.699999999999997513 ) ) ;
#616 = CARTESIAN_POINT ( 'NONE',  ( 6.599999999999997868, -2.034757436496875016, -1.000000000000000000 ) ) ;
#617 = ORIENTED_EDGE ( 'NONE', *, *, #2624, .F. ) ;
#618 = DIRECTION ( 'NONE',  ( -0.000000000000000000, -1.000000000000000000, -0.000000000000000000 ) ) ;
#619 = CIRCLE ( 'NONE', #5930, 3.000000000000000000 ) ;
#620 = ADVANCED_FACE ( 'NONE', ( #9843 ), #4943, .F. ) ;
#621 = ORIENTED_EDGE ( 'NONE', *, *, #3557, .F. ) ;
#622 = ORIENTED_EDGE ( 'NONE', *, *, #5733, .T. ) ;
#623 = LINE ( 'NONE', #10575, #7497 ) ;
#624 = LINE ( 'NONE', #1779, #4186 ) ;
#625 = AXIS2_PLACEMENT_3D ( 'NONE', #10401, #2231, #1384 ) ;
#626 = DIRECTION ( 'NONE',  ( 1.327027319204863784E-16, 1.000000000000000000, 0.000000000000000000 ) ) ;
#627 = CARTESIAN_POINT ( 'NONE',  ( 0.000000000000000000, 2.399999999999999467, 5.850000000000000533 ) ) ;
#628 = ORIENTED_EDGE ( 'NONE', *, *, #8424, .T. ) ;
#629 = LINE ( 'NONE', #202, #4189 ) ;
#630 = EDGE_CURVE ( 'NONE', #5219, #640, #6259, .T. ) ;
#631 = ORIENTED_EDGE ( 'NONE', *, *, #9658, .F. ) ;
#632 = ORIENTED_EDGE ( 'NONE', *, *, #5730, .T. ) ;
#633 = DIRECTION ( 'NONE',  ( 0.000000000000000000, -1.000000000000000000, 0.000000000000000000 ) ) ;
#634 = AXIS2_PLACEMENT_3D ( 'NONE', #7346, #3214, #1519 ) ;
#635 = ORIENTED_EDGE ( 'NONE', *, *, #5377, .F. ) ;
#636 = DIRECTION ( 'NONE',  ( -1.000000000000000000, 1.341711765540131426E-16, 0.000000000000000000 ) ) ;
#637 = DIRECTION ( 'NONE',  ( -0.000000000000000000, 0.000000000000000000, -1.000000000000000000 ) ) ;
#638 = CARTESIAN_POINT ( 'NONE',  ( 3.850000000000000089, 2.400000000000000355, -6.700000000000000178 ) ) ;
#639 = LINE ( 'NONE', #7149, #307 ) ;
#640 = VERTEX_POINT ( 'NONE', #6602 ) ;
#641 = VERTEX_POINT ( 'NONE', #7460 ) ;
#642 = LINE ( 'NONE', #3770, #585 ) ;
#643 = CARTESIAN_POINT ( 'NONE',  ( 3.880824640740575759, 0.09999999999999990841, 3.000000000000000000 ) ) ;
#644 = FACE_OUTER_BOUND ( 'NONE', #2349, .T. ) ;
#645 = ADVANCED_FACE ( 'NONE', ( #6295 ), #9091, .T. ) ;
#646 = VERTEX_POINT ( 'NONE', #2533 ) ;
#647 = LINE ( 'NONE', #4821, #7765 ) ;
#648 = CARTESIAN_POINT ( 'NONE',  ( -4.549999999999997158, 2.400000000000000355, 5.850000000000000533 ) ) ;
#649 = CARTESIAN_POINT ( 'NONE',  ( -0.05000000000000012768, -2.299999999999999822, 7.549999999999998046 ) ) ;
#650 = DIRECTION ( 'NONE',  ( 0.000000000000000000, -1.000000000000000000, -0.000000000000000000 ) ) ;
#651 = EDGE_CURVE ( 'NONE', #3642, #7451, #2765, .T. ) ;
#652 = VERTEX_POINT ( 'NONE', #3248 ) ;
#653 = ORIENTED_EDGE ( 'NONE', *, *, #10218, .T. ) ;
#654 = VERTEX_POINT ( 'NONE', #7312 ) ;
#655 = AXIS2_PLACEMENT_3D ( 'NONE', #9491, #8972, #3847 ) ;
#656 = ORIENTED_EDGE ( 'NONE', *, *, #2672, .F. ) ;
#658 = CARTESIAN_POINT ( 'NONE',  ( -2.100000000000000089, 0.7999999999999983791, 7.299999999999998934 ) ) ;
#657 = ADVANCED_BREP_SHAPE_REPRESENTATION ( 'PEC12R-4030F-S0024', ( #2860, #3425, #9315, #8162, #7202, #384, #10233, #3491, #6881, #5846, #6718, #4150, #24, #5180 ), #1857 ) ;
#659 = CARTESIAN_POINT ( 'NONE',  ( 5.799999999999996270, 0.1000000000000001721, 3.000000000000000000 ) ) ;
#660 = ORIENTED_EDGE ( 'NONE', *, *, #5997, .T. ) ;
#661 = LINE ( 'NONE', #1435, #7682 ) ;
#662 = CIRCLE ( 'NONE', #163, 0.05000000000000077993 ) ;
#663 = CARTESIAN_POINT ( 'NONE',  ( 6.200000000000000178, 3.100000000000000089, -3.000000000000000000 ) ) ;
#664 = ORIENTED_EDGE ( 'NONE', *, *, #8038, .F. ) ;
#665 = FACE_OUTER_BOUND ( 'NONE', #4761, .T. ) ;
#666 = CARTESIAN_POINT ( 'NONE',  ( -1.734723475976807094E-15, 0.000000000000000000, -4.500000000000000000 ) ) ;
#667 =( NAMED_UNIT ( * ) SI_UNIT ( $, .STERADIAN. ) SOLID_ANGLE_UNIT ( ) );
#668 = CARTESIAN_POINT ( 'NONE',  ( 0.8000000000000001554, 2.999999999999998224, 6.349999999999997868 ) ) ;
#669 = AXIS2_PLACEMENT_3D ( 'NONE', #3339, #3402, #5175 ) ;
#670 = CARTESIAN_POINT ( 'NONE',  ( 5.799999999999998934, 5.650000000000001243, 5.250000000000000000 ) ) ;
#671 = ORIENTED_EDGE ( 'NONE', *, *, #10628, .T. ) ;
#672 = UNCERTAINTY_MEASURE_WITH_UNIT (LENGTH_MEASURE( 1.000000000000000082E-05 ), #8790, 'distance_accuracy_value', 'NONE');
#673 = ORIENTED_EDGE ( 'NONE', *, *, #9536, .T. ) ;
#674 = CARTESIAN_POINT ( 'NONE',  ( 3.880824640740575759, 0.4999999999999995559, -4.499999999999997335 ) ) ;
#675 = ORIENTED_EDGE ( 'NONE', *, *, #3568, .F. ) ;
#676 = CIRCLE ( 'NONE', #5042, 0.2000000000000000944 ) ;
#677 = CARTESIAN_POINT ( 'NONE',  ( -3.299999999999999822, 0.8499999999999999778, -6.750000000000001776 ) ) ;
#678 = AXIS2_PLACEMENT_3D ( 'NONE', #5010, #1795, #54 ) ;
#679 = ORIENTED_EDGE ( 'NONE', *, *, #7230, .T. ) ;
#680 = ORIENTED_EDGE ( 'NONE', *, *, #5963, .T. ) ;
#681 = LINE ( 'NONE', #4379, #7799 ) ;
#682 = EDGE_CURVE ( 'NONE', #895, #4217, #6375, .T. ) ;
#683 = EDGE_LOOP ( 'NONE', ( #97, #7147, #10001, #708 ) ) ;
#684 = TOROIDAL_SURFACE ( 'NONE', #9369, 0.05000000000000010686, 0.1499999999999999944 ) ;
#685 = CARTESIAN_POINT ( 'NONE',  ( -3.850000000000000089, 1.000000000000000000, 5.850000000000000533 ) ) ;
#686 = CARTESIAN_POINT ( 'NONE',  ( 5.049999999999997158, 0.1000000000000001721, -2.599999999999997424 ) ) ;
#687 = CARTESIAN_POINT ( 'NONE',  ( 5.049999999999997158, 2.400000000000000355, 5.350000000000001421 ) ) ;
#688 = CARTESIAN_POINT ( 'NONE',  ( -6.199999999999999289, 5.650000000000001243, -5.250000000000000000 ) ) ;
#689 = ORIENTED_EDGE ( 'NONE', *, *, #95, .F. ) ;
#690 = AXIS2_PLACEMENT_3D ( 'NONE', #9179, #9314, #7040 ) ;
#691 = ORIENTED_EDGE ( 'NONE', *, *, #3001, .T. ) ;
#692 = ADVANCED_FACE ( 'NONE', ( #8987 ), #4178, .F. ) ;
#693 = DIRECTION ( 'NONE',  ( -0.000000000000000000, 0.000000000000000000, -1.000000000000000000 ) ) ;
#694 = DIRECTION ( 'NONE',  ( 0.000000000000000000, -4.430117370400858162E-17, 1.000000000000000000 ) ) ;
#695 = ORIENTED_EDGE ( 'NONE', *, *, #2380, .F. ) ;
#696 = DIRECTION ( 'NONE',  ( 0.000000000000000000, -1.000000000000000000, 1.445602896647339163E-16 ) ) ;
#697 = DIRECTION ( 'NONE',  ( 0.8191520442889915765, -0.5735764363510463815, 0.000000000000000000 ) ) ;
#698 = ORIENTED_EDGE ( 'NONE', *, *, #9678, .T. ) ;
#699 = AXIS2_PLACEMENT_3D ( 'NONE', #7354, #9832, #2414 ) ;
#700 = VECTOR ( 'NONE', #6111, 1000.000000000000000 ) ;
#701 = DIRECTION ( 'NONE',  ( 0.000000000000000000, 1.000000000000000000, 0.000000000000000000 ) ) ;
#702 = ORIENTED_EDGE ( 'NONE', *, *, #5762, .F. ) ;
#703 = EDGE_CURVE ( 'NONE', #3782, #8382, #9021, .T. ) ;
#704 = VECTOR ( 'NONE', #4276, 1000.000000000000000 ) ;
#705 = EDGE_CURVE ( 'NONE', #266, #6186, #5444, .T. ) ;
#706 = ORIENTED_EDGE ( 'NONE', *, *, #8346, .F. ) ;
#707 = DIRECTION ( 'NONE',  ( 0.8191520442889909104, 0.5735764363510472696, 0.000000000000000000 ) ) ;
#708 = ORIENTED_EDGE ( 'NONE', *, *, #7406, .T. ) ;
#709 = DIRECTION ( 'NONE',  ( 1.000000000000000000, 0.000000000000000000, -0.000000000000000000 ) ) ;
#710 = EDGE_LOOP ( 'NONE', ( #5174, #5644, #9294, #8990 ) ) ;
#711 = CARTESIAN_POINT ( 'NONE',  ( 5.049999999999997158, 2.400000000000000355, -3.000000000000000000 ) ) ;
#712 = EDGE_CURVE ( 'NONE', #7194, #48, #1912, .T. ) ;
#713 = CARTESIAN_POINT ( 'NONE',  ( -5.499999999999996447, 1.000000000000000000, -6.700000000000000178 ) ) ;
#714 = EDGE_LOOP ( 'NONE', ( #1820, #5784, #9554, #9165 ) ) ;
#715 = VERTEX_POINT ( 'NONE', #9354 ) ;
#716 = TOROIDAL_SURFACE ( 'NONE', #7208, 0.4249999999999999334, 0.1499999999999999944 ) ;
#717 = DIRECTION ( 'NONE',  ( -0.000000000000000000, 1.000000000000000000, 2.460132057943349518E-16 ) ) ;
#718 = CARTESIAN_POINT ( 'NONE',  ( 0.000000000000000000, 11.09999999999999964, 0.000000000000000000 ) ) ;
#719 = ORIENTED_EDGE ( 'NONE', *, *, #6206, .T. ) ;
#720 = ORIENTED_EDGE ( 'NONE', *, *, #4592, .F. ) ;
#721 = VECTOR ( 'NONE', #5925, 1000.000000000000000 ) ;
#722 = AXIS2_PLACEMENT_3D ( 'NONE', #1718, #4871, #3178 ) ;
#723 = CARTESIAN_POINT ( 'NONE',  ( -5.049999999999997158, 4.986986664055304885, 5.350000000000001421 ) ) ;
#724 = ORIENTED_EDGE ( 'NONE', *, *, #257, .F. ) ;
#725 = ORIENTED_EDGE ( 'NONE', *, *, #9561, .F. ) ;
#726 = EDGE_CURVE ( 'NONE', #7374, #2409, #5461, .T. ) ;
#727 = EDGE_CURVE ( 'NONE', #8246, #4006, #5481, .T. ) ;
#728 = ORIENTED_EDGE ( 'NONE', *, *, #8806, .F. ) ;
#729 = PLANE ( 'NONE',  #4416 ) ;
#730 = ORIENTED_EDGE ( 'NONE', *, *, #9340, .T. ) ;
#731 = CARTESIAN_POINT ( 'NONE',  ( -5.799999999999996270, 0.5000000000000002220, -3.000000000000000000 ) ) ;
#732 = EDGE_LOOP ( 'NONE', ( #6554, #2851, #2760, #10086, #4879, #6669 ) ) ;
#733 = LINE ( 'NONE', #10436, #7866 ) ;
#734 = DIRECTION ( 'NONE',  ( 1.000000000000000000, -0.000000000000000000, -0.000000000000000000 ) ) ;
#735 = DIRECTION ( 'NONE',  ( -0.000000000000000000, -0.000000000000000000, 1.000000000000000000 ) ) ;
#736 = DIRECTION ( 'NONE',  ( 0.000000000000000000, 0.000000000000000000, 1.000000000000000000 ) ) ;
#737 = CARTESIAN_POINT ( 'NONE',  ( -0.4000000000000001887, -3.099999999999998312, -6.200000000000001954 ) ) ;
#738 = EDGE_LOOP ( 'NONE', ( #3953, #2134, #3349, #468 ) ) ;
#739 = AXIS2_PLACEMENT_3D ( 'NONE', #9793, #5379, #8393 ) ;
#740 = ORIENTED_EDGE ( 'NONE', *, *, #3652, .T. ) ;
#741 = CARTESIAN_POINT ( 'NONE',  ( 4.250000000000000000, 6.700000000000000178, 4.525000000000001243 ) ) ;
#742 = EDGE_CURVE ( 'NONE', #8624, #4837, #1876, .T. ) ;
#743 = LINE ( 'NONE', #7846, #779 ) ;
#744 = CARTESIAN_POINT ( 'NONE',  ( -1.699999999999999956, 0.7999999999999983791, 7.299999999999998934 ) ) ;
#745 = ORIENTED_EDGE ( 'NONE', *, *, #4509, .F. ) ;
#746 = ORIENTED_EDGE ( 'NONE', *, *, #4173, .T. ) ;
#748 = EDGE_CURVE ( 'NONE', #542, #3378, #8927, .T. ) ;
#747 = PRESENTATION_STYLE_ASSIGNMENT (( #4035 ) ) ;
#749 = CIRCLE ( 'NONE', #301, 0.4000000000000001887 ) ;
#750 = VERTEX_POINT ( 'NONE', #2966 ) ;
#751 = LINE ( 'NONE', #6559, #7690 ) ;
#752 = CARTESIAN_POINT ( 'NONE',  ( 5.799999999999996270, 1.000000000000000000, 6.400000000000000355 ) ) ;
#753 = SURFACE_SIDE_STYLE ('',( #4456 ) ) ;
#754 = ADVANCED_FACE ( 'NONE', ( #1740 ), #5375, .F. ) ;
#755 = CARTESIAN_POINT ( 'NONE',  ( 6.744145861810626030, -2.526248663070268741, 1.000000000000000000 ) ) ;
#756 = DIRECTION ( 'NONE',  ( -1.000000000000000000, 0.000000000000000000, 0.000000000000000000 ) ) ;
#757 = ORIENTED_EDGE ( 'NONE', *, *, #10482, .F. ) ;
#758 = VERTEX_POINT ( 'NONE', #4324 ) ;
#759 = DIRECTION ( 'NONE',  ( 0.9396926207859082059, 0.3420201433256695456, 0.000000000000000000 ) ) ;
#760 = SURFACE_STYLE_USAGE ( .BOTH. , #7135 ) ;
#761 = ORIENTED_EDGE ( 'NONE', *, *, #2866, .F. ) ;
#762 = CARTESIAN_POINT ( 'NONE',  ( 0.8000000000000001554, 0.7999999999999982681, 7.549999999999999822 ) ) ;
#763 = VECTOR ( 'NONE', #2441, 1000.000000000000000 ) ;
#764 = EDGE_LOOP ( 'NONE', ( #522, #8464, #10029, #7967 ) ) ;
#765 = EDGE_CURVE ( 'NONE', #1725, #8353, #5334, .T. ) ;
#766 = DIRECTION ( 'NONE',  ( 0.5735764363510463815, -0.8191520442889915765, 0.000000000000000000 ) ) ;
#767 = PLANE ( 'NONE',  #655 ) ;
#768 = DIRECTION ( 'NONE',  ( 0.000000000000000000, 4.430117370400858162E-17, -1.000000000000000000 ) ) ;
#769 = AXIS2_PLACEMENT_3D ( 'NONE', #7134, #9611, #4613 ) ;
#770 = ORIENTED_EDGE ( 'NONE', *, *, #4468, .F. ) ;
#771 = CARTESIAN_POINT ( 'NONE',  ( -5.049999999999997158, 4.986986664055304885, -4.999999999999997335 ) ) ;
#772 = VECTOR ( 'NONE', #4014, 1000.000000000000114 ) ;
#773 = VERTEX_POINT ( 'NONE', #7532 ) ;
#774 = ORIENTED_EDGE ( 'NONE', *, *, #4423, .T. ) ;
#775 = ADVANCED_FACE ( 'NONE', ( #1627 ), #7761, .F. ) ;
#776 = DIRECTION ( 'NONE',  ( 0.000000000000000000, 1.000000000000000000, 0.000000000000000000 ) ) ;
#777 = EDGE_LOOP ( 'NONE', ( #6825, #5035, #6623, #4982 ) ) ;
#778 = DIRECTION ( 'NONE',  ( -1.535153518563546084E-16, 1.000000000000000000, -1.445602896647339163E-16 ) ) ;
#779 = VECTOR ( 'NONE', #3854, 999.9999999999998863 ) ;
#780 = ORIENTED_EDGE ( 'NONE', *, *, #1962, .T. ) ;
#781 = FACE_OUTER_BOUND ( 'NONE', #5686, .T. ) ;
#782 = DIRECTION ( 'NONE',  ( 0.000000000000000000, -1.000000000000000000, 0.000000000000000000 ) ) ;
#783 = LINE ( 'NONE', #575, #7665 ) ;
#784 = EDGE_CURVE ( 'NONE', #1303, #5211, #1833, .T. ) ;
#785 = DIRECTION ( 'NONE',  ( 0.000000000000000000, 0.000000000000000000, -1.000000000000000000 ) ) ;
#786 = CARTESIAN_POINT ( 'NONE',  ( 1.700000000000000178, 0.5000000000000026645, -6.750000000000001776 ) ) ;
#787 = ORIENTED_EDGE ( 'NONE', *, *, #2743, .T. ) ;
#788 = LINE ( 'NONE', #11, #4230 ) ;
#789 = CARTESIAN_POINT ( 'NONE',  ( 0.8000000000000001554, 2.999999999999998224, 6.349999999999997868 ) ) ;
#790 = DIRECTION ( 'NONE',  ( 0.000000000000000000, 1.000000000000000000, -1.445602896647339163E-16 ) ) ;
#791 = DIRECTION ( 'NONE',  ( -1.000000000000000000, 0.000000000000000000, -0.000000000000000000 ) ) ;
#792 = EDGE_LOOP ( 'NONE', ( #10296, #4084, #3370, #1963 ) ) ;
#793 = EDGE_CURVE ( 'NONE', #4913, #845, #1724, .T. ) ;
#794 = VERTEX_POINT ( 'NONE', #1104 ) ;
#795 = LINE ( 'NONE', #8544, #3849 ) ;
#796 = VECTOR ( 'NONE', #7507, 1000.000000000000000 ) ;
#797 = ADVANCED_FACE ( 'NONE', ( #1664 ), #10179, .F. ) ;
#798 = ORIENTED_EDGE ( 'NONE', *, *, #1760, .T. ) ;
#799 = CARTESIAN_POINT ( 'NONE',  ( 5.799999999999996270, 0.000000000000000000, -6.400000000000000355 ) ) ;
#800 = PRODUCT_DEFINITION ( 'UNKNOWN', '', #133, #8707 ) ;
#801 = VECTOR ( 'NONE', #1578, 1000.000000000000000 ) ;
#802 = FACE_OUTER_BOUND ( 'NONE', #6441, .T. ) ;
#803 = DIRECTION ( 'NONE',  ( 0.000000000000000000, 0.000000000000000000, 1.000000000000000000 ) ) ;
#804 = ORIENTED_EDGE ( 'NONE', *, *, #9947, .T. ) ;
#805 = VECTOR ( 'NONE', #3346, 1000.000000000000114 ) ;
#806 = CARTESIAN_POINT ( 'NONE',  ( 6.200000000000000178, 3.100000000000000089, 1.599999999999999867 ) ) ;
#807 = DIRECTION ( 'NONE',  ( 0.000000000000000000, 0.000000000000000000, 1.000000000000000000 ) ) ;
#808 = AXIS2_PLACEMENT_3D ( 'NONE', #3039, #9419, #6319 ) ;
#809 = EDGE_CURVE ( 'NONE', #4842, #562, #5081, .T. ) ;
#810 = PLANE ( 'NONE',  #8843 ) ;
#811 = ORIENTED_EDGE ( 'NONE', *, *, #1875, .T. ) ;
#812 = EDGE_CURVE ( 'NONE', #4984, #4626, #5283, .T. ) ;
#813 = DIRECTION ( 'NONE',  ( -0.000000000000000000, 4.430117370400858162E-17, -1.000000000000000000 ) ) ;
#814 = ORIENTED_EDGE ( 'NONE', *, *, #7604, .F. ) ;
#815 = CIRCLE ( 'NONE', #8132, 0.05000000000000012768 ) ;
#816 = PLANE ( 'NONE',  #8824 ) ;
#817 = ORIENTED_EDGE ( 'NONE', *, *, #3298, .F. ) ;
#818 = EDGE_CURVE ( 'NONE', #9966, #7890, #1761, .T. ) ;
#819 = ORIENTED_EDGE ( 'NONE', *, *, #5778, .T. ) ;
#820 = FACE_OUTER_BOUND ( 'NONE', #5828, .T. ) ;
#821 = FACE_OUTER_BOUND ( 'NONE', #3034, .T. ) ;
#822 = AXIS2_PLACEMENT_3D ( 'NONE', #5766, #3940, #6448 ) ;
#823 = ADVANCED_FACE ( 'NONE', ( #5227 ), #7686, .T. ) ;
#824 = ORIENTED_EDGE ( 'NONE', *, *, #9941, .F. ) ;
#825 = VERTEX_POINT ( 'NONE', #8533 ) ;
#826 = FACE_OUTER_BOUND ( 'NONE', #6860, .T. ) ;
#827 = CARTESIAN_POINT ( 'NONE',  ( -6.200000000000000178, 3.100000000000000089, 5.250000000000000000 ) ) ;
#828 = CARTESIAN_POINT ( 'NONE',  ( -1.699999999999999956, 0.7999999999999983791, 7.249999999999999112 ) ) ;
#829 = CARTESIAN_POINT ( 'NONE',  ( -1.983582586957798544, 2.170863245782921780, 7.549999999999999822 ) ) ;
#830 = EDGE_LOOP ( 'NONE', ( #2970, #1865, #2323, #8548 ) ) ;
#831 = VERTEX_POINT ( 'NONE', #5906 ) ;
#832 = AXIS2_PLACEMENT_3D ( 'NONE', #7127, #6394, #9729 ) ;
#833 = CARTESIAN_POINT ( 'NONE',  ( -3.999999999999998224, -3.551475717527321367E-16, 5.850000000000000533 ) ) ;
#834 = DIRECTION ( 'NONE',  ( 1.000000000000000000, 0.000000000000000000, -0.000000000000000000 ) ) ;
#835 = EDGE_LOOP ( 'NONE', ( #9585, #3236, #5572, #9166 ) ) ;
#836 = EDGE_CURVE ( 'NONE', #3860, #1064, #8948, .T. ) ;
#837 = ORIENTED_EDGE ( 'NONE', *, *, #10474, .F. ) ;
#838 = VECTOR ( 'NONE', #609, 1000.000000000000000 ) ;
#839 = DIRECTION ( 'NONE',  ( 0.8191520442889909104, 0.5735764363510473807, 0.000000000000000000 ) ) ;
#840 = EDGE_CURVE ( 'NONE', #7152, #2849, #1816, .T. ) ;
#841 = FACE_OUTER_BOUND ( 'NONE', #3531, .T. ) ;
#842 = DIRECTION ( 'NONE',  ( 0.000000000000000000, 0.000000000000000000, -1.000000000000000000 ) ) ;
#843 = CARTESIAN_POINT ( 'NONE',  ( 3.563393125268146111, 2.400000000000000355, 4.500000000000000888 ) ) ;
#844 = VERTEX_POINT ( 'NONE', #8387 ) ;
#845 = VERTEX_POINT ( 'NONE', #1034 ) ;
#846 = CYLINDRICAL_SURFACE ( 'NONE', #4484, 0.1499999999999999667 ) ;
#847 = EDGE_CURVE ( 'NONE', #7271, #5193, #5248, .T. ) ;
#848 = ORIENTED_EDGE ( 'NONE', *, *, #1891, .T. ) ;
#849 = EDGE_LOOP ( 'NONE', ( #2812, #9978, #2263, #2001, #9535, #496, #9063 ) ) ;
#850 = PLANE ( 'NONE',  #5066 ) ;
#851 = ORIENTED_EDGE ( 'NONE', *, *, #7539, .F. ) ;
#852 = VECTOR ( 'NONE', #6736, 1000.000000000000000 ) ;
#853 = ORIENTED_EDGE ( 'NONE', *, *, #7033, .T. ) ;
#854 = AXIS2_PLACEMENT_3D ( 'NONE', #8155, #7443, #9139 ) ;
#855 = LINE ( 'NONE', #2553, #971 ) ;
#856 = DIRECTION ( 'NONE',  ( 0.000000000000000000, -4.430117370400858162E-17, 1.000000000000000000 ) ) ;
#857 = PLANE ( 'NONE',  #5119 ) ;
#858 = TOROIDAL_SURFACE ( 'NONE', #4164, 0.05000000000000010686, 0.1499999999999999944 ) ;
#859 = CARTESIAN_POINT ( 'NONE',  ( -3.880824640740575759, 0.4999999999999998890, -4.499999999999997335 ) ) ;
#860 = DIRECTION ( 'NONE',  ( 0.000000000000000000, 0.000000000000000000, -1.000000000000000000 ) ) ;
#861 = VERTEX_POINT ( 'NONE', #1871 ) ;
#862 = ORIENTED_EDGE ( 'NONE', *, *, #3443, .T. ) ;
#863 = LINE ( 'NONE', #3174, #4513 ) ;
#864 = DIRECTION ( 'NONE',  ( 0.000000000000000000, 2.460132057943349518E-16, -1.000000000000000000 ) ) ;
#865 = CARTESIAN_POINT ( 'NONE',  ( -2.500000000000000000, -3.099999999999998312, -6.200000000000001954 ) ) ;
#866 = EDGE_CURVE ( 'NONE', #9703, #556, #1581, .T. ) ;
#867 = VERTEX_POINT ( 'NONE', #3905 ) ;
#868 = EDGE_LOOP ( 'NONE', ( #9324, #6090, #2086, #5195 ) ) ;
#869 = ADVANCED_FACE ( 'NONE', ( #1546 ), #3123, .T. ) ;
#870 = VERTEX_POINT ( 'NONE', #8819 ) ;
#871 = SURFACE_STYLE_FILL_AREA ( #2370 ) ;
#872 = ORIENTED_EDGE ( 'NONE', *, *, #10397, .F. ) ;
#873 = DIRECTION ( 'NONE',  ( 0.000000000000000000, 1.000000000000000000, 2.017120320903263702E-16 ) ) ;
#874 = ORIENTED_EDGE ( 'NONE', *, *, #6031, .T. ) ;
#875 = DIRECTION ( 'NONE',  ( 0.000000000000000000, 0.000000000000000000, 1.000000000000000000 ) ) ;
#876 = LINE ( 'NONE', #3899, #8030 ) ;
#877 = LINE ( 'NONE', #4878, #972 ) ;
#878 = AXIS2_PLACEMENT_3D ( 'NONE', #510, #2871, #1357 ) ;
#879 = DIRECTION ( 'NONE',  ( 0.000000000000000000, 0.000000000000000000, -1.000000000000000000 ) ) ;
#880 = ORIENTED_EDGE ( 'NONE', *, *, #2773, .T. ) ;
#881 = VERTEX_POINT ( 'NONE', #5593 ) ;
#882 = LINE ( 'NONE', #8512, #4459 ) ;
#883 = CARTESIAN_POINT ( 'NONE',  ( -3.850000000000000089, 4.986986664055304885, 6.700000000000000178 ) ) ;
#884 = DIRECTION ( 'NONE',  ( -0.9396926207859082059, -0.3420201433256695456, -6.898957812604546493E-17 ) ) ;
#885 = EDGE_CURVE ( 'NONE', #6938, #2923, #5408, .T. ) ;
#886 = CARTESIAN_POINT ( 'NONE',  ( -6.399999999999998579, -2.034757436496875016, -1.000000000000000000 ) ) ;
#887 = VECTOR ( 'NONE', #9124, 1000.000000000000000 ) ;
#888 = DIRECTION ( 'NONE',  ( 0.000000000000000000, -1.000000000000000000, 0.000000000000000000 ) ) ;
#889 = ORIENTED_EDGE ( 'NONE', *, *, #9224, .F. ) ;
#890 = ORIENTED_EDGE ( 'NONE', *, *, #9207, .F. ) ;
#891 = CARTESIAN_POINT ( 'NONE',  ( 3.850000000000000089, 1.000000000000000000, 5.850000000000000533 ) ) ;
#892 = LINE ( 'NONE', #7284, #796 ) ;
#893 = CARTESIAN_POINT ( 'NONE',  ( -5.049999999999998046, 2.400000000000000355, -5.350000000000001421 ) ) ;
#894 = DIRECTION ( 'NONE',  ( 1.000000000000000000, 1.327027319204863784E-16, 0.000000000000000000 ) ) ;
#895 = VERTEX_POINT ( 'NONE', #9614 ) ;
#896 = VERTEX_POINT ( 'NONE', #10464 ) ;
#897 = VECTOR ( 'NONE', #2347, 1000.000000000000000 ) ;
#898 = LINE ( 'NONE', #891, #4550 ) ;
#899 = ORIENTED_EDGE ( 'NONE', *, *, #2773, .F. ) ;
#900 = VECTOR ( 'NONE', #2213, 1000.000000000000000 ) ;
#901 = CARTESIAN_POINT ( 'NONE',  ( 5.799999999999996270, 0.000000000000000000, 6.700000000000000178 ) ) ;
#902 = CARTESIAN_POINT ( 'NONE',  ( -3.850000000000000089, 4.986986664055304885, -5.850000000000000533 ) ) ;
#903 = VECTOR ( 'NONE', #10063, 1000.000000000000000 ) ;
#904 = EDGE_CURVE ( 'NONE', #7249, #8704, #1529, .T. ) ;
#905 = DIRECTION ( 'NONE',  ( 1.000000000000000000, -0.000000000000000000, -0.000000000000000000 ) ) ;
#906 = CARTESIAN_POINT ( 'NONE',  ( 6.199999999999999289, 3.100000000000000089, -5.250000000000000000 ) ) ;
#907 = CARTESIAN_POINT ( 'NONE',  ( -5.799999999999998934, 5.650000000000002132, -2.999999999999998224 ) ) ;
#908 = VERTEX_POINT ( 'NONE', #7338 ) ;
#909 = AXIS2_PLACEMENT_3D ( 'NONE', #4525, #8448, #9286 ) ;
#910 = DIRECTION ( 'NONE',  ( -1.000000000000000000, 0.000000000000000000, 0.000000000000000000 ) ) ;
#911 = CIRCLE ( 'NONE', #10444, 0.2999999999999999334 ) ;
#912 = VERTEX_POINT ( 'NONE', #5729 ) ;
#913 = ORIENTED_EDGE ( 'NONE', *, *, #4432, .F. ) ;
#914 = CARTESIAN_POINT ( 'NONE',  ( -5.799999999999998046, -0.6400000000000000133, -1.000000000000000000 ) ) ;
#915 = DIRECTION ( 'NONE',  ( 1.000000000000000000, 0.000000000000000000, -1.224646799147353207E-16 ) ) ;
#916 = ADVANCED_FACE ( 'NONE', ( #8748 ), #7973, .T. ) ;
#917 = VERTEX_POINT ( 'NONE', #535 ) ;
#918 = CARTESIAN_POINT ( 'NONE',  ( 6.891491226573391415, -1.690611574686247565, 1.000000000000000000 ) ) ;
#919 = ORIENTED_EDGE ( 'NONE', *, *, #9495, .F. ) ;
#920 = FACE_OUTER_BOUND ( 'NONE', #3912, .T. ) ;
#921 = VECTOR ( 'NONE', #7911, 1000.000000000000000 ) ;
#922 = ORIENTED_EDGE ( 'NONE', *, *, #2905, .F. ) ;
#923 = ORIENTED_EDGE ( 'NONE', *, *, #4318, .F. ) ;
#924 = CARTESIAN_POINT ( 'NONE',  ( -3.299999999999999822, 1.100000000000000089, -5.850000000000000533 ) ) ;
#925 = DIRECTION ( 'NONE',  ( 0.000000000000000000, 1.000000000000000000, 0.000000000000000000 ) ) ;
#926 = AXIS2_PLACEMENT_3D ( 'NONE', #2895, #458, #388 ) ;
#927 = VERTEX_POINT ( 'NONE', #8885 ) ;
#928 = LINE ( 'NONE', #10327, #4568 ) ;
#929 = DIRECTION ( 'NONE',  ( 0.000000000000000000, 1.000000000000000000, 0.000000000000000000 ) ) ;
#930 = CARTESIAN_POINT ( 'NONE',  ( -3.880824640740575759, 0.5000000000000004441, 3.000000000000000000 ) ) ;
#931 = LINE ( 'NONE', #1956, #953 ) ;
#932 = DIRECTION ( 'NONE',  ( 0.000000000000000000, 1.000000000000000000, 0.000000000000000000 ) ) ;
#933 = EDGE_CURVE ( 'NONE', #7437, #4898, #5154, .T. ) ;
#934 = DIRECTION ( 'NONE',  ( 0.000000000000000000, 0.000000000000000000, -1.000000000000000000 ) ) ;
#935 = ORIENTED_EDGE ( 'NONE', *, *, #2023, .T. ) ;
#936 = CLOSED_SHELL ( 'NONE', ( #7834, #2657, #4867, #5113, #1443, #9317, #8136, #8539, #9389, #9128, #3467, #8830, #6928, #7490, #9474, #3766, #916, #2676, #2508, #10070, #7067 ) ) ;
#937 = VECTOR ( 'NONE', #6611, 1000.000000000000000 ) ;
#938 = DIRECTION ( 'NONE',  ( 0.000000000000000000, 0.000000000000000000, 1.000000000000000000 ) ) ;
#939 = DIRECTION ( 'NONE',  ( -1.000000000000000000, -0.000000000000000000, -0.000000000000000000 ) ) ;
#940 = ADVANCED_FACE ( 'NONE', ( #8590 ), #4679, .T. ) ;
#941 = DIRECTION ( 'NONE',  ( 0.000000000000000000, -1.000000000000000000, 0.000000000000000000 ) ) ;
#942 = FACE_OUTER_BOUND ( 'NONE', #10517, .T. ) ;
#943 = AXIS2_PLACEMENT_3D ( 'NONE', #3363, #4065, #925 ) ;
#944 = ORIENTED_EDGE ( 'NONE', *, *, #4361, .F. ) ;
#945 = ORIENTED_EDGE ( 'NONE', *, *, #4354, .T. ) ;
#946 = LINE ( 'NONE', #6876, #4363 ) ;
#947 = ORIENTED_EDGE ( 'NONE', *, *, #5145, .F. ) ;
#948 = DIRECTION ( 'NONE',  ( 0.000000000000000000, 1.000000000000000000, 0.000000000000000000 ) ) ;
#949 = ORIENTED_EDGE ( 'NONE', *, *, #4453, .F. ) ;
#950 = DIRECTION ( 'NONE',  ( 0.000000000000000000, 0.000000000000000000, -1.000000000000000000 ) ) ;
#951 = AXIS2_PLACEMENT_3D ( 'NONE', #902, #9031, #5995 ) ;
#952 = CIRCLE ( 'NONE', #1864, 3.500000000000000000 ) ;
#953 = VECTOR ( 'NONE', #1651, 1000.000000000000000 ) ;
#954 = DIRECTION ( 'NONE',  ( -0.000000000000000000, 4.430117370400858162E-17, -1.000000000000000000 ) ) ;
#955 = ORIENTED_EDGE ( 'NONE', *, *, #7820, .F. ) ;
#956 = VERTEX_POINT ( 'NONE', #4751 ) ;
#957 = EDGE_CURVE ( 'NONE', #387, #7983, #5043, .T. ) ;
#958 = VECTOR ( 'NONE', #10500, 1000.000000000000000 ) ;
#959 = DIRECTION ( 'NONE',  ( 1.000000000000000000, 0.000000000000000000, -0.000000000000000000 ) ) ;
#960 = PLANE ( 'NONE',  #6514 ) ;
#961 = VECTOR ( 'NONE', #7566, 1000.000000000000000 ) ;
#962 = DIRECTION ( 'NONE',  ( -1.000000000000000000, -0.000000000000000000, -0.000000000000000000 ) ) ;
#963 = EDGE_CURVE ( 'NONE', #9261, #582, #1604, .T. ) ;
#964 = ADVANCED_FACE ( 'NONE', ( #1497 ), #6412, .T. ) ;
#965 = CLOSED_SHELL ( 'NONE', ( #1860, #1247, #5046, #7403, #10431, #8958, #9528, #90, #4514, #6078, #2281, #2166, #162, #7328, #775, #5718, #4245, #2220, #3286, #3200, #1224 ) ) ;
#966 = CARTESIAN_POINT ( 'NONE',  ( 2.100000000000000089, 0.3544119062935203179, -6.200000000000001954 ) ) ;
#967 = EDGE_CURVE ( 'NONE', #10445, #3601, #5062, .T. ) ;
#968 = CARTESIAN_POINT ( 'NONE',  ( 5.750000000000000000, 5.700000000000000178, -6.700000000000000178 ) ) ;
#969 = DIRECTION ( 'NONE',  ( 1.000000000000000000, 0.000000000000000000, 0.000000000000000000 ) ) ;
#970 = VERTEX_POINT ( 'NONE', #10526 ) ;
#971 = VECTOR ( 'NONE', #6784, 1000.000000000000000 ) ;
#972 = VECTOR ( 'NONE', #2949, 1000.000000000000000 ) ;
#973 = EDGE_LOOP ( 'NONE', ( #4321, #5428, #811, #4113 ) ) ;
#974 = VERTEX_POINT ( 'NONE', #10584 ) ;
#975 = VECTOR ( 'NONE', #6529, 1000.000000000000000 ) ;
#976 = CARTESIAN_POINT ( 'NONE',  ( 4.250000000000000000, 6.100000000000000533, 5.099999999999999645 ) ) ;
#977 = MECHANICAL_DESIGN_GEOMETRIC_PRESENTATION_REPRESENTATION (  '', ( #6787 ), #6894 ) ;
#978 = EDGE_CURVE ( 'NONE', #6351, #844, #8841, .T. ) ;
#979 = DIRECTION ( 'NONE',  ( 0.000000000000000000, -1.000000000000000000, -0.000000000000000000 ) ) ;
#980 = LINE ( 'NONE', #5266, #4593 ) ;
#981 = DIRECTION ( 'NONE',  ( 3.614007241618348278E-16, 1.000000000000000000, 4.430117370400858162E-17 ) ) ;
#982 = ORIENTED_EDGE ( 'NONE', *, *, #9723, .T. ) ;
#983 = DIRECTION ( 'NONE',  ( 0.000000000000000000, 0.000000000000000000, -1.000000000000000000 ) ) ;
#984 = ORIENTED_EDGE ( 'NONE', *, *, #9665, .T. ) ;
#985 = EDGE_CURVE ( 'NONE', #7164, #6605, #5101, .T. ) ;
#986 = DIRECTION ( 'NONE',  ( -1.000000000000000000, -0.000000000000000000, 0.000000000000000000 ) ) ;
#987 = VECTOR ( 'NONE', #9497, 1000.000000000000000 ) ;
#988 = ADVANCED_FACE ( 'NONE', ( #9443 ), #4893, .F. ) ;
#989 = EDGE_CURVE ( 'NONE', #4322, #7965, #9693, .T. ) ;
#990 = VERTEX_POINT ( 'NONE', #9546 ) ;
#991 = VERTEX_POINT ( 'NONE', #2230 ) ;
#992 = COLOUR_RGB ( '',0.2509803921568627416, 0.2509803921568627416, 0.2509803921568627416 ) ;
#993 = DIRECTION ( 'NONE',  ( 0.000000000000000000, -1.000000000000000000, 0.000000000000000000 ) ) ;
#994 = LINE ( 'NONE', #4600, #8289 ) ;
#995 = CARTESIAN_POINT ( 'NONE',  ( 5.799999999999996270, 2.400000000000000355, 6.700000000000000178 ) ) ;
#996 = PLANE ( 'NONE',  #2393 ) ;
#997 = ORIENTED_EDGE ( 'NONE', *, *, #4560, .F. ) ;
#998 = ORIENTED_EDGE ( 'NONE', *, *, #2721, .T. ) ;
#999 = FACE_OUTER_BOUND ( 'NONE', #6745, .T. ) ;
#1000 = VECTOR ( 'NONE', #84, 1000.000000000000000 ) ;
#1001 = AXIS2_PLACEMENT_3D ( 'NONE', #3530, #5038, #7559 ) ;
#1002 = VERTEX_POINT ( 'NONE', #10400 ) ;
#1003 = ORIENTED_EDGE ( 'NONE', *, *, #5449, .T. ) ;
#1004 = DIRECTION ( 'NONE',  ( 0.000000000000000000, 0.000000000000000000, 1.000000000000000000 ) ) ;
#1005 = DIRECTION ( 'NONE',  ( 0.000000000000000000, 0.000000000000000000, -1.000000000000000000 ) ) ;
#1006 = EDGE_CURVE ( 'NONE', #10191, #3462, #2405, .T. ) ;
#1007 = ORIENTED_EDGE ( 'NONE', *, *, #10061, .F. ) ;
#1008 = VERTEX_POINT ( 'NONE', #8340 ) ;
#1010 = EDGE_CURVE ( 'NONE', #6570, #6121, #9569, .T. ) ;
#1009 = FACE_OUTER_BOUND ( 'NONE', #7847, .T. ) ;
#1011 =( NAMED_UNIT ( * ) PLANE_ANGLE_UNIT ( ) SI_UNIT ( $, .RADIAN. ) );
#1012 = CARTESIAN_POINT ( 'NONE',  ( -2.499999999999999556, 0.6999999999999997335, 7.699999999999997513 ) ) ;
#1013 = LINE ( 'NONE', #7251, #8269 ) ;
#1014 = CARTESIAN_POINT ( 'NONE',  ( 5.699999999999998401, 0.6000000000000007550, 3.000000000000000444 ) ) ;
#1015 = DIRECTION ( 'NONE',  ( 1.000000000000000000, -0.000000000000000000, 0.000000000000000000 ) ) ;
#1016 = ORIENTED_EDGE ( 'NONE', *, *, #5261, .F. ) ;
#1017 = FACE_OUTER_BOUND ( 'NONE', #1022, .T. ) ;
#1018 = CARTESIAN_POINT ( 'NONE',  ( 5.049999999999998046, 2.400000000000000355, -5.350000000000001421 ) ) ;
#1019 = DIRECTION ( 'NONE',  ( 0.000000000000000000, -1.000000000000000000, -2.460132057943349518E-16 ) ) ;
#1020 = LINE ( 'NONE', #10293, #1089 ) ;
#1021 = VERTEX_POINT ( 'NONE', #5859 ) ;
#1022 = EDGE_LOOP ( 'NONE', ( #1703, #635, #2808, #6472 ) ) ;
#1023 = AXIS2_PLACEMENT_3D ( 'NONE', #6948, #5499, #436 ) ;
#1024 = ORIENTED_EDGE ( 'NONE', *, *, #8125, .T. ) ;
#1025 = DIRECTION ( 'NONE',  ( 0.000000000000000000, 0.000000000000000000, -1.000000000000000000 ) ) ;
#1026 = EDGE_CURVE ( 'NONE', #6202, #2715, #5986, .T. ) ;
#1027 = LINE ( 'NONE', #8881, #897 ) ;
#1028 = FACE_OUTER_BOUND ( 'NONE', #4723, .T. ) ;
#1029 = EDGE_CURVE ( 'NONE', #8055, #4706, #6071, .T. ) ;
#1030 = DIRECTION ( 'NONE',  ( 0.9396926207859082059, -0.3420201433256695456, -8.414147190578587988E-17 ) ) ;
#1031 = VERTEX_POINT ( 'NONE', #906 ) ;
#1032 = EDGE_LOOP ( 'NONE', ( #2159, #5763, #10205, #8166, #9008, #6887, #9998 ) ) ;
#1033 = VECTOR ( 'NONE', #1362, 1000.000000000000000 ) ;
#1034 = CARTESIAN_POINT ( 'NONE',  ( -3.299999999999999822, 1.099999999999999867, -6.750000000000001776 ) ) ;
#1035 = DIRECTION ( 'NONE',  ( 1.000000000000000000, 0.000000000000000000, 0.000000000000000000 ) ) ;
#1036 = DIRECTION ( 'NONE',  ( 0.000000000000000000, 1.000000000000000000, -1.445602896647339163E-16 ) ) ;
#1037 = FACE_OUTER_BOUND ( 'NONE', #2175, .T. ) ;
#1038 = ORIENTED_EDGE ( 'NONE', *, *, #7074, .T. ) ;
#1039 = ORIENTED_EDGE ( 'NONE', *, *, #8864, .T. ) ;
#1040 = DIRECTION ( 'NONE',  ( 0.000000000000000000, -2.409338161078895729E-16, -1.000000000000000000 ) ) ;
#1041 = COLOUR_RGB ( '',0.7921568627450980005, 0.8196078431372548767, 0.9333333333333333481 ) ;
#1042 = DIRECTION ( 'NONE',  ( -1.000000000000000000, 0.000000000000000000, 0.000000000000000000 ) ) ;
#1043 = EDGE_LOOP ( 'NONE', ( #4791, #6494, #8651, #8359, #1112, #8310, #1250, #4334 ) ) ;
#1044 = LINE ( 'NONE', #2279, #1197 ) ;
#1045 = EDGE_CURVE ( 'NONE', #3993, #2849, #9629, .T. ) ;
#1046 = ORIENTED_EDGE ( 'NONE', *, *, #7534, .T. ) ;
#1047 = ORIENTED_EDGE ( 'NONE', *, *, #1775, .F. ) ;
#1048 = LINE ( 'NONE', #1928, #8092 ) ;
#1049 = AXIS2_PLACEMENT_3D ( 'NONE', #2724, #8445, #9341 ) ;
#1050 = DIRECTION ( 'NONE',  ( -1.000000000000000000, 0.000000000000000000, 0.000000000000000000 ) ) ;
#1051 = CARTESIAN_POINT ( 'NONE',  ( 4.250000000000000000, 6.550000000000000711, 5.099999999999999645 ) ) ;
#1052 = VECTOR ( 'NONE', #1413, 1000.000000000000000 ) ;
#1053 = PLANE ( 'NONE',  #7172 ) ;
#1054 = ORIENTED_EDGE ( 'NONE', *, *, #8191, .F. ) ;
#1055 = ADVANCED_FACE ( 'NONE', ( #5968 ), #9184, .T. ) ;
#1056 = ORIENTED_EDGE ( 'NONE', *, *, #2866, .T. ) ;
#1057 = PLANE ( 'NONE',  #6933 ) ;
#1058 = ORIENTED_EDGE ( 'NONE', *, *, #4468, .T. ) ;
#1059 = STYLED_ITEM ( 'NONE', ( #4433 ), #657 ) ;
#1060 = LINE ( 'NONE', #2044, #1144 ) ;
#1061 = CARTESIAN_POINT ( 'NONE',  ( -6.744145861810626030, -2.526248663070268741, 1.000000000000000000 ) ) ;
#1062 = FACE_OUTER_BOUND ( 'NONE', #6896, .T. ) ;
#1063 = CARTESIAN_POINT ( 'NONE',  ( 6.200000000000000178, 3.100000000000000089, -1.599999999999999867 ) ) ;
#1064 = VERTEX_POINT ( 'NONE', #6813 ) ;
#1065 = CARTESIAN_POINT ( 'NONE',  ( -2.900000000000000355, 0.8000000000000001554, -6.800000000000001599 ) ) ;
#1066 = CLOSED_SHELL ( 'NONE', ( #6214, #4223, #424, #2245, #1403, #6699, #4583, #6266, #4025, #1309, #3486, #8580, #140, #7236, #1934, #8756, #8890, #1099, #5837, #3392, #5903 ) ) ;
#1067 = FACE_OUTER_BOUND ( 'NONE', #1878, .T. ) ;
#1068 = AXIS2_PLACEMENT_3D ( 'NONE', #7808, #5280, #9521 ) ;
#1069 = LINE ( 'NONE', #4621, #4875 ) ;
#1070 = UNCERTAINTY_MEASURE_WITH_UNIT (LENGTH_MEASURE( 1.000000000000000082E-05 ), #3124, 'distance_accuracy_value', 'NONE');
#1071 = DIRECTION ( 'NONE',  ( 0.000000000000000000, 0.000000000000000000, 1.000000000000000000 ) ) ;
#1072 = EDGE_CURVE ( 'NONE', #3578, #10255, #5880, .T. ) ;
#1073 = CARTESIAN_POINT ( 'NONE',  ( -5.049999999999997158, 1.000000000000000000, 4.500000000000000888 ) ) ;
#1074 = DIRECTION ( 'NONE',  ( 1.000000000000000000, 0.000000000000000000, -0.000000000000000000 ) ) ;
#1075 = ADVANCED_FACE ( 'NONE', ( #6056 ), #9764, .T. ) ;
#1076 = VERTEX_POINT ( 'NONE', #2515 ) ;
#1077 = LINE ( 'NONE', #405, #8427 ) ;
#1078 = DIRECTION ( 'NONE',  ( 0.000000000000000000, 2.017120320903263702E-16, -1.000000000000000000 ) ) ;
#1079 = DIRECTION ( 'NONE',  ( 0.000000000000000000, 0.000000000000000000, 1.000000000000000000 ) ) ;
#1080 = CARTESIAN_POINT ( 'NONE',  ( -6.744145861810626030, -2.526248663070268741, 1.000000000000000000 ) ) ;
#1081 = DIRECTION ( 'NONE',  ( -1.000000000000000000, 0.000000000000000000, 0.000000000000000000 ) ) ;
#1082 = AXIS2_PLACEMENT_3D ( 'NONE', #3965, #4818, #7969 ) ;
#1083 = CARTESIAN_POINT ( 'NONE',  ( 4.250000000000000000, 6.550000000000000711, -4.524999999999999467 ) ) ;
#1084 = ORIENTED_EDGE ( 'NONE', *, *, #7, .T. ) ;
#1085 = CIRCLE ( 'NONE', #9835, 0.1499999999999999667 ) ;
#1086 = CARTESIAN_POINT ( 'NONE',  ( 5.049999999999997158, 1.000000000000000000, 5.350000000000001421 ) ) ;
#1087 = PLANE ( 'NONE',  #8615 ) ;
#1088 = DIRECTION ( 'NONE',  ( 0.000000000000000000, -4.430117370400858162E-17, 1.000000000000000000 ) ) ;
#1089 = VECTOR ( 'NONE', #5411, 1000.000000000000000 ) ;
#1090 = VERTEX_POINT ( 'NONE', #9849 ) ;
#1091 = AXIS2_PLACEMENT_3D ( 'NONE', #2855, #3664, #3800 ) ;
#1092 = VERTEX_POINT ( 'NONE', #5136 ) ;
#1093 = EDGE_CURVE ( 'NONE', #825, #1092, #2552, .T. ) ;
#1094 = ORIENTED_EDGE ( 'NONE', *, *, #6770, .F. ) ;
#1095 = CARTESIAN_POINT ( 'NONE',  ( -4.250000000000000000, 6.100000000000000533, -5.099999999999999645 ) ) ;
#1096 = FACE_OUTER_BOUND ( 'NONE', #714, .T. ) ;
#1097 = EDGE_CURVE ( 'NONE', #5700, #2587, #2598, .T. ) ;
#1098 = VECTOR ( 'NONE', #10446, 1000.000000000000000 ) ;
#1099 = ADVANCED_FACE ( 'NONE', ( #2365 ), #5948, .T. ) ;
#1100 = CARTESIAN_POINT ( 'NONE',  ( -5.450000000000000178, 5.700000000000000178, 6.700000000000000178 ) ) ;
#1101 = VERTEX_POINT ( 'NONE', #4370 ) ;
#1102 = CIRCLE ( 'NONE', #1130, 0.5000000000000000000 ) ;
#1103 = EDGE_CURVE ( 'NONE', #3291, #1916, #9473, .T. ) ;
#1104 = CARTESIAN_POINT ( 'NONE',  ( 2.550000000000001155, 0.1000000000000017542, -7.200000000000000178 ) ) ;
#1105 = DIRECTION ( 'NONE',  ( -0.000000000000000000, 0.7071067811865451302, 0.7071067811865500152 ) ) ;
#1106 = CARTESIAN_POINT ( 'NONE',  ( 5.750000000000000000, 6.100000000000000533, 6.700000000000000178 ) ) ;
#1107 = LINE ( 'NONE', #6077, #1370 ) ;
#1108 = EDGE_LOOP ( 'NONE', ( #3230, #6453, #2020, #2986 ) ) ;
#1109 = CARTESIAN_POINT ( 'NONE',  ( 4.250000000000000000, 6.550000000000000711, 5.674999999999998046 ) ) ;
#1110 = DIRECTION ( 'NONE',  ( 1.000000000000000000, 0.000000000000000000, 0.000000000000000000 ) ) ;
#1111 = DIRECTION ( 'NONE',  ( 1.000000000000000000, 0.000000000000000000, 0.000000000000000000 ) ) ;
#1112 = ORIENTED_EDGE ( 'NONE', *, *, #3270, .T. ) ;
#1113 = AXIS2_PLACEMENT_3D ( 'NONE', #8231, #4157, #8082 ) ;
#1114 = LINE ( 'NONE', #9935, #8107 ) ;
#1115 = EDGE_CURVE ( 'NONE', #8775, #8566, #9616, .T. ) ;
#1116 = ORIENTED_EDGE ( 'NONE', *, *, #8828, .T. ) ;
#1117 = FACE_OUTER_BOUND ( 'NONE', #3304, .T. ) ;
#1118 = DIRECTION ( 'NONE',  ( -0.000000000000000000, -1.000000000000000000, -0.000000000000000000 ) ) ;
#1119 = DIRECTION ( 'NONE',  ( 1.807003620809174139E-16, -1.000000000000000000, -2.017120320903263702E-16 ) ) ;
#1120 = EDGE_CURVE ( 'NONE', #4011, #6100, #2437, .T. ) ;
#1121 = VECTOR ( 'NONE', #7277, 1000.000000000000000 ) ;
#1122 = FILL_AREA_STYLE_COLOUR ( '', #10092 ) ;
#1123 = EDGE_LOOP ( 'NONE', ( #9429, #10002, #1693, #195 ) ) ;
#1124 = ORIENTED_EDGE ( 'NONE', *, *, #6592, .F. ) ;
#1125 = CARTESIAN_POINT ( 'NONE',  ( -1.699999999999999956, 1.099999999999998535, 6.349999999999997868 ) ) ;
#1126 = ORIENTED_EDGE ( 'NONE', *, *, #8053, .F. ) ;
#1127 = VECTOR ( 'NONE', #10127, 1000.000000000000000 ) ;
#1128 = PLANE ( 'NONE',  #9761 ) ;
#1129 = LINE ( 'NONE', #741, #1098 ) ;
#1130 = AXIS2_PLACEMENT_3D ( 'NONE', #58, #5839, #888 ) ;
#1131 = DIRECTION ( 'NONE',  ( 1.535153518563545837E-16, -1.000000000000000000, 0.000000000000000000 ) ) ;
#1132 = DIRECTION ( 'NONE',  ( 1.000000000000000000, -0.000000000000000000, 0.000000000000000000 ) ) ;
#1133 = ORIENTED_EDGE ( 'NONE', *, *, #7257, .T. ) ;
#1134 = LINE ( 'NONE', #737, #8036 ) ;
#1135 = EDGE_CURVE ( 'NONE', #3193, #10132, #9531, .T. ) ;
#1136 = TOROIDAL_SURFACE ( 'NONE', #2234, 0.05000000000000075218, 0.1499999999999999944 ) ;
#1137 = ADVANCED_FACE ( 'NONE', ( #2454 ), #1924, .T. ) ;
#1138 = EDGE_CURVE ( 'NONE', #5242, #7965, #2584, .T. ) ;
#1139 = VERTEX_POINT ( 'NONE', #4151 ) ;
#1140 = CARTESIAN_POINT ( 'NONE',  ( -4.250000000000000000, 6.100000000000000533, -4.524999999999999467 ) ) ;
#1141 = ORIENTED_EDGE ( 'NONE', *, *, #1301, .T. ) ;
#1142 = DIRECTION ( 'NONE',  ( 0.000000000000000000, 0.000000000000000000, 1.000000000000000000 ) ) ;
#1143 = ORIENTED_EDGE ( 'NONE', *, *, #9057, .T. ) ;
#1144 = VECTOR ( 'NONE', #10198, 1000.000000000000000 ) ;
#1145 = CARTESIAN_POINT ( 'NONE',  ( -4.250000000000000000, 6.700000000000000178, -5.099999999999999645 ) ) ;
#1146 = CARTESIAN_POINT ( 'NONE',  ( -3.299999999999999822, 2.650000000000001243, -6.200000000000001954 ) ) ;
#1147 = DIRECTION ( 'NONE',  ( -1.000000000000000000, 0.000000000000000000, 0.000000000000000000 ) ) ;
#1148 = CARTESIAN_POINT ( 'NONE',  ( 3.299999999999999822, 0.8000000000000001554, -6.800000000000001599 ) ) ;
#1149 = ORIENTED_EDGE ( 'NONE', *, *, #5362, .T. ) ;
#1150 =( GEOMETRIC_REPRESENTATION_CONTEXT ( 3 ) GLOBAL_UNCERTAINTY_ASSIGNED_CONTEXT ( ( #1461 ) ) GLOBAL_UNIT_ASSIGNED_CONTEXT ( ( #4844, #1011, #5953 ) ) REPRESENTATION_CONTEXT ( 'NONE', 'WORKASPACE' ) );
#1151 = FACE_OUTER_BOUND ( 'NONE', #1479, .T. ) ;
#1152 = CARTESIAN_POINT ( 'NONE',  ( 0.000000000000000000, 3.100000000000000089, -3.000000000000000000 ) ) ;
#1153 = CARTESIAN_POINT ( 'NONE',  ( 0.000000000000000000, 11.09999999999999964, -3.000000000000000444 ) ) ;
#1154 = CARTESIAN_POINT ( 'NONE',  ( 1.700000000000000178, 2.949999999999998845, 7.299999999999999822 ) ) ;
#1155 = VECTOR ( 'NONE', #1754, 1000.000000000000000 ) ;
#1156 = EDGE_CURVE ( 'NONE', #2849, #10445, #2319, .T. ) ;
#1157 = AXIS2_PLACEMENT_3D ( 'NONE', #5116, #5933, #6797 ) ;
#1158 = VERTEX_POINT ( 'NONE', #8436 ) ;
#1159 = ORIENTED_EDGE ( 'NONE', *, *, #10608, .F. ) ;
#1160 = CARTESIAN_POINT ( 'NONE',  ( 5.799999999999996270, 2.400000000000000355, -4.999999999999997335 ) ) ;
#1161 = FACE_OUTER_BOUND ( 'NONE', #8981, .T. ) ;
#1162 = CIRCLE ( 'NONE', #429, 0.2999999999999999334 ) ;
#1163 = ORIENTED_EDGE ( 'NONE', *, *, #2958, .F. ) ;
#1164 = ORIENTED_EDGE ( 'NONE', *, *, #5282, .T. ) ;
#1165 = CIRCLE ( 'NONE', #1260, 0.1499999999999999667 ) ;
#1166 = CARTESIAN_POINT ( 'NONE',  ( 5.124054256371548099, -3.172339182284404924, 0.000000000000000000 ) ) ;
#1167 = PLANE ( 'NONE',  #7148 ) ;
#1168 = DIRECTION ( 'NONE',  ( 0.000000000000000000, 0.000000000000000000, 1.000000000000000000 ) ) ;
#1169 = CARTESIAN_POINT ( 'NONE',  ( 2.550000000000000266, -2.299999999999998046, -7.200000000000001066 ) ) ;
#1170 = CARTESIAN_POINT ( 'NONE',  ( 6.744145861810626030, -2.526248663070268741, -1.000000000000000000 ) ) ;
#1171 = VERTEX_POINT ( 'NONE', #5754 ) ;
#1172 = EDGE_CURVE ( 'NONE', #8950, #2609, #5914, .T. ) ;
#1173 = CARTESIAN_POINT ( 'NONE',  ( 4.336808689942017736E-16, 0.7500000000000005551, 7.699999999999997513 ) ) ;
#1174 = ORIENTED_EDGE ( 'NONE', *, *, #4588, .F. ) ;
#1175 = DIRECTION ( 'NONE',  ( 1.327027319204863784E-16, -1.000000000000000000, 0.000000000000000000 ) ) ;
#1176 = DIRECTION ( 'NONE',  ( 1.000000000000000000, 0.000000000000000000, -0.000000000000000000 ) ) ;
#1177 = AXIS2_PLACEMENT_3D ( 'NONE', #7181, #6617, #8033 ) ;
#1178 = VERTEX_POINT ( 'NONE', #6578 ) ;
#1179 = LINE ( 'NONE', #9472, #4419 ) ;
#1180 = EDGE_CURVE ( 'NONE', #4796, #7642, #6134, .T. ) ;
#1181 = ADVANCED_FACE ( 'NONE', ( #9549, #2535 ), #7366, .F. ) ;
#1182 = ORIENTED_EDGE ( 'NONE', *, *, #1592, .F. ) ;
#1183 = ORIENTED_EDGE ( 'NONE', *, *, #10186, .T. ) ;
#1184 = FACE_OUTER_BOUND ( 'NONE', #9507, .T. ) ;
#1185 =( NAMED_UNIT ( * ) SI_UNIT ( $, .STERADIAN. ) SOLID_ANGLE_UNIT ( ) );
#1186 = PLANE ( 'NONE',  #5710 ) ;
#1187 = DIRECTION ( 'NONE',  ( 0.000000000000000000, 0.000000000000000000, -1.000000000000000000 ) ) ;
#1188 = AXIS2_PLACEMENT_3D ( 'NONE', #1841, #1074, #2642 ) ;
#1189 = ORIENTED_EDGE ( 'NONE', *, *, #9723, .F. ) ;
#1190 = DIRECTION ( 'NONE',  ( -1.000000000000000000, -1.341711765540131426E-16, 0.000000000000000000 ) ) ;
#1191 = VERTEX_POINT ( 'NONE', #8226 ) ;
#1192 = ORIENTED_EDGE ( 'NONE', *, *, #5471, .F. ) ;
#1193 = AXIS2_PLACEMENT_3D ( 'NONE', #2788, #2638, #4507 ) ;
#1194 = VECTOR ( 'NONE', #1257, 1000.000000000000000 ) ;
#1195 = CARTESIAN_POINT ( 'NONE',  ( 5.799999999999996270, 1.000000000000000000, -6.400000000000000355 ) ) ;
#1196 = AXIS2_PLACEMENT_3D ( 'NONE', #1641, #3451, #1716 ) ;
#1197 = VECTOR ( 'NONE', #2340, 1000.000000000000000 ) ;
#1198 = DIRECTION ( 'NONE',  ( 0.000000000000000000, 1.000000000000000000, 2.017120320903263702E-16 ) ) ;
#1199 = CARTESIAN_POINT ( 'NONE',  ( -5.049999999999998046, 1.000000000000000000, -5.350000000000001421 ) ) ;
#1200 = ORIENTED_EDGE ( 'NONE', *, *, #8915, .F. ) ;
#1201 = ORIENTED_EDGE ( 'NONE', *, *, #7500, .T. ) ;
#1202 = EDGE_CURVE ( 'NONE', #6703, #6732, #2384, .T. ) ;
#1203 = LINE ( 'NONE', #5566, #8147 ) ;
#1204 = ORIENTED_EDGE ( 'NONE', *, *, #3320, .T. ) ;
#1205 = DIRECTION ( 'NONE',  ( 1.000000000000000000, 0.000000000000000000, -0.000000000000000000 ) ) ;
#1206 = AXIS2_PLACEMENT_3D ( 'NONE', #339, #5787, #1187 ) ;
#1207 = CARTESIAN_POINT ( 'NONE',  ( -6.399999999999998579, -2.034757436496875016, -1.000000000000000000 ) ) ;
#1208 = VERTEX_POINT ( 'NONE', #10077 ) ;
#1209 = ORIENTED_EDGE ( 'NONE', *, *, #5720, .F. ) ;
#1210 = ORIENTED_EDGE ( 'NONE', *, *, #9865, .F. ) ;
#1211 = DIRECTION ( 'NONE',  ( 0.000000000000000000, -1.000000000000000000, -2.460132057943349518E-16 ) ) ;
#1212 = DIRECTION ( 'NONE',  ( 1.000000000000000000, 0.000000000000000000, 0.000000000000000000 ) ) ;
#1213 = DIRECTION ( 'NONE',  ( 0.000000000000000000, -0.000000000000000000, -1.000000000000000000 ) ) ;
#1214 = VECTOR ( 'NONE', #3891, 1000.000000000000000 ) ;
#1215 = DIRECTION ( 'NONE',  ( 0.000000000000000000, 1.000000000000000000, 0.000000000000000000 ) ) ;
#1216 = AXIS2_PLACEMENT_3D ( 'NONE', #3556, #7522, #9288 ) ;
#1217 = DIRECTION ( 'NONE',  ( 0.000000000000000000, -1.000000000000000000, -0.000000000000000000 ) ) ;
#1218 = EDGE_LOOP ( 'NONE', ( #5692, #228, #7288, #7011 ) ) ;
#1219 = CIRCLE ( 'NONE', #4462, 0.4499999999999990119 ) ;
#1220 = DIRECTION ( 'NONE',  ( -0.7071067811865489050, 0.000000000000000000, 0.7071067811865462405 ) ) ;
#1221 = CARTESIAN_POINT ( 'NONE',  ( 5.499999999999996447, 0.000000000000000000, 6.400000000000000355 ) ) ;
#1222 = EDGE_CURVE ( 'NONE', #148, #6202, #9777, .T. ) ;
#1223 = CARTESIAN_POINT ( 'NONE',  ( 0.2000000000000000944, -2.299999999999999822, 7.549999999999999822 ) ) ;
#1224 = ADVANCED_FACE ( 'NONE', ( #2702 ), #6258, .T. ) ;
#1225 = EDGE_LOOP ( 'NONE', ( #3990, #9751, #2590, #719 ) ) ;
#1226 = EDGE_CURVE ( 'NONE', #5447, #1002, #6277, .T. ) ;
#1227 = EDGE_LOOP ( 'NONE', ( #5074, #1681, #1965, #4558, #1396, #4359 ) ) ;
#1228 = EDGE_CURVE ( 'NONE', #4626, #6112, #9819, .T. ) ;
#1229 = EDGE_LOOP ( 'NONE', ( #1620, #8685, #7139, #5476, #1288, #1888, #2002, #8108 ) ) ;
#1230 = VERTEX_POINT ( 'NONE', #5570 ) ;
#1231 = PLANE ( 'NONE',  #6309 ) ;
#1232 = LINE ( 'NONE', #5397, #1194 ) ;
#1233 = CARTESIAN_POINT ( 'NONE',  ( 0.000000000000000000, 11.09999999999999964, 0.000000000000000000 ) ) ;
#1234 = DIRECTION ( 'NONE',  ( 1.535153518563545837E-16, -1.000000000000000000, 0.000000000000000000 ) ) ;
#1235 = ORIENTED_EDGE ( 'NONE', *, *, #3400, .F. ) ;
#1236 = FACE_OUTER_BOUND ( 'NONE', #6940, .T. ) ;
#1237 = CARTESIAN_POINT ( 'NONE',  ( -5.908508773426603966, -0.9841458618106281309, 1.000000000000000000 ) ) ;
#1238 = PLANE ( 'NONE',  #8211 ) ;
#1239 = DIRECTION ( 'NONE',  ( 0.000000000000000000, 1.000000000000000000, 4.430117370400858162E-17 ) ) ;
#1240 = PLANE ( 'NONE',  #7794 ) ;
#1241 = AXIS2_PLACEMENT_3D ( 'NONE', #8438, #10079, #3675 ) ;
#1242 = DIRECTION ( 'NONE',  ( 0.000000000000000000, 0.000000000000000000, -1.000000000000000000 ) ) ;
#1243 = ORIENTED_EDGE ( 'NONE', *, *, #8470, .F. ) ;
#1244 = DIRECTION ( 'NONE',  ( 1.341711765540131426E-16, 1.000000000000000000, -0.000000000000000000 ) ) ;
#1245 = ORIENTED_EDGE ( 'NONE', *, *, #10014, .F. ) ;
#1246 = DIRECTION ( 'NONE',  ( -0.3420201433256695456, 0.9396926207859082059, 4.162948602181157199E-17 ) ) ;
#1247 = ADVANCED_FACE ( 'NONE', ( #6215 ), #2385, .T. ) ;
#1248 = CARTESIAN_POINT ( 'NONE',  ( 4.250000000000000000, 6.700000000000000178, 5.524999999999997691 ) ) ;
#1249 = ORIENTED_EDGE ( 'NONE', *, *, #10227, .T. ) ;
#1250 = ORIENTED_EDGE ( 'NONE', *, *, #3288, .T. ) ;
#1252 = EDGE_CURVE ( 'NONE', #4889, #10132, #5929, .T. ) ;
#1251 = VECTOR ( 'NONE', #9250, 1000.000000000000000 ) ;
#1253 = VECTOR ( 'NONE', #4687, 1000.000000000000000 ) ;
#1254 = ORIENTED_EDGE ( 'NONE', *, *, #8593, .F. ) ;
#1255 = LINE ( 'NONE', #9163, #8431 ) ;
#1256 = DIRECTION ( 'NONE',  ( -1.807003620809174139E-16, 1.000000000000000000, 4.430117370400858162E-17 ) ) ;
#1257 = DIRECTION ( 'NONE',  ( 0.000000000000000000, 0.000000000000000000, -1.000000000000000000 ) ) ;
#1258 = CARTESIAN_POINT ( 'NONE',  ( 4.250000000000000000, 6.700000000000000178, 5.099999999999999645 ) ) ;
#1259 = CARTESIAN_POINT ( 'NONE',  ( 0.05000000000000100198, 0.7000000000000000666, 7.549999999999998046 ) ) ;
#1260 = AXIS2_PLACEMENT_3D ( 'NONE', #2945, #9526, #3745 ) ;
#1261 = CARTESIAN_POINT ( 'NONE',  ( 0.000000000000000000, 2.100000000000000089, -1.000000000000000000 ) ) ;
#1262 = ORIENTED_EDGE ( 'NONE', *, *, #1180, .T. ) ;
#1263 = VERTEX_POINT ( 'NONE', #7396 ) ;
#1264 = ORIENTED_EDGE ( 'NONE', *, *, #60, .F. ) ;
#1265 = EDGE_CURVE ( 'NONE', #8733, #8568, #2420, .T. ) ;
#1266 = CIRCLE ( 'NONE', #1458, 0.1499999999999999667 ) ;
#1267 = CARTESIAN_POINT ( 'NONE',  ( 0.000000000000000000, 0.000000000000000000, 0.000000000000000000 ) ) ;
#1268 = VECTOR ( 'NONE', #2238, 1000.000000000000000 ) ;
#1269 = DIRECTION ( 'NONE',  ( -0.000000000000000000, 4.430117370400858162E-17, -1.000000000000000000 ) ) ;
#1270 = ADVANCED_FACE ( 'NONE', ( #5969 ), #6075, .F. ) ;
#1271 = DIRECTION ( 'NONE',  ( 1.000000000000000000, 0.000000000000000000, 0.000000000000000000 ) ) ;
#1272 = EDGE_CURVE ( 'NONE', #6605, #10435, #2366, .T. ) ;
#1273 = VERTEX_POINT ( 'NONE', #1195 ) ;
#1274 = CYLINDRICAL_SURFACE ( 'NONE', #603, 0.5749999999999999556 ) ;
#1275 = ORIENTED_EDGE ( 'NONE', *, *, #2528, .F. ) ;
#1276 = CARTESIAN_POINT ( 'NONE',  ( 3.850000000000000089, 4.986986664055304885, 6.700000000000000178 ) ) ;
#1277 = PLANE ( 'NONE',  #7736 ) ;
#1278 = ORIENTED_EDGE ( 'NONE', *, *, #7234, .F. ) ;
#1279 = VERTEX_POINT ( 'NONE', #1061 ) ;
#1280 = EDGE_LOOP ( 'NONE', ( #5530, #5619, #6491, #6405, #3844 ) ) ;
#1281 = LINE ( 'NONE', #10048, #4774 ) ;
#1282 = CARTESIAN_POINT ( 'NONE',  ( -2.499999999999999556, 0.7500000000000006661, 7.549999999999998046 ) ) ;
#1283 = DIRECTION ( 'NONE',  ( 1.000000000000000000, 0.000000000000000000, 0.000000000000000000 ) ) ;
#1284 = LINE ( 'NONE', #1880, #4775 ) ;
#1285 = EDGE_CURVE ( 'NONE', #3312, #7754, #9457, .T. ) ;
#1286 = DIRECTION ( 'NONE',  ( 1.000000000000000000, 0.000000000000000000, 0.000000000000000000 ) ) ;
#1287 = DIRECTION ( 'NONE',  ( 0.000000000000000000, -1.000000000000000000, 0.000000000000000000 ) ) ;
#1288 = ORIENTED_EDGE ( 'NONE', *, *, #7632, .F. ) ;
#1289 = FACE_OUTER_BOUND ( 'NONE', #8901, .T. ) ;
#1290 = STYLED_ITEM ( 'NONE', ( #9251 ), #2860 ) ;
#1291 = DIRECTION ( 'NONE',  ( -1.000000000000000000, 0.000000000000000000, 0.000000000000000000 ) ) ;
#1292 = CARTESIAN_POINT ( 'NONE',  ( 4.250000000000000000, 6.100000000000000533, 4.525000000000001243 ) ) ;
#1293 = ORIENTED_EDGE ( 'NONE', *, *, #3552, .T. ) ;
#1294 = VERTEX_POINT ( 'NONE', #6932 ) ;
#1295 = ORIENTED_EDGE ( 'NONE', *, *, #3060, .F. ) ;
#1296 = CARTESIAN_POINT ( 'NONE',  ( 3.299999999999999822, 0.8000000000000001554, -6.800000000000001599 ) ) ;
#1297 = FACE_OUTER_BOUND ( 'NONE', #1972, .T. ) ;
#1298 = DIRECTION ( 'NONE',  ( -0.000000000000000000, -1.000000000000000000, -0.000000000000000000 ) ) ;
#1299 = LINE ( 'NONE', #5240, #1268 ) ;
#1300 = CARTESIAN_POINT ( 'NONE',  ( 3.999999999999998224, 0.000000000000000000, 4.500000000000001776 ) ) ;
#1301 = EDGE_CURVE ( 'NONE', #9064, #4913, #2127, .T. ) ;
#1302 = DIRECTION ( 'NONE',  ( -1.000000000000000000, 0.000000000000000000, 0.000000000000000000 ) ) ;
#1303 = VERTEX_POINT ( 'NONE', #10290 ) ;
#1304 = FACE_OUTER_BOUND ( 'NONE', #7434, .T. ) ;
#1305 = CARTESIAN_POINT ( 'NONE',  ( 0.000000000000000000, 2.100000000000000089, -1.599999999999999867 ) ) ;
#1306 = CARTESIAN_POINT ( 'NONE',  ( -6.200000000000000178, 3.100000000000000089, -4.500000000000000888 ) ) ;
#1307 = AXIS2_PLACEMENT_3D ( 'NONE', #2545, #10510, #3747 ) ;
#1308 = ORIENTED_EDGE ( 'NONE', *, *, #742, .T. ) ;
#1309 = ADVANCED_FACE ( 'NONE', ( #9444 ), #7714, .T. ) ;
#1310 = ORIENTED_EDGE ( 'NONE', *, *, #2353, .T. ) ;
#1311 = EDGE_CURVE ( 'NONE', #1002, #4589, #9236, .T. ) ;
#1312 = DIRECTION ( 'NONE',  ( -1.000000000000000000, 0.000000000000000000, 0.000000000000000000 ) ) ;
#1313 = LINE ( 'NONE', #9264, #903 ) ;
#1314 = ORIENTED_EDGE ( 'NONE', *, *, #3186, .T. ) ;
#1315 = DIRECTION ( 'NONE',  ( 1.000000000000000000, 0.000000000000000000, -0.000000000000000000 ) ) ;
#1316 = CARTESIAN_POINT ( 'NONE',  ( -5.450000000000000178, 6.100000000000000533, -6.700000000000000178 ) ) ;
#1317 = ORIENTED_EDGE ( 'NONE', *, *, #433, .T. ) ;
#1318 = EDGE_LOOP ( 'NONE', ( #6424, #5382, #1174, #1419 ) ) ;
#1319 = VECTOR ( 'NONE', #5104, 1000.000000000000000 ) ;
#1320 = VECTOR ( 'NONE', #138, 1000.000000000000000 ) ;
#1321 = AXIS2_PLACEMENT_3D ( 'NONE', #901, #10125, #197 ) ;
#1322 = ORIENTED_EDGE ( 'NONE', *, *, #5268, .T. ) ;
#1323 = FACE_OUTER_BOUND ( 'NONE', #5357, .T. ) ;
#1324 = DIRECTION ( 'NONE',  ( 0.000000000000000000, 1.000000000000000000, 2.460132057943349518E-16 ) ) ;
#1325 = DIRECTION ( 'NONE',  ( -1.000000000000000000, -0.000000000000000000, -0.000000000000000000 ) ) ;
#1326 = CARTESIAN_POINT ( 'NONE',  ( -3.299999999999999822, 0.7999999999999983791, 7.249999999999999112 ) ) ;
#1327 = VERTEX_POINT ( 'NONE', #5262 ) ;
#1328 = AXIS2_PLACEMENT_3D ( 'NONE', #9836, #3921, #1464 ) ;
#1329 = EDGE_CURVE ( 'NONE', #205, #1092, #2147, .T. ) ;
#1330 = LINE ( 'NONE', #4834, #4535 ) ;
#1331 = CARTESIAN_POINT ( 'NONE',  ( 5.049999999999997158, 4.986986664055304885, -4.999999999999997335 ) ) ;
#1332 = VERTEX_POINT ( 'NONE', #2696 ) ;
#1333 = EDGE_CURVE ( 'NONE', #8989, #5676, #5824, .T. ) ;
#1334 = ADVANCED_FACE ( 'NONE', ( #5808 ), #9269, .F. ) ;
#1335 = EDGE_LOOP ( 'NONE', ( #3073, #4647, #8325, #9979 ) ) ;
#1336 = VERTEX_POINT ( 'NONE', #8769 ) ;
#1337 = LINE ( 'NONE', #9440, #8497 ) ;
#1338 = CARTESIAN_POINT ( 'NONE',  ( -4.549999999999997158, 1.000000000000000000, -5.850000000000000533 ) ) ;
#1339 = EDGE_CURVE ( 'NONE', #2878, #2524, #2288, .T. ) ;
#1340 = LINE ( 'NONE', #10629, #1359 ) ;
#1341 = CARTESIAN_POINT ( 'NONE',  ( 5.750000000000000000, 5.650000000000001243, 5.250000000000000000 ) ) ;
#1342 = CARTESIAN_POINT ( 'NONE',  ( -3.849999999999999201, 2.399999999999999467, 6.700000000000000178 ) ) ;
#1343 = ORIENTED_EDGE ( 'NONE', *, *, #5333, .F. ) ;
#1344 = ORIENTED_EDGE ( 'NONE', *, *, #3064, .T. ) ;
#1345 = FACE_BOUND ( 'NONE', #1227, .T. ) ;
#1346 = VERTEX_POINT ( 'NONE', #7100 ) ;
#1347 = CARTESIAN_POINT ( 'NONE',  ( 5.699999999999998401, 0.6000000000000007550, -4.500000000000001776 ) ) ;
#1348 = CIRCLE ( 'NONE', #9030, 0.4000000000000001887 ) ;
#1349 = DIRECTION ( 'NONE',  ( 0.000000000000000000, 0.000000000000000000, 1.000000000000000000 ) ) ;
#1350 = AXIS2_PLACEMENT_3D ( 'NONE', #4055, #6050, #6913 ) ;
#1351 = ORIENTED_EDGE ( 'NONE', *, *, #8732, .F. ) ;
#1352 = VERTEX_POINT ( 'NONE', #2196 ) ;
#1353 = PLANE ( 'NONE',  #105 ) ;
#1354 = EDGE_CURVE ( 'NONE', #221, #3336, #9095, .T. ) ;
#1355 = CYLINDRICAL_SURFACE ( 'NONE', #8793, 0.9999999999999996669 ) ;
#1356 = PLANE ( 'NONE',  #1068 ) ;
#1357 = DIRECTION ( 'NONE',  ( 0.000000000000000000, 0.000000000000000000, 1.000000000000000000 ) ) ;
#1358 = DIRECTION ( 'NONE',  ( 0.000000000000000000, 0.000000000000000000, 1.000000000000000000 ) ) ;
#1359 = VECTOR ( 'NONE', #1312, 1000.000000000000000 ) ;
#1360 = DIRECTION ( 'NONE',  ( -1.000000000000000000, 0.000000000000000000, 0.000000000000000000 ) ) ;
#1361 = ADVANCED_FACE ( 'NONE', ( #9289 ), #1128, .T. ) ;
#1362 = DIRECTION ( 'NONE',  ( 0.000000000000000000, -0.000000000000000000, -1.000000000000000000 ) ) ;
#1363 = EDGE_CURVE ( 'NONE', #8055, #9104, #9374, .T. ) ;
#1364 = ORIENTED_EDGE ( 'NONE', *, *, #6904, .T. ) ;
#1365 = LINE ( 'NONE', #3104, #5158 ) ;
#1366 = DIRECTION ( 'NONE',  ( -1.000000000000000000, 0.000000000000000000, -0.000000000000000000 ) ) ;
#1367 = DIRECTION ( 'NONE',  ( 0.000000000000000000, -1.000000000000000000, 8.673617379883880855E-15 ) ) ;
#1368 = EDGE_CURVE ( 'NONE', #6149, #3097, #9387, .T. ) ;
#1369 = CARTESIAN_POINT ( 'NONE',  ( -2.100000000000000089, 0.8000000000000001554, -7.050000000000001599 ) ) ;
#1370 = VECTOR ( 'NONE', #1131, 1000.000000000000000 ) ;
#1371 = ORIENTED_EDGE ( 'NONE', *, *, #3843, .T. ) ;
#1372 = ORIENTED_EDGE ( 'NONE', *, *, #3490, .F. ) ;
#1373 = ORIENTED_EDGE ( 'NONE', *, *, #6502, .F. ) ;
#1374 = DIRECTION ( 'NONE',  ( -0.000000000000000000, 2.017120320903263702E-16, -1.000000000000000000 ) ) ;
#1375 = LINE ( 'NONE', #8266, #1319 ) ;
#1376 = DIRECTION ( 'NONE',  ( 0.000000000000000000, 0.000000000000000000, 1.000000000000000000 ) ) ;
#1377 = VECTOR ( 'NONE', #6725, 1000.000000000000000 ) ;
#1378 = AXIS2_PLACEMENT_3D ( 'NONE', #9210, #5061, #8913 ) ;
#1379 = CARTESIAN_POINT ( 'NONE',  ( 2.500000000000000000, -2.299999999999998046, -7.200000000000001066 ) ) ;
#1380 = CARTESIAN_POINT ( 'NONE',  ( 5.799999999999996270, 0.000000000000000000, 6.700000000000000178 ) ) ;
#1381 = ORIENTED_EDGE ( 'NONE', *, *, #6359, .T. ) ;
#1382 = LINE ( 'NONE', #4616, #5214 ) ;
#1383 = ADVANCED_FACE ( 'NONE', ( #2197 ), #4638, .F. ) ;
#1384 = DIRECTION ( 'NONE',  ( 0.000000000000000000, 1.000000000000000000, 4.430117370400858162E-17 ) ) ;
#1385 = EDGE_CURVE ( 'NONE', #6186, #8246, #5735, .T. ) ;
#1386 = CARTESIAN_POINT ( 'NONE',  ( -1.603581858547019623, 0.5350933335321558237, -6.800000000000001599 ) ) ;
#1387 = DIRECTION ( 'NONE',  ( 0.000000000000000000, 1.000000000000000000, 0.000000000000000000 ) ) ;
#1388 = EDGE_CURVE ( 'NONE', #1817, #9886, #5767, .T. ) ;
#1389 = DIRECTION ( 'NONE',  ( 1.000000000000000000, 1.341711765540131426E-16, 0.000000000000000000 ) ) ;
#1390 = ORIENTED_EDGE ( 'NONE', *, *, #8915, .T. ) ;
#1391 = DIRECTION ( 'NONE',  ( -1.000000000000000000, 0.000000000000000000, 0.000000000000000000 ) ) ;
#1392 = FACE_OUTER_BOUND ( 'NONE', #2938, .T. ) ;
#1393 = EDGE_LOOP ( 'NONE', ( #8265, #607, #1235, #6768 ) ) ;
#1394 = ORIENTED_EDGE ( 'NONE', *, *, #4644, .T. ) ;
#1395 = CIRCLE ( 'NONE', #6194, 0.1499999999999999667 ) ;
#1396 = ORIENTED_EDGE ( 'NONE', *, *, #6684, .T. ) ;
#1397 = AXIS2_PLACEMENT_3D ( 'NONE', #10545, #3223, #7581 ) ;
#1398 = DIRECTION ( 'NONE',  ( -3.614007241618349264E-16, -1.000000000000000000, -1.807003620809174632E-16 ) ) ;
#1399 = DIRECTION ( 'NONE',  ( -0.000000000000000000, -0.000000000000000000, -1.000000000000000000 ) ) ;
#1400 = PLANE ( 'NONE',  #5316 ) ;
#1401 = EDGE_CURVE ( 'NONE', #5916, #3291, #5881, .T. ) ;
#1402 = CARTESIAN_POINT ( 'NONE',  ( -0.7999999999999999334, 0.7999999999999983791, 7.249999999999999112 ) ) ;
#1403 = ADVANCED_FACE ( 'NONE', ( #5545 ), #1411, .F. ) ;
#1404 = FACE_OUTER_BOUND ( 'NONE', #3212, .T. ) ;
#1405 = EDGE_CURVE ( 'NONE', #1801, #9709, #2017, .T. ) ;
#1406 = DIRECTION ( 'NONE',  ( 0.000000000000000000, -0.000000000000000000, -1.000000000000000000 ) ) ;
#1407 = ORIENTED_EDGE ( 'NONE', *, *, #985, .T. ) ;
#1408 = ORIENTED_EDGE ( 'NONE', *, *, #2424, .T. ) ;
#1409 = ORIENTED_EDGE ( 'NONE', *, *, #5330, .F. ) ;
#1410 = LINE ( 'NONE', #4563, #4970 ) ;
#1411 = PLANE ( 'NONE',  #8634 ) ;
#1412 = CIRCLE ( 'NONE', #7881, 0.1499999999999999667 ) ;
#1413 = DIRECTION ( 'NONE',  ( 0.7071067811865493491, 0.000000000000000000, -0.7071067811865456854 ) ) ;
#1414 = DIRECTION ( 'NONE',  ( 1.000000000000000000, 0.000000000000000000, 0.000000000000000000 ) ) ;
#1415 = ORIENTED_EDGE ( 'NONE', *, *, #1333, .F. ) ;
#1416 = DIRECTION ( 'NONE',  ( 3.614007241618348278E-16, 1.000000000000000000, 2.017120320903263702E-16 ) ) ;
#1417 = EDGE_CURVE ( 'NONE', #10485, #1983, #5559, .T. ) ;
#1418 = CARTESIAN_POINT ( 'NONE',  ( 2.500000000000000000, -2.349999999999998312, -7.200000000000001066 ) ) ;
#1419 = ORIENTED_EDGE ( 'NONE', *, *, #4540, .T. ) ;
#1420 = ADVANCED_FACE ( 'NONE', ( #5664 ), #9137, .T. ) ;
#1421 = AXIS2_PLACEMENT_3D ( 'NONE', #10177, #5771, #5231 ) ;
#1422 = ORIENTED_EDGE ( 'NONE', *, *, #1704, .F. ) ;
#1423 = ORIENTED_EDGE ( 'NONE', *, *, #7778, .F. ) ;
#1424 = CARTESIAN_POINT ( 'NONE',  ( 0.000000000000000000, 2.100000000000000089, -1.000000000000000000 ) ) ;
#1425 = FACE_OUTER_BOUND ( 'NONE', #10390, .T. ) ;
#1426 = DIRECTION ( 'NONE',  ( -0.000000000000000000, -1.000000000000000000, -0.000000000000000000 ) ) ;
#1427 = CARTESIAN_POINT ( 'NONE',  ( 0.000000000000000000, 30.00000000000000000, 0.000000000000000000 ) ) ;
#1428 = CARTESIAN_POINT ( 'NONE',  ( 2.500000000000000000, -2.299999999999999822, 7.699999999999997513 ) ) ;
#1429 = LINE ( 'NONE', #5048, #8635 ) ;
#1430 = CARTESIAN_POINT ( 'NONE',  ( 2.500000000000000000, -2.350000000000000089, 7.699999999999997513 ) ) ;
#1431 = DIRECTION ( 'NONE',  ( -1.000000000000000000, -0.000000000000000000, 0.000000000000000000 ) ) ;
#1432 = ORIENTED_EDGE ( 'NONE', *, *, #1727, .T. ) ;
#1433 = DIRECTION ( 'NONE',  ( 0.000000000000000000, 0.000000000000000000, -1.000000000000000000 ) ) ;
#1434 = CARTESIAN_POINT ( 'NONE',  ( 5.799999999999997158, 0.1000000000000006994, 1.999999999999999112 ) ) ;
#1435 = CARTESIAN_POINT ( 'NONE',  ( 2.598076211353316900, 18.00000000000000000, 1.499999999999999112 ) ) ;
#1436 = LINE ( 'NONE', #4927, #1675 ) ;
#1437 = EDGE_LOOP ( 'NONE', ( #3739, #745, #4114, #4158 ) ) ;
#1438 = ORIENTED_EDGE ( 'NONE', *, *, #5163, .F. ) ;
#1439 = DIRECTION ( 'NONE',  ( 0.000000000000000000, 0.000000000000000000, -1.000000000000000000 ) ) ;
#1440 = CIRCLE ( 'NONE', #3883, 0.4250000000000000444 ) ;
#1441 = AXIS2_PLACEMENT_3D ( 'NONE', #8626, #7857, #8490 ) ;
#1442 = FACE_OUTER_BOUND ( 'NONE', #7583, .T. ) ;
#1443 = ADVANCED_FACE ( 'NONE', ( #2104 ), #6512, .F. ) ;
#1444 = DIRECTION ( 'NONE',  ( 0.000000000000000000, 1.000000000000000000, 0.000000000000000000 ) ) ;
#1445 = CARTESIAN_POINT ( 'NONE',  ( 5.049999999999997158, 2.128355624055937206E-16, -6.700000000000000178 ) ) ;
#1446 = ORIENTED_EDGE ( 'NONE', *, *, #4569, .T. ) ;
#1447 = EDGE_CURVE ( 'NONE', #3188, #8447, #9230, .T. ) ;
#1448 = DIRECTION ( 'NONE',  ( 0.000000000000000000, -0.000000000000000000, -1.000000000000000000 ) ) ;
#1449 = CARTESIAN_POINT ( 'NONE',  ( 4.250000000000000000, 6.700000000000000178, -5.099999999999999645 ) ) ;
#1450 = CARTESIAN_POINT ( 'NONE',  ( -4.250000000000000000, 6.700000000000000178, -5.099999999999999645 ) ) ;
#1451 = AXIS2_PLACEMENT_3D ( 'NONE', #1207, #1349, #5419 ) ;
#1452 = CYLINDRICAL_SURFACE ( 'NONE', #6294, 0.1999999999999996503 ) ;
#1453 = DIRECTION ( 'NONE',  ( -1.000000000000000000, 0.000000000000000000, -0.000000000000000000 ) ) ;
#1454 = PLANE ( 'NONE',  #6370 ) ;
#1455 = ORIENTED_EDGE ( 'NONE', *, *, #1363, .F. ) ;
#1456 = EDGE_LOOP ( 'NONE', ( #3533, #1913, #498, #7224, #170, #3623, #3816, #3938, #3300, #7679, #7870, #728, #1895, #3885, #7777, #7281, #3951, #287, #5870, #673, #5059, #9042, #380, #602, #8808, #2731, #872, #7859, #5342, #7207, #7788, #190 ) ) ;
#1457 = VECTOR ( 'NONE', #8975, 1000.000000000000114 ) ;
#1458 = AXIS2_PLACEMENT_3D ( 'NONE', #7920, #3650, #9312 ) ;
#1459 = AXIS2_PLACEMENT_3D ( 'NONE', #2274, #3882, #9792 ) ;
#1460 = EDGE_LOOP ( 'NONE', ( #9808, #6711, #5923, #2778, #3115 ) ) ;
#1461 = UNCERTAINTY_MEASURE_WITH_UNIT (LENGTH_MEASURE( 1.000000000000000082E-05 ), #4844, 'distance_accuracy_value', 'NONE');
#1462 = ADVANCED_FACE ( 'NONE', ( #9026 ), #4159, .T. ) ;
#1463 = CARTESIAN_POINT ( 'NONE',  ( -6.200000000000000178, 3.100000000000000089, -1.599999999999999867 ) ) ;
#1464 = DIRECTION ( 'NONE',  ( 1.000000000000000000, 1.341711765540131426E-16, 0.000000000000000000 ) ) ;
#1465 = EDGE_CURVE ( 'NONE', #4248, #3642, #1991, .T. ) ;
#1466 = DIRECTION ( 'NONE',  ( -1.000000000000000000, 0.000000000000000000, 0.000000000000000000 ) ) ;
#1467 = PLANE ( 'NONE',  #9984 ) ;
#1468 = EDGE_CURVE ( 'NONE', #1757, #2933, #2087, .T. ) ;
#1469 = VECTOR ( 'NONE', #5960, 999.9999999999998863 ) ;
#1470 = DIRECTION ( 'NONE',  ( 0.000000000000000000, 0.000000000000000000, 1.000000000000000000 ) ) ;
#1471 = DIRECTION ( 'NONE',  ( -1.000000000000000000, -1.341711765540131426E-16, 0.000000000000000000 ) ) ;
#1472 = EDGE_CURVE ( 'NONE', #4717, #1964, #1936, .T. ) ;
#1473 = ORIENTED_EDGE ( 'NONE', *, *, #80, .F. ) ;
#1474 = VERTEX_POINT ( 'NONE', #5625 ) ;
#1475 = FACE_OUTER_BOUND ( 'NONE', #2922, .T. ) ;
#1476 = DIRECTION ( 'NONE',  ( -1.000000000000000000, 0.000000000000000000, 0.000000000000000000 ) ) ;
#1477 = LINE ( 'NONE', #3059, #1253 ) ;
#1478 = CARTESIAN_POINT ( 'NONE',  ( -1.699999999999999956, 2.949999999999998845, 7.299999999999999822 ) ) ;
#1479 = EDGE_LOOP ( 'NONE', ( #5931, #9583, #4736, #7051, #1351, #10501, #1278, #3603 ) ) ;
#1480 = AXIS2_PLACEMENT_3D ( 'NONE', #9622, #4481, #6120 ) ;
#1481 = EDGE_CURVE ( 'NONE', #6036, #4797, #9045, .T. ) ;
#1482 = DIRECTION ( 'NONE',  ( -1.000000000000000000, 0.000000000000000000, -0.000000000000000000 ) ) ;
#1483 = VECTOR ( 'NONE', #2259, 1000.000000000000000 ) ;
#1484 = CARTESIAN_POINT ( 'NONE',  ( 5.049999999999997158, 2.128355624055937206E-16, -6.700000000000000178 ) ) ;
#1485 = EDGE_CURVE ( 'NONE', #7666, #5409, #2067, .T. ) ;
#1486 = EDGE_LOOP ( 'NONE', ( #8959, #4273, #1696, #5220 ) ) ;
#1487 = ORIENTED_EDGE ( 'NONE', *, *, #7891, .F. ) ;
#1488 = EDGE_LOOP ( 'NONE', ( #10145, #3383 ) ) ;
#1489 = CARTESIAN_POINT ( 'NONE',  ( -6.999999999999997335, -2.034757436496875016, 1.000000000000000000 ) ) ;
#1491 = EDGE_CURVE ( 'NONE', #4163, #1171, #2030, .T. ) ;
#1490 = CYLINDRICAL_SURFACE ( 'NONE', #1193, 0.2999999999999999334 ) ;
#1492 = DIRECTION ( 'NONE',  ( -1.000000000000000000, 0.000000000000000000, -0.000000000000000000 ) ) ;
#1493 = DIRECTION ( 'NONE',  ( -1.000000000000000000, 0.000000000000000000, 0.000000000000000000 ) ) ;
#1494 = FACE_OUTER_BOUND ( 'NONE', #7831, .T. ) ;
#1495 = DIRECTION ( 'NONE',  ( 0.000000000000000000, -2.460132057943349518E-16, 1.000000000000000000 ) ) ;
#1496 = DIRECTION ( 'NONE',  ( 0.000000000000000000, 1.000000000000000000, 0.000000000000000000 ) ) ;
#1497 = FACE_OUTER_BOUND ( 'NONE', #3147, .T. ) ;
#1498 = ORIENTED_EDGE ( 'NONE', *, *, #4401, .F. ) ;
#1499 = CARTESIAN_POINT ( 'NONE',  ( 6.199999999999999289, 5.650000000000001243, -5.250000000000000000 ) ) ;
#1500 = DIRECTION ( 'NONE',  ( 0.000000000000000000, -0.000000000000000000, -1.000000000000000000 ) ) ;
#1501 = CARTESIAN_POINT ( 'NONE',  ( 1.700000000000000178, 0.8000000000000001554, -6.750000000000001776 ) ) ;
#1502 = AXIS2_PLACEMENT_3D ( 'NONE', #2850, #8625, #7158 ) ;
#1503 = FACE_OUTER_BOUND ( 'NONE', #7371, .T. ) ;
#1504 = ORIENTED_EDGE ( 'NONE', *, *, #8552, .T. ) ;
#1505 = EDGE_LOOP ( 'NONE', ( #4643, #3129, #6685, #3516 ) ) ;
#1506 = EDGE_CURVE ( 'NONE', #10191, #6867, #9247, .T. ) ;
#1507 = CARTESIAN_POINT ( 'NONE',  ( 0.000000000000000000, 0.09999999999999971412, 3.000000000000000444 ) ) ;
#1508 = VECTOR ( 'NONE', #1004, 1000.000000000000000 ) ;
#1509 = DIRECTION ( 'NONE',  ( -0.000000000000000000, -0.000000000000000000, -1.000000000000000000 ) ) ;
#1510 = LINE ( 'NONE', #8284, #5041 ) ;
#1511 = DIRECTION ( 'NONE',  ( 0.000000000000000000, -1.000000000000000000, 0.000000000000000000 ) ) ;
#1512 = EDGE_CURVE ( 'NONE', #6629, #6766, #1955, .T. ) ;
#1513 = CARTESIAN_POINT ( 'NONE',  ( 6.200000000000000178, 3.100000000000000089, 5.250000000000000000 ) ) ;
#1514 = EDGE_LOOP ( 'NONE', ( #176, #10292, #4961, #1293, #9570, #5164, #4129, #5900 ) ) ;
#1515 = ORIENTED_EDGE ( 'NONE', *, *, #334, .T. ) ;
#1516 = DIRECTION ( 'NONE',  ( 0.000000000000000000, 0.000000000000000000, -1.000000000000000000 ) ) ;
#1517 = CARTESIAN_POINT ( 'NONE',  ( -6.744145861810626030, -2.526248663070268741, -1.000000000000000000 ) ) ;
#1518 = VECTOR ( 'NONE', #1700, 1000.000000000000000 ) ;
#1519 = DIRECTION ( 'NONE',  ( 0.000000000000000000, 0.000000000000000000, -1.000000000000000000 ) ) ;
#1521 = ORIENTED_EDGE ( 'NONE', *, *, #2160, .T. ) ;
#1520 = VERTEX_POINT ( 'NONE', #9633 ) ;
#1522 = AXIS2_PLACEMENT_3D ( 'NONE', #7176, #4017, #9650 ) ;
#1523 = PLANE ( 'NONE',  #8754 ) ;
#1524 = DIRECTION ( 'NONE',  ( -0.7071067811865489050, 0.000000000000000000, -0.7071067811865462405 ) ) ;
#1525 = VERTEX_POINT ( 'NONE', #10490 ) ;
#1526 = ORIENTED_EDGE ( 'NONE', *, *, #4694, .T. ) ;
#1527 = FACE_OUTER_BOUND ( 'NONE', #9829, .T. ) ;
#1528 = EDGE_CURVE ( 'NONE', #4823, #8023, #5522, .T. ) ;
#1529 = LINE ( 'NONE', #4040, #8967 ) ;
#1530 = VERTEX_POINT ( 'NONE', #7223 ) ;
#1531 = DIRECTION ( 'NONE',  ( 0.000000000000000000, 0.000000000000000000, -1.000000000000000000 ) ) ;
#1532 = PLANE ( 'NONE',  #10195 ) ;
#1533 = DIRECTION ( 'NONE',  ( 0.000000000000000000, 0.000000000000000000, 1.000000000000000000 ) ) ;
#1534 = VECTOR ( 'NONE', #8965, 1000.000000000000000 ) ;
#1535 = VECTOR ( 'NONE', #3999, 1000.000000000000000 ) ;
#1536 = DIRECTION ( 'NONE',  ( -0.000000000000000000, -0.000000000000000000, -1.000000000000000000 ) ) ;
#1537 = PLANE ( 'NONE',  #4418 ) ;
#1538 = ORIENTED_EDGE ( 'NONE', *, *, #108, .F. ) ;
#1539 = DIRECTION ( 'NONE',  ( 0.000000000000000000, -1.000000000000000000, 8.673617379883880855E-15 ) ) ;
#1540 = VECTOR ( 'NONE', #4227, 1000.000000000000000 ) ;
#1541 = DIRECTION ( 'NONE',  ( -0.000000000000000000, -1.000000000000000000, -0.000000000000000000 ) ) ;
#1542 = LINE ( 'NONE', #2341, #5374 ) ;
#1543 = CARTESIAN_POINT ( 'NONE',  ( 0.000000000000000000, 3.100000000000000089, 3.000000000000000000 ) ) ;
#1544 = FILL_AREA_STYLE_COLOUR ( '', #587 ) ;
#1545 = EDGE_CURVE ( 'NONE', #4706, #2077, #9174, .T. ) ;
#1546 = FACE_OUTER_BOUND ( 'NONE', #9204, .T. ) ;
#1547 = ORIENTED_EDGE ( 'NONE', *, *, #3823, .F. ) ;
#1548 = ADVANCED_FACE ( 'NONE', ( #1974 ), #5645, .T. ) ;
#1549 = AXIS2_PLACEMENT_3D ( 'NONE', #9306, #2679, #6847 ) ;
#1550 = FACE_OUTER_BOUND ( 'NONE', #3356, .T. ) ;
#1551 = DIRECTION ( 'NONE',  ( 0.000000000000000000, 0.000000000000000000, -1.000000000000000000 ) ) ;
#1552 = LINE ( 'NONE', #5761, #1535 ) ;
#1553 = DIRECTION ( 'NONE',  ( -1.000000000000000000, 0.000000000000000000, 0.000000000000000000 ) ) ;
#1554 = ORIENTED_EDGE ( 'NONE', *, *, #9057, .F. ) ;
#1555 = VERTEX_POINT ( 'NONE', #8233 ) ;
#1556 = EDGE_LOOP ( 'NONE', ( #1733, #7200, #8942, #268, #1771, #232, #10305, #4046 ) ) ;
#1557 = VECTOR ( 'NONE', #9132, 1000.000000000000000 ) ;
#1558 = CARTESIAN_POINT ( 'NONE',  ( 3.299999999999999822, 0.8000000000000001554, -7.050000000000001599 ) ) ;
#1559 = CARTESIAN_POINT ( 'NONE',  ( -5.499999999999996447, 5.500000000000000888, 6.400000000000000355 ) ) ;
#1560 = FACE_OUTER_BOUND ( 'NONE', #7304, .T. ) ;
#1561 = DIRECTION ( 'NONE',  ( 1.000000000000000000, -0.000000000000000000, 0.000000000000000000 ) ) ;
#1562 = CARTESIAN_POINT ( 'NONE',  ( -2.100000000000000089, 0.3544119062935214837, -6.800000000000001599 ) ) ;
#1563 = ORIENTED_EDGE ( 'NONE', *, *, #5495, .T. ) ;
#1564 = ORIENTED_EDGE ( 'NONE', *, *, #4836, .F. ) ;
#1565 = DIRECTION ( 'NONE',  ( 0.000000000000000000, 1.000000000000000000, 0.000000000000000000 ) ) ;
#1566 = VECTOR ( 'NONE', #1951, 1000.000000000000000 ) ;
#1567 = CARTESIAN_POINT ( 'NONE',  ( -5.049999999999997158, 0.1000000000000001721, -2.599999999999997424 ) ) ;
#1568 = AXIS2_PLACEMENT_3D ( 'NONE', #6739, #2645, #3487 ) ;
#1569 = LINE ( 'NONE', #723, #1518 ) ;
#1571 = ORIENTED_EDGE ( 'NONE', *, *, #7082, .T. ) ;
#1570 = ORIENTED_EDGE ( 'NONE', *, *, #3292, .F. ) ;
#1572 = EDGE_CURVE ( 'NONE', #1617, #7697, #5538, .T. ) ;
#1573 = VERTEX_POINT ( 'NONE', #8156 ) ;
#1574 = ORIENTED_EDGE ( 'NONE', *, *, #4694, .F. ) ;
#1575 = FACE_OUTER_BOUND ( 'NONE', #8924, .T. ) ;
#1576 = DIRECTION ( 'NONE',  ( 0.000000000000000000, 0.000000000000000000, -1.000000000000000000 ) ) ;
#1577 = LINE ( 'NONE', #9205, #8840 ) ;
#1578 = DIRECTION ( 'NONE',  ( -1.000000000000000000, 0.000000000000000000, 0.000000000000000000 ) ) ;
#1579 = DIRECTION ( 'NONE',  ( 0.000000000000000000, -2.460132057943349518E-16, 1.000000000000000000 ) ) ;
#1580 = CARTESIAN_POINT ( 'NONE',  ( 0.000000000000000000, 11.09999999999999964, 0.000000000000000000 ) ) ;
#1581 = CIRCLE ( 'NONE', #4395, 0.2999999999999999334 ) ;
#1582 = ORIENTED_EDGE ( 'NONE', *, *, #8094, .F. ) ;
#1583 = AXIS2_PLACEMENT_3D ( 'NONE', #4201, #5031, #6706 ) ;
#1584 = CARTESIAN_POINT ( 'NONE',  ( 3.850000000000000089, 2.400000000000000355, 5.850000000000000533 ) ) ;
#1585 = CARTESIAN_POINT ( 'NONE',  ( -3.880824640740575759, 0.09999999999999990841, -6.700000000000000178 ) ) ;
#1586 = SURFACE_SIDE_STYLE ('',( #7546 ) ) ;
#1587 = CARTESIAN_POINT ( 'NONE',  ( -5.124054256371548099, -3.172339182284404924, 0.000000000000000000 ) ) ;
#1588 = LINE ( 'NONE', #3886, #8416 ) ;
#1589 = CIRCLE ( 'NONE', #10303, 0.5749999999999999556 ) ;
#1590 = AXIS2_PLACEMENT_3D ( 'NONE', #8875, #184, #9241 ) ;
#1591 = SURFACE_SIDE_STYLE ('',( #2124 ) ) ;
#1592 = EDGE_CURVE ( 'NONE', #9172, #2933, #5553, .T. ) ;
#1594 = VERTEX_POINT ( 'NONE', #2081 ) ;
#1593 = ORIENTED_EDGE ( 'NONE', *, *, #5333, .T. ) ;
#1595 = CARTESIAN_POINT ( 'NONE',  ( 5.049999999999997158, 2.400000000000000355, 2.000000000000000000 ) ) ;
#1596 = ADVANCED_FACE ( 'NONE', ( #5590 ), #4524, .F. ) ;
#1597 = DIRECTION ( 'NONE',  ( 1.000000000000000000, 1.327027319204863784E-16, 0.000000000000000000 ) ) ;
#1598 = ORIENTED_EDGE ( 'NONE', *, *, #4173, .F. ) ;
#1599 = VERTEX_POINT ( 'NONE', #9215 ) ;
#1600 = CARTESIAN_POINT ( 'NONE',  ( -4.250000000000000000, 6.550000000000000711, 4.525000000000001243 ) ) ;
#1601 = EDGE_CURVE ( 'NONE', #9077, #5025, #9155, .T. ) ;
#1602 = FACE_OUTER_BOUND ( 'NONE', #9514, .T. ) ;
#1603 = EDGE_CURVE ( 'NONE', #6588, #5249, #8874, .T. ) ;
#1604 = LINE ( 'NONE', #3837, #8623 ) ;
#1605 = ORIENTED_EDGE ( 'NONE', *, *, #9449, .F. ) ;
#1606 = ORIENTED_EDGE ( 'NONE', *, *, #586, .T. ) ;
#1607 = DIRECTION ( 'NONE',  ( -0.8191520442889909104, 0.5735764363510473807, 0.000000000000000000 ) ) ;
#1608 = EDGE_LOOP ( 'NONE', ( #8010, #9331, #5493, #10257, #10463, #3037 ) ) ;
#1609 = DIRECTION ( 'NONE',  ( 0.000000000000000000, 0.000000000000000000, 1.000000000000000000 ) ) ;
#1610 = DIRECTION ( 'NONE',  ( -1.000000000000000000, 0.000000000000000000, -0.000000000000000000 ) ) ;
#1611 = EDGE_CURVE ( 'NONE', #6964, #2883, #8726, .T. ) ;
#1612 = FILL_AREA_STYLE ('',( #1122 ) ) ;
#1613 = VECTOR ( 'NONE', #962, 1000.000000000000000 ) ;
#1614 = VECTOR ( 'NONE', #3308, 1000.000000000000000 ) ;
#1615 = CARTESIAN_POINT ( 'NONE',  ( -5.750000000000000000, 5.650000000000001243, 5.250000000000000000 ) ) ;
#1616 = DIRECTION ( 'NONE',  ( -1.000000000000000000, 1.341711765540131426E-16, 0.000000000000000000 ) ) ;
#1617 = VERTEX_POINT ( 'NONE', #6027 ) ;
#1618 = DIRECTION ( 'NONE',  ( -0.000000000000000000, 4.430117370400858162E-17, -1.000000000000000000 ) ) ;
#1619 = VERTEX_POINT ( 'NONE', #3494 ) ;
#1620 = ORIENTED_EDGE ( 'NONE', *, *, #8810, .F. ) ;
#1621 = PLANE ( 'NONE',  #8953 ) ;
#1622 = FACE_OUTER_BOUND ( 'NONE', #8291, .T. ) ;
#1623 = DIRECTION ( 'NONE',  ( 0.000000000000000000, 2.017120320903263702E-16, -1.000000000000000000 ) ) ;
#1624 = AXIS2_PLACEMENT_3D ( 'NONE', #10506, #10442, #8251 ) ;
#1625 = DIRECTION ( 'NONE',  ( 0.8191520442889915765, -0.5735764363510463815, 0.000000000000000000 ) ) ;
#1626 = FILL_AREA_STYLE ('',( #1544 ) ) ;
#1627 = FACE_OUTER_BOUND ( 'NONE', #10427, .T. ) ;
#1628 = ORIENTED_EDGE ( 'NONE', *, *, #4565, .T. ) ;
#1629 = ORIENTED_EDGE ( 'NONE', *, *, #3967, .F. ) ;
#1630 = ORIENTED_EDGE ( 'NONE', *, *, #1006, .T. ) ;
#1631 = EDGE_CURVE ( 'NONE', #652, #10345, #1792, .T. ) ;
#1632 = FACE_OUTER_BOUND ( 'NONE', #3187, .T. ) ;
#1633 = EDGE_CURVE ( 'NONE', #7790, #9922, #8705, .T. ) ;
#1634 = CARTESIAN_POINT ( 'NONE',  ( -2.100000000000000089, 0.3544119062935203179, -6.200000000000001954 ) ) ;
#1635 = CARTESIAN_POINT ( 'NONE',  ( 0.2000000000000013989, 0.6999999999999992895, 7.549999999999999822 ) ) ;
#1636 = ORIENTED_EDGE ( 'NONE', *, *, #967, .F. ) ;
#1637 = ORIENTED_EDGE ( 'NONE', *, *, #7358, .F. ) ;
#1638 = ORIENTED_EDGE ( 'NONE', *, *, #533, .F. ) ;
#1639 = VECTOR ( 'NONE', #1220, 999.9999999999998863 ) ;
#1640 = CARTESIAN_POINT ( 'NONE',  ( -1.699999999999999956, 2.949999999999998401, 7.549999999999999822 ) ) ;
#1641 = CARTESIAN_POINT ( 'NONE',  ( 5.049999999999997158, 2.128355624055937206E-16, -6.700000000000000178 ) ) ;
#1642 = DIRECTION ( 'NONE',  ( 0.000000000000000000, 0.000000000000000000, 1.000000000000000000 ) ) ;
#1643 = DIRECTION ( 'NONE',  ( 0.000000000000000000, -1.000000000000000000, -0.000000000000000000 ) ) ;
#1644 = CARTESIAN_POINT ( 'NONE',  ( 5.499999999999996447, 0.000000000000000000, -6.400000000000000355 ) ) ;
#1645 = CARTESIAN_POINT ( 'NONE',  ( -1.699999999999999956, 1.099999999999999867, -6.750000000000001776 ) ) ;
#1646 = VECTOR ( 'NONE', #1948, 1000.000000000000000 ) ;
#1647 = ORIENTED_EDGE ( 'NONE', *, *, #6763, .T. ) ;
#1648 = AXIS2_PLACEMENT_3D ( 'NONE', #7813, #3613, #9282 ) ;
#1649 = ADVANCED_FACE ( 'NONE', ( #1910 ), #2582, .T. ) ;
#1650 = ORIENTED_EDGE ( 'NONE', *, *, #7113, .F. ) ;
#1651 = DIRECTION ( 'NONE',  ( 1.000000000000000000, 0.000000000000000000, 0.000000000000000000 ) ) ;
#1652 = EDGE_CURVE ( 'NONE', #8720, #6445, #1830, .T. ) ;
#1653 = VECTOR ( 'NONE', #392, 1000.000000000000000 ) ;
#1654 = DIRECTION ( 'NONE',  ( -0.000000000000000000, -0.000000000000000000, 1.000000000000000000 ) ) ;
#1655 = FACE_OUTER_BOUND ( 'NONE', #174, .T. ) ;
#1656 = EDGE_CURVE ( 'NONE', #3012, #3758, #8800, .T. ) ;
#1657 = ORIENTED_EDGE ( 'NONE', *, *, #9639, .T. ) ;
#1658 = VERTEX_POINT ( 'NONE', #5287 ) ;
#1659 = VERTEX_POINT ( 'NONE', #5068 ) ;
#1660 = CARTESIAN_POINT ( 'NONE',  ( -3.880824640740575759, 0.4999999999999998890, -4.499999999999997335 ) ) ;
#1661 = LINE ( 'NONE', #1276, #5246 ) ;
#1662 = DIRECTION ( 'NONE',  ( 0.000000000000000000, 0.000000000000000000, -1.000000000000000000 ) ) ;
#1663 = DIRECTION ( 'NONE',  ( 1.000000000000000000, 0.000000000000000000, 0.000000000000000000 ) ) ;
#1664 = FACE_OUTER_BOUND ( 'NONE', #7734, .T. ) ;
#1665 = ORIENTED_EDGE ( 'NONE', *, *, #7213, .F. ) ;
#1666 = ORIENTED_EDGE ( 'NONE', *, *, #7154, .T. ) ;
#1667 = DIRECTION ( 'NONE',  ( -0.7660444431189813441, -0.6427876096865353661, 0.000000000000000000 ) ) ;
#1668 = DIRECTION ( 'NONE',  ( -0.8191520442889912434, -0.5735764363510468256, 0.000000000000000000 ) ) ;
#1669 = ORIENTED_EDGE ( 'NONE', *, *, #10389, .F. ) ;
#1670 = DIRECTION ( 'NONE',  ( 1.000000000000000000, 0.000000000000000000, -0.000000000000000000 ) ) ;
#1671 = CARTESIAN_POINT ( 'NONE',  ( -2.900000000000000355, 0.3544119062935187636, 6.700000000000000178 ) ) ;
#1672 = FACE_OUTER_BOUND ( 'NONE', #8043, .T. ) ;
#1673 = ADVANCED_FACE ( 'NONE', ( #5439 ), #7010, .F. ) ;
#1674 = EDGE_CURVE ( 'NONE', #7997, #1230, #8822, .T. ) ;
#1675 = VECTOR ( 'NONE', #8235, 1000.000000000000000 ) ;
#1676 = ORIENTED_EDGE ( 'NONE', *, *, #5884, .F. ) ;
#1677 = CARTESIAN_POINT ( 'NONE',  ( 1.700000000000000178, 0.7999999999999983791, 7.249999999999999112 ) ) ;
#1678 = CARTESIAN_POINT ( 'NONE',  ( 5.750000000000000000, 6.100000000000000533, 6.700000000000000178 ) ) ;
#1679 = AXIS2_PLACEMENT_3D ( 'NONE', #3903, #10398, #5373 ) ;
#1680 = VERTEX_POINT ( 'NONE', #2804 ) ;
#1681 = ORIENTED_EDGE ( 'NONE', *, *, #10614, .T. ) ;
#1682 = CARTESIAN_POINT ( 'NONE',  ( -2.900000000000000355, 0.3544119062935203179, -6.200000000000001954 ) ) ;
#1683 = LINE ( 'NONE', #8358, #5348 ) ;
#1684 = ORIENTED_EDGE ( 'NONE', *, *, #7776, .F. ) ;
#1685 = ORIENTED_EDGE ( 'NONE', *, *, #10121, .F. ) ;
#1686 = CARTESIAN_POINT ( 'NONE',  ( -5.799999999999998934, 5.650000000000001243, 3.000000000000000000 ) ) ;
#1687 = PLANE ( 'NONE',  #8923 ) ;
#1688 = VECTOR ( 'NONE', #7614, 1000.000000000000114 ) ;
#1689 = VECTOR ( 'NONE', #6364, 1000.000000000000000 ) ;
#1690 = CARTESIAN_POINT ( 'NONE',  ( 3.999999999999998224, -3.551475717527321367E-16, 5.850000000000000533 ) ) ;
#1691 = CARTESIAN_POINT ( 'NONE',  ( 3.299999999999999822, 0.8500000000000000888, -5.850000000000000533 ) ) ;
#1692 = EDGE_CURVE ( 'NONE', #8302, #1520, #8672, .T. ) ;
#1693 = ORIENTED_EDGE ( 'NONE', *, *, #1311, .F. ) ;
#1694 = DIRECTION ( 'NONE',  ( 0.000000000000000000, -1.000000000000000000, -2.460132057943349518E-16 ) ) ;
#1695 = ADVANCED_FACE ( 'NONE', ( #1713, #5277 ), #10162, .F. ) ;
#1696 = ORIENTED_EDGE ( 'NONE', *, *, #2502, .F. ) ;
#1697 = CARTESIAN_POINT ( 'NONE',  ( 6.200000000000000178, 3.100000000000000089, 4.500000000000000888 ) ) ;
#1698 = VECTOR ( 'NONE', #5679, 1000.000000000000000 ) ;
#1699 = DIRECTION ( 'NONE',  ( -1.000000000000000000, 0.000000000000000000, 0.000000000000000000 ) ) ;
#1700 = DIRECTION ( 'NONE',  ( 0.000000000000000000, -1.000000000000000000, 0.000000000000000000 ) ) ;
#1701 = CARTESIAN_POINT ( 'NONE',  ( -2.100000000000000089, 0.3544119062935187636, 6.700000000000000178 ) ) ;
#1702 = ORIENTED_EDGE ( 'NONE', *, *, #3175, .F. ) ;
#1703 = ORIENTED_EDGE ( 'NONE', *, *, #1572, .F. ) ;
#1704 = EDGE_CURVE ( 'NONE', #1944, #5803, #5132, .T. ) ;
#1705 = ORIENTED_EDGE ( 'NONE', *, *, #6788, .T. ) ;
#1706 = VECTOR ( 'NONE', #4329, 1000.000000000000000 ) ;
#1707 = CARTESIAN_POINT ( 'NONE',  ( -2.500000000000000000, -2.299999999999998046, -7.050000000000002487 ) ) ;
#1708 = AXIS2_PLACEMENT_3D ( 'NONE', #6105, #8458, #246 ) ;
#1709 = CIRCLE ( 'NONE', #8118, 0.1999999999999996503 ) ;
#1710 = DIRECTION ( 'NONE',  ( 1.000000000000000000, 0.000000000000000000, 0.000000000000000000 ) ) ;
#1711 = ORIENTED_EDGE ( 'NONE', *, *, #349, .F. ) ;
#1712 = VERTEX_POINT ( 'NONE', #3614 ) ;
#1713 = FACE_OUTER_BOUND ( 'NONE', #4002, .T. ) ;
#1714 = CARTESIAN_POINT ( 'NONE',  ( 2.542012759203106320, 2.400000000000000355, 2.000000000000000000 ) ) ;
#1715 = FACE_OUTER_BOUND ( 'NONE', #5276, .T. ) ;
#1716 = DIRECTION ( 'NONE',  ( 0.000000000000000000, 0.000000000000000000, -1.000000000000000000 ) ) ;
#1717 = CARTESIAN_POINT ( 'NONE',  ( 4.250000000000000000, 6.550000000000000711, 4.675000000000001599 ) ) ;
#1718 = CARTESIAN_POINT ( 'NONE',  ( 0.05000000000000012768, -2.299999999999999822, 7.549999999999998046 ) ) ;
#1719 = DIRECTION ( 'NONE',  ( 0.000000000000000000, 0.000000000000000000, 1.000000000000000000 ) ) ;
#1720 = ADVANCED_FACE ( 'NONE', ( #1575 ), #9403, .T. ) ;
#1721 = AXIS2_PLACEMENT_3D ( 'NONE', #6573, #9056, #25 ) ;
#1722 = AXIS2_PLACEMENT_3D ( 'NONE', #572, #2318, #1699 ) ;
#1723 = DIRECTION ( 'NONE',  ( -0.000000000000000000, 0.000000000000000000, -1.000000000000000000 ) ) ;
#1724 = CIRCLE ( 'NONE', #2601, 0.2999999999999999334 ) ;
#1725 = VERTEX_POINT ( 'NONE', #7518 ) ;
#1726 = EDGE_LOOP ( 'NONE', ( #4162, #130, #3580, #9482 ) ) ;
#1727 = EDGE_CURVE ( 'NONE', #9845, #10021, #1774, .T. ) ;
#1728 = CARTESIAN_POINT ( 'NONE',  ( 5.799999999999996270, 2.400000000000000355, 4.500000000000000888 ) ) ;
#1729 = LINE ( 'NONE', #8182, #8847 ) ;
#1730 = DIRECTION ( 'NONE',  ( -0.000000000000000000, 0.000000000000000000, -1.000000000000000000 ) ) ;
#1731 = DIRECTION ( 'NONE',  ( 0.000000000000000000, 1.000000000000000000, 0.000000000000000000 ) ) ;
#1732 = CIRCLE ( 'NONE', #263, 0.1499999999999999667 ) ;
#1733 = ORIENTED_EDGE ( 'NONE', *, *, #1301, .F. ) ;
#1734 = AXIS2_PLACEMENT_3D ( 'NONE', #9864, #43, #873 ) ;
#1735 = FACE_OUTER_BOUND ( 'NONE', #8128, .T. ) ;
#1736 = EDGE_LOOP ( 'NONE', ( #5073, #3226, #9805, #621, #5608, #9856, #5110, #10311 ) ) ;
#1737 = CARTESIAN_POINT ( 'NONE',  ( -5.799999999999996270, 2.400000000000000355, 3.000000000000000000 ) ) ;
#1738 = PLANE ( 'NONE',  #951 ) ;
#1739 = CARTESIAN_POINT ( 'NONE',  ( 2.550000000000000266, -2.299999999999999822, 7.549999999999998046 ) ) ;
#1740 = FACE_OUTER_BOUND ( 'NONE', #2735, .T. ) ;
#1741 = ORIENTED_EDGE ( 'NONE', *, *, #1481, .T. ) ;
#1742 = ADVANCED_FACE ( 'NONE', ( #8903 ), #3106, .T. ) ;
#1743 = AXIS2_PLACEMENT_3D ( 'NONE', #6164, #442, #1291 ) ;
#1744 = DIRECTION ( 'NONE',  ( 1.000000000000000000, 0.000000000000000000, -0.000000000000000000 ) ) ;
#1745 = DIRECTION ( 'NONE',  ( 1.535153518563546084E-16, -1.000000000000000000, -1.445602896647339163E-16 ) ) ;
#1746 = VERTEX_POINT ( 'NONE', #3887 ) ;
#1747 = ORIENTED_EDGE ( 'NONE', *, *, #1652, .F. ) ;
#1748 = PLANE ( 'NONE',  #3797 ) ;
#1749 = LINE ( 'NONE', #9742, #8660 ) ;
#1750 = EDGE_CURVE ( 'NONE', #3012, #9967, #9244, .T. ) ;
#1751 = CYLINDRICAL_SURFACE ( 'NONE', #10429, 0.1499999999999999667 ) ;
#1752 = CARTESIAN_POINT ( 'NONE',  ( -1.734723475976807094E-15, 0.1000000000000006717, 5.850000000000000533 ) ) ;
#1753 = EDGE_CURVE ( 'NONE', #10043, #10564, #5724, .T. ) ;
#1754 = DIRECTION ( 'NONE',  ( -0.000000000000000000, -1.000000000000000000, -0.000000000000000000 ) ) ;
#1755 = CARTESIAN_POINT ( 'NONE',  ( 5.049999999999997158, 0.5000000000000001110, 4.500000000000000888 ) ) ;
#1756 = ORIENTED_EDGE ( 'NONE', *, *, #4948, .T. ) ;
#1757 = VERTEX_POINT ( 'NONE', #5575 ) ;
#1758 = DIRECTION ( 'NONE',  ( 0.000000000000000000, -1.000000000000000000, 0.000000000000000000 ) ) ;
#1760 = EDGE_CURVE ( 'NONE', #7271, #5025, #6417, .T. ) ;
#1759 = FACE_OUTER_BOUND ( 'NONE', #7120, .T. ) ;
#1761 = LINE ( 'NONE', #2745, #8676 ) ;
#1762 = EDGE_LOOP ( 'NONE', ( #403, #10343, #5147, #9661 ) ) ;
#1763 = EDGE_LOOP ( 'NONE', ( #3284, #2019, #4455, #8872, #6503, #8742 ) ) ;
#1764 = CARTESIAN_POINT ( 'NONE',  ( 3.880824640740575315, 2.935823076413500043, -4.499999999999997335 ) ) ;
#1765 = VECTOR ( 'NONE', #7319, 1000.000000000000000 ) ;
#1766 = ADVANCED_FACE ( 'NONE', ( #2700 ), #10314, .T. ) ;
#1767 = AXIS2_PLACEMENT_3D ( 'NONE', #7116, #6382, #9093 ) ;
#1768 = LINE ( 'NONE', #8627, #8814 ) ;
#1769 = DIRECTION ( 'NONE',  ( 0.000000000000000000, 1.000000000000000000, 0.000000000000000000 ) ) ;
#1770 = CARTESIAN_POINT ( 'NONE',  ( -5.799999999999996270, 2.100000000000000089, 1.599999999999999867 ) ) ;
#1771 = ORIENTED_EDGE ( 'NONE', *, *, #6668, .F. ) ;
#1772 = ORIENTED_EDGE ( 'NONE', *, *, #2918, .T. ) ;
#1773 = VERTEX_POINT ( 'NONE', #62 ) ;
#1774 = LINE ( 'NONE', #10085, #5347 ) ;
#1775 = EDGE_CURVE ( 'NONE', #8568, #5482, #9994, .T. ) ;
#1776 = LINE ( 'NONE', #9917, #5098 ) ;
#1777 = DIRECTION ( 'NONE',  ( 1.000000000000000000, 0.000000000000000000, 0.000000000000000000 ) ) ;
#1778 = DIRECTION ( 'NONE',  ( 0.000000000000000000, 1.000000000000000000, 0.000000000000000000 ) ) ;
#1779 = CARTESIAN_POINT ( 'NONE',  ( 6.999999999999997335, -2.034757436496875016, 1.000000000000000000 ) ) ;
#1780 = EDGE_CURVE ( 'NONE', #6202, #4364, #9796, .T. ) ;
#1781 = VERTEX_POINT ( 'NONE', #3395 ) ;
#1782 = ORIENTED_EDGE ( 'NONE', *, *, #2950, .F. ) ;
#1783 = VERTEX_POINT ( 'NONE', #2154 ) ;
#1784 = LINE ( 'NONE', #12, #1840 ) ;
#1785 = DIRECTION ( 'NONE',  ( 0.000000000000000000, 0.000000000000000000, 1.000000000000000000 ) ) ;
#1786 = LINE ( 'NONE', #10165, #9143 ) ;
#1787 = CARTESIAN_POINT ( 'NONE',  ( -5.049999999999998046, 2.400000000000000355, -5.350000000000001421 ) ) ;
#1788 = AXIS2_PLACEMENT_3D ( 'NONE', #76, #9976, #2690 ) ;
#1789 = ADVANCED_FACE ( 'NONE', ( #6397 ), #2339, .T. ) ;
#1790 = ORIENTED_EDGE ( 'NONE', *, *, #1512, .T. ) ;
#1791 = ORIENTED_EDGE ( 'NONE', *, *, #5560, .F. ) ;
#1792 = CIRCLE ( 'NONE', #5170, 0.2999999999999999334 ) ;
#1793 = DIRECTION ( 'NONE',  ( 0.000000000000000000, 0.000000000000000000, 1.000000000000000000 ) ) ;
#1794 = CIRCLE ( 'NONE', #1721, 0.2999999999999999334 ) ;
#1795 = DIRECTION ( 'NONE',  ( -1.000000000000000000, -0.000000000000000000, -0.000000000000000000 ) ) ;
#1796 = DIRECTION ( 'NONE',  ( 0.000000000000000000, -0.000000000000000000, 1.000000000000000000 ) ) ;
#1797 = EDGE_CURVE ( 'NONE', #3863, #3010, #9937, .T. ) ;
#1798 = CARTESIAN_POINT ( 'NONE',  ( -5.450000000000000178, 6.100000000000000533, 6.700000000000000178 ) ) ;
#1799 = DIRECTION ( 'NONE',  ( -1.000000000000000000, 0.000000000000000000, 0.000000000000000000 ) ) ;
#1800 = VERTEX_POINT ( 'NONE', #4190 ) ;
#1801 = VERTEX_POINT ( 'NONE', #7471 ) ;
#1802 = ORIENTED_EDGE ( 'NONE', *, *, #3911, .T. ) ;
#1803 = CARTESIAN_POINT ( 'NONE',  ( -1.700000000000000178, 0.5000000000000027756, -7.050000000000001599 ) ) ;
#1804 = CIRCLE ( 'NONE', #1502, 0.1999999999999996503 ) ;
#1805 = CARTESIAN_POINT ( 'NONE',  ( -5.799999999999996270, 1.000000000000000000, 5.000000000000000888 ) ) ;
#1806 = CARTESIAN_POINT ( 'NONE',  ( -5.799999999999996270, 2.100000000000000089, -1.599999999999999867 ) ) ;
#1807 = ORIENTED_EDGE ( 'NONE', *, *, #9538, .T. ) ;
#1808 = ORIENTED_EDGE ( 'NONE', *, *, #7009, .T. ) ;
#1809 = CARTESIAN_POINT ( 'NONE',  ( -2.449999999999999734, -2.299999999999998046, -7.200000000000001066 ) ) ;
#1810 = VECTOR ( 'NONE', #8069, 1000.000000000000000 ) ;
#1811 = DIRECTION ( 'NONE',  ( -1.000000000000000000, -0.000000000000000000, -0.000000000000000000 ) ) ;
#1812 = VERTEX_POINT ( 'NONE', #893 ) ;
#1813 = CARTESIAN_POINT ( 'NONE',  ( 4.250000000000000000, 6.550000000000000711, 5.099999999999999645 ) ) ;
#1814 = EDGE_CURVE ( 'NONE', #7303, #908, #6291, .T. ) ;
#1815 = CARTESIAN_POINT ( 'NONE',  ( 5.049999999999997158, 2.128355624055937206E-16, -6.700000000000000178 ) ) ;
#1816 = LINE ( 'NONE', #2097, #5369 ) ;
#1817 = VERTEX_POINT ( 'NONE', #2947 ) ;
#1818 = VERTEX_POINT ( 'NONE', #6389 ) ;
#1819 = DIRECTION ( 'NONE',  ( 0.000000000000000000, 1.000000000000000000, 2.017120320903263702E-16 ) ) ;
#1820 = ORIENTED_EDGE ( 'NONE', *, *, #1940, .F. ) ;
#1821 = AXIS2_PLACEMENT_3D ( 'NONE', #1221, #3616, #7667 ) ;
#1822 = DIRECTION ( 'NONE',  ( 0.000000000000000000, 0.000000000000000000, 1.000000000000000000 ) ) ;
#1823 = FACE_OUTER_BOUND ( 'NONE', #4435, .T. ) ;
#1824 = CONICAL_SURFACE ( 'NONE', #3956, 2.500000000000002220, 0.7853981633974461696 ) ;
#1825 = CARTESIAN_POINT ( 'NONE',  ( 6.172636875200958606, -2.926423563648953508, 0.000000000000000000 ) ) ;
#1826 = DIRECTION ( 'NONE',  ( -0.000000000000000000, -1.000000000000000000, -0.000000000000000000 ) ) ;
#1827 = DIRECTION ( 'NONE',  ( -1.327027319204863784E-16, 1.000000000000000000, 0.000000000000000000 ) ) ;
#1828 = ORIENTED_EDGE ( 'NONE', *, *, #6521, .F. ) ;
#1829 = EDGE_LOOP ( 'NONE', ( #6170, #7909, #7441, #4598 ) ) ;
#1830 = LINE ( 'NONE', #9471, #5388 ) ;
#1831 = PLANE ( 'NONE',  #5072 ) ;
#1832 = VECTOR ( 'NONE', #6524, 999.9999999999998863 ) ;
#1833 = LINE ( 'NONE', #10258, #8637 ) ;
#1834 = ORIENTED_EDGE ( 'NONE', *, *, #1611, .T. ) ;
#1835 = ORIENTED_EDGE ( 'NONE', *, *, #4560, .T. ) ;
#1836 = ADVANCED_FACE ( 'NONE', ( #2913 ), #6228, .T. ) ;
#1837 = ORIENTED_EDGE ( 'NONE', *, *, #8682, .F. ) ;
#1838 = DIRECTION ( 'NONE',  ( 0.000000000000000000, 0.000000000000000000, 1.000000000000000000 ) ) ;
#1839 = CARTESIAN_POINT ( 'NONE',  ( 2.500000000000000444, 0.1000000000000016848, -7.050000000000001599 ) ) ;
#1840 = VECTOR ( 'NONE', #1975, 1000.000000000000000 ) ;
#1841 = CARTESIAN_POINT ( 'NONE',  ( 0.8000000000000001554, 2.949999999999998845, 7.249999999999999112 ) ) ;
#1842 = AXIS2_PLACEMENT_3D ( 'NONE', #1677, #2499, #4430 ) ;
#1843 = VECTOR ( 'NONE', #2496, 1000.000000000000000 ) ;
#1844 = DIRECTION ( 'NONE',  ( 0.000000000000000000, 8.673617379883977096E-15, 1.000000000000000000 ) ) ;
#1845 = DIRECTION ( 'NONE',  ( -0.000000000000000000, 4.430117370400858162E-17, -1.000000000000000000 ) ) ;
#1846 = EDGE_LOOP ( 'NONE', ( #3574, #7710, #6005, #8145, #9452 ) ) ;
#1847 = CARTESIAN_POINT ( 'NONE',  ( -5.450000000000000178, 5.700000000000000178, -6.700000000000000178 ) ) ;
#1848 = EDGE_CURVE ( 'NONE', #4421, #9435, #10016, .T. ) ;
#1849 = EDGE_LOOP ( 'NONE', ( #475, #4787, #3317, #8463 ) ) ;
#1850 = ORIENTED_EDGE ( 'NONE', *, *, #4816, .T. ) ;
#1851 = CARTESIAN_POINT ( 'NONE',  ( 2.399251774994277664, 29.83508237661052220, 1.164917623389476020 ) ) ;
#1852 = CARTESIAN_POINT ( 'NONE',  ( 3.880824640740575759, 1.249999999999998446, -3.750000000000003553 ) ) ;
#1853 = DIRECTION ( 'NONE',  ( 0.000000000000000000, -0.000000000000000000, 1.000000000000000000 ) ) ;
#1854 = VECTOR ( 'NONE', #759, 999.9999999999998863 ) ;
#1855 = ORIENTED_EDGE ( 'NONE', *, *, #440, .F. ) ;
#1856 = EDGE_LOOP ( 'NONE', ( #3934, #431, #4076, #7729 ) ) ;
#1857 =( GEOMETRIC_REPRESENTATION_CONTEXT ( 3 ) GLOBAL_UNCERTAINTY_ASSIGNED_CONTEXT ( ( #523 ) ) GLOBAL_UNIT_ASSIGNED_CONTEXT ( ( #8363, #6945, #9755 ) ) REPRESENTATION_CONTEXT ( 'NONE', 'WORKASPACE' ) );
#1858 = ORIENTED_EDGE ( 'NONE', *, *, #6400, .T. ) ;
#1859 = FACE_OUTER_BOUND ( 'NONE', #4136, .T. ) ;
#1860 = ADVANCED_FACE ( 'NONE', ( #6255 ), #6275, .T. ) ;
#1861 = PLANE ( 'NONE',  #10202 ) ;
#1862 = CIRCLE ( 'NONE', #4765, 0.5749999999999982903 ) ;
#1863 = CARTESIAN_POINT ( 'NONE',  ( 3.880824640740575315, 2.935823076413500043, 3.000000000000000000 ) ) ;
#1864 = AXIS2_PLACEMENT_3D ( 'NONE', #1233, #2889, #8662 ) ;
#1865 = ORIENTED_EDGE ( 'NONE', *, *, #2836, .F. ) ;
#1866 = EDGE_LOOP ( 'NONE', ( #8297, #6820, #4195, #3050 ) ) ;
#1867 = ORIENTED_EDGE ( 'NONE', *, *, #3155, .F. ) ;
#1868 = CARTESIAN_POINT ( 'NONE',  ( -5.799999999999996270, 2.400000000000000355, 6.700000000000000178 ) ) ;
#1869 = EDGE_CURVE ( 'NONE', #2878, #1599, #9816, .T. ) ;
#1870 = FACE_OUTER_BOUND ( 'NONE', #1218, .T. ) ;
#1871 = CARTESIAN_POINT ( 'NONE',  ( -4.549999999999997158, 0.000000000000000000, 5.850000000000000533 ) ) ;
#1872 = CARTESIAN_POINT ( 'NONE',  ( 5.049999999999998046, 2.400000000000000355, -5.350000000000001421 ) ) ;
#1873 = ORIENTED_EDGE ( 'NONE', *, *, #9536, .F. ) ;
#1874 = CARTESIAN_POINT ( 'NONE',  ( -6.199999999999998401, -0.6400000000000000133, 1.000000000000000000 ) ) ;
#1875 = EDGE_CURVE ( 'NONE', #8910, #4322, #6334, .T. ) ;
#1876 = LINE ( 'NONE', #4614, #8909 ) ;
#1877 = EDGE_LOOP ( 'NONE', ( #6035, #1790, #8711, #10399 ) ) ;
#1878 = EDGE_LOOP ( 'NONE', ( #5563, #3321, #10197, #8333, #2148, #8785, #6329, #9408, #1422, #5466, #9237, #9271, #8670, #5269, #7680, #2292, #7643, #9052, #6369, #1828 ) ) ;
#1879 = ORIENTED_EDGE ( 'NONE', *, *, #1631, .T. ) ;
#1880 = CARTESIAN_POINT ( 'NONE',  ( 3.299999999999999822, 0.7999999999999983791, 7.299999999999998934 ) ) ;
#1881 = EDGE_CURVE ( 'NONE', #8515, #139, #6356, .T. ) ;
#1882 = VECTOR ( 'NONE', #4128, 1000.000000000000000 ) ;
#1883 = DIRECTION ( 'NONE',  ( 0.000000000000000000, -1.000000000000000000, -0.000000000000000000 ) ) ;
#1884 = CARTESIAN_POINT ( 'NONE',  ( -5.499999999999996447, 5.500000000000000888, -6.400000000000000355 ) ) ;
#1885 = ADVANCED_FACE ( 'NONE', ( #2819 ), #7031, .F. ) ;
#1886 = AXIS2_PLACEMENT_3D ( 'NONE', #8398, #8185, #4259 ) ;
#1887 = ORIENTED_EDGE ( 'NONE', *, *, #7656, .F. ) ;
#1888 = ORIENTED_EDGE ( 'NONE', *, *, #7142, .F. ) ;
#1889 = CIRCLE ( 'NONE', #6999, 0.2000000000000000944 ) ;
#1890 = DIRECTION ( 'NONE',  ( -0.000000000000000000, -1.000000000000000000, -0.000000000000000000 ) ) ;
#1891 = EDGE_CURVE ( 'NONE', #1712, #5769, #6374, .T. ) ;
#1892 = CARTESIAN_POINT ( 'NONE',  ( 5.799999999999996270, 2.400000000000000355, 6.700000000000000178 ) ) ;
#1893 = DIRECTION ( 'NONE',  ( 0.000000000000000000, 0.000000000000000000, 1.000000000000000000 ) ) ;
#1894 = VECTOR ( 'NONE', #3945, 1000.000000000000114 ) ;
#1895 = ORIENTED_EDGE ( 'NONE', *, *, #10572, .T. ) ;
#1896 = EDGE_LOOP ( 'NONE', ( #8495, #9270, #7756, #5618 ) ) ;
#1897 = DIRECTION ( 'NONE',  ( 0.000000000000000000, 0.000000000000000000, -1.000000000000000000 ) ) ;
#1898 = ORIENTED_EDGE ( 'NONE', *, *, #9517, .T. ) ;
#1899 = EDGE_CURVE ( 'NONE', #3072, #1273, #2838, .T. ) ;
#1900 = CARTESIAN_POINT ( 'NONE',  ( 6.891491226573391415, -1.690611574686247565, 1.000000000000000000 ) ) ;
#1901 = FACE_OUTER_BOUND ( 'NONE', #9694, .T. ) ;
#1902 = EDGE_CURVE ( 'NONE', #1800, #2008, #6335, .T. ) ;
#1903 = LINE ( 'NONE', #10087, #2070 ) ;
#1904 = DIRECTION ( 'NONE',  ( -0.000000000000000000, 1.000000000000000000, 2.017120320903263702E-16 ) ) ;
#1905 = ORIENTED_EDGE ( 'NONE', *, *, #2882, .F. ) ;
#1906 = DIRECTION ( 'NONE',  ( 0.000000000000000000, 4.430117370400858162E-17, -1.000000000000000000 ) ) ;
#1907 = CARTESIAN_POINT ( 'NONE',  ( -5.799999999999997158, 3.100000000000000089, 1.599999999999999867 ) ) ;
#1908 = ORIENTED_EDGE ( 'NONE', *, *, #9218, .F. ) ;
#1909 = ORIENTED_EDGE ( 'NONE', *, *, #1468, .F. ) ;
#1910 = FACE_OUTER_BOUND ( 'NONE', #1032, .T. ) ;
#1911 = CIRCLE ( 'NONE', #9431, 0.5749999999999999556 ) ;
#1912 = LINE ( 'NONE', #4800, #2107 ) ;
#1913 = ORIENTED_EDGE ( 'NONE', *, *, #9607, .F. ) ;
#1914 = AXIS2_PLACEMENT_3D ( 'NONE', #6114, #10261, #182 ) ;
#1915 = ORIENTED_EDGE ( 'NONE', *, *, #651, .T. ) ;
#1916 = VERTEX_POINT ( 'NONE', #3577 ) ;
#1917 = CARTESIAN_POINT ( 'NONE',  ( 0.4000000000000001887, 0.3544119062935203179, -6.200000000000001954 ) ) ;
#1918 = VECTOR ( 'NONE', #2383, 1000.000000000000000 ) ;
#1919 = CARTESIAN_POINT ( 'NONE',  ( 1.700000000000000178, 3.249999999999998668, 6.349999999999997868 ) ) ;
#1920 = EDGE_CURVE ( 'NONE', #4454, #8799, #6357, .T. ) ;
#1921 = LINE ( 'NONE', #3348, #1882 ) ;
#1922 =( NAMED_UNIT ( * ) SI_UNIT ( $, .STERADIAN. ) SOLID_ANGLE_UNIT ( ) );
#1923 = EDGE_CURVE ( 'NONE', #3895, #5131, #9919, .T. ) ;
#1924 = PLANE ( 'NONE',  #5939 ) ;
#1925 = CARTESIAN_POINT ( 'NONE',  ( 5.799999999999998934, 3.100000000000000533, 5.250000000000000000 ) ) ;
#1926 = VERTEX_POINT ( 'NONE', #4336 ) ;
#1927 = ORIENTED_EDGE ( 'NONE', *, *, #2380, .T. ) ;
#1928 = CARTESIAN_POINT ( 'NONE',  ( 2.700000000000000178, -2.299999999999998046, -7.050000000000002487 ) ) ;
#1929 = CARTESIAN_POINT ( 'NONE',  ( -3.299999999999999822, 0.8000000000000001554, -6.750000000000001776 ) ) ;
#1930 = CARTESIAN_POINT ( 'NONE',  ( 2.900000000000000355, -3.099999999999998312, -6.200000000000001954 ) ) ;
#1931 = DIRECTION ( 'NONE',  ( 0.000000000000000000, 0.000000000000000000, 1.000000000000000000 ) ) ;
#1932 = VECTOR ( 'NONE', #10333, 1000.000000000000000 ) ;
#1933 = VERTEX_POINT ( 'NONE', #2033 ) ;
#1934 = ADVANCED_FACE ( 'NONE', ( #2839 ), #9959, .F. ) ;
#1935 = EDGE_LOOP ( 'NONE', ( #7619, #5531, #1834, #8902, #357, #203, #1927, #5387 ) ) ;
#1936 = CIRCLE ( 'NONE', #8001, 0.05000000000000073830 ) ;
#1937 = AXIS2_PLACEMENT_3D ( 'NONE', #1717, #7242, #1642 ) ;
#1938 = VECTOR ( 'NONE', #6861, 1000.000000000000114 ) ;
#1939 = DIRECTION ( 'NONE',  ( 0.000000000000000000, 1.000000000000000000, 0.000000000000000000 ) ) ;
#1940 = EDGE_CURVE ( 'NONE', #4483, #1279, #2742, .T. ) ;
#1941 = VECTOR ( 'NONE', #8586, 1000.000000000000000 ) ;
#1942 = DIRECTION ( 'NONE',  ( -0.7071067811865462405, 0.000000000000000000, 0.7071067811865489050 ) ) ;
#1943 = EDGE_CURVE ( 'NONE', #10424, #9802, #6292, .T. ) ;
#1944 = VERTEX_POINT ( 'NONE', #5389 ) ;
#1945 = ORIENTED_EDGE ( 'NONE', *, *, #3323, .F. ) ;
#1946 = CARTESIAN_POINT ( 'NONE',  ( 5.699999999999998401, 0.09999999999999993616, -4.500000000000001776 ) ) ;
#1947 = VECTOR ( 'NONE', #499, 1000.000000000000000 ) ;
#1948 = DIRECTION ( 'NONE',  ( 0.000000000000000000, 1.000000000000000000, 0.000000000000000000 ) ) ;
#1949 = DIRECTION ( 'NONE',  ( -1.327027319204863784E-16, -1.000000000000000000, 0.000000000000000000 ) ) ;
#1950 = PLANE ( 'NONE',  #3438 ) ;
#1951 = DIRECTION ( 'NONE',  ( -0.000000000000000000, -0.000000000000000000, -1.000000000000000000 ) ) ;
#1952 = EDGE_LOOP ( 'NONE', ( #9846, #7511, #7551, #4120, #1971, #4215 ) ) ;
#1953 = CARTESIAN_POINT ( 'NONE',  ( 5.750000000000000000, 5.700000000000000178, 5.250000000000000000 ) ) ;
#1954 = ORIENTED_EDGE ( 'NONE', *, *, #6408, .F. ) ;
#1955 = LINE ( 'NONE', #7373, #5609 ) ;
#1956 = CARTESIAN_POINT ( 'NONE',  ( 0.000000000000000000, 2.100000000000000089, 1.599999999999999867 ) ) ;
#1957 = CIRCLE ( 'NONE', #4603, 0.1499999999999999667 ) ;
#1958 = DIRECTION ( 'NONE',  ( 0.000000000000000000, 0.000000000000000000, -1.000000000000000000 ) ) ;
#1959 = ADVANCED_FACE ( 'NONE', ( #6398 ), #117, .T. ) ;
#1960 = CARTESIAN_POINT ( 'NONE',  ( -6.199999999999999289, 5.650000000000001243, 5.250000000000000000 ) ) ;
#1961 = LINE ( 'NONE', #8419, #1995 ) ;
#1962 = EDGE_CURVE ( 'NONE', #8515, #2486, #9938, .T. ) ;
#1963 = ORIENTED_EDGE ( 'NONE', *, *, #591, .F. ) ;
#1964 = VERTEX_POINT ( 'NONE', #10117 ) ;
#1965 = ORIENTED_EDGE ( 'NONE', *, *, #1881, .T. ) ;
#1966 = CARTESIAN_POINT ( 'NONE',  ( -0.4000000000000001887, 2.504411906293519507, 7.299999999999998934 ) ) ;
#1967 = LINE ( 'NONE', #5225, #2043 ) ;
#1968 = DIRECTION ( 'NONE',  ( -0.000000000000000000, 4.430117370400858162E-17, -1.000000000000000000 ) ) ;
#1969 = DIRECTION ( 'NONE',  ( 0.000000000000000000, 0.000000000000000000, -1.000000000000000000 ) ) ;
#1970 = CARTESIAN_POINT ( 'NONE',  ( 3.999999999999998224, -3.551475717527321367E-16, -6.700000000000000178 ) ) ;
#1971 = ORIENTED_EDGE ( 'NONE', *, *, #173, .T. ) ;
#1972 = EDGE_LOOP ( 'NONE', ( #10270, #4391, #10159, #6650 ) ) ;
#1973 = ORIENTED_EDGE ( 'NONE', *, *, #8561, .F. ) ;
#1974 = FACE_OUTER_BOUND ( 'NONE', #738, .T. ) ;
#1975 = DIRECTION ( 'NONE',  ( -0.000000000000000000, 2.017120320903263702E-16, -1.000000000000000000 ) ) ;
#1976 = LINE ( 'NONE', #9188, #5697 ) ;
#1977 = FACE_OUTER_BOUND ( 'NONE', #5703, .T. ) ;
#1978 = DIRECTION ( 'NONE',  ( 0.000000000000000000, 0.000000000000000000, 1.000000000000000000 ) ) ;
#1979 = EDGE_LOOP ( 'NONE', ( #9035, #5184, #5130, #3835 ) ) ;
#1980 = DIRECTION ( 'NONE',  ( -0.000000000000000000, 4.430117370400858162E-17, -1.000000000000000000 ) ) ;
#1981 = ADVANCED_FACE ( 'NONE', ( #4307 ), #4555, .T. ) ;
#1982 = DIRECTION ( 'NONE',  ( 0.000000000000000000, -1.000000000000000000, 0.000000000000000000 ) ) ;
#1983 = VERTEX_POINT ( 'NONE', #4405 ) ;
#1984 = EDGE_LOOP ( 'NONE', ( #6827, #1372, #8943, #2940 ) ) ;
#1985 = FACE_OUTER_BOUND ( 'NONE', #2600, .T. ) ;
#1986 = AXIS2_PLACEMENT_3D ( 'NONE', #6878, #7114, #6091 ) ;
#1987 = ORIENTED_EDGE ( 'NONE', *, *, #2912, .T. ) ;
#1988 = ORIENTED_EDGE ( 'NONE', *, *, #2041, .F. ) ;
#1989 = ORIENTED_EDGE ( 'NONE', *, *, #6098, .T. ) ;
#1990 = DIRECTION ( 'NONE',  ( -1.000000000000000000, 0.000000000000000000, -0.000000000000000000 ) ) ;
#1991 = LINE ( 'NONE', #5817, #2050 ) ;
#1992 = EDGE_CURVE ( 'NONE', #6112, #1303, #795, .T. ) ;
#1993 = PLANE ( 'NONE',  #8271 ) ;
#1994 = LINE ( 'NONE', #7638, #1938 ) ;
#1995 = VECTOR ( 'NONE', #9262, 1000.000000000000000 ) ;
#1996 = CARTESIAN_POINT ( 'NONE',  ( -5.049999999999997158, 2.128355624055937206E-16, -6.700000000000000178 ) ) ;
#1997 = DIRECTION ( 'NONE',  ( -1.000000000000000000, 0.000000000000000000, 0.000000000000000000 ) ) ;
#1998 = ORIENTED_EDGE ( 'NONE', *, *, #178, .F. ) ;
#1999 = DIRECTION ( 'NONE',  ( 0.7071067811865489050, 0.000000000000000000, -0.7071067811865462405 ) ) ;
#2000 = AXIS2_PLACEMENT_3D ( 'NONE', #10369, #2140, #2791 ) ;
#2001 = ORIENTED_EDGE ( 'NONE', *, *, #6794, .T. ) ;
#2002 = ORIENTED_EDGE ( 'NONE', *, *, #7750, .T. ) ;
#2003 = DIRECTION ( 'NONE',  ( 1.000000000000000000, -1.341711765540131426E-16, 0.000000000000000000 ) ) ;
#2004 = VECTOR ( 'NONE', #3166, 1000.000000000000000 ) ;
#2005 = DIRECTION ( 'NONE',  ( 0.000000000000000000, -2.017120320903263702E-16, 1.000000000000000000 ) ) ;
#2006 = CARTESIAN_POINT ( 'NONE',  ( -5.049999999999997158, 0.000000000000000000, -4.500000000000000000 ) ) ;
#2007 = DIRECTION ( 'NONE',  ( 0.000000000000000000, 0.000000000000000000, -1.000000000000000000 ) ) ;
#2008 = VERTEX_POINT ( 'NONE', #1805 ) ;
#2009 = AXIS2_PLACEMENT_3D ( 'NONE', #4936, #10368, #3092 ) ;
#2010 = EDGE_CURVE ( 'NONE', #4742, #845, #3645, .T. ) ;
#2011 = VERTEX_POINT ( 'NONE', #2758 ) ;
#2012 = VECTOR ( 'NONE', #4854, 1000.000000000000000 ) ;
#2013 = LINE ( 'NONE', #4570, #2052 ) ;
#2014 = EDGE_CURVE ( 'NONE', #895, #7607, #538, .T. ) ;
#2015 = LINE ( 'NONE', #4238, #8976 ) ;
#2016 = CARTESIAN_POINT ( 'NONE',  ( -5.499999999999996447, 1.000000000000000000, -6.400000000000000355 ) ) ;
#2017 = CIRCLE ( 'NONE', #8526, 0.2000000000000000944 ) ;
#2018 = EDGE_CURVE ( 'NONE', #1273, #5111, #5836, .T. ) ;
#2019 = ORIENTED_EDGE ( 'NONE', *, *, #9580, .F. ) ;
#2020 = ORIENTED_EDGE ( 'NONE', *, *, #4110, .T. ) ;
#2021 = CARTESIAN_POINT ( 'NONE',  ( 3.016417413042201456, 2.170863245782921780, 7.299999999999998934 ) ) ;
#2023 = EDGE_CURVE ( 'NONE', #10267, #4889, #5891, .T. ) ;
#2022 = VECTOR ( 'NONE', #6898, 1000.000000000000000 ) ;
#2024 = DIRECTION ( 'NONE',  ( -0.9396926207859082059, -0.3420201433256695456, -8.414147190578587988E-17 ) ) ;
#2025 = CARTESIAN_POINT ( 'NONE',  ( 5.353484830911968473, -3.500000000000000444, 0.000000000000000000 ) ) ;
#2026 = CARTESIAN_POINT ( 'NONE',  ( 2.500000000000000000, -3.099999999999999201, 7.299999999999998934 ) ) ;
#2027 = DIRECTION ( 'NONE',  ( 0.000000000000000000, 4.430117370400858162E-17, -1.000000000000000000 ) ) ;
#2028 = CARTESIAN_POINT ( 'NONE',  ( -2.299999999999999378, 0.1000000000000016709, -7.050000000000001599 ) ) ;
#2029 = ORIENTED_EDGE ( 'NONE', *, *, #7676, .F. ) ;
#2030 = LINE ( 'NONE', #10611, #5486 ) ;
#2031 = PLANE ( 'NONE',  #552 ) ;
#2032 = CYLINDRICAL_SURFACE ( 'NONE', #2928, 0.04999999999999969746 ) ;
#2033 = CARTESIAN_POINT ( 'NONE',  ( 0.8000000000000001554, 3.249999999999998224, 7.249999999999999112 ) ) ;
#2034 = CARTESIAN_POINT ( 'NONE',  ( 4.549999999999997158, 2.400000000000000355, -5.850000000000000533 ) ) ;
#2035 = AXIS2_PLACEMENT_3D ( 'NONE', #2906, #6421, #1391 ) ;
#2036 = FACE_OUTER_BOUND ( 'NONE', #1225, .T. ) ;
#2037 = VECTOR ( 'NONE', #1904, 1000.000000000000000 ) ;
#2038 = ORIENTED_EDGE ( 'NONE', *, *, #4831, .T. ) ;
#2039 = ORIENTED_EDGE ( 'NONE', *, *, #5832, .T. ) ;
#2040 = EDGE_LOOP ( 'NONE', ( #10437, #4579, #10247, #6361 ) ) ;
#2041 = EDGE_CURVE ( 'NONE', #5446, #1617, #2513, .T. ) ;
#2042 = CARTESIAN_POINT ( 'NONE',  ( -5.049999999999997158, 2.399999999999999023, -4.499999999999997335 ) ) ;
#2043 = VECTOR ( 'NONE', #243, 1000.000000000000000 ) ;
#2044 = CARTESIAN_POINT ( 'NONE',  ( 2.100000000000000089, 0.8000000000000001554, -7.050000000000001599 ) ) ;
#2045 = CARTESIAN_POINT ( 'NONE',  ( -6.200000000000000178, 3.100000000000000089, -3.000000000000000000 ) ) ;
#2046 = EDGE_CURVE ( 'NONE', #582, #3152, #6390, .T. ) ;
#2047 = CARTESIAN_POINT ( 'NONE',  ( -5.799999999999996270, 0.5000000000000002220, 4.500000000000000888 ) ) ;
#2048 = VERTEX_POINT ( 'NONE', #7772 ) ;
#2049 = EDGE_LOOP ( 'NONE', ( #10371, #7747, #5856, #2029 ) ) ;
#2050 = VECTOR ( 'NONE', #7297, 1000.000000000000000 ) ;
#2051 = DIRECTION ( 'NONE',  ( -0.5735764363510473807, 0.8191520442889909104, 0.000000000000000000 ) ) ;
#2052 = VECTOR ( 'NONE', #6274, 1000.000000000000000 ) ;
#2053 = ADVANCED_FACE ( 'NONE', ( #7753 ), #767, .F. ) ;
#2054 = FACE_OUTER_BOUND ( 'NONE', #10375, .T. ) ;
#2055 = DIRECTION ( 'NONE',  ( -0.000000000000000000, 0.000000000000000000, -1.000000000000000000 ) ) ;
#2056 = VERTEX_POINT ( 'NONE', #1595 ) ;
#2057 = AXIS2_PLACEMENT_3D ( 'NONE', #9094, #7180, #9016 ) ;
#2058 = DIRECTION ( 'NONE',  ( 3.614007241618348278E-16, 1.000000000000000000, 4.430117370400858162E-17 ) ) ;
#2059 = DIRECTION ( 'NONE',  ( -1.807003620809174139E-16, 1.000000000000000000, 2.017120320903263702E-16 ) ) ;
#2060 = ORIENTED_EDGE ( 'NONE', *, *, #10495, .T. ) ;
#2061 = EDGE_LOOP ( 'NONE', ( #1538, #6671 ) ) ;
#2062 = VECTOR ( 'NONE', #5152, 1000.000000000000000 ) ;
#2063 = VERTEX_POINT ( 'NONE', #7350 ) ;
#2064 = EDGE_CURVE ( 'NONE', #3151, #3707, #484, .T. ) ;
#2065 = ORIENTED_EDGE ( 'NONE', *, *, #2481, .T. ) ;
#2066 = CARTESIAN_POINT ( 'NONE',  ( 5.049999999999997158, 0.1000000000000001721, -3.000000000000000000 ) ) ;
#2067 = LINE ( 'NONE', #3156, #5467 ) ;
#2068 = CARTESIAN_POINT ( 'NONE',  ( 3.880824640740575759, 0.09999999999999990841, -4.499999999999997335 ) ) ;
#2069 = FACE_OUTER_BOUND ( 'NONE', #6285, .T. ) ;
#2070 = VECTOR ( 'NONE', #234, 1000.000000000000000 ) ;
#2071 = DIRECTION ( 'NONE',  ( -0.000000000000000000, -1.000000000000000000, -0.000000000000000000 ) ) ;
#2072 = CARTESIAN_POINT ( 'NONE',  ( -3.999999999999998224, -3.551475717527321367E-16, -4.500000000000000888 ) ) ;
#2073 = DIRECTION ( 'NONE',  ( 1.000000000000000000, 0.000000000000000000, 0.000000000000000000 ) ) ;
#2074 = CARTESIAN_POINT ( 'NONE',  ( 5.049999999999997158, 2.128355624055937206E-16, 5.350000000000001421 ) ) ;
#2075 = ADVANCED_FACE ( 'NONE', ( #5383 ), #4692, .T. ) ;
#2076 = ORIENTED_EDGE ( 'NONE', *, *, #1512, .F. ) ;
#2077 = VERTEX_POINT ( 'NONE', #3215 ) ;
#2078 = DIRECTION ( 'NONE',  ( 0.8191520442889909104, 0.5735764363510472696, 0.000000000000000000 ) ) ;
#2079 = AXIS2_PLACEMENT_3D ( 'NONE', #8907, #4298, #1533 ) ;
#2080 = CIRCLE ( 'NONE', #5325, 0.5000000000000004441 ) ;
#2081 = CARTESIAN_POINT ( 'NONE',  ( 3.850000000000000089, 1.000000000000000000, -6.700000000000000178 ) ) ;
#2082 = CARTESIAN_POINT ( 'NONE',  ( 5.049999999999996270, 2.400000000000000355, 5.350000000000002309 ) ) ;
#2083 = DIRECTION ( 'NONE',  ( -3.614007241618348278E-16, -1.000000000000000000, 1.153875183674998759E-16 ) ) ;
#2084 = EDGE_CURVE ( 'NONE', #641, #867, #5418, .T. ) ;
#2085 = ORIENTED_EDGE ( 'NONE', *, *, #7776, .T. ) ;
#2086 = ORIENTED_EDGE ( 'NONE', *, *, #6592, .T. ) ;
#2087 = LINE ( 'NONE', #6663, #5677 ) ;
#2088 = CIRCLE ( 'NONE', #5646, 0.2000000000000005107 ) ;
#2089 = VECTOR ( 'NONE', #766, 999.9999999999998863 ) ;
#2090 = CARTESIAN_POINT ( 'NONE',  ( 3.299999999999999822, 1.099999999999999867, -6.750000000000001776 ) ) ;
#2091 = CARTESIAN_POINT ( 'NONE',  ( -2.100000000000000089, -3.099999999999996980, -7.050000000000002487 ) ) ;
#2092 = VERTEX_POINT ( 'NONE', #4763 ) ;
#2093 = ORIENTED_EDGE ( 'NONE', *, *, #7572, .F. ) ;
#2094 = VERTEX_POINT ( 'NONE', #4052 ) ;
#2095 = DIRECTION ( 'NONE',  ( 0.000000000000000000, 0.000000000000000000, -1.000000000000000000 ) ) ;
#2096 = FACE_OUTER_BOUND ( 'NONE', #5462, .T. ) ;
#2097 = CARTESIAN_POINT ( 'NONE',  ( -3.880824640740575759, 0.09999999999999990841, 3.000000000000000000 ) ) ;
#2098 = CARTESIAN_POINT ( 'NONE',  ( 5.699999999999998401, 0.6000000000000007550, 4.500000000000000888 ) ) ;
#2099 = VERTEX_POINT ( 'NONE', #6256 ) ;
#2100 = DIRECTION ( 'NONE',  ( 0.000000000000000000, 0.000000000000000000, 1.000000000000000000 ) ) ;
#2101 = VERTEX_POINT ( 'NONE', #3061 ) ;
#2102 = DIRECTION ( 'NONE',  ( -0.000000000000000000, -1.000000000000000000, -0.000000000000000000 ) ) ;
#2103 = ORIENTED_EDGE ( 'NONE', *, *, #4809, .T. ) ;
#2104 = FACE_OUTER_BOUND ( 'NONE', #9044, .T. ) ;
#2105 = EDGE_CURVE ( 'NONE', #4626, #1158, #3195, .T. ) ;
#2106 = DIRECTION ( 'NONE',  ( -1.000000000000000000, 0.000000000000000000, 0.000000000000000000 ) ) ;
#2107 = VECTOR ( 'NONE', #9423, 1000.000000000000000 ) ;
#2108 = LINE ( 'NONE', #7487, #5487 ) ;
#2109 = DIRECTION ( 'NONE',  ( -1.327027319204863784E-16, 1.000000000000000000, 0.000000000000000000 ) ) ;
#2110 = AXIS2_PLACEMENT_3D ( 'NONE', #6748, #8373, #1778 ) ;
#2111 = VECTOR ( 'NONE', #6719, 1000.000000000000000 ) ;
#2112 = VECTOR ( 'NONE', #3724, 1000.000000000000000 ) ;
#2114 = ORIENTED_EDGE ( 'NONE', *, *, #2796, .F. ) ;
#2113 = VERTEX_POINT ( 'NONE', #4905 ) ;
#2115 = ORIENTED_EDGE ( 'NONE', *, *, #6013, .T. ) ;
#2116 = DIRECTION ( 'NONE',  ( 1.000000000000000000, -3.614007241618348771E-16, 0.000000000000000000 ) ) ;
#2117 = VECTOR ( 'NONE', #7525, 1000.000000000000000 ) ;
#2118 = DIRECTION ( 'NONE',  ( 1.000000000000000000, 0.000000000000000000, 0.000000000000000000 ) ) ;
#2119 = VECTOR ( 'NONE', #7062, 1000.000000000000000 ) ;
#2120 = ADVANCED_FACE ( 'NONE', ( #5040 ), #8493, .T. ) ;
#2121 = EDGE_LOOP ( 'NONE', ( #7212, #3394, #1245, #6771, #4808, #9844, #8331, #10328 ) ) ;
#2122 = DIRECTION ( 'NONE',  ( 1.000000000000000000, 0.000000000000000000, 0.000000000000000000 ) ) ;
#2123 = CIRCLE ( 'NONE', #5872, 0.6000000000000007550 ) ;
#2124 = SURFACE_STYLE_FILL_AREA ( #8209 ) ;
#2125 = CARTESIAN_POINT ( 'NONE',  ( 5.943206300660539121, -2.598762745933357543, 0.000000000000000000 ) ) ;
#2126 = AXIS2_PLACEMENT_3D ( 'NONE', #3547, #6021, #3301 ) ;
#2127 = LINE ( 'NONE', #9574, #2037 ) ;
#2128 = ORIENTED_EDGE ( 'NONE', *, *, #6692, .F. ) ;
#2129 = DIRECTION ( 'NONE',  ( 0.000000000000000000, -1.000000000000000000, 0.000000000000000000 ) ) ;
#2130 = SURFACE_SIDE_STYLE ('',( #3988 ) ) ;
#2131 = ORIENTED_EDGE ( 'NONE', *, *, #2796, .T. ) ;
#2132 = EDGE_CURVE ( 'NONE', #10342, #3291, #4639, .T. ) ;
#2133 = LINE ( 'NONE', #4319, #2062 ) ;
#2134 = ORIENTED_EDGE ( 'NONE', *, *, #8074, .F. ) ;
#2135 = ORIENTED_EDGE ( 'NONE', *, *, #9920, .F. ) ;
#2136 = ORIENTED_EDGE ( 'NONE', *, *, #7864, .F. ) ;
#2137 = DIRECTION ( 'NONE',  ( 0.000000000000000000, -1.000000000000000000, 0.000000000000000000 ) ) ;
#2138 = VECTOR ( 'NONE', #4079, 1000.000000000000000 ) ;
#2139 = AXIS2_PLACEMENT_3D ( 'NONE', #4345, #8553, #4488 ) ;
#2140 = DIRECTION ( 'NONE',  ( 0.000000000000000000, -1.000000000000000000, 0.000000000000000000 ) ) ;
#2141 = FACE_OUTER_BOUND ( 'NONE', #8678, .T. ) ;
#2142 = ADVANCED_FACE ( 'NONE', ( #942 ), #1523, .T. ) ;
#2143 = VECTOR ( 'NONE', #9746, 1000.000000000000000 ) ;
#2144 = CARTESIAN_POINT ( 'NONE',  ( -5.799999999999996270, 0.5000000000000004441, -3.000000000000000000 ) ) ;
#2145 = DIRECTION ( 'NONE',  ( 0.000000000000000000, 1.000000000000000000, 0.000000000000000000 ) ) ;
#2146 = CARTESIAN_POINT ( 'NONE',  ( -2.500000000000000000, -3.099999999999999201, 7.299999999999998934 ) ) ;
#2147 = LINE ( 'NONE', #4575, #9428 ) ;
#2148 = ORIENTED_EDGE ( 'NONE', *, *, #2651, .F. ) ;
#2149 = AXIS2_PLACEMENT_3D ( 'NONE', #5841, #4187, #116 ) ;
#2150 = EDGE_LOOP ( 'NONE', ( #3542, #7024, #1988, #5709 ) ) ;
#2151 = AXIS2_PLACEMENT_3D ( 'NONE', #154, #1081, #10310 ) ;
#2152 = CARTESIAN_POINT ( 'NONE',  ( 0.000000000000000000, 0.09999999999999971412, 3.000000000000000444 ) ) ;
#2153 = VECTOR ( 'NONE', #4246, 1000.000000000000000 ) ;
#2154 = CARTESIAN_POINT ( 'NONE',  ( -0.7999999999999999334, 2.999999999999998224, 7.249999999999999112 ) ) ;
#2155 = EDGE_CURVE ( 'NONE', #6004, #1327, #1330, .T. ) ;
#2156 = SURFACE_STYLE_USAGE ( .BOTH. , #3255 ) ;
#2157 = ORIENTED_EDGE ( 'NONE', *, *, #3897, .F. ) ;
#2158 = PLANE ( 'NONE',  #4559 ) ;
#2159 = ORIENTED_EDGE ( 'NONE', *, *, #4453, .T. ) ;
#2160 = EDGE_CURVE ( 'NONE', #8559, #917, #4516, .T. ) ;
#2161 = EDGE_CURVE ( 'NONE', #1178, #2932, #8461, .T. ) ;
#2162 = DIRECTION ( 'NONE',  ( 0.000000000000000000, -1.000000000000000000, 0.000000000000000000 ) ) ;
#2163 = CARTESIAN_POINT ( 'NONE',  ( 2.500000000000000444, 0.9000000000000005773, 7.549999999999999822 ) ) ;
#2164 = VECTOR ( 'NONE', #4426, 1000.000000000000000 ) ;
#2165 = ORIENTED_EDGE ( 'NONE', *, *, #6973, .F. ) ;
#2166 = ADVANCED_FACE ( 'NONE', ( #8076 ), #6336, .F. ) ;
#2167 = VERTEX_POINT ( 'NONE', #3777 ) ;
#2168 = DIRECTION ( 'NONE',  ( 1.000000000000000000, 0.000000000000000000, 0.000000000000000000 ) ) ;
#2169 = LINE ( 'NONE', #2530, #9291 ) ;
#2170 = DIRECTION ( 'NONE',  ( -1.000000000000000000, 0.000000000000000000, -0.000000000000000000 ) ) ;
#2171 = DIRECTION ( 'NONE',  ( -1.000000000000000000, 0.000000000000000000, 0.000000000000000000 ) ) ;
#2172 = DIRECTION ( 'NONE',  ( 1.000000000000000000, 0.000000000000000000, 0.000000000000000000 ) ) ;
#2173 = AXIS2_PLACEMENT_3D ( 'NONE', #1960, #5021, #9887 ) ;
#2174 = ORIENTED_EDGE ( 'NONE', *, *, #6101, .T. ) ;
#2175 = EDGE_LOOP ( 'NONE', ( #10315, #2813, #7916, #4204 ) ) ;
#2176 = DIRECTION ( 'NONE',  ( -1.000000000000000000, 0.000000000000000000, 0.000000000000000000 ) ) ;
#2177 = EDGE_CURVE ( 'NONE', #9710, #2306, #1069, .T. ) ;
#2178 = LINE ( 'NONE', #4989, #9421 ) ;
#2179 = CARTESIAN_POINT ( 'NONE',  ( -5.049999999999997158, 0.1000000000000001721, 3.000000000000000000 ) ) ;
#2180 = CARTESIAN_POINT ( 'NONE',  ( -5.799999999999997158, 0.1000000000000006994, -6.700000000000000178 ) ) ;
#2181 = EDGE_CURVE ( 'NONE', #5517, #2212, #4909, .T. ) ;
#2182 = ORIENTED_EDGE ( 'NONE', *, *, #10299, .T. ) ;
#2183 = PLANE ( 'NONE',  #8764 ) ;
#2184 = CIRCLE ( 'NONE', #3009, 0.2000000000000007327 ) ;
#2185 = DIRECTION ( 'NONE',  ( 0.000000000000000000, 1.000000000000000000, 0.000000000000000000 ) ) ;
#2186 = ORIENTED_EDGE ( 'NONE', *, *, #464, .T. ) ;
#2187 = CARTESIAN_POINT ( 'NONE',  ( 5.049999999999998046, 4.986986664055304885, -5.350000000000001421 ) ) ;
#2188 = VECTOR ( 'NONE', #9529, 1000.000000000000000 ) ;
#2189 = DIRECTION ( 'NONE',  ( 1.807003620809174139E-16, -1.000000000000000000, -4.430117370400858162E-17 ) ) ;
#2190 = ORIENTED_EDGE ( 'NONE', *, *, #703, .T. ) ;
#2191 = AXIS2_PLACEMENT_3D ( 'NONE', #6386, #5713, #4022 ) ;
#2192 = DIRECTION ( 'NONE',  ( 0.000000000000000000, -1.000000000000000000, 0.000000000000000000 ) ) ;
#2193 = LINE ( 'NONE', #1080, #5732 ) ;
#2194 = EDGE_CURVE ( 'NONE', #9762, #1031, #4709, .T. ) ;
#2195 = VECTOR ( 'NONE', #7391, 1000.000000000000000 ) ;
#2196 = CARTESIAN_POINT ( 'NONE',  ( -5.750000000000000000, 6.100000000000000533, 6.400000000000000355 ) ) ;
#2197 = FACE_OUTER_BOUND ( 'NONE', #2547, .T. ) ;
#2198 = DIRECTION ( 'NONE',  ( 0.000000000000000000, 0.000000000000000000, 1.000000000000000000 ) ) ;
#2199 = DIRECTION ( 'NONE',  ( 0.8191520442889909104, -0.5735764363510473807, 0.000000000000000000 ) ) ;
#2200 = ORIENTED_EDGE ( 'NONE', *, *, #2328, .T. ) ;
#2201 = ADVANCED_FACE ( 'NONE', ( #8018 ), #547, .T. ) ;
#2202 = ORIENTED_EDGE ( 'NONE', *, *, #4221, .F. ) ;
#2203 = DIRECTION ( 'NONE',  ( 1.000000000000000000, 0.000000000000000000, 0.000000000000000000 ) ) ;
#2204 = LINE ( 'NONE', #5353, #9353 ) ;
#2205 = CARTESIAN_POINT ( 'NONE',  ( 5.799999999999998934, 5.650000000000001243, 1.000000000000000888 ) ) ;
#2206 = FACE_OUTER_BOUND ( 'NONE', #3637, .T. ) ;
#2207 = CARTESIAN_POINT ( 'NONE',  ( -4.250000000000000000, 6.550000000000000711, 5.674999999999998046 ) ) ;
#2208 = DIRECTION ( 'NONE',  ( -0.000000000000000000, 2.017120320903263702E-16, -1.000000000000000000 ) ) ;
#2209 = PLANE ( 'NONE',  #5100 ) ;
#2210 = EDGE_CURVE ( 'NONE', #1573, #861, #4930, .T. ) ;
#2211 = CARTESIAN_POINT ( 'NONE',  ( 0.000000000000000000, 3.100000000000000089, 4.500000000000000888 ) ) ;
#2212 = VERTEX_POINT ( 'NONE', #4214 ) ;
#2213 = DIRECTION ( 'NONE',  ( -1.327027319204863784E-16, -1.000000000000000000, 0.000000000000000000 ) ) ;
#2214 = CIRCLE ( 'NONE', #2611, 0.5749999999999999556 ) ;
#2215 = DIRECTION ( 'NONE',  ( 0.000000000000000000, 0.000000000000000000, 1.000000000000000000 ) ) ;
#2216 = AXIS2_PLACEMENT_3D ( 'NONE', #6791, #4962, #9113 ) ;
#2217 = DIRECTION ( 'NONE',  ( 0.000000000000000000, -1.000000000000000000, -2.017120320903263702E-16 ) ) ;
#2218 = VERTEX_POINT ( 'NONE', #2698 ) ;
#2219 = VECTOR ( 'NONE', #8716, 1000.000000000000000 ) ;
#2220 = ADVANCED_FACE ( 'NONE', ( #1037 ), #1136, .T. ) ;
#2221 = FACE_OUTER_BOUND ( 'NONE', #2639, .T. ) ;
#2222 = DIRECTION ( 'NONE',  ( -1.000000000000000000, 0.000000000000000000, 0.000000000000000000 ) ) ;
#2223 = DIRECTION ( 'NONE',  ( 0.000000000000000000, 1.000000000000000000, 0.000000000000000000 ) ) ;
#2224 = ORIENTED_EDGE ( 'NONE', *, *, #4689, .F. ) ;
#2225 = DIRECTION ( 'NONE',  ( 0.000000000000000000, -0.000000000000000000, -1.000000000000000000 ) ) ;
#2226 = ORIENTED_EDGE ( 'NONE', *, *, #10589, .F. ) ;
#2227 = EDGE_CURVE ( 'NONE', #2835, #8731, #4695, .T. ) ;
#2228 = DIRECTION ( 'NONE',  ( 1.807003620809174139E-16, -1.000000000000000000, -4.430117370400858162E-17 ) ) ;
#2229 = CIRCLE ( 'NONE', #4795, 0.05000000000000012768 ) ;
#2230 = CARTESIAN_POINT ( 'NONE',  ( 2.900000000000000355, -3.099999999999999201, 7.299999999999998934 ) ) ;
#2231 = DIRECTION ( 'NONE',  ( 0.000000000000000000, -4.430117370400858162E-17, 1.000000000000000000 ) ) ;
#2232 = DIRECTION ( 'NONE',  ( 0.8191520442889912434, -0.5735764363510468256, 0.000000000000000000 ) ) ;
#2233 = VERTEX_POINT ( 'NONE', #9326 ) ;
#2234 = AXIS2_PLACEMENT_3D ( 'NONE', #3477, #6798, #4283 ) ;
#2235 = PLANE ( 'NONE',  #10386 ) ;
#2236 = ORIENTED_EDGE ( 'NONE', *, *, #7726, .F. ) ;
#2237 = EDGE_CURVE ( 'NONE', #9075, #10175, #8207, .T. ) ;
#2238 = DIRECTION ( 'NONE',  ( 0.000000000000000000, 1.000000000000000000, 2.460132057943349518E-16 ) ) ;
#2239 = CARTESIAN_POINT ( 'NONE',  ( 3.299999999999999822, 3.249999999999998668, 6.349999999999997868 ) ) ;
#2240 = DIRECTION ( 'NONE',  ( -0.000000000000000000, 1.000000000000000000, 0.000000000000000000 ) ) ;
#2241 = LINE ( 'NONE', #6902, #5947 ) ;
#2242 = VECTOR ( 'NONE', #6280, 1000.000000000000000 ) ;
#2243 = ORIENTED_EDGE ( 'NONE', *, *, #1633, .F. ) ;
#2244 = AXIS2_PLACEMENT_3D ( 'NONE', #6852, #6921, #5028 ) ;
#2245 = ADVANCED_FACE ( 'NONE', ( #4576 ), #5121, .F. ) ;
#2246 = ORIENTED_EDGE ( 'NONE', *, *, #10088, .T. ) ;
#2247 = DIRECTION ( 'NONE',  ( 0.000000000000000000, 0.000000000000000000, 1.000000000000000000 ) ) ;
#2248 = CYLINDRICAL_SURFACE ( 'NONE', #9643, 0.1999999999999996503 ) ;
#2249 = CARTESIAN_POINT ( 'NONE',  ( 5.049999999999997158, 2.399999999999999023, -4.499999999999997335 ) ) ;
#2250 = DIRECTION ( 'NONE',  ( 0.9396926207859082059, 0.3420201433256695456, 8.414147190578587988E-17 ) ) ;
#2251 = DIRECTION ( 'NONE',  ( 0.000000000000000000, 1.000000000000000000, 0.000000000000000000 ) ) ;
#2252 = AXIS2_PLACEMENT_3D ( 'NONE', #9896, #8195, #5030 ) ;
#2253 = ORIENTED_EDGE ( 'NONE', *, *, #1339, .F. ) ;
#2254 = LINE ( 'NONE', #4231, #9579 ) ;
#2255 = EDGE_CURVE ( 'NONE', #1230, #2587, #1348, .T. ) ;
#2256 = FACE_OUTER_BOUND ( 'NONE', #5426, .T. ) ;
#2257 = CARTESIAN_POINT ( 'NONE',  ( 3.673940397442060361E-16, 30.00000000000000000, 3.000000000000000444 ) ) ;
#2258 = EDGE_LOOP ( 'NONE', ( #8435, #8095, #1909, #4953 ) ) ;
#2259 = DIRECTION ( 'NONE',  ( 0.000000000000000000, 0.000000000000000000, 1.000000000000000000 ) ) ;
#2260 = CARTESIAN_POINT ( 'NONE',  ( 0.000000000000000000, 2.100000000000000089, 1.000000000000000000 ) ) ;
#2261 = AXIS2_PLACEMENT_3D ( 'NONE', #8021, #5768, #9712 ) ;
#2262 = ADVANCED_FACE ( 'NONE', ( #8093 ), #8224, .T. ) ;
#2263 = ORIENTED_EDGE ( 'NONE', *, *, #9662, .F. ) ;
#2264 = CARTESIAN_POINT ( 'NONE',  ( 3.880824640740575759, 0.5000000000000004441, 3.000000000000000000 ) ) ;
#2265 = STYLED_ITEM ( 'NONE', ( #4106 ), #6881 ) ;
#2266 = VECTOR ( 'NONE', #8153, 1000.000000000000000 ) ;
#2267 = CARTESIAN_POINT ( 'NONE',  ( -5.799999999999996270, 2.400000000000000355, 3.000000000000000000 ) ) ;
#2268 = EDGE_CURVE ( 'NONE', #912, #8377, #4499, .T. ) ;
#2269 = LINE ( 'NONE', #1714, #2330 ) ;
#2270 = DIRECTION ( 'NONE',  ( 1.000000000000000000, -0.000000000000000000, 0.000000000000000000 ) ) ;
#2271 = DIRECTION ( 'NONE',  ( -1.000000000000000000, 0.000000000000000000, 0.000000000000000000 ) ) ;
#2272 = VECTOR ( 'NONE', #7045, 1000.000000000000000 ) ;
#2273 = ORIENTED_EDGE ( 'NONE', *, *, #10354, .T. ) ;
#2274 = CARTESIAN_POINT ( 'NONE',  ( 2.500000000000000000, -3.099999999999998312, -6.200000000000001954 ) ) ;
#2275 = CARTESIAN_POINT ( 'NONE',  ( -5.943206300660539121, -2.598762745933357543, -1.000000000000000000 ) ) ;
#2276 = EDGE_CURVE ( 'NONE', #10422, #5265, #8169, .T. ) ;
#2277 = CIRCLE ( 'NONE', #1082, 0.1499999999999999667 ) ;
#2278 = DIRECTION ( 'NONE',  ( 0.000000000000000000, 0.000000000000000000, -1.000000000000000000 ) ) ;
#2279 = CARTESIAN_POINT ( 'NONE',  ( -5.799999999999998046, 2.100000000000000089, 5.250000000000000000 ) ) ;
#2280 = EDGE_CURVE ( 'NONE', #6378, #5915, #8261, .T. ) ;
#2281 = ADVANCED_FACE ( 'NONE', ( #4557 ), #5868, .F. ) ;
#2282 = CARTESIAN_POINT ( 'NONE',  ( -4.250000000000000000, 6.550000000000000711, -5.099999999999999645 ) ) ;
#2283 = ORIENTED_EDGE ( 'NONE', *, *, #8150, .F. ) ;
#2284 = FACE_OUTER_BOUND ( 'NONE', #6914, .T. ) ;
#2285 = LINE ( 'NONE', #4465, #2195 ) ;
#2286 = DIRECTION ( 'NONE',  ( 0.000000000000000000, 2.017120320903263702E-16, -1.000000000000000000 ) ) ;
#2287 = DIRECTION ( 'NONE',  ( 0.000000000000000000, 0.000000000000000000, 1.000000000000000000 ) ) ;
#2288 = LINE ( 'NONE', #351, #9164 ) ;
#2289 = ORIENTED_EDGE ( 'NONE', *, *, #3612, .F. ) ;
#2290 = AXIS2_PLACEMENT_3D ( 'NONE', #4053, #19, #6722 ) ;
#2291 = CARTESIAN_POINT ( 'NONE',  ( -5.799999999999996270, 0.5000000000000004441, -4.499999999999997335 ) ) ;
#2292 = ORIENTED_EDGE ( 'NONE', *, *, #5669, .F. ) ;
#2293 = CARTESIAN_POINT ( 'NONE',  ( 2.449999999999999734, -2.299999999999999822, 7.549999999999998046 ) ) ;
#2294 = LINE ( 'NONE', #8047, #2325 ) ;
#2295 = DIRECTION ( 'NONE',  ( 0.000000000000000000, 0.000000000000000000, 1.000000000000000000 ) ) ;
#2296 = DIRECTION ( 'NONE',  ( -1.000000000000000000, 0.000000000000000000, 0.000000000000000000 ) ) ;
#2297 = EDGE_CURVE ( 'NONE', #472, #1801, #1313, .T. ) ;
#2298 = CARTESIAN_POINT ( 'NONE',  ( 0.000000000000000000, -2.299999999999999822, 7.699999999999997513 ) ) ;
#2299 = EDGE_CURVE ( 'NONE', #7642, #6428, #1107, .T. ) ;
#2300 = VERTEX_POINT ( 'NONE', #211 ) ;
#2301 = VECTOR ( 'NONE', #3489, 1000.000000000000000 ) ;
#2302 = CARTESIAN_POINT ( 'NONE',  ( 2.900000000000000355, 0.3544119062935203179, -6.200000000000001954 ) ) ;
#2303 = CARTESIAN_POINT ( 'NONE',  ( -3.880824640740575759, 0.09999999999999990841, 4.500000000000000888 ) ) ;
#2304 = FACE_OUTER_BOUND ( 'NONE', #1846, .T. ) ;
#2305 = ORIENTED_EDGE ( 'NONE', *, *, #2299, .F. ) ;
#2306 = VERTEX_POINT ( 'NONE', #6720 ) ;
#2307 = MECHANICAL_DESIGN_GEOMETRIC_PRESENTATION_REPRESENTATION (  '', ( #10130 ), #3686 ) ;
#2308 = PLANE ( 'NONE',  #7851 ) ;
#2309 = FACE_OUTER_BOUND ( 'NONE', #4429, .T. ) ;
#2310 = CARTESIAN_POINT ( 'NONE',  ( 0.8964181414529803771, 2.685093333532154070, 7.299999999999998934 ) ) ;
#2311 = EDGE_CURVE ( 'NONE', #7249, #2409, #4949, .T. ) ;
#2312 = SURFACE_SIDE_STYLE ('',( #6851 ) ) ;
#2313 = ORIENTED_EDGE ( 'NONE', *, *, #2424, .F. ) ;
#2314 = EDGE_CURVE ( 'NONE', #3167, #6315, #980, .T. ) ;
#2315 = CARTESIAN_POINT ( 'NONE',  ( -0.7999999999999999334, 2.650000000000000799, 7.249999999999999112 ) ) ;
#2316 = CYLINDRICAL_SURFACE ( 'NONE', #5752, 0.4499999999999990119 ) ;
#2317 = CARTESIAN_POINT ( 'NONE',  ( -1.700000000000000178, 2.650000000000000799, 7.299999999999998934 ) ) ;
#2318 = DIRECTION ( 'NONE',  ( 0.000000000000000000, 0.000000000000000000, 1.000000000000000000 ) ) ;
#2319 = LINE ( 'NONE', #9209, #9426 ) ;
#2320 = ORIENTED_EDGE ( 'NONE', *, *, #4689, .T. ) ;
#2321 = DIRECTION ( 'NONE',  ( 1.000000000000000000, 0.000000000000000000, 0.000000000000000000 ) ) ;
#2322 = DIRECTION ( 'NONE',  ( -0.000000000000000000, 4.430117370400858162E-17, -1.000000000000000000 ) ) ;
#2323 = ORIENTED_EDGE ( 'NONE', *, *, #9619, .T. ) ;
#2324 = CLOSED_SHELL ( 'NONE', ( #277, #754, #5182, #385, #474, #3561, #3239, #6777, #3122, #9669, #988, #2694, #7467, #6652, #6116, #4493, #2794, #3172, #8492, #10263, #4337, #3433, #8939, #4888, #9753, #3334, #5967, #1137, #1383, #10000, #692, #6032, #6342, #4997, #7141, #9801, #548, #10216, #3853, #9239, #2053, #5090, #49, #2911, #5363, #5412, #8064, #3262, #107, #9259, #4957, #1673, #7942, #9594, #5160, #7699, #10168, #620 ) ) ;
#2325 = VECTOR ( 'NONE', #3342, 1000.000000000000000 ) ;
#2326 = ORIENTED_EDGE ( 'NONE', *, *, #7420, .T. ) ;
#2327 = CARTESIAN_POINT ( 'NONE',  ( 3.299999999999999822, 1.100000000000000089, -5.850000000000000533 ) ) ;
#2328 = EDGE_CURVE ( 'NONE', #9503, #524, #4427, .T. ) ;
#2329 = FACE_OUTER_BOUND ( 'NONE', #2049, .T. ) ;
#2330 = VECTOR ( 'NONE', #8383, 1000.000000000000000 ) ;
#2331 = PLANE ( 'NONE',  #2997 ) ;
#2332 = CARTESIAN_POINT ( 'NONE',  ( 3.299999999999999822, 1.100000000000000089, -5.850000000000000533 ) ) ;
#2333 = CARTESIAN_POINT ( 'NONE',  ( 2.500000000000000000, -2.299999999999999822, 7.549999999999998046 ) ) ;
#2334 = EDGE_LOOP ( 'NONE', ( #6772, #2136, #853, #3057 ) ) ;
#2335 = ORIENTED_EDGE ( 'NONE', *, *, #1368, .F. ) ;
#2336 = DIRECTION ( 'NONE',  ( 0.000000000000000000, 1.000000000000000000, 0.000000000000000000 ) ) ;
#2337 = ADVANCED_FACE ( 'NONE', ( #4609 ), #9195, .T. ) ;
#2338 = FACE_OUTER_BOUND ( 'NONE', #4093, .T. ) ;
#2339 = PLANE ( 'NONE',  #3127 ) ;
#2340 = DIRECTION ( 'NONE',  ( 0.000000000000000000, 0.000000000000000000, -1.000000000000000000 ) ) ;
#2341 = CARTESIAN_POINT ( 'NONE',  ( -1.983582586957798544, 0.02086324578292339874, -7.050000000000001599 ) ) ;
#2342 = ORIENTED_EDGE ( 'NONE', *, *, #4428, .T. ) ;
#2343 = LINE ( 'NONE', #31, #9512 ) ;
#2344 = VECTOR ( 'NONE', #4830, 1000.000000000000000 ) ;
#2345 = DIRECTION ( 'NONE',  ( 1.000000000000000000, 0.000000000000000000, 0.000000000000000000 ) ) ;
#2346 = AXIS2_PLACEMENT_3D ( 'NONE', #1267, #6865, #1978 ) ;
#2347 = DIRECTION ( 'NONE',  ( 0.000000000000000000, -1.000000000000000000, 0.000000000000000000 ) ) ;
#2348 = VECTOR ( 'NONE', #3660, 1000.000000000000000 ) ;
#2349 = EDGE_LOOP ( 'NONE', ( #5230, #9332, #6003, #5318 ) ) ;
#2350 = DIRECTION ( 'NONE',  ( -1.000000000000000000, 0.000000000000000000, 0.000000000000000000 ) ) ;
#2351 = ORIENTED_EDGE ( 'NONE', *, *, #5479, .T. ) ;
#2352 = CARTESIAN_POINT ( 'NONE',  ( -5.799999999999998934, 5.650000000000001243, 4.500000000000000888 ) ) ;
#2353 = EDGE_CURVE ( 'NONE', #6690, #10164, #7980, .T. ) ;
#2354 = FACE_OUTER_BOUND ( 'NONE', #1866, .T. ) ;
#2355 = DIRECTION ( 'NONE',  ( 0.000000000000000000, 0.000000000000000000, 1.000000000000000000 ) ) ;
#2356 = CARTESIAN_POINT ( 'NONE',  ( 3.850000000000000089, 2.400000000000000355, -5.850000000000000533 ) ) ;
#2357 = CYLINDRICAL_SURFACE ( 'NONE', #6487, 3.500000000000000000 ) ;
#2358 = CARTESIAN_POINT ( 'NONE',  ( 3.299999999999999822, 0.7999999999999982681, 7.549999999999999822 ) ) ;
#2359 = ORIENTED_EDGE ( 'NONE', *, *, #5123, .F. ) ;
#2360 = AXIS2_PLACEMENT_3D ( 'NONE', #8245, #6595, #2963 ) ;
#2361 = CARTESIAN_POINT ( 'NONE',  ( 5.799999999999996270, 0.5000000000000002220, -3.000000000000000000 ) ) ;
#2362 = LINE ( 'NONE', #367, #2498 ) ;
#2363 = CARTESIAN_POINT ( 'NONE',  ( -2.449999999999999734, -2.299999999999998046, -7.050000000000000711 ) ) ;
#2364 = CARTESIAN_POINT ( 'NONE',  ( 5.750000000000000000, 5.700000000000000178, 6.400000000000000355 ) ) ;
#2365 = FACE_OUTER_BOUND ( 'NONE', #3412, .T. ) ;
#2366 = LINE ( 'NONE', #7641, #2348 ) ;
#2367 = ORIENTED_EDGE ( 'NONE', *, *, #10143, .F. ) ;
#2368 = AXIS2_PLACEMENT_3D ( 'NONE', #10543, #8904, #3361 ) ;
#2369 = EDGE_LOOP ( 'NONE', ( #6726, #2826, #9888, #9695 ) ) ;
#2370 = FILL_AREA_STYLE ('',( #3604 ) ) ;
#2371 = CARTESIAN_POINT ( 'NONE',  ( 1.700000000000000178, 0.8000000000000001554, -6.750000000000001776 ) ) ;
#2372 = EDGE_CURVE ( 'NONE', #542, #9345, #4654, .T. ) ;
#2373 = CARTESIAN_POINT ( 'NONE',  ( -0.4000000000000001887, 0.7999999999999983791, 7.299999999999998934 ) ) ;
#2374 = DIRECTION ( 'NONE',  ( -1.000000000000000000, 0.000000000000000000, 0.000000000000000000 ) ) ;
#2375 = CLOSED_SHELL ( 'NONE', ( #10312, #3744, #5741, #1075, #8230, #574, #7196, #7085, #5565, #4100, #2408, #5633, #2075, #7103, #9105, #8089, #1055, #10027, #3896, #1766, #3540, #6313, #1789, #3374, #9281, #9955, #300, #3504, #2722, #2978, #9573, #9436, #7513, #1462, #9147, #7555, #6844, #8804, #9552, #4934, #3663, #4712 ) ) ;
#2376 = DIRECTION ( 'NONE',  ( 1.341711765540131426E-16, 1.000000000000000000, -0.000000000000000000 ) ) ;
#2377 = VECTOR ( 'NONE', #9338, 1000.000000000000000 ) ;
#2378 = CARTESIAN_POINT ( 'NONE',  ( 6.649821042359578429E-17, 0.4999999999999993339, 0.000000000000000000 ) ) ;
#2379 = ADVANCED_FACE ( 'NONE', ( #8002 ), #4975, .T. ) ;
#2380 = EDGE_CURVE ( 'NONE', #646, #2993, #4443, .T. ) ;
#2381 = DIRECTION ( 'NONE',  ( -1.000000000000000000, -1.327027319204863784E-16, 0.000000000000000000 ) ) ;
#2382 = FACE_OUTER_BOUND ( 'NONE', #1318, .T. ) ;
#2383 = DIRECTION ( 'NONE',  ( 1.535153518563546084E-16, 1.000000000000000000, 0.000000000000000000 ) ) ;
#2384 = LINE ( 'NONE', #5952, #6018 ) ;
#2385 = TOROIDAL_SURFACE ( 'NONE', #7465, 0.05000000000000075218, 0.1499999999999999944 ) ;
#2386 = DIRECTION ( 'NONE',  ( -0.9396926207859082059, -0.3420201433256695456, 0.000000000000000000 ) ) ;
#2387 = DIRECTION ( 'NONE',  ( 0.000000000000000000, 0.000000000000000000, 1.000000000000000000 ) ) ;
#2388 = ORIENTED_EDGE ( 'NONE', *, *, #199, .F. ) ;
#2389 = EDGE_LOOP ( 'NONE', ( #100, #3670, #6316, #7151 ) ) ;
#2390 = AXIS2_PLACEMENT_3D ( 'NONE', #2543, #6845, #9304 ) ;
#2391 = EDGE_CURVE ( 'NONE', #1812, #1680, #8114, .T. ) ;
#2392 = ORIENTED_EDGE ( 'NONE', *, *, #9584, .T. ) ;
#2393 = AXIS2_PLACEMENT_3D ( 'NONE', #5935, #1827, #1597 ) ;
#2394 = EDGE_CURVE ( 'NONE', #9869, #9845, #8187, .T. ) ;
#2395 = VERTEX_POINT ( 'NONE', #1478 ) ;
#2396 = DIRECTION ( 'NONE',  ( 0.000000000000000000, 0.000000000000000000, -1.000000000000000000 ) ) ;
#2397 = DIRECTION ( 'NONE',  ( 1.000000000000000000, 0.000000000000000000, -0.000000000000000000 ) ) ;
#2398 = EDGE_CURVE ( 'NONE', #4850, #4473, #8058, .T. ) ;
#2399 = LINE ( 'NONE', #5425, #2433 ) ;
#2400 = CARTESIAN_POINT ( 'NONE',  ( 2.542012759203106320, 0.1000000000000001721, 2.000000000000000000 ) ) ;
#2401 = LINE ( 'NONE', #2021, #9581 ) ;
#2402 = EDGE_CURVE ( 'NONE', #2233, #10171, #1020, .T. ) ;
#2403 = CARTESIAN_POINT ( 'NONE',  ( -4.250000000000000000, 6.700000000000000178, -5.099999999999999645 ) ) ;
#2404 = PLANE ( 'NONE',  #9596 ) ;
#2405 = LINE ( 'NONE', #5033, #9582 ) ;
#2406 = SURFACE_STYLE_USAGE ( .BOTH. , #5500 ) ;
#2407 = DIRECTION ( 'NONE',  ( 0.000000000000000000, 0.000000000000000000, -1.000000000000000000 ) ) ;
#2408 = ADVANCED_FACE ( 'NONE', ( #8772 ), #1452, .T. ) ;
#2409 = VERTEX_POINT ( 'NONE', #6442 ) ;
#2410 = ORIENTED_EDGE ( 'NONE', *, *, #10066, .T. ) ;
#2411 = CARTESIAN_POINT ( 'NONE',  ( -5.750000000000000000, 5.700000000000000178, -6.400000000000000355 ) ) ;
#2412 = VECTOR ( 'NONE', #8196, 1000.000000000000000 ) ;
#2413 = CARTESIAN_POINT ( 'NONE',  ( -5.750000000000000000, 6.100000000000000533, 6.700000000000000178 ) ) ;
#2414 = DIRECTION ( 'NONE',  ( 1.535153518563546084E-16, 1.000000000000000000, 0.000000000000000000 ) ) ;
#2415 = ORIENTED_EDGE ( 'NONE', *, *, #1674, .T. ) ;
#2416 = AXIS2_PLACEMENT_3D ( 'NONE', #9903, #2623, #78 ) ;
#2417 = FACE_OUTER_BOUND ( 'NONE', #5788, .T. ) ;
#2418 = FACE_OUTER_BOUND ( 'NONE', #120, .T. ) ;
#2419 = DIRECTION ( 'NONE',  ( 0.000000000000000000, 0.000000000000000000, -1.000000000000000000 ) ) ;
#2420 = CIRCLE ( 'NONE', #7858, 0.6000000000000007550 ) ;
#2421 = VERTEX_POINT ( 'NONE', #3158 ) ;
#2422 = ORIENTED_EDGE ( 'NONE', *, *, #3775, .T. ) ;
#2423 = PLANE ( 'NONE',  #5956 ) ;
#2424 = EDGE_CURVE ( 'NONE', #1773, #652, #5050, .T. ) ;
#2425 = ORIENTED_EDGE ( 'NONE', *, *, #6444, .T. ) ;
#2426 = DIRECTION ( 'NONE',  ( -1.000000000000000000, -0.000000000000000000, 0.000000000000000000 ) ) ;
#2427 = DIRECTION ( 'NONE',  ( -0.000000000000000000, -0.000000000000000000, 1.000000000000000000 ) ) ;
#2428 =( LENGTH_UNIT ( ) NAMED_UNIT ( * ) SI_UNIT ( .MILLI., .METRE. ) );
#2429 = FACE_OUTER_BOUND ( 'NONE', #10420, .T. ) ;
#2430 = DIRECTION ( 'NONE',  ( 0.000000000000000000, 1.000000000000000000, 4.430117370400858162E-17 ) ) ;
#2431 = ORIENTED_EDGE ( 'NONE', *, *, #2578, .T. ) ;
#2432 = CARTESIAN_POINT ( 'NONE',  ( 0.000000000000000000, 30.00000000000000000, 0.000000000000000000 ) ) ;
#2433 = VECTOR ( 'NONE', #4596, 1000.000000000000000 ) ;
#2434 = AXIS2_PLACEMENT_3D ( 'NONE', #3674, #3740, #3608 ) ;
#2435 = CARTESIAN_POINT ( 'NONE',  ( 2.550000000000001155, 0.7000000000000000666, 7.549999999999998046 ) ) ;
#2436 = FACE_OUTER_BOUND ( 'NONE', #9768, .T. ) ;
#2437 = LINE ( 'NONE', #1690, #9501 ) ;
#2438 = EDGE_CURVE ( 'NONE', #7725, #10064, #8511, .T. ) ;
#2439 = EDGE_LOOP ( 'NONE', ( #8041, #3746, #4013, #4464 ) ) ;
#2440 = ORIENTED_EDGE ( 'NONE', *, *, #8125, .F. ) ;
#2441 = DIRECTION ( 'NONE',  ( -1.000000000000000000, -0.000000000000000000, -0.000000000000000000 ) ) ;
#2442 = FACE_OUTER_BOUND ( 'NONE', #4033, .T. ) ;
#2443 = EDGE_CURVE ( 'NONE', #844, #6481, #1709, .T. ) ;
#2444 = PLANE ( 'NONE',  #8525 ) ;
#2445 = CARTESIAN_POINT ( 'NONE',  ( -0.4000000000000001887, -3.099999999999998757, 7.549999999999999822 ) ) ;
#2446 = ADVANCED_FACE ( 'NONE', ( #8581 ), #5162, .T. ) ;
#2447 = ORIENTED_EDGE ( 'NONE', *, *, #2227, .F. ) ;
#2448 = DIRECTION ( 'NONE',  ( 0.000000000000000000, 0.000000000000000000, 1.000000000000000000 ) ) ;
#2449 = PLANE ( 'NONE',  #455 ) ;
#2450 = CYLINDRICAL_SURFACE ( 'NONE', #10226, 0.2999999999999999334 ) ;
#2451 = DIRECTION ( 'NONE',  ( -0.000000000000000000, 2.017120320903263702E-16, -1.000000000000000000 ) ) ;
#2452 = CARTESIAN_POINT ( 'NONE',  ( 6.514715287270208322, -2.198587845354674108, -1.000000000000000000 ) ) ;
#2453 = LINE ( 'NONE', #1946, #5863 ) ;
#2454 = FACE_OUTER_BOUND ( 'NONE', #5606, .T. ) ;
#2455 = CARTESIAN_POINT ( 'NONE',  ( -5.750000000000000000, 6.100000000000000533, 6.700000000000000178 ) ) ;
#2456 = SURFACE_SIDE_STYLE ('',( #469 ) ) ;
#2457 = ORIENTED_EDGE ( 'NONE', *, *, #8175, .F. ) ;
#2458 = ORIENTED_EDGE ( 'NONE', *, *, #9226, .T. ) ;
#2459 = EDGE_CURVE ( 'NONE', #5420, #9553, #5271, .T. ) ;
#2460 = FACE_OUTER_BOUND ( 'NONE', #5463, .T. ) ;
#2461 = ORIENTED_EDGE ( 'NONE', *, *, #2814, .F. ) ;
#2462 = DIRECTION ( 'NONE',  ( 0.000000000000000000, -1.000000000000000000, 0.000000000000000000 ) ) ;
#2463 = DIRECTION ( 'NONE',  ( -0.000000000000000000, -1.000000000000000000, -0.000000000000000000 ) ) ;
#2464 = LINE ( 'NONE', #9469, #9564 ) ;
#2465 = ADVANCED_FACE ( 'NONE', ( #1404 ), #7795, .T. ) ;
#2466 = FACE_OUTER_BOUND ( 'NONE', #8240, .T. ) ;
#2467 = CARTESIAN_POINT ( 'NONE',  ( 6.200000000000000178, 3.100000000000000089, 1.599999999999999867 ) ) ;
#2468 = DIRECTION ( 'NONE',  ( 0.000000000000000000, -1.000000000000000000, -0.000000000000000000 ) ) ;
#2469 = CARTESIAN_POINT ( 'NONE',  ( 0.000000000000000000, 2.100000000000000089, 1.599999999999999867 ) ) ;
#2470 = DIRECTION ( 'NONE',  ( 0.000000000000000000, -1.000000000000000000, -2.460132057943349518E-16 ) ) ;
#2471 = AXIS2_PLACEMENT_3D ( 'NONE', #6062, #269, #2684 ) ;
#2472 = ORIENTED_EDGE ( 'NONE', *, *, #9568, .T. ) ;
#2473 = ORIENTED_EDGE ( 'NONE', *, *, #818, .F. ) ;
#2474 = CARTESIAN_POINT ( 'NONE',  ( -6.563830408857795895, -1.920042149226665718, -1.000000000000000000 ) ) ;
#2475 = CIRCLE ( 'NONE', #9309, 0.5749999999999982903 ) ;
#2476 = DIRECTION ( 'NONE',  ( -0.000000000000000000, -1.000000000000000000, -0.000000000000000000 ) ) ;
#2477 = CARTESIAN_POINT ( 'NONE',  ( -4.549999999999997158, 1.000000000000000000, 5.850000000000000533 ) ) ;
#2478 = AXIS2_PLACEMENT_3D ( 'NONE', #2125, #3534, #9506 ) ;
#2479 = VERTEX_POINT ( 'NONE', #7861 ) ;
#2480 = CIRCLE ( 'NONE', #5488, 0.4000000000000001887 ) ;
#2481 = EDGE_CURVE ( 'NONE', #7754, #10473, #1732, .T. ) ;
#2482 = PLANE ( 'NONE',  #669 ) ;
#2483 = ADVANCED_FACE ( 'NONE', ( #5015 ), #573, .T. ) ;
#2484 = ORIENTED_EDGE ( 'NONE', *, *, #7914, .T. ) ;
#2485 = DIRECTION ( 'NONE',  ( 0.000000000000000000, 1.000000000000000000, 4.430117370400858162E-17 ) ) ;
#2486 = VERTEX_POINT ( 'NONE', #8849 ) ;
#2487 = CARTESIAN_POINT ( 'NONE',  ( 2.500000000000000444, 0.3000000000000024314, -7.050000000000001599 ) ) ;
#2488 = AXIS2_PLACEMENT_3D ( 'NONE', #5399, #3716, #10417 ) ;
#2489 = SURFACE_STYLE_FILL_AREA ( #7634 ) ;
#2490 = CARTESIAN_POINT ( 'NONE',  ( 5.908508773426603966, -0.9841458618106281309, 1.000000000000000000 ) ) ;
#2491 = SURFACE_STYLE_USAGE ( .BOTH. , #1586 ) ;
#2492 = VECTOR ( 'NONE', #1999, 999.9999999999998863 ) ;
#2493 = DIRECTION ( 'NONE',  ( 1.000000000000000000, 0.000000000000000000, 0.000000000000000000 ) ) ;
#2494 = ORIENTED_EDGE ( 'NONE', *, *, #9563, .F. ) ;
#2495 = MECHANICAL_DESIGN_GEOMETRIC_PRESENTATION_REPRESENTATION (  '', ( #2265 ), #9784 ) ;
#2496 = DIRECTION ( 'NONE',  ( 0.000000000000000000, 0.000000000000000000, 1.000000000000000000 ) ) ;
#2497 = EDGE_CURVE ( 'NONE', #9064, #6809, #4963, .T. ) ;
#2498 = VECTOR ( 'NONE', #10309, 1000.000000000000000 ) ;
#2499 = DIRECTION ( 'NONE',  ( 1.000000000000000000, 0.000000000000000000, 0.000000000000000000 ) ) ;
#2500 = CARTESIAN_POINT ( 'NONE',  ( 5.750000000000000000, 3.100000000000000089, -5.250000000000000000 ) ) ;
#2501 = PLANE ( 'NONE',  #9557 ) ;
#2502 = EDGE_CURVE ( 'NONE', #6281, #1090, #1768, .T. ) ;
#2503 = CYLINDRICAL_SURFACE ( 'NONE', #6033, 0.4000000000000001887 ) ;
#2504 = VECTOR ( 'NONE', #2716, 1000.000000000000000 ) ;
#2505 = EDGE_LOOP ( 'NONE', ( #9349, #9411, #5299, #2425 ) ) ;
#2506 = ORIENTED_EDGE ( 'NONE', *, *, #119, .T. ) ;
#2507 = EDGE_CURVE ( 'NONE', #9319, #10553, #5291, .T. ) ;
#2508 = ADVANCED_FACE ( 'NONE', ( #1503 ), #1751, .T. ) ;
#2509 = FACE_OUTER_BOUND ( 'NONE', #6434, .T. ) ;
#2510 = DIRECTION ( 'NONE',  ( 0.000000000000000000, -1.000000000000000000, 0.000000000000000000 ) ) ;
#2511 = DIRECTION ( 'NONE',  ( 0.000000000000000000, 0.000000000000000000, 1.000000000000000000 ) ) ;
#2512 = EDGE_CURVE ( 'NONE', #8704, #8720, #8834, .T. ) ;
#2513 = LINE ( 'NONE', #6915, #6249 ) ;
#2514 = VERTEX_POINT ( 'NONE', #6139 ) ;
#2515 = CARTESIAN_POINT ( 'NONE',  ( -0.7999999999999999334, 3.249999999999998668, 6.349999999999997868 ) ) ;
#2516 = CARTESIAN_POINT ( 'NONE',  ( 5.750000000000000000, 5.700000000000000178, 6.700000000000000178 ) ) ;
#2517 = PLANE ( 'NONE',  #6610 ) ;
#2518 = CARTESIAN_POINT ( 'NONE',  ( -2.100000000000000089, -3.099999999999998757, 7.549999999999999822 ) ) ;
#2519 = CIRCLE ( 'NONE', #9498, 0.05000000000000012768 ) ;
#2520 = AXIS2_PLACEMENT_3D ( 'NONE', #7404, #8475, #5913 ) ;
#2521 = DIRECTION ( 'NONE',  ( 0.000000000000000000, 1.000000000000000000, 4.430117370400858162E-17 ) ) ;
#2522 = DIRECTION ( 'NONE',  ( -0.000000000000000000, 2.017120320903263702E-16, -1.000000000000000000 ) ) ;
#2523 = ORIENTED_EDGE ( 'NONE', *, *, #10061, .T. ) ;
#2524 = VERTEX_POINT ( 'NONE', #9453 ) ;
#2525 = VECTOR ( 'NONE', #9610, 999.9999999999998863 ) ;
#2526 = EDGE_CURVE ( 'NONE', #10564, #3559, #8528, .T. ) ;
#2527 = ADVANCED_FACE ( 'NONE', ( #5304 ), #8628, .T. ) ;
#2528 = EDGE_CURVE ( 'NONE', #9553, #9869, #8683, .T. ) ;
#2529 = VERTEX_POINT ( 'NONE', #8158 ) ;
#2530 = CARTESIAN_POINT ( 'NONE',  ( -2.900000000000000355, 2.504411906293520396, -6.200000000000001954 ) ) ;
#2531 = LINE ( 'NONE', #2469, #6085 ) ;
#2532 = CARTESIAN_POINT ( 'NONE',  ( 3.850000000000000089, 1.000000000000000000, 6.700000000000000178 ) ) ;
#2533 = CARTESIAN_POINT ( 'NONE',  ( -4.549999999999997158, 0.000000000000000000, -5.850000000000000533 ) ) ;
#2534 = DIRECTION ( 'NONE',  ( 0.000000000000000000, -1.000000000000000000, 0.000000000000000000 ) ) ;
#2535 = FACE_BOUND ( 'NONE', #8608, .T. ) ;
#2536 = DIRECTION ( 'NONE',  ( -0.000000000000000000, 4.430117370400858162E-17, -1.000000000000000000 ) ) ;
#2537 = DIRECTION ( 'NONE',  ( 1.000000000000000000, 0.000000000000000000, 0.000000000000000000 ) ) ;
#2538 = VERTEX_POINT ( 'NONE', #4994 ) ;
#2539 = ORIENTED_EDGE ( 'NONE', *, *, #847, .T. ) ;
#2540 = DIRECTION ( 'NONE',  ( 0.000000000000000000, 0.000000000000000000, 1.000000000000000000 ) ) ;
#2541 = AXIS2_PLACEMENT_3D ( 'NONE', #4806, #9878, #1723 ) ;
#2542 = ORIENTED_EDGE ( 'NONE', *, *, #6142, .F. ) ;
#2543 = CARTESIAN_POINT ( 'NONE',  ( 2.598076211353316456, 18.00000000000000000, 1.499999999999999112 ) ) ;
#2544 = EDGE_CURVE ( 'NONE', #10156, #4463, #1569, .T. ) ;
#2545 = CARTESIAN_POINT ( 'NONE',  ( 0.000000000000000000, 29.50000000000000000, 0.000000000000000000 ) ) ;
#2546 = CARTESIAN_POINT ( 'NONE',  ( 2.500000000000000444, 0.1500000000000024647, -7.049999999999999822 ) ) ;
#2547 = EDGE_LOOP ( 'NONE', ( #9446, #5721, #9000, #8912, #2076 ) ) ;
#2548 = EDGE_CURVE ( 'NONE', #6867, #5242, #5089, .T. ) ;
#2549 = ADVANCED_FACE ( 'NONE', ( #8866 ), #5143, .T. ) ;
#2550 = CIRCLE ( 'NONE', #1679, 0.1499999999999999667 ) ;
#2551 = PLANE ( 'NONE',  #9907 ) ;
#2552 = CIRCLE ( 'NONE', #2126, 3.500000000000000000 ) ;
#2553 = CARTESIAN_POINT ( 'NONE',  ( 6.199999999999998401, -0.6400000000000000133, 1.000000000000000000 ) ) ;
#2554 = ORIENTED_EDGE ( 'NONE', *, *, #4315, .F. ) ;
#2555 = CARTESIAN_POINT ( 'NONE',  ( 5.499999999999996447, 5.500000000000000888, -6.400000000000000355 ) ) ;
#2556 = DIRECTION ( 'NONE',  ( -0.9396926207859082059, 0.3420201433256695456, 1.515189377974040262E-17 ) ) ;
#2557 = LINE ( 'NONE', #6857, #5757 ) ;
#2558 = DIRECTION ( 'NONE',  ( 0.000000000000000000, 1.000000000000000000, 0.000000000000000000 ) ) ;
#2559 = DIRECTION ( 'NONE',  ( 0.000000000000000000, 2.017120320903263702E-16, -1.000000000000000000 ) ) ;
#2560 = AXIS2_PLACEMENT_3D ( 'NONE', #10053, #7485, #4964 ) ;
#2561 = DIRECTION ( 'NONE',  ( -0.000000000000000000, 1.000000000000000000, 2.460132057943349518E-16 ) ) ;
#2562 = ORIENTED_EDGE ( 'NONE', *, *, #10299, .F. ) ;
#2563 = EDGE_CURVE ( 'NONE', #8778, #9922, #4980, .T. ) ;
#2564 = CARTESIAN_POINT ( 'NONE',  ( -4.250000000000000000, 6.550000000000000711, 5.099999999999999645 ) ) ;
#2565 = DIRECTION ( 'NONE',  ( -1.000000000000000000, 0.000000000000000000, 0.000000000000000000 ) ) ;
#2566 = AXIS2_PLACEMENT_3D ( 'NONE', #2361, #7563, #15 ) ;
#2567 = DIRECTION ( 'NONE',  ( -0.000000000000000000, 0.000000000000000000, -1.000000000000000000 ) ) ;
#2568 = ORIENTED_EDGE ( 'NONE', *, *, #8852, .F. ) ;
#2569 = ADVANCED_FACE ( 'NONE', ( #5217 ), #8304, .T. ) ;
#2570 = ORIENTED_EDGE ( 'NONE', *, *, #1103, .F. ) ;
#2571 = VECTOR ( 'NONE', #7435, 1000.000000000000000 ) ;
#2572 = DIRECTION ( 'NONE',  ( 1.327027319204863784E-16, -1.000000000000000000, 0.000000000000000000 ) ) ;
#2573 = FACE_OUTER_BOUND ( 'NONE', #6749, .T. ) ;
#2574 = CARTESIAN_POINT ( 'NONE',  ( -4.250000000000000000, 6.700000000000000178, 4.675000000000001599 ) ) ;
#2575 = VERTEX_POINT ( 'NONE', #1018 ) ;
#2576 = DIRECTION ( 'NONE',  ( 0.000000000000000000, 0.000000000000000000, 1.000000000000000000 ) ) ;
#2577 = DIRECTION ( 'NONE',  ( 1.000000000000000000, -1.327027319204863784E-16, 0.000000000000000000 ) ) ;
#2578 = EDGE_CURVE ( 'NONE', #10274, #2835, #1589, .T. ) ;
#2579 = LINE ( 'NONE', #9718, #2853 ) ;
#2580 = CARTESIAN_POINT ( 'NONE',  ( 6.999999999999997335, -2.034757436496875016, 1.000000000000000000 ) ) ;
#2581 = LINE ( 'NONE', #9445, #10187 ) ;
#2582 = PLANE ( 'NONE',  #5556 ) ;
#2583 = AXIS2_PLACEMENT_3D ( 'NONE', #330, #10268, #2109 ) ;
#2584 = LINE ( 'NONE', #150, #2504 ) ;
#2585 = CARTESIAN_POINT ( 'NONE',  ( -2.500000000000000000, -2.299999999999999822, 7.549999999999998046 ) ) ;
#2586 = EDGE_LOOP ( 'NONE', ( #1684, #5185, #8694, #338, #1873 ) ) ;
#2587 = VERTEX_POINT ( 'NONE', #6665 ) ;
#2588 = ADVANCED_FACE ( 'NONE', ( #1655 ), #4310, .F. ) ;
#2589 = CIRCLE ( 'NONE', #2874, 0.2000000000000007327 ) ;
#2590 = ORIENTED_EDGE ( 'NONE', *, *, #5145, .T. ) ;
#2591 = CARTESIAN_POINT ( 'NONE',  ( -5.049999999999997158, 1.000000000000000000, 4.500000000000000888 ) ) ;
#2592 =( GEOMETRIC_REPRESENTATION_CONTEXT ( 3 ) GLOBAL_UNCERTAINTY_ASSIGNED_CONTEXT ( ( #8455 ) ) GLOBAL_UNIT_ASSIGNED_CONTEXT ( ( #3484, #5133, #1922 ) ) REPRESENTATION_CONTEXT ( 'NONE', 'WORKASPACE' ) );
#2593 = DIRECTION ( 'NONE',  ( 1.535153518563546084E-16, -1.000000000000000000, -0.000000000000000000 ) ) ;
#2594 = PLANE ( 'NONE',  #1421 ) ;
#2595 = LINE ( 'NONE', #7335, #9691 ) ;
#2596 = CARTESIAN_POINT ( 'NONE',  ( 6.514715287270208322, -2.198587845354674108, 1.000000000000000000 ) ) ;
#2597 = CARTESIAN_POINT ( 'NONE',  ( -3.999999999999998224, 0.000000000000000000, 4.500000000000001776 ) ) ;
#2598 = LINE ( 'NONE', #4297, #9726 ) ;
#2599 = ORIENTED_EDGE ( 'NONE', *, *, #6230, .T. ) ;
#2600 = EDGE_LOOP ( 'NONE', ( #4083, #7315, #4038, #6843 ) ) ;
#2601 = AXIS2_PLACEMENT_3D ( 'NONE', #5157, #179, #3696 ) ;
#2602 = ORIENTED_EDGE ( 'NONE', *, *, #7402, .T. ) ;
#2603 = VECTOR ( 'NONE', #3428, 1000.000000000000114 ) ;
#2604 = EDGE_CURVE ( 'NONE', #1983, #1818, #5324, .T. ) ;
#2605 = DIRECTION ( 'NONE',  ( 0.000000000000000000, -2.460132057943349518E-16, 1.000000000000000000 ) ) ;
#2606 = DIRECTION ( 'NONE',  ( 0.000000000000000000, 0.000000000000000000, -1.000000000000000000 ) ) ;
#2607 = ADVANCED_FACE ( 'NONE', ( #8564 ), #9934, .F. ) ;
#2608 = DIRECTION ( 'NONE',  ( 0.000000000000000000, 0.000000000000000000, -1.000000000000000000 ) ) ;
#2609 = VERTEX_POINT ( 'NONE', #102 ) ;
#2610 = LINE ( 'NONE', #9876, #2648 ) ;
#2611 = AXIS2_PLACEMENT_3D ( 'NONE', #5519, #6322, #8815 ) ;
#2612 = FACE_OUTER_BOUND ( 'NONE', #3817, .T. ) ;
#2613 = DIRECTION ( 'NONE',  ( 1.000000000000000000, 0.000000000000000000, 0.000000000000000000 ) ) ;
#2614 = ORIENTED_EDGE ( 'NONE', *, *, #7218, .T. ) ;
#2615 = DIRECTION ( 'NONE',  ( 0.000000000000000000, 0.000000000000000000, -1.000000000000000000 ) ) ;
#2616 = DIRECTION ( 'NONE',  ( -1.000000000000000000, 0.000000000000000000, 0.000000000000000000 ) ) ;
#2617 = ORIENTED_EDGE ( 'NONE', *, *, #4293, .T. ) ;
#2618 = FACE_OUTER_BOUND ( 'NONE', #7661, .T. ) ;
#2619 = AXIS2_PLACEMENT_3D ( 'NONE', #4856, #6589, #4713 ) ;
#2620 = EDGE_CURVE ( 'NONE', #9779, #6347, #1436, .T. ) ;
#2621 = CARTESIAN_POINT ( 'NONE',  ( 5.049999999999998046, 4.986986664055304885, -5.350000000000001421 ) ) ;
#2622 = LINE ( 'NONE', #6534, #6172 ) ;
#2623 = DIRECTION ( 'NONE',  ( -0.000000000000000000, -1.000000000000000000, 0.000000000000000000 ) ) ;
#2624 = EDGE_CURVE ( 'NONE', #9362, #646, #4996, .T. ) ;
#2625 = ORIENTED_EDGE ( 'NONE', *, *, #216, .T. ) ;
#2626 = CARTESIAN_POINT ( 'NONE',  ( 0.000000000000000000, 30.00000000000000000, 0.000000000000000000 ) ) ;
#2627 = EDGE_CURVE ( 'NONE', #5310, #6036, #1552, .T. ) ;
#2628 = LINE ( 'NONE', #5012, #6178 ) ;
#2629 = ADVANCED_FACE ( 'NONE', ( #8738 ), #5109, .T. ) ;
#2630 = CARTESIAN_POINT ( 'NONE',  ( -5.799999999999996270, 0.1000000000000001721, -3.000000000000000000 ) ) ;
#2631 = DIRECTION ( 'NONE',  ( 0.000000000000000000, -2.460132057943349518E-16, 1.000000000000000000 ) ) ;
#2632 = LINE ( 'NONE', #6555, #9995 ) ;
#2633 = EDGE_CURVE ( 'NONE', #7607, #3499, #8665, .T. ) ;
#2634 = VECTOR ( 'NONE', #7484, 1000.000000000000000 ) ;
#2635 = ORIENTED_EDGE ( 'NONE', *, *, #7820, .T. ) ;
#2636 = ORIENTED_EDGE ( 'NONE', *, *, #8217, .T. ) ;
#2637 = VECTOR ( 'NONE', #9996, 1000.000000000000000 ) ;
#2638 = DIRECTION ( 'NONE',  ( 0.000000000000000000, 1.000000000000000000, 0.000000000000000000 ) ) ;
#2639 = EDGE_LOOP ( 'NONE', ( #5940, #10139, #6030, #2810 ) ) ;
#2640 = CARTESIAN_POINT ( 'NONE',  ( 0.000000000000000000, 18.00000000000000000, 0.000000000000000000 ) ) ;
#2641 = VECTOR ( 'NONE', #4480, 1000.000000000000000 ) ;
#2642 = DIRECTION ( 'NONE',  ( 0.000000000000000000, 0.000000000000000000, 1.000000000000000000 ) ) ;
#2643 = ORIENTED_EDGE ( 'NONE', *, *, #7383, .T. ) ;
#2644 = AXIS2_PLACEMENT_3D ( 'NONE', #3549, #7733, #5207 ) ;
#2645 = DIRECTION ( 'NONE',  ( 0.000000000000000000, -2.017120320903263702E-16, 1.000000000000000000 ) ) ;
#2646 = CARTESIAN_POINT ( 'NONE',  ( 2.900000000000000355, 0.8000000000000001554, -6.800000000000001599 ) ) ;
#2647 = DIRECTION ( 'NONE',  ( 0.000000000000000000, 1.000000000000000000, 0.000000000000000000 ) ) ;
#2648 = VECTOR ( 'NONE', #7314, 1000.000000000000000 ) ;
#2649 = DIRECTION ( 'NONE',  ( -1.000000000000000000, -0.000000000000000000, -0.000000000000000000 ) ) ;
#2650 = DIRECTION ( 'NONE',  ( 1.000000000000000000, 0.000000000000000000, 0.000000000000000000 ) ) ;
#2651 = EDGE_CURVE ( 'NONE', #8911, #10191, #5125, .T. ) ;
#2652 = FACE_OUTER_BOUND ( 'NONE', #7310, .T. ) ;
#2653 = DIRECTION ( 'NONE',  ( -0.7660444431189813441, 0.6427876096865353661, 0.000000000000000000 ) ) ;
#2654 = VECTOR ( 'NONE', #10004, 1000.000000000000000 ) ;
#2655 = ORIENTED_EDGE ( 'NONE', *, *, #6467, .T. ) ;
#2656 = CARTESIAN_POINT ( 'NONE',  ( -1.700000000000000178, 0.4999999999999998890, 6.700000000000000178 ) ) ;
#2657 = ADVANCED_FACE ( 'NONE', ( #8792 ), #5597, .T. ) ;
#2658 = CARTESIAN_POINT ( 'NONE',  ( -5.750000000000000000, 5.700000000000000178, -5.250000000000000000 ) ) ;
#2659 = ORIENTED_EDGE ( 'NONE', *, *, #1750, .F. ) ;
#2660 = EDGE_CURVE ( 'NONE', #10196, #1076, #2015, .T. ) ;
#2661 = ORIENTED_EDGE ( 'NONE', *, *, #4876, .F. ) ;
#2662 = FACE_OUTER_BOUND ( 'NONE', #7662, .T. ) ;
#2663 = ORIENTED_EDGE ( 'NONE', *, *, #2105, .T. ) ;
#2664 = DIRECTION ( 'NONE',  ( 0.000000000000000000, 0.000000000000000000, -1.000000000000000000 ) ) ;
#2665 = CARTESIAN_POINT ( 'NONE',  ( -0.05000000000000056483, 0.6999999999999997335, 7.699999999999997513 ) ) ;
#2666 = LINE ( 'NONE', #9430, #2682 ) ;
#2667 = AXIS2_PLACEMENT_3D ( 'NONE', #8889, #10335, #8823 ) ;
#2668 = DIRECTION ( 'NONE',  ( 0.000000000000000000, 0.000000000000000000, -1.000000000000000000 ) ) ;
#2669 = CARTESIAN_POINT ( 'NONE',  ( 1.700000000000000178, 2.949999999999998845, 7.249999999999999112 ) ) ;
#2670 = CARTESIAN_POINT ( 'NONE',  ( 2.299999999999999378, -2.299999999999999822, 7.549999999999999822 ) ) ;
#2671 = VECTOR ( 'NONE', #2470, 1000.000000000000000 ) ;
#2672 = EDGE_CURVE ( 'NONE', #991, #1230, #9201, .T. ) ;
#2673 = EDGE_LOOP ( 'NONE', ( #4956, #1394, #5445, #8028, #3833, #1593, #9221, #4112 ) ) ;
#2674 = VERTEX_POINT ( 'NONE', #373 ) ;
#2675 = DIRECTION ( 'NONE',  ( -0.000000000000000000, -0.000000000000000000, -1.000000000000000000 ) ) ;
#2676 = ADVANCED_FACE ( 'NONE', ( #9110 ), #9234, .T. ) ;
#2677 = LINE ( 'NONE', #3482, #6225 ) ;
#2678 = LINE ( 'NONE', #1847, #4645 ) ;
#2679 = DIRECTION ( 'NONE',  ( 0.000000000000000000, 1.000000000000000000, 2.460132057943349518E-16 ) ) ;
#2680 = CARTESIAN_POINT ( 'NONE',  ( -5.750000000000000000, 5.650000000000001243, -5.250000000000000000 ) ) ;
#2681 = ORIENTED_EDGE ( 'NONE', *, *, #866, .T. ) ;
#2682 = VECTOR ( 'NONE', #10264, 1000.000000000000000 ) ;
#2683 = LINE ( 'NONE', #73, #9740 ) ;
#2684 = DIRECTION ( 'NONE',  ( 0.000000000000000000, 0.000000000000000000, 1.000000000000000000 ) ) ;
#2685 = CARTESIAN_POINT ( 'NONE',  ( -1.699999999999999956, 0.7999999999999983791, 7.299999999999998934 ) ) ;
#2686 = ORIENTED_EDGE ( 'NONE', *, *, #7698, .T. ) ;
#2687 = CARTESIAN_POINT ( 'NONE',  ( 2.500000000000000444, 0.1000000000000016848, -7.050000000000001599 ) ) ;
#2688 = EDGE_CURVE ( 'NONE', #8352, #8873, #9129, .T. ) ;
#2689 = LINE ( 'NONE', #2373, #9664 ) ;
#2690 = DIRECTION ( 'NONE',  ( -1.000000000000000000, 0.000000000000000000, 0.000000000000000000 ) ) ;
#2691 = ORIENTED_EDGE ( 'NONE', *, *, #4010, .T. ) ;
#2692 = AXIS2_PLACEMENT_3D ( 'NONE', #9231, #318, #6600 ) ;
#2693 = DIRECTION ( 'NONE',  ( 0.000000000000000000, 0.000000000000000000, 1.000000000000000000 ) ) ;
#2694 = ADVANCED_FACE ( 'NONE', ( #2036 ), #9404, .F. ) ;
#2695 = EDGE_LOOP ( 'NONE', ( #3719, #7937, #4389, #4340, #2326, #9806 ) ) ;
#2696 = CARTESIAN_POINT ( 'NONE',  ( -4.250000000000000000, 6.100000000000000533, 5.674999999999998046 ) ) ;
#2697 = CIRCLE ( 'NONE', #7509, 0.1999999999999996503 ) ;
#2698 = CARTESIAN_POINT ( 'NONE',  ( -0.2000000000000000944, 0.6999999999999997335, 7.549999999999999822 ) ) ;
#2699 = CARTESIAN_POINT ( 'NONE',  ( -6.200000000000000178, 2.100000000000000089, 1.599999999999999867 ) ) ;
#2700 = FACE_OUTER_BOUND ( 'NONE', #5016, .T. ) ;
#2701 = CIRCLE ( 'NONE', #6714, 0.1499999999999999667 ) ;
#2702 = FACE_OUTER_BOUND ( 'NONE', #1984, .T. ) ;
#2703 = LINE ( 'NONE', #10566, #10093 ) ;
#2704 = EDGE_LOOP ( 'NONE', ( #6516, #8139, #177, #8234 ) ) ;
#2705 = VERTEX_POINT ( 'NONE', #10240 ) ;
#2706 = ORIENTED_EDGE ( 'NONE', *, *, #1572, .T. ) ;
#2707 = CIRCLE ( 'NONE', #41, 0.1499999999999999667 ) ;
#2708 = CARTESIAN_POINT ( 'NONE',  ( -2.550000000000000266, -2.299999999999998046, -7.200000000000001066 ) ) ;
#2709 = EDGE_LOOP ( 'NONE', ( #7295, #8210, #2686, #945, #7749, #478, #10304, #10322, #4522, #8491, #3276, #9960, #8929, #1835, #9680, #2661, #7320, #9980, #460, #185 ) ) ;
#2710 = EDGE_CURVE ( 'NONE', #2056, #2421, #5527, .T. ) ;
#2711 = ORIENTED_EDGE ( 'NONE', *, *, #5739, .T. ) ;
#2712 = DIRECTION ( 'NONE',  ( 1.000000000000000000, 1.341711765540131426E-16, 0.000000000000000000 ) ) ;
#2713 = APPLICATION_CONTEXT ( 'automotive_design' ) ;
#2714 = AXIS2_PLACEMENT_3D ( 'NONE', #5740, #5533, #6565 ) ;
#2715 = VERTEX_POINT ( 'NONE', #1153 ) ;
#2716 = DIRECTION ( 'NONE',  ( -1.535153518563546084E-16, -1.000000000000000000, -1.445602896647339163E-16 ) ) ;
#2717 = CARTESIAN_POINT ( 'NONE',  ( 3.299999999999999822, 2.999999999999998224, 6.349999999999997868 ) ) ;
#2718 = DIRECTION ( 'NONE',  ( 0.000000000000000000, 0.000000000000000000, 1.000000000000000000 ) ) ;
#2719 = CYLINDRICAL_SURFACE ( 'NONE', #10367, 0.5999999999999989786 ) ;
#2720 = CARTESIAN_POINT ( 'NONE',  ( 5.799999999999996270, 0.5000000000000004441, 4.500000000000000888 ) ) ;
#2721 = EDGE_CURVE ( 'NONE', #10062, #1725, #5578, .T. ) ;
#2722 = ADVANCED_FACE ( 'NONE', ( #2054 ), #9268, .T. ) ;
#2723 = FACE_OUTER_BOUND ( 'NONE', #3080, .T. ) ;
#2724 = CARTESIAN_POINT ( 'NONE',  ( -2.499999999999999556, 0.1000000000000016848, -7.050000000000001599 ) ) ;
#2725 = VERTEX_POINT ( 'NONE', #2082 ) ;
#2726 = DIRECTION ( 'NONE',  ( 0.000000000000000000, -1.000000000000000000, 0.000000000000000000 ) ) ;
#2727 = DIRECTION ( 'NONE',  ( -1.000000000000000000, 0.000000000000000000, 0.000000000000000000 ) ) ;
#2728 = ORIENTED_EDGE ( 'NONE', *, *, #10531, .F. ) ;
#2729 = ORIENTED_EDGE ( 'NONE', *, *, #9799, .F. ) ;
#2730 = AXIS2_PLACEMENT_3D ( 'NONE', #4197, #2763, #124 ) ;
#2731 = ORIENTED_EDGE ( 'NONE', *, *, #3181, .T. ) ;
#2732 = FACE_OUTER_BOUND ( 'NONE', #2439, .T. ) ;
#2733 = ORIENTED_EDGE ( 'NONE', *, *, #9639, .F. ) ;
#2734 = LINE ( 'NONE', #668, #6081 ) ;
#2735 = EDGE_LOOP ( 'NONE', ( #2392, #400, #837, #6651 ) ) ;
#2736 = ORIENTED_EDGE ( 'NONE', *, *, #6796, .T. ) ;
#2737 = DIRECTION ( 'NONE',  ( 0.000000000000000000, 0.000000000000000000, 1.000000000000000000 ) ) ;
#2738 = DIRECTION ( 'NONE',  ( 1.000000000000000000, 0.000000000000000000, 0.000000000000000000 ) ) ;
#2739 = AXIS2_PLACEMENT_3D ( 'NONE', #6267, #2764, #10278 ) ;
#2740 = AXIS2_PLACEMENT_3D ( 'NONE', #5642, #4044, #1670 ) ;
#2741 = CARTESIAN_POINT ( 'NONE',  ( 5.799999999999998046, -0.6400000000000000133, -1.000000000000000000 ) ) ;
#2742 = CIRCLE ( 'NONE', #6585, 0.5999999999999989786 ) ;
#2743 = EDGE_CURVE ( 'NONE', #6127, #4511, #1786, .T. ) ;
#2744 = VECTOR ( 'NONE', #4633, 1000.000000000000000 ) ;
#2745 = CARTESIAN_POINT ( 'NONE',  ( -5.750000000000000000, 6.099999999999999645, 5.250000000000000000 ) ) ;
#2746 = PLANE ( 'NONE',  #3819 ) ;
#2747 = LINE ( 'NONE', #6380, #3068 ) ;
#2748 = CARTESIAN_POINT ( 'NONE',  ( 3.299999999999999822, 3.249999999999998224, 7.249999999999999112 ) ) ;
#2749 = ORIENTED_EDGE ( 'NONE', *, *, #2237, .T. ) ;
#2750 = DIRECTION ( 'NONE',  ( -1.000000000000000000, 0.000000000000000000, 0.000000000000000000 ) ) ;
#2751 = ORIENTED_EDGE ( 'NONE', *, *, #8286, .T. ) ;
#2752 = DIRECTION ( 'NONE',  ( 0.000000000000000000, -0.000000000000000000, -1.000000000000000000 ) ) ;
#2753 = LINE ( 'NONE', #5543, #9825 ) ;
#2754 = VERTEX_POINT ( 'NONE', #2006 ) ;
#2755 = AXIS2_PLACEMENT_3D ( 'NONE', #10558, #5635, #9780 ) ;
#2756 = ORIENTED_EDGE ( 'NONE', *, *, #9495, .T. ) ;
#2757 = DIRECTION ( 'NONE',  ( 0.000000000000000000, -2.460132057943349518E-16, 1.000000000000000000 ) ) ;
#2758 = CARTESIAN_POINT ( 'NONE',  ( -3.850000000000000089, 2.400000000000000355, -6.700000000000000178 ) ) ;
#2759 = CARTESIAN_POINT ( 'NONE',  ( 3.880824640740575759, 0.09999999999999990841, 2.599999999999997424 ) ) ;
#2760 = ORIENTED_EDGE ( 'NONE', *, *, #9393, .F. ) ;
#2761 = AXIS2_PLACEMENT_3D ( 'NONE', #5290, #1931, #9220 ) ;
#2762 = VECTOR ( 'NONE', #10281, 1000.000000000000000 ) ;
#2763 = DIRECTION ( 'NONE',  ( 0.000000000000000000, -1.000000000000000000, 0.000000000000000000 ) ) ;
#2764 = DIRECTION ( 'NONE',  ( 0.000000000000000000, -1.000000000000000000, 0.000000000000000000 ) ) ;
#2765 = LINE ( 'NONE', #3176, #6314 ) ;
#2766 = EDGE_CURVE ( 'NONE', #10345, #1746, #5415, .T. ) ;
#2767 = ORIENTED_EDGE ( 'NONE', *, *, #8510, .T. ) ;
#2768 = DIRECTION ( 'NONE',  ( -0.7660444431189813441, 0.6427876096865353661, -5.575293782951211506E-15 ) ) ;
#2769 = FILL_AREA_STYLE_COLOUR ( '', #6337 ) ;
#2770 = ORIENTED_EDGE ( 'NONE', *, *, #4857, .F. ) ;
#2771 = ADVANCED_FACE ( 'NONE', ( #9162 ), #1087, .T. ) ;
#2772 = VECTOR ( 'NONE', #9840, 999.9999999999998863 ) ;
#2773 = EDGE_CURVE ( 'NONE', #1964, #9367, #9073, .T. ) ;
#2774 = ORIENTED_EDGE ( 'NONE', *, *, #2578, .F. ) ;
#2775 = ORIENTED_EDGE ( 'NONE', *, *, #6545, .T. ) ;
#2776 = CARTESIAN_POINT ( 'NONE',  ( 3.850000000000000089, 1.000000000000000000, -5.850000000000000533 ) ) ;
#2777 = EDGE_CURVE ( 'NONE', #3642, #2754, #1903, .T. ) ;
#2778 = ORIENTED_EDGE ( 'NONE', *, *, #1115, .F. ) ;
#2779 = DIRECTION ( 'NONE',  ( -1.000000000000000000, 0.000000000000000000, 0.000000000000000000 ) ) ;
#2780 = CARTESIAN_POINT ( 'NONE',  ( -5.049999999999997158, 2.400000000000000355, 5.000000000000000888 ) ) ;
#2781 = VECTOR ( 'NONE', #9657, 1000.000000000000000 ) ;
#2782 = CIRCLE ( 'NONE', #2842, 3.000000000000000444 ) ;
#2783 = ORIENTED_EDGE ( 'NONE', *, *, #1704, .T. ) ;
#2784 = EDGE_LOOP ( 'NONE', ( #4294, #3593, #4690, #899 ) ) ;
#2785 = VERTEX_POINT ( 'NONE', #3555 ) ;
#2786 = AXIS2_PLACEMENT_3D ( 'NONE', #7692, #10185, #3636 ) ;
#2787 = LINE ( 'NONE', #7784, #9713 ) ;
#2788 = CARTESIAN_POINT ( 'NONE',  ( 5.450000000000000178, 5.700000000000000178, -6.400000000000000355 ) ) ;
#2789 = ORIENTED_EDGE ( 'NONE', *, *, #1797, .T. ) ;
#2790 = ORIENTED_EDGE ( 'NONE', *, *, #4760, .T. ) ;
#2791 = DIRECTION ( 'NONE',  ( 0.000000000000000000, 0.000000000000000000, -1.000000000000000000 ) ) ;
#2792 = EDGE_CURVE ( 'NONE', #10445, #4011, #5698, .T. ) ;
#2793 = APPLICATION_CONTEXT ( 'automotive_design' ) ;
#2794 = ADVANCED_FACE ( 'NONE', ( #8997 ), #10591, .F. ) ;
#2795 = ORIENTED_EDGE ( 'NONE', *, *, #3298, .T. ) ;
#2796 = EDGE_CURVE ( 'NONE', #5670, #6392, #5617, .T. ) ;
#2797 = CARTESIAN_POINT ( 'NONE',  ( 5.750000000000000000, 5.700000000000000178, -6.400000000000000355 ) ) ;
#2798 = DIRECTION ( 'NONE',  ( 1.000000000000000000, 0.000000000000000000, 0.000000000000000000 ) ) ;
#2799 = CARTESIAN_POINT ( 'NONE',  ( -1.699999999999999956, 2.949999999999998845, 7.249999999999999112 ) ) ;
#2800 = LINE ( 'NONE', #4802, #2837 ) ;
#2801 = CARTESIAN_POINT ( 'NONE',  ( 6.514715287270208322, -2.198587845354674108, 1.000000000000000000 ) ) ;
#2802 = DIRECTION ( 'NONE',  ( 0.000000000000000000, -2.460132057943349518E-16, 1.000000000000000000 ) ) ;
#2803 = PRESENTATION_STYLE_ASSIGNMENT (( #6066 ) ) ;
#2804 = CARTESIAN_POINT ( 'NONE',  ( -4.549999999999997158, 2.400000000000000355, -5.850000000000000533 ) ) ;
#2805 = LINE ( 'NONE', #8318, #9884 ) ;
#2806 = CARTESIAN_POINT ( 'NONE',  ( 4.549999999999997158, 0.000000000000000000, -5.850000000000000533 ) ) ;
#2807 = VERTEX_POINT ( 'NONE', #82 ) ;
#2808 = ORIENTED_EDGE ( 'NONE', *, *, #10206, .T. ) ;
#2809 = FACE_OUTER_BOUND ( 'NONE', #5257, .T. ) ;
#2810 = ORIENTED_EDGE ( 'NONE', *, *, #4876, .T. ) ;
#2811 = STYLED_ITEM ( 'NONE', ( #7191 ), #4150 ) ;
#2812 = ORIENTED_EDGE ( 'NONE', *, *, #10206, .F. ) ;
#2813 = ORIENTED_EDGE ( 'NONE', *, *, #8934, .F. ) ;
#2814 = EDGE_CURVE ( 'NONE', #6445, #6004, #5682, .T. ) ;
#2815 = CARTESIAN_POINT ( 'NONE',  ( 0.8000000000000001554, 2.949999999999998845, 7.249999999999999112 ) ) ;
#2816 = LINE ( 'NONE', #2332, #9899 ) ;
#2817 = ADVANCED_FACE ( 'NONE', ( #1977 ), #5738, .T. ) ;
#2818 = EDGE_CURVE ( 'NONE', #10164, #1659, #5451, .T. ) ;
#2819 = FACE_OUTER_BOUND ( 'NONE', #5582, .T. ) ;
#2820 = VECTOR ( 'NONE', #1042, 1000.000000000000000 ) ;
#2821 = CIRCLE ( 'NONE', #7063, 0.4499999999999990119 ) ;
#2822 = CARTESIAN_POINT ( 'NONE',  ( -3.299999999999999822, 0.7999999999999982681, 7.549999999999999822 ) ) ;
#2823 = CARTESIAN_POINT ( 'NONE',  ( -5.799999999999996270, 2.400000000000000355, 6.700000000000000178 ) ) ;
#2824 = VECTOR ( 'NONE', #7392, 1000.000000000000000 ) ;
#2825 = PLANE ( 'NONE',  #9534 ) ;
#2826 = ORIENTED_EDGE ( 'NONE', *, *, #8946, .T. ) ;
#2827 = CARTESIAN_POINT ( 'NONE',  ( -1.699999999999999956, 0.8000000000000001554, -7.050000000000001599 ) ) ;
#2828 = VERTEX_POINT ( 'NONE', #914 ) ;
#2829 = CIRCLE ( 'NONE', #6086, 0.5749999999999982903 ) ;
#2830 = ORIENTED_EDGE ( 'NONE', *, *, #3535, .T. ) ;
#2831 = ORIENTED_EDGE ( 'NONE', *, *, #8806, .T. ) ;
#2832 = DIRECTION ( 'NONE',  ( -1.000000000000000000, 0.000000000000000000, 0.000000000000000000 ) ) ;
#2833 = CARTESIAN_POINT ( 'NONE',  ( 6.236169591142200375, -0.7547152872702095339, 1.000000000000000000 ) ) ;
#2834 = CARTESIAN_POINT ( 'NONE',  ( 3.299999999999999822, 0.8000000000000001554, -6.800000000000001599 ) ) ;
#2835 = VERTEX_POINT ( 'NONE', #10060 ) ;
#2836 = EDGE_CURVE ( 'NONE', #3137, #2921, #9219, .T. ) ;
#2837 = VECTOR ( 'NONE', #807, 1000.000000000000000 ) ;
#2838 = LINE ( 'NONE', #7620, #6311 ) ;
#2839 = FACE_OUTER_BOUND ( 'NONE', #2258, .T. ) ;
#2840 = VECTOR ( 'NONE', #128, 1000.000000000000000 ) ;
#2841 = CARTESIAN_POINT ( 'NONE',  ( -0.7999999999999999334, 1.099999999999998535, 6.349999999999997868 ) ) ;
#2842 = AXIS2_PLACEMENT_3D ( 'NONE', #1580, #3269, #4891 ) ;
#2843 = ORIENTED_EDGE ( 'NONE', *, *, #1506, .T. ) ;
#2844 = ORIENTED_EDGE ( 'NONE', *, *, #34, .F. ) ;
#2845 = DIRECTION ( 'NONE',  ( -1.000000000000000000, 1.341711765540131426E-16, -0.000000000000000000 ) ) ;
#2846 = ORIENTED_EDGE ( 'NONE', *, *, #2210, .F. ) ;
#2847 = VECTOR ( 'NONE', #3543, 1000.000000000000000 ) ;
#2848 = ORIENTED_EDGE ( 'NONE', *, *, #2046, .T. ) ;
#2849 = VERTEX_POINT ( 'NONE', #3353 ) ;
#2850 = CARTESIAN_POINT ( 'NONE',  ( 5.599999999999996092, 5.500000000000000888, -6.400000000000000355 ) ) ;
#2851 = ORIENTED_EDGE ( 'NONE', *, *, #7230, .F. ) ;
#2852 = DIRECTION ( 'NONE',  ( -1.000000000000000000, 0.000000000000000000, 0.000000000000000000 ) ) ;
#2853 = VECTOR ( 'NONE', #735, 1000.000000000000000 ) ;
#2854 = CARTESIAN_POINT ( 'NONE',  ( -3.299999999999999822, 0.5000000000000026645, -6.750000000000001776 ) ) ;
#2855 = CARTESIAN_POINT ( 'NONE',  ( 0.000000000000000000, 30.00000000000000000, 0.000000000000000000 ) ) ;
#2856 = VECTOR ( 'NONE', #2215, 1000.000000000000000 ) ;
#2857 = EDGE_LOOP ( 'NONE', ( #9895, #9969, #4983, #7843 ) ) ;
#2858 = ORIENTED_EDGE ( 'NONE', *, *, #3807, .F. ) ;
#2859 = AXIS2_PLACEMENT_3D ( 'NONE', #8440, #4447, #6224 ) ;
#2860 = MANIFOLD_SOLID_BREP ( 'Split1[3]', #10207 ) ;
#2861 = EDGE_LOOP ( 'NONE', ( #6959, #9640, #9223, #8818, #5338 ) ) ;
#2862 = ADVANCED_FACE ( 'NONE', ( #8921 ), #1824, .T. ) ;
#2863 = LINE ( 'NONE', #1919, #2934 ) ;
#2864 = DIRECTION ( 'NONE',  ( 0.000000000000000000, -1.000000000000000000, 0.000000000000000000 ) ) ;
#2865 = ORIENTED_EDGE ( 'NONE', *, *, #5224, .T. ) ;
#2866 = EDGE_CURVE ( 'NONE', #4006, #6246, #5489, .T. ) ;
#2867 = ORIENTED_EDGE ( 'NONE', *, *, #5733, .F. ) ;
#2868 = DIRECTION ( 'NONE',  ( -1.000000000000000000, -1.341711765540131426E-16, 0.000000000000000000 ) ) ;
#2869 = ORIENTED_EDGE ( 'NONE', *, *, #2194, .T. ) ;
#2870 = DIRECTION ( 'NONE',  ( 0.000000000000000000, 0.000000000000000000, -1.000000000000000000 ) ) ;
#2871 = DIRECTION ( 'NONE',  ( 0.000000000000000000, 1.000000000000000000, 0.000000000000000000 ) ) ;
#2872 = CARTESIAN_POINT ( 'NONE',  ( 5.049999999999997158, 0.000000000000000000, 4.500000000000001776 ) ) ;
#2873 = DIRECTION ( 'NONE',  ( 0.000000000000000000, 1.000000000000000000, 0.000000000000000000 ) ) ;
#2874 = AXIS2_PLACEMENT_3D ( 'NONE', #2687, #8267, #3525 ) ;
#2875 = CARTESIAN_POINT ( 'NONE',  ( -3.299999999999999822, 2.949999999999998845, 7.249999999999999112 ) ) ;
#2876 = CYLINDRICAL_SURFACE ( 'NONE', #372, 0.1499999999999999667 ) ;
#2877 = DIRECTION ( 'NONE',  ( 0.000000000000000000, -1.000000000000000000, 0.000000000000000000 ) ) ;
#2878 = VERTEX_POINT ( 'NONE', #3281 ) ;
#2879 = ORIENTED_EDGE ( 'NONE', *, *, #9662, .T. ) ;
#2880 = CIRCLE ( 'NONE', #8402, 0.05000000000000077993 ) ;
#2881 = AXIS2_PLACEMENT_3D ( 'NONE', #4180, #181, #4253 ) ;
#2882 = EDGE_CURVE ( 'NONE', #6629, #640, #5380, .T. ) ;
#2883 = VERTEX_POINT ( 'NONE', #6638 ) ;
#2884 = ORIENTED_EDGE ( 'NONE', *, *, #3001, .F. ) ;
#2885 = EDGE_CURVE ( 'NONE', #427, #7475, #1862, .T. ) ;
#2886 = ADVANCED_FACE ( 'NONE', ( #9049 ), #4281, .T. ) ;
#2887 = ORIENTED_EDGE ( 'NONE', *, *, #1814, .T. ) ;
#2888 = DIRECTION ( 'NONE',  ( 0.000000000000000000, 0.000000000000000000, -1.000000000000000000 ) ) ;
#2889 = DIRECTION ( 'NONE',  ( 0.000000000000000000, 1.000000000000000000, 0.000000000000000000 ) ) ;
#2890 = EDGE_CURVE ( 'NONE', #7618, #1659, #1961, .T. ) ;
#2891 = TOROIDAL_SURFACE ( 'NONE', #5987, 0.09999999999999996392, 0.2000000000000000111 ) ;
#2892 = VECTOR ( 'NONE', #8797, 1000.000000000000000 ) ;
#2893 = CARTESIAN_POINT ( 'NONE',  ( 3.673940397442060361E-16, 18.00000000000000000, 3.000000000000000000 ) ) ;
#2894 = EDGE_CURVE ( 'NONE', #4217, #3499, #5878, .T. ) ;
#2895 = CARTESIAN_POINT ( 'NONE',  ( 5.750000000000000000, 6.100000000000000533, 6.700000000000000178 ) ) ;
#2896 = CARTESIAN_POINT ( 'NONE',  ( -5.049999999999997158, 4.986986664055304885, 5.350000000000001421 ) ) ;
#2897 = LINE ( 'NONE', #4517, #3025 ) ;
#2898 = DIRECTION ( 'NONE',  ( 0.7071067811865462405, 0.000000000000000000, 0.7071067811865489050 ) ) ;
#2899 = ORIENTED_EDGE ( 'NONE', *, *, #3568, .T. ) ;
#2900 = CARTESIAN_POINT ( 'NONE',  ( -5.599999999999996092, 5.500000000000000888, 6.400000000000000355 ) ) ;
#2901 = VECTOR ( 'NONE', #8839, 1000.000000000000000 ) ;
#2902 = ORIENTED_EDGE ( 'NONE', *, *, #5307, .F. ) ;
#2903 = EDGE_LOOP ( 'NONE', ( #8467, #3350, #88, #3380, #4865, #8535, #10022, #8426 ) ) ;
#2904 = CARTESIAN_POINT ( 'NONE',  ( -5.750000000000000000, 5.700000000000000178, 6.700000000000000178 ) ) ;
#2905 = EDGE_CURVE ( 'NONE', #8624, #2395, #6034, .T. ) ;
#2906 = CARTESIAN_POINT ( 'NONE',  ( 6.399999999999998579, -2.034757436496875016, 1.000000000000000000 ) ) ;
#2907 = EDGE_LOOP ( 'NONE', ( #2431, #10176, #7569, #9609 ) ) ;
#2908 = PRESENTATION_LAYER_ASSIGNMENT (  '', '', ( #6787 ) ) ;
#2909 = EDGE_CURVE ( 'NONE', #990, #3167, #5984, .T. ) ;
#2910 = LINE ( 'NONE', #3391, #10317 ) ;
#2911 = ADVANCED_FACE ( 'NONE', ( #2304 ), #3949, .F. ) ;
#2912 = EDGE_CURVE ( 'NONE', #8550, #4824, #9386, .T. ) ;
#2913 = FACE_OUTER_BOUND ( 'NONE', #3449, .T. ) ;
#2914 = CARTESIAN_POINT ( 'NONE',  ( 6.514715287270208322, -2.198587845354674108, 1.000000000000000000 ) ) ;
#2915 = CARTESIAN_POINT ( 'NONE',  ( 5.943206300660537345, -2.598762745933355767, 0.000000000000000000 ) ) ;
#2916 = LINE ( 'NONE', #2797, #6469 ) ;
#2917 = CARTESIAN_POINT ( 'NONE',  ( 0.000000000000000000, 0.09999999999999971412, -4.500000000000000888 ) ) ;
#2918 = EDGE_CURVE ( 'NONE', #3908, #7244, #5782, .T. ) ;
#2919 = DIRECTION ( 'NONE',  ( -1.000000000000000000, 0.000000000000000000, 0.000000000000000000 ) ) ;
#2920 = ORIENTED_EDGE ( 'NONE', *, *, #6060, .F. ) ;
#2921 = VERTEX_POINT ( 'NONE', #10105 ) ;
#2922 = EDGE_LOOP ( 'NONE', ( #1408, #6387, #6627, #9520 ) ) ;
#2923 = VERTEX_POINT ( 'NONE', #6833 ) ;
#2924 = CARTESIAN_POINT ( 'NONE',  ( 0.000000000000000000, 3.100000000000000089, 1.599999999999999867 ) ) ;
#2925 = EDGE_LOOP ( 'NONE', ( #889, #1638, #1605, #1791 ) ) ;
#2926 = DIRECTION ( 'NONE',  ( 0.000000000000000000, -0.000000000000000000, 1.000000000000000000 ) ) ;
#2927 = LINE ( 'NONE', #2748, #6738 ) ;
#2928 = AXIS2_PLACEMENT_3D ( 'NONE', #3720, #5259, #6355 ) ;
#2929 = CARTESIAN_POINT ( 'NONE',  ( -5.499999999999996447, 1.000000000000000000, -6.400000000000000355 ) ) ;
#2930 = SURFACE_STYLE_USAGE ( .BOTH. , #2130 ) ;
#2931 = VECTOR ( 'NONE', #2145, 1000.000000000000000 ) ;
#2932 = VERTEX_POINT ( 'NONE', #5975 ) ;
#2933 = VERTEX_POINT ( 'NONE', #6040 ) ;
#2934 = VECTOR ( 'NONE', #5945, 1000.000000000000000 ) ;
#2935 = EDGE_CURVE ( 'NONE', #2991, #7811, #2241, .T. ) ;
#2936 = DIRECTION ( 'NONE',  ( 0.000000000000000000, 1.000000000000000000, 0.000000000000000000 ) ) ;
#2937 = ORIENTED_EDGE ( 'NONE', *, *, #10133, .F. ) ;
#2938 = EDGE_LOOP ( 'NONE', ( #9716, #3075, #5980, #7561 ) ) ;
#2939 = CARTESIAN_POINT ( 'NONE',  ( 5.799999999999996270, 0.5000000000000004441, 3.000000000000000000 ) ) ;
#2940 = ORIENTED_EDGE ( 'NONE', *, *, #3474, .T. ) ;
#2941 = CARTESIAN_POINT ( 'NONE',  ( -6.744145861810626030, -2.526248663070268741, -1.000000000000000000 ) ) ;
#2942 = DIRECTION ( 'NONE',  ( 0.000000000000000000, -1.000000000000000000, 0.000000000000000000 ) ) ;
#2943 = CIRCLE ( 'NONE', #322, 0.4000000000000001887 ) ;
#2944 = DIRECTION ( 'NONE',  ( -0.000000000000000000, 1.445602896647339163E-16, 1.000000000000000000 ) ) ;
#2945 = CARTESIAN_POINT ( 'NONE',  ( 2.500000000000000000, -2.350000000000000089, 7.549999999999998046 ) ) ;
#2946 = AXIS2_PLACEMENT_3D ( 'NONE', #4392, #6174, #9355 ) ;
#2947 = CARTESIAN_POINT ( 'NONE',  ( 5.049999999999997158, 0.1000000000000001721, -2.000000000000000000 ) ) ;
#2948 = ORIENTED_EDGE ( 'NONE', *, *, #178, .T. ) ;
#2949 = DIRECTION ( 'NONE',  ( 0.000000000000000000, 0.000000000000000000, 1.000000000000000000 ) ) ;
#2950 = EDGE_CURVE ( 'NONE', #10424, #4501, #9442, .T. ) ;
#2951 = ORIENTED_EDGE ( 'NONE', *, *, #7157, .T. ) ;
#2952 = ORIENTED_EDGE ( 'NONE', *, *, #8575, .F. ) ;
#2953 = ADVANCED_FACE ( 'NONE', ( #2466 ), #9156, .T. ) ;
#2954 = CARTESIAN_POINT ( 'NONE',  ( -6.200000000000000178, 0.000000000000000000, 1.000000000000000000 ) ) ;
#2955 = CIRCLE ( 'NONE', #10462, 0.4250000000000000444 ) ;
#2956 = ORIENTED_EDGE ( 'NONE', *, *, #9193, .F. ) ;
#2957 = ORIENTED_EDGE ( 'NONE', *, *, #2502, .T. ) ;
#2958 = EDGE_CURVE ( 'NONE', #7975, #6519, #9598, .T. ) ;
#2959 = EDGE_LOOP ( 'NONE', ( #7935, #2843, #2103, #2458 ) ) ;
#2960 = CARTESIAN_POINT ( 'NONE',  ( 0.000000000000000000, 18.00000000000000000, 0.000000000000000000 ) ) ;
#2961 = CARTESIAN_POINT ( 'NONE',  ( 5.799999999999996270, 2.400000000000000355, 2.000000000000000000 ) ) ;
#2962 = VECTOR ( 'NONE', #6848, 1000.000000000000000 ) ;
#2963 = DIRECTION ( 'NONE',  ( 0.000000000000000000, 1.000000000000000000, 2.017120320903263702E-16 ) ) ;
#2964 = CARTESIAN_POINT ( 'NONE',  ( -5.750000000000000000, 6.099999999999999645, -5.250000000000000000 ) ) ;
#2965 = LINE ( 'NONE', #2646, #2931 ) ;
#2966 = CARTESIAN_POINT ( 'NONE',  ( -5.049999999999997158, 0.1000000000000001721, 2.599999999999997424 ) ) ;
#2967 = DIRECTION ( 'NONE',  ( -1.327027319204863784E-16, -1.000000000000000000, -0.000000000000000000 ) ) ;
#2968 = LINE ( 'NONE', #4726, #10019 ) ;
#2969 = DIRECTION ( 'NONE',  ( 0.000000000000000000, 0.000000000000000000, -1.000000000000000000 ) ) ;
#2970 = ORIENTED_EDGE ( 'NONE', *, *, #3222, .F. ) ;
#2971 = ORIENTED_EDGE ( 'NONE', *, *, #6957, .F. ) ;
#2972 = LINE ( 'NONE', #7654, #6608 ) ;
#2973 = ORIENTED_EDGE ( 'NONE', *, *, #8833, .T. ) ;
#2974 = EDGE_CURVE ( 'NONE', #9743, #5404, #2519, .T. ) ;
#2975 = ORIENTED_EDGE ( 'NONE', *, *, #9329, .F. ) ;
#2976 = CARTESIAN_POINT ( 'NONE',  ( -5.049999999999997158, 2.400000000000000355, -3.000000000000000000 ) ) ;
#2977 = DIRECTION ( 'NONE',  ( 0.000000000000000000, 1.000000000000000000, -0.000000000000000000 ) ) ;
#2978 = ADVANCED_FACE ( 'NONE', ( #5896 ), #2594, .F. ) ;
#2979 = DIRECTION ( 'NONE',  ( 1.000000000000000000, -0.000000000000000000, -0.000000000000000000 ) ) ;
#2980 = AXIS2_PLACEMENT_3D ( 'NONE', #2363, #9684, #470 ) ;
#2981 = ORIENTED_EDGE ( 'NONE', *, *, #8663, .F. ) ;
#2982 = CIRCLE ( 'NONE', #2786, 0.2999999999999999334 ) ;
#2983 = FACE_OUTER_BOUND ( 'NONE', #10144, .T. ) ;
#2984 = CARTESIAN_POINT ( 'NONE',  ( 1.734723475976807094E-15, 5.500000000000000888, -6.700000000000000178 ) ) ;
#2985 = DIRECTION ( 'NONE',  ( 0.000000000000000000, 0.000000000000000000, 1.000000000000000000 ) ) ;
#2986 = ORIENTED_EDGE ( 'NONE', *, *, #651, .F. ) ;
#2987 = CARTESIAN_POINT ( 'NONE',  ( 5.750000000000000000, 5.700000000000000178, 6.700000000000000178 ) ) ;
#2988 = DIRECTION ( 'NONE',  ( 1.000000000000000000, 0.000000000000000000, 0.000000000000000000 ) ) ;
#2989 = ORIENTED_EDGE ( 'NONE', *, *, #1902, .F. ) ;
#2990 = AXIS2_PLACEMENT_3D ( 'NONE', #3759, #9029, #1439 ) ;
#2991 = VERTEX_POINT ( 'NONE', #4250 ) ;
#2992 = LINE ( 'NONE', #3941, #6705 ) ;
#2993 = VERTEX_POINT ( 'NONE', #4176 ) ;
#2994 = ORIENTED_EDGE ( 'NONE', *, *, #6639, .T. ) ;
#2995 = CARTESIAN_POINT ( 'NONE',  ( -0.7999999999999999334, 2.949999999999998401, 7.549999999999999822 ) ) ;
#2996 = ORIENTED_EDGE ( 'NONE', *, *, #7420, .F. ) ;
#2997 = AXIS2_PLACEMENT_3D ( 'NONE', #9649, #8101, #959 ) ;
#2998 = CARTESIAN_POINT ( 'NONE',  ( -4.549999999999997158, 0.000000000000000000, -5.850000000000000533 ) ) ;
#2999 = ADVANCED_FACE ( 'NONE', ( #2436 ), #5844, .T. ) ;
#3000 = PLANE ( 'NONE',  #6781 ) ;
#3001 = EDGE_CURVE ( 'NONE', #8005, #7214, #9358, .T. ) ;
#3002 = LINE ( 'NONE', #3654, #6799 ) ;
#3003 = TOROIDAL_SURFACE ( 'NONE', #1986, 0.05000000000000010686, 0.1499999999999999944 ) ;
#3004 = ORIENTED_EDGE ( 'NONE', *, *, #4624, .F. ) ;
#3005 = EDGE_LOOP ( 'NONE', ( #8879, #5547, #9183, #9377 ) ) ;
#3006 = FACE_OUTER_BOUND ( 'NONE', #3622, .T. ) ;
#3007 = PLANE ( 'NONE',  #9069 ) ;
#3008 = ORIENTED_EDGE ( 'NONE', *, *, #7222, .T. ) ;
#3009 = AXIS2_PLACEMENT_3D ( 'NONE', #8457, #9292, #948 ) ;
#3010 = VERTEX_POINT ( 'NONE', #5905 ) ;
#3011 = PLANE ( 'NONE',  #6620 ) ;
#3012 = VERTEX_POINT ( 'NONE', #9352 ) ;
#3013 = DIRECTION ( 'NONE',  ( 0.000000000000000000, 0.000000000000000000, 1.000000000000000000 ) ) ;
#3014 = DIRECTION ( 'NONE',  ( 1.000000000000000000, -0.000000000000000000, -0.000000000000000000 ) ) ;
#3015 = CARTESIAN_POINT ( 'NONE',  ( 2.100000000000000089, -3.100000000000000089, 6.699999999999999289 ) ) ;
#3016 = DIRECTION ( 'NONE',  ( 0.000000000000000000, 0.000000000000000000, -1.000000000000000000 ) ) ;
#3017 = CYLINDRICAL_SURFACE ( 'NONE', #8303, 0.5000000000000004441 ) ;
#3018 = CARTESIAN_POINT ( 'NONE',  ( 5.799999999999996270, 2.400000000000000355, 3.000000000000000000 ) ) ;
#3019 = STYLED_ITEM ( 'NONE', ( #4400 ), #7202 ) ;
#3020 = EDGE_CURVE ( 'NONE', #4030, #2486, #9456, .T. ) ;
#3021 = CARTESIAN_POINT ( 'NONE',  ( -5.049999999999997158, 2.400000000000000355, -2.000000000000000000 ) ) ;
#3022 = LINE ( 'NONE', #1925, #6621 ) ;
#3023 = ADVANCED_FACE ( 'NONE', ( #2221 ), #6017, .F. ) ;
#3024 = CARTESIAN_POINT ( 'NONE',  ( 5.908508773426603966, -0.9841458618106281309, -1.000000000000000000 ) ) ;
#3025 = VECTOR ( 'NONE', #435, 1000.000000000000000 ) ;
#3026 = VERTEX_POINT ( 'NONE', #1100 ) ;
#3027 = EDGE_CURVE ( 'NONE', #2056, #8005, #2269, .T. ) ;
#3028 = CARTESIAN_POINT ( 'NONE',  ( 5.943206300660539121, -2.598762745933357543, 0.000000000000000000 ) ) ;
#3029 = ORIENTED_EDGE ( 'NONE', *, *, #5688, .F. ) ;
#3030 = VERTEX_POINT ( 'NONE', #175 ) ;
#3031 = CARTESIAN_POINT ( 'NONE',  ( -3.299999999999999822, 0.7999999999999983791, 7.299999999999998934 ) ) ;
#3032 = VECTOR ( 'NONE', #4438, 1000.000000000000000 ) ;
#3033 = EDGE_CURVE ( 'NONE', #3152, #9989, #2401, .T. ) ;
#3034 = EDGE_LOOP ( 'NONE', ( #5250, #2783, #1802, #2948 ) ) ;
#3035 = VERTEX_POINT ( 'NONE', #2532 ) ;
#3036 = EDGE_CURVE ( 'NONE', #3167, #562, #9372, .T. ) ;
#3037 = ORIENTED_EDGE ( 'NONE', *, *, #7760, .F. ) ;
#3038 = CARTESIAN_POINT ( 'NONE',  ( -3.880824640740575315, 2.935823076413500043, -4.499999999999997335 ) ) ;
#3039 = CARTESIAN_POINT ( 'NONE',  ( 0.000000000000000000, 0.09999999999999971412, 4.500000000000000888 ) ) ;
#3040 = LINE ( 'NONE', #9160, #10015 ) ;
#3041 = CARTESIAN_POINT ( 'NONE',  ( 0.000000000000000000, 3.100000000000000089, 1.599999999999999867 ) ) ;
#3042 = CARTESIAN_POINT ( 'NONE',  ( -5.699999999999998401, 0.6000000000000007550, 4.500000000000000888 ) ) ;
#3043 = LINE ( 'NONE', #7364, #10320 ) ;
#3044 = DIRECTION ( 'NONE',  ( -0.000000000000000000, 2.017120320903263702E-16, -1.000000000000000000 ) ) ;
#3045 = CARTESIAN_POINT ( 'NONE',  ( -3.999999999999998224, 0.000000000000000000, -5.850000000000000533 ) ) ;
#3046 = LINE ( 'NONE', #5567, #9821 ) ;
#3047 = ORIENTED_EDGE ( 'NONE', *, *, #3064, .F. ) ;
#3048 = CARTESIAN_POINT ( 'NONE',  ( -6.236169591142200375, -0.7547152872702095339, -1.000000000000000000 ) ) ;
#3049 = CARTESIAN_POINT ( 'NONE',  ( -5.799999999999996270, 0.000000000000000000, 6.700000000000000178 ) ) ;
#3050 = ORIENTED_EDGE ( 'NONE', *, *, #1923, .F. ) ;
#3051 = AXIS2_PLACEMENT_3D ( 'NONE', #9070, #4236, #8917 ) ;
#3052 = ORIENTED_EDGE ( 'NONE', *, *, #533, .T. ) ;
#3053 = ADVANCED_FACE ( 'NONE', ( #9530 ), #9287, .T. ) ;
#3054 = FACE_OUTER_BOUND ( 'NONE', #6731, .T. ) ;
#3055 = ORIENTED_EDGE ( 'NONE', *, *, #1848, .F. ) ;
#3056 = ORIENTED_EDGE ( 'NONE', *, *, #8074, .T. ) ;
#3057 = ORIENTED_EDGE ( 'NONE', *, *, #2885, .F. ) ;
#3058 = ORIENTED_EDGE ( 'NONE', *, *, #2912, .F. ) ;
#3059 = CARTESIAN_POINT ( 'NONE',  ( -6.200000000000000178, 2.100000000000000089, 1.000000000000000000 ) ) ;
#3060 = EDGE_CURVE ( 'NONE', #1933, #8630, #2285, .T. ) ;
#3061 = CARTESIAN_POINT ( 'NONE',  ( 0.8000000000000001554, 2.999999999999998224, 6.349999999999997868 ) ) ;
#3062 = CARTESIAN_POINT ( 'NONE',  ( 3.999999999999998224, -3.551475717527321367E-16, -6.700000000000000178 ) ) ;
#3063 = ORIENTED_EDGE ( 'NONE', *, *, #9260, .F. ) ;
#3064 = EDGE_CURVE ( 'NONE', #1139, #10098, #2453, .T. ) ;
#3065 = FACE_OUTER_BOUND ( 'NONE', #2673, .T. ) ;
#3066 = CARTESIAN_POINT ( 'NONE',  ( 6.514715287270208322, -2.198587845354674108, 1.000000000000000000 ) ) ;
#3067 = PLANE ( 'NONE',  #10059 ) ;
#3068 = VECTOR ( 'NONE', #3387, 999.9999999999998863 ) ;
#3069 = ORIENTED_EDGE ( 'NONE', *, *, #7018, .T. ) ;
#3070 = DIRECTION ( 'NONE',  ( 0.000000000000000000, 1.000000000000000000, 0.000000000000000000 ) ) ;
#3071 = CARTESIAN_POINT ( 'NONE',  ( 5.499999999999996447, 0.000000000000000000, 6.700000000000000178 ) ) ;
#3072 = VERTEX_POINT ( 'NONE', #5156 ) ;
#3073 = ORIENTED_EDGE ( 'NONE', *, *, #3933, .T. ) ;
#3074 = FACE_OUTER_BOUND ( 'NONE', #2505, .T. ) ;
#3075 = ORIENTED_EDGE ( 'NONE', *, *, #6154, .T. ) ;
#3076 = AXIS2_PLACEMENT_3D ( 'NONE', #1125, #4208, #910 ) ;
#3077 = ORIENTED_EDGE ( 'NONE', *, *, #8366, .T. ) ;
#3078 = PLANE ( 'NONE',  #8699 ) ;
#3079 = ADVANCED_FACE ( 'NONE', ( #2418 ), #2503, .T. ) ;
#3080 = EDGE_LOOP ( 'NONE', ( #10454, #9475, #9641, #8868, #6019, #8090, #1149, #5167 ) ) ;
#3081 = EDGE_CURVE ( 'NONE', #8733, #7269, #9566, .T. ) ;
#3082 = DIRECTION ( 'NONE',  ( 0.000000000000000000, 2.460132057943349518E-16, -1.000000000000000000 ) ) ;
#3083 = FACE_OUTER_BOUND ( 'NONE', #112, .T. ) ;
#3084 = CARTESIAN_POINT ( 'NONE',  ( 6.399999999999998579, -2.034757436496875016, 1.000000000000000000 ) ) ;
#3085 = PLANE ( 'NONE',  #2619 ) ;
#3086 = EDGE_CURVE ( 'NONE', #2538, #3928, #6052, .T. ) ;
#3087 = FACE_OUTER_BOUND ( 'NONE', #6409, .T. ) ;
#3088 = ORIENTED_EDGE ( 'NONE', *, *, #7450, .F. ) ;
#3089 = EDGE_LOOP ( 'NONE', ( #7681, #7598, #1606, #1201 ) ) ;
#3090 = VERTEX_POINT ( 'NONE', #6245 ) ;
#3091 = FACE_OUTER_BOUND ( 'NONE', #6572, .T. ) ;
#3092 = DIRECTION ( 'NONE',  ( -1.000000000000000000, 0.000000000000000000, 0.000000000000000000 ) ) ;
#3093 = EDGE_LOOP ( 'NONE', ( #3029, #5092, #2989, #3411, #5848, #10595, #4769, #6664 ) ) ;
#3094 = VERTEX_POINT ( 'NONE', #6410 ) ;
#3095 = CARTESIAN_POINT ( 'NONE',  ( -1.734723475976807094E-15, 0.000000000000000000, 5.850000000000000533 ) ) ;
#3096 = AXIS2_PLACEMENT_3D ( 'NONE', #3409, #5034, #1897 ) ;
#3097 = VERTEX_POINT ( 'NONE', #10524 ) ;
#3098 = DIRECTION ( 'NONE',  ( 0.000000000000000000, 0.000000000000000000, -1.000000000000000000 ) ) ;
#3099 = DIRECTION ( 'NONE',  ( -1.327027319204863784E-16, 1.000000000000000000, 0.000000000000000000 ) ) ;
#3100 = CARTESIAN_POINT ( 'NONE',  ( -3.850000000000000089, 4.986986664055304885, -6.700000000000000178 ) ) ;
#3101 = EDGE_CURVE ( 'NONE', #7890, #7089, #5966, .T. ) ;
#3102 = VECTOR ( 'NONE', #860, 1000.000000000000000 ) ;
#3103 = ADVANCED_FACE ( 'NONE', ( #2382 ), #8740, .T. ) ;
#3104 = CARTESIAN_POINT ( 'NONE',  ( -5.049999999999997158, 0.5000000000000002220, -3.000000000000000000 ) ) ;
#3105 = FACE_OUTER_BOUND ( 'NONE', #4012, .T. ) ;
#3106 = PLANE ( 'NONE',  #3606 ) ;
#3107 = AXIS2_PLACEMENT_3D ( 'NONE', #5084, #6679, #879 ) ;
#3108 = ORIENTED_EDGE ( 'NONE', *, *, #443, .F. ) ;
#3109 = PLANE ( 'NONE',  #1743 ) ;
#3110 = ORIENTED_EDGE ( 'NONE', *, *, #314, .T. ) ;
#3111 = ORIENTED_EDGE ( 'NONE', *, *, #5107, .F. ) ;
#3112 = CARTESIAN_POINT ( 'NONE',  ( 5.049999999999997158, 9.735735021710614441E-14, 4.500000000000001776 ) ) ;
#3113 = VECTOR ( 'NONE', #7386, 1000.000000000000000 ) ;
#3114 = ORIENTED_EDGE ( 'NONE', *, *, #3292, .T. ) ;
#3115 = ORIENTED_EDGE ( 'NONE', *, *, #8612, .T. ) ;
#3116 = EDGE_LOOP ( 'NONE', ( #4407, #8360, #9759, #4385 ) ) ;
#3117 = CARTESIAN_POINT ( 'NONE',  ( 6.236169591142200375, -0.7547152872702095339, -1.000000000000000000 ) ) ;
#3118 = CARTESIAN_POINT ( 'NONE',  ( -2.542012759203106320, 0.1000000000000001721, -2.000000000000000000 ) ) ;
#3119 = FACE_OUTER_BOUND ( 'NONE', #710, .T. ) ;
#3120 = EDGE_CURVE ( 'NONE', #5989, #3917, #5928, .T. ) ;
#3121 = DIRECTION ( 'NONE',  ( 0.000000000000000000, 0.000000000000000000, 1.000000000000000000 ) ) ;
#3122 = ADVANCED_FACE ( 'NONE', ( #2206 ), #7193, .F. ) ;
#3123 = PLANE ( 'NONE',  #8908 ) ;
#3124 =( LENGTH_UNIT ( ) NAMED_UNIT ( * ) SI_UNIT ( .MILLI., .METRE. ) );
#3125 = LINE ( 'NONE', #3812, #10223 ) ;
#3126 = ORIENTED_EDGE ( 'NONE', *, *, #5400, .F. ) ;
#3127 = AXIS2_PLACEMENT_3D ( 'NONE', #5432, #7122, #1366 ) ;
#3128 = PLANE ( 'NONE',  #6241 ) ;
#3129 = ORIENTED_EDGE ( 'NONE', *, *, #9705, .F. ) ;
#3130 = ORIENTED_EDGE ( 'NONE', *, *, #8985, .F. ) ;
#3131 = FACE_OUTER_BOUND ( 'NONE', #868, .T. ) ;
#3132 = ORIENTED_EDGE ( 'NONE', *, *, #963, .T. ) ;
#3133 = ORIENTED_EDGE ( 'NONE', *, *, #7803, .F. ) ;
#3134 = ORIENTED_EDGE ( 'NONE', *, *, #7126, .T. ) ;
#3135 = CARTESIAN_POINT ( 'NONE',  ( -5.799999999999998934, 5.650000000000001243, 1.000000000000000888 ) ) ;
#3136 = CARTESIAN_POINT ( 'NONE',  ( -5.799999999999998934, 3.100000000000000089, 5.250000000000000000 ) ) ;
#3137 = VERTEX_POINT ( 'NONE', #688 ) ;
#3138 = FACE_OUTER_BOUND ( 'NONE', #4505, .T. ) ;
#3139 = AXIS2_PLACEMENT_3D ( 'NONE', #976, #1118, #3584 ) ;
#3140 = CIRCLE ( 'NONE', #6952, 0.2000000000000000944 ) ;
#3141 = DIRECTION ( 'NONE',  ( -1.000000000000000000, 0.000000000000000000, 0.000000000000000000 ) ) ;
#3142 = CARTESIAN_POINT ( 'NONE',  ( 5.799999999999996270, 3.100000000000000089, 3.000000000000000000 ) ) ;
#3143 = LINE ( 'NONE', #3673, #6700 ) ;
#3144 = EDGE_LOOP ( 'NONE', ( #671, #3793, #1915, #8892, #7514 ) ) ;
#3145 = DIRECTION ( 'NONE',  ( 0.000000000000000000, -0.000000000000000000, 1.000000000000000000 ) ) ;
#3146 = DIRECTION ( 'NONE',  ( 1.000000000000000000, 0.000000000000000000, 0.000000000000000000 ) ) ;
#3147 = EDGE_LOOP ( 'NONE', ( #9602, #3110, #8648, #6402, #10152, #6842, #5306, #1314, #3352, #2767, #514, #3379, #5950, #1521, #4877, #6089, #6136, #3299, #8384, #66 ) ) ;
#3148 = LINE ( 'NONE', #8857, #6667 ) ;
#3149 = AXIS2_PLACEMENT_3D ( 'NONE', #7536, #8390, #1036 ) ;
#3150 = AXIS2_PLACEMENT_3D ( 'NONE', #4708, #6584, #8301 ) ;
#3151 = VERTEX_POINT ( 'NONE', #1513 ) ;
#3152 = VERTEX_POINT ( 'NONE', #3202 ) ;
#3153 = CARTESIAN_POINT ( 'NONE',  ( -2.900000000000000355, 0.8000000000000001554, -7.050000000000001599 ) ) ;
#3154 = DIRECTION ( 'NONE',  ( -1.000000000000000000, -0.000000000000000000, 0.000000000000000000 ) ) ;
#3155 = EDGE_CURVE ( 'NONE', #9122, #6994, #9488, .T. ) ;
#3156 = CARTESIAN_POINT ( 'NONE',  ( -3.850000000000000089, 1.000000000000000000, 6.700000000000000178 ) ) ;
#3157 = FACE_OUTER_BOUND ( 'NONE', #3902, .T. ) ;
#3158 = CARTESIAN_POINT ( 'NONE',  ( 5.049999999999997158, 0.1000000000000001721, 2.000000000000000000 ) ) ;
#3159 = DIRECTION ( 'NONE',  ( 0.000000000000000000, -0.000000000000000000, -1.000000000000000000 ) ) ;
#3160 = AXIS2_PLACEMENT_3D ( 'NONE', #5750, #26, #4292 ) ;
#3161 = CYLINDRICAL_SURFACE ( 'NONE', #4733, 0.1999999999999996503 ) ;
#3162 = VECTOR ( 'NONE', #8714, 1000.000000000000000 ) ;
#3163 = ORIENTED_EDGE ( 'NONE', *, *, #10628, .F. ) ;
#3164 = ORIENTED_EDGE ( 'NONE', *, *, #957, .T. ) ;
#3165 = CIRCLE ( 'NONE', #3520, 0.6000000000000007550 ) ;
#3166 = DIRECTION ( 'NONE',  ( -1.000000000000000000, 0.000000000000000000, 0.000000000000000000 ) ) ;
#3167 = VERTEX_POINT ( 'NONE', #5448 ) ;
#3168 = ORIENTED_EDGE ( 'NONE', *, *, #4169, .F. ) ;
#3169 = ORIENTED_EDGE ( 'NONE', *, *, #10133, .T. ) ;
#3170 = CARTESIAN_POINT ( 'NONE',  ( -0.05000000000000012768, -2.299999999999999822, 7.699999999999997513 ) ) ;
#3171 = AXIS2_PLACEMENT_3D ( 'NONE', #7144, #3639, #7083 ) ;
#3172 = ADVANCED_FACE ( 'NONE', ( #5751 ), #4539, .F. ) ;
#3173 = ORIENTED_EDGE ( 'NONE', *, *, #1780, .F. ) ;
#3174 = CARTESIAN_POINT ( 'NONE',  ( -5.799999999999996270, 2.400000000000000355, 6.700000000000000178 ) ) ;
#3175 = EDGE_CURVE ( 'NONE', #9710, #7997, #6002, .T. ) ;
#3176 = CARTESIAN_POINT ( 'NONE',  ( -3.999999999999988898, 7.529057909142686178E-15, -4.500000000000000000 ) ) ;
#3177 = CARTESIAN_POINT ( 'NONE',  ( -4.250000000000000000, 6.700000000000000178, -4.674999999999999822 ) ) ;
#3178 = DIRECTION ( 'NONE',  ( -1.000000000000000000, 0.000000000000000000, 0.000000000000000000 ) ) ;
#3179 = FACE_OUTER_BOUND ( 'NONE', #144, .T. ) ;
#3180 = DIRECTION ( 'NONE',  ( 0.000000000000000000, -0.000000000000000000, 1.000000000000000000 ) ) ;
#3181 = EDGE_CURVE ( 'NONE', #8005, #9038, #9313, .T. ) ;
#3182 = LINE ( 'NONE', #3071, #6489 ) ;
#3183 = DIRECTION ( 'NONE',  ( 0.000000000000000000, 0.000000000000000000, 1.000000000000000000 ) ) ;
#3184 = ORIENTED_EDGE ( 'NONE', *, *, #2620, .F. ) ;
#3185 = DIRECTION ( 'NONE',  ( -1.000000000000000000, -0.000000000000000000, 0.000000000000000000 ) ) ;
#3186 = EDGE_CURVE ( 'NONE', #8287, #3500, #9330, .T. ) ;
#3187 = EDGE_LOOP ( 'NONE', ( #1407, #8315, #4260, #3576 ) ) ;
#3188 = VERTEX_POINT ( 'NONE', #2893 ) ;
#3189 = DIRECTION ( 'NONE',  ( 0.000000000000000000, 0.000000000000000000, -1.000000000000000000 ) ) ;
#3190 = CYLINDRICAL_SURFACE ( 'NONE', #402, 0.5749999999999982903 ) ;
#3191 = ORIENTED_EDGE ( 'NONE', *, *, #10115, .F. ) ;
#3192 = ORIENTED_EDGE ( 'NONE', *, *, #8963, .F. ) ;
#3193 = VERTEX_POINT ( 'NONE', #3765 ) ;
#3194 = ORIENTED_EDGE ( 'NONE', *, *, #2328, .F. ) ;
#3195 = LINE ( 'NONE', #2239, #8498 ) ;
#3196 = CARTESIAN_POINT ( 'NONE',  ( -5.943206300660539121, -2.598762745933357543, 0.000000000000000000 ) ) ;
#3197 = CARTESIAN_POINT ( 'NONE',  ( -5.799999999999996270, 0.5000000000000002220, -4.499999999999997335 ) ) ;
#3198 = LINE ( 'NONE', #8605, #10111 ) ;
#3199 = AXIS2_PLACEMENT_3D ( 'NONE', #7764, #4326, #9357 ) ;
#3200 = ADVANCED_FACE ( 'NONE', ( #2256 ), #6132, .T. ) ;
#3201 = DIRECTION ( 'NONE',  ( -0.000000000000000000, -0.000000000000000000, -1.000000000000000000 ) ) ;
#3202 = CARTESIAN_POINT ( 'NONE',  ( 1.700000000000000178, 2.650000000000000799, 7.299999999999998934 ) ) ;
#3203 = LINE ( 'NONE', #7999, #3289 ) ;
#3204 = DIRECTION ( 'NONE',  ( 0.000000000000000000, 0.000000000000000000, 1.000000000000000000 ) ) ;
#3205 = CARTESIAN_POINT ( 'NONE',  ( -6.199999999999998401, -0.6400000000000000133, -1.000000000000000000 ) ) ;
#3206 = ORIENTED_EDGE ( 'NONE', *, *, #7676, .T. ) ;
#3207 = CARTESIAN_POINT ( 'NONE',  ( -5.450000000000000178, 5.700000000000000178, 6.700000000000000178 ) ) ;
#3208 = ORIENTED_EDGE ( 'NONE', *, *, #4857, .T. ) ;
#3209 = ORIENTED_EDGE ( 'NONE', *, *, #5190, .T. ) ;
#3210 = LINE ( 'NONE', #1484, #10209 ) ;
#3211 = EDGE_CURVE ( 'NONE', #7890, #3137, #2821, .T. ) ;
#3212 = EDGE_LOOP ( 'NONE', ( #7480, #8928, #4194, #8774, #5354, #5736 ) ) ;
#3213 = ORIENTED_EDGE ( 'NONE', *, *, #2155, .F. ) ;
#3214 = DIRECTION ( 'NONE',  ( -1.000000000000000000, -0.000000000000000000, -0.000000000000000000 ) ) ;
#3215 = CARTESIAN_POINT ( 'NONE',  ( 4.250000000000000000, 6.700000000000000178, -4.674999999999999822 ) ) ;
#3216 = CARTESIAN_POINT ( 'NONE',  ( -3.299999999999999822, 0.8500000000000000888, -5.850000000000000533 ) ) ;
#3217 = ORIENTED_EDGE ( 'NONE', *, *, #8330, .F. ) ;
#3218 = LINE ( 'NONE', #7472, #6505 ) ;
#3219 = AXIS2_PLACEMENT_3D ( 'NONE', #4799, #3322, #6452 ) ;
#3220 = DIRECTION ( 'NONE',  ( 0.000000000000000000, 0.000000000000000000, -1.000000000000000000 ) ) ;
#3221 = DIRECTION ( 'NONE',  ( 0.000000000000000000, 1.000000000000000000, 0.000000000000000000 ) ) ;
#3222 = EDGE_CURVE ( 'NONE', #2921, #3928, #6234, .T. ) ;
#3223 = DIRECTION ( 'NONE',  ( 0.000000000000000000, 0.000000000000000000, -1.000000000000000000 ) ) ;
#3224 = VERTEX_POINT ( 'NONE', #7898 ) ;
#3225 = VECTOR ( 'NONE', #2868, 1000.000000000000000 ) ;
#3226 = ORIENTED_EDGE ( 'NONE', *, *, #7280, .F. ) ;
#3227 = EDGE_CURVE ( 'NONE', #3312, #5404, #2550, .T. ) ;
#3228 = DIRECTION ( 'NONE',  ( -1.000000000000000000, -0.000000000000000000, -0.000000000000000000 ) ) ;
#3229 = DIRECTION ( 'NONE',  ( 1.341711765540131426E-16, 1.000000000000000000, -0.000000000000000000 ) ) ;
#3230 = ORIENTED_EDGE ( 'NONE', *, *, #1465, .F. ) ;
#3231 = DIRECTION ( 'NONE',  ( 0.000000000000000000, 0.000000000000000000, -1.000000000000000000 ) ) ;
#3232 = LINE ( 'NONE', #2759, #10366 ) ;
#3233 = CARTESIAN_POINT ( 'NONE',  ( -5.049999999999997158, 2.128355624055937206E-16, -5.350000000000001421 ) ) ;
#3234 = PLANE ( 'NONE',  #7483 ) ;
#3235 = PRESENTATION_STYLE_ASSIGNMENT (( #6814 ) ) ;
#3236 = ORIENTED_EDGE ( 'NONE', *, *, #10066, .F. ) ;
#3237 = ORIENTED_EDGE ( 'NONE', *, *, #4202, .T. ) ;
#3238 = ORIENTED_EDGE ( 'NONE', *, *, #1528, .F. ) ;
#3239 = ADVANCED_FACE ( 'NONE', ( #6166 ), #6324, .F. ) ;
#3240 = FACE_OUTER_BOUND ( 'NONE', #9194, .T. ) ;
#3241 = DIRECTION ( 'NONE',  ( 0.000000000000000000, 2.460132057943349518E-16, -1.000000000000000000 ) ) ;
#3242 = EDGE_CURVE ( 'NONE', #6072, #1801, #2701, .T. ) ;
#3243 = ORIENTED_EDGE ( 'NONE', *, *, #10432, .T. ) ;
#3244 = DIRECTION ( 'NONE',  ( 0.000000000000000000, 0.000000000000000000, 1.000000000000000000 ) ) ;
#3245 = AXIS2_PLACEMENT_3D ( 'NONE', #9072, #3439, #2521 ) ;
#3246 = VERTEX_POINT ( 'NONE', #4121 ) ;
#3247 = PLANE ( 'NONE',  #7649 ) ;
#3248 = CARTESIAN_POINT ( 'NONE',  ( 5.750000000000000000, 6.100000000000000533, 6.400000000000000355 ) ) ;
#3249 = CARTESIAN_POINT ( 'NONE',  ( 1.734723475976807094E-15, 0.000000000000000000, 5.850000000000000533 ) ) ;
#3250 = DIRECTION ( 'NONE',  ( 0.000000000000000000, 1.000000000000000000, 0.000000000000000000 ) ) ;
#3251 = LINE ( 'NONE', #786, #10129 ) ;
#3252 = CARTESIAN_POINT ( 'NONE',  ( 5.750000000000000000, 5.700000000000000178, -6.400000000000000355 ) ) ;
#3253 = CARTESIAN_POINT ( 'NONE',  ( 6.200000000000000178, 0.6000000000000006439, 4.500000000000000888 ) ) ;
#3254 = VERTEX_POINT ( 'NONE', #8200 ) ;
#3255 = SURFACE_SIDE_STYLE ('',( #8066 ) ) ;
#3256 = ORIENTED_EDGE ( 'NONE', *, *, #1485, .F. ) ;
#3257 = VERTEX_POINT ( 'NONE', #2487 ) ;
#3258 = DIRECTION ( 'NONE',  ( 0.000000000000000000, 1.000000000000000000, 0.000000000000000000 ) ) ;
#3259 = LINE ( 'NONE', #659, #6536 ) ;
#3260 = ORIENTED_EDGE ( 'NONE', *, *, #4202, .F. ) ;
#3261 = EDGE_CURVE ( 'NONE', #3851, #6036, #2595, .T. ) ;
#3262 = ADVANCED_FACE ( 'NONE', ( #2612 ), #3344, .F. ) ;
#3263 = ORIENTED_EDGE ( 'NONE', *, *, #9320, .F. ) ;
#3264 = DIRECTION ( 'NONE',  ( -0.5735764363510473807, -0.8191520442889910214, 0.000000000000000000 ) ) ;
#3265 = AXIS2_PLACEMENT_3D ( 'NONE', #8610, #1246, #3517 ) ;
#3266 = PLANE ( 'NONE',  #5580 ) ;
#3267 = FACE_OUTER_BOUND ( 'NONE', #5871, .T. ) ;
#3268 = CARTESIAN_POINT ( 'NONE',  ( -2.900000000000000355, 0.7999999999999982681, 7.549999999999999822 ) ) ;
#3269 = DIRECTION ( 'NONE',  ( 0.000000000000000000, 1.000000000000000000, 0.000000000000000000 ) ) ;
#3270 = EDGE_CURVE ( 'NONE', #2300, #1783, #2632, .T. ) ;
#3271 = VECTOR ( 'NONE', #5544, 1000.000000000000000 ) ;
#3272 = FILL_AREA_STYLE ('',( #8961 ) ) ;
#3273 = VERTEX_POINT ( 'NONE', #5924 ) ;
#3274 = CARTESIAN_POINT ( 'NONE',  ( 6.599999999999997868, -2.034757436496875016, 1.000000000000000000 ) ) ;
#3275 = CARTESIAN_POINT ( 'NONE',  ( 5.499999999999996447, 1.000000000000000000, -6.700000000000000178 ) ) ;
#3276 = ORIENTED_EDGE ( 'NONE', *, *, #199, .T. ) ;
#3277 = ORIENTED_EDGE ( 'NONE', *, *, #8053, .T. ) ;
#3278 = ORIENTED_EDGE ( 'NONE', *, *, #784, .F. ) ;
#3279 = VECTOR ( 'NONE', #7000, 1000.000000000000000 ) ;
#3280 = PRESENTATION_LAYER_ASSIGNMENT (  '', '', ( #3502 ) ) ;
#3281 = CARTESIAN_POINT ( 'NONE',  ( -5.799999999999996270, 0.5000000000000002220, -3.000000000000000000 ) ) ;
#3282 = DIRECTION ( 'NONE',  ( 0.000000000000000000, 0.000000000000000000, 1.000000000000000000 ) ) ;
#3283 = CARTESIAN_POINT ( 'NONE',  ( -5.750000000000000000, 5.650000000000001243, -5.250000000000000000 ) ) ;
#3284 = ORIENTED_EDGE ( 'NONE', *, *, #1447, .F. ) ;
#3285 = CARTESIAN_POINT ( 'NONE',  ( -6.200000000000000178, 3.100000000000000089, 4.500000000000000888 ) ) ;
#3286 = ADVANCED_FACE ( 'NONE', ( #9707 ), #9724, .T. ) ;
#3287 = AXIS2_PLACEMENT_3D ( 'NONE', #3829, #4748, #3691 ) ;
#3288 = EDGE_CURVE ( 'NONE', #8884, #3578, #6088, .T. ) ;
#3289 = VECTOR ( 'NONE', #1079, 1000.000000000000000 ) ;
#3290 = CARTESIAN_POINT ( 'NONE',  ( 1.734723475976807094E-15, 2.400000000000000355, -6.700000000000000178 ) ) ;
#3291 = VERTEX_POINT ( 'NONE', #8956 ) ;
#3292 = EDGE_CURVE ( 'NONE', #2218, #223, #9939, .T. ) ;
#3293 = CARTESIAN_POINT ( 'NONE',  ( 5.799999999999996270, 0.5000000000000002220, -3.000000000000000000 ) ) ;
#3294 = DIRECTION ( 'NONE',  ( 0.000000000000000000, 0.000000000000000000, -1.000000000000000000 ) ) ;
#3295 = EDGE_LOOP ( 'NONE', ( #9679, #5866, #7078, #5970 ) ) ;
#3296 = ORIENTED_EDGE ( 'NONE', *, *, #7469, .F. ) ;
#3297 = VECTOR ( 'NONE', #2712, 1000.000000000000000 ) ;
#3298 = EDGE_CURVE ( 'NONE', #5202, #8731, #9757, .T. ) ;
#3299 = ORIENTED_EDGE ( 'NONE', *, *, #8483, .T. ) ;
#3300 = ORIENTED_EDGE ( 'NONE', *, *, #10091, .T. ) ;
#3301 = DIRECTION ( 'NONE',  ( 0.000000000000000000, 0.000000000000000000, 1.000000000000000000 ) ) ;
#3302 = DIRECTION ( 'NONE',  ( -1.327027319204863784E-16, -1.000000000000000000, 0.000000000000000000 ) ) ;
#3303 = CARTESIAN_POINT ( 'NONE',  ( 2.500000000000000000, -3.100000000000000089, 6.699999999999999289 ) ) ;
#3304 = EDGE_LOOP ( 'NONE', ( #2957, #6688, #9562, #5094 ) ) ;
#3305 = PLANE ( 'NONE',  #3051 ) ;
#3306 = CARTESIAN_POINT ( 'NONE',  ( -2.499999999999999556, 0.1000000000000017125, -7.200000000000000178 ) ) ;
#3307 = LINE ( 'NONE', #9831, #3615 ) ;
#3308 = DIRECTION ( 'NONE',  ( 0.000000000000000000, 0.000000000000000000, -1.000000000000000000 ) ) ;
#3309 = DIRECTION ( 'NONE',  ( 0.000000000000000000, 0.000000000000000000, -1.000000000000000000 ) ) ;
#3310 = ADVANCED_FACE ( 'NONE', ( #2652 ), #9812, .F. ) ;
#3311 = AXIS2_PLACEMENT_3D ( 'NONE', #6180, #467, #2176 ) ;
#3312 = VERTEX_POINT ( 'NONE', #10050 ) ;
#3313 = EDGE_CURVE ( 'NONE', #4832, #8377, #2683, .T. ) ;
#3314 = ORIENTED_EDGE ( 'NONE', *, *, #7698, .F. ) ;
#3315 = VECTOR ( 'NONE', #1710, 1000.000000000000000 ) ;
#3316 = CARTESIAN_POINT ( 'NONE',  ( -6.236169591142200375, -0.7547152872702095339, -1.000000000000000000 ) ) ;
#3317 = ORIENTED_EDGE ( 'NONE', *, *, #3101, .T. ) ;
#3318 = ORIENTED_EDGE ( 'NONE', *, *, #5730, .F. ) ;
#3319 = CARTESIAN_POINT ( 'NONE',  ( -5.799999999999998934, 5.650000000000001243, 5.250000000000000000 ) ) ;
#3320 = EDGE_CURVE ( 'NONE', #8248, #10132, #6213, .T. ) ;
#3321 = ORIENTED_EDGE ( 'NONE', *, *, #1138, .F. ) ;
#3322 = DIRECTION ( 'NONE',  ( 0.000000000000000000, -1.000000000000000000, 0.000000000000000000 ) ) ;
#3323 = EDGE_CURVE ( 'NONE', #9617, #542, #9861, .T. ) ;
#3324 = DIRECTION ( 'NONE',  ( -1.807003620809174632E-16, 1.000000000000000000, 6.531284371341748864E-17 ) ) ;
#3325 = CARTESIAN_POINT ( 'NONE',  ( -2.499999999999999556, 0.6999999999999997335, 7.699999999999997513 ) ) ;
#3326 = LINE ( 'NONE', #549, #6978 ) ;
#3327 = CARTESIAN_POINT ( 'NONE',  ( -5.799999999999996270, 4.986986664055304885, 5.000000000000000888 ) ) ;
#3328 = CARTESIAN_POINT ( 'NONE',  ( -6.891491226573391415, -1.690611574686247565, 1.000000000000000000 ) ) ;
#3329 = LINE ( 'NONE', #3100, #6884 ) ;
#3330 = VERTEX_POINT ( 'NONE', #3405 ) ;
#3331 = CARTESIAN_POINT ( 'NONE',  ( 6.199999999999998401, -0.6400000000000000133, -1.000000000000000000 ) ) ;
#3332 = ORIENTED_EDGE ( 'NONE', *, *, #2526, .F. ) ;
#3333 = ORIENTED_EDGE ( 'NONE', *, *, #8396, .T. ) ;
#3334 = ADVANCED_FACE ( 'NONE', ( #6257 ), #5032, .F. ) ;
#3335 = FACE_OUTER_BOUND ( 'NONE', #1849, .T. ) ;
#3336 = VERTEX_POINT ( 'NONE', #6709 ) ;
#3337 = AXIS2_PLACEMENT_3D ( 'NONE', #6683, #5305, #255 ) ;
#3338 = ORIENTED_EDGE ( 'NONE', *, *, #6763, .F. ) ;
#3339 = CARTESIAN_POINT ( 'NONE',  ( 0.000000000000000000, 3.100000000000000089, 4.500000000000000888 ) ) ;
#3340 = CARTESIAN_POINT ( 'NONE',  ( -3.880824640740575759, 0.4999999999999998890, 3.000000000000000000 ) ) ;
#3341 = LINE ( 'NONE', #9685, #6899 ) ;
#3342 = DIRECTION ( 'NONE',  ( 1.327027319204863784E-16, -1.000000000000000000, 0.000000000000000000 ) ) ;
#3343 = EDGE_CURVE ( 'NONE', #861, #9477, #6102, .T. ) ;
#3344 = PLANE ( 'NONE',  #6431 ) ;
#3345 = VECTOR ( 'NONE', #2468, 1000.000000000000000 ) ;
#3346 = DIRECTION ( 'NONE',  ( 0.8191520442889912434, 0.5735764363510468256, 0.000000000000000000 ) ) ;
#3347 = EDGE_LOOP ( 'NONE', ( #6855, #9663, #6237, #7984 ) ) ;
#3348 = CARTESIAN_POINT ( 'NONE',  ( -2.900000000000000355, -3.099999999999998312, -6.200000000000001954 ) ) ;
#3349 = ORIENTED_EDGE ( 'NONE', *, *, #3669, .T. ) ;
#3350 = ORIENTED_EDGE ( 'NONE', *, *, #4872, .T. ) ;
#3351 = LINE ( 'NONE', #1863, #7273 ) ;
#3352 = ORIENTED_EDGE ( 'NONE', *, *, #5715, .T. ) ;
#3353 = CARTESIAN_POINT ( 'NONE',  ( -3.880824640740575759, 0.09999999999999990841, 4.500000000000000888 ) ) ;
#3354 = AXIS2_PLACEMENT_3D ( 'NONE', #1427, #4371, #5424 ) ;
#3355 = DIRECTION ( 'NONE',  ( 1.000000000000000000, -0.000000000000000000, -0.000000000000000000 ) ) ;
#3356 = EDGE_LOOP ( 'NONE', ( #3056, #6155 ) ) ;
#3357 = CARTESIAN_POINT ( 'NONE',  ( -3.880824640740575759, 0.4999999999999998890, 3.000000000000000000 ) ) ;
#3358 = EDGE_CURVE ( 'NONE', #5111, #1594, #9675, .T. ) ;
#3359 = FACE_OUTER_BOUND ( 'NONE', #6457, .T. ) ;
#3360 = EDGE_CURVE ( 'NONE', #1158, #1303, #6312, .T. ) ;
#3361 = DIRECTION ( 'NONE',  ( 0.000000000000000000, 0.000000000000000000, -1.000000000000000000 ) ) ;
#3362 = ORIENTED_EDGE ( 'NONE', *, *, #10237, .T. ) ;
#3363 = CARTESIAN_POINT ( 'NONE',  ( -5.699999999999998401, 0.6000000000000007550, 3.000000000000000444 ) ) ;
#3364 = ORIENTED_EDGE ( 'NONE', *, *, #7683, .F. ) ;
#3365 = LINE ( 'NONE', #1296, #3692 ) ;
#3366 = ORIENTED_EDGE ( 'NONE', *, *, #9200, .T. ) ;
#3367 = CARTESIAN_POINT ( 'NONE',  ( -6.514715287270208322, -2.198587845354674108, 1.000000000000000000 ) ) ;
#3368 = CARTESIAN_POINT ( 'NONE',  ( 4.549999999999997158, 4.986986664055304885, 5.850000000000000533 ) ) ;
#3369 = CARTESIAN_POINT ( 'NONE',  ( 4.250000000000000000, 6.700000000000000178, 5.099999999999999645 ) ) ;
#3370 = ORIENTED_EDGE ( 'NONE', *, *, #6973, .T. ) ;
#3371 = CARTESIAN_POINT ( 'NONE',  ( 2.291287847477922135, 30.00000000000000000, 1.000000000000000888 ) ) ;
#3372 = DIRECTION ( 'NONE',  ( 0.000000000000000000, 1.000000000000000000, 2.460132057943349518E-16 ) ) ;
#3373 = FACE_OUTER_BOUND ( 'NONE', #4785, .T. ) ;
#3374 = ADVANCED_FACE ( 'NONE', ( #2723 ), #1053, .T. ) ;
#3375 = CARTESIAN_POINT ( 'NONE',  ( 4.336808689942017736E-16, 0.6999999999999997335, 7.699999999999997513 ) ) ;
#3376 = EDGE_CURVE ( 'NONE', #2715, #8447, #2782, .T. ) ;
#3377 = LINE ( 'NONE', #5834, #10516 ) ;
#3378 = VERTEX_POINT ( 'NONE', #5727 ) ;
#3379 = ORIENTED_EDGE ( 'NONE', *, *, #9815, .T. ) ;
#3380 = ORIENTED_EDGE ( 'NONE', *, *, #8828, .F. ) ;
#3381 = VECTOR ( 'NONE', #1374, 1000.000000000000000 ) ;
#3382 = DIRECTION ( 'NONE',  ( 0.000000000000000000, 2.017120320903263702E-16, -1.000000000000000000 ) ) ;
#3383 = ORIENTED_EDGE ( 'NONE', *, *, #4836, .T. ) ;
#3384 = CARTESIAN_POINT ( 'NONE',  ( 6.199999999999999289, 5.650000000000001243, -5.250000000000000000 ) ) ;
#3385 = EDGE_LOOP ( 'NONE', ( #4244, #2523, #7486, #9631, #1141, #2457, #4209, #1390 ) ) ;
#3386 = DIRECTION ( 'NONE',  ( 0.000000000000000000, -0.000000000000000000, 1.000000000000000000 ) ) ;
#3387 = DIRECTION ( 'NONE',  ( -0.9396926207859082059, -0.3420201433256695456, -1.515189377974040262E-17 ) ) ;
#3388 = CARTESIAN_POINT ( 'NONE',  ( -0.05000000000000012768, 0.6999999999999997335, 7.549999999999998046 ) ) ;
#3389 = CARTESIAN_POINT ( 'NONE',  ( 6.399999999999998579, -2.034757436496875016, 1.000000000000000000 ) ) ;
#3390 = LINE ( 'NONE', #2477, #6947 ) ;
#3391 = CARTESIAN_POINT ( 'NONE',  ( 5.750000000000000000, 5.700000000000000178, 6.700000000000000178 ) ) ;
#3392 = ADVANCED_FACE ( 'NONE', ( #6276 ), #2876, .T. ) ;
#3393 = ORIENTED_EDGE ( 'NONE', *, *, #9451, .T. ) ;
#3394 = ORIENTED_EDGE ( 'NONE', *, *, #3869, .T. ) ;
#3395 = CARTESIAN_POINT ( 'NONE',  ( 4.250000000000000000, 6.550000000000000711, 4.525000000000001243 ) ) ;
#3396 = ORIENTED_EDGE ( 'NONE', *, *, #10411, .T. ) ;
#3397 = CARTESIAN_POINT ( 'NONE',  ( 0.000000000000000000, 29.50000000000000000, -3.000000000000000444 ) ) ;
#3398 = TOROIDAL_SURFACE ( 'NONE', #6864, 0.09999999999999996392, 0.2000000000000000111 ) ;
#3399 = AXIS2_PLACEMENT_3D ( 'NONE', #3431, #1078, #929 ) ;
#3400 = EDGE_CURVE ( 'NONE', #6875, #9319, #9818, .T. ) ;
#3401 = ORIENTED_EDGE ( 'NONE', *, *, #2604, .T. ) ;
#3402 = DIRECTION ( 'NONE',  ( 0.000000000000000000, -1.000000000000000000, 0.000000000000000000 ) ) ;
#3403 = CIRCLE ( 'NONE', #578, 0.4000000000000001887 ) ;
#3404 = PLANE ( 'NONE',  #1583 ) ;
#3405 = CARTESIAN_POINT ( 'NONE',  ( -3.850000000000000089, 2.400000000000000355, -5.850000000000000533 ) ) ;
#3406 = AXIS2_PLACEMENT_3D ( 'NONE', #9543, #2350, #5588 ) ;
#3407 = VECTOR ( 'NONE', #3548, 1000.000000000000000 ) ;
#3408 = DIRECTION ( 'NONE',  ( 1.000000000000000000, 0.000000000000000000, 0.000000000000000000 ) ) ;
#3409 = CARTESIAN_POINT ( 'NONE',  ( 1.700000000000000178, 0.8000000000000001554, -6.750000000000001776 ) ) ;
#3410 = CARTESIAN_POINT ( 'NONE',  ( 3.999999999999998224, -3.551475717527321367E-16, -4.500000000000000888 ) ) ;
#3411 = ORIENTED_EDGE ( 'NONE', *, *, #5080, .T. ) ;
#3412 = EDGE_LOOP ( 'NONE', ( #8279, #1570, #8558, #1850 ) ) ;
#3413 = ADVANCED_FACE ( 'NONE', ( #6399 ), #9376, .T. ) ;
#3414 = CIRCLE ( 'NONE', #9752, 0.2999999999999999334 ) ;
#3415 = AXIS2_PLACEMENT_3D ( 'NONE', #426, #8636, #1838 ) ;
#3416 = DIRECTION ( 'NONE',  ( -0.000000000000000000, -1.000000000000000000, 0.000000000000000000 ) ) ;
#3417 = AXIS2_PLACEMENT_3D ( 'NONE', #9470, #4375, #10007 ) ;
#3418 = CARTESIAN_POINT ( 'NONE',  ( 4.549999999999997158, 1.000000000000000000, -5.850000000000000533 ) ) ;
#3419 = CARTESIAN_POINT ( 'NONE',  ( -6.200000000000000178, 0.6000000000000007550, -3.000000000000000444 ) ) ;
#3420 = ORIENTED_EDGE ( 'NONE', *, *, #2194, .F. ) ;
#3421 = CARTESIAN_POINT ( 'NONE',  ( -5.049999999999997158, 1.000000000000000000, -4.999999999999997335 ) ) ;
#3422 = EDGE_CURVE ( 'NONE', #3778, #310, #6358, .T. ) ;
#3423 = CIRCLE ( 'NONE', #5853, 0.5749999999999999556 ) ;
#3424 = EDGE_CURVE ( 'NONE', #1530, #8119, #9839, .T. ) ;
#3425 = MANIFOLD_SOLID_BREP ( 'Split1[5]', #22 ) ;
#3426 = FACE_OUTER_BOUND ( 'NONE', #1608, .T. ) ;
#3427 = CARTESIAN_POINT ( 'NONE',  ( -5.799999999999996270, 2.100000000000000089, 1.000000000000000000 ) ) ;
#3428 = DIRECTION ( 'NONE',  ( 0.5735764363510474917, 0.8191520442889909104, 0.000000000000000000 ) ) ;
#3429 = EDGE_CURVE ( 'NONE', #2609, #6202, #2581, .T. ) ;
#3430 = VERTEX_POINT ( 'NONE', #5472 ) ;
#3431 = CARTESIAN_POINT ( 'NONE',  ( -2.500000000000000000, -2.299999999999998046, -7.050000000000002487 ) ) ;
#3432 = DIRECTION ( 'NONE',  ( 1.327027319204863784E-16, 1.000000000000000000, 0.000000000000000000 ) ) ;
#3433 = ADVANCED_FACE ( 'NONE', ( #3105 ), #8484, .F. ) ;
#3434 = ORIENTED_EDGE ( 'NONE', *, *, #168, .T. ) ;
#3435 = PLANE ( 'NONE',  #10491 ) ;
#3436 = DIRECTION ( 'NONE',  ( 0.000000000000000000, 0.000000000000000000, -1.000000000000000000 ) ) ;
#3437 = LINE ( 'NONE', #6054, #3508 ) ;
#3438 = AXIS2_PLACEMENT_3D ( 'NONE', #3509, #8536, #5159 ) ;
#3439 = DIRECTION ( 'NONE',  ( 0.000000000000000000, -4.430117370400858162E-17, 1.000000000000000000 ) ) ;
#3440 = EDGE_CURVE ( 'NONE', #3193, #5607, #3182, .T. ) ;
#3441 = DIRECTION ( 'NONE',  ( -1.000000000000000000, 0.000000000000000000, -0.000000000000000000 ) ) ;
#3442 = VECTOR ( 'NONE', #6879, 1000.000000000000000 ) ;
#3443 = EDGE_CURVE ( 'NONE', #1725, #5663, #6660, .T. ) ;
#3444 = ORIENTED_EDGE ( 'NONE', *, *, #8094, .T. ) ;
#3445 = ORIENTED_EDGE ( 'NONE', *, *, #52, .F. ) ;
#3446 = EDGE_CURVE ( 'NONE', #7642, #1008, #3002, .T. ) ;
#3447 = PLANE ( 'NONE',  #2360 ) ;
#3448 = DIRECTION ( 'NONE',  ( -1.000000000000000000, -0.000000000000000000, -0.000000000000000000 ) ) ;
#3449 = EDGE_LOOP ( 'NONE', ( #8757, #7165, #158, #7183, #3592, #122, #589, #2472 ) ) ;
#3450 = CARTESIAN_POINT ( 'NONE',  ( 2.500000000000000000, -2.299999999999998046, -7.200000000000001066 ) ) ;
#3451 = DIRECTION ( 'NONE',  ( -1.000000000000000000, 0.000000000000000000, 0.000000000000000000 ) ) ;
#3452 = CARTESIAN_POINT ( 'NONE',  ( -2.500000000000000000, -2.350000000000000089, 7.699999999999997513 ) ) ;
#3453 = VECTOR ( 'NONE', #2979, 1000.000000000000000 ) ;
#3454 = PLANE ( 'NONE',  #8978 ) ;
#3455 = LINE ( 'NONE', #6531, #14 ) ;
#3456 = DIRECTION ( 'NONE',  ( 1.000000000000000000, 0.000000000000000000, 0.000000000000000000 ) ) ;
#3457 = ORIENTED_EDGE ( 'NONE', *, *, #3894, .T. ) ;
#3458 = CARTESIAN_POINT ( 'NONE',  ( -1.699999999999999956, 0.8499999999999999778, -6.750000000000001776 ) ) ;
#3459 = EDGE_LOOP ( 'NONE', ( #6460, #256, #3318, #7447, #4396, #3475 ) ) ;
#3460 = CYLINDRICAL_SURFACE ( 'NONE', #6985, 0.5749999999999999556 ) ;
#3461 = EDGE_CURVE ( 'NONE', #8352, #9890, #6566, .T. ) ;
#3462 = VERTEX_POINT ( 'NONE', #6192 ) ;
#3463 = CARTESIAN_POINT ( 'NONE',  ( 5.450000000000000178, 6.100000000000000533, 6.700000000000000178 ) ) ;
#3464 = CARTESIAN_POINT ( 'NONE',  ( 5.799999999999996270, 0.5000000000000004441, -4.499999999999997335 ) ) ;
#3465 = LINE ( 'NONE', #8753, #7019 ) ;
#3466 = DIRECTION ( 'NONE',  ( 1.000000000000000000, 0.000000000000000000, -0.000000000000000000 ) ) ;
#3467 = ADVANCED_FACE ( 'NONE', ( #3065 ), #482, .F. ) ;
#3468 = CARTESIAN_POINT ( 'NONE',  ( 3.880824640740575759, 0.4999999999999995559, -3.000000000000000000 ) ) ;
#3469 = VERTEX_POINT ( 'NONE', #7094 ) ;
#3470 = AXIS2_PLACEMENT_3D ( 'NONE', #1402, #4347, #5179 ) ;
#3471 = DIRECTION ( 'NONE',  ( 1.000000000000000000, 1.341711765540131426E-16, 0.000000000000000000 ) ) ;
#3472 = ORIENTED_EDGE ( 'NONE', *, *, #4023, .F. ) ;
#3473 = ORIENTED_EDGE ( 'NONE', *, *, #1135, .F. ) ;
#3474 = EDGE_CURVE ( 'NONE', #1525, #157, #6527, .T. ) ;
#3475 = ORIENTED_EDGE ( 'NONE', *, *, #8413, .F. ) ;
#3476 = DIRECTION ( 'NONE',  ( 0.000000000000000000, -0.000000000000000000, 1.000000000000000000 ) ) ;
#3477 = CARTESIAN_POINT ( 'NONE',  ( 2.500000000000000444, 0.6999999999999998446, 7.549999999999998046 ) ) ;
#3478 = CARTESIAN_POINT ( 'NONE',  ( 6.200000000000000178, 0.6000000000000007550, -3.000000000000000444 ) ) ;
#3479 = VECTOR ( 'NONE', #4135, 1000.000000000000114 ) ;
#3480 = VECTOR ( 'NONE', #10379, 1000.000000000000000 ) ;
#3481 = PLANE ( 'NONE',  #8656 ) ;
#3482 = CARTESIAN_POINT ( 'NONE',  ( 3.999999999999998224, -3.551475717527321367E-16, -6.700000000000000178 ) ) ;
#3483 = ORIENTED_EDGE ( 'NONE', *, *, #8032, .F. ) ;
#3484 =( LENGTH_UNIT ( ) NAMED_UNIT ( * ) SI_UNIT ( .MILLI., .METRE. ) );
#3485 = ORIENTED_EDGE ( 'NONE', *, *, #3735, .F. ) ;
#3486 = ADVANCED_FACE ( 'NONE', ( #10054 ), #560, .F. ) ;
#3487 = DIRECTION ( 'NONE',  ( 0.000000000000000000, -1.000000000000000000, -2.017120320903263702E-16 ) ) ;
#3488 = CARTESIAN_POINT ( 'NONE',  ( -3.299999999999999822, 0.8000000000000001554, -6.800000000000001599 ) ) ;
#3489 = DIRECTION ( 'NONE',  ( 0.000000000000000000, -1.000000000000000000, 0.000000000000000000 ) ) ;
#3490 = EDGE_CURVE ( 'NONE', #4414, #3841, #3140, .T. ) ;
#3491 = MANIFOLD_SOLID_BREP ( 'Move Face2', #936 ) ;
#3492 = DIRECTION ( 'NONE',  ( 0.000000000000000000, 0.000000000000000000, 1.000000000000000000 ) ) ;
#3493 = DIRECTION ( 'NONE',  ( 0.000000000000000000, -2.460132057943349518E-16, 1.000000000000000000 ) ) ;
#3494 = CARTESIAN_POINT ( 'NONE',  ( -5.049999999999997158, 1.000000000000000000, 5.000000000000000888 ) ) ;
#3495 = VECTOR ( 'NONE', #7278, 999.9999999999998863 ) ;
#3496 = DIRECTION ( 'NONE',  ( -0.3420201433256695456, 0.9396926207859082059, 1.895473080790100108E-16 ) ) ;
#3497 = DIRECTION ( 'NONE',  ( -0.000000000000000000, -1.000000000000000000, -0.000000000000000000 ) ) ;
#3498 = LINE ( 'NONE', #9337, #6961 ) ;
#3499 = VERTEX_POINT ( 'NONE', #3488 ) ;
#3500 = VERTEX_POINT ( 'NONE', #8986 ) ;
#3501 = DIRECTION ( 'NONE',  ( 0.9396926207859082059, -0.3420201433256695456, -8.414147190578587988E-17 ) ) ;
#3502 = STYLED_ITEM ( 'NONE', ( #7622 ), #10233 ) ;
#3503 = CARTESIAN_POINT ( 'NONE',  ( 2.100000000000000089, 2.504411906293519507, 7.299999999999998934 ) ) ;
#3504 = ADVANCED_FACE ( 'NONE', ( #10113 ), #3161, .T. ) ;
#3505 = DIRECTION ( 'NONE',  ( 0.000000000000000000, 2.017120320903263702E-16, -1.000000000000000000 ) ) ;
#3506 = CARTESIAN_POINT ( 'NONE',  ( -5.049999999999997158, 9.735735021710614441E-14, 4.500000000000001776 ) ) ;
#3507 = DIRECTION ( 'NONE',  ( -1.000000000000000000, 0.000000000000000000, 0.000000000000000000 ) ) ;
#3508 = VECTOR ( 'NONE', #9170, 999.9999999999998863 ) ;
#3509 = CARTESIAN_POINT ( 'NONE',  ( 5.750000000000000000, 5.650000000000001243, -5.250000000000000000 ) ) ;
#3510 = AXIS2_PLACEMENT_3D ( 'NONE', #3594, #4355, #2926 ) ;
#3511 = CARTESIAN_POINT ( 'NONE',  ( -1.699999999999999956, 0.8000000000000001554, -7.050000000000001599 ) ) ;
#3512 = LINE ( 'NONE', #7461, #6935 ) ;
#3513 = EDGE_LOOP ( 'NONE', ( #7868, #6992, #2135, #706, #2711 ) ) ;
#3514 = EDGE_CURVE ( 'NONE', #1346, #4837, #6581, .T. ) ;
#3515 = PLANE ( 'NONE',  #10583 ) ;
#3516 = ORIENTED_EDGE ( 'NONE', *, *, #4169, .T. ) ;
#3517 = DIRECTION ( 'NONE',  ( -0.9396926207859082059, -0.3420201433256695456, -8.414147190578587988E-17 ) ) ;
#3518 = ORIENTED_EDGE ( 'NONE', *, *, #6897, .F. ) ;
#3519 = PLANE ( 'NONE',  #9103 ) ;
#3520 = AXIS2_PLACEMENT_3D ( 'NONE', #4367, #6874, #10149 ) ;
#3521 = CARTESIAN_POINT ( 'NONE',  ( 3.299999999999999822, 0.8500000000000000888, -5.850000000000000533 ) ) ;
#3522 = CARTESIAN_POINT ( 'NONE',  ( 3.850000000000000089, 1.000000000000000000, -5.850000000000000533 ) ) ;
#3523 = VECTOR ( 'NONE', #6338, 1000.000000000000000 ) ;
#3524 = ADVANCED_FACE ( 'NONE', ( #6678 ), #3924, .T. ) ;
#3525 = DIRECTION ( 'NONE',  ( 0.000000000000000000, 1.000000000000000000, 0.000000000000000000 ) ) ;
#3526 = CARTESIAN_POINT ( 'NONE',  ( -5.049999999999997158, 2.128355624055937206E-16, -6.700000000000000178 ) ) ;
#3527 = PRESENTATION_LAYER_ASSIGNMENT (  '', '', ( #2265 ) ) ;
#3528 = EDGE_CURVE ( 'NONE', #3895, #5671, #6780, .T. ) ;
#3529 = ORIENTED_EDGE ( 'NONE', *, *, #4010, .F. ) ;
#3530 = CARTESIAN_POINT ( 'NONE',  ( 4.250000000000000000, 6.100000000000000533, 5.099999999999999645 ) ) ;
#3531 = EDGE_LOOP ( 'NONE', ( #5183, #7418, #8321, #1711 ) ) ;
#3532 = EDGE_CURVE ( 'NONE', #3090, #5447, #3203, .T. ) ;
#3533 = ORIENTED_EDGE ( 'NONE', *, *, #7327, .T. ) ;
#3534 = DIRECTION ( 'NONE',  ( 0.5735764363510473807, -0.8191520442889911324, -0.000000000000000000 ) ) ;
#3535 = EDGE_CURVE ( 'NONE', #6967, #3152, #6698, .T. ) ;
#3536 = CARTESIAN_POINT ( 'NONE',  ( 4.250000000000000000, 6.550000000000000711, 5.524999999999997691 ) ) ;
#3537 = CARTESIAN_POINT ( 'NONE',  ( -3.299999999999999822, 0.5000000000000026645, -6.800000000000001599 ) ) ;
#3538 = EDGE_CURVE ( 'NONE', #1352, #7845, #6468, .T. ) ;
#3539 = LINE ( 'NONE', #6022, #3480 ) ;
#3540 = ADVANCED_FACE ( 'NONE', ( #10283 ), #6504, .T. ) ;
#3541 = DIRECTION ( 'NONE',  ( -0.000000000000000000, -0.000000000000000000, -1.000000000000000000 ) ) ;
#3542 = ORIENTED_EDGE ( 'NONE', *, *, #9990, .T. ) ;
#3543 = DIRECTION ( 'NONE',  ( -1.000000000000000000, -0.000000000000000000, -0.000000000000000000 ) ) ;
#3544 = ORIENTED_EDGE ( 'NONE', *, *, #5898, .F. ) ;
#3545 = DIRECTION ( 'NONE',  ( 1.807003620809174632E-16, -1.000000000000000000, -1.807003620809174632E-16 ) ) ;
#3546 = PRESENTATION_LAYER_ASSIGNMENT (  '', '', ( #7905 ) ) ;
#3547 = CARTESIAN_POINT ( 'NONE',  ( 0.000000000000000000, 6.100000000000000533, 0.000000000000000000 ) ) ;
#3548 = DIRECTION ( 'NONE',  ( -1.535153518563545837E-16, -1.000000000000000000, 0.000000000000000000 ) ) ;
#3549 = CARTESIAN_POINT ( 'NONE',  ( -2.500000000000000000, -2.299999999999998046, -7.200000000000001066 ) ) ;
#3550 = SURFACE_SIDE_STYLE ('',( #7988 ) ) ;
#3551 = PLANE ( 'NONE',  #8460 ) ;
#3552 = EDGE_CURVE ( 'NONE', #1658, #5265, #3043, .T. ) ;
#3553 = CARTESIAN_POINT ( 'NONE',  ( 0.8000000000000001554, 0.7999999999999983791, 7.299999999999998934 ) ) ;
#3554 = VECTOR ( 'NONE', #6182, 1000.000000000000000 ) ;
#3555 = CARTESIAN_POINT ( 'NONE',  ( -5.799999999999996270, 3.100000000000000089, 3.000000000000000000 ) ) ;
#3556 = CARTESIAN_POINT ( 'NONE',  ( -6.399999999999998579, -2.034757436496875016, 1.000000000000000000 ) ) ;
#3557 = EDGE_CURVE ( 'NONE', #6112, #758, #10355, .T. ) ;
#3558 = LINE ( 'NONE', #3015, #10497 ) ;
#3559 = VERTEX_POINT ( 'NONE', #713 ) ;
#3560 = ORIENTED_EDGE ( 'NONE', *, *, #8883, .F. ) ;
#3561 = ADVANCED_FACE ( 'NONE', ( #6743 ), #5681, .F. ) ;
#3562 = CARTESIAN_POINT ( 'NONE',  ( 5.799999999999996270, 2.400000000000000355, -2.000000000000000000 ) ) ;
#3563 = CARTESIAN_POINT ( 'NONE',  ( 1.700000000000000178, 1.100000000000000089, -5.850000000000000533 ) ) ;
#3564 = AXIS2_PLACEMENT_3D ( 'NONE', #7055, #506, #4653 ) ;
#3565 = CARTESIAN_POINT ( 'NONE',  ( -2.500000000000000000, -3.100000000000000089, 6.699999999999999289 ) ) ;
#3566 = CARTESIAN_POINT ( 'NONE',  ( 3.299999999999999822, 2.650000000000001243, -6.200000000000001954 ) ) ;
#3567 = DIRECTION ( 'NONE',  ( -0.7071067811865489050, 0.000000000000000000, -0.7071067811865462405 ) ) ;
#3568 = EDGE_CURVE ( 'NONE', #9362, #2754, #10244, .T. ) ;
#3569 = DIRECTION ( 'NONE',  ( -1.000000000000000000, -0.000000000000000000, 0.000000000000000000 ) ) ;
#3570 = DIRECTION ( 'NONE',  ( -1.000000000000000000, 0.000000000000000000, 0.000000000000000000 ) ) ;
#3571 = CIRCLE ( 'NONE', #7419, 0.1499999999999999667 ) ;
#3572 = DIRECTION ( 'NONE',  ( 1.000000000000000000, 0.000000000000000000, 0.000000000000000000 ) ) ;
#3573 = EDGE_CURVE ( 'NONE', #4068, #9130, #3022, .T. ) ;
#3574 = ORIENTED_EDGE ( 'NONE', *, *, #7636, .T. ) ;
#3575 = CARTESIAN_POINT ( 'NONE',  ( 4.549999999999997158, 2.400000000000000355, -5.850000000000000533 ) ) ;
#3576 = ORIENTED_EDGE ( 'NONE', *, *, #8729, .F. ) ;
#3577 = CARTESIAN_POINT ( 'NONE',  ( -2.500000000000000000, -2.499999999999998224, -7.050000000000002487 ) ) ;
#3578 = VERTEX_POINT ( 'NONE', #6352 ) ;
#3579 = CARTESIAN_POINT ( 'NONE',  ( 5.750000000000000000, 6.099999999999999645, -5.250000000000000000 ) ) ;
#3580 = ORIENTED_EDGE ( 'NONE', *, *, #9193, .T. ) ;
#3581 = ADVANCED_FACE ( 'NONE', ( #3087 ), #1467, .T. ) ;
#3582 = ORIENTED_EDGE ( 'NONE', *, *, #2512, .F. ) ;
#3583 = AXIS2_PLACEMENT_3D ( 'NONE', #10259, #4680, #2296 ) ;
#3584 = DIRECTION ( 'NONE',  ( 0.000000000000000000, 0.000000000000000000, -1.000000000000000000 ) ) ;
#3585 = DIRECTION ( 'NONE',  ( 0.000000000000000000, 0.000000000000000000, 1.000000000000000000 ) ) ;
#3586 = LINE ( 'NONE', #4406, #6987 ) ;
#3587 = DIRECTION ( 'NONE',  ( 0.000000000000000000, -4.430117370400858162E-17, 1.000000000000000000 ) ) ;
#3588 = EDGE_CURVE ( 'NONE', #7938, #8248, #10017, .T. ) ;
#3589 = DIRECTION ( 'NONE',  ( -0.000000000000000000, 4.430117370400858162E-17, -1.000000000000000000 ) ) ;
#3590 = VECTOR ( 'NONE', #5352, 1000.000000000000000 ) ;
#3591 = DIRECTION ( 'NONE',  ( -1.327027319204863784E-16, 1.000000000000000000, 0.000000000000000000 ) ) ;
#3592 = ORIENTED_EDGE ( 'NONE', *, *, #7553, .T. ) ;
#3593 = ORIENTED_EDGE ( 'NONE', *, *, #9900, .T. ) ;
#3594 = CARTESIAN_POINT ( 'NONE',  ( 0.000000000000000000, 11.09999999999999964, 0.000000000000000000 ) ) ;
#3595 = FACE_OUTER_BOUND ( 'NONE', #8827, .T. ) ;
#3596 = CARTESIAN_POINT ( 'NONE',  ( -0.7999999999999999334, 0.7999999999999982681, 7.549999999999999822 ) ) ;
#3597 = LINE ( 'NONE', #5534, #61 ) ;
#3598 = CYLINDRICAL_SURFACE ( 'NONE', #3354, 3.000000000000000444 ) ;
#3599 = CARTESIAN_POINT ( 'NONE',  ( 6.514715287270208322, -2.198587845354674108, 1.000000000000000000 ) ) ;
#3600 = EDGE_CURVE ( 'NONE', #1926, #10174, #10148, .T. ) ;
#3601 = VERTEX_POINT ( 'NONE', #151 ) ;
#3602 = DIRECTION ( 'NONE',  ( 1.000000000000000000, 0.000000000000000000, 0.000000000000000000 ) ) ;
#3603 = ORIENTED_EDGE ( 'NONE', *, *, #5864, .F. ) ;
#3604 = FILL_AREA_STYLE_COLOUR ( '', #1041 ) ;
#3605 = ORIENTED_EDGE ( 'NONE', *, *, #8883, .T. ) ;
#3606 = AXIS2_PLACEMENT_3D ( 'NONE', #1499, #3954, #9597 ) ;
#3607 = CARTESIAN_POINT ( 'NONE',  ( 6.172636875200958606, -2.926423563648953063, 0.000000000000000000 ) ) ;
#3608 = DIRECTION ( 'NONE',  ( 0.000000000000000000, 0.000000000000000000, 1.000000000000000000 ) ) ;
#3609 = CARTESIAN_POINT ( 'NONE',  ( 5.799999999999998934, 5.650000000000001243, -5.250000000000000000 ) ) ;
#3610 = CARTESIAN_POINT ( 'NONE',  ( -5.049999999999998046, 4.986986664055304885, -5.350000000000001421 ) ) ;
#3612 = EDGE_CURVE ( 'NONE', #6149, #6938, #2965, .T. ) ;
#3611 = VECTOR ( 'NONE', #453, 1000.000000000000000 ) ;
#3613 = DIRECTION ( 'NONE',  ( -0.000000000000000000, 4.430117370400858162E-17, -1.000000000000000000 ) ) ;
#3614 = CARTESIAN_POINT ( 'NONE',  ( 5.450000000000000178, 5.700000000000000178, -6.700000000000000178 ) ) ;
#3615 = VECTOR ( 'NONE', #6567, 1000.000000000000000 ) ;
#3616 = DIRECTION ( 'NONE',  ( 0.000000000000000000, 1.000000000000000000, 0.000000000000000000 ) ) ;
#3617 = CARTESIAN_POINT ( 'NONE',  ( 2.100000000000000089, 0.7999999999999983791, 7.299999999999998934 ) ) ;
#3618 = AXIS2_PLACEMENT_3D ( 'NONE', #3196, #3962, #5658 ) ;
#3619 = LINE ( 'NONE', #5206, #7034 ) ;
#3620 = ADVANCED_FACE ( 'NONE', ( #6508 ), #7057, .T. ) ;
#3621 = VERTEX_POINT ( 'NONE', #9398 ) ;
#3622 = EDGE_LOOP ( 'NONE', ( #1564, #7948, #6045, #6176 ) ) ;
#3623 = ORIENTED_EDGE ( 'NONE', *, *, #4490, .F. ) ;
#3624 = DIRECTION ( 'NONE',  ( 0.000000000000000000, -1.000000000000000000, 0.000000000000000000 ) ) ;
#3625 = AXIS2_PLACEMENT_3D ( 'NONE', #4063, #709, #10480 ) ;
#3626 = AXIS2_PLACEMENT_3D ( 'NONE', #1644, #9524, #736 ) ;
#3627 = LINE ( 'NONE', #3038, #7219 ) ;
#3628 = CARTESIAN_POINT ( 'NONE',  ( -2.499999999999999556, 0.1000000000000016848, -7.049999999999999822 ) ) ;
#3629 = EDGE_CURVE ( 'NONE', #4766, #5769, #10169, .T. ) ;
#3630 = DIRECTION ( 'NONE',  ( -0.5735764363510463815, -0.8191520442889915765, 0.000000000000000000 ) ) ;
#3631 = DIRECTION ( 'NONE',  ( 0.000000000000000000, 0.000000000000000000, -1.000000000000000000 ) ) ;
#3632 = LINE ( 'NONE', #2630, #7258 ) ;
#3633 = CARTESIAN_POINT ( 'NONE',  ( -6.236169591142200375, -0.7547152872702095339, -1.000000000000000000 ) ) ;
#3634 = CARTESIAN_POINT ( 'NONE',  ( 4.250000000000000000, 6.700000000000000178, -5.099999999999999645 ) ) ;
#3635 = LINE ( 'NONE', #7393, #6866 ) ;
#3636 = DIRECTION ( 'NONE',  ( 0.000000000000000000, 0.000000000000000000, -1.000000000000000000 ) ) ;
#3637 = EDGE_LOOP ( 'NONE', ( #9025, #7715, #9734, #10008 ) ) ;
#3638 = AXIS2_PLACEMENT_3D ( 'NONE', #2640, #10072, #2511 ) ;
#3639 = DIRECTION ( 'NONE',  ( 0.5735764363510492680, -0.8191520442889895781, 0.000000000000000000 ) ) ;
#3640 = ORIENTED_EDGE ( 'NONE', *, *, #5876, .T. ) ;
#3641 = CARTESIAN_POINT ( 'NONE',  ( 0.000000000000000000, 0.09999999999999971412, -3.000000000000000444 ) ) ;
#3642 = VERTEX_POINT ( 'NONE', #2072 ) ;
#3643 = ADVANCED_FACE ( 'NONE', ( #2983 ), #6546, .T. ) ;
#3644 = PLANE ( 'NONE',  #6656 ) ;
#3645 = LINE ( 'NONE', #5311, #7599 ) ;
#3646 = VERTEX_POINT ( 'NONE', #9591 ) ;
#3647 = LINE ( 'NONE', #9348, #10439 ) ;
#3648 = AXIS2_PLACEMENT_3D ( 'NONE', #4477, #3773, #8609 ) ;
#3649 = CARTESIAN_POINT ( 'NONE',  ( 5.799999999999997158, 0.1000000000000006994, -6.700000000000000178 ) ) ;
#3650 = DIRECTION ( 'NONE',  ( -1.000000000000000000, 0.000000000000000000, 0.000000000000000000 ) ) ;
#3651 = LINE ( 'NONE', #2364, #147 ) ;
#3652 = EDGE_CURVE ( 'NONE', #5485, #6493, #6641, .T. ) ;
#3653 = DIRECTION ( 'NONE',  ( -0.6427876096865353661, 0.7660444431189813441, 0.000000000000000000 ) ) ;
#3654 = CARTESIAN_POINT ( 'NONE',  ( -5.799999999999998934, 5.650000000000001243, 5.250000000000000000 ) ) ;
#3655 = VECTOR ( 'NONE', #1949, 1000.000000000000000 ) ;
#3656 = EDGE_CURVE ( 'NONE', #5655, #9130, #7022, .T. ) ;
#3657 = CARTESIAN_POINT ( 'NONE',  ( -3.880824640740575759, 0.4999999999999995559, 3.000000000000000000 ) ) ;
#3658 = ORIENTED_EDGE ( 'NONE', *, *, #9737, .T. ) ;
#3659 = EDGE_CURVE ( 'NONE', #6347, #4902, #3558, .T. ) ;
#3660 = DIRECTION ( 'NONE',  ( 0.000000000000000000, -1.000000000000000000, 0.000000000000000000 ) ) ;
#3661 = LINE ( 'NONE', #5367, #10489 ) ;
#3662 = DIRECTION ( 'NONE',  ( 0.000000000000000000, -0.000000000000000000, -1.000000000000000000 ) ) ;
#3663 = ADVANCED_FACE ( 'NONE', ( #64 ), #4656, .T. ) ;
#3664 = DIRECTION ( 'NONE',  ( 0.000000000000000000, -1.000000000000000000, 0.000000000000000000 ) ) ;
#3665 = LINE ( 'NONE', #7645, #3698 ) ;
#3666 = AXIS2_PLACEMENT_3D ( 'NONE', #156, #2650, #3493 ) ;
#3667 = CARTESIAN_POINT ( 'NONE',  ( 5.799999999999996270, 0.5000000000000002220, 4.500000000000000888 ) ) ;
#3668 = CARTESIAN_POINT ( 'NONE',  ( 6.563830408857795895, -1.920042149226665718, 1.000000000000000000 ) ) ;
#3669 = EDGE_CURVE ( 'NONE', #5885, #825, #44, .T. ) ;
#3670 = ORIENTED_EDGE ( 'NONE', *, *, #6941, .F. ) ;
#3671 = ORIENTED_EDGE ( 'NONE', *, *, #9303, .F. ) ;
#3672 = EDGE_CURVE ( 'NONE', #10274, #5202, #10547, .T. ) ;
#3673 = CARTESIAN_POINT ( 'NONE',  ( -3.880824640740575759, 1.249999999999998446, -3.750000000000003553 ) ) ;
#3674 = CARTESIAN_POINT ( 'NONE',  ( -5.450000000000000178, 5.700000000000000178, -6.400000000000000355 ) ) ;
#3675 = DIRECTION ( 'NONE',  ( 0.000000000000000000, 0.000000000000000000, 1.000000000000000000 ) ) ;
#3676 = DIRECTION ( 'NONE',  ( -0.000000000000000000, -1.000000000000000000, -0.000000000000000000 ) ) ;
#3677 = LINE ( 'NONE', #4608, #6925 ) ;
#3678 = CARTESIAN_POINT ( 'NONE',  ( -5.750000000000000000, 6.099999999999999645, 5.250000000000000000 ) ) ;
#3679 = LINE ( 'NONE', #8701, #106 ) ;
#3680 = DIRECTION ( 'NONE',  ( 0.000000000000000000, -0.000000000000000000, -1.000000000000000000 ) ) ;
#3681 = CARTESIAN_POINT ( 'NONE',  ( -2.291287847477922135, 30.00000000000000000, 1.000000000000000888 ) ) ;
#3682 = ORIENTED_EDGE ( 'NONE', *, *, #8024, .F. ) ;
#3683 = LINE ( 'NONE', #4325, #3806 ) ;
#3684 = ORIENTED_EDGE ( 'NONE', *, *, #6135, .T. ) ;
#3685 = UNCERTAINTY_MEASURE_WITH_UNIT (LENGTH_MEASURE( 1.000000000000000082E-05 ), #284, 'distance_accuracy_value', 'NONE');
#3686 =( GEOMETRIC_REPRESENTATION_CONTEXT ( 3 ) GLOBAL_UNCERTAINTY_ASSIGNED_CONTEXT ( ( #4357 ) ) GLOBAL_UNIT_ASSIGNED_CONTEXT ( ( #5401, #8622, #407 ) ) REPRESENTATION_CONTEXT ( 'NONE', 'WORKASPACE' ) );
#3687 = ORIENTED_EDGE ( 'NONE', *, *, #6197, .F. ) ;
#3688 = ORIENTED_EDGE ( 'NONE', *, *, #8239, .T. ) ;
#3689 = EDGE_CURVE ( 'NONE', #6305, #1139, #3619, .T. ) ;
#3690 = CARTESIAN_POINT ( 'NONE',  ( 3.299999999999999822, 2.949999999999998845, 7.249999999999999112 ) ) ;
#3691 = DIRECTION ( 'NONE',  ( -0.8191520442889909104, 0.5735764363510473807, 0.000000000000000000 ) ) ;
#3692 = VECTOR ( 'NONE', #3448, 1000.000000000000000 ) ;
#3693 = EDGE_CURVE ( 'NONE', #2167, #7860, #1, .T. ) ;
#3694 = DIRECTION ( 'NONE',  ( 1.000000000000000000, 0.000000000000000000, 0.000000000000000000 ) ) ;
#3695 = ORIENTED_EDGE ( 'NONE', *, *, #10570, .T. ) ;
#3696 = DIRECTION ( 'NONE',  ( 0.000000000000000000, 0.000000000000000000, -1.000000000000000000 ) ) ;
#3697 = DIRECTION ( 'NONE',  ( -1.000000000000000000, 0.000000000000000000, 0.000000000000000000 ) ) ;
#3698 = VECTOR ( 'NONE', #2059, 1000.000000000000000 ) ;
#3699 = CARTESIAN_POINT ( 'NONE',  ( 5.750000000000000000, 6.100000000000000533, -6.700000000000000178 ) ) ;
#3700 = ORIENTED_EDGE ( 'NONE', *, *, #5634, .T. ) ;
#3701 = VECTOR ( 'NONE', #834, 1000.000000000000000 ) ;
#3702 = ADVANCED_FACE ( 'NONE', ( #10450 ), #7047, .T. ) ;
#3703 = DIRECTION ( 'NONE',  ( 0.000000000000000000, 1.000000000000000000, 4.430117370400858162E-17 ) ) ;
#3704 = EDGE_LOOP ( 'NONE', ( #1058, #997, #3738, #303 ) ) ;
#3705 = EDGE_LOOP ( 'NONE', ( #2848, #9913, #10141, #3132 ) ) ;
#3706 = CARTESIAN_POINT ( 'NONE',  ( -5.049999999999997158, 2.399999999999999023, -4.499999999999997335 ) ) ;
#3707 = VERTEX_POINT ( 'NONE', #7946 ) ;
#3708 = DIRECTION ( 'NONE',  ( 0.7071067811865462405, 0.000000000000000000, 0.7071067811865489050 ) ) ;
#3709 = EDGE_CURVE ( 'NONE', #3336, #10564, #7179, .T. ) ;
#3710 = LINE ( 'NONE', #7752, #7232 ) ;
#3711 = CIRCLE ( 'NONE', #4670, 0.2000000000000000944 ) ;
#3712 = DIRECTION ( 'NONE',  ( 0.000000000000000000, 1.000000000000000000, 0.000000000000000000 ) ) ;
#3713 = AXIS2_PLACEMENT_3D ( 'NONE', #1380, #1302, #6963 ) ;
#3714 = DIRECTION ( 'NONE',  ( 0.000000000000000000, -1.000000000000000000, 0.000000000000000000 ) ) ;
#3715 = LINE ( 'NONE', #8423, #7477 ) ;
#3716 = DIRECTION ( 'NONE',  ( 0.000000000000000000, -1.000000000000000000, -4.869470219022244754E-16 ) ) ;
#3717 = ORIENTED_EDGE ( 'NONE', *, *, #3027, .F. ) ;
#3718 = LINE ( 'NONE', #1872, #297 ) ;
#3719 = ORIENTED_EDGE ( 'NONE', *, *, #443, .T. ) ;
#3720 = CARTESIAN_POINT ( 'NONE',  ( 3.299999999999999822, 0.8000000000000001554, -6.750000000000001776 ) ) ;
#3721 = VERTEX_POINT ( 'NONE', #10441 ) ;
#3722 = EDGE_LOOP ( 'NONE', ( #8171, #8591, #1498, #1657 ) ) ;
#3723 = ADVANCED_FACE ( 'NONE', ( #3426 ), #3598, .T. ) ;
#3724 = DIRECTION ( 'NONE',  ( -0.000000000000000000, 2.017120320903263702E-16, -1.000000000000000000 ) ) ;
#3725 = FACE_OUTER_BOUND ( 'NONE', #5083, .T. ) ;
#3726 = DIRECTION ( 'NONE',  ( 1.000000000000000000, 0.000000000000000000, -0.000000000000000000 ) ) ;
#3727 =( NAMED_UNIT ( * ) PLANE_ANGLE_UNIT ( ) SI_UNIT ( $, .RADIAN. ) );
#3728 = CIRCLE ( 'NONE', #7096, 0.1999999999999996503 ) ;
#3729 = VECTOR ( 'NONE', #9327, 1000.000000000000000 ) ;
#3730 = AXIS2_PLACEMENT_3D ( 'NONE', #7931, #1269, #8771 ) ;
#3731 = ORIENTED_EDGE ( 'NONE', *, *, #933, .F. ) ;
#3732 = VECTOR ( 'NONE', #5594, 1000.000000000000000 ) ;
#3733 = DIRECTION ( 'NONE',  ( 0.000000000000000000, 0.000000000000000000, -1.000000000000000000 ) ) ;
#3734 = ORIENTED_EDGE ( 'NONE', *, *, #1339, .T. ) ;
#3735 = EDGE_CURVE ( 'NONE', #2785, #2212, #3539, .T. ) ;
#3736 = DIRECTION ( 'NONE',  ( 1.000000000000000000, -1.327027319204863784E-16, 0.000000000000000000 ) ) ;
#3737 = ORIENTED_EDGE ( 'NONE', *, *, #4090, .F. ) ;
#3738 = ORIENTED_EDGE ( 'NONE', *, *, #9465, .F. ) ;
#3739 = ORIENTED_EDGE ( 'NONE', *, *, #7383, .F. ) ;
#3740 = DIRECTION ( 'NONE',  ( -0.000000000000000000, -1.000000000000000000, -0.000000000000000000 ) ) ;
#3741 = CARTESIAN_POINT ( 'NONE',  ( 3.299999999999999822, 0.8499999999999999778, -6.750000000000001776 ) ) ;
#3742 = PLANE ( 'NONE',  #2151 ) ;
#3743 = FACE_OUTER_BOUND ( 'NONE', #1877, .T. ) ;
#3744 = ADVANCED_FACE ( 'NONE', ( #10560 ), #29, .T. ) ;
#3745 = DIRECTION ( 'NONE',  ( 0.000000000000000000, -1.000000000000000000, 0.000000000000000000 ) ) ;
#3746 = ORIENTED_EDGE ( 'NONE', *, *, #4318, .T. ) ;
#3747 = DIRECTION ( 'NONE',  ( 0.000000000000000000, 0.000000000000000000, 1.000000000000000000 ) ) ;
#3748 = VECTOR ( 'NONE', #4360, 1000.000000000000000 ) ;
#3749 = CARTESIAN_POINT ( 'NONE',  ( 4.336808689942017736E-16, 0.7500000000000006661, 7.549999999999998046 ) ) ;
#3750 = EDGE_LOOP ( 'NONE', ( #9229, #4282, #3393, #2200 ) ) ;
#3751 = CIRCLE ( 'NONE', #5255, 0.5999999999999989786 ) ;
#3752 = DIRECTION ( 'NONE',  ( 0.000000000000000000, -1.000000000000000000, 0.000000000000000000 ) ) ;
#3753 = AXIS2_PLACEMENT_3D ( 'NONE', #6854, #9109, #10580 ) ;
#3754 = EDGE_CURVE ( 'NONE', #896, #4454, #6951, .T. ) ;
#3755 = ORIENTED_EDGE ( 'NONE', *, *, #3967, .T. ) ;
#3756 = ORIENTED_EDGE ( 'NONE', *, *, #5976, .F. ) ;
#3757 = EDGE_CURVE ( 'NONE', #4706, #4612, #7072, .T. ) ;
#3758 = VERTEX_POINT ( 'NONE', #7660 ) ;
#3759 = CARTESIAN_POINT ( 'NONE',  ( -4.250000000000000000, 6.550000000000000711, 5.099999999999999645 ) ) ;
#3760 = CARTESIAN_POINT ( 'NONE',  ( 0.000000000000000000, 11.09999999999999964, 0.000000000000000000 ) ) ;
#3761 = EDGE_CURVE ( 'NONE', #3035, #5607, #3498, .T. ) ;
#3762 = FACE_OUTER_BOUND ( 'NONE', #6447, .T. ) ;
#3763 = DIRECTION ( 'NONE',  ( 0.000000000000000000, 1.000000000000000000, 4.430117370400858162E-17 ) ) ;
#3764 = ORIENTED_EDGE ( 'NONE', *, *, #5196, .T. ) ;
#3765 = CARTESIAN_POINT ( 'NONE',  ( 5.499999999999996447, 5.500000000000000888, 6.700000000000000178 ) ) ;
#3766 = ADVANCED_FACE ( 'NONE', ( #3359 ), #4518, .F. ) ;
#3767 = DIRECTION ( 'NONE',  ( -0.000000000000000000, -0.000000000000000000, -1.000000000000000000 ) ) ;
#3768 = DIRECTION ( 'NONE',  ( 0.000000000000000000, -4.430117370400858162E-17, 1.000000000000000000 ) ) ;
#3769 = LINE ( 'NONE', #1678, #362 ) ;
#3770 = CARTESIAN_POINT ( 'NONE',  ( -3.880824640740575759, 0.09999999999999990841, -4.499999999999997335 ) ) ;
#3771 = ORIENTED_EDGE ( 'NONE', *, *, #500, .T. ) ;
#3772 = ORIENTED_EDGE ( 'NONE', *, *, #10513, .T. ) ;
#3773 = DIRECTION ( 'NONE',  ( -0.000000000000000000, 0.000000000000000000, 1.000000000000000000 ) ) ;
#3774 = AXIS2_PLACEMENT_3D ( 'NONE', #865, #7378, #4786 ) ;
#3775 = EDGE_CURVE ( 'NONE', #1008, #10134, #3512, .T. ) ;
#3776 = ORIENTED_EDGE ( 'NONE', *, *, #2014, .T. ) ;
#3777 = CARTESIAN_POINT ( 'NONE',  ( -6.891491226573391415, -1.690611574686247565, -1.000000000000000000 ) ) ;
#3778 = VERTEX_POINT ( 'NONE', #4944 ) ;
#3779 = CARTESIAN_POINT ( 'NONE',  ( 4.250000000000000000, 6.100000000000000533, -5.099999999999999645 ) ) ;
#3780 = EDGE_CURVE ( 'NONE', #6775, #7666, #10616, .T. ) ;
#3781 = CIRCLE ( 'NONE', #1708, 0.4000000000000001887 ) ;
#3782 = VERTEX_POINT ( 'NONE', #806 ) ;
#3783 = EDGE_CURVE ( 'NONE', #1294, #1781, #7060, .T. ) ;
#3784 = EDGE_LOOP ( 'NONE', ( #2422, #8459, #2305, #9489 ) ) ;
#3785 = CARTESIAN_POINT ( 'NONE',  ( 3.880824640740575759, 0.09999999999999990841, -6.700000000000000178 ) ) ;
#3786 = DIRECTION ( 'NONE',  ( 0.000000000000000000, 1.000000000000000000, 0.000000000000000000 ) ) ;
#3787 = VECTOR ( 'NONE', #1982, 1000.000000000000000 ) ;
#3788 = EDGE_CURVE ( 'NONE', #5219, #5193, #3377, .T. ) ;
#3789 = DIRECTION ( 'NONE',  ( 0.000000000000000000, -2.460132057943349518E-16, 1.000000000000000000 ) ) ;
#3790 = EDGE_LOOP ( 'NONE', ( #487, #4095, #4092, #4265 ) ) ;
#3791 = LINE ( 'NONE', #6328, #3732 ) ;
#3792 = ADVANCED_FACE ( 'NONE', ( #7132 ), #10604, .T. ) ;
#3793 = ORIENTED_EDGE ( 'NONE', *, *, #2777, .F. ) ;
#3794 = CARTESIAN_POINT ( 'NONE',  ( 5.799999999999996270, 0.5000000000000002220, -4.499999999999997335 ) ) ;
#3795 = ORIENTED_EDGE ( 'NONE', *, *, #4401, .T. ) ;
#3796 = DIRECTION ( 'NONE',  ( 0.000000000000000000, -1.000000000000000000, 0.000000000000000000 ) ) ;
#3797 = AXIS2_PLACEMENT_3D ( 'NONE', #1671, #2493, #4969 ) ;
#3798 = VECTOR ( 'NONE', #5079, 1000.000000000000000 ) ;
#3799 = CARTESIAN_POINT ( 'NONE',  ( -1.699999999999999956, 0.7999999999999982681, 7.549999999999999822 ) ) ;
#3800 = DIRECTION ( 'NONE',  ( 0.000000000000000000, 0.000000000000000000, -1.000000000000000000 ) ) ;
#3801 = ORIENTED_EDGE ( 'NONE', *, *, #7381, .F. ) ;
#3802 = LINE ( 'NONE', #3274, #165 ) ;
#3803 = VERTEX_POINT ( 'NONE', #5706 ) ;
#3804 = EDGE_CURVE ( 'NONE', #2094, #7107, #10532, .T. ) ;
#3805 = ORIENTED_EDGE ( 'NONE', *, *, #2918, .F. ) ;
#3806 = VECTOR ( 'NONE', #10108, 1000.000000000000000 ) ;
#3807 = EDGE_CURVE ( 'NONE', #370, #5485, #3455, .T. ) ;
#3808 = CARTESIAN_POINT ( 'NONE',  ( 6.199999999999998401, -0.6400000000000000133, 1.000000000000000000 ) ) ;
#3809 = DIRECTION ( 'NONE',  ( 1.000000000000000000, 1.341711765540131426E-16, 0.000000000000000000 ) ) ;
#3810 = ORIENTED_EDGE ( 'NONE', *, *, #793, .T. ) ;
#3811 = ADVANCED_FACE ( 'NONE', ( #81 ), #9013, .T. ) ;
#3812 = CARTESIAN_POINT ( 'NONE',  ( -2.100000000000000089, 0.8000000000000001554, -6.800000000000001599 ) ) ;
#3813 = DIRECTION ( 'NONE',  ( -0.000000000000000000, 2.409338161078894743E-16, 1.000000000000000000 ) ) ;
#3814 = CARTESIAN_POINT ( 'NONE',  ( -2.598076211353316900, 29.50000000000000000, 1.499999999999999112 ) ) ;
#3815 = LINE ( 'NONE', #8381, #129 ) ;
#3816 = ORIENTED_EDGE ( 'NONE', *, *, #6270, .F. ) ;
#3817 = EDGE_LOOP ( 'NONE', ( #7625, #2691, #7924, #2831, #3206 ) ) ;
#3818 = UNCERTAINTY_MEASURE_WITH_UNIT (LENGTH_MEASURE( 1.000000000000000082E-05 ), #2428, 'distance_accuracy_value', 'NONE');
#3819 = AXIS2_PLACEMENT_3D ( 'NONE', #9487, #5233, #6043 ) ;
#3820 = EDGE_LOOP ( 'NONE', ( #8632, #944, #6868, #1133 ) ) ;
#3821 = DIRECTION ( 'NONE',  ( -1.807003620809174139E-16, 1.000000000000000000, 4.430117370400858162E-17 ) ) ;
#3822 = CYLINDRICAL_SURFACE ( 'NONE', #432, 0.04999999999999969746 ) ;
#3823 = EDGE_CURVE ( 'NONE', #2218, #10021, #3571, .T. ) ;
#3824 = EDGE_LOOP ( 'NONE', ( #5429, #10246, #9181, #2410 ) ) ;
#3825 = LINE ( 'NONE', #4467, #7377 ) ;
#3826 = EDGE_CURVE ( 'NONE', #5915, #6367, #7118, .T. ) ;
#3827 = VERTEX_POINT ( 'NONE', #4097 ) ;
#3828 = ORIENTED_EDGE ( 'NONE', *, *, #4311, .F. ) ;
#3829 = CARTESIAN_POINT ( 'NONE',  ( -5.943206300660539121, -2.598762745933357543, 0.000000000000000000 ) ) ;
#3830 = VECTOR ( 'NONE', #7549, 1000.000000000000000 ) ;
#3831 = ADVANCED_FACE ( 'NONE', ( #7007 ), #9159, .T. ) ;
#3832 = DIRECTION ( 'NONE',  ( 1.000000000000000000, 0.000000000000000000, 0.000000000000000000 ) ) ;
#3833 = ORIENTED_EDGE ( 'NONE', *, *, #3514, .T. ) ;
#3834 = DIRECTION ( 'NONE',  ( 1.000000000000000000, 0.000000000000000000, 0.000000000000000000 ) ) ;
#3835 = ORIENTED_EDGE ( 'NONE', *, *, #2563, .T. ) ;
#3836 = LINE ( 'NONE', #3048, #7588 ) ;
#3837 = CARTESIAN_POINT ( 'NONE',  ( 3.016417413042201456, 2.170863245782921780, 7.549999999999999822 ) ) ;
#3838 = CARTESIAN_POINT ( 'NONE',  ( -5.499999999999996447, 0.000000000000000000, 6.700000000000000178 ) ) ;
#3839 = LINE ( 'NONE', #5337, #294 ) ;
#3840 = DIRECTION ( 'NONE',  ( -1.807003620809174139E-16, 1.000000000000000000, 4.430117370400858162E-17 ) ) ;
#3841 = VERTEX_POINT ( 'NONE', #5641 ) ;
#3842 = VECTOR ( 'NONE', #5087, 1000.000000000000000 ) ;
#3843 = EDGE_CURVE ( 'NONE', #266, #6041, #3635, .T. ) ;
#3844 = ORIENTED_EDGE ( 'NONE', *, *, #267, .F. ) ;
#3845 = CARTESIAN_POINT ( 'NONE',  ( -3.880824640740575759, 0.4999999999999998890, 3.000000000000000000 ) ) ;
#3846 = ORIENTED_EDGE ( 'NONE', *, *, #1272, .F. ) ;
#3847 = DIRECTION ( 'NONE',  ( -1.000000000000000000, 0.000000000000000000, -0.000000000000000000 ) ) ;
#3848 = DIRECTION ( 'NONE',  ( 0.000000000000000000, -0.000000000000000000, 1.000000000000000000 ) ) ;
#3849 = VECTOR ( 'NONE', #399, 1000.000000000000000 ) ;
#3850 = FACE_OUTER_BOUND ( 'NONE', #4932, .T. ) ;
#3851 = VERTEX_POINT ( 'NONE', #9092 ) ;
#3852 = LINE ( 'NONE', #9015, #8369 ) ;
#3853 = ADVANCED_FACE ( 'NONE', ( #10404 ), #2404, .F. ) ;
#3854 = DIRECTION ( 'NONE',  ( -0.7071067811865489050, 0.000000000000000000, -0.7071067811865462405 ) ) ;
#3855 = FACE_OUTER_BOUND ( 'NONE', #8133, .T. ) ;
#3856 = DIRECTION ( 'NONE',  ( -1.000000000000000000, 0.000000000000000000, 0.000000000000000000 ) ) ;
#3857 = VECTOR ( 'NONE', #494, 1000.000000000000000 ) ;
#3858 = DIRECTION ( 'NONE',  ( 0.000000000000000000, -1.000000000000000000, -2.460132057943349518E-16 ) ) ;
#3859 = DIRECTION ( 'NONE',  ( -0.000000000000000000, -0.000000000000000000, 1.000000000000000000 ) ) ;
#3860 = VERTEX_POINT ( 'NONE', #55 ) ;
#3861 = LINE ( 'NONE', #180, #192 ) ;
#3862 = DIRECTION ( 'NONE',  ( 0.000000000000000000, -1.000000000000000000, -0.000000000000000000 ) ) ;
#3863 = VERTEX_POINT ( 'NONE', #3177 ) ;
#3864 = DIRECTION ( 'NONE',  ( 1.000000000000000000, -0.000000000000000000, -0.000000000000000000 ) ) ;
#3865 = AXIS2_PLACEMENT_3D ( 'NONE', #96, #1769, #8991 ) ;
#3866 = LINE ( 'NONE', #2984, #7601 ) ;
#3867 = ORIENTED_EDGE ( 'NONE', *, *, #52, .T. ) ;
#3868 = FACE_OUTER_BOUND ( 'NONE', #9730, .T. ) ;
#3869 = EDGE_CURVE ( 'NONE', #2011, #3090, #3329, .T. ) ;
#3870 = CIRCLE ( 'NONE', #8412, 0.2000000000000007327 ) ;
#3871 = LINE ( 'NONE', #10364, #7517 ) ;
#3872 = ORIENTED_EDGE ( 'NONE', *, *, #10585, .F. ) ;
#3873 = SURFACE_STYLE_FILL_AREA ( #3272 ) ;
#3874 = CARTESIAN_POINT ( 'NONE',  ( 0.05000000000000012768, -2.299999999999999822, 7.699999999999997513 ) ) ;
#3875 = AXIS2_PLACEMENT_3D ( 'NONE', #6290, #7727, #6087 ) ;
#3876 = CARTESIAN_POINT ( 'NONE',  ( 0.000000000000000000, 0.09999999999999971412, 4.500000000000000888 ) ) ;
#3877 = EDGE_LOOP ( 'NONE', ( #5949, #7407, #5264, #9062 ) ) ;
#3878 = CARTESIAN_POINT ( 'NONE',  ( -5.799999999999996270, 2.399999999999999023, -4.499999999999997335 ) ) ;
#3879 = CARTESIAN_POINT ( 'NONE',  ( -5.353484830911968473, -3.500000000000000444, 0.000000000000000000 ) ) ;
#3880 = DIRECTION ( 'NONE',  ( 0.000000000000000000, -1.000000000000000000, 0.000000000000000000 ) ) ;
#3881 = DIRECTION ( 'NONE',  ( 0.000000000000000000, 0.000000000000000000, 1.000000000000000000 ) ) ;
#3882 = DIRECTION ( 'NONE',  ( 0.000000000000000000, -4.430117370400858162E-17, 1.000000000000000000 ) ) ;
#3883 = AXIS2_PLACEMENT_3D ( 'NONE', #7503, #2936, #8500 ) ;
#3884 = EDGE_CURVE ( 'NONE', #10172, #8228, #10419, .T. ) ;
#3885 = ORIENTED_EDGE ( 'NONE', *, *, #4049, .F. ) ;
#3886 = CARTESIAN_POINT ( 'NONE',  ( 1.700000000000000178, 0.8000000000000001554, -6.800000000000001599 ) ) ;
#3887 = CARTESIAN_POINT ( 'NONE',  ( 5.450000000000000178, 5.700000000000000178, 6.700000000000000178 ) ) ;
#3888 = VECTOR ( 'NONE', #2217, 1000.000000000000000 ) ;
#3889 = VECTOR ( 'NONE', #2565, 1000.000000000000000 ) ;
#3890 = EDGE_CURVE ( 'NONE', #3601, #861, #10433, .T. ) ;
#3891 = DIRECTION ( 'NONE',  ( 0.000000000000000000, 0.000000000000000000, -1.000000000000000000 ) ) ;
#3892 = VERTEX_POINT ( 'NONE', #6381 ) ;
#3893 = CARTESIAN_POINT ( 'NONE',  ( 4.336808689942017736E-16, 0.6999999999999998446, 7.549999999999999822 ) ) ;
#3894 = EDGE_CURVE ( 'NONE', #5482, #4087, #401, .T. ) ;
#3895 = VERTEX_POINT ( 'NONE', #10505 ) ;
#3896 = ADVANCED_FACE ( 'NONE', ( #7262 ), #1238, .T. ) ;
#3897 = EDGE_CURVE ( 'NONE', #5118, #2575, #3718, .T. ) ;
#3898 = CARTESIAN_POINT ( 'NONE',  ( 5.049999999999998046, 1.000000000000000000, -5.350000000000001421 ) ) ;
#3899 = CARTESIAN_POINT ( 'NONE',  ( 0.000000000000000000, 3.100000000000000089, 1.599999999999999867 ) ) ;
#3900 = VECTOR ( 'NONE', #5396, 1000.000000000000000 ) ;
#3901 = CARTESIAN_POINT ( 'NONE',  ( 0.8000000000000001554, 2.949999999999998845, 7.299999999999999822 ) ) ;
#3902 = EDGE_LOOP ( 'NONE', ( #1373, #8485, #5055, #8070 ) ) ;
#3903 = CARTESIAN_POINT ( 'NONE',  ( 2.449999999999999734, -2.299999999999998046, -7.050000000000000711 ) ) ;
#3904 = TOROIDAL_SURFACE ( 'NONE', #7464, 0.4249999999999999334, 0.1499999999999999944 ) ;
#3905 = CARTESIAN_POINT ( 'NONE',  ( -6.563830408857795895, -1.920042149226665718, -1.000000000000000000 ) ) ;
#3906 = DIRECTION ( 'NONE',  ( 0.000000000000000000, -1.000000000000000000, -0.000000000000000000 ) ) ;
#3907 = CARTESIAN_POINT ( 'NONE',  ( 5.699999999999998401, 0.09999999999999993616, 3.000000000000000444 ) ) ;
#3908 = VERTEX_POINT ( 'NONE', #2670 ) ;
#3909 = AXIS2_PLACEMENT_3D ( 'NONE', #5138, #1213, #2073 ) ;
#3910 = EDGE_CURVE ( 'NONE', #896, #9122, #3939, .T. ) ;
#3911 = EDGE_CURVE ( 'NONE', #5803, #881, #3861, .T. ) ;
#3912 = EDGE_LOOP ( 'NONE', ( #4381, #6520, #10291, #6414 ) ) ;
#3913 = DIRECTION ( 'NONE',  ( -1.000000000000000000, -0.000000000000000000, 0.000000000000000000 ) ) ;
#3914 = PLANE ( 'NONE',  #70 ) ;
#3915 = EDGE_CURVE ( 'NONE', #1680, #3330, #381, .T. ) ;
#3916 = LINE ( 'NONE', #8952, #4160 ) ;
#3917 = VERTEX_POINT ( 'NONE', #5978 ) ;
#3918 = DIRECTION ( 'NONE',  ( 0.000000000000000000, 0.000000000000000000, -1.000000000000000000 ) ) ;
#3919 = ORIENTED_EDGE ( 'NONE', *, *, #9344, .T. ) ;
#3920 = LINE ( 'NONE', #601, #7515 ) ;
#3921 = DIRECTION ( 'NONE',  ( -1.341711765540131426E-16, 1.000000000000000000, 0.000000000000000000 ) ) ;
#3922 = LINE ( 'NONE', #1065, #3787 ) ;
#3923 = DIRECTION ( 'NONE',  ( -0.000000000000000000, 4.430117370400858162E-17, -1.000000000000000000 ) ) ;
#3924 = PLANE ( 'NONE',  #8859 ) ;
#3925 = ORIENTED_EDGE ( 'NONE', *, *, #9027, .F. ) ;
#3926 = AXIS2_PLACEMENT_3D ( 'NONE', #6482, #10529, #7979 ) ;
#3927 = CARTESIAN_POINT ( 'NONE',  ( 5.499999999999996447, 5.500000000000000888, 6.400000000000000355 ) ) ;
#3928 = VERTEX_POINT ( 'NONE', #9296 ) ;
#3929 = ORIENTED_EDGE ( 'NONE', *, *, #3360, .F. ) ;
#3930 = CARTESIAN_POINT ( 'NONE',  ( -1.699999999999999956, 2.999999999999998224, 6.349999999999997868 ) ) ;
#3931 = CARTESIAN_POINT ( 'NONE',  ( -4.549999999999997158, 2.400000000000000355, -5.850000000000000533 ) ) ;
#3932 = DIRECTION ( 'NONE',  ( -2.478176394252553728E-15, 0.000000000000000000, -1.000000000000000000 ) ) ;
#3933 = EDGE_CURVE ( 'NONE', #9967, #5118, #3683, .T. ) ;
#3934 = ORIENTED_EDGE ( 'NONE', *, *, #8024, .T. ) ;
#3935 = EDGE_LOOP ( 'NONE', ( #3243, #4698, #8300, #3846 ) ) ;
#3936 = VECTOR ( 'NONE', #4811, 1000.000000000000000 ) ;
#3937 = LINE ( 'NONE', #2500, #3889 ) ;
#3938 = ORIENTED_EDGE ( 'NONE', *, *, #7119, .F. ) ;
#3939 = LINE ( 'NONE', #8599, #7282 ) ;
#3940 = DIRECTION ( 'NONE',  ( 0.000000000000000000, 0.000000000000000000, -1.000000000000000000 ) ) ;
#3941 = CARTESIAN_POINT ( 'NONE',  ( -4.250000000000000000, 6.700000000000000178, 4.525000000000001243 ) ) ;
#3942 = ORIENTED_EDGE ( 'NONE', *, *, #6812, .T. ) ;
#3943 = STYLED_ITEM ( 'NONE', ( #3235 ), #3491 ) ;
#3944 = DIRECTION ( 'NONE',  ( 0.000000000000000000, 0.000000000000000000, -1.000000000000000000 ) ) ;
#3945 = DIRECTION ( 'NONE',  ( -0.8191520442889909104, -0.5735764363510473807, 0.000000000000000000 ) ) ;
#3946 = DIRECTION ( 'NONE',  ( -1.000000000000000000, -0.000000000000000000, -0.000000000000000000 ) ) ;
#3947 = CARTESIAN_POINT ( 'NONE',  ( -5.450000000000000178, 5.700000000000000178, -6.700000000000000178 ) ) ;
#3948 = EDGE_CURVE ( 'NONE', #4232, #9308, #265, .T. ) ;
#3949 = PLANE ( 'NONE',  #10414 ) ;
#3950 = CIRCLE ( 'NONE', #2244, 0.5999999999999989786 ) ;
#3951 = ORIENTED_EDGE ( 'NONE', *, *, #6496, .F. ) ;
#3952 = CARTESIAN_POINT ( 'NONE',  ( -3.850000000000000089, 2.400000000000000355, 5.850000000000000533 ) ) ;
#3953 = ORIENTED_EDGE ( 'NONE', *, *, #1329, .F. ) ;
#3954 = DIRECTION ( 'NONE',  ( 0.000000000000000000, 0.000000000000000000, -1.000000000000000000 ) ) ;
#3956 = AXIS2_PLACEMENT_3D ( 'NONE', #2432, #993, #8281 ) ;
#3955 = VECTOR ( 'NONE', #445, 1000.000000000000000 ) ;
#3957 = DIRECTION ( 'NONE',  ( -0.000000000000000000, -0.000000000000000000, 1.000000000000000000 ) ) ;
#3958 = CLOSED_SHELL ( 'NONE', ( #3643, #4537, #121, #9414, #5295, #9732 ) ) ;
#3959 = LINE ( 'NONE', #5376, #3655 ) ;
#3960 = CARTESIAN_POINT ( 'NONE',  ( -3.880824640740575759, 0.4999999999999998890, 3.000000000000000000 ) ) ;
#3961 = ORIENTED_EDGE ( 'NONE', *, *, #2160, .F. ) ;
#3962 = DIRECTION ( 'NONE',  ( 0.5735764363510473807, 0.8191520442889911324, -0.000000000000000000 ) ) ;
#3963 = CARTESIAN_POINT ( 'NONE',  ( -5.799999999999998046, 0.5000000000000004441, -4.500000000000000000 ) ) ;
#3964 = CIRCLE ( 'NONE', #10052, 0.1999999999999996503 ) ;
#3965 = CARTESIAN_POINT ( 'NONE',  ( -2.500000000000000000, -2.349999999999998312, -7.050000000000000711 ) ) ;
#3966 = EDGE_LOOP ( 'NONE', ( #8203, #1322, #1563, #4968 ) ) ;
#3967 = EDGE_CURVE ( 'NONE', #4832, #7697, #94, .T. ) ;
#3968 = DIRECTION ( 'NONE',  ( 0.000000000000000000, 0.000000000000000000, -1.000000000000000000 ) ) ;
#3969 = VECTOR ( 'NONE', #6580, 1000.000000000000000 ) ;
#3970 = FACE_OUTER_BOUND ( 'NONE', #3005, .T. ) ;
#3971 = DIRECTION ( 'NONE',  ( 1.327027319204863784E-16, -1.000000000000000000, -0.000000000000000000 ) ) ;
#3972 = DIRECTION ( 'NONE',  ( 1.000000000000000000, 0.000000000000000000, 0.000000000000000000 ) ) ;
#3973 = LINE ( 'NONE', #4578, #3857 ) ;
#3974 = AXIS2_PLACEMENT_3D ( 'NONE', #1543, #5693, #790 ) ;
#3975 = ORIENTED_EDGE ( 'NONE', *, *, #847, .F. ) ;
#3976 = LINE ( 'NONE', #1306, #134 ) ;
#3977 = CARTESIAN_POINT ( 'NONE',  ( -1.699999999999999956, 0.8000000000000001554, -6.800000000000001599 ) ) ;
#3978 = ORIENTED_EDGE ( 'NONE', *, *, #2894, .F. ) ;
#3979 = CARTESIAN_POINT ( 'NONE',  ( -6.399999999999998579, -2.034757436496875016, 1.000000000000000000 ) ) ;
#3980 = ORIENTED_EDGE ( 'NONE', *, *, #10411, .F. ) ;
#3981 = CARTESIAN_POINT ( 'NONE',  ( 6.200000000000000178, 0.000000000000000000, 1.000000000000000000 ) ) ;
#3982 = VECTOR ( 'NONE', #8477, 1000.000000000000000 ) ;
#3983 = AXIS2_PLACEMENT_3D ( 'NONE', #2914, #5611, #3141 ) ;
#3984 = ORIENTED_EDGE ( 'NONE', *, *, #5860, .F. ) ;
#3985 = CARTESIAN_POINT ( 'NONE',  ( -5.799999999999996270, 1.000000000000000000, -6.400000000000000355 ) ) ;
#3986 = CYLINDRICAL_SURFACE ( 'NONE', #832, 0.6000000000000007550 ) ;
#3987 = CARTESIAN_POINT ( 'NONE',  ( -6.514715287270208322, -2.198587845354674108, -1.000000000000000000 ) ) ;
#3988 = SURFACE_STYLE_FILL_AREA ( #10295 ) ;
#3989 = CARTESIAN_POINT ( 'NONE',  ( 0.000000000000000000, 2.100000000000000089, -1.599999999999999867 ) ) ;
#3990 = ORIENTED_EDGE ( 'NONE', *, *, #9329, .T. ) ;
#3991 = AXIS2_PLACEMENT_3D ( 'NONE', #2403, #5640, #5772 ) ;
#3992 = DIRECTION ( 'NONE',  ( 0.000000000000000000, -1.000000000000000000, 0.000000000000000000 ) ) ;
#3993 = VERTEX_POINT ( 'NONE', #2597 ) ;
#3994 = DIRECTION ( 'NONE',  ( 0.000000000000000000, 0.000000000000000000, -1.000000000000000000 ) ) ;
#3995 = EDGE_CURVE ( 'NONE', #1757, #4163, #7357, .T. ) ;
#3996 = CARTESIAN_POINT ( 'NONE',  ( 3.999999999999998224, 0.000000000000000000, 5.850000000000000533 ) ) ;
#3997 = CARTESIAN_POINT ( 'NONE',  ( 0.000000000000000000, 0.09999999999999971412, 4.500000000000000888 ) ) ;
#3998 = VECTOR ( 'NONE', #1256, 1000.000000000000000 ) ;
#3999 = DIRECTION ( 'NONE',  ( 0.000000000000000000, -1.000000000000000000, -4.430117370400858162E-17 ) ) ;
#4000 = ADVANCED_FACE ( 'NONE', ( #417 ), #171, .F. ) ;
#4001 = CARTESIAN_POINT ( 'NONE',  ( -1.603581858547019623, 2.685093333532154070, 7.299999999999998934 ) ) ;
#4002 = EDGE_LOOP ( 'NONE', ( #4122, #730, #501, #4967, #8085, #8980, #7255, #819 ) ) ;
#4003 = CIRCLE ( 'NONE', #9654, 0.5999999999999989786 ) ;
#4004 = AXIS2_PLACEMENT_3D ( 'NONE', #7574, #4841, #8432 ) ;
#4005 = VECTOR ( 'NONE', #2083, 1000.000000000000000 ) ;
#4006 = VERTEX_POINT ( 'NONE', #2025 ) ;
#4007 = FACE_OUTER_BOUND ( 'NONE', #7655, .T. ) ;
#4008 = CARTESIAN_POINT ( 'NONE',  ( 2.900000000000000355, 0.3544119062935187636, 6.700000000000000178 ) ) ;
#4009 = AXIS2_PLACEMENT_3D ( 'NONE', #7959, #1565, #8802 ) ;
#4010 = EDGE_CURVE ( 'NONE', #750, #1178, #3825, .T. ) ;
#4011 = VERTEX_POINT ( 'NONE', #4542 ) ;
#4012 = EDGE_LOOP ( 'NONE', ( #2093, #5798, #1858, #5972 ) ) ;
#4013 = ORIENTED_EDGE ( 'NONE', *, *, #8294, .T. ) ;
#4014 = DIRECTION ( 'NONE',  ( -0.5735764363510492680, -0.8191520442889894671, 0.000000000000000000 ) ) ;
#4015 = EDGE_CURVE ( 'NONE', #5413, #8638, #3959, .T. ) ;
#4016 = PLANE ( 'NONE',  #7723 ) ;
#4017 = DIRECTION ( 'NONE',  ( -0.000000000000000000, -0.000000000000000000, -1.000000000000000000 ) ) ;
#4018 = CARTESIAN_POINT ( 'NONE',  ( -6.399999999999998579, -2.034757436496875016, 1.000000000000000000 ) ) ;
#4019 = CARTESIAN_POINT ( 'NONE',  ( -6.236169591142200375, -0.7547152872702095339, 1.000000000000000000 ) ) ;
#4020 = VECTOR ( 'NONE', #7780, 1000.000000000000000 ) ;
#4021 = ORIENTED_EDGE ( 'NONE', *, *, #7572, .T. ) ;
#4022 = DIRECTION ( 'NONE',  ( 0.000000000000000000, -0.000000000000000000, 1.000000000000000000 ) ) ;
#4023 = EDGE_CURVE ( 'NONE', #2921, #7256, #3976, .T. ) ;
#4024 = FACE_OUTER_BOUND ( 'NONE', #3877, .T. ) ;
#4025 = ADVANCED_FACE ( 'NONE', ( #7300 ), #2746, .F. ) ;
#4026 = VECTOR ( 'NONE', #5652, 1000.000000000000000 ) ;
#4027 = LINE ( 'NONE', #8922, #7827 ) ;
#4028 =( NAMED_UNIT ( * ) SI_UNIT ( $, .STERADIAN. ) SOLID_ANGLE_UNIT ( ) );
#4029 = EDGE_CURVE ( 'NONE', #7618, #39, #3751, .T. ) ;
#4030 = VERTEX_POINT ( 'NONE', #3452 ) ;
#4031 = VECTOR ( 'NONE', #9615, 1000.000000000000000 ) ;
#4032 = DIRECTION ( 'NONE',  ( 0.000000000000000000, 1.000000000000000000, 0.000000000000000000 ) ) ;
#4033 = EDGE_LOOP ( 'NONE', ( #7061, #9154, #4073, #6074 ) ) ;
#4034 = DIRECTION ( 'NONE',  ( 0.000000000000000000, 1.000000000000000000, 0.000000000000000000 ) ) ;
#4035 = SURFACE_STYLE_USAGE ( .BOTH. , #753 ) ;
#4036 = AXIS2_PLACEMENT_3D ( 'NONE', #2680, #5168, #5985 ) ;
#4037 = FACE_OUTER_BOUND ( 'NONE', #4990, .T. ) ;
#4038 = ORIENTED_EDGE ( 'NONE', *, *, #8468, .T. ) ;
#4039 = DIRECTION ( 'NONE',  ( 0.000000000000000000, -1.000000000000000000, -2.460132057943349518E-16 ) ) ;
#4040 = CARTESIAN_POINT ( 'NONE',  ( 5.799999999999997158, 1.000000000000000222, 4.500000000000000888 ) ) ;
#4041 = DIRECTION ( 'NONE',  ( 0.000000000000000000, 0.000000000000000000, -1.000000000000000000 ) ) ;
#4042 = EDGE_CURVE ( 'NONE', #1594, #5131, #279, .T. ) ;
#4043 = VECTOR ( 'NONE', #3497, 1000.000000000000000 ) ;
#4044 = DIRECTION ( 'NONE',  ( 0.000000000000000000, -0.000000000000000000, 1.000000000000000000 ) ) ;
#4045 = CARTESIAN_POINT ( 'NONE',  ( 3.299999999999999822, 3.249999999999998224, 7.249999999999999112 ) ) ;
#4046 = ORIENTED_EDGE ( 'NONE', *, *, #793, .F. ) ;
#4047 = VECTOR ( 'NONE', #8274, 1000.000000000000000 ) ;
#4048 = ADVANCED_FACE ( 'NONE', ( #7433 ), #1167, .T. ) ;
#4049 = EDGE_CURVE ( 'NONE', #1191, #4482, #333, .T. ) ;
#4050 = CARTESIAN_POINT ( 'NONE',  ( 5.049999999999997158, 2.128355624055937206E-16, -6.700000000000000178 ) ) ;
#4051 = ORIENTED_EDGE ( 'NONE', *, *, #3890, .F. ) ;
#4052 = CARTESIAN_POINT ( 'NONE',  ( 4.549999999999997158, 2.400000000000000355, 5.850000000000000533 ) ) ;
#4053 = CARTESIAN_POINT ( 'NONE',  ( 5.499999999999996447, 5.500000000000000888, -6.500000000000000888 ) ) ;
#4054 = ORIENTED_EDGE ( 'NONE', *, *, #1465, .T. ) ;
#4055 = CARTESIAN_POINT ( 'NONE',  ( 2.500000000000000444, 0.1000000000000017125, -7.200000000000000178 ) ) ;
#4056 = TOROIDAL_SURFACE ( 'NONE', #4274, 0.05000000000000075218, 0.1499999999999999944 ) ;
#4057 = VECTOR ( 'NONE', #8135, 1000.000000000000000 ) ;
#4058 = VERTEX_POINT ( 'NONE', #7533 ) ;
#4059 = ORIENTED_EDGE ( 'NONE', *, *, #3656, .F. ) ;
#4060 = AXIS2_PLACEMENT_3D ( 'NONE', #9299, #2675, #2750 ) ;
#4061 = CARTESIAN_POINT ( 'NONE',  ( -5.450000000000000178, 6.100000000000000533, -6.400000000000000355 ) ) ;
#4062 = VECTOR ( 'NONE', #8601, 999.9999999999998863 ) ;
#4063 = CARTESIAN_POINT ( 'NONE',  ( 3.299999999999999822, 2.949999999999998845, 7.249999999999999112 ) ) ;
#4064 = VECTOR ( 'NONE', #9858, 1000.000000000000000 ) ;
#4065 = DIRECTION ( 'NONE',  ( -0.000000000000000000, -1.445602896647339163E-16, -1.000000000000000000 ) ) ;
#4066 = EDGE_CURVE ( 'NONE', #4068, #1926, #7246, .T. ) ;
#4067 = CARTESIAN_POINT ( 'NONE',  ( -5.499999999999996447, 5.700000000000000178, 6.400000000000000355 ) ) ;
#4068 = VERTEX_POINT ( 'NONE', #5301 ) ;
#4069 = LINE ( 'NONE', #907, #7743 ) ;
#4070 = EDGE_CURVE ( 'NONE', #6703, #1619, #149, .T. ) ;
#4071 = CARTESIAN_POINT ( 'NONE',  ( 5.499999999999996447, 5.500000000000000888, 6.500000000000000888 ) ) ;
#4072 = CARTESIAN_POINT ( 'NONE',  ( 5.750000000000000000, 5.700000000000000178, 6.400000000000000355 ) ) ;
#4073 = ORIENTED_EDGE ( 'NONE', *, *, #10482, .T. ) ;
#4074 = DIRECTION ( 'NONE',  ( 0.000000000000000000, 1.000000000000000000, 0.000000000000000000 ) ) ;
#4075 = ADVANCED_FACE ( 'NONE', ( #452 ), #7481, .F. ) ;
#4076 = ORIENTED_EDGE ( 'NONE', *, *, #9785, .F. ) ;
#4077 = ORIENTED_EDGE ( 'NONE', *, *, #10495, .F. ) ;
#4078 = CARTESIAN_POINT ( 'NONE',  ( 5.450000000000000178, 5.700000000000000178, 6.400000000000000355 ) ) ;
#4079 = DIRECTION ( 'NONE',  ( -0.000000000000000000, -1.000000000000000000, -0.000000000000000000 ) ) ;
#4080 = VECTOR ( 'NONE', #2345, 1000.000000000000000 ) ;
#4081 = CARTESIAN_POINT ( 'NONE',  ( -4.250000000000000000, 6.550000000000000711, -5.099999999999999645 ) ) ;
#4082 = DIRECTION ( 'NONE',  ( 0.9396926207859082059, 0.3420201433256695456, 8.414147190578587988E-17 ) ) ;
#4083 = ORIENTED_EDGE ( 'NONE', *, *, #5696, .F. ) ;
#4084 = ORIENTED_EDGE ( 'NONE', *, *, #7760, .T. ) ;
#4085 = ORIENTED_EDGE ( 'NONE', *, *, #9325, .T. ) ;
#4086 = LINE ( 'NONE', #8186, #545 ) ;
#4087 = VERTEX_POINT ( 'NONE', #616 ) ;
#4088 = FACE_OUTER_BOUND ( 'NONE', #732, .T. ) ;
#4089 = DIRECTION ( 'NONE',  ( 0.000000000000000000, 0.000000000000000000, -1.000000000000000000 ) ) ;
#4090 = EDGE_CURVE ( 'NONE', #1933, #10196, #7537, .T. ) ;
#4091 = DIRECTION ( 'NONE',  ( -0.000000000000000000, -0.000000000000000000, -1.000000000000000000 ) ) ;
#4092 = ORIENTED_EDGE ( 'NONE', *, *, #9146, .F. ) ;
#4093 = EDGE_LOOP ( 'NONE', ( #2844, #8097, #9744, #3457 ) ) ;
#4094 = AXIS2_PLACEMENT_3D ( 'NONE', #6821, #9857, #8920 ) ;
#4095 = ORIENTED_EDGE ( 'NONE', *, *, #257, .T. ) ;
#4096 = CARTESIAN_POINT ( 'NONE',  ( -5.828491013390330266, -2.434932337075561115, -1.000000000000000000 ) ) ;
#4097 = CARTESIAN_POINT ( 'NONE',  ( 5.049999999999997158, 0.5000000000000000000, -3.000000000000000000 ) ) ;
#4098 =( NAMED_UNIT ( * ) PLANE_ANGLE_UNIT ( ) SI_UNIT ( $, .RADIAN. ) );
#4099 = DIRECTION ( 'NONE',  ( 1.000000000000000000, -1.341711765540131426E-16, 0.000000000000000000 ) ) ;
#4100 = ADVANCED_FACE ( 'NONE', ( #7397 ), #4752, .F. ) ;
#4101 = ORIENTED_EDGE ( 'NONE', *, *, #5854, .T. ) ;
#4102 = CARTESIAN_POINT ( 'NONE',  ( -3.850000000000000089, 1.000000000000000000, 5.850000000000000533 ) ) ;
#4103 = EDGE_LOOP ( 'NONE', ( #4772, #7763, #6459, #7902, #7065, #1438, #4632, #4148 ) ) ;
#4104 = ORIENTED_EDGE ( 'NONE', *, *, #415, .F. ) ;
#4105 = LINE ( 'NONE', #4754, #566 ) ;
#4106 = PRESENTATION_STYLE_ASSIGNMENT (( #7226 ) ) ;
#4107 = ORIENTED_EDGE ( 'NONE', *, *, #2544, .F. ) ;
#4108 = LINE ( 'NONE', #2356, #721 ) ;
#4109 = CARTESIAN_POINT ( 'NONE',  ( 6.172636875200958606, -2.926423563648953063, 1.000000000000000000 ) ) ;
#4110 = EDGE_CURVE ( 'NONE', #654, #7451, #7318, .T. ) ;
#4111 = ORIENTED_EDGE ( 'NONE', *, *, #10598, .T. ) ;
#4112 = ORIENTED_EDGE ( 'NONE', *, *, #2372, .F. ) ;
#4113 = ORIENTED_EDGE ( 'NONE', *, *, #989, .T. ) ;
#4114 = ORIENTED_EDGE ( 'NONE', *, *, #8309, .T. ) ;
#4115 = DIRECTION ( 'NONE',  ( -0.000000000000000000, -0.000000000000000000, -1.000000000000000000 ) ) ;
#4116 = AXIS2_PLACEMENT_3D ( 'NONE', #371, #7815, #1777 ) ;
#4117 = DIRECTION ( 'NONE',  ( 0.000000000000000000, 1.000000000000000000, 0.000000000000000000 ) ) ;
#4118 = CIRCLE ( 'NONE', #3139, 0.5749999999999982903 ) ;
#4119 = DIRECTION ( 'NONE',  ( 0.000000000000000000, 2.017120320903263702E-16, -1.000000000000000000 ) ) ;
#4120 = ORIENTED_EDGE ( 'NONE', *, *, #4739, .F. ) ;
#4121 = CARTESIAN_POINT ( 'NONE',  ( -5.799999999999996270, 5.500000000000000888, 6.400000000000000355 ) ) ;
#4122 = ORIENTED_EDGE ( 'NONE', *, *, #4696, .T. ) ;
#4123 = EDGE_CURVE ( 'NONE', #446, #6680, #3791, .T. ) ;
#4124 = LINE ( 'NONE', #6480, #7627 ) ;
#4125 = DIRECTION ( 'NONE',  ( -1.000000000000000000, 0.000000000000000000, 0.000000000000000000 ) ) ;
#4126 = CARTESIAN_POINT ( 'NONE',  ( -4.250000000000000000, 6.100000000000000533, 4.525000000000001243 ) ) ;
#4127 = VECTOR ( 'NONE', #8159, 1000.000000000000000 ) ;
#4128 = DIRECTION ( 'NONE',  ( 0.000000000000000000, -4.430117370400858162E-17, 1.000000000000000000 ) ) ;
#4129 = ORIENTED_EDGE ( 'NONE', *, *, #6904, .F. ) ;
#4130 = LINE ( 'NONE', #9185, #4149 ) ;
#4131 =( NAMED_UNIT ( * ) PLANE_ANGLE_UNIT ( ) SI_UNIT ( $, .RADIAN. ) );
#4132 = ORIENTED_EDGE ( 'NONE', *, *, #6496, .T. ) ;
#4133 = CARTESIAN_POINT ( 'NONE',  ( -3.299999999999999822, 2.650000000000000799, 7.249999999999999112 ) ) ;
#4134 = ORIENTED_EDGE ( 'NONE', *, *, #8810, .T. ) ;
#4135 = DIRECTION ( 'NONE',  ( -0.5735764363510474917, -0.8191520442889909104, 0.000000000000000000 ) ) ;
#4136 = EDGE_LOOP ( 'NONE', ( #537, #7821, #3684, #4422, #7906, #4153 ) ) ;
#4137 = CARTESIAN_POINT ( 'NONE',  ( -2.291287847477922135, 30.00000000000000000, 1.000000000000000888 ) ) ;
#4138 = AXIS2_PLACEMENT_3D ( 'NONE', #3118, #2287, #6169 ) ;
#4139 = AXIS2_PLACEMENT_3D ( 'NONE', #4993, #1623, #9855 ) ;
#4140 = ORIENTED_EDGE ( 'NONE', *, *, #9375, .T. ) ;
#4141 = EDGE_LOOP ( 'NONE', ( #4503, #7352, #377, #4928 ) ) ;
#4142 = EDGE_LOOP ( 'NONE', ( #3687, #3483, #1262, #7540 ) ) ;
#4143 = LINE ( 'NONE', #3031, #7701 ) ;
#4144 = DIRECTION ( 'NONE',  ( -1.000000000000000000, -0.000000000000000000, -0.000000000000000000 ) ) ;
#4145 = LINE ( 'NONE', #7301, #4064 ) ;
#4146 = EDGE_CURVE ( 'NONE', #10134, #6428, #316, .T. ) ;
#4147 = DIRECTION ( 'NONE',  ( 0.000000000000000000, 0.000000000000000000, -1.000000000000000000 ) ) ;
#4148 = ORIENTED_EDGE ( 'NONE', *, *, #9356, .F. ) ;
#4149 = VECTOR ( 'NONE', #1668, 1000.000000000000114 ) ;
#4150 = MANIFOLD_SOLID_BREP ( 'LPattern1[2]', #965 ) ;
#4151 = CARTESIAN_POINT ( 'NONE',  ( 5.699999999999996625, 0.09999999999999971412, -3.000000000000000444 ) ) ;
#4152 = CARTESIAN_POINT ( 'NONE',  ( -6.200000000000000178, 3.100000000000000089, 1.599999999999999867 ) ) ;
#4153 = ORIENTED_EDGE ( 'NONE', *, *, #4029, .F. ) ;
#4154 = DIRECTION ( 'NONE',  ( 0.000000000000000000, 0.000000000000000000, 1.000000000000000000 ) ) ;
#4155 = AXIS2_PLACEMENT_3D ( 'NONE', #9082, #7452, #1785 ) ;
#4156 = ORIENTED_EDGE ( 'NONE', *, *, #6873, .T. ) ;
#4157 = DIRECTION ( 'NONE',  ( -0.000000000000000000, -1.000000000000000000, -0.000000000000000000 ) ) ;
#4158 = ORIENTED_EDGE ( 'NONE', *, *, #8596, .F. ) ;
#4159 = PLANE ( 'NONE',  #1722 ) ;
#4160 = VECTOR ( 'NONE', #4, 1000.000000000000000 ) ;
#4161 = CARTESIAN_POINT ( 'NONE',  ( -5.049999999999998046, 2.400000000000000355, -5.350000000000001421 ) ) ;
#4162 = ORIENTED_EDGE ( 'NONE', *, *, #5218, .T. ) ;
#4163 = VERTEX_POINT ( 'NONE', #9674 ) ;
#4164 = AXIS2_PLACEMENT_3D ( 'NONE', #2585, #1088, #4239 ) ;
#4165 = VECTOR ( 'NONE', #5719, 1000.000000000000000 ) ;
#4166 = EDGE_CURVE ( 'NONE', #10424, #8826, #4210, .T. ) ;
#4167 = LINE ( 'NONE', #6517, #546 ) ;
#4168 = EDGE_LOOP ( 'NONE', ( #7038, #3472, #8702, #2554 ) ) ;
#4169 = EDGE_CURVE ( 'NONE', #6351, #8568, #647, .T. ) ;
#4170 = FACE_OUTER_BOUND ( 'NONE', #777, .T. ) ;
#4171 = DIRECTION ( 'NONE',  ( 0.000000000000000000, 1.000000000000000000, 0.000000000000000000 ) ) ;
#4172 = CARTESIAN_POINT ( 'NONE',  ( 5.799999999999996270, 0.1000000000000001721, -2.000000000000000000 ) ) ;
#4173 = EDGE_CURVE ( 'NONE', #8055, #1021, #4296, .T. ) ;
#4174 = ORIENTED_EDGE ( 'NONE', *, *, #10121, .T. ) ;
#4175 = ORIENTED_EDGE ( 'NONE', *, *, #7402, .F. ) ;
#4176 = CARTESIAN_POINT ( 'NONE',  ( -4.549999999999997158, 2.400000000000000355, -5.850000000000000533 ) ) ;
#4177 = EDGE_CURVE ( 'NONE', #550, #2092, #7648, .T. ) ;
#4178 = PLANE ( 'NONE',  #1196 ) ;
#4179 = CARTESIAN_POINT ( 'NONE',  ( -6.744145861810626918, -2.526248663070270073, 1.000000000000000000 ) ) ;
#4180 = CARTESIAN_POINT ( 'NONE',  ( -4.250000000000000000, 6.700000000000000178, 5.099999999999999645 ) ) ;
#4181 = CYLINDRICAL_SURFACE ( 'NONE', #2471, 0.2999999999999999334 ) ;
#4182 = VECTOR ( 'NONE', #6976, 1000.000000000000000 ) ;
#4183 = ORIENTED_EDGE ( 'NONE', *, *, #5535, .T. ) ;
#4184 = DIRECTION ( 'NONE',  ( -0.8191520442889909104, 0.5735764363510472696, 0.000000000000000000 ) ) ;
#4185 = LINE ( 'NONE', #744, #7547 ) ;
#4186 = VECTOR ( 'NONE', #8449, 1000.000000000000000 ) ;
#4187 = DIRECTION ( 'NONE',  ( -0.000000000000000000, -0.000000000000000000, -1.000000000000000000 ) ) ;
#4188 = ORIENTED_EDGE ( 'NONE', *, *, #712, .F. ) ;
#4190 = CARTESIAN_POINT ( 'NONE',  ( -5.799999999999996270, 1.000000000000000000, 6.400000000000000355 ) ) ;
#4189 = VECTOR ( 'NONE', #983, 1000.000000000000000 ) ;
#4191 = CARTESIAN_POINT ( 'NONE',  ( 5.049999999999997158, 0.1000000000000001721, -2.000000000000000000 ) ) ;
#4192 = AXIS2_PLACEMENT_3D ( 'NONE', #6744, #4992, #8993 ) ;
#4193 = ORIENTED_EDGE ( 'NONE', *, *, #7493, .F. ) ;
#4194 = ORIENTED_EDGE ( 'NONE', *, *, #1940, .T. ) ;
#4195 = ORIENTED_EDGE ( 'NONE', *, *, #4042, .T. ) ;
#4196 = EDGE_CURVE ( 'NONE', #10178, #2991, #571, .T. ) ;
#4197 = CARTESIAN_POINT ( 'NONE',  ( 4.250000000000000000, 6.700000000000000178, 5.099999999999999645 ) ) ;
#4198 = CARTESIAN_POINT ( 'NONE',  ( -1.699999999999999956, 0.8000000000000001554, -7.050000000000001599 ) ) ;
#4199 = COLOUR_RGB ( '',0.7921568627450980005, 0.8196078431372548767, 0.9333333333333333481 ) ;
#4200 = ADVANCED_FACE ( 'NONE', ( #665 ), #7722, .T. ) ;
#4201 = CARTESIAN_POINT ( 'NONE',  ( 3.299999999999999822, 1.100000000000000089, -5.850000000000000533 ) ) ;
#4202 = EDGE_CURVE ( 'NONE', #1336, #5409, #4353, .T. ) ;
#4203 = ORIENTED_EDGE ( 'NONE', *, *, #2710, .F. ) ;
#4204 = ORIENTED_EDGE ( 'NONE', *, *, #9393, .T. ) ;
#4205 = CARTESIAN_POINT ( 'NONE',  ( 0.000000000000000000, 30.00000000000000000, -3.000000000000000444 ) ) ;
#4206 = DIRECTION ( 'NONE',  ( 0.000000000000000000, -1.000000000000000000, 0.000000000000000000 ) ) ;
#4207 = FACE_OUTER_BOUND ( 'NONE', #207, .T. ) ;
#4208 = DIRECTION ( 'NONE',  ( 0.000000000000000000, -2.460132057943349518E-16, 1.000000000000000000 ) ) ;
#4209 = ORIENTED_EDGE ( 'NONE', *, *, #4940, .F. ) ;
#4210 = LINE ( 'NONE', #9739, #7668 ) ;
#4211 = DIRECTION ( 'NONE',  ( 0.000000000000000000, 0.000000000000000000, -1.000000000000000000 ) ) ;
#4212 = ORIENTED_EDGE ( 'NONE', *, *, #3313, .T. ) ;
#4213 = AXIS2_PLACEMENT_3D ( 'NONE', #4894, #3768, #5731 ) ;
#4214 = CARTESIAN_POINT ( 'NONE',  ( -6.200000000000000178, 3.100000000000000089, 3.000000000000000000 ) ) ;
#4215 = ORIENTED_EDGE ( 'NONE', *, *, #7891, .T. ) ;
#4216 = DIRECTION ( 'NONE',  ( -1.224646799147353207E-16, -1.000000000000000000, 0.000000000000000000 ) ) ;
#4217 = VERTEX_POINT ( 'NONE', #10527 ) ;
#4218 = VECTOR ( 'NONE', #4262, 1000.000000000000000 ) ;
#4219 = CARTESIAN_POINT ( 'NONE',  ( 5.750000000000000000, 6.100000000000000533, -6.400000000000000355 ) ) ;
#4220 = ORIENTED_EDGE ( 'NONE', *, *, #6325, .F. ) ;
#4221 = EDGE_CURVE ( 'NONE', #1191, #5663, #590, .T. ) ;
#4222 = ORIENTED_EDGE ( 'NONE', *, *, #1992, .F. ) ;
#4223 = ADVANCED_FACE ( 'NONE', ( #4007 ), #7802, .T. ) ;
#4224 = ORIENTED_EDGE ( 'NONE', *, *, #6614, .F. ) ;
#4226 = EDGE_CURVE ( 'NONE', #7152, #750, #751, .T. ) ;
#4225 = LINE ( 'NONE', #4543, #293 ) ;
#4227 = DIRECTION ( 'NONE',  ( -3.614007241618348278E-16, -1.000000000000000000, -4.430117370400858162E-17 ) ) ;
#4228 = VECTOR ( 'NONE', #5892, 1000.000000000000000 ) ;
#4229 = VERTEX_POINT ( 'NONE', #8202 ) ;
#4230 = VECTOR ( 'NONE', #694, 1000.000000000000000 ) ;
#4231 = CARTESIAN_POINT ( 'NONE',  ( -6.236169591142200375, -0.7547152872702095339, 1.000000000000000000 ) ) ;
#4232 = VERTEX_POINT ( 'NONE', #3205 ) ;
#4233 = DIRECTION ( 'NONE',  ( 0.000000000000000000, 1.000000000000000000, 0.000000000000000000 ) ) ;
#4234 = ORIENTED_EDGE ( 'NONE', *, *, #6919, .T. ) ;
#4235 = ORIENTED_EDGE ( 'NONE', *, *, #7803, .T. ) ;
#4236 = DIRECTION ( 'NONE',  ( 0.000000000000000000, -1.000000000000000000, 0.000000000000000000 ) ) ;
#4237 = DIRECTION ( 'NONE',  ( -0.000000000000000000, -1.000000000000000000, -1.445602896647339163E-16 ) ) ;
#4238 = CARTESIAN_POINT ( 'NONE',  ( -0.7999999999999999334, 3.249999999999998668, 6.349999999999997868 ) ) ;
#4239 = DIRECTION ( 'NONE',  ( 0.000000000000000000, 1.000000000000000000, 4.430117370400858162E-17 ) ) ;
#4240 = EDGE_LOOP ( 'NONE', ( #1275, #5825, #8530, #10380 ) ) ;
#4241 = EDGE_CURVE ( 'NONE', #599, #5310, #788, .T. ) ;
#4242 = LINE ( 'NONE', #4269, #7798 ) ;
#4243 = AXIS2_PLACEMENT_3D ( 'NONE', #3628, #3505, #4323 ) ;
#4244 = ORIENTED_EDGE ( 'NONE', *, *, #7755, .T. ) ;
#4245 = ADVANCED_FACE ( 'NONE', ( #4088 ), #7077, .T. ) ;
#4246 = DIRECTION ( 'NONE',  ( 0.7071067811865493491, 0.000000000000000000, -0.7071067811865456854 ) ) ;
#4247 = CARTESIAN_POINT ( 'NONE',  ( -2.542012759203106320, 2.400000000000000355, -2.000000000000000000 ) ) ;
#4248 = VERTEX_POINT ( 'NONE', #3045 ) ;
#4249 = ORIENTED_EDGE ( 'NONE', *, *, #2777, .T. ) ;
#4250 = CARTESIAN_POINT ( 'NONE',  ( 5.799999999999996270, 5.500000000000000888, 6.400000000000000355 ) ) ;
#4251 = DIRECTION ( 'NONE',  ( 0.8191520442889909104, 0.5735764363510473807, 0.000000000000000000 ) ) ;
#4252 = CARTESIAN_POINT ( 'NONE',  ( -6.399999999999998579, -0.6400000000000000133, -1.000000000000000000 ) ) ;
#4253 = DIRECTION ( 'NONE',  ( 0.000000000000000000, 0.000000000000000000, -1.000000000000000000 ) ) ;
#4254 = CIRCLE ( 'NONE', #5435, 3.500000000000000000 ) ;
#4255 = ORIENTED_EDGE ( 'NONE', *, *, #1674, .F. ) ;
#4256 = CARTESIAN_POINT ( 'NONE',  ( 6.649821042359578429E-17, 0.4999999999999993339, 0.000000000000000000 ) ) ;
#4257 = LINE ( 'NONE', #7071, #8123 ) ;
#4258 = FACE_OUTER_BOUND ( 'NONE', #2369, .T. ) ;
#4259 = DIRECTION ( 'NONE',  ( 0.000000000000000000, 0.000000000000000000, 1.000000000000000000 ) ) ;
#4260 = ORIENTED_EDGE ( 'NONE', *, *, #7234, .T. ) ;
#4262 = DIRECTION ( 'NONE',  ( -1.000000000000000000, -0.000000000000000000, -0.000000000000000000 ) ) ;
#4261 = LINE ( 'NONE', #5792, #7832 ) ;
#4263 = DIRECTION ( 'NONE',  ( 0.000000000000000000, 1.000000000000000000, 4.430117370400858162E-17 ) ) ;
#4264 = AXIS2_PLACEMENT_3D ( 'NONE', #1996, #2270, #7056 ) ;
#4265 = ORIENTED_EDGE ( 'NONE', *, *, #1875, .F. ) ;
#4266 = EDGE_CURVE ( 'NONE', #6341, #3895, #4108, .T. ) ;
#4267 = ADVANCED_FACE ( 'NONE', ( #4170 ), #6793, .T. ) ;
#4268 = ORIENTED_EDGE ( 'NONE', *, *, #3915, .T. ) ;
#4269 = CARTESIAN_POINT ( 'NONE',  ( 1.734723475976807094E-15, 0.000000000000000000, -5.850000000000000533 ) ) ;
#4270 = DIRECTION ( 'NONE',  ( 0.000000000000000000, 1.000000000000000000, 0.000000000000000000 ) ) ;
#4271 = ORIENTED_EDGE ( 'NONE', *, *, #7195, .T. ) ;
#4272 = CARTESIAN_POINT ( 'NONE',  ( 1.700000000000000178, 1.099999999999998535, 6.349999999999997868 ) ) ;
#4273 = ORIENTED_EDGE ( 'NONE', *, *, #8669, .F. ) ;
#4274 = AXIS2_PLACEMENT_3D ( 'NONE', #7129, #2286, #10520 ) ;
#4275 = FACE_OUTER_BOUND ( 'NONE', #8782, .T. ) ;
#4276 = DIRECTION ( 'NONE',  ( 0.000000000000000000, 0.000000000000000000, 1.000000000000000000 ) ) ;
#4277 = VECTOR ( 'NONE', #3932, 1000.000000000000000 ) ;
#4278 = ORIENTED_EDGE ( 'NONE', *, *, #10014, .T. ) ;
#4279 = LINE ( 'NONE', #2621, #7903 ) ;
#4280 = AXIS2_PLACEMENT_3D ( 'NONE', #6942, #5416, #3733 ) ;
#4281 = PLANE ( 'NONE',  #1157 ) ;
#4282 = ORIENTED_EDGE ( 'NONE', *, *, #2548, .T. ) ;
#4283 = DIRECTION ( 'NONE',  ( 0.000000000000000000, 1.000000000000000000, 4.430117370400858162E-17 ) ) ;
#4284 = ORIENTED_EDGE ( 'NONE', *, *, #3261, .T. ) ;
#4285 = CARTESIAN_POINT ( 'NONE',  ( -2.449999999999998845, 0.6999999999999994005, 7.699999999999997513 ) ) ;
#4286 = EDGE_LOOP ( 'NONE', ( #4528, #746, #6694, #6560 ) ) ;
#4287 = EDGE_CURVE ( 'NONE', #10164, #8568, #4130, .T. ) ;
#4288 = VECTOR ( 'NONE', #8687, 1000.000000000000000 ) ;
#4289 = ORIENTED_EDGE ( 'NONE', *, *, #2792, .F. ) ;
#4290 = CIRCLE ( 'NONE', #3287, 1.000000000000000000 ) ;
#4291 = CARTESIAN_POINT ( 'NONE',  ( 5.049999999999997158, 2.128355624055937206E-16, -5.350000000000001421 ) ) ;
#4292 = DIRECTION ( 'NONE',  ( -1.000000000000000000, 0.000000000000000000, 0.000000000000000000 ) ) ;
#4293 = EDGE_CURVE ( 'NONE', #6351, #6690, #508, .T. ) ;
#4294 = ORIENTED_EDGE ( 'NONE', *, *, #4451, .F. ) ;
#4295 = CARTESIAN_POINT ( 'NONE',  ( -2.500000000000000000, -2.299999999999998046, -7.200000000000001066 ) ) ;
#4296 = CIRCLE ( 'NONE', #10509, 0.1499999999999999667 ) ;
#4297 = CARTESIAN_POINT ( 'NONE',  ( 2.100000000000000089, -3.099999999999998312, -6.200000000000001954 ) ) ;
#4298 = DIRECTION ( 'NONE',  ( 0.000000000000000000, 1.000000000000000000, 0.000000000000000000 ) ) ;
#4299 = CARTESIAN_POINT ( 'NONE',  ( 3.850000000000000089, 2.400000000000000355, -6.700000000000000178 ) ) ;
#4300 = ORIENTED_EDGE ( 'NONE', *, *, #9665, .F. ) ;
#4301 = PLANE ( 'NONE',  #3417 ) ;
#4302 = ORIENTED_EDGE ( 'NONE', *, *, #904, .F. ) ;
#4303 = AXIS2_PLACEMENT_3D ( 'NONE', #5780, #813, #7470 ) ;
#4304 = EDGE_CURVE ( 'NONE', #299, #7790, #7783, .T. ) ;
#4305 = ORIENTED_EDGE ( 'NONE', *, *, #3528, .F. ) ;
#4306 = CARTESIAN_POINT ( 'NONE',  ( 3.880824640740575759, 0.4999999999999998890, 3.000000000000000000 ) ) ;
#4307 = FACE_OUTER_BOUND ( 'NONE', #2150, .T. ) ;
#4308 = DIRECTION ( 'NONE',  ( 0.000000000000000000, -1.445602896647339163E-16, 1.000000000000000000 ) ) ;
#4309 = CIRCLE ( 'NONE', #7454, 0.1499999999999999667 ) ;
#4310 = PLANE ( 'NONE',  #5540 ) ;
#4311 = EDGE_CURVE ( 'NONE', #7374, #2056, #7707, .T. ) ;
#4312 = CARTESIAN_POINT ( 'NONE',  ( -1.699999999999999956, 0.8500000000000000888, -5.850000000000000533 ) ) ;
#4313 = ORIENTED_EDGE ( 'NONE', *, *, #9027, .T. ) ;
#4314 = ADVANCED_FACE ( 'NONE', ( #7848 ), #684, .T. ) ;
#4315 = EDGE_CURVE ( 'NONE', #5494, #3928, #629, .T. ) ;
#4316 = CYLINDRICAL_SURFACE ( 'NONE', #1216, 0.1999999999999996503 ) ;
#4317 = ORIENTED_EDGE ( 'NONE', *, *, #6273, .F. ) ;
#4318 = EDGE_CURVE ( 'NONE', #2575, #10175, #4279, .T. ) ;
#4319 = CARTESIAN_POINT ( 'NONE',  ( 0.8000000000000001554, 2.999999999999998224, 6.349999999999997868 ) ) ;
#4320 = DIRECTION ( 'NONE',  ( 0.000000000000000000, 0.000000000000000000, 1.000000000000000000 ) ) ;
#4321 = ORIENTED_EDGE ( 'NONE', *, *, #8146, .T. ) ;
#4322 = VERTEX_POINT ( 'NONE', #3468 ) ;
#4323 = DIRECTION ( 'NONE',  ( 0.000000000000000000, 1.000000000000000000, 2.017120320903263702E-16 ) ) ;
#4324 = CARTESIAN_POINT ( 'NONE',  ( 3.299999999999999822, 2.999999999999998224, 7.249999999999999112 ) ) ;
#4325 = CARTESIAN_POINT ( 'NONE',  ( 5.049999999999997158, 2.400000000000000355, -4.999999999999997335 ) ) ;
#4326 = DIRECTION ( 'NONE',  ( -0.000000000000000000, -0.000000000000000000, -1.000000000000000000 ) ) ;
#4327 = LINE ( 'NONE', #3290, #8138 ) ;
#4328 = ORIENTED_EDGE ( 'NONE', *, *, #1992, .T. ) ;
#4329 = DIRECTION ( 'NONE',  ( -0.000000000000000000, 1.000000000000000000, 2.017120320903263702E-16 ) ) ;
#4330 = VERTEX_POINT ( 'NONE', #4126 ) ;
#4331 = AXIS2_PLACEMENT_3D ( 'NONE', #3634, #7767, #8603 ) ;
#4332 = LINE ( 'NONE', #4312, #4228 ) ;
#4333 = CARTESIAN_POINT ( 'NONE',  ( -6.399999999999998579, -0.6400000000000000133, 1.000000000000000000 ) ) ;
#4334 = ORIENTED_EDGE ( 'NONE', *, *, #5381, .F. ) ;
#4336 = CARTESIAN_POINT ( 'NONE',  ( 6.200000000000000178, 3.100000000000000089, -4.500000000000000888 ) ) ;
#4335 = VECTOR ( 'NONE', #7112, 1000.000000000000000 ) ;
#4337 = ADVANCED_FACE ( 'NONE', ( #527 ), #8414, .F. ) ;
#4338 = CARTESIAN_POINT ( 'NONE',  ( 0.000000000000000000, 5.700000000000000178, 0.000000000000000000 ) ) ;
#4339 = EDGE_CURVE ( 'NONE', #6875, #4439, #4069, .T. ) ;
#4340 = ORIENTED_EDGE ( 'NONE', *, *, #6828, .T. ) ;
#4341 = ORIENTED_EDGE ( 'NONE', *, *, #6523, .F. ) ;
#4342 = DIRECTION ( 'NONE',  ( -1.000000000000000000, -0.000000000000000000, -0.000000000000000000 ) ) ;
#4343 =( NAMED_UNIT ( * ) SI_UNIT ( $, .STERADIAN. ) SOLID_ANGLE_UNIT ( ) );
#4344 = FACE_OUTER_BOUND ( 'NONE', #835, .T. ) ;
#4345 = CARTESIAN_POINT ( 'NONE',  ( 5.499999999999996447, 5.700000000000000178, -6.400000000000000355 ) ) ;
#4346 = ORIENTED_EDGE ( 'NONE', *, *, #2710, .T. ) ;
#4347 = DIRECTION ( 'NONE',  ( 1.000000000000000000, 0.000000000000000000, 0.000000000000000000 ) ) ;
#4348 = CIRCLE ( 'NONE', #9416, 3.000000000000000444 ) ;
#4349 = VECTOR ( 'NONE', #2522, 1000.000000000000000 ) ;
#4350 = AXIS2_PLACEMENT_3D ( 'NONE', #10623, #114, #8102 ) ;
#4351 = DIRECTION ( 'NONE',  ( -1.000000000000000000, 0.000000000000000000, 0.000000000000000000 ) ) ;
#4352 = EDGE_LOOP ( 'NONE', ( #2973, #3191, #3058, #4183 ) ) ;
#4353 = LINE ( 'NONE', #3838, #4031 ) ;
#4354 = EDGE_CURVE ( 'NONE', #7458, #10134, #7633, .T. ) ;
#4355 = DIRECTION ( 'NONE',  ( 0.000000000000000000, 1.000000000000000000, 0.000000000000000000 ) ) ;
#4356 = ORIENTED_EDGE ( 'NONE', *, *, #985, .F. ) ;
#4357 = UNCERTAINTY_MEASURE_WITH_UNIT (LENGTH_MEASURE( 1.000000000000000082E-05 ), #5401, 'distance_accuracy_value', 'NONE');
#4358 = DIRECTION ( 'NONE',  ( 0.000000000000000000, 0.000000000000000000, 1.000000000000000000 ) ) ;
#4359 = ORIENTED_EDGE ( 'NONE', *, *, #2297, .T. ) ;
#4360 = DIRECTION ( 'NONE',  ( 2.478176394252553728E-15, 0.000000000000000000, 1.000000000000000000 ) ) ;
#4361 = EDGE_CURVE ( 'NONE', #10171, #6121, #4261, .T. ) ;
#4362 = ORIENTED_EDGE ( 'NONE', *, *, #1943, .T. ) ;
#4363 = VECTOR ( 'NONE', #4369, 1000.000000000000000 ) ;
#4364 = VERTEX_POINT ( 'NONE', #7417 ) ;
#4365 = VECTOR ( 'NONE', #8044, 1000.000000000000000 ) ;
#4366 = CARTESIAN_POINT ( 'NONE',  ( 5.799999999999998934, 5.650000000000001243, -1.000000000000000000 ) ) ;
#4367 = CARTESIAN_POINT ( 'NONE',  ( -6.399999999999998579, -0.6400000000000000133, -1.000000000000000000 ) ) ;
#4368 = ORIENTED_EDGE ( 'NONE', *, *, #9563, .T. ) ;
#4369 = DIRECTION ( 'NONE',  ( 0.000000000000000000, 1.000000000000000000, 4.430117370400858162E-17 ) ) ;
#4370 = CARTESIAN_POINT ( 'NONE',  ( -5.750000000000000000, 6.100000000000000533, -6.400000000000000355 ) ) ;
#4371 = DIRECTION ( 'NONE',  ( -0.000000000000000000, -1.000000000000000000, -0.000000000000000000 ) ) ;
#4372 = DIRECTION ( 'NONE',  ( -0.000000000000000000, -1.000000000000000000, -0.000000000000000000 ) ) ;
#4373 = EDGE_CURVE ( 'NONE', #2113, #8302, #7818, .T. ) ;
#4374 = VERTEX_POINT ( 'NONE', #9901 ) ;
#4375 = DIRECTION ( 'NONE',  ( -1.341711765540131426E-16, 1.000000000000000000, 0.000000000000000000 ) ) ;
#4376 = EDGE_LOOP ( 'NONE', ( #10106, #8971, #8478, #10294 ) ) ;
#4377 = CARTESIAN_POINT ( 'NONE',  ( 3.999999999999998224, -3.551475717527321367E-16, -5.850000000000000533 ) ) ;
#4378 = CARTESIAN_POINT ( 'NONE',  ( 5.799999999999996270, 0.5000000000000002220, 3.000000000000000000 ) ) ;
#4379 = CARTESIAN_POINT ( 'NONE',  ( -6.200000000000000178, 2.100000000000000089, 1.599999999999999867 ) ) ;
#4380 = ORIENTED_EDGE ( 'NONE', *, *, #8966, .T. ) ;
#4381 = ORIENTED_EDGE ( 'NONE', *, *, #108, .T. ) ;
#4382 = LINE ( 'NONE', #126, #7826 ) ;
#4383 = LINE ( 'NONE', #1223, #4005 ) ;
#4384 = ORIENTED_EDGE ( 'NONE', *, *, #7363, .F. ) ;
#4385 = ORIENTED_EDGE ( 'NONE', *, *, #6270, .T. ) ;
#4386 = DIRECTION ( 'NONE',  ( -0.9396926207859082059, -0.3420201433256695456, -6.898957812604546493E-17 ) ) ;
#4387 = AXIS2_PLACEMENT_3D ( 'NONE', #9690, #6980, #9439 ) ;
#4388 = DIRECTION ( 'NONE',  ( 1.327027319204863784E-16, -1.000000000000000000, 0.000000000000000000 ) ) ;
#4389 = ORIENTED_EDGE ( 'NONE', *, *, #2974, .T. ) ;
#4390 = ORIENTED_EDGE ( 'NONE', *, *, #9794, .T. ) ;
#4391 = ORIENTED_EDGE ( 'NONE', *, *, #4987, .F. ) ;
#4392 = CARTESIAN_POINT ( 'NONE',  ( 5.750000000000000000, 5.650000000000001243, 5.250000000000000000 ) ) ;
#4393 = DIRECTION ( 'NONE',  ( 1.000000000000000000, -0.000000000000000000, -0.000000000000000000 ) ) ;
#4394 = CIRCLE ( 'NONE', #1188, 0.04999999999999969746 ) ;
#4395 = AXIS2_PLACEMENT_3D ( 'NONE', #2669, #6835, #6327 ) ;
#4396 = ORIENTED_EDGE ( 'NONE', *, *, #3020, .F. ) ;
#4397 = CARTESIAN_POINT ( 'NONE',  ( -5.750000000000000000, 5.700000000000000178, 6.700000000000000178 ) ) ;
#4398 = ADVANCED_FACE ( 'NONE', ( #7613 ), #846, .T. ) ;
#4399 = FACE_OUTER_BOUND ( 'NONE', #5883, .T. ) ;
#4400 = PRESENTATION_STYLE_ASSIGNMENT (( #2156 ) ) ;
#4401 = EDGE_CURVE ( 'NONE', #2828, #4232, #733, .T. ) ;
#4402 = CARTESIAN_POINT ( 'NONE',  ( 1.700000000000000178, 0.8500000000000000888, -5.850000000000000533 ) ) ;
#4403 = EDGE_LOOP ( 'NONE', ( #1204, #4840, #6297, #10577, #3, #740, #6219, #10374 ) ) ;
#4405 = CARTESIAN_POINT ( 'NONE',  ( 5.799999999999996270, 2.399999999999999023, -4.499999999999997335 ) ) ;
#4404 = VECTOR ( 'NONE', #2967, 1000.000000000000000 ) ;
#4406 = CARTESIAN_POINT ( 'NONE',  ( -5.049999999999997158, 2.400000000000000355, 4.500000000000000888 ) ) ;
#4407 = ORIENTED_EDGE ( 'NONE', *, *, #6662, .T. ) ;
#4408 = MECHANICAL_DESIGN_GEOMETRIC_PRESENTATION_REPRESENTATION (  '', ( #7474 ), #6476 ) ;
#4409 = ORIENTED_EDGE ( 'NONE', *, *, #1135, .T. ) ;
#4410 = DIRECTION ( 'NONE',  ( -0.000000000000000000, 4.430117370400858162E-17, -1.000000000000000000 ) ) ;
#4411 = CARTESIAN_POINT ( 'NONE',  ( 6.200000000000000178, 3.100000000000000089, 3.000000000000000000 ) ) ;
#4412 = PRESENTATION_STYLE_ASSIGNMENT (( #7879 ) ) ;
#4413 = DIRECTION ( 'NONE',  ( 0.000000000000000000, 0.000000000000000000, 1.000000000000000000 ) ) ;
#4414 = VERTEX_POINT ( 'NONE', #10620 ) ;
#4415 = DIRECTION ( 'NONE',  ( -1.000000000000000000, 0.000000000000000000, 0.000000000000000000 ) ) ;
#4416 = AXIS2_PLACEMENT_3D ( 'NONE', #9516, #7108, #1551 ) ;
#4417 = VECTOR ( 'NONE', #1298, 1000.000000000000000 ) ;
#4418 = AXIS2_PLACEMENT_3D ( 'NONE', #9699, #33, #7370 ) ;
#4419 = VECTOR ( 'NONE', #10512, 1000.000000000000000 ) ;
#4420 = CARTESIAN_POINT ( 'NONE',  ( 3.880824640740575759, 0.4999999999999998890, -4.499999999999997335 ) ) ;
#4421 = VERTEX_POINT ( 'NONE', #8174 ) ;
#4422 = ORIENTED_EDGE ( 'NONE', *, *, #8709, .T. ) ;
#4423 = EDGE_CURVE ( 'NONE', #4822, #3469, #7922, .T. ) ;
#4424 = CIRCLE ( 'NONE', #10603, 0.2999999999999999334 ) ;
#4425 = ADVANCED_FACE ( 'NONE', ( #826 ), #1353, .T. ) ;
#4426 = DIRECTION ( 'NONE',  ( -0.7071067811865493491, 0.000000000000000000, 0.7071067811865456854 ) ) ;
#4427 = LINE ( 'NONE', #1063, #4623 ) ;
#4428 = EDGE_CURVE ( 'NONE', #5803, #7342, #473, .T. ) ;
#4429 = EDGE_LOOP ( 'NONE', ( #10045, #6463, #6207, #1487 ) ) ;
#4430 = DIRECTION ( 'NONE',  ( 0.000000000000000000, -2.460132057943349518E-16, 1.000000000000000000 ) ) ;
#4431 = ORIENTED_EDGE ( 'NONE', *, *, #8032, .T. ) ;
#4432 = EDGE_CURVE ( 'NONE', #1817, #4421, #551, .T. ) ;
#4433 = PRESENTATION_STYLE_ASSIGNMENT (( #8504 ) ) ;
#4434 = CYLINDRICAL_SURFACE ( 'NONE', #5049, 0.5749999999999982903 ) ;
#4435 = EDGE_LOOP ( 'NONE', ( #1650, #9263, #5600, #2190 ) ) ;
#4436 = CIRCLE ( 'NONE', #280, 0.2000000000000000944 ) ;
#4437 = DIRECTION ( 'NONE',  ( 0.000000000000000000, -1.000000000000000000, -0.000000000000000000 ) ) ;
#4438 = DIRECTION ( 'NONE',  ( 0.000000000000000000, -0.000000000000000000, -1.000000000000000000 ) ) ;
#4439 = VERTEX_POINT ( 'NONE', #9715 ) ;
#4440 = APPLICATION_PROTOCOL_DEFINITION ( 'draft international standard', 'automotive_design', 1998, #2793 ) ;
#4441 = LINE ( 'NONE', #5430, #8242 ) ;
#4442 = AXIS2_PLACEMENT_3D ( 'NONE', #6696, #7621, #4263 ) ;
#4444 = DIRECTION ( 'NONE',  ( -0.5735764363510473807, 0.8191520442889910214, 0.000000000000000000 ) ) ;
#4443 = LINE ( 'NONE', #2998, #4461 ) ;
#4445 = DIRECTION ( 'NONE',  ( 0.000000000000000000, 1.000000000000000000, 0.000000000000000000 ) ) ;
#4446 = CARTESIAN_POINT ( 'NONE',  ( -5.799999999999996270, 0.5000000000000002220, 4.500000000000000888 ) ) ;
#4447 = DIRECTION ( 'NONE',  ( 0.000000000000000000, 1.000000000000000000, 0.000000000000000000 ) ) ;
#4448 = ADVANCED_FACE ( 'NONE', ( #1117 ), #7311, .T. ) ;
#4449 = ORIENTED_EDGE ( 'NONE', *, *, #3588, .F. ) ;
#4450 = PLANE ( 'NONE',  #7399 ) ;
#4451 = EDGE_CURVE ( 'NONE', #1520, #1964, #1085, .T. ) ;
#4452 = DIRECTION ( 'NONE',  ( 0.000000000000000000, 0.000000000000000000, 1.000000000000000000 ) ) ;
#4453 = EDGE_CURVE ( 'NONE', #7535, #9503, #7958, .T. ) ;
#4454 = VERTEX_POINT ( 'NONE', #9519 ) ;
#4455 = ORIENTED_EDGE ( 'NONE', *, *, #591, .T. ) ;
#4456 = SURFACE_STYLE_FILL_AREA ( #8335 ) ;
#4457 = FACE_OUTER_BOUND ( 'NONE', #9410, .T. ) ;
#4458 = EDGE_LOOP ( 'NONE', ( #2065, #6388, #5838, #6782 ) ) ;
#4459 = VECTOR ( 'NONE', #9339, 1000.000000000000000 ) ;
#4460 = CARTESIAN_POINT ( 'NONE',  ( 5.049999999999997158, 2.128355624055937206E-16, -5.350000000000001421 ) ) ;
#4461 = VECTOR ( 'NONE', #10492, 1000.000000000000000 ) ;
#4462 = AXIS2_PLACEMENT_3D ( 'NONE', #7239, #8932, #6302 ) ;
#4463 = VERTEX_POINT ( 'NONE', #588 ) ;
#4464 = ORIENTED_EDGE ( 'NONE', *, *, #5350, .F. ) ;
#4465 = CARTESIAN_POINT ( 'NONE',  ( 0.8000000000000001554, 3.249999999999998668, 6.349999999999997868 ) ) ;
#4466 = CARTESIAN_POINT ( 'NONE',  ( 3.999999999999998224, -3.551475717527321367E-16, -6.700000000000000178 ) ) ;
#4467 = CARTESIAN_POINT ( 'NONE',  ( -5.049999999999997158, 0.5000000000000002220, 3.000000000000000000 ) ) ;
#4468 = EDGE_CURVE ( 'NONE', #2514, #6473, #4674, .T. ) ;
#4469 = DIRECTION ( 'NONE',  ( 0.000000000000000000, 1.000000000000000000, 0.000000000000000000 ) ) ;
#4470 = LINE ( 'NONE', #3785, #7873 ) ;
#4471 = ORIENTED_EDGE ( 'NONE', *, *, #8596, .T. ) ;
#4472 = CARTESIAN_POINT ( 'NONE',  ( 5.049999999999997158, 2.128355624055937206E-16, 5.350000000000001421 ) ) ;
#4473 = VERTEX_POINT ( 'NONE', #1640 ) ;
#4474 = PLANE ( 'NONE',  #4192 ) ;
#4476 = EDGE_CURVE ( 'NONE', #285, #4832, #1203, .T. ) ;
#4475 = VECTOR ( 'NONE', #454, 1000.000000000000000 ) ;
#4477 = CARTESIAN_POINT ( 'NONE',  ( 6.399999999999998579, -0.6400000000000000133, -1.000000000000000000 ) ) ;
#4478 = ORIENTED_EDGE ( 'NONE', *, *, #5261, .T. ) ;
#4480 = DIRECTION ( 'NONE',  ( -0.000000000000000000, -0.000000000000000000, 1.000000000000000000 ) ) ;
#4479 = LINE ( 'NONE', #7738, #900 ) ;
#4481 = DIRECTION ( 'NONE',  ( 0.000000000000000000, 2.017120320903263702E-16, -1.000000000000000000 ) ) ;
#4482 = VERTEX_POINT ( 'NONE', #2267 ) ;
#4483 = VERTEX_POINT ( 'NONE', #1489 ) ;
#4484 = AXIS2_PLACEMENT_3D ( 'NONE', #5639, #9589, #10373 ) ;
#4485 = CARTESIAN_POINT ( 'NONE',  ( 4.250000000000000000, 6.550000000000000711, -5.099999999999999645 ) ) ;
#4486 = DIRECTION ( 'NONE',  ( 1.000000000000000000, 0.000000000000000000, -0.000000000000000000 ) ) ;
#4487 = VECTOR ( 'NONE', #5427, 1000.000000000000000 ) ;
#4488 = DIRECTION ( 'NONE',  ( 0.000000000000000000, 0.000000000000000000, 1.000000000000000000 ) ) ;
#4489 = ORIENTED_EDGE ( 'NONE', *, *, #5196, .F. ) ;
#4490 = EDGE_CURVE ( 'NONE', #1555, #4501, #863, .T. ) ;
#4491 = CARTESIAN_POINT ( 'NONE',  ( 0.000000000000000000, 3.100000000000000089, -3.000000000000000000 ) ) ;
#4492 = ORIENTED_EDGE ( 'NONE', *, *, #9841, .T. ) ;
#4493 = ADVANCED_FACE ( 'NONE', ( #1184 ), #5497, .F. ) ;
#4494 = LINE ( 'NONE', #5302, #700 ) ;
#4495 = AXIS2_PLACEMENT_3D ( 'NONE', #8652, #9342, #5215 ) ;
#4496 = ORIENTED_EDGE ( 'NONE', *, *, #7586, .F. ) ;
#4497 = EDGE_LOOP ( 'NONE', ( #2202, #6643, #757, #2867 ) ) ;
#4498 = LINE ( 'NONE', #4732, #4605 ) ;
#4499 = LINE ( 'NONE', #8422, #1000 ) ;
#4500 = DIRECTION ( 'NONE',  ( 0.000000000000000000, 2.017120320903263702E-16, -1.000000000000000000 ) ) ;
#4501 = VERTEX_POINT ( 'NONE', #3878 ) ;
#4502 = CARTESIAN_POINT ( 'NONE',  ( -6.200000000000000178, 2.100000000000000089, -1.599999999999999867 ) ) ;
#4503 = ORIENTED_EDGE ( 'NONE', *, *, #3629, .F. ) ;
#4504 = LINE ( 'NONE', #5203, #7807 ) ;
#4505 = EDGE_LOOP ( 'NONE', ( #691, #132, #7915, #9061 ) ) ;
#4506 = FACE_OUTER_BOUND ( 'NONE', #8415, .T. ) ;
#4507 = DIRECTION ( 'NONE',  ( 0.000000000000000000, 0.000000000000000000, 1.000000000000000000 ) ) ;
#4508 = VECTOR ( 'NONE', #3957, 1000.000000000000000 ) ;
#4509 = EDGE_CURVE ( 'NONE', #2835, #10274, #8326, .T. ) ;
#4510 = DIRECTION ( 'NONE',  ( -1.000000000000000000, 0.000000000000000000, 0.000000000000000000 ) ) ;
#4511 = VERTEX_POINT ( 'NONE', #7174 ) ;
#4512 = ORIENTED_EDGE ( 'NONE', *, *, #6926, .F. ) ;
#4513 = VECTOR ( 'NONE', #3944, 1000.000000000000000 ) ;
#4514 = ADVANCED_FACE ( 'NONE', ( #999 ), #3247, .F. ) ;
#4515 = AXIS2_PLACEMENT_3D ( 'NONE', #649, #8700, #2198 ) ;
#4517 = CARTESIAN_POINT ( 'NONE',  ( 5.049999999999997158, 1.000000000000000000, 5.000000000000000888 ) ) ;
#4516 = LINE ( 'NONE', #3135, #1121 ) ;
#4518 = PLANE ( 'NONE',  #8343 ) ;
#4519 = DIRECTION ( 'NONE',  ( -0.000000000000000000, -0.000000000000000000, -1.000000000000000000 ) ) ;
#4520 = DIRECTION ( 'NONE',  ( 0.000000000000000000, 0.000000000000000000, -1.000000000000000000 ) ) ;
#4521 = ORIENTED_EDGE ( 'NONE', *, *, #4565, .F. ) ;
#4522 = ORIENTED_EDGE ( 'NONE', *, *, #5884, .T. ) ;
#4523 = CARTESIAN_POINT ( 'NONE',  ( -1.699999999999999956, 3.249999999999998224, 7.249999999999999112 ) ) ;
#4524 = PLANE ( 'NONE',  #8243 ) ;
#4525 = CARTESIAN_POINT ( 'NONE',  ( -2.499999999999999556, 0.1000000000000017125, -7.200000000000000178 ) ) ;
#4526 = DIRECTION ( 'NONE',  ( 0.000000000000000000, 1.000000000000000000, 0.000000000000000000 ) ) ;
#4527 = ORIENTED_EDGE ( 'NONE', *, *, #8934, .T. ) ;
#4528 = ORIENTED_EDGE ( 'NONE', *, *, #5720, .T. ) ;
#4529 = LINE ( 'NONE', #7966, #4549 ) ;
#4530 = LINE ( 'NONE', #6540, #5115 ) ;
#4531 = ORIENTED_EDGE ( 'NONE', *, *, #10044, .T. ) ;
#4532 = VECTOR ( 'NONE', #8791, 1000.000000000000000 ) ;
#4533 = DIRECTION ( 'NONE',  ( -1.000000000000000000, -0.000000000000000000, -0.000000000000000000 ) ) ;
#4534 = AXIS2_PLACEMENT_3D ( 'NONE', #6247, #2355, #6558 ) ;
#4535 = VECTOR ( 'NONE', #5602, 1000.000000000000000 ) ;
#4536 = CARTESIAN_POINT ( 'NONE',  ( -0.4000000000000001887, 2.504411906293520396, -6.200000000000001954 ) ) ;
#4537 = ADVANCED_FACE ( 'NONE', ( #920 ), #4780, .T. ) ;
#4538 = EDGE_LOOP ( 'NONE', ( #2789, #4471 ) ) ;
#4539 = PLANE ( 'NONE',  #241 ) ;
#4540 = EDGE_CURVE ( 'NONE', #9966, #1008, #1219, .T. ) ;
#4541 = DIRECTION ( 'NONE',  ( 0.000000000000000000, 1.000000000000000000, 4.430117370400858162E-17 ) ) ;
#4542 = CARTESIAN_POINT ( 'NONE',  ( 3.880824640740575759, 0.09999999999999990841, 5.850000000000000533 ) ) ;
#4543 = CARTESIAN_POINT ( 'NONE',  ( 0.8000000000000001554, 2.999999999999998224, 7.249999999999999112 ) ) ;
#4544 = TOROIDAL_SURFACE ( 'NONE', #9525, 0.4249999999999999334, 0.1499999999999999944 ) ;
#4545 = ORIENTED_EDGE ( 'NONE', *, *, #7082, .F. ) ;
#4546 = DIRECTION ( 'NONE',  ( -1.000000000000000000, 0.000000000000000000, 0.000000000000000000 ) ) ;
#4547 = ORIENTED_EDGE ( 'NONE', *, *, #5085, .T. ) ;
#4548 = DIRECTION ( 'NONE',  ( -1.000000000000000000, 0.000000000000000000, 0.000000000000000000 ) ) ;
#4549 = VECTOR ( 'NONE', #7021, 1000.000000000000000 ) ;
#4550 = VECTOR ( 'NONE', #7541, 1000.000000000000000 ) ;
#4551 = AXIS2_PLACEMENT_3D ( 'NONE', #9736, #10581, #531 ) ;
#4552 = ORIENTED_EDGE ( 'NONE', *, *, #3424, .T. ) ;
#4553 = ORIENTED_EDGE ( 'NONE', *, *, #967, .T. ) ;
#4555 = PLANE ( 'NONE',  #2583 ) ;
#4554 = FACE_OUTER_BOUND ( 'NONE', #9335, .T. ) ;
#4556 = CARTESIAN_POINT ( 'NONE',  ( 5.908508773426603966, -0.9841458618106281309, 1.000000000000000000 ) ) ;
#4557 = FACE_OUTER_BOUND ( 'NONE', #7382, .T. ) ;
#4558 = ORIENTED_EDGE ( 'NONE', *, *, #4607, .T. ) ;
#4559 = AXIS2_PLACEMENT_3D ( 'NONE', #1501, #520, #8730 ) ;
#4560 = EDGE_CURVE ( 'NONE', #6691, #6473, #4762, .T. ) ;
#4561 = ORIENTED_EDGE ( 'NONE', *, *, #2018, .F. ) ;
#4562 = CARTESIAN_POINT ( 'NONE',  ( 1.700000000000000178, 0.8000000000000001554, -7.050000000000001599 ) ) ;
#4563 = CARTESIAN_POINT ( 'NONE',  ( 5.049999999999998046, 1.000000000000000000, -5.350000000000001421 ) ) ;
#4564 = FACE_OUTER_BOUND ( 'NONE', #8836, .T. ) ;
#4565 = EDGE_CURVE ( 'NONE', #8287, #7458, #8072, .T. ) ;
#4566 = VERTEX_POINT ( 'NONE', #3252 ) ;
#4567 = DIRECTION ( 'NONE',  ( 3.614007241618348278E-16, 1.000000000000000000, 4.430117370400858162E-17 ) ) ;
#4568 = VECTOR ( 'NONE', #1509, 1000.000000000000000 ) ;
#4569 = EDGE_CURVE ( 'NONE', #2233, #6570, #4591, .T. ) ;
#4570 = CARTESIAN_POINT ( 'NONE',  ( -5.799999999999996270, 1.000000000000000000, 5.000000000000000888 ) ) ;
#4571 = ORIENTED_EDGE ( 'NONE', *, *, #7257, .F. ) ;
#4572 = VERTEX_POINT ( 'NONE', #5358 ) ;
#4573 = LINE ( 'NONE', #302, #4724 ) ;
#4574 = EDGE_CURVE ( 'NONE', #8817, #6944, #1048, .T. ) ;
#4575 = CARTESIAN_POINT ( 'NONE',  ( 4.286263797015736595E-16, 11.09999999999999964, 3.500000000000000000 ) ) ;
#4576 = FACE_OUTER_BOUND ( 'NONE', #6012, .T. ) ;
#4577 = DIRECTION ( 'NONE',  ( 0.000000000000000000, -1.000000000000000000, 0.000000000000000000 ) ) ;
#4578 = CARTESIAN_POINT ( 'NONE',  ( -6.891491226573391415, -1.690611574686247565, 1.000000000000000000 ) ) ;
#4579 = ORIENTED_EDGE ( 'NONE', *, *, #9112, .T. ) ;
#4580 = VECTOR ( 'NONE', #5955, 1000.000000000000000 ) ;
#4581 = ORIENTED_EDGE ( 'NONE', *, *, #1120, .T. ) ;
#4582 = AXIS2_PLACEMENT_3D ( 'NONE', #2546, #8259, #7543 ) ;
#4583 = ADVANCED_FACE ( 'NONE', ( #8167 ), #3551, .F. ) ;
#4584 = LINE ( 'NONE', #7260, #4365 ) ;
#4585 = CARTESIAN_POINT ( 'NONE',  ( 5.799999999999998046, -0.6400000000000000133, -1.000000000000000000 ) ) ;
#4586 = FACE_OUTER_BOUND ( 'NONE', #3144, .T. ) ;
#4587 = DIRECTION ( 'NONE',  ( 0.000000000000000000, 0.000000000000000000, 1.000000000000000000 ) ) ;
#4588 = EDGE_CURVE ( 'NONE', #9966, #4796, #4707, .T. ) ;
#4589 = VERTEX_POINT ( 'NONE', #7664 ) ;
#4590 = ORIENTED_EDGE ( 'NONE', *, *, #6122, .F. ) ;
#4591 = LINE ( 'NONE', #4523, #8110 ) ;
#4592 = EDGE_CURVE ( 'NONE', #5536, #4454, #4479, .T. ) ;
#4594 = DIRECTION ( 'NONE',  ( 0.000000000000000000, 0.000000000000000000, -1.000000000000000000 ) ) ;
#4593 = VECTOR ( 'NONE', #1826, 1000.000000000000000 ) ;
#4595 = DIRECTION ( 'NONE',  ( 0.8191520442889894671, -0.5735764363510493791, 0.000000000000000000 ) ) ;
#4596 = DIRECTION ( 'NONE',  ( 0.000000000000000000, 0.000000000000000000, 1.000000000000000000 ) ) ;
#4597 = DIRECTION ( 'NONE',  ( 0.000000000000000000, 0.000000000000000000, 1.000000000000000000 ) ) ;
#4598 = ORIENTED_EDGE ( 'NONE', *, *, #6179, .F. ) ;
#4599 = CARTESIAN_POINT ( 'NONE',  ( 6.199999999999999289, 5.650000000000001243, 5.250000000000000000 ) ) ;
#4600 = CARTESIAN_POINT ( 'NONE',  ( 2.299999999999999822, -2.299999999999999822, 7.549999999999999822 ) ) ;
#4601 = ORIENTED_EDGE ( 'NONE', *, *, #7835, .T. ) ;
#4602 = DIRECTION ( 'NONE',  ( 1.327027319204863784E-16, 1.000000000000000000, 0.000000000000000000 ) ) ;
#4603 = AXIS2_PLACEMENT_3D ( 'NONE', #5795, #2561, #1822 ) ;
#4604 = ORIENTED_EDGE ( 'NONE', *, *, #440, .T. ) ;
#4605 = VECTOR ( 'NONE', #8867, 1000.000000000000114 ) ;
#4606 = ADVANCED_FACE ( 'NONE', ( #4554 ), #6226, .F. ) ;
#4607 = EDGE_CURVE ( 'NONE', #139, #3721, #8277, .T. ) ;
#4608 = CARTESIAN_POINT ( 'NONE',  ( 5.799999999999996270, 2.400000000000000355, 5.000000000000000888 ) ) ;
#4609 = FACE_OUTER_BOUND ( 'NONE', #6306, .T. ) ;
#4610 = ORIENTED_EDGE ( 'NONE', *, *, #5075, .F. ) ;
#4611 = CARTESIAN_POINT ( 'NONE',  ( -1.603581858547019623, 0.5350933335321558237, -7.050000000000001599 ) ) ;
#4612 = VERTEX_POINT ( 'NONE', #8646 ) ;
#4613 = DIRECTION ( 'NONE',  ( 1.000000000000000000, 0.000000000000000000, -0.000000000000000000 ) ) ;
#4614 = CARTESIAN_POINT ( 'NONE',  ( -1.699999999999999956, 2.999999999999998224, 7.249999999999999112 ) ) ;
#4615 = ORIENTED_EDGE ( 'NONE', *, *, #8239, .F. ) ;
#4616 = CARTESIAN_POINT ( 'NONE',  ( 5.499999999999996447, 0.000000000000000000, -6.700000000000000178 ) ) ;
#4617 = CYLINDRICAL_SURFACE ( 'NONE', #5827, 0.2999999999999999334 ) ;
#4618 = COLOUR_RGB ( '',0.2509803921568627416, 0.2509803921568627416, 0.2509803921568627416 ) ;
#4619 = EDGE_LOOP ( 'NONE', ( #1254, #10192, #8183, #10208 ) ) ;
#4621 = CARTESIAN_POINT ( 'NONE',  ( 3.299999999999999822, 2.650000000000000799, 7.249999999999999112 ) ) ;
#4620 = VECTOR ( 'NONE', #6606, 1000.000000000000000 ) ;
#4622 = DIRECTION ( 'NONE',  ( -0.000000000000000000, -1.000000000000000000, -0.000000000000000000 ) ) ;
#4623 = VECTOR ( 'NONE', #4358, 1000.000000000000000 ) ;
#4624 = EDGE_CURVE ( 'NONE', #6493, #7938, #882, .T. ) ;
#4625 = ADVANCED_FACE ( 'NONE', ( #4637 ), #4450, .F. ) ;
#4626 = VERTEX_POINT ( 'NONE', #6886 ) ;
#4627 = VERTEX_POINT ( 'NONE', #3021 ) ;
#4628 = DIRECTION ( 'NONE',  ( 1.000000000000000000, -0.000000000000000000, 0.000000000000000000 ) ) ;
#4629 = AXIS2_PLACEMENT_3D ( 'NONE', #10461, #612, #8816 ) ;
#4630 = DIRECTION ( 'NONE',  ( 0.000000000000000000, -1.000000000000000000, 0.000000000000000000 ) ) ;
#4631 = CYLINDRICAL_SURFACE ( 'NONE', #5303, 0.2999999999999999334 ) ;
#4632 = ORIENTED_EDGE ( 'NONE', *, *, #1592, .T. ) ;
#4633 = DIRECTION ( 'NONE',  ( -1.000000000000000000, 0.000000000000000000, 0.000000000000000000 ) ) ;
#4634 = LINE ( 'NONE', #3522, #4935 ) ;
#4635 = CARTESIAN_POINT ( 'NONE',  ( -3.299999999999999822, 2.949999999999998845, 7.249999999999999112 ) ) ;
#4636 = ORIENTED_EDGE ( 'NONE', *, *, #2935, .T. ) ;
#4637 = FACE_OUTER_BOUND ( 'NONE', #8151, .T. ) ;
#4638 = PLANE ( 'NONE',  #2346 ) ;
#4639 = CIRCLE ( 'NONE', #2980, 0.1499999999999999667 ) ;
#4640 = CARTESIAN_POINT ( 'NONE',  ( -5.049999999999997158, 0.1000000000000001721, -2.000000000000000000 ) ) ;
#4641 = ORIENTED_EDGE ( 'NONE', *, *, #2688, .T. ) ;
#4642 = CARTESIAN_POINT ( 'NONE',  ( 4.549999999999997158, 0.000000000000000000, -5.850000000000000533 ) ) ;
#4643 = ORIENTED_EDGE ( 'NONE', *, *, #1775, .T. ) ;
#4644 = EDGE_CURVE ( 'NONE', #3378, #6570, #4424, .T. ) ;
#4645 = VECTOR ( 'NONE', #2873, 1000.000000000000000 ) ;
#4646 = AXIS2_PLACEMENT_3D ( 'NONE', #5096, #5244, #6051 ) ;
#4647 = ORIENTED_EDGE ( 'NONE', *, *, #5350, .T. ) ;
#4648 = CARTESIAN_POINT ( 'NONE',  ( -2.449999999999999734, -2.299999999999998046, -7.050000000000000711 ) ) ;
#4649 = EDGE_CURVE ( 'NONE', #5482, #1659, #4573, .T. ) ;
#4650 = CARTESIAN_POINT ( 'NONE',  ( -6.199999999999999289, 5.650000000000001243, -5.250000000000000000 ) ) ;
#4651 = VERTEX_POINT ( 'NONE', #439 ) ;
#4652 = FACE_OUTER_BOUND ( 'NONE', #6624, .T. ) ;
#4653 = DIRECTION ( 'NONE',  ( 0.000000000000000000, 0.000000000000000000, 1.000000000000000000 ) ) ;
#4655 = CARTESIAN_POINT ( 'NONE',  ( -2.900000000000000355, 0.3544119062935214837, -6.800000000000001599 ) ) ;
#4654 = LINE ( 'NONE', #4133, #8149 ) ;
#4656 = PLANE ( 'NONE',  #7671 ) ;
#4657 = CARTESIAN_POINT ( 'NONE',  ( 5.799999999999998934, 5.650000000000001243, 5.250000000000000000 ) ) ;
#4658 = CARTESIAN_POINT ( 'NONE',  ( 2.449999999999999734, -2.299999999999999822, 7.549999999999998046 ) ) ;
#4659 = AXIS2_PLACEMENT_3D ( 'NONE', #5723, #10456, #2222 ) ;
#4660 = ORIENTED_EDGE ( 'NONE', *, *, #10469, .T. ) ;
#4661 = ORIENTED_EDGE ( 'NONE', *, *, #5650, .F. ) ;
#4662 = DIRECTION ( 'NONE',  ( 0.000000000000000000, -1.000000000000000000, -2.017120320903263702E-16 ) ) ;
#4663 = DIRECTION ( 'NONE',  ( 0.5735764363510463815, -0.8191520442889915765, 0.000000000000000000 ) ) ;
#4664 = FILL_AREA_STYLE_COLOUR ( '', #4618 ) ;
#4665 = ORIENTED_EDGE ( 'NONE', *, *, #4090, .T. ) ;
#4666 = ADVANCED_FACE ( 'NONE', ( #1017 ), #7589, .T. ) ;
#4667 = DIRECTION ( 'NONE',  ( 0.000000000000000000, -1.000000000000000000, -2.460132057943349518E-16 ) ) ;
#4668 = AXIS2_PLACEMENT_3D ( 'NONE', #7360, #1609, #8982 ) ;
#4669 = LINE ( 'NONE', #6981, #1127 ) ;
#4670 = AXIS2_PLACEMENT_3D ( 'NONE', #98, #1618, #932 ) ;
#4671 = VECTOR ( 'NONE', #1019, 1000.000000000000000 ) ;
#4672 = ORIENTED_EDGE ( 'NONE', *, *, #368, .T. ) ;
#4673 = EDGE_CURVE ( 'NONE', #3841, #157, #1165, .T. ) ;
#4674 = LINE ( 'NONE', #1424, #8311 ) ;
#4675 = DIRECTION ( 'NONE',  ( 0.000000000000000000, 0.000000000000000000, 1.000000000000000000 ) ) ;
#4676 = ORIENTED_EDGE ( 'NONE', *, *, #9449, .T. ) ;
#4677 = DIRECTION ( 'NONE',  ( -1.000000000000000000, 0.000000000000000000, 0.000000000000000000 ) ) ;
#4678 = AXIS2_PLACEMENT_3D ( 'NONE', #219, #9461, #1071 ) ;
#4679 = PLANE ( 'NONE',  #9298 ) ;
#4680 = DIRECTION ( 'NONE',  ( -0.000000000000000000, -0.000000000000000000, -1.000000000000000000 ) ) ;
#4681 = VERTEX_POINT ( 'NONE', #6096 ) ;
#4682 = COLOUR_RGB ( '',0.7921568627450980005, 0.8196078431372548767, 0.9333333333333333481 ) ;
#4683 = ORIENTED_EDGE ( 'NONE', *, *, #9112, .F. ) ;
#4684 = CARTESIAN_POINT ( 'NONE',  ( -6.236169591142200375, -0.7547152872702095339, 1.000000000000000000 ) ) ;
#4685 = FACE_OUTER_BOUND ( 'NONE', #8667, .T. ) ;
#4686 = LINE ( 'NONE', #2413, #4508 ) ;
#4687 = DIRECTION ( 'NONE',  ( 0.000000000000000000, 0.000000000000000000, 1.000000000000000000 ) ) ;
#4688 = AXIS2_PLACEMENT_3D ( 'NONE', #7499, #8351, #9199 ) ;
#4689 = EDGE_CURVE ( 'NONE', #5627, #9762, #8292, .T. ) ;
#4690 = ORIENTED_EDGE ( 'NONE', *, *, #10477, .F. ) ;
#4692 = PLANE ( 'NONE',  #6853 ) ;
#4691 = FACE_OUTER_BOUND ( 'NONE', #5653, .T. ) ;
#4693 = DIRECTION ( 'NONE',  ( -1.535153518563546084E-16, -1.000000000000000000, 0.000000000000000000 ) ) ;
#4694 = EDGE_CURVE ( 'NONE', #9822, #5413, #4745, .T. ) ;
#4695 = LINE ( 'NONE', #5934, #1155 ) ;
#4696 = EDGE_CURVE ( 'NONE', #2099, #3097, #4441, .T. ) ;
#4697 = CARTESIAN_POINT ( 'NONE',  ( 2.449999999999999734, -2.299999999999998046, -7.050000000000000711 ) ) ;
#4698 = ORIENTED_EDGE ( 'NONE', *, *, #5514, .T. ) ;
#4699 = PLANE ( 'NONE',  #2488 ) ;
#4700 = EDGE_CURVE ( 'NONE', #7793, #5655, #7998, .T. ) ;
#4701 = ORIENTED_EDGE ( 'NONE', *, *, #6850, .T. ) ;
#4702 = CARTESIAN_POINT ( 'NONE',  ( 5.599999999999996092, 5.500000000000000888, 6.700000000000000178 ) ) ;
#4703 = CYLINDRICAL_SURFACE ( 'NONE', #6759, 0.5999999999999989786 ) ;
#4704 = FACE_OUTER_BOUND ( 'NONE', #1488, .T. ) ;
#4705 = DIRECTION ( 'NONE',  ( 1.000000000000000000, 0.000000000000000000, -0.000000000000000000 ) ) ;
#4706 = VERTEX_POINT ( 'NONE', #1083 ) ;
#4707 = LINE ( 'NONE', #3678, #8344 ) ;
#4708 = CARTESIAN_POINT ( 'NONE',  ( -2.500000000000000000, -3.099999999999999201, 7.549999999999999822 ) ) ;
#4709 = LINE ( 'NONE', #8752, #8131 ) ;
#4710 = AXIS2_PLACEMENT_3D ( 'NONE', #2799, #6093, #9523 ) ;
#4711 = CARTESIAN_POINT ( 'NONE',  ( 2.500000000000000000, -2.299999999999998046, -7.050000000000000711 ) ) ;
#4712 = ADVANCED_FACE ( 'NONE', ( #1151 ), #10161, .T. ) ;
#4713 = DIRECTION ( 'NONE',  ( 0.7071067811865489050, 0.000000000000000000, -0.7071067811865462405 ) ) ;
#4714 = EDGE_LOOP ( 'NONE', ( #4362, #7496, #2899, #3163, #6612 ) ) ;
#4715 = EDGE_CURVE ( 'NONE', #6138, #9532, #1134, .T. ) ;
#4716 = EDGE_LOOP ( 'NONE', ( #2447, #5017, #5345, #2795 ) ) ;
#4717 = VERTEX_POINT ( 'NONE', #8795 ) ;
#4719 = EDGE_CURVE ( 'NONE', #8566, #4822, #4498, .T. ) ;
#4718 = LINE ( 'NONE', #8407, #1251 ) ;
#4720 = DIRECTION ( 'NONE',  ( 0.000000000000000000, 0.000000000000000000, 1.000000000000000000 ) ) ;
#4721 = FACE_OUTER_BOUND ( 'NONE', #8725, .T. ) ;
#4722 = CARTESIAN_POINT ( 'NONE',  ( -5.049999999999998046, 1.000000000000000000, -4.500000000000000888 ) ) ;
#4723 = EDGE_LOOP ( 'NONE', ( #3980, #534, #5393, #308 ) ) ;
#4724 = VECTOR ( 'NONE', #2078, 1000.000000000000000 ) ;
#4725 = CARTESIAN_POINT ( 'NONE',  ( -4.250000000000000000, 6.550000000000000711, -5.099999999999999645 ) ) ;
#4726 = CARTESIAN_POINT ( 'NONE',  ( -3.880824640740575759, 0.4999999999999998890, 4.500000000000000888 ) ) ;
#4727 = DIRECTION ( 'NONE',  ( 0.000000000000000000, -0.000000000000000000, -1.000000000000000000 ) ) ;
#4728 = DIRECTION ( 'NONE',  ( -1.000000000000000000, 0.000000000000000000, 0.000000000000000000 ) ) ;
#4729 = PLANE ( 'NONE',  #5442 ) ;
#4730 = ORIENTED_EDGE ( 'NONE', *, *, #9737, .F. ) ;
#4731 = ORIENTED_EDGE ( 'NONE', *, *, #4649, .T. ) ;
#4732 = CARTESIAN_POINT ( 'NONE',  ( -6.514715287270208322, -2.198587845354674108, -1.000000000000000000 ) ) ;
#4733 = AXIS2_PLACEMENT_3D ( 'NONE', #4702, #9758, #2374 ) ;
#4734 = ADVANCED_FACE ( 'NONE', ( #1067 ), #5777, .T. ) ;
#4735 = CARTESIAN_POINT ( 'NONE',  ( 5.799999999999996270, 2.400000000000000355, -2.000000000000000000 ) ) ;
#4736 = ORIENTED_EDGE ( 'NONE', *, *, #9200, .F. ) ;
#4737 = CARTESIAN_POINT ( 'NONE',  ( 5.450000000000000178, 6.100000000000000533, -6.400000000000000355 ) ) ;
#4738 = ORIENTED_EDGE ( 'NONE', *, *, #8732, .T. ) ;
#4739 = EDGE_CURVE ( 'NONE', #867, #2167, #8184, .T. ) ;
#4740 = DIRECTION ( 'NONE',  ( -0.000000000000000000, -1.000000000000000000, -0.000000000000000000 ) ) ;
#4741 = CIRCLE ( 'NONE', #6344, 0.05000000000000012768 ) ;
#4742 = VERTEX_POINT ( 'NONE', #1645 ) ;
#4743 = EDGE_CURVE ( 'NONE', #6498, #8799, #1102, .T. ) ;
#4744 = ORIENTED_EDGE ( 'NONE', *, *, #5715, .F. ) ;
#4745 = LINE ( 'NONE', #513, #7977 ) ;
#4746 = ORIENTED_EDGE ( 'NONE', *, *, #836, .T. ) ;
#4747 = CARTESIAN_POINT ( 'NONE',  ( -6.891491226573391415, -1.690611574686247565, 1.000000000000000000 ) ) ;
#4748 = DIRECTION ( 'NONE',  ( 0.5735764363510473807, 0.8191520442889911324, -0.000000000000000000 ) ) ;
#4749 = CARTESIAN_POINT ( 'NONE',  ( 2.100000000000000089, 0.7999999999999982681, 7.549999999999999822 ) ) ;
#4750 = DIRECTION ( 'NONE',  ( 1.000000000000000000, 0.000000000000000000, 0.000000000000000000 ) ) ;
#4751 = CARTESIAN_POINT ( 'NONE',  ( -2.550000000000000711, 0.6999999999999997335, 7.699999999999997513 ) ) ;
#4752 = PLANE ( 'NONE',  #7276 ) ;
#4753 = ORIENTED_EDGE ( 'NONE', *, *, #7157, .F. ) ;
#4754 = CARTESIAN_POINT ( 'NONE',  ( 4.549999999999997158, 2.400000000000000355, -5.850000000000000533 ) ) ;
#4755 = VERTEX_POINT ( 'NONE', #1562 ) ;
#4756 = PLANE ( 'NONE',  #8188 ) ;
#4757 = ADVANCED_FACE ( 'NONE', ( #4652 ), #9655, .F. ) ;
#4758 = VECTOR ( 'NONE', #636, 1000.000000000000000 ) ;
#4759 = CIRCLE ( 'NONE', #7008, 1.000000000000000000 ) ;
#4760 = EDGE_CURVE ( 'NONE', #4651, #1178, #8221, .T. ) ;
#4761 = EDGE_LOOP ( 'NONE', ( #1867, #4730, #8476, #3984 ) ) ;
#4763 = CARTESIAN_POINT ( 'NONE',  ( -6.172636875200958606, -2.926423563648953063, 1.000000000000000000 ) ) ;
#4762 = LINE ( 'NONE', #8180, #4620 ) ;
#4764 = DIRECTION ( 'NONE',  ( -1.000000000000000000, 0.000000000000000000, 0.000000000000000000 ) ) ;
#4765 = AXIS2_PLACEMENT_3D ( 'NONE', #2564, #3416, #4211 ) ;
#4766 = VERTEX_POINT ( 'NONE', #2411 ) ;
#4767 = DIRECTION ( 'NONE',  ( 0.000000000000000000, 0.000000000000000000, 1.000000000000000000 ) ) ;
#4768 = CARTESIAN_POINT ( 'NONE',  ( 3.850000000000000089, 4.986986664055304885, -6.700000000000000178 ) ) ;
#4769 = ORIENTED_EDGE ( 'NONE', *, *, #3709, .F. ) ;
#4770 = PLANE ( 'NONE',  #9928 ) ;
#4771 = ORIENTED_EDGE ( 'NONE', *, *, #2481, .F. ) ;
#4772 = ORIENTED_EDGE ( 'NONE', *, *, #3424, .F. ) ;
#4773 = DIRECTION ( 'NONE',  ( 0.000000000000000000, 0.000000000000000000, -1.000000000000000000 ) ) ;
#4774 = VECTOR ( 'NONE', #1890, 1000.000000000000000 ) ;
#4775 = VECTOR ( 'NONE', #9883, 1000.000000000000000 ) ;
#4776 = CARTESIAN_POINT ( 'NONE',  ( 6.649821042359578429E-17, 0.4999999999999993339, 0.000000000000000000 ) ) ;
#4777 = ORIENTED_EDGE ( 'NONE', *, *, #2660, .F. ) ;
#4778 = CARTESIAN_POINT ( 'NONE',  ( -6.399999999999998579, -2.034757436496875016, -1.000000000000000000 ) ) ;
#4779 = ORIENTED_EDGE ( 'NONE', *, *, #6013, .F. ) ;
#4780 = TOROIDAL_SURFACE ( 'NONE', #3219, 0.4249999999999982681, 0.1499999999999999944 ) ;
#4781 = ADVANCED_FACE ( 'NONE', ( #4691 ), #7953, .T. ) ;
#4782 = DIRECTION ( 'NONE',  ( 0.000000000000000000, 1.000000000000000000, 0.000000000000000000 ) ) ;
#4783 = AXIS2_PLACEMENT_3D ( 'NONE', #4071, #225, #7291 ) ;
#4784 = DIRECTION ( 'NONE',  ( 1.807003620809174632E-16, -1.000000000000000000, -1.807003620809174632E-16 ) ) ;
#4785 = EDGE_LOOP ( 'NONE', ( #532, #9962, #695, #617 ) ) ;
#4786 = DIRECTION ( 'NONE',  ( 0.000000000000000000, 1.000000000000000000, 0.000000000000000000 ) ) ;
#4787 = ORIENTED_EDGE ( 'NONE', *, *, #3211, .F. ) ;
#4788 = EDGE_CURVE ( 'NONE', #10102, #7666, #8257, .T. ) ;
#4789 = ORIENTED_EDGE ( 'NONE', *, *, #6353, .T. ) ;
#4790 = ORIENTED_EDGE ( 'NONE', *, *, #2604, .F. ) ;
#4791 = ORIENTED_EDGE ( 'NONE', *, *, #2276, .T. ) ;
#4792 = LINE ( 'NONE', #6125, #8237 ) ;
#4793 = PLANE ( 'NONE',  #2755 ) ;
#4794 = FACE_OUTER_BOUND ( 'NONE', #5000, .T. ) ;
#4795 = AXIS2_PLACEMENT_3D ( 'NONE', #1379, #4119, #8882 ) ;
#4796 = VERTEX_POINT ( 'NONE', #8940 ) ;
#4797 = VERTEX_POINT ( 'NONE', #8031 ) ;
#4798 = VECTOR ( 'NONE', #4546, 1000.000000000000000 ) ;
#4799 = CARTESIAN_POINT ( 'NONE',  ( 4.250000000000000000, 6.550000000000000711, 5.099999999999999645 ) ) ;
#4800 = CARTESIAN_POINT ( 'NONE',  ( -1.699999999999999956, 1.100000000000000089, -5.850000000000000533 ) ) ;
#4801 = DIRECTION ( 'NONE',  ( 0.000000000000000000, 0.000000000000000000, 1.000000000000000000 ) ) ;
#4802 = CARTESIAN_POINT ( 'NONE',  ( 6.199999999999998401, 0.6000000000000006439, -3.000000000000000000 ) ) ;
#4803 = CARTESIAN_POINT ( 'NONE',  ( 1.700000000000000178, 0.8000000000000001554, -7.050000000000001599 ) ) ;
#4804 = AXIS2_PLACEMENT_3D ( 'NONE', #10260, #390, #1239 ) ;
#4805 =( GEOMETRIC_REPRESENTATION_CONTEXT ( 3 ) GLOBAL_UNCERTAINTY_ASSIGNED_CONTEXT ( ( #3818 ) ) GLOBAL_UNIT_ASSIGNED_CONTEXT ( ( #2428, #8204, #8129 ) ) REPRESENTATION_CONTEXT ( 'NONE', 'WORKASPACE' ) );
#4806 = CARTESIAN_POINT ( 'NONE',  ( 5.499999999999996447, 1.000000000000000000, 6.400000000000000355 ) ) ;
#4807 = CARTESIAN_POINT ( 'NONE',  ( -2.700000000000000178, -2.299999999999999822, 7.549999999999999822 ) ) ;
#4808 = ORIENTED_EDGE ( 'NONE', *, *, #10452, .T. ) ;
#4809 = EDGE_CURVE ( 'NONE', #6867, #524, #4904, .T. ) ;
#4810 = ORIENTED_EDGE ( 'NONE', *, *, #9245, .T. ) ;
#4811 = DIRECTION ( 'NONE',  ( 0.000000000000000000, 1.000000000000000000, 0.000000000000000000 ) ) ;
#4812 = CYLINDRICAL_SURFACE ( 'NONE', #3753, 0.1999999999999996503 ) ;
#4813 = EDGE_CURVE ( 'NONE', #1619, #4463, #4924, .T. ) ;
#4814 = ORIENTED_EDGE ( 'NONE', *, *, #3552, .F. ) ;
#4815 = FACE_OUTER_BOUND ( 'NONE', #9635, .T. ) ;
#4816 = EDGE_CURVE ( 'NONE', #10021, #7356, #8472, .T. ) ;
#4817 = CARTESIAN_POINT ( 'NONE',  ( -1.699999999999999956, 3.249999999999998668, 6.349999999999997868 ) ) ;
#4818 = DIRECTION ( 'NONE',  ( 1.000000000000000000, 1.224646799147353207E-16, 2.470259944489264076E-32 ) ) ;
#4819 = ADVANCED_FACE ( 'NONE', ( #1550 ), #810, .T. ) ;
#4820 = EDGE_CURVE ( 'NONE', #6955, #6967, #1729, .T. ) ;
#4821 = CARTESIAN_POINT ( 'NONE',  ( 5.908508773426603966, -0.9841458618106281309, 1.000000000000000000 ) ) ;
#4822 = VERTEX_POINT ( 'NONE', #2275 ) ;
#4823 = VERTEX_POINT ( 'NONE', #3952 ) ;
#4824 = VERTEX_POINT ( 'NONE', #3328 ) ;
#4825 = DIRECTION ( 'NONE',  ( 0.000000000000000000, 0.000000000000000000, -1.000000000000000000 ) ) ;
#4826 = AXIS2_PLACEMENT_3D ( 'NONE', #10142, #7717, #6991 ) ;
#4827 = EDGE_CURVE ( 'NONE', #1599, #7725, #1365, .T. ) ;
#4828 = LINE ( 'NONE', #10600, #4758 ) ;
#4829 = VECTOR ( 'NONE', #5716, 1000.000000000000000 ) ;
#4830 = DIRECTION ( 'NONE',  ( -1.000000000000000000, -0.000000000000000000, -0.000000000000000000 ) ) ;
#4831 = EDGE_CURVE ( 'NONE', #5228, #9892, #1588, .T. ) ;
#4832 = VERTEX_POINT ( 'NONE', #3253 ) ;
#4834 = CARTESIAN_POINT ( 'NONE',  ( 3.880824640740575759, 0.4999999999999998890, 3.000000000000000000 ) ) ;
#4833 = CIRCLE ( 'NONE', #4060, 0.04999999999999883010 ) ;
#4835 = DIRECTION ( 'NONE',  ( 0.000000000000000000, 0.000000000000000000, -1.000000000000000000 ) ) ;
#4836 = EDGE_CURVE ( 'NONE', #564, #9551, #5124, .T. ) ;
#4837 = VERTEX_POINT ( 'NONE', #6910 ) ;
#4838 = DIRECTION ( 'NONE',  ( 1.000000000000000000, 0.000000000000000000, 0.000000000000000000 ) ) ;
#4839 = DIRECTION ( 'NONE',  ( 0.000000000000000000, -1.000000000000000000, -0.000000000000000000 ) ) ;
#4840 = ORIENTED_EDGE ( 'NONE', *, *, #1252, .F. ) ;
#4841 = DIRECTION ( 'NONE',  ( 3.614007241618348278E-16, 1.000000000000000000, 4.430117370400858162E-17 ) ) ;
#4842 = VERTEX_POINT ( 'NONE', #10110 ) ;
#4843 = ORIENTED_EDGE ( 'NONE', *, *, #10477, .T. ) ;
#4844 =( LENGTH_UNIT ( ) NAMED_UNIT ( * ) SI_UNIT ( .MILLI., .METRE. ) );
#4845 = ADVANCED_FACE ( 'NONE', ( #5253 ), #5910, .T. ) ;
#4846 = LINE ( 'NONE', #8760, #8338 ) ;
#4847 = LINE ( 'NONE', #10266, #4918 ) ;
#4848 = AXIS2_PLACEMENT_3D ( 'NONE', #347, #2051, #7789 ) ;
#4849 = DIRECTION ( 'NONE',  ( 0.000000000000000000, 0.000000000000000000, -1.000000000000000000 ) ) ;
#4850 = VERTEX_POINT ( 'NONE', #9956 ) ;
#4851 = DIRECTION ( 'NONE',  ( 1.000000000000000000, -0.000000000000000000, -0.000000000000000000 ) ) ;
#4852 = LINE ( 'NONE', #762, #5680 ) ;
#4853 = CARTESIAN_POINT ( 'NONE',  ( -5.049999999999997158, 2.400000000000000355, 5.000000000000000888 ) ) ;
#4854 = DIRECTION ( 'NONE',  ( 1.000000000000000000, 0.000000000000000000, 0.000000000000000000 ) ) ;
#4855 = CARTESIAN_POINT ( 'NONE',  ( -3.299999999999999822, 0.8000000000000001554, -6.750000000000001776 ) ) ;
#4856 = CARTESIAN_POINT ( 'NONE',  ( 5.049999999999997158, 4.986986664055304885, 5.350000000000001421 ) ) ;
#4857 = EDGE_CURVE ( 'NONE', #3621, #8035, #8735, .T. ) ;
#4858 = ORIENTED_EDGE ( 'NONE', *, *, #2894, .T. ) ;
#4859 = VERTEX_POINT ( 'NONE', #1169 ) ;
#4860 = ORIENTED_EDGE ( 'NONE', *, *, #7914, .F. ) ;
#4861 = CIRCLE ( 'NONE', #2252, 0.4000000000000001887 ) ;
#4862 = DIRECTION ( 'NONE',  ( 0.000000000000000000, 1.000000000000000000, 2.460132057943349518E-16 ) ) ;
#4863 = LINE ( 'NONE', #3845, #1457 ) ;
#4864 = CARTESIAN_POINT ( 'NONE',  ( -5.799999999999998934, 5.650000000000001243, -1.000000000000000000 ) ) ;
#4865 = ORIENTED_EDGE ( 'NONE', *, *, #2935, .F. ) ;
#4866 = VECTOR ( 'NONE', #7081, 1000.000000000000000 ) ;
#4867 = ADVANCED_FACE ( 'NONE', ( #8713, #1345 ), #9235, .F. ) ;
#4868 = DIRECTION ( 'NONE',  ( 0.000000000000000000, -1.000000000000000000, -4.869470219022244754E-16 ) ) ;
#4869 = DIRECTION ( 'NONE',  ( 0.7660444431189813441, 0.6427876096865353661, 0.000000000000000000 ) ) ;
#4870 = DIRECTION ( 'NONE',  ( 0.7071067811865489050, 0.000000000000000000, -0.7071067811865462405 ) ) ;
#4871 = DIRECTION ( 'NONE',  ( 3.614007241618348278E-16, 1.000000000000000000, 4.430117370400858162E-17 ) ) ;
#4872 = EDGE_CURVE ( 'NONE', #9967, #3072, #8681, .T. ) ;
#4873 = DIRECTION ( 'NONE',  ( 0.000000000000000000, 1.000000000000000000, 4.430117370400858162E-17 ) ) ;
#4874 = DIRECTION ( 'NONE',  ( -1.000000000000000000, 1.535153518563546084E-16, 0.000000000000000000 ) ) ;
#4875 = VECTOR ( 'NONE', #7205, 1000.000000000000000 ) ;
#4876 = EDGE_CURVE ( 'NONE', #5745, #4232, #5105, .T. ) ;
#4877 = ORIENTED_EDGE ( 'NONE', *, *, #4890, .T. ) ;
#4878 = CARTESIAN_POINT ( 'NONE',  ( 3.880824640740575759, 0.09999999999999990841, -4.499999999999997335 ) ) ;
#4879 = ORIENTED_EDGE ( 'NONE', *, *, #5854, .F. ) ;
#4880 = EDGE_LOOP ( 'NONE', ( #660, #10549, #631, #3108 ) ) ;
#4881 = DIRECTION ( 'NONE',  ( 0.000000000000000000, 1.000000000000000000, 0.000000000000000000 ) ) ;
#4882 = VECTOR ( 'NONE', #9363, 1000.000000000000000 ) ;
#4883 = ORIENTED_EDGE ( 'NONE', *, *, #1481, .F. ) ;
#4884 = ORIENTED_EDGE ( 'NONE', *, *, #10432, .F. ) ;
#4885 = FACE_OUTER_BOUND ( 'NONE', #6301, .T. ) ;
#4886 = DIRECTION ( 'NONE',  ( 0.000000000000000000, 0.000000000000000000, 1.000000000000000000 ) ) ;
#4887 = CARTESIAN_POINT ( 'NONE',  ( 5.450000000000000178, 5.700000000000000178, -6.700000000000000178 ) ) ;
#4888 = ADVANCED_FACE ( 'NONE', ( #1323 ), #1240, .T. ) ;
#4889 = VERTEX_POINT ( 'NONE', #6841 ) ;
#4890 = EDGE_CURVE ( 'NONE', #917, #2828, #1255, .T. ) ;
#4891 = DIRECTION ( 'NONE',  ( 0.000000000000000000, 0.000000000000000000, 1.000000000000000000 ) ) ;
#4892 = VECTOR ( 'NONE', #8349, 1000.000000000000000 ) ;
#4893 = PLANE ( 'NONE',  #4534 ) ;
#4894 = CARTESIAN_POINT ( 'NONE',  ( 4.336808689942017736E-16, 0.6999999999999998446, 7.549999999999998046 ) ) ;
#4895 = FILL_AREA_STYLE_COLOUR ( '', #447 ) ;
#4896 = AXIS2_PLACEMENT_3D ( 'NONE', #5194, #9985, #6934 ) ;
#4897 = ORIENTED_EDGE ( 'NONE', *, *, #10331, .F. ) ;
#4898 = VERTEX_POINT ( 'NONE', #10183 ) ;
#4899 = CARTESIAN_POINT ( 'NONE',  ( -5.799999999999996270, 0.000000000000000000, 6.400000000000000355 ) ) ;
#4900 = FACE_OUTER_BOUND ( 'NONE', #4458, .T. ) ;
#4901 = FACE_OUTER_BOUND ( 'NONE', #973, .T. ) ;
#4902 = VERTEX_POINT ( 'NONE', #7466 ) ;
#4903 = VERTEX_POINT ( 'NONE', #2827 ) ;
#4905 = CARTESIAN_POINT ( 'NONE',  ( -2.700000000000000622, -2.299999999999998046, -7.050000000000002487 ) ) ;
#4904 = LINE ( 'NONE', #10627, #8768 ) ;
#4906 = PLANE ( 'NONE',  #8571 ) ;
#4907 = DIRECTION ( 'NONE',  ( 0.000000000000000000, -1.000000000000000000, -0.000000000000000000 ) ) ;
#4908 =( GEOMETRIC_REPRESENTATION_CONTEXT ( 3 ) GLOBAL_UNCERTAINTY_ASSIGNED_CONTEXT ( ( #9605 ) ) GLOBAL_UNIT_ASSIGNED_CONTEXT ( ( #9108, #5251, #1185 ) ) REPRESENTATION_CONTEXT ( 'NONE', 'WORKASPACE' ) );
#4909 = LINE ( 'NONE', #7084, #921 ) ;
#4910 = ADVANCED_FACE ( 'NONE', ( #1236 ), #9359, .T. ) ;
#4911 = CARTESIAN_POINT ( 'NONE',  ( 5.908508773426603966, -0.9841458618106281309, -1.000000000000000000 ) ) ;
#4912 = CARTESIAN_POINT ( 'NONE',  ( -2.449293598294707462E-17, -2.500000000000000000, 7.549999999999999822 ) ) ;
#4913 = VERTEX_POINT ( 'NONE', #321 ) ;
#4914 = EDGE_LOOP ( 'NONE', ( #1209, #6575, #6287, #1455 ) ) ;
#4915 = DIRECTION ( 'NONE',  ( 0.000000000000000000, 1.000000000000000000, 0.000000000000000000 ) ) ;
#4916 = VECTOR ( 'NONE', #9735, 1000.000000000000000 ) ;
#4917 = AXIS2_PLACEMENT_3D ( 'NONE', #10, #8051, #9673 ) ;
#4918 = VECTOR ( 'NONE', #6974, 1000.000000000000000 ) ;
#4919 = DIRECTION ( 'NONE',  ( -0.000000000000000000, -0.000000000000000000, 1.000000000000000000 ) ) ;
#4920 = CARTESIAN_POINT ( 'NONE',  ( 0.05000000000000012768, -2.299999999999999822, 7.549999999999998046 ) ) ;
#4921 = ORIENTED_EDGE ( 'NONE', *, *, #6636, .T. ) ;
#4922 = PLANE ( 'NONE',  #6760 ) ;
#4923 = EDGE_CURVE ( 'NONE', #2048, #7793, #4833, .T. ) ;
#4924 = LINE ( 'NONE', #7247, #1765 ) ;
#4925 = DIRECTION ( 'NONE',  ( 0.000000000000000000, 0.000000000000000000, -1.000000000000000000 ) ) ;
#4926 = CARTESIAN_POINT ( 'NONE',  ( -2.299999999999999822, -2.299999999999998046, -7.050000000000002487 ) ) ;
#4927 = CARTESIAN_POINT ( 'NONE',  ( 2.100000000000000089, 0.8000000000000001554, -6.800000000000001599 ) ) ;
#4928 = ORIENTED_EDGE ( 'NONE', *, *, #334, .F. ) ;
#4929 = AXIS2_PLACEMENT_3D ( 'NONE', #2555, #4270, #4413 ) ;
#4930 = LINE ( 'NONE', #10533, #8244 ) ;
#4931 = ORIENTED_EDGE ( 'NONE', *, *, #314, .F. ) ;
#4932 = EDGE_LOOP ( 'NONE', ( #680, #10026, #4790, #5684 ) ) ;
#4933 = ORIENTED_EDGE ( 'NONE', *, *, #3440, .T. ) ;
#4934 = ADVANCED_FACE ( 'NONE', ( #1632 ), #9427, .T. ) ;
#4935 = VECTOR ( 'NONE', #5725, 1000.000000000000000 ) ;
#4936 = CARTESIAN_POINT ( 'NONE',  ( 5.750000000000000000, 5.650000000000001243, 5.250000000000000000 ) ) ;
#4937 = VECTOR ( 'NONE', #21, 1000.000000000000000 ) ;
#4938 = CARTESIAN_POINT ( 'NONE',  ( -2.499999999999999556, 0.1000000000000016848, -7.050000000000001599 ) ) ;
#4939 = AXIS2_PLACEMENT_3D ( 'NONE', #5165, #2476, #5982 ) ;
#4940 = EDGE_CURVE ( 'NONE', #7332, #4903, #8811, .T. ) ;
#4941 = ORIENTED_EDGE ( 'NONE', *, *, #4816, .F. ) ;
#4942 = EDGE_CURVE ( 'NONE', #6995, #6326, #8487, .T. ) ;
#4943 = PLANE ( 'NONE',  #6465 ) ;
#4944 = CARTESIAN_POINT ( 'NONE',  ( 2.598076211353316900, 18.00000000000000000, 1.499999999999999112 ) ) ;
#4945 = DIRECTION ( 'NONE',  ( -0.000000000000000000, 4.430117370400858162E-17, -1.000000000000000000 ) ) ;
#4946 = CARTESIAN_POINT ( 'NONE',  ( 2.500000000000000444, 0.6999999999999998446, 7.549999999999998046 ) ) ;
#4947 = CARTESIAN_POINT ( 'NONE',  ( -5.799999999999996270, 0.5000000000000002220, 3.000000000000000000 ) ) ;
#4948 = EDGE_CURVE ( 'NONE', #5670, #908, #5142, .T. ) ;
#4949 = LINE ( 'NONE', #995, #4892 ) ;
#4950 = CARTESIAN_POINT ( 'NONE',  ( -0.4000000000000001887, 0.3544119062935203179, -6.200000000000001954 ) ) ;
#4951 = EDGE_CURVE ( 'NONE', #7164, #6775, #5177, .T. ) ;
#4952 = ORIENTED_EDGE ( 'NONE', *, *, #5813, .F. ) ;
#4953 = ORIENTED_EDGE ( 'NONE', *, *, #3995, .T. ) ;
#4954 = CARTESIAN_POINT ( 'NONE',  ( -1.699999999999999956, 0.8000000000000001554, -6.750000000000001776 ) ) ;
#4955 = CYLINDRICAL_SURFACE ( 'NONE', #8547, 0.6000000000000007550 ) ;
#4956 = ORIENTED_EDGE ( 'NONE', *, *, #748, .T. ) ;
#4957 = ADVANCED_FACE ( 'NONE', ( #1304 ), #3454, .F. ) ;
#4958 = CARTESIAN_POINT ( 'NONE',  ( -3.880824640740575759, 0.4999999999999995559, 4.500000000000000888 ) ) ;
#4959 = AXIS2_PLACEMENT_3D ( 'NONE', #1884, #5783, #9307 ) ;
#4960 = CARTESIAN_POINT ( 'NONE',  ( 4.549999999999997158, 1.000000000000000000, -5.850000000000000533 ) ) ;
#4961 = ORIENTED_EDGE ( 'NONE', *, *, #5107, .T. ) ;
#4962 = DIRECTION ( 'NONE',  ( 0.000000000000000000, 1.000000000000000000, 0.000000000000000000 ) ) ;
#4963 = LINE ( 'NONE', #2854, #1689 ) ;
#4964 = DIRECTION ( 'NONE',  ( 1.000000000000000000, 0.000000000000000000, 0.000000000000000000 ) ) ;
#4965 = EDGE_CURVE ( 'NONE', #3499, #6809, #8755, .T. ) ;
#4966 = EDGE_LOOP ( 'NONE', ( #2440, #4409, #9728, #6439 ) ) ;
#4967 = ORIENTED_EDGE ( 'NONE', *, *, #5554, .T. ) ;
#4968 = ORIENTED_EDGE ( 'NONE', *, *, #7534, .F. ) ;
#4969 = DIRECTION ( 'NONE',  ( 0.000000000000000000, 0.000000000000000000, -1.000000000000000000 ) ) ;
#4971 = EDGE_CURVE ( 'NONE', #5111, #3646, #1382, .T. ) ;
#4970 = VECTOR ( 'NONE', #7150, 1000.000000000000000 ) ;
#4972 = CIRCLE ( 'NONE', #10468, 0.1499999999999999667 ) ;
#4973 = DIRECTION ( 'NONE',  ( 0.000000000000000000, 1.000000000000000000, 0.000000000000000000 ) ) ;
#4974 = ORIENTED_EDGE ( 'NONE', *, *, #5495, .F. ) ;
#4975 = PLANE ( 'NONE',  #9395 ) ;
#4976 = DIRECTION ( 'NONE',  ( -1.000000000000000000, 1.224646799147353207E-16, 5.425329057508500610E-33 ) ) ;
#4977 = CARTESIAN_POINT ( 'NONE',  ( -3.880824640740575759, 0.09999999999999990841, 3.000000000000000000 ) ) ;
#4978 = ADVANCED_FACE ( 'NONE', ( #8361 ), #3128, .F. ) ;
#4979 = AXIS2_PLACEMENT_3D ( 'NONE', #5862, #5112, #6716 ) ;
#4980 = LINE ( 'NONE', #9772, #5181 ) ;
#4981 = CARTESIAN_POINT ( 'NONE',  ( 6.514715287270208322, -2.198587845354674108, -1.000000000000000000 ) ) ;
#4982 = ORIENTED_EDGE ( 'NONE', *, *, #9344, .F. ) ;
#4983 = ORIENTED_EDGE ( 'NONE', *, *, #7539, .T. ) ;
#4984 = VERTEX_POINT ( 'NONE', #4045 ) ;
#4985 = LINE ( 'NONE', #9993, #1508 ) ;
#4986 = CIRCLE ( 'NONE', #3648, 0.2000000000000005107 ) ;
#4987 = EDGE_CURVE ( 'NONE', #7845, #3026, #5270, .T. ) ;
#4988 = DIRECTION ( 'NONE',  ( 0.000000000000000000, -0.000000000000000000, 1.000000000000000000 ) ) ;
#4989 = CARTESIAN_POINT ( 'NONE',  ( -5.699999999999998401, 0.09999999999999993616, 3.000000000000000444 ) ) ;
#4990 = EDGE_LOOP ( 'NONE', ( #7928, #8401, #1371, #327, #4753 ) ) ;
#4991 = CARTESIAN_POINT ( 'NONE',  ( -3.880824640740575759, 0.4999999999999998890, -4.499999999999997335 ) ) ;
#4992 = DIRECTION ( 'NONE',  ( 0.000000000000000000, 0.000000000000000000, 1.000000000000000000 ) ) ;
#4993 = CARTESIAN_POINT ( 'NONE',  ( 2.500000000000000444, 0.1000000000000016848, -7.049999999999999822 ) ) ;
#4994 = CARTESIAN_POINT ( 'NONE',  ( -5.799999999999998934, 5.650000000000001243, -5.250000000000000000 ) ) ;
#4995 = CARTESIAN_POINT ( 'NONE',  ( 5.799999999999996270, 3.100000000000000089, -1.599999999999999867 ) ) ;
#4996 = LINE ( 'NONE', #3233, #1469 ) ;
#4997 = ADVANCED_FACE ( 'NONE', ( #4815 ), #10466, .F. ) ;
#4998 = ORIENTED_EDGE ( 'NONE', *, *, #6379, .T. ) ;
#4999 = AXIS2_PLACEMENT_3D ( 'NONE', #10586, #6248, #7198 ) ;
#5000 = EDGE_LOOP ( 'NONE', ( #9624, #9986, #6191, #6429 ) ) ;
#5001 = ORIENTED_EDGE ( 'NONE', *, *, #5498, .T. ) ;
#5002 = LINE ( 'NONE', #1686, #8569 ) ;
#5003 = CARTESIAN_POINT ( 'NONE',  ( -3.299999999999999822, 0.5000000000000027756, -7.050000000000001599 ) ) ;
#5004 = FACE_OUTER_BOUND ( 'NONE', #792, .T. ) ;
#5005 = EDGE_CURVE ( 'NONE', #4566, #1712, #8787, .T. ) ;
#5006 = DIRECTION ( 'NONE',  ( 0.000000000000000000, 2.017120320903263702E-16, -1.000000000000000000 ) ) ;
#5007 = ORIENTED_EDGE ( 'NONE', *, *, #9279, .T. ) ;
#5008 = EDGE_LOOP ( 'NONE', ( #2887, #6470, #5847, #9515 ) ) ;
#5009 = DIRECTION ( 'NONE',  ( 0.000000000000000000, -1.000000000000000000, -0.000000000000000000 ) ) ;
#5010 = CARTESIAN_POINT ( 'NONE',  ( -1.699999999999999956, 0.8000000000000001554, -6.750000000000001776 ) ) ;
#5011 = DIRECTION ( 'NONE',  ( 0.000000000000000000, 1.000000000000000000, 0.000000000000000000 ) ) ;
#5012 = CARTESIAN_POINT ( 'NONE',  ( -6.199999999999998401, 0.6000000000000006439, -3.000000000000000000 ) ) ;
#5013 = CARTESIAN_POINT ( 'NONE',  ( -2.900000000000000355, -3.099999999999996980, -6.800000000000002487 ) ) ;
#5014 = DIRECTION ( 'NONE',  ( 1.535153518563546084E-16, 1.000000000000000000, 0.000000000000000000 ) ) ;
#5015 = FACE_OUTER_BOUND ( 'NONE', #4168, .T. ) ;
#5016 = EDGE_LOOP ( 'NONE', ( #7557, #7801, #7504, #231 ) ) ;
#5017 = ORIENTED_EDGE ( 'NONE', *, *, #4509, .T. ) ;
#5018 = ORIENTED_EDGE ( 'NONE', *, *, #4569, .F. ) ;
#5019 = CARTESIAN_POINT ( 'NONE',  ( -5.799999999999996270, 0.000000000000000000, -6.400000000000000355 ) ) ;
#5020 = ADVANCED_FACE ( 'NONE', ( #1672 ), #7904, .T. ) ;
#5021 = DIRECTION ( 'NONE',  ( 1.000000000000000000, 1.535153518563546084E-16, -0.000000000000000000 ) ) ;
#5022 = VECTOR ( 'NONE', #7571, 1000.000000000000114 ) ;
#5023 = FACE_OUTER_BOUND ( 'NONE', #5421, .T. ) ;
#5024 = EDGE_CURVE ( 'NONE', #7697, #6143, #5234, .T. ) ;
#5025 = VERTEX_POINT ( 'NONE', #9550 ) ;
#5026 = EDGE_LOOP ( 'NONE', ( #6819, #2846, #4132, #5356 ) ) ;
#5027 = VERTEX_POINT ( 'NONE', #1587 ) ;
#5028 = DIRECTION ( 'NONE',  ( -1.000000000000000000, 0.000000000000000000, 0.000000000000000000 ) ) ;
#5029 = AXIS2_PLACEMENT_3D ( 'NONE', #7883, #9885, #1433 ) ;
#5030 = DIRECTION ( 'NONE',  ( -1.000000000000000000, 0.000000000000000000, 0.000000000000000000 ) ) ;
#5031 = DIRECTION ( 'NONE',  ( 0.000000000000000000, 0.000000000000000000, -1.000000000000000000 ) ) ;
#5032 = PLANE ( 'NONE',  #5288 ) ;
#5033 = CARTESIAN_POINT ( 'NONE',  ( 0.000000000000000000, 2.100000000000000089, -1.599999999999999867 ) ) ;
#5034 = DIRECTION ( 'NONE',  ( 1.000000000000000000, 0.000000000000000000, 0.000000000000000000 ) ) ;
#5035 = ORIENTED_EDGE ( 'NONE', *, *, #8709, .F. ) ;
#5036 = ORIENTED_EDGE ( 'NONE', *, *, #9600, .F. ) ;
#5037 = ORIENTED_EDGE ( 'NONE', *, *, #8531, .F. ) ;
#5038 = DIRECTION ( 'NONE',  ( -0.000000000000000000, -1.000000000000000000, -0.000000000000000000 ) ) ;
#5039 = FACE_OUTER_BOUND ( 'NONE', #7290, .T. ) ;
#5040 = FACE_OUTER_BOUND ( 'NONE', #6184, .T. ) ;
#5041 = VECTOR ( 'NONE', #1758, 1000.000000000000000 ) ;
#5042 = AXIS2_PLACEMENT_3D ( 'NONE', #6499, #6810, #8979 ) ;
#5043 = LINE ( 'NONE', #5666, #8606 ) ;
#5044 = ORIENTED_EDGE ( 'NONE', *, *, #9682, .T. ) ;
#5045 = CARTESIAN_POINT ( 'NONE',  ( 0.8000000000000001554, 1.099999999999998535, 6.349999999999997868 ) ) ;
#5046 = ADVANCED_FACE ( 'NONE', ( #4885, #8378 ), #4756, .F. ) ;
#5047 = CARTESIAN_POINT ( 'NONE',  ( -6.123233995736779440E-18, -2.350000000000000089, 7.549999999999998046 ) ) ;
#5048 = CARTESIAN_POINT ( 'NONE',  ( 3.880824640740575759, 0.09999999999999990841, -6.700000000000000178 ) ) ;
#5049 = AXIS2_PLACEMENT_3D ( 'NONE', #9280, #3676, #4520 ) ;
#5050 = LINE ( 'NONE', #7225, #8595 ) ;
#5051 = CARTESIAN_POINT ( 'NONE',  ( 0.000000000000000000, 3.100000000000000089, -1.599999999999999867 ) ) ;
#5052 = EDGE_CURVE ( 'NONE', #2486, #956, #1749, .T. ) ;
#5053 = CARTESIAN_POINT ( 'NONE',  ( 0.000000000000000000, 2.100000000000000089, -1.000000000000000000 ) ) ;
#5054 = ORIENTED_EDGE ( 'NONE', *, *, #5307, .T. ) ;
#5055 = ORIENTED_EDGE ( 'NONE', *, *, #5417, .F. ) ;
#5056 = DIRECTION ( 'NONE',  ( 0.5735764363510473807, 0.8191520442889909104, -0.000000000000000000 ) ) ;
#5057 = CIRCLE ( 'NONE', #3625, 0.04999999999999969746 ) ;
#5058 = LINE ( 'NONE', #918, #5099 ) ;
#5059 = ORIENTED_EDGE ( 'NONE', *, *, #6579, .T. ) ;
#5060 = CARTESIAN_POINT ( 'NONE',  ( 0.5164174130422014564, 2.170863245782921780, 7.299999999999998934 ) ) ;
#5061 = DIRECTION ( 'NONE',  ( 0.000000000000000000, 0.000000000000000000, -1.000000000000000000 ) ) ;
#5062 = LINE ( 'NONE', #833, #8825 ) ;
#5063 = ORIENTED_EDGE ( 'NONE', *, *, #6201, .F. ) ;
#5064 = DIRECTION ( 'NONE',  ( 1.000000000000000000, 0.000000000000000000, 0.000000000000000000 ) ) ;
#5065 = ORIENTED_EDGE ( 'NONE', *, *, #5898, .T. ) ;
#5066 = AXIS2_PLACEMENT_3D ( 'NONE', #5875, #8362, #7506 ) ;
#5067 = DIRECTION ( 'NONE',  ( 0.000000000000000000, 0.000000000000000000, 1.000000000000000000 ) ) ;
#5068 = CARTESIAN_POINT ( 'NONE',  ( 6.891491226573391415, -1.690611574686247565, -1.000000000000000000 ) ) ;
#5069 = DIRECTION ( 'NONE',  ( 0.000000000000000000, 4.869470219022243768E-16, -1.000000000000000000 ) ) ;
#5070 = ADVANCED_FACE ( 'NONE', ( #8641 ), #1274, .T. ) ;
#5071 = CARTESIAN_POINT ( 'NONE',  ( -1.699999999999999956, 2.949999999999998401, 7.549999999999999822 ) ) ;
#5072 = AXIS2_PLACEMENT_3D ( 'NONE', #9912, #4907, #2567 ) ;
#5073 = ORIENTED_EDGE ( 'NONE', *, *, #2177, .T. ) ;
#5074 = ORIENTED_EDGE ( 'NONE', *, *, #1405, .T. ) ;
#5075 = EDGE_CURVE ( 'NONE', #8873, #3892, #8456, .T. ) ;
#5076 = LINE ( 'NONE', #5748, #1698 ) ;
#5077 = CARTESIAN_POINT ( 'NONE',  ( 2.100000000000000089, 0.3544119062935187636, 6.700000000000000178 ) ) ;
#5078 = CIRCLE ( 'NONE', #1350, 0.05000000000000073830 ) ;
#5079 = DIRECTION ( 'NONE',  ( -1.000000000000000000, -0.000000000000000000, -0.000000000000000000 ) ) ;
#5080 = EDGE_CURVE ( 'NONE', #1800, #3246, #5088, .T. ) ;
#5081 = LINE ( 'NONE', #8465, #1646 ) ;
#5082 = ORIENTED_EDGE ( 'NONE', *, *, #10157, .F. ) ;
#5083 = EDGE_LOOP ( 'NONE', ( #3473, #1164, #1084, #7014 ) ) ;
#5084 = CARTESIAN_POINT ( 'NONE',  ( -4.250000000000000000, 6.700000000000000178, 5.099999999999999645 ) ) ;
#5085 = EDGE_CURVE ( 'NONE', #2609, #7492, #8397, .T. ) ;
#5086 = CARTESIAN_POINT ( 'NONE',  ( -6.399999999999998579, -2.034757436496875016, 1.000000000000000000 ) ) ;
#5087 = DIRECTION ( 'NONE',  ( 0.000000000000000000, 0.000000000000000000, 1.000000000000000000 ) ) ;
#5088 = LINE ( 'NONE', #4899, #1534 ) ;
#5089 = LINE ( 'NONE', #7520, #1614 ) ;
#5090 = ADVANCED_FACE ( 'NONE', ( #1289 ), #2235, .F. ) ;
#5092 = ORIENTED_EDGE ( 'NONE', *, *, #305, .T. ) ;
#5091 = ORIENTED_EDGE ( 'NONE', *, *, #7785, .T. ) ;
#5093 = CARTESIAN_POINT ( 'NONE',  ( 2.449999999999999734, -2.299999999999999822, 7.699999999999997513 ) ) ;
#5094 = ORIENTED_EDGE ( 'NONE', *, *, #6122, .T. ) ;
#5095 = ORIENTED_EDGE ( 'NONE', *, *, #8421, .F. ) ;
#5096 = CARTESIAN_POINT ( 'NONE',  ( 5.499999999999996447, 1.000000000000000000, -6.400000000000000355 ) ) ;
#5097 = CARTESIAN_POINT ( 'NONE',  ( 2.500000000000000000, -3.099999999999997424, -6.800000000000002487 ) ) ;
#5098 = VECTOR ( 'NONE', #5612, 1000.000000000000000 ) ;
#5099 = VECTOR ( 'NONE', #8214, 1000.000000000000000 ) ;
#5100 = AXIS2_PLACEMENT_3D ( 'NONE', #8578, #2942, #3016 ) ;
#5101 = LINE ( 'NONE', #1584, #5117 ) ;
#5102 = EDGE_LOOP ( 'NONE', ( #3756, #196, #355, #123 ) ) ;
#5103 = FILL_AREA_STYLE ('',( #5515 ) ) ;
#5104 = DIRECTION ( 'NONE',  ( 1.000000000000000000, 0.000000000000000000, 0.000000000000000000 ) ) ;
#5105 = LINE ( 'NONE', #1874, #1566 ) ;
#5106 = SURFACE_SIDE_STYLE ('',( #2489 ) ) ;
#5107 = EDGE_CURVE ( 'NONE', #1757, #1658, #4852, .T. ) ;
#5108 = DIRECTION ( 'NONE',  ( 1.000000000000000000, -0.000000000000000000, 0.000000000000000000 ) ) ;
#5109 = CYLINDRICAL_SURFACE ( 'NONE', #4094, 0.1499999999999999667 ) ;
#5110 = ORIENTED_EDGE ( 'NONE', *, *, #10068, .F. ) ;
#5111 = VERTEX_POINT ( 'NONE', #3275 ) ;
#5112 = DIRECTION ( 'NONE',  ( -0.000000000000000000, 8.673617379883977096E-15, 1.000000000000000000 ) ) ;
#5113 = ADVANCED_FACE ( 'NONE', ( #5340 ), #6561, .F. ) ;
#5114 = LINE ( 'NONE', #4768, #8887 ) ;
#5115 = VECTOR ( 'NONE', #10035, 1000.000000000000000 ) ;
#5116 = CARTESIAN_POINT ( 'NONE',  ( 5.750000000000000000, 5.700000000000000178, 6.700000000000000178 ) ) ;
#5117 = VECTOR ( 'NONE', #1516, 1000.000000000000000 ) ;
#5118 = VERTEX_POINT ( 'NONE', #6635 ) ;
#5119 = AXIS2_PLACEMENT_3D ( 'NONE', #4776, #2376, #1616 ) ;
#5120 = ORIENTED_EDGE ( 'NONE', *, *, #3669, .F. ) ;
#5121 = PLANE ( 'NONE',  #9285 ) ;
#5122 = DIRECTION ( 'NONE',  ( -0.000000000000000000, -1.000000000000000000, -0.000000000000000000 ) ) ;
#5123 = EDGE_CURVE ( 'NONE', #9779, #715, #1784, .T. ) ;
#5124 = CIRCLE ( 'NONE', #739, 0.4249999999999982681 ) ;
#5125 = LINE ( 'NONE', #7299, #5238 ) ;
#5126 = EDGE_CURVE ( 'NONE', #3803, #4797, #1921, .T. ) ;
#5127 = DIRECTION ( 'NONE',  ( 0.5735764363510474917, -0.8191520442889909104, 0.000000000000000000 ) ) ;
#5128 = ORIENTED_EDGE ( 'NONE', *, *, #7142, .T. ) ;
#5129 = CARTESIAN_POINT ( 'NONE',  ( -6.744145861810626030, -2.526248663070268741, -1.000000000000000000 ) ) ;
#5130 = ORIENTED_EDGE ( 'NONE', *, *, #5479, .F. ) ;
#5131 = VERTEX_POINT ( 'NONE', #2776 ) ;
#5132 = LINE ( 'NONE', #7591, #8837 ) ;
#5133 =( NAMED_UNIT ( * ) PLANE_ANGLE_UNIT ( ) SI_UNIT ( $, .RADIAN. ) );
#5134 = LINE ( 'NONE', #5341, #5022 ) ;
#5135 = LINE ( 'NONE', #87, #1377 ) ;
#5136 = CARTESIAN_POINT ( 'NONE',  ( 4.286263797015736595E-16, 6.100000000000000533, 3.500000000000000000 ) ) ;
#5137 = DIRECTION ( 'NONE',  ( -1.000000000000000000, -0.000000000000000000, 0.000000000000000000 ) ) ;
#5138 = CARTESIAN_POINT ( 'NONE',  ( 6.399999999999998579, -2.034757436496875016, 1.000000000000000000 ) ) ;
#5139 = ORIENTED_EDGE ( 'NONE', *, *, #4146, .F. ) ;
#5140 = CARTESIAN_POINT ( 'NONE',  ( 5.799999999999996270, 0.5000000000000004441, 3.000000000000000000 ) ) ;
#5141 = DIRECTION ( 'NONE',  ( -1.000000000000000000, -1.341711765540131426E-16, 0.000000000000000000 ) ) ;
#5142 = LINE ( 'NONE', #8323, #1613 ) ;
#5143 = PLANE ( 'NONE',  #8370 ) ;
#5144 = CARTESIAN_POINT ( 'NONE',  ( 0.000000000000000000, -3.099999999999999201, 7.299999999999998934 ) ) ;
#5145 = EDGE_CURVE ( 'NONE', #6004, #7437, #1994, .T. ) ;
#5147 = ORIENTED_EDGE ( 'NONE', *, *, #5362, .F. ) ;
#5146 = ORIENTED_EDGE ( 'NONE', *, *, #7049, .F. ) ;
#5148 = VECTOR ( 'NONE', #8865, 1000.000000000000000 ) ;
#5149 = ORIENTED_EDGE ( 'NONE', *, *, #8057, .F. ) ;
#5150 = ORIENTED_EDGE ( 'NONE', *, *, #2402, .F. ) ;
#5151 = LINE ( 'NONE', #4291, #8906 ) ;
#5152 = DIRECTION ( 'NONE',  ( -1.000000000000000000, -0.000000000000000000, 0.000000000000000000 ) ) ;
#5153 = DIRECTION ( 'NONE',  ( -1.000000000000000000, -0.000000000000000000, 0.000000000000000000 ) ) ;
#5154 = LINE ( 'NONE', #8960, #8807 ) ;
#5155 = ORIENTED_EDGE ( 'NONE', *, *, #3120, .F. ) ;
#5156 = CARTESIAN_POINT ( 'NONE',  ( 5.799999999999996270, 1.000000000000000000, -4.999999999999997335 ) ) ;
#5157 = CARTESIAN_POINT ( 'NONE',  ( -3.299999999999999822, 0.8000000000000001554, -6.750000000000001776 ) ) ;
#5158 = VECTOR ( 'NONE', #9721, 1000.000000000000114 ) ;
#5159 = DIRECTION ( 'NONE',  ( -1.000000000000000000, 0.000000000000000000, 0.000000000000000000 ) ) ;
#5160 = ADVANCED_FACE ( 'NONE', ( #8896 ), #9977, .F. ) ;
#5161 = CARTESIAN_POINT ( 'NONE',  ( 0.000000000000000000, 2.399999999999999467, 6.700000000000000178 ) ) ;
#5162 = TOROIDAL_SURFACE ( 'NONE', #6977, 0.05000000000000010686, 0.1499999999999999944 ) ;
#5163 = EDGE_CURVE ( 'NONE', #9172, #8884, #5555, .T. ) ;
#5164 = ORIENTED_EDGE ( 'NONE', *, *, #6218, .F. ) ;
#5165 = CARTESIAN_POINT ( 'NONE',  ( -2.550000000000000266, -2.299999999999998046, -7.050000000000000711 ) ) ;
#5166 = ORIENTED_EDGE ( 'NONE', *, *, #80, .T. ) ;
#5167 = ORIENTED_EDGE ( 'NONE', *, *, #4813, .T. ) ;
#5168 = DIRECTION ( 'NONE',  ( 0.000000000000000000, 0.000000000000000000, 1.000000000000000000 ) ) ;
#5169 = VECTOR ( 'NONE', #6807, 1000.000000000000000 ) ;
#5170 = AXIS2_PLACEMENT_3D ( 'NONE', #8649, #10010, #938 ) ;
#5171 = ORIENTED_EDGE ( 'NONE', *, *, #2084, .T. ) ;
#5172 = ORIENTED_EDGE ( 'NONE', *, *, #3538, .T. ) ;
#5173 = EDGE_CURVE ( 'NONE', #6522, #5989, #2108, .T. ) ;
#5174 = ORIENTED_EDGE ( 'NONE', *, *, #4029, .T. ) ;
#5175 = DIRECTION ( 'NONE',  ( 0.000000000000000000, -0.000000000000000000, -1.000000000000000000 ) ) ;
#5176 = CARTESIAN_POINT ( 'NONE',  ( 3.299999999999999822, 0.8000000000000001554, -7.050000000000001599 ) ) ;
#5177 = LINE ( 'NONE', #5161, #5197 ) ;
#5178 = DIRECTION ( 'NONE',  ( 0.000000000000000000, 0.7071067811865451302, 0.7071067811865500152 ) ) ;
#5179 = DIRECTION ( 'NONE',  ( 0.000000000000000000, -2.460132057943349518E-16, 1.000000000000000000 ) ) ;
#5180 = AXIS2_PLACEMENT_3D ( 'NONE', #222, #1142, #7576 ) ;
#5181 = VECTOR ( 'NONE', #10012, 1000.000000000000000 ) ;
#5182 = ADVANCED_FACE ( 'NONE', ( #9125 ), #5186, .F. ) ;
#5183 = ORIENTED_EDGE ( 'NONE', *, *, #6900, .F. ) ;
#5184 = ORIENTED_EDGE ( 'NONE', *, *, #5403, .F. ) ;
#5185 = ORIENTED_EDGE ( 'NONE', *, *, #9823, .F. ) ;
#5186 = PLANE ( 'NONE',  #5371 ) ;
#5187 = LINE ( 'NONE', #7804, #5169 ) ;
#5188 = AXIS2_PLACEMENT_3D ( 'NONE', #1449, #3906, #2969 ) ;
#5189 = CARTESIAN_POINT ( 'NONE',  ( 2.900000000000000355, -3.100000000000000089, 6.699999999999999289 ) ) ;
#5190 = EDGE_CURVE ( 'NONE', #8559, #2674, #5542, .T. ) ;
#5191 = VECTOR ( 'NONE', #4541, 1000.000000000000000 ) ;
#5192 = ORIENTED_EDGE ( 'NONE', *, *, #748, .F. ) ;
#5193 = VERTEX_POINT ( 'NONE', #8489 ) ;
#5194 = CARTESIAN_POINT ( 'NONE',  ( 0.000000000000000000, 0.000000000000000000, -1.000000000000000000 ) ) ;
#5195 = ORIENTED_EDGE ( 'NONE', *, *, #3843, .F. ) ;
#5196 = EDGE_CURVE ( 'NONE', #1327, #6634, #1976, .T. ) ;
#5197 = VECTOR ( 'NONE', #1799, 1000.000000000000000 ) ;
#5198 = EDGE_CURVE ( 'NONE', #1327, #4898, #5470, .T. ) ;
#5199 = CARTESIAN_POINT ( 'NONE',  ( -3.880824640740575759, 0.09999999999999990841, 3.000000000000000000 ) ) ;
#5200 = DIRECTION ( 'NONE',  ( 0.000000000000000000, -2.460132057943349518E-16, 1.000000000000000000 ) ) ;
#5201 = VERTEX_POINT ( 'NONE', #9321 ) ;
#5202 = VERTEX_POINT ( 'NONE', #9820 ) ;
#5203 = CARTESIAN_POINT ( 'NONE',  ( -5.124054256371548099, -3.172339182284404924, 0.000000000000000000 ) ) ;
#5204 = ADVANCED_FACE ( 'NONE', ( #2141 ), #1748, .F. ) ;
#5205 = CYLINDRICAL_SURFACE ( 'NONE', #7745, 0.2999999999999999334 ) ;
#5206 = CARTESIAN_POINT ( 'NONE',  ( 0.000000000000000000, 0.09999999999999971412, -3.000000000000000444 ) ) ;
#5207 = DIRECTION ( 'NONE',  ( 0.000000000000000000, 1.000000000000000000, 0.000000000000000000 ) ) ;
#5208 = CARTESIAN_POINT ( 'NONE',  ( 3.299999999999999822, 0.8000000000000001554, -6.750000000000001776 ) ) ;
#5209 = ORIENTED_EDGE ( 'NONE', *, *, #10096, .F. ) ;
#5210 = EDGE_CURVE ( 'NONE', #5745, #8550, #2088, .T. ) ;
#5211 = VERTEX_POINT ( 'NONE', #5927 ) ;
#5212 = DIRECTION ( 'NONE',  ( 0.000000000000000000, 0.000000000000000000, 1.000000000000000000 ) ) ;
#5213 = DIRECTION ( 'NONE',  ( 0.000000000000000000, -1.000000000000000000, -2.460132057943349518E-16 ) ) ;
#5214 = VECTOR ( 'NONE', #6177, 1000.000000000000000 ) ;
#5215 = DIRECTION ( 'NONE',  ( 0.000000000000000000, 1.000000000000000000, 4.430117370400858162E-17 ) ) ;
#5216 = EDGE_CURVE ( 'NONE', #1525, #4414, #1957, .T. ) ;
#5217 = FACE_OUTER_BOUND ( 'NONE', #849, .T. ) ;
#5218 = EDGE_CURVE ( 'NONE', #7475, #427, #9089, .T. ) ;
#5219 = VERTEX_POINT ( 'NONE', #3410 ) ;
#5220 = ORIENTED_EDGE ( 'NONE', *, *, #7265, .T. ) ;
#5221 = ORIENTED_EDGE ( 'NONE', *, *, #3186, .F. ) ;
#5222 = VECTOR ( 'NONE', #6888, 1000.000000000000000 ) ;
#5224 = EDGE_CURVE ( 'NONE', #7721, #6367, #9232, .T. ) ;
#5223 = VECTOR ( 'NONE', #5127, 1000.000000000000114 ) ;
#5225 = CARTESIAN_POINT ( 'NONE',  ( -5.799999999999996270, 5.500000000000000888, -6.400000000000000355 ) ) ;
#5226 = CARTESIAN_POINT ( 'NONE',  ( 5.799999999999998046, -0.6400000000000000133, 1.000000000000000000 ) ) ;
#5227 = FACE_OUTER_BOUND ( 'NONE', #2704, .T. ) ;
#5228 = VERTEX_POINT ( 'NONE', #8417 ) ;
#5229 = ADVANCED_FACE ( 'NONE', ( #1859 ), #1057, .T. ) ;
#5230 = ORIENTED_EDGE ( 'NONE', *, *, #6082, .T. ) ;
#5231 = DIRECTION ( 'NONE',  ( 0.000000000000000000, 0.000000000000000000, -1.000000000000000000 ) ) ;
#5232 = DIRECTION ( 'NONE',  ( 0.000000000000000000, 4.869470219022243768E-16, -1.000000000000000000 ) ) ;
#5233 = DIRECTION ( 'NONE',  ( 0.000000000000000000, -1.000000000000000000, -4.869470219022244754E-16 ) ) ;
#5234 = LINE ( 'NONE', #3907, #8832 ) ;
#5235 = DIRECTION ( 'NONE',  ( -1.000000000000000000, 0.000000000000000000, 0.000000000000000000 ) ) ;
#5236 = CARTESIAN_POINT ( 'NONE',  ( 6.744145861810626918, -2.526248663070270073, -1.000000000000000000 ) ) ;
#5237 = AXIS2_PLACEMENT_3D ( 'NONE', #3283, #8061, #7427 ) ;
#5238 = VECTOR ( 'NONE', #6587, 1000.000000000000000 ) ;
#5239 = DIRECTION ( 'NONE',  ( -1.000000000000000000, 0.000000000000000000, 0.000000000000000000 ) ) ;
#5240 = CARTESIAN_POINT ( 'NONE',  ( 2.900000000000000355, 0.7999999999999983791, 7.299999999999998934 ) ) ;
#5241 = ORIENTED_EDGE ( 'NONE', *, *, #10426, .T. ) ;
#5242 = VERTEX_POINT ( 'NONE', #8004 ) ;
#5243 = EDGE_CURVE ( 'NONE', #9084, #1818, #5613, .T. ) ;
#5244 = DIRECTION ( 'NONE',  ( -0.000000000000000000, 1.000000000000000000, -0.000000000000000000 ) ) ;
#5245 = CARTESIAN_POINT ( 'NONE',  ( 3.880824640740575759, 0.09999999999999990841, -3.000000000000000000 ) ) ;
#5246 = VECTOR ( 'NONE', #2137, 1000.000000000000000 ) ;
#5247 = EDGE_CURVE ( 'NONE', #917, #3860, #2123, .T. ) ;
#5248 = LINE ( 'NONE', #6109, #8781 ) ;
#5249 = VERTEX_POINT ( 'NONE', #7711 ) ;
#5250 = ORIENTED_EDGE ( 'NONE', *, *, #7240, .F. ) ;
#5251 =( NAMED_UNIT ( * ) PLANE_ANGLE_UNIT ( ) SI_UNIT ( $, .RADIAN. ) );
#5252 = CARTESIAN_POINT ( 'NONE',  ( 6.399999999999998579, -0.6400000000000000133, 1.000000000000000000 ) ) ;
#5253 = FACE_OUTER_BOUND ( 'NONE', #7712, .T. ) ;
#5254 = ORIENTED_EDGE ( 'NONE', *, *, #6668, .T. ) ;
#5255 = AXIS2_PLACEMENT_3D ( 'NONE', #6905, #459, #7687 ) ;
#5256 = LINE ( 'NONE', #7178, #5148 ) ;
#5257 = EDGE_LOOP ( 'NONE', ( #7706, #8104, #8334, #6704 ) ) ;
#5258 = EDGE_LOOP ( 'NONE', ( #8749, #1808, #1381, #5044 ) ) ;
#5259 = DIRECTION ( 'NONE',  ( -1.000000000000000000, -0.000000000000000000, -0.000000000000000000 ) ) ;
#5260 = CIRCLE ( 'NONE', #291, 0.04999999999999969746 ) ;
#5261 = EDGE_CURVE ( 'NONE', #7811, #10267, #1804, .T. ) ;
#5262 = CARTESIAN_POINT ( 'NONE',  ( 3.880824640740575759, 0.4999999999999998890, 4.500000000000000888 ) ) ;
#5263 = VECTOR ( 'NONE', #10107, 1000.000000000000000 ) ;
#5264 = ORIENTED_EDGE ( 'NONE', *, *, #10068, .T. ) ;
#5265 = VERTEX_POINT ( 'NONE', #2995 ) ;
#5266 = CARTESIAN_POINT ( 'NONE',  ( -5.799999999999996270, 0.1000000000000001721, 2.000000000000000000 ) ) ;
#5267 = DIRECTION ( 'NONE',  ( 0.000000000000000000, 0.000000000000000000, -1.000000000000000000 ) ) ;
#5268 = EDGE_CURVE ( 'NONE', #5413, #8179, #5321, .T. ) ;
#5269 = ORIENTED_EDGE ( 'NONE', *, *, #6425, .F. ) ;
#5270 = LINE ( 'NONE', #3207, #5289 ) ;
#5271 = CIRCLE ( 'NONE', #3730, 0.2000000000000000944 ) ;
#5272 = ADVANCED_FACE ( 'NONE', ( #1823 ), #3078, .T. ) ;
#5273 = CARTESIAN_POINT ( 'NONE',  ( 5.750000000000000000, 5.650000000000001243, -5.250000000000000000 ) ) ;
#5274 = PLANE ( 'NONE',  #5592 ) ;
#5275 = ORIENTED_EDGE ( 'NONE', *, *, #5840, .T. ) ;
#5276 = EDGE_LOOP ( 'NONE', ( #6537, #9494, #5036, #10047, #1473, #2902 ) ) ;
#5277 = FACE_BOUND ( 'NONE', #7842, .T. ) ;
#5278 = CARTESIAN_POINT ( 'NONE',  ( 6.199999999999999289, 5.650000000000001243, -5.250000000000000000 ) ) ;
#5279 = LINE ( 'NONE', #2066, #8691 ) ;
#5280 = DIRECTION ( 'NONE',  ( 0.000000000000000000, 4.430117370400858162E-17, -1.000000000000000000 ) ) ;
#5281 = DIRECTION ( 'NONE',  ( 0.000000000000000000, 1.000000000000000000, 0.000000000000000000 ) ) ;
#5282 = EDGE_CURVE ( 'NONE', #3193, #2991, #9028, .T. ) ;
#5283 = LINE ( 'NONE', #9486, #5392 ) ;
#5284 = ORIENTED_EDGE ( 'NONE', *, *, #7213, .T. ) ;
#5285 = ORIENTED_EDGE ( 'NONE', *, *, #7018, .F. ) ;
#5286 = DIRECTION ( 'NONE',  ( -1.000000000000000000, 0.000000000000000000, 0.000000000000000000 ) ) ;
#5287 = CARTESIAN_POINT ( 'NONE',  ( 0.8000000000000001554, 2.949999999999998401, 7.549999999999999822 ) ) ;
#5288 = AXIS2_PLACEMENT_3D ( 'NONE', #1815, #5857, #8411 ) ;
#5289 = VECTOR ( 'NONE', #5526, 1000.000000000000000 ) ;
#5290 = CARTESIAN_POINT ( 'NONE',  ( -5.599999999999996092, 5.500000000000000888, 6.700000000000000178 ) ) ;
#5291 = LINE ( 'NONE', #5336, #8850 ) ;
#5292 = EDGE_LOOP ( 'NONE', ( #6986, #10415, #7001, #8931 ) ) ;
#5293 = EDGE_LOOP ( 'NONE', ( #1887, #9302, #1954, #1998, #9933, #8858, #4952, #9290, #5809, #3194, #949, #8809, #6707, #1637, #3420, #2224, #5598, #10365, #10479, #5437 ) ) ;
#5294 = VECTOR ( 'NONE', #2653, 1000.000000000000000 ) ;
#5295 = ADVANCED_FACE ( 'NONE', ( #8994 ), #9157, .T. ) ;
#5296 = CIRCLE ( 'NONE', #4280, 0.2999999999999999334 ) ;
#5297 = CARTESIAN_POINT ( 'NONE',  ( 5.499999999999996447, 5.500000000000000888, 6.400000000000000355 ) ) ;
#5298 = ORIENTED_EDGE ( 'NONE', *, *, #9972, .T. ) ;
#5299 = ORIENTED_EDGE ( 'NONE', *, *, #8941, .F. ) ;
#5300 = DIRECTION ( 'NONE',  ( 0.000000000000000000, 0.000000000000000000, 1.000000000000000000 ) ) ;
#5301 = CARTESIAN_POINT ( 'NONE',  ( 5.799999999999996270, 3.100000000000000089, -4.500000000000000888 ) ) ;
#5302 = CARTESIAN_POINT ( 'NONE',  ( 5.799999999999996270, 0.1000000000000001721, -2.000000000000000000 ) ) ;
#5303 = AXIS2_PLACEMENT_3D ( 'NONE', #5208, #2649, #3492 ) ;
#5304 = FACE_OUTER_BOUND ( 'NONE', #425, .T. ) ;
#5305 = DIRECTION ( 'NONE',  ( 0.000000000000000000, 0.000000000000000000, 1.000000000000000000 ) ) ;
#5306 = ORIENTED_EDGE ( 'NONE', *, *, #164, .T. ) ;
#5307 = EDGE_CURVE ( 'NONE', #1818, #394, #5525, .T. ) ;
#5308 = DIRECTION ( 'NONE',  ( 1.000000000000000000, -0.000000000000000000, 1.224646799147353207E-16 ) ) ;
#5309 = ORIENTED_EDGE ( 'NONE', *, *, #1545, .T. ) ;
#5310 = VERTEX_POINT ( 'NONE', #6131 ) ;
#5311 = CARTESIAN_POINT ( 'NONE',  ( -1.699999999999999956, 1.099999999999999867, -6.750000000000001776 ) ) ;
#5312 = CARTESIAN_POINT ( 'NONE',  ( 5.049999999999997158, 0.5000000000000001110, 3.000000000000000000 ) ) ;
#5313 = CIRCLE ( 'NONE', #2368, 0.2999999999999999334 ) ;
#5314 = VECTOR ( 'NONE', #3630, 999.9999999999998863 ) ;
#5315 = ORIENTED_EDGE ( 'NONE', *, *, #7438, .T. ) ;
#5316 = AXIS2_PLACEMENT_3D ( 'NONE', #2187, #6983, #8619 ) ;
#5317 = ADVANCED_FACE ( 'NONE', ( #1901 ), #2032, .F. ) ;
#5318 = ORIENTED_EDGE ( 'NONE', *, *, #5774, .F. ) ;
#5319 = CARTESIAN_POINT ( 'NONE',  ( 4.549999999999997158, 2.400000000000000355, 5.850000000000000533 ) ) ;
#5320 = CARTESIAN_POINT ( 'NONE',  ( -5.450000000000000178, 5.700000000000000178, 6.400000000000000355 ) ) ;
#5321 = LINE ( 'NONE', #3657, #9176 ) ;
#5322 = DIRECTION ( 'NONE',  ( 1.000000000000000000, 1.224646799147353207E-16, 2.470259944489264076E-32 ) ) ;
#5323 = CARTESIAN_POINT ( 'NONE',  ( 2.598076211353316456, 18.00000000000000000, 1.499999999999999112 ) ) ;
#5324 = LINE ( 'NONE', #7376, #8546 ) ;
#5325 = AXIS2_PLACEMENT_3D ( 'NONE', #1347, #5558, #2203 ) ;
#5326 = AXIS2_PLACEMENT_3D ( 'NONE', #1014, #2944, #1215 ) ;
#5327 = VERTEX_POINT ( 'NONE', #8845 ) ;
#5328 = EDGE_LOOP ( 'NONE', ( #3238, #10359, #4317, #664 ) ) ;
#5329 = CARTESIAN_POINT ( 'NONE',  ( 4.250000000000000000, 6.550000000000000711, 5.099999999999999645 ) ) ;
#5330 = EDGE_CURVE ( 'NONE', #4511, #6680, #5414, .T. ) ;
#5331 = VECTOR ( 'NONE', #7286, 1000.000000000000114 ) ;
#5332 = CARTESIAN_POINT ( 'NONE',  ( -1.734723475976807094E-15, 0.000000000000000000, 4.500000000000001776 ) ) ;
#5333 = EDGE_CURVE ( 'NONE', #4837, #1208, #5378, .T. ) ;
#5334 = LINE ( 'NONE', #3506, #5263 ) ;
#5335 = ORIENTED_EDGE ( 'NONE', *, *, #3323, .T. ) ;
#5336 = CARTESIAN_POINT ( 'NONE',  ( -6.200000000000000178, 3.100000000000000089, -1.599999999999999867 ) ) ;
#5337 = CARTESIAN_POINT ( 'NONE',  ( 2.700000000000000178, -2.299999999999999822, 7.549999999999999822 ) ) ;
#5338 = ORIENTED_EDGE ( 'NONE', *, *, #8346, .T. ) ;
#5339 = EDGE_CURVE ( 'NONE', #3860, #8550, #5667, .T. ) ;
#5340 = FACE_OUTER_BOUND ( 'NONE', #3820, .T. ) ;
#5341 = CARTESIAN_POINT ( 'NONE',  ( -6.514715287270208322, -2.198587845354674108, 1.000000000000000000 ) ) ;
#5343 = EDGE_LOOP ( 'NONE', ( #8970, #5386, #1685, #2289 ) ) ;
#5342 = ORIENTED_EDGE ( 'NONE', *, *, #95, .T. ) ;
#5344 = CARTESIAN_POINT ( 'NONE',  ( 6.236169591142200375, -0.7547152872702095339, 1.000000000000000000 ) ) ;
#5345 = ORIENTED_EDGE ( 'NONE', *, *, #3672, .T. ) ;
#5346 = ORIENTED_EDGE ( 'NONE', *, *, #5247, .F. ) ;
#5347 = VECTOR ( 'NONE', #3821, 1000.000000000000000 ) ;
#5348 = VECTOR ( 'NONE', #3541, 1000.000000000000000 ) ;
#5349 = AXIS2_PLACEMENT_3D ( 'NONE', #9592, #8178, #5569 ) ;
#5350 = EDGE_CURVE ( 'NONE', #5118, #6923, #5450, .T. ) ;
#5351 = DIRECTION ( 'NONE',  ( -3.614007241618348278E-16, -1.000000000000000000, -4.430117370400858162E-17 ) ) ;
#5352 = DIRECTION ( 'NONE',  ( -0.000000000000000000, -1.000000000000000000, -0.000000000000000000 ) ) ;
#5353 = CARTESIAN_POINT ( 'NONE',  ( -5.799999999999996270, 0.5000000000000004441, 3.000000000000000000 ) ) ;
#5354 = ORIENTED_EDGE ( 'NONE', *, *, #10242, .F. ) ;
#5355 = FILL_AREA_STYLE_COLOUR ( '', #4682 ) ;
#5356 = ORIENTED_EDGE ( 'NONE', *, *, #8217, .F. ) ;
#5357 = EDGE_LOOP ( 'NONE', ( #6710, #2085, #6646, #8348 ) ) ;
#5358 = CARTESIAN_POINT ( 'NONE',  ( 4.549999999999997158, 2.400000000000000355, -5.850000000000000533 ) ) ;
#5359 = EDGE_CURVE ( 'NONE', #1680, #1002, #9140, .T. ) ;
#5360 = CARTESIAN_POINT ( 'NONE',  ( 5.799999999999996270, 4.986986664055304885, 5.000000000000000888 ) ) ;
#5361 = DIRECTION ( 'NONE',  ( 0.000000000000000000, -2.460132057943349518E-16, 1.000000000000000000 ) ) ;
#5362 = EDGE_CURVE ( 'NONE', #2008, #1619, #2013, .T. ) ;
#5363 = ADVANCED_FACE ( 'NONE', ( #8974 ), #7927, .F. ) ;
#5364 = ORIENTED_EDGE ( 'NONE', *, *, #7098, .F. ) ;
#5365 = ORIENTED_EDGE ( 'NONE', *, *, #10265, .F. ) ;
#5366 = VECTOR ( 'NONE', #2572, 1000.000000000000000 ) ;
#5367 = CARTESIAN_POINT ( 'NONE',  ( 3.299999999999999822, 2.949999999999998401, 7.549999999999999822 ) ) ;
#5368 = DIRECTION ( 'NONE',  ( 1.000000000000000000, 0.000000000000000000, 0.000000000000000000 ) ) ;
#5369 = VECTOR ( 'NONE', #5300, 1000.000000000000000 ) ;
#5370 = EDGE_LOOP ( 'NONE', ( #2865, #10252 ) ) ;
#5371 = AXIS2_PLACEMENT_3D ( 'NONE', #4420, #9040, #3591 ) ;
#5372 = ORIENTED_EDGE ( 'NONE', *, *, #630, .T. ) ;
#5373 = DIRECTION ( 'NONE',  ( 0.000000000000000000, 0.000000000000000000, -1.000000000000000000 ) ) ;
#5374 = VECTOR ( 'NONE', #8947, 999.9999999999998863 ) ;
#5375 = PLANE ( 'NONE',  #6988 ) ;
#5376 = CARTESIAN_POINT ( 'NONE',  ( -3.880824640740575315, 2.935823076413500043, 3.000000000000000000 ) ) ;
#5377 = EDGE_CURVE ( 'NONE', #3224, #1617, #9198, .T. ) ;
#5378 = CIRCLE ( 'NONE', #9238, 0.04999999999999969746 ) ;
#5379 = DIRECTION ( 'NONE',  ( 0.000000000000000000, 1.000000000000000000, -0.000000000000000000 ) ) ;
#5380 = LINE ( 'NONE', #4050, #1843 ) ;
#5381 = EDGE_CURVE ( 'NONE', #10422, #3578, #5595, .T. ) ;
#5382 = ORIENTED_EDGE ( 'NONE', *, *, #1180, .F. ) ;
#5383 = FACE_OUTER_BOUND ( 'NONE', #6411, .T. ) ;
#5384 = CARTESIAN_POINT ( 'NONE',  ( -6.649821042359578429E-17, 0.4999999999999993339, 0.000000000000000000 ) ) ;
#5385 = LINE ( 'NONE', #4991, #8722 ) ;
#5386 = ORIENTED_EDGE ( 'NONE', *, *, #4696, .F. ) ;
#5387 = ORIENTED_EDGE ( 'NONE', *, *, #9607, .T. ) ;
#5388 = VECTOR ( 'NONE', #5141, 1000.000000000000000 ) ;
#5389 = CARTESIAN_POINT ( 'NONE',  ( 5.799999999999996270, 2.100000000000000089, 1.599999999999999867 ) ) ;
#5390 = ADVANCED_FACE ( 'NONE', ( #2069 ), #10204, .F. ) ;
#5391 = LINE ( 'NONE', #2591, #2117 ) ;
#5392 = VECTOR ( 'NONE', #5232, 1000.000000000000000 ) ;
#5393 = ORIENTED_EDGE ( 'NONE', *, *, #3242, .F. ) ;
#5394 = VERTEX_POINT ( 'NONE', #414 ) ;
#5395 = AXIS2_PLACEMENT_3D ( 'NONE', #6603, #8026, #8936 ) ;
#5396 = DIRECTION ( 'NONE',  ( -0.000000000000000000, 1.000000000000000000, 2.017120320903263702E-16 ) ) ;
#5397 = CARTESIAN_POINT ( 'NONE',  ( -5.799999999999998934, 3.100000000000000533, 5.250000000000000000 ) ) ;
#5398 = LINE ( 'NONE', #1261, #5631 ) ;
#5399 = CARTESIAN_POINT ( 'NONE',  ( -1.699999999999999956, 3.249999999999998668, 6.349999999999997868 ) ) ;
#5400 = EDGE_CURVE ( 'NONE', #8911, #5899, #5398, .T. ) ;
#5401 =( LENGTH_UNIT ( ) NAMED_UNIT ( * ) SI_UNIT ( .MILLI., .METRE. ) );
#5402 = ORIENTED_EDGE ( 'NONE', *, *, #2528, .T. ) ;
#5403 = EDGE_CURVE ( 'NONE', #3273, #7303, #8951, .T. ) ;
#5404 = VERTEX_POINT ( 'NONE', #9698 ) ;
#5405 = ORIENTED_EDGE ( 'NONE', *, *, #7981, .T. ) ;
#5406 = CARTESIAN_POINT ( 'NONE',  ( -4.549999999999997158, 4.986986664055304885, -5.850000000000000533 ) ) ;
#5407 = FACE_OUTER_BOUND ( 'NONE', #6594, .T. ) ;
#5408 = LINE ( 'NONE', #7900, #1854 ) ;
#5409 = VERTEX_POINT ( 'NONE', #6740 ) ;
#5410 = ORIENTED_EDGE ( 'NONE', *, *, #6289, .T. ) ;
#5411 = DIRECTION ( 'NONE',  ( 0.000000000000000000, 4.869470219022243768E-16, -1.000000000000000000 ) ) ;
#5412 = ADVANCED_FACE ( 'NONE', ( #2329 ), #2449, .F. ) ;
#5413 = VERTEX_POINT ( 'NONE', #930 ) ;
#5414 = LINE ( 'NONE', #3153, #5576 ) ;
#5415 = LINE ( 'NONE', #6097, #8954 ) ;
#5416 = DIRECTION ( 'NONE',  ( -0.000000000000000000, 1.000000000000000000, -0.000000000000000000 ) ) ;
#5417 = EDGE_CURVE ( 'NONE', #8873, #5420, #9402, .T. ) ;
#5418 = LINE ( 'NONE', #8894, #6483 ) ;
#5419 = DIRECTION ( 'NONE',  ( 1.000000000000000000, 0.000000000000000000, 0.000000000000000000 ) ) ;
#5420 = VERTEX_POINT ( 'NONE', #8227 ) ;
#5421 = EDGE_LOOP ( 'NONE', ( #3925, #2186, #10136, #6183 ) ) ;
#5422 = LINE ( 'NONE', #8313, #2153 ) ;
#5423 = CARTESIAN_POINT ( 'NONE',  ( -2.900000000000000355, 0.7999999999999983791, 7.299999999999998934 ) ) ;
#5424 = DIRECTION ( 'NONE',  ( 0.000000000000000000, 0.000000000000000000, -1.000000000000000000 ) ) ;
#5425 = CARTESIAN_POINT ( 'NONE',  ( 6.200000000000000178, 2.100000000000000089, -1.000000000000000000 ) ) ;
#5426 = EDGE_LOOP ( 'NONE', ( #6929, #9017, #1772, #5241 ) ) ;
#5427 = DIRECTION ( 'NONE',  ( 0.000000000000000000, -1.000000000000000000, 0.000000000000000000 ) ) ;
#5428 = ORIENTED_EDGE ( 'NONE', *, *, #5584, .T. ) ;
#5429 = ORIENTED_EDGE ( 'NONE', *, *, #1633, .T. ) ;
#5430 = CARTESIAN_POINT ( 'NONE',  ( 2.900000000000000355, 0.8000000000000001554, -7.050000000000001599 ) ) ;
#5431 = UNCERTAINTY_MEASURE_WITH_UNIT (LENGTH_MEASURE( 1.000000000000000082E-05 ), #5508, 'distance_accuracy_value', 'NONE');
#5432 = CARTESIAN_POINT ( 'NONE',  ( -4.549999999999997158, 4.986986664055304885, 5.850000000000000533 ) ) ;
#5433 = VECTOR ( 'NONE', #9380, 1000.000000000000114 ) ;
#5434 = DIRECTION ( 'NONE',  ( 0.000000000000000000, 0.000000000000000000, -1.000000000000000000 ) ) ;
#5435 = AXIS2_PLACEMENT_3D ( 'NONE', #10541, #10413, #2247 ) ;
#5436 = DIRECTION ( 'NONE',  ( 0.000000000000000000, -1.000000000000000000, 0.000000000000000000 ) ) ;
#5437 = ORIENTED_EDGE ( 'NONE', *, *, #4476, .F. ) ;
#5438 = ORIENTED_EDGE ( 'NONE', *, *, #4015, .T. ) ;
#5439 = FACE_OUTER_BOUND ( 'NONE', #4497, .T. ) ;
#5440 = LINE ( 'NONE', #9003, #9039 ) ;
#5441 = CARTESIAN_POINT ( 'NONE',  ( 2.900000000000000355, 0.3544119062935187636, 6.700000000000000178 ) ) ;
#5442 = AXIS2_PLACEMENT_3D ( 'NONE', #3018, #9652, #8253 ) ;
#5443 = DIRECTION ( 'NONE',  ( 0.000000000000000000, 1.000000000000000000, 0.000000000000000000 ) ) ;
#5444 = LINE ( 'NONE', #2596, #1894 ) ;
#5445 = ORIENTED_EDGE ( 'NONE', *, *, #1010, .T. ) ;
#5446 = VERTEX_POINT ( 'NONE', #10005 ) ;
#5447 = VERTEX_POINT ( 'NONE', #9136 ) ;
#5448 = CARTESIAN_POINT ( 'NONE',  ( -5.799999999999996270, 2.400000000000000355, 2.000000000000000000 ) ) ;
#5449 = EDGE_CURVE ( 'NONE', #2048, #5505, #9438, .T. ) ;
#5450 = LINE ( 'NONE', #1331, #9011 ) ;
#5451 = LINE ( 'NONE', #6564, #2089 ) ;
#5452 = ADVANCED_FACE ( 'NONE', ( #5926 ), #2316, .T. ) ;
#5453 = ORIENTED_EDGE ( 'NONE', *, *, #9580, .T. ) ;
#5454 = AXIS2_PLACEMENT_3D ( 'NONE', #6474, #10523, #6407 ) ;
#5455 = PLANE ( 'NONE',  #3311 ) ;
#5456 = ORIENTED_EDGE ( 'NONE', *, *, #3783, .T. ) ;
#5457 = ORIENTED_EDGE ( 'NONE', *, *, #1072, .T. ) ;
#5458 = CARTESIAN_POINT ( 'NONE',  ( -5.049999999999997158, 4.986986664055304885, -4.999999999999997335 ) ) ;
#5459 = CARTESIAN_POINT ( 'NONE',  ( 3.299999999999999822, 0.8500000000000000888, -5.850000000000000533 ) ) ;
#5460 = CIRCLE ( 'NONE', #2009, 0.4499999999999990119 ) ;
#5461 = LINE ( 'NONE', #6173, #1932 ) ;
#5462 = EDGE_LOOP ( 'NONE', ( #288, #4134, #10103, #521 ) ) ;
#5463 = EDGE_LOOP ( 'NONE', ( #7787, #4553, #10321, #7248 ) ) ;
#5464 = AXIS2_PLACEMENT_3D ( 'NONE', #10319, #4740, #7960 ) ;
#5465 = AXIS2_PLACEMENT_3D ( 'NONE', #3303, #2451, #4074 ) ;
#5466 = ORIENTED_EDGE ( 'NONE', *, *, #119, .F. ) ;
#5467 = VECTOR ( 'NONE', #6362, 1000.000000000000000 ) ;
#5468 = DIRECTION ( 'NONE',  ( 0.000000000000000000, 2.460132057943349518E-16, -1.000000000000000000 ) ) ;
#5469 = CARTESIAN_POINT ( 'NONE',  ( -2.700000000000000178, 0.1000000000000016431, -7.050000000000001599 ) ) ;
#5470 = LINE ( 'NONE', #9258, #9248 ) ;
#5471 = EDGE_CURVE ( 'NONE', #2094, #240, #5943, .T. ) ;
#5472 = CARTESIAN_POINT ( 'NONE',  ( -6.599999999999997868, -2.034757436496875016, -1.000000000000000000 ) ) ;
#5473 = EDGE_CURVE ( 'NONE', #831, #6634, #2343, .T. ) ;
#5474 = ORIENTED_EDGE ( 'NONE', *, *, #9260, .T. ) ;
#5475 = ORIENTED_EDGE ( 'NONE', *, *, #3429, .T. ) ;
#5476 = ORIENTED_EDGE ( 'NONE', *, *, #8966, .F. ) ;
#5477 = DIRECTION ( 'NONE',  ( 0.000000000000000000, 0.000000000000000000, 1.000000000000000000 ) ) ;
#5478 = ADVANCED_FACE ( 'NONE', ( #2417 ), #5687, .T. ) ;
#5479 = EDGE_CURVE ( 'NONE', #8778, #3273, #9267, .T. ) ;
#5480 = DIRECTION ( 'NONE',  ( -0.000000000000000000, -1.000000000000000000, -0.000000000000000000 ) ) ;
#5481 = LINE ( 'NONE', #1166, #5647 ) ;
#5482 = VERTEX_POINT ( 'NONE', #7510 ) ;
#5483 = DIRECTION ( 'NONE',  ( 0.000000000000000000, 1.000000000000000000, 4.430117370400858162E-17 ) ) ;
#5484 = CARTESIAN_POINT ( 'NONE',  ( 5.750000000000000000, 6.099999999999999645, 5.250000000000000000 ) ) ;
#5485 = VERTEX_POINT ( 'NONE', #5887 ) ;
#5486 = VECTOR ( 'NONE', #7161, 1000.000000000000000 ) ;
#5487 = VECTOR ( 'NONE', #10131, 1000.000000000000000 ) ;
#5488 = AXIS2_PLACEMENT_3D ( 'NONE', #2146, #511, #1997 ) ;
#5489 = CIRCLE ( 'NONE', #6568, 1.000000000000000000 ) ;
#5490 = CARTESIAN_POINT ( 'NONE',  ( 3.299999999999999822, 0.5000000000000026645, -6.750000000000001776 ) ) ;
#5491 = ORIENTED_EDGE ( 'NONE', *, *, #3826, .T. ) ;
#5492 = DIRECTION ( 'NONE',  ( 0.000000000000000000, -1.000000000000000000, -0.000000000000000000 ) ) ;
#5493 = ORIENTED_EDGE ( 'NONE', *, *, #7949, .T. ) ;
#5494 = VERTEX_POINT ( 'NONE', #9765 ) ;
#5495 = EDGE_CURVE ( 'NONE', #8179, #6366, #6014, .T. ) ;
#5496 = FACE_OUTER_BOUND ( 'NONE', #596, .T. ) ;
#5497 = PLANE ( 'NONE',  #7925 ) ;
#5498 = EDGE_CURVE ( 'NONE', #5327, #6613, #5821, .T. ) ;
#5499 = DIRECTION ( 'NONE',  ( 0.000000000000000000, 0.000000000000000000, 1.000000000000000000 ) ) ;
#5500 = SURFACE_SIDE_STYLE ('',( #6395 ) ) ;
#5501 = VERTEX_POINT ( 'NONE', #6506 ) ;
#5502 = CARTESIAN_POINT ( 'NONE',  ( 3.299999999999999822, 1.099999999999998535, 6.349999999999997868 ) ) ;
#5503 = ORIENTED_EDGE ( 'NONE', *, *, #8168, .F. ) ;
#5504 = ADVANCED_FACE ( 'NONE', ( #9496 ), #857, .T. ) ;
#5505 = VERTEX_POINT ( 'NONE', #4072 ) ;
#5506 = DIRECTION ( 'NONE',  ( -1.000000000000000000, 0.000000000000000000, -0.000000000000000000 ) ) ;
#5507 = VECTOR ( 'NONE', #7343, 1000.000000000000000 ) ;
#5508 =( LENGTH_UNIT ( ) NAMED_UNIT ( * ) SI_UNIT ( .MILLI., .METRE. ) );
#5509 = PLANE ( 'NONE',  #7110 ) ;
#5510 = AXIS2_PLACEMENT_3D ( 'NONE', #670, #4874, #5014 ) ;
#5511 = ORIENTED_EDGE ( 'NONE', *, *, #6349, .T. ) ;
#5512 = EDGE_LOOP ( 'NONE', ( #5065, #1124, #345, #4731, #10194, #7237 ) ) ;
#5513 = LINE ( 'NONE', #6371, #2022 ) ;
#5514 = EDGE_CURVE ( 'NONE', #970, #5249, #5964, .T. ) ;
#5515 = FILL_AREA_STYLE_COLOUR ( '', #4199 ) ;
#5516 = CARTESIAN_POINT ( 'NONE',  ( -4.549999999999997158, 2.400000000000000355, 5.850000000000000533 ) ) ;
#5517 = VERTEX_POINT ( 'NONE', #4152 ) ;
#5518 = ORIENTED_EDGE ( 'NONE', *, *, #8418, .F. ) ;
#5519 = CARTESIAN_POINT ( 'NONE',  ( 4.250000000000000000, 6.100000000000000533, -5.099999999999999645 ) ) ;
#5520 = EDGE_CURVE ( 'NONE', #3917, #2705, #2178, .T. ) ;
#5521 = VERTEX_POINT ( 'NONE', #1770 ) ;
#5522 = LINE ( 'NONE', #648, #9067 ) ;
#5523 = ADVANCED_FACE ( 'NONE', ( #9455 ), #5621, .T. ) ;
#5524 = CARTESIAN_POINT ( 'NONE',  ( -5.799999999999998046, -0.6400000000000000133, -1.000000000000000000 ) ) ;
#5525 = LINE ( 'NONE', #3794, #9214 ) ;
#5526 = DIRECTION ( 'NONE',  ( -0.000000000000000000, -1.000000000000000000, -0.000000000000000000 ) ) ;
#5527 = LINE ( 'NONE', #6163, #5632 ) ;
#5528 = ORIENTED_EDGE ( 'NONE', *, *, #4574, .F. ) ;
#5529 = CARTESIAN_POINT ( 'NONE',  ( 6.649821042359578429E-17, 0.4999999999999993339, 0.000000000000000000 ) ) ;
#5530 = ORIENTED_EDGE ( 'NONE', *, *, #10044, .F. ) ;
#5531 = ORIENTED_EDGE ( 'NONE', *, *, #6373, .F. ) ;
#5532 = AXIS2_PLACEMENT_3D ( 'NONE', #7923, #8763, #2251 ) ;
#5533 = DIRECTION ( 'NONE',  ( -1.000000000000000000, -0.000000000000000000, -0.000000000000000000 ) ) ;
#5534 = CARTESIAN_POINT ( 'NONE',  ( 5.049999999999998046, 1.000000000000000000, -4.500000000000000888 ) ) ;
#5535 = EDGE_CURVE ( 'NONE', #8550, #9308, #2254, .T. ) ;
#5536 = VERTEX_POINT ( 'NONE', #9278 ) ;
#5537 = CLOSED_SHELL ( 'NONE', ( #6727, #3723, #9930, #2862, #2817, #7307, #6193, #3831, #1270 ) ) ;
#5538 = LINE ( 'NONE', #3997, #2012 ) ;
#5539 = PLANE ( 'NONE',  #3983 ) ;
#5540 = AXIS2_PLACEMENT_3D ( 'NONE', #2455, #6515, #1853 ) ;
#5541 = CARTESIAN_POINT ( 'NONE',  ( -2.500000000000000000, -2.299999999999999822, 7.699999999999997513 ) ) ;
#5542 = LINE ( 'NONE', #276, #5507 ) ;
#5543 = CARTESIAN_POINT ( 'NONE',  ( -3.880824640740575759, 0.4999999999999995559, -4.499999999999997335 ) ) ;
#5544 = DIRECTION ( 'NONE',  ( 0.000000000000000000, -2.460132057943349518E-16, 1.000000000000000000 ) ) ;
#5545 = FACE_OUTER_BOUND ( 'NONE', #7624, .T. ) ;
#5546 = FACE_OUTER_BOUND ( 'NONE', #3089, .T. ) ;
#5547 = ORIENTED_EDGE ( 'NONE', *, *, #553, .F. ) ;
#5548 = DIRECTION ( 'NONE',  ( 0.000000000000000000, 1.000000000000000000, 0.000000000000000000 ) ) ;
#5549 = VECTOR ( 'NONE', #3501, 999.9999999999998863 ) ;
#5550 = ORIENTED_EDGE ( 'NONE', *, *, #5759, .T. ) ;
#5551 = CARTESIAN_POINT ( 'NONE',  ( 0.000000000000000000, 3.100000000000000089, -4.500000000000000888 ) ) ;
#5552 = EDGE_LOOP ( 'NONE', ( #4561, #8154, #6223, #247, #10358, #7854, #5660, #412 ) ) ;
#5553 = LINE ( 'NONE', #3553, #5574 ) ;
#5554 = EDGE_CURVE ( 'NONE', #715, #3030, #5874, .T. ) ;
#5555 = LINE ( 'NONE', #6001, #9048 ) ;
#5556 = AXIS2_PLACEMENT_3D ( 'NONE', #1152, #4308, #4237 ) ;
#5557 = VECTOR ( 'NONE', #6028, 1000.000000000000000 ) ;
#5558 = DIRECTION ( 'NONE',  ( -0.000000000000000000, -0.000000000000000000, 1.000000000000000000 ) ) ;
#5559 = LINE ( 'NONE', #8995, #9145 ) ;
#5560 = EDGE_CURVE ( 'NONE', #8054, #5201, #2362, .T. ) ;
#5561 = VECTOR ( 'NONE', #6437, 1000.000000000000000 ) ;
#5562 = DIRECTION ( 'NONE',  ( 0.000000000000000000, 0.000000000000000000, 1.000000000000000000 ) ) ;
#5563 = ORIENTED_EDGE ( 'NONE', *, *, #8146, .F. ) ;
#5564 = EDGE_LOOP ( 'NONE', ( #10621, #7400, #1676, #9459, #4931, #8439, #7092 ) ) ;
#5565 = ADVANCED_FACE ( 'NONE', ( #5749 ), #2450, .T. ) ;
#5566 = CARTESIAN_POINT ( 'NONE',  ( 6.199999999999998401, 0.6000000000000006439, 4.500000000000000888 ) ) ;
#5567 = CARTESIAN_POINT ( 'NONE',  ( 2.550000000000000266, -2.299999999999998046, -7.200000000000001066 ) ) ;
#5568 = DIRECTION ( 'NONE',  ( -0.000000000000000000, 1.000000000000000000, 2.017120320903263702E-16 ) ) ;
#5569 = DIRECTION ( 'NONE',  ( -0.9396926207859082059, 0.3420201433256695456, 8.414147190578587988E-17 ) ) ;
#5570 = CARTESIAN_POINT ( 'NONE',  ( 2.900000000000000355, -3.099999999999998757, 7.549999999999999822 ) ) ;
#5571 = AXIS2_PLACEMENT_3D ( 'NONE', #9999, #5056, #1607 ) ;
#5572 = ORIENTED_EDGE ( 'NONE', *, *, #5917, .F. ) ;
#5573 = DIRECTION ( 'NONE',  ( 0.000000000000000000, -4.430117370400858162E-17, 1.000000000000000000 ) ) ;
#5574 = VECTOR ( 'NONE', #5213, 1000.000000000000000 ) ;
#5575 = CARTESIAN_POINT ( 'NONE',  ( 0.7999999999999999334, 2.650000000000000799, 7.549999999999999822 ) ) ;
#5576 = VECTOR ( 'NONE', #7097, 1000.000000000000000 ) ;
#5577 = DIRECTION ( 'NONE',  ( -0.000000000000000000, -1.000000000000000000, -0.000000000000000000 ) ) ;
#5578 = LINE ( 'NONE', #8517, #5668 ) ;
#5579 = CARTESIAN_POINT ( 'NONE',  ( 6.200000000000000178, 3.100000000000000089, 3.000000000000000000 ) ) ;
#5580 = AXIS2_PLACEMENT_3D ( 'NONE', #69, #9970, #2613 ) ;
#5581 = AXIS2_PLACEMENT_3D ( 'NONE', #615, #7197, #9036 ) ;
#5582 = EDGE_LOOP ( 'NONE', ( #9863, #7838, #984, #6260 ) ) ;
#5583 = ORIENTED_EDGE ( 'NONE', *, *, #4923, .T. ) ;
#5584 = EDGE_CURVE ( 'NONE', #614, #8910, #9485, .T. ) ;
#5585 = LINE ( 'NONE', #8926, #5623 ) ;
#5586 = CARTESIAN_POINT ( 'NONE',  ( -6.172636875200958606, -2.926423563648953063, 0.000000000000000000 ) ) ;
#5587 = ORIENTED_EDGE ( 'NONE', *, *, #6900, .T. ) ;
#5588 = DIRECTION ( 'NONE',  ( 0.000000000000000000, 0.000000000000000000, -1.000000000000000000 ) ) ;
#5589 = ORIENTED_EDGE ( 'NONE', *, *, #9361, .F. ) ;
#5590 = FACE_OUTER_BOUND ( 'NONE', #1556, .T. ) ;
#5591 = DIRECTION ( 'NONE',  ( 0.000000000000000000, -0.000000000000000000, 1.000000000000000000 ) ) ;
#5592 = AXIS2_PLACEMENT_3D ( 'NONE', #7939, #5492, #8503 ) ;
#5593 = CARTESIAN_POINT ( 'NONE',  ( 6.200000000000000178, 2.100000000000000089, 1.000000000000000000 ) ) ;
#5594 = DIRECTION ( 'NONE',  ( -0.000000000000000000, 2.017120320903263702E-16, -1.000000000000000000 ) ) ;
#5595 = LINE ( 'NONE', #2315, #8933 ) ;
#5596 = DIRECTION ( 'NONE',  ( 0.000000000000000000, 1.000000000000000000, 0.000000000000000000 ) ) ;
#5597 = TOROIDAL_SURFACE ( 'NONE', #3245, 0.05000000000000075218, 0.1499999999999999944 ) ;
#5598 = ORIENTED_EDGE ( 'NONE', *, *, #7822, .T. ) ;
#5599 = AXIS2_PLACEMENT_3D ( 'NONE', #966, #1110, #2757 ) ;
#5600 = ORIENTED_EDGE ( 'NONE', *, *, #7910, .T. ) ;
#5601 = EDGE_LOOP ( 'NONE', ( #4744, #5095, #7962, #1574 ) ) ;
#5602 = DIRECTION ( 'NONE',  ( 0.000000000000000000, 0.000000000000000000, 1.000000000000000000 ) ) ;
#5603 = DIRECTION ( 'NONE',  ( 0.000000000000000000, 0.000000000000000000, 1.000000000000000000 ) ) ;
#5604 = LINE ( 'NONE', #581, #9001 ) ;
#5605 = EDGE_CURVE ( 'NONE', #3462, #5899, #2399, .T. ) ;
#5606 = EDGE_LOOP ( 'NONE', ( #6057, #5166, #2539, #9316, #5372 ) ) ;
#5607 = VERTEX_POINT ( 'NONE', #7058 ) ;
#5608 = ORIENTED_EDGE ( 'NONE', *, *, #1228, .F. ) ;
#5609 = VECTOR ( 'NONE', #8848, 999.9999999999998863 ) ;
#5610 = EDGE_CURVE ( 'NONE', #3026, #7412, #5981, .T. ) ;
#5611 = DIRECTION ( 'NONE',  ( 0.000000000000000000, 0.000000000000000000, 1.000000000000000000 ) ) ;
#5612 = DIRECTION ( 'NONE',  ( 0.000000000000000000, 0.000000000000000000, -1.000000000000000000 ) ) ;
#5613 = LINE ( 'NONE', #6196, #5648 ) ;
#5614 = CARTESIAN_POINT ( 'NONE',  ( 5.828491013390329378, -2.434932337075560671, 1.000000000000000000 ) ) ;
#5615 = EDGE_CURVE ( 'NONE', #773, #8035, #9595, .T. ) ;
#5616 = CARTESIAN_POINT ( 'NONE',  ( -3.299999999999999822, 2.999999999999998224, 6.349999999999997868 ) ) ;
#5617 = CIRCLE ( 'NONE', #634, 0.04999999999999969746 ) ;
#5618 = ORIENTED_EDGE ( 'NONE', *, *, #2064, .F. ) ;
#5619 = ORIENTED_EDGE ( 'NONE', *, *, #6400, .F. ) ;
#5620 = ORIENTED_EDGE ( 'NONE', *, *, #9090, .F. ) ;
#5621 = PLANE ( 'NONE',  #7041 ) ;
#5622 = CARTESIAN_POINT ( 'NONE',  ( 2.900000000000000355, 2.504411906293519507, 7.299999999999998934 ) ) ;
#5623 = VECTOR ( 'NONE', #7168, 1000.000000000000000 ) ;
#5624 = VECTOR ( 'NONE', #7740, 1000.000000000000000 ) ;
#5625 = CARTESIAN_POINT ( 'NONE',  ( 6.999999999999997335, -2.034757436496875016, -1.000000000000000000 ) ) ;
#5626 =( GEOMETRIC_REPRESENTATION_CONTEXT ( 3 ) GLOBAL_UNCERTAINTY_ASSIGNED_CONTEXT ( ( #672 ) ) GLOBAL_UNIT_ASSIGNED_CONTEXT ( ( #8790, #4098, #667 ) ) REPRESENTATION_CONTEXT ( 'NONE', 'WORKASPACE' ) );
#5627 = VERTEX_POINT ( 'NONE', #10155 ) ;
#5628 = CARTESIAN_POINT ( 'NONE',  ( 2.900000000000000355, 0.3544119062935214837, -6.800000000000001599 ) ) ;
#5629 = ORIENTED_EDGE ( 'NONE', *, *, #3600, .T. ) ;
#5630 = EDGE_CURVE ( 'NONE', #10342, #7792, #5779, .T. ) ;
#5631 = VECTOR ( 'NONE', #2122, 1000.000000000000000 ) ;
#5632 = VECTOR ( 'NONE', #2726, 1000.000000000000000 ) ;
#5633 = ADVANCED_FACE ( 'NONE', ( #6000 ), #8507, .F. ) ;
#5634 = EDGE_CURVE ( 'NONE', #3803, #3851, #2480, .T. ) ;
#5635 = DIRECTION ( 'NONE',  ( 0.3420201433256695456, 0.9396926207859082059, 4.162948602181157199E-17 ) ) ;
#5636 = ORIENTED_EDGE ( 'NONE', *, *, #8776, .F. ) ;
#5637 = ORIENTED_EDGE ( 'NONE', *, *, #1491, .T. ) ;
#5638 = FACE_OUTER_BOUND ( 'NONE', #8541, .T. ) ;
#5639 = CARTESIAN_POINT ( 'NONE',  ( -2.550000000000000266, -2.299999999999998046, -7.050000000000000711 ) ) ;
#5640 = DIRECTION ( 'NONE',  ( 0.000000000000000000, 1.000000000000000000, 0.000000000000000000 ) ) ;
#5641 = CARTESIAN_POINT ( 'NONE',  ( 2.500000000000000000, -2.500000000000000000, 7.549999999999999822 ) ) ;
#5642 = CARTESIAN_POINT ( 'NONE',  ( 0.000000000000000000, 0.09999999999999971412, 4.500000000000000888 ) ) ;
#5643 = ORIENTED_EDGE ( 'NONE', *, *, #2624, .T. ) ;
#5644 = ORIENTED_EDGE ( 'NONE', *, *, #6993, .T. ) ;
#5645 = CYLINDRICAL_SURFACE ( 'NONE', #505, 3.500000000000000000 ) ;
#5646 = AXIS2_PLACEMENT_3D ( 'NONE', #131, #9120, #8345 ) ;
#5647 = VECTOR ( 'NONE', #7829, 1000.000000000000114 ) ;
#5648 = VECTOR ( 'NONE', #1406, 1000.000000000000000 ) ;
#5649 =( NAMED_UNIT ( * ) PLANE_ANGLE_UNIT ( ) SI_UNIT ( $, .RADIAN. ) );
#5650 = EDGE_CURVE ( 'NONE', #3559, #6443, #9545, .T. ) ;
#5651 = COLOUR_RGB ( '',0.2509803921568627416, 0.2509803921568627416, 0.2509803921568627416 ) ;
#5652 = DIRECTION ( 'NONE',  ( 0.000000000000000000, -1.000000000000000000, 1.445602896647339163E-16 ) ) ;
#5653 = EDGE_LOOP ( 'NONE', ( #2388, #7199, #10487, #720, #3052, #8157, #7782 ) ) ;
#5654 = EDGE_CURVE ( 'NONE', #4473, #2233, #5793, .T. ) ;
#5655 = VERTEX_POINT ( 'NONE', #3609 ) ;
#5656 = ADVANCED_FACE ( 'NONE', ( #5764 ), #2209, .T. ) ;
#5657 = LINE ( 'NONE', #456, #5549 ) ;
#5658 = DIRECTION ( 'NONE',  ( -0.8191520442889909104, 0.5735764363510473807, 0.000000000000000000 ) ) ;
#5659 = PLANE ( 'NONE',  #9191 ) ;
#5660 = ORIENTED_EDGE ( 'NONE', *, *, #4042, .F. ) ;
#5661 = DIRECTION ( 'NONE',  ( -1.000000000000000000, 0.000000000000000000, 0.000000000000000000 ) ) ;
#5662 = ORIENTED_EDGE ( 'NONE', *, *, #6103, .T. ) ;
#5663 = VERTEX_POINT ( 'NONE', #4446 ) ;
#5664 = FACE_OUTER_BOUND ( 'NONE', #6730, .T. ) ;
#5665 = CARTESIAN_POINT ( 'NONE',  ( -5.499999999999996447, 1.000000000000000000, 6.400000000000000355 ) ) ;
#5666 = CARTESIAN_POINT ( 'NONE',  ( -2.100000000000000089, -3.100000000000000089, 6.699999999999999289 ) ) ;
#5667 = LINE ( 'NONE', #9632, #5433 ) ;
#5668 = VECTOR ( 'NONE', #7593, 1000.000000000000000 ) ;
#5669 = EDGE_CURVE ( 'NONE', #7793, #3707, #2464, .T. ) ;
#5670 = VERTEX_POINT ( 'NONE', #3741 ) ;
#5671 = VERTEX_POINT ( 'NONE', #4299 ) ;
#5672 = CARTESIAN_POINT ( 'NONE',  ( -1.699999999999999956, 2.949999999999998845, 7.249999999999999112 ) ) ;
#5673 = CARTESIAN_POINT ( 'NONE',  ( -2.900000000000000355, 0.3544119062935215392, -7.050000000000001599 ) ) ;
#5674 = FACE_OUTER_BOUND ( 'NONE', #2695, .T. ) ;
#5675 = ADVANCED_FACE ( 'NONE', ( #2284 ), #9328, .T. ) ;
#5676 = VERTEX_POINT ( 'NONE', #2872 ) ;
#5677 = VECTOR ( 'NONE', #7445, 1000.000000000000000 ) ;
#5678 = CARTESIAN_POINT ( 'NONE',  ( -2.542012759203106320, 2.400000000000000355, 3.000000000000000000 ) ) ;
#5679 = DIRECTION ( 'NONE',  ( -1.535153518563546084E-16, 1.000000000000000000, 0.000000000000000000 ) ) ;
#5680 = VECTOR ( 'NONE', #2430, 1000.000000000000000 ) ;
#5681 = PLANE ( 'NONE',  #6826 ) ;
#5682 = LINE ( 'NONE', #7422, #9178 ) ;
#5684 = ORIENTED_EDGE ( 'NONE', *, *, #9322, .F. ) ;
#5683 = ORIENTED_EDGE ( 'NONE', *, *, #9686, .F. ) ;
#5685 = CIRCLE ( 'NONE', #5326, 0.5000000000000000000 ) ;
#5686 = EDGE_LOOP ( 'NONE', ( #2182, #9862, #8853, #3217 ) ) ;
#5687 = PLANE ( 'NONE',  #1378 ) ;
#5688 = EDGE_CURVE ( 'NONE', #6732, #221, #6049, .T. ) ;
#5689 = CARTESIAN_POINT ( 'NONE',  ( 5.799999999999998934, 5.650000000000001243, 1.599999999999999867 ) ) ;
#5690 = FACE_OUTER_BOUND ( 'NONE', #8425, .T. ) ;
#5691 = DIRECTION ( 'NONE',  ( 0.000000000000000000, 0.000000000000000000, -1.000000000000000000 ) ) ;
#5692 = ORIENTED_EDGE ( 'NONE', *, *, #9799, .T. ) ;
#5693 = DIRECTION ( 'NONE',  ( 0.000000000000000000, -1.445602896647339163E-16, -1.000000000000000000 ) ) ;
#5694 = CARTESIAN_POINT ( 'NONE',  ( 5.049999999999997158, 1.000000000000000000, -4.999999999999997335 ) ) ;
#5695 = EDGE_LOOP ( 'NONE', ( #8745, #4636, #4478, #935 ) ) ;
#5696 = EDGE_CURVE ( 'NONE', #5211, #6967, #9283, .T. ) ;
#5697 = VECTOR ( 'NONE', #3471, 1000.000000000000000 ) ;
#5698 = LINE ( 'NONE', #1752, #2143 ) ;
#5699 = DIRECTION ( 'NONE',  ( -1.000000000000000000, 0.000000000000000000, 0.000000000000000000 ) ) ;
#5700 = VERTEX_POINT ( 'NONE', #227 ) ;
#5701 = AXIS2_PLACEMENT_3D ( 'NONE', #6124, #6188, #633 ) ;
#5702 = CARTESIAN_POINT ( 'NONE',  ( -5.799999999999998046, 0.5000000000000004441, 3.000000000000000888 ) ) ;
#5703 = EDGE_LOOP ( 'NONE', ( #10332, #8405, #4547 ) ) ;
#5704 = LINE ( 'NONE', #799, #1947 ) ;
#5705 = CARTESIAN_POINT ( 'NONE',  ( 5.049999999999997158, 0.1000000000000001721, -2.000000000000000000 ) ) ;
#5706 = CARTESIAN_POINT ( 'NONE',  ( -2.900000000000000355, -3.099999999999998757, 7.299999999999998934 ) ) ;
#5707 = DIRECTION ( 'NONE',  ( -0.000000000000000000, -0.000000000000000000, -1.000000000000000000 ) ) ;
#5708 = DIRECTION ( 'NONE',  ( 0.000000000000000000, -1.000000000000000000, 0.000000000000000000 ) ) ;
#5709 = ORIENTED_EDGE ( 'NONE', *, *, #8684, .F. ) ;
#5710 = AXIS2_PLACEMENT_3D ( 'NONE', #9371, #3786, #7037 ) ;
#5711 = EDGE_CURVE ( 'NONE', #1279, #7816, #2193, .T. ) ;
#5712 = EDGE_LOOP ( 'NONE', ( #9098, #5457, #5405, #8059 ) ) ;
#5713 = DIRECTION ( 'NONE',  ( 0.000000000000000000, 1.000000000000000000, 0.000000000000000000 ) ) ;
#5714 = VECTOR ( 'NONE', #6815, 1000.000000000000000 ) ;
#5715 = EDGE_CURVE ( 'NONE', #3500, #9822, #2204, .T. ) ;
#5716 = DIRECTION ( 'NONE',  ( -0.7071067811865493491, 0.000000000000000000, -0.7071067811865456854 ) ) ;
#5717 = VECTOR ( 'NONE', #2668, 1000.000000000000000 ) ;
#5718 = ADVANCED_FACE ( 'NONE', ( #5804 ), #9014, .F. ) ;
#5719 = DIRECTION ( 'NONE',  ( 0.000000000000000000, 1.000000000000000000, 0.000000000000000000 ) ) ;
#5720 = EDGE_CURVE ( 'NONE', #4706, #8055, #9368, .T. ) ;
#5721 = ORIENTED_EDGE ( 'NONE', *, *, #630, .F. ) ;
#5722 = VECTOR ( 'NONE', #2396, 1000.000000000000000 ) ;
#5723 = CARTESIAN_POINT ( 'NONE',  ( 6.399999999999998579, -0.6400000000000000133, 1.000000000000000000 ) ) ;
#5724 = LINE ( 'NONE', #5019, #2119 ) ;
#5725 = DIRECTION ( 'NONE',  ( 1.000000000000000000, 0.000000000000000000, 0.000000000000000000 ) ) ;
#5726 = ORIENTED_EDGE ( 'NONE', *, *, #5123, .T. ) ;
#5727 = CARTESIAN_POINT ( 'NONE',  ( -3.299999999999999822, 2.949999999999998401, 7.549999999999999822 ) ) ;
#5728 = AXIS2_PLACEMENT_3D ( 'NONE', #6333, #2832, #9750 ) ;
#5729 = CARTESIAN_POINT ( 'NONE',  ( 5.799999999999997158, 3.100000000000000089, 4.500000000000000888 ) ) ;
#5730 = EDGE_CURVE ( 'NONE', #956, #5327, #9706, .T. ) ;
#5731 = DIRECTION ( 'NONE',  ( 0.000000000000000000, 1.000000000000000000, 4.430117370400858162E-17 ) ) ;
#5732 = VECTOR ( 'NONE', #4519, 1000.000000000000000 ) ;
#5733 = EDGE_CURVE ( 'NONE', #5663, #4651, #6145, .T. ) ;
#5734 = VECTOR ( 'NONE', #1234, 1000.000000000000000 ) ;
#5735 = CIRCLE ( 'NONE', #2478, 1.000000000000000000 ) ;
#5737 = EDGE_LOOP ( 'NONE', ( #2952, #4814, #804, #4665 ) ) ;
#5736 = ORIENTED_EDGE ( 'NONE', *, *, #6082, .F. ) ;
#5738 = PLANE ( 'NONE',  #10018 ) ;
#5739 = EDGE_CURVE ( 'NONE', #3993, #3601, #2579, .T. ) ;
#5740 = CARTESIAN_POINT ( 'NONE',  ( -1.699999999999999956, 0.8000000000000001554, -6.750000000000001776 ) ) ;
#5741 = ADVANCED_FACE ( 'NONE', ( #6416 ), #2891, .T. ) ;
#5742 = CARTESIAN_POINT ( 'NONE',  ( 3.396418141452980599, 2.685093333532154070, 7.299999999999998934 ) ) ;
#5743 = FACE_OUTER_BOUND ( 'NONE', #5712, .T. ) ;
#5744 = PLANE ( 'NONE',  #699 ) ;
#5745 = VERTEX_POINT ( 'NONE', #7394 ) ;
#5746 = EDGE_CURVE ( 'NONE', #6982, #750, #2610, .T. ) ;
#5747 = ORIENTED_EDGE ( 'NONE', *, *, #6325, .T. ) ;
#5748 = CARTESIAN_POINT ( 'NONE',  ( -5.799999999999998934, 5.650000000000001243, -1.599999999999999867 ) ) ;
#5749 = FACE_OUTER_BOUND ( 'NONE', #7771, .T. ) ;
#5750 = CARTESIAN_POINT ( 'NONE',  ( 3.299999999999999822, 0.7999999999999983791, 7.299999999999998934 ) ) ;
#5751 = FACE_OUTER_BOUND ( 'NONE', #10552, .T. ) ;
#5752 = AXIS2_PLACEMENT_3D ( 'NONE', #5755, #1536, #9066 ) ;
#5753 = ORIENTED_EDGE ( 'NONE', *, *, #3659, .T. ) ;
#5754 = CARTESIAN_POINT ( 'NONE',  ( 0.4000000000000001887, -3.099999999999998757, 7.549999999999999822 ) ) ;
#5755 = CARTESIAN_POINT ( 'NONE',  ( -5.750000000000000000, 5.650000000000001243, 5.250000000000000000 ) ) ;
#5756 = CARTESIAN_POINT ( 'NONE',  ( 6.399999999999998579, -2.034757436496875016, -1.000000000000000000 ) ) ;
#5757 = VECTOR ( 'NONE', #8408, 999.9999999999998863 ) ;
#5758 = CARTESIAN_POINT ( 'NONE',  ( -3.850000000000000089, 2.400000000000000355, 5.850000000000000533 ) ) ;
#5759 = EDGE_CURVE ( 'NONE', #10174, #7535, #2800, .T. ) ;
#5760 = DIRECTION ( 'NONE',  ( 0.000000000000000000, 2.017120320903263702E-16, -1.000000000000000000 ) ) ;
#5761 = CARTESIAN_POINT ( 'NONE',  ( -2.100000000000000089, 0.7999999999999982681, 7.549999999999999822 ) ) ;
#5762 = EDGE_CURVE ( 'NONE', #7137, #8516, #6354, .T. ) ;
#5763 = ORIENTED_EDGE ( 'NONE', *, *, #9451, .F. ) ;
#5764 = FACE_OUTER_BOUND ( 'NONE', #10040, .T. ) ;
#5765 = VECTOR ( 'NONE', #2095, 1000.000000000000000 ) ;
#5766 = CARTESIAN_POINT ( 'NONE',  ( 5.699999999999998401, 0.6000000000000007550, 5.250000000000000000 ) ) ;
#5767 = LINE ( 'NONE', #492, #2242 ) ;
#5768 = DIRECTION ( 'NONE',  ( 0.3420201433256695456, 0.9396926207859082059, 1.895473080790100108E-16 ) ) ;
#5769 = VERTEX_POINT ( 'NONE', #3947 ) ;
#5770 = AXIS2_PLACEMENT_3D ( 'NONE', #1326, #2988, #3789 ) ;
#5771 = DIRECTION ( 'NONE',  ( -1.000000000000000000, 0.000000000000000000, 0.000000000000000000 ) ) ;
#5772 = DIRECTION ( 'NONE',  ( 0.000000000000000000, -0.000000000000000000, 1.000000000000000000 ) ) ;
#5773 = CARTESIAN_POINT ( 'NONE',  ( 6.200000000000000178, 0.000000000000000000, -1.000000000000000000 ) ) ;
#5774 = EDGE_CURVE ( 'NONE', #1064, #867, #9834, .T. ) ;
#5775 = DIRECTION ( 'NONE',  ( 0.000000000000000000, 0.000000000000000000, 1.000000000000000000 ) ) ;
#5776 = ORIENTED_EDGE ( 'NONE', *, *, #7929, .T. ) ;
#5777 = PLANE ( 'NONE',  #5510 ) ;
#5778 = EDGE_CURVE ( 'NONE', #10172, #2099, #9859, .T. ) ;
#5779 = CIRCLE ( 'NONE', #2644, 0.05000000000000012768 ) ;
#5780 = CARTESIAN_POINT ( 'NONE',  ( 2.500000000000000444, 0.6999999999999997335, 7.699999999999997513 ) ) ;
#5781 = DIRECTION ( 'NONE',  ( -1.807003620809174139E-16, 1.000000000000000000, -1.153875183674998759E-16 ) ) ;
#5782 = CIRCLE ( 'NONE', #9010, 0.1499999999999999667 ) ;
#5783 = DIRECTION ( 'NONE',  ( -0.000000000000000000, -1.000000000000000000, -0.000000000000000000 ) ) ;
#5784 = ORIENTED_EDGE ( 'NONE', *, *, #10370, .T. ) ;
#5785 = VECTOR ( 'NONE', #7708, 1000.000000000000000 ) ;
#5786 = DIRECTION ( 'NONE',  ( 0.000000000000000000, -2.460132057943349518E-16, 1.000000000000000000 ) ) ;
#5787 = DIRECTION ( 'NONE',  ( -1.000000000000000000, -0.000000000000000000, 0.000000000000000000 ) ) ;
#5788 = EDGE_LOOP ( 'NONE', ( #9148, #7050, #9853, #9134 ) ) ;
#5789 = EDGE_CURVE ( 'NONE', #1336, #8248, #9974, .T. ) ;
#5790 = CARTESIAN_POINT ( 'NONE',  ( -2.100000000000000089, 0.3544119062935187636, 6.700000000000000178 ) ) ;
#5791 = DIRECTION ( 'NONE',  ( 0.000000000000000000, 4.869470219022243768E-16, -1.000000000000000000 ) ) ;
#5792 = CARTESIAN_POINT ( 'NONE',  ( -1.699999999999999956, 3.249999999999998668, 6.349999999999997868 ) ) ;
#5793 = CIRCLE ( 'NONE', #4710, 0.2999999999999999334 ) ;
#5794 = AXIS2_PLACEMENT_3D ( 'NONE', #5672, #6486, #7274 ) ;
#5795 = CARTESIAN_POINT ( 'NONE',  ( 2.550000000000000266, -2.299999999999999822, 7.549999999999998046 ) ) ;
#5796 = VECTOR ( 'NONE', #10028, 1000.000000000000000 ) ;
#5797 = ADVANCED_FACE ( 'NONE', ( #6233 ), #2719, .T. ) ;
#5798 = ORIENTED_EDGE ( 'NONE', *, *, #9279, .F. ) ;
#5799 = CARTESIAN_POINT ( 'NONE',  ( -6.199999999999999289, 5.650000000000001243, -5.250000000000000000 ) ) ;
#5800 = DIRECTION ( 'NONE',  ( 0.000000000000000000, 1.000000000000000000, 4.430117370400858162E-17 ) ) ;
#5801 = DIRECTION ( 'NONE',  ( 1.000000000000000000, -0.000000000000000000, -0.000000000000000000 ) ) ;
#5802 = PLANE ( 'NONE',  #4688 ) ;
#5803 = VERTEX_POINT ( 'NONE', #8863 ) ;
#5804 = FACE_OUTER_BOUND ( 'NONE', #3705, .T. ) ;
#5805 = PLANE ( 'NONE',  #6332 ) ;
#5806 = VECTOR ( 'NONE', #4750, 1000.000000000000000 ) ;
#5807 = AXIS2_PLACEMENT_3D ( 'NONE', #2333, #7245, #4873 ) ;
#5808 = FACE_OUTER_BOUND ( 'NONE', #8891, .T. ) ;
#5809 = ORIENTED_EDGE ( 'NONE', *, *, #9226, .F. ) ;
#5810 = ORIENTED_EDGE ( 'NONE', *, *, #885, .T. ) ;
#5811 = DIRECTION ( 'NONE',  ( -0.000000000000000000, -0.000000000000000000, -1.000000000000000000 ) ) ;
#5812 = DIRECTION ( 'NONE',  ( 0.000000000000000000, 0.000000000000000000, 1.000000000000000000 ) ) ;
#5813 = EDGE_CURVE ( 'NONE', #5899, #7269, #9795, .T. ) ;
#5814 = ADVANCED_FACE ( 'NONE', ( #6068 ), #6195, .F. ) ;
#5815 = PRESENTATION_STYLE_ASSIGNMENT (( #8337 ) ) ;
#5816 = CARTESIAN_POINT ( 'NONE',  ( -6.200000000000000178, 0.6000000000000006439, 4.500000000000000888 ) ) ;
#5817 = CARTESIAN_POINT ( 'NONE',  ( -3.999999999999998224, -3.551475717527321367E-16, -6.700000000000000178 ) ) ;
#5818 =( NAMED_UNIT ( * ) PLANE_ANGLE_UNIT ( ) SI_UNIT ( $, .RADIAN. ) );
#5819 = ORIENTED_EDGE ( 'NONE', *, *, #8557, .F. ) ;
#5820 = AXIS2_PLACEMENT_3D ( 'NONE', #6146, #8784, #6015 ) ;
#5821 = CIRCLE ( 'NONE', #9478, 0.05000000000000077993 ) ;
#5822 = VECTOR ( 'NONE', #8050, 1000.000000000000000 ) ;
#5823 = DIRECTION ( 'NONE',  ( 1.000000000000000000, 0.000000000000000000, 0.000000000000000000 ) ) ;
#5824 = LINE ( 'NONE', #5332, #2272 ) ;
#5825 = ORIENTED_EDGE ( 'NONE', *, *, #6502, .T. ) ;
#5826 = DIRECTION ( 'NONE',  ( 0.000000000000000000, -0.000000000000000000, 1.000000000000000000 ) ) ;
#5827 = AXIS2_PLACEMENT_3D ( 'NONE', #5320, #2185, #2985 ) ;
#5828 = EDGE_LOOP ( 'NONE', ( #1598, #6975, #5309, #4492 ) ) ;
#5829 = AXIS2_PLACEMENT_3D ( 'NONE', #10507, #7951, #10568 ) ;
#5830 = LINE ( 'NONE', #10049, #9518 ) ;
#5831 = DIRECTION ( 'NONE',  ( 0.000000000000000000, 1.000000000000000000, 0.000000000000000000 ) ) ;
#5832 = EDGE_CURVE ( 'NONE', #6199, #8778, #2816, .T. ) ;
#5833 = DIRECTION ( 'NONE',  ( 0.000000000000000000, 0.000000000000000000, 1.000000000000000000 ) ) ;
#5834 = CARTESIAN_POINT ( 'NONE',  ( 3.999999999999988898, 7.529057909142686178E-15, -4.500000000000000000 ) ) ;
#5835 = DIRECTION ( 'NONE',  ( 0.8191520442889909104, -0.5735764363510473807, 0.000000000000000000 ) ) ;
#5836 = CIRCLE ( 'NONE', #4646, 0.2999999999999999334 ) ;
#5837 = ADVANCED_FACE ( 'NONE', ( #9672 ), #9957, .T. ) ;
#5838 = ORIENTED_EDGE ( 'NONE', *, *, #3227, .F. ) ;
#5839 = DIRECTION ( 'NONE',  ( 0.000000000000000000, -1.445602896647339163E-16, 1.000000000000000000 ) ) ;
#5840 = EDGE_CURVE ( 'NONE', #7793, #5627, #6331, .T. ) ;
#5841 = CARTESIAN_POINT ( 'NONE',  ( 5.750000000000000000, 5.650000000000001243, -5.250000000000000000 ) ) ;
#5842 = EDGE_CURVE ( 'NONE', #5521, #6754, #2531, .T. ) ;
#5843 = CARTESIAN_POINT ( 'NONE',  ( -5.049999999999997158, 4.986986664055304885, 5.000000000000000888 ) ) ;
#5844 = CYLINDRICAL_SURFACE ( 'NONE', #3107, 0.5749999999999982903 ) ;
#5845 = VECTOR ( 'NONE', #8008, 1000.000000000000000 ) ;
#5846 = MANIFOLD_SOLID_BREP ( 'Combine7', #2375 ) ;
#5847 = ORIENTED_EDGE ( 'NONE', *, *, #10354, .F. ) ;
#5848 = ORIENTED_EDGE ( 'NONE', *, *, #8963, .T. ) ;
#5849 = ORIENTED_EDGE ( 'NONE', *, *, #7265, .F. ) ;
#5850 = COLOUR_RGB ( '',0.2509803921568627416, 0.2509803921568627416, 0.2509803921568627416 ) ;
#5851 = CARTESIAN_POINT ( 'NONE',  ( 0.000000000000000000, -2.299999999999999822, 7.699999999999997513 ) ) ;
#5852 = FILL_AREA_STYLE_COLOUR ( '', #992 ) ;
#5853 = AXIS2_PLACEMENT_3D ( 'NONE', #3779, #4622, #5603 ) ;
#5854 = EDGE_CURVE ( 'NONE', #157, #7244, #9638, .T. ) ;
#5855 = CARTESIAN_POINT ( 'NONE',  ( 6.200000000000000178, 2.100000000000000089, -1.599999999999999867 ) ) ;
#5856 = ORIENTED_EDGE ( 'NONE', *, *, #9375, .F. ) ;
#5857 = DIRECTION ( 'NONE',  ( -1.000000000000000000, 0.000000000000000000, 0.000000000000000000 ) ) ;
#5858 = ADVANCED_FACE ( 'NONE', ( #6209 ), #6117, .T. ) ;
#5859 = CARTESIAN_POINT ( 'NONE',  ( 4.250000000000000000, 6.700000000000000178, -5.524999999999999467 ) ) ;
#5860 = EDGE_CURVE ( 'NONE', #6994, #6498, #2628, .T. ) ;
#5861 = VECTOR ( 'NONE', #3302, 1000.000000000000000 ) ;
#5862 = CARTESIAN_POINT ( 'NONE',  ( 1.734723475976807094E-15, 3.903127820947790719E-14, 4.500000000000001776 ) ) ;
#5863 = VECTOR ( 'NONE', #7608, 1000.000000000000000 ) ;
#5864 = EDGE_CURVE ( 'NONE', #5249, #10435, #2666, .T. ) ;
#5865 = VECTOR ( 'NONE', #8698, 1000.000000000000000 ) ;
#5866 = ORIENTED_EDGE ( 'NONE', *, *, #7013, .F. ) ;
#5867 = DIRECTION ( 'NONE',  ( -1.000000000000000000, -1.341711765540131426E-16, 0.000000000000000000 ) ) ;
#5868 = PLANE ( 'NONE',  #1842 ) ;
#5869 = DIRECTION ( 'NONE',  ( 0.000000000000000000, 0.000000000000000000, 1.000000000000000000 ) ) ;
#5870 = ORIENTED_EDGE ( 'NONE', *, *, #3804, .T. ) ;
#5871 = EDGE_LOOP ( 'NONE', ( #4175, #6802, #9006, #6513, #6752, #6320, #1003, #2920, #9711, #9824, #8060, #4431 ) ) ;
#5872 = AXIS2_PLACEMENT_3D ( 'NONE', #489, #9572, #567 ) ;
#5873 = CARTESIAN_POINT ( 'NONE',  ( -1.699999999999999956, 2.949999999999998845, 7.249999999999999112 ) ) ;
#5874 = LINE ( 'NONE', #6153, #9295 ) ;
#5875 = CARTESIAN_POINT ( 'NONE',  ( 5.049999999999997158, 4.986986664055304885, -4.999999999999997335 ) ) ;
#5876 = EDGE_CURVE ( 'NONE', #3246, #7938, #2697, .T. ) ;
#5877 = DIRECTION ( 'NONE',  ( 0.000000000000000000, 1.807003620809174385E-16, -1.000000000000000000 ) ) ;
#5878 = LINE ( 'NONE', #3977, #2344 ) ;
#5879 = ADVANCED_FACE ( 'NONE', ( #6253 ), #3017, .T. ) ;
#5880 = LINE ( 'NONE', #5060, #9407 ) ;
#5881 = LINE ( 'NONE', #4926, #5845 ) ;
#5882 = EDGE_LOOP ( 'NONE', ( #8080, #7267, #9944, #5587, #9803, #4268, #9923, #3695, #4305, #10056, #3133, #2157, #10225, #2659, #5209, #2729, #890, #4884, #4356, #7359, #7889, #7639, #3772, #2174 ) ) ;
#5883 = EDGE_LOOP ( 'NONE', ( #4212, #576, #7652, #595, #7673, #2706, #1629 ) ) ;
#5884 = EDGE_CURVE ( 'NONE', #7256, #6994, #3198, .T. ) ;
#5885 = VERTEX_POINT ( 'NONE', #6972 ) ;
#5886 = CARTESIAN_POINT ( 'NONE',  ( 4.336808689942017736E-16, 0.6999999999999998446, 7.549999999999998046 ) ) ;
#5887 = CARTESIAN_POINT ( 'NONE',  ( -5.499999999999996447, 5.700000000000000178, -6.500000000000000888 ) ) ;
#5888 = DIRECTION ( 'NONE',  ( 0.000000000000000000, 0.000000000000000000, -1.000000000000000000 ) ) ;
#5889 = LINE ( 'NONE', #2291, #5785 ) ;
#5890 = CARTESIAN_POINT ( 'NONE',  ( 3.299999999999999822, 0.8000000000000001554, -7.050000000000001599 ) ) ;
#5891 = LINE ( 'NONE', #10188, #2641 ) ;
#5892 = DIRECTION ( 'NONE',  ( -1.000000000000000000, -0.000000000000000000, -0.000000000000000000 ) ) ;
#5893 = ORIENTED_EDGE ( 'NONE', *, *, #4987, .T. ) ;
#5894 = VECTOR ( 'NONE', #6658, 1000.000000000000000 ) ;
#5895 = PRESENTATION_LAYER_ASSIGNMENT (  '', '', ( #10130 ) ) ;
#5896 = FACE_OUTER_BOUND ( 'NONE', #2903, .T. ) ;
#5897 = CARTESIAN_POINT ( 'NONE',  ( 3.880824640740575759, 0.5000000000000004441, -4.499999999999997335 ) ) ;
#5898 = EDGE_CURVE ( 'NONE', #3621, #6041, #6655, .T. ) ;
#5899 = VERTEX_POINT ( 'NONE', #9953 ) ;
#5900 = ORIENTED_EDGE ( 'NONE', *, *, #9682, .F. ) ;
#5901 = CARTESIAN_POINT ( 'NONE',  ( -5.799999999999998046, 2.100000000000000089, 5.250000000000000000 ) ) ;
#5902 = ORIENTED_EDGE ( 'NONE', *, *, #145, .T. ) ;
#5903 = ADVANCED_FACE ( 'NONE', ( #3157 ), #6484, .T. ) ;
#5904 = FACE_OUTER_BOUND ( 'NONE', #1123, .T. ) ;
#5905 = CARTESIAN_POINT ( 'NONE',  ( -4.250000000000000000, 6.700000000000000178, -5.524999999999999467 ) ) ;
#5906 = CARTESIAN_POINT ( 'NONE',  ( 5.049999999999997158, 2.400000000000000355, 4.500000000000000888 ) ) ;
#5907 = CARTESIAN_POINT ( 'NONE',  ( 0.000000000000000000, 2.100000000000000089, -1.599999999999999867 ) ) ;
#5908 = DIRECTION ( 'NONE',  ( -0.000000000000000000, 0.000000000000000000, -1.000000000000000000 ) ) ;
#5909 = EDGE_LOOP ( 'NONE', ( #4224, #5893, #5662, #7209 ) ) ;
#5910 = PLANE ( 'NONE',  #6396 ) ;
#5911 = DIRECTION ( 'NONE',  ( -1.807003620809174632E-16, 1.000000000000000000, 6.531284371341748864E-17 ) ) ;
#5912 = DIRECTION ( 'NONE',  ( 0.000000000000000000, 0.000000000000000000, -1.000000000000000000 ) ) ;
#5913 = DIRECTION ( 'NONE',  ( 0.000000000000000000, 0.000000000000000000, -1.000000000000000000 ) ) ;
#5914 = CIRCLE ( 'NONE', #3865, 2.500000000000002220 ) ;
#5915 = VERTEX_POINT ( 'NONE', #1109 ) ;
#5916 = VERTEX_POINT ( 'NONE', #2028 ) ;
#5917 = EDGE_CURVE ( 'NONE', #8228, #6199, #2982, .T. ) ;
#5918 = LINE ( 'NONE', #6882, #5993 ) ;
#5919 = CARTESIAN_POINT ( 'NONE',  ( -5.799999999999996270, 0.5000000000000002220, -4.499999999999997335 ) ) ;
#5920 = AXIS2_PLACEMENT_3D ( 'NONE', #6695, #7954, #8723 ) ;
#5921 = CARTESIAN_POINT ( 'NONE',  ( -4.250000000000000000, 6.550000000000000711, 5.524999999999997691 ) ) ;
#5922 =( NAMED_UNIT ( * ) PLANE_ANGLE_UNIT ( ) SI_UNIT ( $, .RADIAN. ) );
#5923 = ORIENTED_EDGE ( 'NONE', *, *, #4719, .F. ) ;
#5924 = CARTESIAN_POINT ( 'NONE',  ( 3.299999999999999822, 0.8500000000000000888, -5.850000000000000533 ) ) ;
#5925 = DIRECTION ( 'NONE',  ( -1.000000000000000000, 0.000000000000000000, 0.000000000000000000 ) ) ;
#5926 = FACE_OUTER_BOUND ( 'NONE', #2389, .T. ) ;
#5927 = CARTESIAN_POINT ( 'NONE',  ( 1.700000000000000178, 2.999999999999998224, 7.249999999999999112 ) ) ;
#5928 = CIRCLE ( 'NONE', #8871, 0.5000000000000004441 ) ;
#5929 = CIRCLE ( 'NONE', #391, 0.1000000000000002554 ) ;
#5930 = AXIS2_PLACEMENT_3D ( 'NONE', #2960, #4034, #4886 ) ;
#5931 = ORIENTED_EDGE ( 'NONE', *, *, #1603, .F. ) ;
#5932 = ORIENTED_EDGE ( 'NONE', *, *, #4831, .F. ) ;
#5933 = DIRECTION ( 'NONE',  ( 0.000000000000000000, -0.000000000000000000, 1.000000000000000000 ) ) ;
#5934 = CARTESIAN_POINT ( 'NONE',  ( -4.250000000000000000, 6.700000000000000178, -4.524999999999999467 ) ) ;
#5935 = CARTESIAN_POINT ( 'NONE',  ( 3.880824640740575759, 0.09999999999999990841, -6.700000000000000178 ) ) ;
#5936 = LINE ( 'NONE', #5855, #9504 ) ;
#5937 = DIRECTION ( 'NONE',  ( -0.000000000000000000, -0.7071067811865451302, 0.7071067811865500152 ) ) ;
#5938 = VECTOR ( 'NONE', #4597, 1000.000000000000000 ) ;
#5939 = AXIS2_PLACEMENT_3D ( 'NONE', #8152, #8364, #9135 ) ;
#5940 = ORIENTED_EDGE ( 'NONE', *, *, #3948, .T. ) ;
#5941 = ADVANCED_FACE ( 'NONE', ( #3119 ), #9991, .T. ) ;
#5942 = CARTESIAN_POINT ( 'NONE',  ( -1.699999999999999956, 2.999999999999998224, 7.249999999999999112 ) ) ;
#5943 = LINE ( 'NONE', #9850, #9310 ) ;
#5944 = EDGE_CURVE ( 'NONE', #1279, #2092, #10336, .T. ) ;
#5945 = DIRECTION ( 'NONE',  ( 0.000000000000000000, 4.869470219022243768E-16, -1.000000000000000000 ) ) ;
#5946 = DIRECTION ( 'NONE',  ( 0.000000000000000000, 2.017120320903263702E-16, -1.000000000000000000 ) ) ;
#5947 = VECTOR ( 'NONE', #9949, 1000.000000000000000 ) ;
#5948 = TOROIDAL_SURFACE ( 'NONE', #529, 0.05000000000000075218, 0.1499999999999999944 ) ;
#5949 = ORIENTED_EDGE ( 'NONE', *, *, #866, .F. ) ;
#5950 = ORIENTED_EDGE ( 'NONE', *, *, #9941, .T. ) ;
#5951 = VERTEX_POINT ( 'NONE', #6912 ) ;
#5952 = CARTESIAN_POINT ( 'NONE',  ( -5.799999999999996270, 2.400000000000000355, 5.000000000000000888 ) ) ;
#5953 =( NAMED_UNIT ( * ) SI_UNIT ( $, .STERADIAN. ) SOLID_ANGLE_UNIT ( ) );
#5954 = CARTESIAN_POINT ( 'NONE',  ( -5.799999999999996270, 2.400000000000000355, -2.000000000000000000 ) ) ;
#5955 = DIRECTION ( 'NONE',  ( 1.000000000000000000, 1.341711765540131426E-16, 0.000000000000000000 ) ) ;
#5956 = AXIS2_PLACEMENT_3D ( 'NONE', #828, #1663, #1579 ) ;
#5957 = CIRCLE ( 'NONE', #4551, 0.5749999999999982903 ) ;
#5958 = CARTESIAN_POINT ( 'NONE',  ( -6.399999999999998579, -2.034757436496875016, 1.000000000000000000 ) ) ;
#5959 = CARTESIAN_POINT ( 'NONE',  ( -5.799999999999996270, 0.000000000000000000, 6.700000000000000178 ) ) ;
#5960 = DIRECTION ( 'NONE',  ( 0.7071067811865489050, -0.000000000000000000, -0.7071067811865462405 ) ) ;
#5961 = ORIENTED_EDGE ( 'NONE', *, *, #7381, .T. ) ;
#5962 = AXIS2_PLACEMENT_3D ( 'NONE', #3749, #7819, #5434 ) ;
#5963 = EDGE_CURVE ( 'NONE', #4681, #9084, #3040, .T. ) ;
#5964 = LINE ( 'NONE', #3368, #2301 ) ;
#5965 = EDGE_CURVE ( 'NONE', #2048, #1090, #6577, .T. ) ;
#5966 = LINE ( 'NONE', #2964, #5822 ) ;
#5967 = ADVANCED_FACE ( 'NONE', ( #3083 ), #4474, .F. ) ;
#5968 = FACE_OUTER_BOUND ( 'NONE', #7926, .T. ) ;
#5969 = FACE_OUTER_BOUND ( 'NONE', #10622, .T. ) ;
#5970 = ORIENTED_EDGE ( 'NONE', *, *, #712, .T. ) ;
#5971 = DIRECTION ( 'NONE',  ( 0.000000000000000000, -0.000000000000000000, -1.000000000000000000 ) ) ;
#5972 = ORIENTED_EDGE ( 'NONE', *, *, #1120, .F. ) ;
#5973 = EDGE_CURVE ( 'NONE', #1336, #3246, #6544, .T. ) ;
#5974 = FACE_OUTER_BOUND ( 'NONE', #6924, .T. ) ;
#5975 = CARTESIAN_POINT ( 'NONE',  ( -5.049999999999997158, 2.400000000000000355, 3.000000000000000000 ) ) ;
#5976 = EDGE_CURVE ( 'NONE', #6775, #4823, #6563, .T. ) ;
#5977 = DIRECTION ( 'NONE',  ( -0.3420201433256695456, 0.9396926207859082059, 4.162948602181157199E-17 ) ) ;
#5978 = CARTESIAN_POINT ( 'NONE',  ( -5.699999999999996625, 0.09999999999999971412, 4.500000000000000888 ) ) ;
#5979 = CARTESIAN_POINT ( 'NONE',  ( -0.4000000000000001887, -3.099999999999998757, 7.299999999999998934 ) ) ;
#5980 = ORIENTED_EDGE ( 'NONE', *, *, #2672, .T. ) ;
#5981 = CIRCLE ( 'NONE', #6115, 0.2999999999999999334 ) ;
#5982 = DIRECTION ( 'NONE',  ( 0.000000000000000000, 0.000000000000000000, -1.000000000000000000 ) ) ;
#5983 = DIRECTION ( 'NONE',  ( 0.000000000000000000, 0.000000000000000000, 1.000000000000000000 ) ) ;
#5984 = LINE ( 'NONE', #8134, #9405 ) ;
#5985 = DIRECTION ( 'NONE',  ( 1.000000000000000000, 0.000000000000000000, 0.000000000000000000 ) ) ;
#5986 = LINE ( 'NONE', #4205, #9708 ) ;
#5987 = AXIS2_PLACEMENT_3D ( 'NONE', #1559, #3250, #6300 ) ;
#5988 = ORIENTED_EDGE ( 'NONE', *, *, #4373, .F. ) ;
#5989 = VERTEX_POINT ( 'NONE', #5816 ) ;
#5990 = ADVANCED_FACE ( 'NONE', ( #6849 ), #3435, .T. ) ;
#5991 = LINE ( 'NONE', #4749, #9412 ) ;
#5992 = EDGE_CURVE ( 'NONE', #7963, #9077, #6811, .T. ) ;
#5993 = VECTOR ( 'NONE', #8717, 1000.000000000000114 ) ;
#5994 = CARTESIAN_POINT ( 'NONE',  ( -6.399999999999998579, -2.034757436496875016, 1.000000000000000000 ) ) ;
#5995 = DIRECTION ( 'NONE',  ( 1.000000000000000000, 0.000000000000000000, -0.000000000000000000 ) ) ;
#5996 = CARTESIAN_POINT ( 'NONE',  ( -2.542012759203106320, 0.1000000000000001721, 3.000000000000000000 ) ) ;
#5997 = EDGE_CURVE ( 'NONE', #794, #8817, #6466, .T. ) ;
#5998 = ORIENTED_EDGE ( 'NONE', *, *, #7888, .F. ) ;
#5999 = CARTESIAN_POINT ( 'NONE',  ( 2.500000000000000000, -2.299999999999999822, 7.549999999999999822 ) ) ;
#6000 = FACE_OUTER_BOUND ( 'NONE', #7597, .T. ) ;
#6001 = CARTESIAN_POINT ( 'NONE',  ( 0.8000000000000001554, 2.949999999999998845, 7.299999999999998934 ) ) ;
#6002 = LINE ( 'NONE', #8666, #9548 ) ;
#6003 = ORIENTED_EDGE ( 'NONE', *, *, #173, .F. ) ;
#6004 = VERTEX_POINT ( 'NONE', #4306 ) ;
#6005 = ORIENTED_EDGE ( 'NONE', *, *, #2438, .T. ) ;
#6006 = AXIS2_PLACEMENT_3D ( 'NONE', #1148, #6159, #5506 ) ;
#6007 = CARTESIAN_POINT ( 'NONE',  ( 6.236169591142200375, -0.7547152872702095339, 1.000000000000000000 ) ) ;
#6008 =( NAMED_UNIT ( * ) SI_UNIT ( $, .STERADIAN. ) SOLID_ANGLE_UNIT ( ) );
#6009 = VECTOR ( 'NONE', #7192, 1000.000000000000000 ) ;
#6010 = LINE ( 'NONE', #2074, #2492 ) ;
#6011 = EDGE_CURVE ( 'NONE', #8377, #3151, #10090, .T. ) ;
#6012 = EDGE_LOOP ( 'NONE', ( #2728, #6569, #10135, #7631 ) ) ;
#6013 = EDGE_CURVE ( 'NONE', #3030, #9892, #3251, .T. ) ;
#6014 = LINE ( 'NONE', #152, #5861 ) ;
#6015 = DIRECTION ( 'NONE',  ( 1.000000000000000000, 0.000000000000000000, 0.000000000000000000 ) ) ;
#6016 = DIRECTION ( 'NONE',  ( -0.5735764363510492680, -0.8191520442889894671, 0.000000000000000000 ) ) ;
#6017 = CYLINDRICAL_SURFACE ( 'NONE', #2692, 0.2000000000000005107 ) ;
#6018 = VECTOR ( 'NONE', #9276, 1000.000000000000000 ) ;
#6019 = ORIENTED_EDGE ( 'NONE', *, *, #8470, .T. ) ;
#6020 = ORIENTED_EDGE ( 'NONE', *, *, #4490, .T. ) ;
#6021 = DIRECTION ( 'NONE',  ( 0.000000000000000000, 1.000000000000000000, 0.000000000000000000 ) ) ;
#6022 = CARTESIAN_POINT ( 'NONE',  ( 0.000000000000000000, 3.100000000000000089, 3.000000000000000000 ) ) ;
#6023 = CARTESIAN_POINT ( 'NONE',  ( 5.799999999999996270, 0.5000000000000004441, -4.499999999999997335 ) ) ;
#6024 = FILL_AREA_STYLE ('',( #5355 ) ) ;
#6025 = LINE ( 'NONE', #6790, #6080 ) ;
#6026 = DIRECTION ( 'NONE',  ( -1.000000000000000000, -0.000000000000000000, 0.000000000000000000 ) ) ;
#6027 = CARTESIAN_POINT ( 'NONE',  ( 3.880824640740575759, 0.09999999999999990841, 4.500000000000000888 ) ) ;
#6028 = DIRECTION ( 'NONE',  ( 0.000000000000000000, -4.430117370400858162E-17, 1.000000000000000000 ) ) ;
#6029 = PLANE ( 'NONE',  #6211 ) ;
#6030 = ORIENTED_EDGE ( 'NONE', *, *, #5210, .F. ) ;
#6031 = EDGE_CURVE ( 'NONE', #8950, #4364, #6676, .T. ) ;
#6032 = ADVANCED_FACE ( 'NONE', ( #10184 ), #1621, .F. ) ;
#6033 = AXIS2_PLACEMENT_3D ( 'NONE', #3565, #8462, #8249 ) ;
#6034 = CIRCLE ( 'NONE', #5794, 0.04999999999999969746 ) ;
#6035 = ORIENTED_EDGE ( 'NONE', *, *, #8682, .T. ) ;
#6036 = VERTEX_POINT ( 'NONE', #2518 ) ;
#6037 = PLANE ( 'NONE',  #518 ) ;
#6038 = ORIENTED_EDGE ( 'NONE', *, *, #1631, .F. ) ;
#6039 = VECTOR ( 'NONE', #6553, 1000.000000000000000 ) ;
#6040 = CARTESIAN_POINT ( 'NONE',  ( 0.7999999999999999334, 2.650000000000000799, 7.299999999999998934 ) ) ;
#6041 = VERTEX_POINT ( 'NONE', #2452 ) ;
#6042 = DIRECTION ( 'NONE',  ( 0.000000000000000000, -2.460132057943349518E-16, 1.000000000000000000 ) ) ;
#6043 = DIRECTION ( 'NONE',  ( 0.000000000000000000, -4.869470219022244754E-16, 1.000000000000000000 ) ) ;
#6044 = CARTESIAN_POINT ( 'NONE',  ( -3.299999999999999822, 3.249999999999998668, 6.349999999999997868 ) ) ;
#6045 = ORIENTED_EDGE ( 'NONE', *, *, #5218, .F. ) ;
#6046 = DIRECTION ( 'NONE',  ( 0.000000000000000000, -1.000000000000000000, -4.430117370400858162E-17 ) ) ;
#6047 = DIRECTION ( 'NONE',  ( 0.000000000000000000, -0.000000000000000000, -1.000000000000000000 ) ) ;
#6048 = EDGE_CURVE ( 'NONE', #5394, #10562, #10146, .T. ) ;
#6049 = LINE ( 'NONE', #5954, #5714 ) ;
#6050 = DIRECTION ( 'NONE',  ( 0.000000000000000000, 2.017120320903263702E-16, -1.000000000000000000 ) ) ;
#6051 = DIRECTION ( 'NONE',  ( 0.000000000000000000, 0.000000000000000000, -1.000000000000000000 ) ) ;
#6052 = LINE ( 'NONE', #9671, #5734 ) ;
#6053 = ADVANCED_FACE ( 'NONE', ( #10262 ), #3305, .T. ) ;
#6054 = CARTESIAN_POINT ( 'NONE',  ( 0.5164174130422014564, 2.170863245782921780, 7.549999999999999822 ) ) ;
#6055 = AXIS2_PLACEMENT_3D ( 'NONE', #7494, #9828, #10140 ) ;
#6056 = FACE_OUTER_BOUND ( 'NONE', #4403, .T. ) ;
#6057 = ORIENTED_EDGE ( 'NONE', *, *, #6098, .F. ) ;
#6058 = ORIENTED_EDGE ( 'NONE', *, *, #5080, .F. ) ;
#6059 = ORIENTED_EDGE ( 'NONE', *, *, #7358, .T. ) ;
#6060 = EDGE_CURVE ( 'NONE', #1746, #5505, #10282, .T. ) ;
#6061 = CIRCLE ( 'NONE', #8645, 0.5000000000000000000 ) ;
#6062 = CARTESIAN_POINT ( 'NONE',  ( 5.450000000000000178, 5.700000000000000178, 6.400000000000000355 ) ) ;
#6063 = DIRECTION ( 'NONE',  ( -0.000000000000000000, 0.000000000000000000, 1.000000000000000000 ) ) ;
#6064 = CARTESIAN_POINT ( 'NONE',  ( -3.999999999999998224, -3.551475717527321367E-16, -6.700000000000000178 ) ) ;
#6065 = ORIENTED_EDGE ( 'NONE', *, *, #3693, .T. ) ;
#6066 = SURFACE_STYLE_USAGE ( .BOTH. , #272 ) ;
#6067 = AXIS2_PLACEMENT_3D ( 'NONE', #10599, #3545, #5877 ) ;
#6068 = FACE_OUTER_BOUND ( 'NONE', #8285, .T. ) ;
#6069 = DIRECTION ( 'NONE',  ( 0.000000000000000000, -1.000000000000000000, 0.000000000000000000 ) ) ;
#6070 = VECTOR ( 'NONE', #512, 999.9999999999998863 ) ;
#6071 = CIRCLE ( 'NONE', #141, 0.5749999999999999556 ) ;
#6072 = VERTEX_POINT ( 'NONE', #6582 ) ;
#6073 = AXIS2_PLACEMENT_3D ( 'NONE', #4697, #1119, #7781 ) ;
#6074 = ORIENTED_EDGE ( 'NONE', *, *, #10572, .F. ) ;
#6075 = PLANE ( 'NONE',  #3510 ) ;
#6076 =( GEOMETRIC_REPRESENTATION_CONTEXT ( 3 ) GLOBAL_UNCERTAINTY_ASSIGNED_CONTEXT ( ( #7895 ) ) GLOBAL_UNIT_ASSIGNED_CONTEXT ( ( #6156, #7006, #6816 ) ) REPRESENTATION_CONTEXT ( 'NONE', 'WORKASPACE' ) );
#6077 = CARTESIAN_POINT ( 'NONE',  ( -5.799999999999998934, 5.650000000000001243, 5.250000000000000000 ) ) ;
#6078 = ADVANCED_FACE ( 'NONE', ( #6449 ), #10009, .T. ) ;
#6079 = CARTESIAN_POINT ( 'NONE',  ( 6.236169591142200375, -0.7547152872702095339, 1.000000000000000000 ) ) ;
#6080 = VECTOR ( 'NONE', #2768, 1000.000000000000000 ) ;
#6081 = VECTOR ( 'NONE', #1495, 1000.000000000000000 ) ;
#6082 = EDGE_CURVE ( 'NONE', #1064, #2807, #10220, .T. ) ;
#6083 = ORIENTED_EDGE ( 'NONE', *, *, #5746, .F. ) ;
#6084 = DIRECTION ( 'NONE',  ( -0.000000000000000000, -0.000000000000000000, -1.000000000000000000 ) ) ;
#6085 = VECTOR ( 'NONE', #6456, 1000.000000000000000 ) ;
#6086 = AXIS2_PLACEMENT_3D ( 'NONE', #1051, #6626, #2615 ) ;
#6087 = DIRECTION ( 'NONE',  ( 0.000000000000000000, 1.000000000000000000, 0.000000000000000000 ) ) ;
#6088 = LINE ( 'NONE', #7266, #2840 ) ;
#6089 = ORIENTED_EDGE ( 'NONE', *, *, #9767, .T. ) ;
#6090 = ORIENTED_EDGE ( 'NONE', *, *, #34, .T. ) ;
#6091 = DIRECTION ( 'NONE',  ( 0.000000000000000000, 1.000000000000000000, 2.017120320903263702E-16 ) ) ;
#6092 = CARTESIAN_POINT ( 'NONE',  ( -5.499999999999996447, 5.700000000000000178, -6.400000000000000355 ) ) ;
#6093 = DIRECTION ( 'NONE',  ( -1.000000000000000000, -0.000000000000000000, -0.000000000000000000 ) ) ;
#6094 = CARTESIAN_POINT ( 'NONE',  ( 3.880824640740575759, 0.09999999999999990841, -4.499999999999997335 ) ) ;
#6095 = AXIS2_PLACEMENT_3D ( 'NONE', #10613, #3309, #791 ) ;
#6096 = CARTESIAN_POINT ( 'NONE',  ( 5.799999999999996270, 2.400000000000000355, -3.000000000000000000 ) ) ;
#6097 = CARTESIAN_POINT ( 'NONE',  ( 5.450000000000000178, 5.700000000000000178, 6.700000000000000178 ) ) ;
#6098 = EDGE_CURVE ( 'NONE', #394, #640, #6697, .T. ) ;
#6099 = CARTESIAN_POINT ( 'NONE',  ( -5.750000000000000000, 5.700000000000000178, -6.400000000000000355 ) ) ;
#6100 = VERTEX_POINT ( 'NONE', #3996 ) ;
#6101 = EDGE_CURVE ( 'NONE', #10156, #6703, #6596, .T. ) ;
#6102 = LINE ( 'NONE', #7482, #9627 ) ;
#6103 = EDGE_CURVE ( 'NONE', #3026, #1746, #2910, .T. ) ;
#6104 = ORIENTED_EDGE ( 'NONE', *, *, #3461, .T. ) ;
#6105 = CARTESIAN_POINT ( 'NONE',  ( -2.500000000000000000, -3.099999999999997424, -7.050000000000002487 ) ) ;
#6106 = FACE_OUTER_BOUND ( 'NONE', #7182, .T. ) ;
#6107 = CARTESIAN_POINT ( 'NONE',  ( 5.049999999999997158, 1.000000000000000000, 4.500000000000000888 ) ) ;
#6108 = ORIENTED_EDGE ( 'NONE', *, *, #2255, .F. ) ;
#6109 = CARTESIAN_POINT ( 'NONE',  ( 3.880824640740575759, 0.4999999999999998890, -4.499999999999997335 ) ) ;
#6110 = CARTESIAN_POINT ( 'NONE',  ( -5.049999999999997158, 4.986986664055304885, 5.000000000000000888 ) ) ;
#6111 = DIRECTION ( 'NONE',  ( 0.000000000000000000, 1.000000000000000000, 0.000000000000000000 ) ) ;
#6112 = VERTEX_POINT ( 'NONE', #9954 ) ;
#6113 = ORIENTED_EDGE ( 'NONE', *, *, #8663, .T. ) ;
#6114 = CARTESIAN_POINT ( 'NONE',  ( 3.850000000000000089, 4.986986664055304885, 5.850000000000000533 ) ) ;
#6115 = AXIS2_PLACEMENT_3D ( 'NONE', #6949, #4372, #1358 ) ;
#6116 = ADVANCED_FACE ( 'NONE', ( #3138 ), #960, .F. ) ;
#6117 = PLANE ( 'NONE',  #3337 ) ;
#6118 = CARTESIAN_POINT ( 'NONE',  ( -5.750000000000000000, 5.700000000000000178, 6.400000000000000355 ) ) ;
#6119 = CARTESIAN_POINT ( 'NONE',  ( 1.700000000000000178, 2.650000000000000799, 7.249999999999999112 ) ) ;
#6120 = DIRECTION ( 'NONE',  ( 0.000000000000000000, 1.000000000000000000, 2.017120320903263702E-16 ) ) ;
#6121 = VERTEX_POINT ( 'NONE', #6044 ) ;
#6122 = EDGE_CURVE ( 'NONE', #7564, #6281, #6717, .T. ) ;
#6123 = CIRCLE ( 'NONE', #3638, 3.000000000000000000 ) ;
#6124 = CARTESIAN_POINT ( 'NONE',  ( -2.500000000000000000, -2.350000000000000089, 7.549999999999998046 ) ) ;
#6125 = CARTESIAN_POINT ( 'NONE',  ( -5.908508773426603966, -0.9841458618106281309, 1.000000000000000000 ) ) ;
#6126 = CARTESIAN_POINT ( 'NONE',  ( -2.449999999999998845, 0.1000000000000017542, -7.200000000000000178 ) ) ;
#6127 = VERTEX_POINT ( 'NONE', #5013 ) ;
#6128 = CARTESIAN_POINT ( 'NONE',  ( -0.05000000000000012768, -2.299999999999999822, 7.549999999999998046 ) ) ;
#6129 = VECTOR ( 'NONE', #8027, 1000.000000000000000 ) ;
#6130 = AXIS2_PLACEMENT_3D ( 'NONE', #4252, #8534, #3697 ) ;
#6131 = CARTESIAN_POINT ( 'NONE',  ( -2.100000000000000089, 2.504411906293519507, 7.549999999999999822 ) ) ;
#6132 = CYLINDRICAL_SURFACE ( 'NONE', #7704, 0.1499999999999999667 ) ;
#6133 = ADVANCED_FACE ( 'NONE', ( #3179 ), #1950, .F. ) ;
#6134 = CIRCLE ( 'NONE', #6870, 0.04999999999999883010 ) ;
#6135 = EDGE_CURVE ( 'NONE', #6481, #266, #10352, .T. ) ;
#6136 = ORIENTED_EDGE ( 'NONE', *, *, #7136, .T. ) ;
#6137 = CARTESIAN_POINT ( 'NONE',  ( -6.563830408857795895, -1.920042149226665718, -1.000000000000000000 ) ) ;
#6138 = VERTEX_POINT ( 'NONE', #5979 ) ;
#6139 = CARTESIAN_POINT ( 'NONE',  ( -5.799999999999996270, 2.100000000000000089, -1.000000000000000000 ) ) ;
#6140 = CARTESIAN_POINT ( 'NONE',  ( 5.049999999999997158, 1.000000000000000000, -4.999999999999997335 ) ) ;
#6141 = LINE ( 'NONE', #2917, #6303 ) ;
#6142 = EDGE_CURVE ( 'NONE', #4984, #556, #2927, .T. ) ;
#6143 = VERTEX_POINT ( 'NONE', #9877 ) ;
#6144 = CARTESIAN_POINT ( 'NONE',  ( 0.000000000000000000, 0.09999999999999971412, -3.000000000000000444 ) ) ;
#6145 = LINE ( 'NONE', #7243, #9754 ) ;
#6146 = CARTESIAN_POINT ( 'NONE',  ( 6.399999999999998579, -2.034757436496875016, 1.000000000000000000 ) ) ;
#6147 = VECTOR ( 'NONE', #905, 1000.000000000000000 ) ;
#6148 = VECTOR ( 'NONE', #8743, 1000.000000000000000 ) ;
#6149 = VERTEX_POINT ( 'NONE', #7689 ) ;
#6150 = ORIENTED_EDGE ( 'NONE', *, *, #5973, .F. ) ;
#6151 = CARTESIAN_POINT ( 'NONE',  ( -1.699999999999999956, 0.8500000000000000888, -5.850000000000000533 ) ) ;
#6152 = DIRECTION ( 'NONE',  ( 0.000000000000000000, 0.000000000000000000, 1.000000000000000000 ) ) ;
#6153 = CARTESIAN_POINT ( 'NONE',  ( 3.016417413042201456, 0.02086324578292339874, -7.050000000000001599 ) ) ;
#6154 = EDGE_CURVE ( 'NONE', #5700, #991, #2943, .T. ) ;
#6155 = ORIENTED_EDGE ( 'NONE', *, *, #7347, .T. ) ;
#6156 =( LENGTH_UNIT ( ) NAMED_UNIT ( * ) SI_UNIT ( .MILLI., .METRE. ) );
#6157 = ADVANCED_FACE ( 'NONE', ( #3267 ), #3519, .F. ) ;
#6158 = LINE ( 'NONE', #9897, #9965 ) ;
#6159 = DIRECTION ( 'NONE',  ( 0.000000000000000000, 0.000000000000000000, -1.000000000000000000 ) ) ;
#6160 = LINE ( 'NONE', #3327, #9700 ) ;
#6161 = DIRECTION ( 'NONE',  ( 0.000000000000000000, -1.000000000000000000, -4.430117370400858162E-17 ) ) ;
#6162 = AXIS2_PLACEMENT_3D ( 'NONE', #4378, #7817, #7742 ) ;
#6163 = CARTESIAN_POINT ( 'NONE',  ( 5.049999999999997158, 0.1000000000000001721, 2.000000000000000000 ) ) ;
#6164 = CARTESIAN_POINT ( 'NONE',  ( 0.000000000000000000, 2.100000000000000089, 1.599999999999999867 ) ) ;
#6165 = ORIENTED_EDGE ( 'NONE', *, *, #309, .T. ) ;
#6166 = FACE_OUTER_BOUND ( 'NONE', #10081, .T. ) ;
#6167 = ORIENTED_EDGE ( 'NONE', *, *, #1692, .F. ) ;
#6168 = CARTESIAN_POINT ( 'NONE',  ( 2.500000000000000000, -2.499999999999998224, -7.050000000000002487 ) ) ;
#6169 = DIRECTION ( 'NONE',  ( 1.000000000000000000, 0.000000000000000000, -0.000000000000000000 ) ) ;
#6170 = ORIENTED_EDGE ( 'NONE', *, *, #6345, .T. ) ;
#6171 = FACE_OUTER_BOUND ( 'NONE', #2061, .T. ) ;
#6172 = VECTOR ( 'NONE', #10158, 1000.000000000000000 ) ;
#6173 = CARTESIAN_POINT ( 'NONE',  ( 2.542012759203106320, 2.400000000000000355, 3.000000000000000000 ) ) ;
#6174 = DIRECTION ( 'NONE',  ( 0.000000000000000000, -0.000000000000000000, -1.000000000000000000 ) ) ;
#6175 = AXIS2_PLACEMENT_3D ( 'NONE', #3536, #915, #842 ) ;
#6176 = ORIENTED_EDGE ( 'NONE', *, *, #7033, .F. ) ;
#6177 = DIRECTION ( 'NONE',  ( 0.000000000000000000, 1.000000000000000000, 0.000000000000000000 ) ) ;
#6178 = VECTOR ( 'NONE', #393, 1000.000000000000000 ) ;
#6179 = EDGE_CURVE ( 'NONE', #10043, #6443, #6757, .T. ) ;
#6180 = CARTESIAN_POINT ( 'NONE',  ( 3.299999999999999822, 1.099999999999998535, 6.349999999999997868 ) ) ;
#6181 = CARTESIAN_POINT ( 'NONE',  ( -5.799999999999996270, 1.000000000000000000, 6.400000000000000355 ) ) ;
#6182 = DIRECTION ( 'NONE',  ( 0.000000000000000000, 0.000000000000000000, 1.000000000000000000 ) ) ;
#6184 = EDGE_LOOP ( 'NONE', ( #3810, #9390, #9447, #457 ) ) ;
#6183 = ORIENTED_EDGE ( 'NONE', *, *, #9090, .T. ) ;
#6185 = VERTEX_POINT ( 'NONE', #1806 ) ;
#6186 = VERTEX_POINT ( 'NONE', #6778 ) ;
#6187 = VECTOR ( 'NONE', #7414, 1000.000000000000000 ) ;
#6188 = DIRECTION ( 'NONE',  ( -1.000000000000000000, 1.224646799147353207E-16, 5.425329057508500610E-33 ) ) ;
#6189 = CARTESIAN_POINT ( 'NONE',  ( -5.799999999999997158, 3.100000000000000089, 4.500000000000000888 ) ) ;
#6190 = DIRECTION ( 'NONE',  ( 0.000000000000000000, 0.000000000000000000, -1.000000000000000000 ) ) ;
#6191 = ORIENTED_EDGE ( 'NONE', *, *, #1097, .T. ) ;
#6192 = CARTESIAN_POINT ( 'NONE',  ( 6.200000000000000178, 2.100000000000000089, -1.599999999999999867 ) ) ;
#6193 = ADVANCED_FACE ( 'NONE', ( #6779 ), #262, .T. ) ;
#6194 = AXIS2_PLACEMENT_3D ( 'NONE', #5921, #7331, #1662 ) ;
#6195 = CYLINDRICAL_SURFACE ( 'NONE', #1624, 0.2000000000000005107 ) ;
#6196 = CARTESIAN_POINT ( 'NONE',  ( 5.799999999999996270, 0.5000000000000002220, -4.499999999999997335 ) ) ;
#6197 = EDGE_CURVE ( 'NONE', #7089, #2538, #10297, .T. ) ;
#6198 = VECTOR ( 'NONE', #4039, 1000.000000000000000 ) ;
#6199 = VERTEX_POINT ( 'NONE', #189 ) ;
#6200 = CARTESIAN_POINT ( 'NONE',  ( 2.299999999999999822, -2.299999999999998046, -7.050000000000002487 ) ) ;
#6201 = EDGE_CURVE ( 'NONE', #10171, #10232, #3218, .T. ) ;
#6202 = VERTEX_POINT ( 'NONE', #3397 ) ;
#6203 = DIRECTION ( 'NONE',  ( 1.535153518563546084E-16, 1.000000000000000000, -1.445602896647339163E-16 ) ) ;
#6204 = FACE_OUTER_BOUND ( 'NONE', #7748, .T. ) ;
#6205 = LINE ( 'NONE', #6950, #9747 ) ;
#6206 = EDGE_CURVE ( 'NONE', #7437, #5951, #3232, .T. ) ;
#6207 = ORIENTED_EDGE ( 'NONE', *, *, #1115, .T. ) ;
#6208 = CARTESIAN_POINT ( 'NONE',  ( 5.750000000000000000, 5.700000000000000178, 6.700000000000000178 ) ) ;
#6209 = FACE_OUTER_BOUND ( 'NONE', #3784, .T. ) ;
#6210 = CARTESIAN_POINT ( 'NONE',  ( -2.900000000000000355, 2.504411906293519507, 7.549999999999999822 ) ) ;
#6211 = AXIS2_PLACEMENT_3D ( 'NONE', #6892, #7669, #7125 ) ;
#6212 = EDGE_CURVE ( 'NONE', #7963, #1817, #10051, .T. ) ;
#6213 = LINE ( 'NONE', #9898, #6147 ) ;
#6214 = ADVANCED_FACE ( 'NONE', ( #6525 ), #7087, .T. ) ;
#6215 = FACE_OUTER_BOUND ( 'NONE', #7587, .T. ) ;
#6216 = DIRECTION ( 'NONE',  ( 1.000000000000000000, 0.000000000000000000, -0.000000000000000000 ) ) ;
#6217 = ORIENTED_EDGE ( 'NONE', *, *, #5917, .T. ) ;
#6218 = EDGE_CURVE ( 'NONE', #4374, #10422, #3437, .T. ) ;
#6219 = ORIENTED_EDGE ( 'NONE', *, *, #4624, .T. ) ;
#6220 = PLANE ( 'NONE',  #4264 ) ;
#6221 = CARTESIAN_POINT ( 'NONE',  ( 4.549999999999997158, 4.986986664055304885, 5.850000000000000533 ) ) ;
#6222 = DIRECTION ( 'NONE',  ( -0.9396926207859082059, 0.3420201433256695456, 6.898957812604546493E-17 ) ) ;
#6223 = ORIENTED_EDGE ( 'NONE', *, *, #6832, .F. ) ;
#6224 = DIRECTION ( 'NONE',  ( 0.000000000000000000, 0.000000000000000000, 1.000000000000000000 ) ) ;
#6225 = VECTOR ( 'NONE', #8293, 1000.000000000000000 ) ;
#6226 = PLANE ( 'NONE',  #6006 ) ;
#6227 = EDGE_CURVE ( 'NONE', #3257, #7545, #7054, .T. ) ;
#6228 = PLANE ( 'NONE',  #5029 ) ;
#6229 = CARTESIAN_POINT ( 'NONE',  ( 3.849999999999999201, 2.399999999999999467, 6.700000000000000178 ) ) ;
#6230 = EDGE_CURVE ( 'NONE', #6347, #6149, #3403, .T. ) ;
#6231 = ORIENTED_EDGE ( 'NONE', *, *, #9848, .T. ) ;
#6232 = DIRECTION ( 'NONE',  ( -0.000000000000000000, 4.430117370400858162E-17, -1.000000000000000000 ) ) ;
#6233 = FACE_OUTER_BOUND ( 'NONE', #10075, .T. ) ;
#6234 = LINE ( 'NONE', #7972, #9776 ) ;
#6235 = VECTOR ( 'NONE', #1360, 1000.000000000000000 ) ;
#6236 = FACE_OUTER_BOUND ( 'NONE', #4716, .T. ) ;
#6237 = ORIENTED_EDGE ( 'NONE', *, *, #8173, .T. ) ;
#6238 = CARTESIAN_POINT ( 'NONE',  ( -3.850000000000000089, 2.400000000000000355, -6.700000000000000178 ) ) ;
#6239 = DIRECTION ( 'NONE',  ( 0.000000000000000000, -4.430117370400858162E-17, 1.000000000000000000 ) ) ;
#6240 = ORIENTED_EDGE ( 'NONE', *, *, #354, .T. ) ;
#6241 = AXIS2_PLACEMENT_3D ( 'NONE', #4684, #697, #7833 ) ;
#6242 = ADVANCED_FACE ( 'NONE', ( #10430 ), #9020, .F. ) ;
#6244 = PLANE ( 'NONE',  #5454 ) ;
#6243 = CYLINDRICAL_SURFACE ( 'NONE', #1206, 0.04999999999999969746 ) ;
#6245 = CARTESIAN_POINT ( 'NONE',  ( -3.850000000000000089, 1.000000000000000000, -6.700000000000000178 ) ) ;
#6246 = VERTEX_POINT ( 'NONE', #4109 ) ;
#6247 = CARTESIAN_POINT ( 'NONE',  ( 2.542012759203106320, 0.1000000000000001721, 3.000000000000000000 ) ) ;
#6248 = DIRECTION ( 'NONE',  ( -0.5735764363510473807, -0.8191520442889910214, 0.000000000000000000 ) ) ;
#6249 = VECTOR ( 'NONE', #1175, 1000.000000000000000 ) ;
#6250 = ORIENTED_EDGE ( 'NONE', *, *, #569, .F. ) ;
#6251 = DIRECTION ( 'NONE',  ( 1.341711765540131426E-16, 1.000000000000000000, -0.000000000000000000 ) ) ;
#6252 = EDGE_CURVE ( 'NONE', #4903, #4742, #10602, .T. ) ;
#6253 = FACE_OUTER_BOUND ( 'NONE', #7623, .T. ) ;
#6254 = DIRECTION ( 'NONE',  ( -1.000000000000000000, 1.341711765540131426E-16, 0.000000000000000000 ) ) ;
#6255 = FACE_OUTER_BOUND ( 'NONE', #8724, .T. ) ;
#6256 = CARTESIAN_POINT ( 'NONE',  ( 2.900000000000000355, 0.3544119062935215392, -7.050000000000001599 ) ) ;
#6257 = FACE_OUTER_BOUND ( 'NONE', #2586, .T. ) ;
#6258 = TOROIDAL_SURFACE ( 'NONE', #5807, 0.05000000000000010686, 0.1499999999999999944 ) ;
#6259 = LINE ( 'NONE', #666, #9800 ) ;
#6260 = ORIENTED_EDGE ( 'NONE', *, *, #2890, .T. ) ;
#6261 = VECTOR ( 'NONE', #7153, 1000.000000000000000 ) ;
#6262 = ORIENTED_EDGE ( 'NONE', *, *, #4110, .F. ) ;
#6263 = AXIS2_PLACEMENT_3D ( 'NONE', #8319, #7313, #4727 ) ;
#6264 = ORIENTED_EDGE ( 'NONE', *, *, #7800, .F. ) ;
#6265 = ORIENTED_EDGE ( 'NONE', *, *, #3689, .F. ) ;
#6266 = ADVANCED_FACE ( 'NONE', ( #13 ), #27, .T. ) ;
#6267 = CARTESIAN_POINT ( 'NONE',  ( 0.000000000000000000, 2.100000000000000089, 1.000000000000000000 ) ) ;
#6268 = DIRECTION ( 'NONE',  ( 0.000000000000000000, 0.000000000000000000, 1.000000000000000000 ) ) ;
#6269 = ORIENTED_EDGE ( 'NONE', *, *, #5944, .F. ) ;
#6270 = EDGE_CURVE ( 'NONE', #7368, #1555, #10530, .T. ) ;
#6271 = DIRECTION ( 'NONE',  ( 0.7660444431189813441, -0.6427876096865353661, 0.000000000000000000 ) ) ;
#6272 = PRESENTATION_STYLE_ASSIGNMENT (( #2406 ) ) ;
#6273 = EDGE_CURVE ( 'NONE', #8016, #10102, #3390, .T. ) ;
#6274 = DIRECTION ( 'NONE',  ( 1.000000000000000000, 0.000000000000000000, 0.000000000000000000 ) ) ;
#6275 = TOROIDAL_SURFACE ( 'NONE', #1177, 0.05000000000000010686, 0.1499999999999999944 ) ;
#6276 = FACE_OUTER_BOUND ( 'NONE', #8262, .T. ) ;
#6277 = LINE ( 'NONE', #7316, #6235 ) ;
#6278 = LINE ( 'NONE', #2144, #9921 ) ;
#6279 = ORIENTED_EDGE ( 'NONE', *, *, #1385, .T. ) ;
#6280 = DIRECTION ( 'NONE',  ( 1.000000000000000000, -0.000000000000000000, -0.000000000000000000 ) ) ;
#6281 = VERTEX_POINT ( 'NONE', #3579 ) ;
#6282 = DIRECTION ( 'NONE',  ( 0.000000000000000000, 0.000000000000000000, 1.000000000000000000 ) ) ;
#6283 = CARTESIAN_POINT ( 'NONE',  ( 2.598076211353317344, 30.00000000000000000, 1.000000000000000888 ) ) ;
#6284 = FACE_OUTER_BOUND ( 'NONE', #4141, .T. ) ;
#6285 = EDGE_LOOP ( 'NONE', ( #2770, #9866, #10235, #761, #6551 ) ) ;
#6286 = ORIENTED_EDGE ( 'NONE', *, *, #4066, .T. ) ;
#6287 = ORIENTED_EDGE ( 'NONE', *, *, #6349, .F. ) ;
#6288 = DIRECTION ( 'NONE',  ( -1.000000000000000000, 0.000000000000000000, 0.000000000000000000 ) ) ;
#6289 = EDGE_CURVE ( 'NONE', #2063, #3254, #3586, .T. ) ;
#6290 = CARTESIAN_POINT ( 'NONE',  ( 0.000000000000000000, -3.099999999999999201, 7.549999999999999822 ) ) ;
#6291 = LINE ( 'NONE', #8328, #2892 ) ;
#6292 = LINE ( 'NONE', #3706, #9838 ) ;
#6293 = VECTOR ( 'NONE', #4415, 1000.000000000000000 ) ;
#6294 = AXIS2_PLACEMENT_3D ( 'NONE', #7102, #2321, #420 ) ;
#6295 = FACE_OUTER_BOUND ( 'NONE', #4538, .T. ) ;
#6296 = DIRECTION ( 'NONE',  ( 1.000000000000000000, 0.000000000000000000, 0.000000000000000000 ) ) ;
#6297 = ORIENTED_EDGE ( 'NONE', *, *, #2023, .F. ) ;
#6298 = DIRECTION ( 'NONE',  ( -3.614007241618348278E-16, -1.000000000000000000, -2.017120320903263702E-16 ) ) ;
#6299 = DIRECTION ( 'NONE',  ( -0.000000000000000000, 0.000000000000000000, -1.000000000000000000 ) ) ;
#6300 = DIRECTION ( 'NONE',  ( 0.000000000000000000, 0.000000000000000000, 1.000000000000000000 ) ) ;
#6301 = EDGE_LOOP ( 'NONE', ( #4255, #1702, #653, #315, #3872, #7672, #8719, #6108 ) ) ;
#6302 = DIRECTION ( 'NONE',  ( 1.000000000000000000, 0.000000000000000000, 0.000000000000000000 ) ) ;
#6303 = VECTOR ( 'NONE', #6574, 1000.000000000000000 ) ;
#6304 = DIRECTION ( 'NONE',  ( -3.614007241618348278E-16, -1.000000000000000000, -3.614007241618348278E-16 ) ) ;
#6305 = VERTEX_POINT ( 'NONE', #5245 ) ;
#6306 = EDGE_LOOP ( 'NONE', ( #7921, #3795, #10228, #770 ) ) ;
#6307 = CARTESIAN_POINT ( 'NONE',  ( 1.734723475976807094E-15, -3.903127820947746543E-14, -4.500000000000000000 ) ) ;
#6308 = ORIENTED_EDGE ( 'NONE', *, *, #7971, .F. ) ;
#6309 = AXIS2_PLACEMENT_3D ( 'NONE', #2016, #3624, #6830 ) ;
#6310 = DIRECTION ( 'NONE',  ( 0.000000000000000000, 1.000000000000000000, 0.000000000000000000 ) ) ;
#6311 = VECTOR ( 'NONE', #2606, 1000.000000000000000 ) ;
#6312 = LINE ( 'NONE', #4272, #6198 ) ;
#6313 = ADVANCED_FACE ( 'NONE', ( #10615 ), #816, .T. ) ;
#6314 = VECTOR ( 'NONE', #9874, 1000.000000000000000 ) ;
#6315 = VERTEX_POINT ( 'NONE', #10407 ) ;
#6316 = ORIENTED_EDGE ( 'NONE', *, *, #4540, .F. ) ;
#6317 = DIRECTION ( 'NONE',  ( 1.000000000000000000, 0.000000000000000000, 0.000000000000000000 ) ) ;
#6318 = PRESENTATION_LAYER_ASSIGNMENT (  '', '', ( #28 ) ) ;
#6319 = DIRECTION ( 'NONE',  ( -1.000000000000000000, 0.000000000000000000, 0.000000000000000000 ) ) ;
#6320 = ORIENTED_EDGE ( 'NONE', *, *, #5965, .F. ) ;
#6322 = DIRECTION ( 'NONE',  ( -0.000000000000000000, -1.000000000000000000, -0.000000000000000000 ) ) ;
#6321 = VECTOR ( 'NONE', #2250, 999.9999999999998863 ) ;
#6323 = ORIENTED_EDGE ( 'NONE', *, *, #6492, .T. ) ;
#6324 = PLANE ( 'NONE',  #9379 ) ;
#6325 = EDGE_CURVE ( 'NONE', #4842, #6315, #10467, .T. ) ;
#6326 = VERTEX_POINT ( 'NONE', #1316 ) ;
#6327 = DIRECTION ( 'NONE',  ( 0.000000000000000000, 0.000000000000000000, 1.000000000000000000 ) ) ;
#6328 = CARTESIAN_POINT ( 'NONE',  ( -2.900000000000000355, 0.3544119062935187636, 6.700000000000000178 ) ) ;
#6329 = ORIENTED_EDGE ( 'NONE', *, *, #9992, .F. ) ;
#6330 = CARTESIAN_POINT ( 'NONE',  ( 0.000000000000000000, 0.000000000000000000, 0.000000000000000000 ) ) ;
#6331 = LINE ( 'NONE', #4657, #9612 ) ;
#6332 = AXIS2_PLACEMENT_3D ( 'NONE', #5053, #6653, #92 ) ;
#6333 = CARTESIAN_POINT ( 'NONE',  ( 5.049999999999997158, 2.128355624055937206E-16, -6.700000000000000178 ) ) ;
#6334 = LINE ( 'NONE', #674, #9880 ) ;
#6335 = LINE ( 'NONE', #6181, #9881 ) ;
#6336 = PLANE ( 'NONE',  #9513 ) ;
#6337 = COLOUR_RGB ( '',0.2509803921568627416, 0.2509803921568627416, 0.2509803921568627416 ) ;
#6338 = DIRECTION ( 'NONE',  ( -0.000000000000000000, -0.000000000000000000, 1.000000000000000000 ) ) ;
#6339 = FACE_OUTER_BOUND ( 'NONE', #2121, .T. ) ;
#6340 = EDGE_LOOP ( 'NONE', ( #3734, #5776, #3362, #8276, #7836, #9173 ) ) ;
#6341 = VERTEX_POINT ( 'NONE', #2034 ) ;
#6342 = ADVANCED_FACE ( 'NONE', ( #3373 ), #3914, .F. ) ;
#6343 = LINE ( 'NONE', #5614, #9804 ) ;
#6344 = AXIS2_PLACEMENT_3D ( 'NONE', #5541, #1968, #6348 ) ;
#6345 = EDGE_CURVE ( 'NONE', #10043, #6493, #10494, .T. ) ;
#6346 = ORIENTED_EDGE ( 'NONE', *, *, #5005, .T. ) ;
#6347 = VERTEX_POINT ( 'NONE', #7206 ) ;
#6348 = DIRECTION ( 'NONE',  ( 0.000000000000000000, 1.000000000000000000, 0.000000000000000000 ) ) ;
#6349 = EDGE_CURVE ( 'NONE', #9104, #4612, #3423, .T. ) ;
#6350 = CARTESIAN_POINT ( 'NONE',  ( -5.450000000000000178, 5.700000000000000178, -6.400000000000000355 ) ) ;
#6351 = VERTEX_POINT ( 'NONE', #4556 ) ;
#6352 = CARTESIAN_POINT ( 'NONE',  ( -0.7999999999999999334, 2.650000000000000799, 7.299999999999998934 ) ) ;
#6353 = EDGE_CURVE ( 'NONE', #2094, #1573, #10514, .T. ) ;
#6354 = LINE ( 'NONE', #7177, #6129 ) ;
#6355 = DIRECTION ( 'NONE',  ( 0.000000000000000000, 0.000000000000000000, 1.000000000000000000 ) ) ;
#6356 = LINE ( 'NONE', #4807, #9902 ) ;
#6357 = LINE ( 'NONE', #3641, #2820 ) ;
#6358 = LINE ( 'NONE', #5323, #2744 ) ;
#6359 = EDGE_CURVE ( 'NONE', #1530, #1171, #3326, .T. ) ;
#6360 = VECTOR ( 'NONE', #3014, 1000.000000000000000 ) ;
#6361 = ORIENTED_EDGE ( 'NONE', *, *, #2132, .T. ) ;
#6362 = DIRECTION ( 'NONE',  ( -1.000000000000000000, 0.000000000000000000, 0.000000000000000000 ) ) ;
#6363 = ORIENTED_EDGE ( 'NONE', *, *, #727, .T. ) ;
#6364 = DIRECTION ( 'NONE',  ( 0.000000000000000000, -2.017120320903263702E-16, 1.000000000000000000 ) ) ;
#6365 = LINE ( 'NONE', #3989, #9924 ) ;
#6366 = VERTEX_POINT ( 'NONE', #2303 ) ;
#6367 = VERTEX_POINT ( 'NONE', #10472 ) ;
#6368 = ADVANCED_FACE ( 'NONE', ( #79 ), #1454, .F. ) ;
#6369 = ORIENTED_EDGE ( 'NONE', *, *, #3573, .F. ) ;
#6370 = AXIS2_PLACEMENT_3D ( 'NONE', #5459, #2240, #3848 ) ;
#6371 = CARTESIAN_POINT ( 'NONE',  ( 0.000000000000000000, 0.09999999999999971412, 3.000000000000000444 ) ) ;
#6372 = CARTESIAN_POINT ( 'NONE',  ( 4.250000000000000000, 6.700000000000000178, -5.099999999999999645 ) ) ;
#6373 = EDGE_CURVE ( 'NONE', #6964, #6766, #6931, .T. ) ;
#6374 = LINE ( 'NONE', #968, #9918 ) ;
#6375 = CIRCLE ( 'NONE', #678, 0.04999999999999969746 ) ;
#6376 = DIRECTION ( 'NONE',  ( 0.000000000000000000, 0.000000000000000000, 1.000000000000000000 ) ) ;
#6377 = ORIENTED_EDGE ( 'NONE', *, *, #9340, .F. ) ;
#6378 = VERTEX_POINT ( 'NONE', #1248 ) ;
#6379 = EDGE_CURVE ( 'NONE', #39, #10104, #7069, .T. ) ;
#6380 = CARTESIAN_POINT ( 'NONE',  ( -1.603581858547019623, 2.685093333532154070, 7.549999999999999822 ) ) ;
#6381 = CARTESIAN_POINT ( 'NONE',  ( -1.530808498934191817E-17, -2.350000000000000089, 7.699999999999997513 ) ) ;
#6382 = DIRECTION ( 'NONE',  ( 0.000000000000000000, 1.000000000000000000, 0.000000000000000000 ) ) ;
#6383 = ORIENTED_EDGE ( 'NONE', *, *, #765, .T. ) ;
#6384 = DIRECTION ( 'NONE',  ( 0.000000000000000000, 1.000000000000000000, 4.430117370400858162E-17 ) ) ;
#6385 = LINE ( 'NONE', #1892, #6187 ) ;
#6386 = CARTESIAN_POINT ( 'NONE',  ( -5.750000000000000000, 6.100000000000000533, 6.700000000000000178 ) ) ;
#6387 = ORIENTED_EDGE ( 'NONE', *, *, #6639, .F. ) ;
#6388 = ORIENTED_EDGE ( 'NONE', *, *, #6828, .F. ) ;
#6389 = CARTESIAN_POINT ( 'NONE',  ( 5.799999999999996270, 0.5000000000000002220, -4.499999999999997335 ) ) ;
#6390 = LINE ( 'NONE', #6119, #4182 ) ;
#6391 = DIRECTION ( 'NONE',  ( 0.8191520442889909104, 0.5735764363510473807, 0.000000000000000000 ) ) ;
#6392 = VERTEX_POINT ( 'NONE', #2834 ) ;
#6393 = ADVANCED_FACE ( 'NONE', ( #10483 ), #3644, .F. ) ;
#6394 = DIRECTION ( 'NONE',  ( 0.000000000000000000, -0.000000000000000000, -1.000000000000000000 ) ) ;
#6395 = SURFACE_STYLE_FILL_AREA ( #8103 ) ;
#6396 = AXIS2_PLACEMENT_3D ( 'NONE', #4397, #3570, #2100 ) ;
#6397 = FACE_OUTER_BOUND ( 'NONE', #5328, .T. ) ;
#6398 = FACE_OUTER_BOUND ( 'NONE', #3704, .T. ) ;
#6399 = FACE_OUTER_BOUND ( 'NONE', #3790, .T. ) ;
#6400 = EDGE_CURVE ( 'NONE', #8989, #6100, #7146, .T. ) ;
#6401 = FACE_OUTER_BOUND ( 'NONE', #1935, .T. ) ;
#6402 = ORIENTED_EDGE ( 'NONE', *, *, #3086, .F. ) ;
#6403 = CARTESIAN_POINT ( 'NONE',  ( 5.699999999999996625, 0.09999999999999971412, -4.500000000000000888 ) ) ;
#6404 = CARTESIAN_POINT ( 'NONE',  ( 2.900000000000000355, 2.504411906293519507, 7.549999999999999822 ) ) ;
#6405 = ORIENTED_EDGE ( 'NONE', *, *, #9823, .T. ) ;
#6407 = DIRECTION ( 'NONE',  ( 0.7071067811865493491, 0.000000000000000000, -0.7071067811865456854 ) ) ;
#6406 = LINE ( 'NONE', #10481, #6261 ) ;
#6408 = EDGE_CURVE ( 'NONE', #870, #3782, #7099, .T. ) ;
#6409 = EDGE_LOOP ( 'NONE', ( #7575, #110, #1047, #7700 ) ) ;
#6410 = CARTESIAN_POINT ( 'NONE',  ( -3.880824640740575759, 0.4999999999999998890, -3.000000000000000000 ) ) ;
#6411 = EDGE_LOOP ( 'NONE', ( #1210, #7741, #7305, #3296 ) ) ;
#6412 = PLANE ( 'NONE',  #4917 ) ;
#6413 = CARTESIAN_POINT ( 'NONE',  ( -5.799999999999996270, 0.000000000000000000, 6.700000000000000178 ) ) ;
#6414 = ORIENTED_EDGE ( 'NONE', *, *, #3783, .F. ) ;
#6415 = DIRECTION ( 'NONE',  ( 0.000000000000000000, 1.000000000000000000, 0.000000000000000000 ) ) ;
#6416 = FACE_OUTER_BOUND ( 'NONE', #9022, .T. ) ;
#6417 = LINE ( 'NONE', #9169, #2856 ) ;
#6418 = AXIS2_PLACEMENT_3D ( 'NONE', #8556, #10200, #7786 ) ;
#6419 = DIRECTION ( 'NONE',  ( 0.000000000000000000, 2.460132057943349518E-16, -1.000000000000000000 ) ) ;
#6420 = ADVANCED_FACE ( 'NONE', ( #10546 ), #7128, .T. ) ;
#6421 = DIRECTION ( 'NONE',  ( -0.000000000000000000, -0.000000000000000000, -1.000000000000000000 ) ) ;
#6422 = FACE_OUTER_BOUND ( 'NONE', #8502, .T. ) ;
#6423 = ORIENTED_EDGE ( 'NONE', *, *, #1814, .F. ) ;
#6424 = ORIENTED_EDGE ( 'NONE', *, *, #3446, .F. ) ;
#6425 = EDGE_CURVE ( 'NONE', #912, #5394, #3465, .T. ) ;
#6426 = ORIENTED_EDGE ( 'NONE', *, *, #7017, .T. ) ;
#6427 = CIRCLE ( 'NONE', #4004, 0.1499999999999999667 ) ;
#6428 = VERTEX_POINT ( 'NONE', #3136 ) ;
#6429 = ORIENTED_EDGE ( 'NONE', *, *, #9087, .T. ) ;
#6430 = CARTESIAN_POINT ( 'NONE',  ( 2.449999999999999289, 0.1000000000000016986, -7.200000000000000178 ) ) ;
#6431 = AXIS2_PLACEMENT_3D ( 'NONE', #3526, #5108, #7415 ) ;
#6432 = DIRECTION ( 'NONE',  ( -1.000000000000000000, -0.000000000000000000, 0.000000000000000000 ) ) ;
#6433 = CARTESIAN_POINT ( 'NONE',  ( -5.049999999999997158, 2.128355624055937206E-16, -5.350000000000001421 ) ) ;
#6434 = EDGE_LOOP ( 'NONE', ( #4921, #53, #922, #1189, #5063, #5150, #7052, #10502 ) ) ;
#6435 = VECTOR ( 'NONE', #884, 999.9999999999998863 ) ;
#6436 = CARTESIAN_POINT ( 'NONE',  ( -3.880824640740575315, 2.935823076413500043, 3.000000000000000000 ) ) ;
#6437 = DIRECTION ( 'NONE',  ( 0.000000000000000000, -1.000000000000000000, -2.460132057943349518E-16 ) ) ;
#6438 = FACE_OUTER_BOUND ( 'NONE', #1514, .T. ) ;
#6439 = ORIENTED_EDGE ( 'NONE', *, *, #5789, .F. ) ;
#6440 = CARTESIAN_POINT ( 'NONE',  ( -2.500000000000000000, -2.299999999999999822, 7.549999999999999822 ) ) ;
#6441 = EDGE_LOOP ( 'NONE', ( #319, #2635, #7361, #4858, #10537, #1571, #8444, #3688 ) ) ;
#6442 = CARTESIAN_POINT ( 'NONE',  ( 5.799999999999996270, 2.400000000000000355, 3.000000000000000000 ) ) ;
#6443 = VERTEX_POINT ( 'NONE', #8680 ) ;
#6444 = EDGE_CURVE ( 'NONE', #3254, #1191, #7160, .T. ) ;
#6445 = VERTEX_POINT ( 'NONE', #5312 ) ;
#6446 = AXIS2_PLACEMENT_3D ( 'NONE', #2833, #7542, #261 ) ;
#6447 = EDGE_LOOP ( 'NONE', ( #9114, #8844, #8766, #3434 ) ) ;
#6448 = DIRECTION ( 'NONE',  ( 1.000000000000000000, 0.000000000000000000, 0.000000000000000000 ) ) ;
#6449 = FACE_OUTER_BOUND ( 'NONE', #1736, .T. ) ;
#6450 = DIRECTION ( 'NONE',  ( -1.000000000000000000, 0.000000000000000000, 0.000000000000000000 ) ) ;
#6451 = FACE_BOUND ( 'NONE', #9905, .T. ) ;
#6452 = DIRECTION ( 'NONE',  ( 0.000000000000000000, 0.000000000000000000, -1.000000000000000000 ) ) ;
#6453 = ORIENTED_EDGE ( 'NONE', *, *, #611, .T. ) ;
#6454 = DIRECTION ( 'NONE',  ( 0.000000000000000000, 0.000000000000000000, -1.000000000000000000 ) ) ;
#6455 = CARTESIAN_POINT ( 'NONE',  ( 4.250000000000000000, 6.700000000000000178, 5.674999999999998046 ) ) ;
#6456 = DIRECTION ( 'NONE',  ( -1.000000000000000000, 0.000000000000000000, 0.000000000000000000 ) ) ;
#6457 = EDGE_LOOP ( 'NONE', ( #325, #4380, #4313, #5335 ) ) ;
#6458 = PRODUCT_RELATED_PRODUCT_CATEGORY ( 'part', '', ( #7943 ) ) ;
#6459 = ORIENTED_EDGE ( 'NONE', *, *, #9480, .F. ) ;
#6460 = ORIENTED_EDGE ( 'NONE', *, *, #500, .F. ) ;
#6461 = ORIENTED_EDGE ( 'NONE', *, *, #10592, .T. ) ;
#6462 = ORIENTED_EDGE ( 'NONE', *, *, #7885, .F. ) ;
#6463 = ORIENTED_EDGE ( 'NONE', *, *, #10242, .T. ) ;
#6464 = DIRECTION ( 'NONE',  ( 1.000000000000000000, -1.327027319204863784E-16, 0.000000000000000000 ) ) ;
#6465 = AXIS2_PLACEMENT_3D ( 'NONE', #9158, #10504, #113 ) ;
#6466 = CIRCLE ( 'NONE', #854, 0.1499999999999999667 ) ;
#6467 = EDGE_CURVE ( 'NONE', #10485, #394, #3597, .T. ) ;
#6468 = CIRCLE ( 'NONE', #2079, 0.2999999999999999334 ) ;
#6469 = VECTOR ( 'NONE', #1426, 1000.000000000000000 ) ;
#6470 = ORIENTED_EDGE ( 'NONE', *, *, #4948, .F. ) ;
#6471 = CARTESIAN_POINT ( 'NONE',  ( -5.799999999999996270, 0.000000000000000000, 6.700000000000000178 ) ) ;
#6472 = ORIENTED_EDGE ( 'NONE', *, *, #5024, .F. ) ;
#6473 = VERTEX_POINT ( 'NONE', #7986 ) ;
#6474 = CARTESIAN_POINT ( 'NONE',  ( -4.549999999999997158, 4.986986664055304885, -5.850000000000000533 ) ) ;
#6475 = DIRECTION ( 'NONE',  ( 0.000000000000000000, -1.000000000000000000, 0.000000000000000000 ) ) ;
#6476 =( GEOMETRIC_REPRESENTATION_CONTEXT ( 3 ) GLOBAL_UNCERTAINTY_ASSIGNED_CONTEXT ( ( #6895 ) ) GLOBAL_UNIT_ASSIGNED_CONTEXT ( ( #9252, #5922, #8480 ) ) REPRESENTATION_CONTEXT ( 'NONE', 'WORKASPACE' ) );
#6477 = ORIENTED_EDGE ( 'NONE', *, *, #4890, .F. ) ;
#6478 = CARTESIAN_POINT ( 'NONE',  ( 5.908508773426603966, -0.9841458618106281309, 1.000000000000000000 ) ) ;
#6479 = DIRECTION ( 'NONE',  ( -1.000000000000000000, -0.000000000000000000, 0.000000000000000000 ) ) ;
#6480 = CARTESIAN_POINT ( 'NONE',  ( 6.199999999999999289, 5.650000000000001243, 5.250000000000000000 ) ) ;
#6481 = VERTEX_POINT ( 'NONE', #7774 ) ;
#6482 = CARTESIAN_POINT ( 'NONE',  ( 5.450000000000000178, 5.700000000000000178, -6.400000000000000355 ) ) ;
#6483 = VECTOR ( 'NONE', #7985, 999.9999999999998863 ) ;
#6484 = TOROIDAL_SURFACE ( 'NONE', #7375, 0.05000000000000010686, 0.1499999999999999944 ) ;
#6485 = AXIS2_PLACEMENT_3D ( 'NONE', #306, #2007, #3441 ) ;
#6486 = DIRECTION ( 'NONE',  ( 1.000000000000000000, 0.000000000000000000, -0.000000000000000000 ) ) ;
#6487 = AXIS2_PLACEMENT_3D ( 'NONE', #718, #6659, #5888 ) ;
#6488 = VECTOR ( 'NONE', #2278, 1000.000000000000000 ) ;
#6489 = VECTOR ( 'NONE', #9502, 1000.000000000000000 ) ;
#6490 = DIRECTION ( 'NONE',  ( -1.000000000000000000, 0.000000000000000000, 0.000000000000000000 ) ) ;
#6491 = ORIENTED_EDGE ( 'NONE', *, *, #1333, .T. ) ;
#6492 = EDGE_CURVE ( 'NONE', #8775, #1279, #10557, .T. ) ;
#6493 = VERTEX_POINT ( 'NONE', #8137 ) ;
#6494 = ORIENTED_EDGE ( 'NONE', *, *, #8575, .T. ) ;
#6495 = LINE ( 'NONE', #9058, #2571 ) ;
#6496 = EDGE_CURVE ( 'NONE', #1573, #2063, #42, .T. ) ;
#6497 = ORIENTED_EDGE ( 'NONE', *, *, #10280, .T. ) ;
#6498 = VERTEX_POINT ( 'NONE', #3419 ) ;
#6499 = CARTESIAN_POINT ( 'NONE',  ( -2.500000000000000000, -2.299999999999999822, 7.549999999999999822 ) ) ;
#6500 = CARTESIAN_POINT ( 'NONE',  ( 2.550000000000000266, -2.299999999999999822, 7.699999999999997513 ) ) ;
#6501 = CARTESIAN_POINT ( 'NONE',  ( -1.734723475976807094E-15, 2.399999999999999467, -5.850000000000000533 ) ) ;
#6502 = EDGE_CURVE ( 'NONE', #9553, #3892, #10447, .T. ) ;
#6503 = ORIENTED_EDGE ( 'NONE', *, *, #1026, .T. ) ;
#6504 = PLANE ( 'NONE',  #1397 ) ;
#6505 = VECTOR ( 'NONE', #9243, 1000.000000000000000 ) ;
#6506 = CARTESIAN_POINT ( 'NONE',  ( -5.943206300660539121, -2.598762745933357543, 1.000000000000000000 ) ) ;
#6507 = DIRECTION ( 'NONE',  ( 0.000000000000000000, 0.000000000000000000, 1.000000000000000000 ) ) ;
#6508 = FACE_OUTER_BOUND ( 'NONE', #1952, .T. ) ;
#6509 = ADVANCED_FACE ( 'NONE', ( #10384 ), #7495, .F. ) ;
#6510 = DIRECTION ( 'NONE',  ( -0.8191520442889915765, -0.5735764363510463815, 0.000000000000000000 ) ) ;
#6511 = CYLINDRICAL_SURFACE ( 'NONE', #7324, 0.5749999999999999556 ) ;
#6512 = PLANE ( 'NONE',  #10449 ) ;
#6513 = ORIENTED_EDGE ( 'NONE', *, *, #5005, .F. ) ;
#6514 = AXIS2_PLACEMENT_3D ( 'NONE', #115, #5235, #9297 ) ;
#6515 = DIRECTION ( 'NONE',  ( 0.000000000000000000, 1.000000000000000000, 0.000000000000000000 ) ) ;
#6516 = ORIENTED_EDGE ( 'NONE', *, *, #9465, .T. ) ;
#6517 = CARTESIAN_POINT ( 'NONE',  ( -0.4000000000000001887, 0.7999999999999982681, 7.549999999999999822 ) ) ;
#6518 = LINE ( 'NONE', #3319, #10423 ) ;
#6519 = VERTEX_POINT ( 'NONE', #85 ) ;
#6520 = ORIENTED_EDGE ( 'NONE', *, *, #2280, .T. ) ;
#6521 = EDGE_CURVE ( 'NONE', #614, #4068, #3307, .T. ) ;
#6522 = VERTEX_POINT ( 'NONE', #9749 ) ;
#6523 = EDGE_CURVE ( 'NONE', #3646, #370, #6863, .T. ) ;
#6524 = DIRECTION ( 'NONE',  ( -0.5735764363510463815, -0.8191520442889915765, 0.000000000000000000 ) ) ;
#6525 = FACE_OUTER_BOUND ( 'NONE', #4240, .T. ) ;
#6526 = CARTESIAN_POINT ( 'NONE',  ( -5.049999999999997158, 2.400000000000000355, -4.999999999999997335 ) ) ;
#6527 = CIRCLE ( 'NONE', #5532, 0.05000000000000012768 ) ;
#6528 = CIRCLE ( 'NONE', #9171, 0.5999999999999989786 ) ;
#6529 = DIRECTION ( 'NONE',  ( 0.000000000000000000, 1.000000000000000000, 0.000000000000000000 ) ) ;
#6530 = CARTESIAN_POINT ( 'NONE',  ( 1.700000000000000178, 2.650000000000000799, 7.549999999999999822 ) ) ;
#6531 = CARTESIAN_POINT ( 'NONE',  ( -5.499999999999996447, 5.700000000000000178, -6.500000000000000888 ) ) ;
#6532 = CARTESIAN_POINT ( 'NONE',  ( -5.499999999999996447, 5.500000000000000888, 6.500000000000000888 ) ) ;
#6533 = ORIENTED_EDGE ( 'NONE', *, *, #1692, .T. ) ;
#6534 = CARTESIAN_POINT ( 'NONE',  ( -1.734723475976807094E-15, 0.1000000000000006717, -5.850000000000000533 ) ) ;
#6535 = ORIENTED_EDGE ( 'NONE', *, *, #957, .F. ) ;
#6536 = VECTOR ( 'NONE', #8314, 1000.000000000000000 ) ;
#6537 = ORIENTED_EDGE ( 'NONE', *, *, #5243, .F. ) ;
#6538 = AXIS2_PLACEMENT_3D ( 'NONE', #2298, #10587, #6415 ) ;
#6539 = ORIENTED_EDGE ( 'NONE', *, *, #10377, .T. ) ;
#6540 = CARTESIAN_POINT ( 'NONE',  ( -1.699999999999999956, 2.999999999999998224, 6.349999999999997868 ) ) ;
#6541 = ORIENTED_EDGE ( 'NONE', *, *, #8612, .F. ) ;
#6542 = EDGE_CURVE ( 'NONE', #193, #2306, #10403, .T. ) ;
#6543 = CARTESIAN_POINT ( 'NONE',  ( -6.200000000000000178, 3.100000000000000089, 3.000000000000000000 ) ) ;
#6544 = CIRCLE ( 'NONE', #1113, 0.2999999999999999334 ) ;
#6545 = EDGE_CURVE ( 'NONE', #4058, #881, #7044, .T. ) ;
#6546 = CYLINDRICAL_SURFACE ( 'NONE', #7941, 0.5749999999999982903 ) ;
#6547 = CIRCLE ( 'NONE', #8770, 1.000000000000000000 ) ;
#6548 = ORIENTED_EDGE ( 'NONE', *, *, #6521, .T. ) ;
#6549 = CARTESIAN_POINT ( 'NONE',  ( 5.499999999999996447, 5.700000000000000178, 6.500000000000000888 ) ) ;
#6550 =( NAMED_UNIT ( * ) PLANE_ANGLE_UNIT ( ) SI_UNIT ( $, .RADIAN. ) );
#6551 = ORIENTED_EDGE ( 'NONE', *, *, #558, .F. ) ;
#6553 = DIRECTION ( 'NONE',  ( -1.000000000000000000, 0.000000000000000000, 0.000000000000000000 ) ) ;
#6552 = LINE ( 'NONE', #583, #3279 ) ;
#6554 = ORIENTED_EDGE ( 'NONE', *, *, #8443, .F. ) ;
#6555 = CARTESIAN_POINT ( 'NONE',  ( -0.7999999999999999334, 2.999999999999998224, 6.349999999999997868 ) ) ;
#6556 = ORIENTED_EDGE ( 'NONE', *, *, #9004, .F. ) ;
#6557 = ADVANCED_FACE ( 'NONE', ( #10418 ), #4906, .T. ) ;
#6558 = DIRECTION ( 'NONE',  ( -1.000000000000000000, 0.000000000000000000, 0.000000000000000000 ) ) ;
#6559 = CARTESIAN_POINT ( 'NONE',  ( -3.880824640740575759, 0.09999999999999990841, 2.599999999999997424 ) ) ;
#6560 = ORIENTED_EDGE ( 'NONE', *, *, #1545, .F. ) ;
#6561 = PLANE ( 'NONE',  #3076 ) ;
#6562 = EDGE_CURVE ( 'NONE', #8630, #1076, #3341, .T. ) ;
#6563 = LINE ( 'NONE', #5758, #3102 ) ;
#6564 = CARTESIAN_POINT ( 'NONE',  ( 6.236169591142200375, -0.7547152872702095339, -1.000000000000000000 ) ) ;
#6565 = DIRECTION ( 'NONE',  ( 0.000000000000000000, 0.000000000000000000, 1.000000000000000000 ) ) ;
#6566 = CIRCLE ( 'NONE', #476, 0.1499999999999999944 ) ;
#6567 = DIRECTION ( 'NONE',  ( 1.535153518563546084E-16, 1.000000000000000000, 0.000000000000000000 ) ) ;
#6568 = AXIS2_PLACEMENT_3D ( 'NONE', #1825, #9826, #839 ) ;
#6569 = ORIENTED_EDGE ( 'NONE', *, *, #6562, .F. ) ;
#6570 = VERTEX_POINT ( 'NONE', #7351 ) ;
#6571 = ORIENTED_EDGE ( 'NONE', *, *, #8168, .T. ) ;
#6572 = EDGE_LOOP ( 'NONE', ( #4789, #7026, #4051, #1636, #7956, #4581, #4531, #1192 ) ) ;
#6573 = CARTESIAN_POINT ( 'NONE',  ( -0.7999999999999999334, 2.949999999999998845, 7.249999999999999112 ) ) ;
#6574 = DIRECTION ( 'NONE',  ( 1.000000000000000000, 0.000000000000000000, 0.000000000000000000 ) ) ;
#6575 = ORIENTED_EDGE ( 'NONE', *, *, #3757, .T. ) ;
#6576 = DIRECTION ( 'NONE',  ( 0.000000000000000000, 0.000000000000000000, 1.000000000000000000 ) ) ;
#6577 = LINE ( 'NONE', #1953, #6674 ) ;
#6578 = CARTESIAN_POINT ( 'NONE',  ( -5.049999999999997158, 0.5000000000000001110, 3.000000000000000000 ) ) ;
#6579 = EDGE_CURVE ( 'NONE', #831, #7249, #7329, .T. ) ;
#6580 = DIRECTION ( 'NONE',  ( 0.000000000000000000, 0.000000000000000000, 1.000000000000000000 ) ) ;
#6581 = LINE ( 'NONE', #5616, #10387 ) ;
#6582 = CARTESIAN_POINT ( 'NONE',  ( -2.449999999999999734, -2.299999999999999822, 7.699999999999997513 ) ) ;
#6583 = CIRCLE ( 'NONE', #7189, 0.1499999999999999667 ) ;
#6584 = DIRECTION ( 'NONE',  ( -0.000000000000000000, 4.430117370400858162E-17, -1.000000000000000000 ) ) ;
#6585 = AXIS2_PLACEMENT_3D ( 'NONE', #9433, #5983, #187 ) ;
#6586 = ORIENTED_EDGE ( 'NONE', *, *, #9992, .T. ) ;
#6587 = DIRECTION ( 'NONE',  ( 0.000000000000000000, 0.000000000000000000, -1.000000000000000000 ) ) ;
#6588 = VERTEX_POINT ( 'NONE', #8213 ) ;
#6589 = DIRECTION ( 'NONE',  ( -0.7071067811865462405, 0.000000000000000000, -0.7071067811865489050 ) ) ;
#6590 = CIRCLE ( 'NONE', #2000, 0.1499999999999999667 ) ;
#6591 = ORIENTED_EDGE ( 'NONE', *, *, #1797, .F. ) ;
#6592 = EDGE_CURVE ( 'NONE', #4087, #6041, #7296, .T. ) ;
#6593 = ORIENTED_EDGE ( 'NONE', *, *, #5992, .F. ) ;
#6594 = EDGE_LOOP ( 'NONE', ( #8077, #3518, #4941, #9186, #5365, #4610 ) ) ;
#6595 = DIRECTION ( 'NONE',  ( 0.000000000000000000, 2.017120320903263702E-16, -1.000000000000000000 ) ) ;
#6596 = LINE ( 'NONE', #4853, #6619 ) ;
#6597 = AXIS2_PLACEMENT_3D ( 'NONE', #7823, #8661, #9481 ) ;
#6598 = DIRECTION ( 'NONE',  ( -1.000000000000000000, 1.341711765540131426E-16, -0.000000000000000000 ) ) ;
#6599 = LINE ( 'NONE', #5423, #10150 ) ;
#6600 = DIRECTION ( 'NONE',  ( -1.000000000000000000, 0.000000000000000000, 0.000000000000000000 ) ) ;
#6601 = ORIENTED_EDGE ( 'NONE', *, *, #4226, .F. ) ;
#6602 = CARTESIAN_POINT ( 'NONE',  ( 5.049999999999997158, 0.000000000000000000, -4.500000000000000000 ) ) ;
#6603 = CARTESIAN_POINT ( 'NONE',  ( 0.000000000000000000, 18.00000000000000000, 0.000000000000000000 ) ) ;
#6604 = DIRECTION ( 'NONE',  ( 0.000000000000000000, 1.000000000000000000, 0.000000000000000000 ) ) ;
#6605 = VERTEX_POINT ( 'NONE', #9047 ) ;
#6606 = DIRECTION ( 'NONE',  ( -0.000000000000000000, -0.000000000000000000, 1.000000000000000000 ) ) ;
#6607 = ORIENTED_EDGE ( 'NONE', *, *, #682, .F. ) ;
#6608 = VECTOR ( 'NONE', #3736, 1000.000000000000000 ) ;
#6609 = MECHANICAL_DESIGN_GEOMETRIC_PRESENTATION_REPRESENTATION (  '', ( #409 ), #10448 ) ;
#6610 = AXIS2_PLACEMENT_3D ( 'NONE', #7440, #4233, #4154 ) ;
#6611 = DIRECTION ( 'NONE',  ( 1.000000000000000000, -1.341711765540131426E-16, 0.000000000000000000 ) ) ;
#6612 = ORIENTED_EDGE ( 'NONE', *, *, #4166, .F. ) ;
#6613 = VERTEX_POINT ( 'NONE', #4285 ) ;
#6614 = EDGE_CURVE ( 'NONE', #7845, #10345, #3769, .T. ) ;
#6615 = CARTESIAN_POINT ( 'NONE',  ( -6.200000000000000178, 3.100000000000000089, -4.500000000000000888 ) ) ;
#6616 = EDGE_LOOP ( 'NONE', ( #3529, #6601, #3088, #6937 ) ) ;
#6617 = DIRECTION ( 'NONE',  ( 0.000000000000000000, -4.430117370400858162E-17, 1.000000000000000000 ) ) ;
#6618 = DIRECTION ( 'NONE',  ( 1.000000000000000000, 0.000000000000000000, 0.000000000000000000 ) ) ;
#6619 = VECTOR ( 'NONE', #5691, 1000.000000000000000 ) ;
#6620 = AXIS2_PLACEMENT_3D ( 'NONE', #9462, #6943, #4510 ) ;
#6621 = VECTOR ( 'NONE', #8223, 1000.000000000000000 ) ;
#6622 = PLANE ( 'NONE',  #8140 ) ;
#6623 = ORIENTED_EDGE ( 'NONE', *, *, #705, .T. ) ;
#6624 = EDGE_LOOP ( 'NONE', ( #817, #6556 ) ) ;
#6626 = DIRECTION ( 'NONE',  ( -0.000000000000000000, 1.000000000000000000, -0.000000000000000000 ) ) ;
#6625 = CIRCLE ( 'NONE', #1451, 0.5999999999999989786 ) ;
#6627 = ORIENTED_EDGE ( 'NONE', *, *, #5449, .F. ) ;
#6628 = DIRECTION ( 'NONE',  ( 0.000000000000000000, -4.430117370400858162E-17, 1.000000000000000000 ) ) ;
#6629 = VERTEX_POINT ( 'NONE', #8973 ) ;
#6630 = ORIENTED_EDGE ( 'NONE', *, *, #4423, .F. ) ;
#6631 = AXIS2_PLACEMENT_3D ( 'NONE', #9384, #7567, #8629 ) ;
#6632 = DIRECTION ( 'NONE',  ( -0.000000000000000000, -1.000000000000000000, -0.000000000000000000 ) ) ;
#6633 = DIRECTION ( 'NONE',  ( -1.000000000000000000, -0.000000000000000000, 0.000000000000000000 ) ) ;
#6634 = VERTEX_POINT ( 'NONE', #1755 ) ;
#6635 = CARTESIAN_POINT ( 'NONE',  ( 5.049999999999997158, 2.400000000000000355, -4.999999999999997335 ) ) ;
#6636 = EDGE_CURVE ( 'NONE', #4850, #83, #329, .T. ) ;
#6637 = VECTOR ( 'NONE', #2381, 1000.000000000000000 ) ;
#6638 = CARTESIAN_POINT ( 'NONE',  ( 3.880824640740575759, 0.1000000000000006717, -5.850000000000000533 ) ) ;
#6639 = EDGE_CURVE ( 'NONE', #5505, #652, #3651, .T. ) ;
#6640 = DIRECTION ( 'NONE',  ( 0.000000000000000000, 0.000000000000000000, -1.000000000000000000 ) ) ;
#6641 = CIRCLE ( 'NONE', #10275, 0.1000000000000002554 ) ;
#6642 = DIRECTION ( 'NONE',  ( 0.000000000000000000, 1.000000000000000000, 0.000000000000000000 ) ) ;
#6643 = ORIENTED_EDGE ( 'NONE', *, *, #4049, .T. ) ;
#6644 = CARTESIAN_POINT ( 'NONE',  ( 5.049999999999997158, 0.5000000000000002220, -3.000000000000000000 ) ) ;
#6645 = EDGE_CURVE ( 'NONE', #1031, #9130, #3937, .T. ) ;
#6646 = ORIENTED_EDGE ( 'NONE', *, *, #3804, .F. ) ;
#6647 = ORIENTED_EDGE ( 'NONE', *, *, #2526, .T. ) ;
#6648 = LINE ( 'NONE', #4864, #6840 ) ;
#6649 = EDGE_LOOP ( 'NONE', ( #6533, #10253, #35, #6859 ) ) ;
#6650 = ORIENTED_EDGE ( 'NONE', *, *, #7500, .F. ) ;
#6651 = ORIENTED_EDGE ( 'NONE', *, *, #1611, .F. ) ;
#6652 = ADVANCED_FACE ( 'NONE', ( #7498 ), #996, .F. ) ;
#6653 = DIRECTION ( 'NONE',  ( 0.000000000000000000, -1.000000000000000000, 0.000000000000000000 ) ) ;
#6654 = ORIENTED_EDGE ( 'NONE', *, *, #5216, .T. ) ;
#6655 = LINE ( 'NONE', #1170, #6829 ) ;
#6656 = AXIS2_PLACEMENT_3D ( 'NONE', #8611, #7086, #9560 ) ;
#6657 = DIRECTION ( 'NONE',  ( 0.000000000000000000, -4.430117370400858162E-17, 1.000000000000000000 ) ) ;
#6658 = DIRECTION ( 'NONE',  ( 0.000000000000000000, 0.000000000000000000, 1.000000000000000000 ) ) ;
#6659 = DIRECTION ( 'NONE',  ( -0.000000000000000000, -1.000000000000000000, -0.000000000000000000 ) ) ;
#6660 = LINE ( 'NONE', #2047, #6761 ) ;
#6661 = CARTESIAN_POINT ( 'NONE',  ( 5.908508773426603966, -0.9841458618106281309, 1.000000000000000000 ) ) ;
#6662 = EDGE_CURVE ( 'NONE', #1555, #2878, #3632, .T. ) ;
#6663 = CARTESIAN_POINT ( 'NONE',  ( 0.8000000000000001554, 2.650000000000000799, 7.249999999999999112 ) ) ;
#6664 = ORIENTED_EDGE ( 'NONE', *, *, #1354, .F. ) ;
#6665 = CARTESIAN_POINT ( 'NONE',  ( 2.100000000000000089, -3.099999999999998757, 7.549999999999999822 ) ) ;
#6666 = CARTESIAN_POINT ( 'NONE',  ( 3.999999999999998224, 0.000000000000000000, -5.850000000000000533 ) ) ;
#6667 = VECTOR ( 'NONE', #2593, 1000.000000000000000 ) ;
#6668 = EDGE_CURVE ( 'NONE', #8710, #7607, #7444, .T. ) ;
#6669 = ORIENTED_EDGE ( 'NONE', *, *, #3474, .F. ) ;
#6670 = EDGE_LOOP ( 'NONE', ( #10475, #1182, #1159, #8194, #1264, #1295, #7934, #3111 ) ) ;
#6671 = ORIENTED_EDGE ( 'NONE', *, *, #10280, .F. ) ;
#6672 = EDGE_LOOP ( 'NONE', ( #7990, #8616, #6654, #3338 ) ) ;
#6673 = DIRECTION ( 'NONE',  ( 0.000000000000000000, -4.430117370400858162E-17, 1.000000000000000000 ) ) ;
#6674 = VECTOR ( 'NONE', #2752, 1000.000000000000000 ) ;
#6675 = CARTESIAN_POINT ( 'NONE',  ( 3.299999999999999822, 1.100000000000000089, -5.850000000000000533 ) ) ;
#6676 = B_SPLINE_CURVE_WITH_KNOTS ( 'NONE', 3,
 ( #3371, #1851, #9931, #99 ),
 .UNSPECIFIED., .F., .F.,
 ( 4, 4 ),
 ( 0.000000000000000000, 0.0007707912170032432285 ),
 .UNSPECIFIED. ) ;
#6677 = AXIS2_PLACEMENT_3D ( 'NONE', #8052, #4041, #2171 ) ;
#6678 = FACE_OUTER_BOUND ( 'NONE', #1460, .T. ) ;
#6679 = DIRECTION ( 'NONE',  ( -0.000000000000000000, -1.000000000000000000, -0.000000000000000000 ) ) ;
#6680 = VERTEX_POINT ( 'NONE', #5673 ) ;
#6681 = DIRECTION ( 'NONE',  ( 0.000000000000000000, 0.000000000000000000, 1.000000000000000000 ) ) ;
#6682 = DIRECTION ( 'NONE',  ( -1.000000000000000000, 0.000000000000000000, -0.000000000000000000 ) ) ;
#6683 = CARTESIAN_POINT ( 'NONE',  ( -5.750000000000000000, 5.650000000000001243, 5.250000000000000000 ) ) ;
#6684 = EDGE_CURVE ( 'NONE', #3721, #472, #260, .T. ) ;
#6685 = ORIENTED_EDGE ( 'NONE', *, *, #978, .F. ) ;
#6686 = ORIENTED_EDGE ( 'NONE', *, *, #6684, .F. ) ;
#6687 = FACE_OUTER_BOUND ( 'NONE', #7505, .T. ) ;
#6688 = ORIENTED_EDGE ( 'NONE', *, *, #9441, .F. ) ;
#6689 = ORIENTED_EDGE ( 'NONE', *, *, #1265, .T. ) ;
#6690 = VERTEX_POINT ( 'NONE', #6079 ) ;
#6691 = VERTEX_POINT ( 'NONE', #4502 ) ;
#6692 = EDGE_CURVE ( 'NONE', #7492, #8950, #348, .T. ) ;
#6693 = CARTESIAN_POINT ( 'NONE',  ( 2.449999999999999734, 0.6999999999999997335, 7.549999999999998046 ) ) ;
#6694 = ORIENTED_EDGE ( 'NONE', *, *, #7604, .T. ) ;
#6695 = CARTESIAN_POINT ( 'NONE',  ( -4.250000000000000000, 6.700000000000000178, -5.099999999999999645 ) ) ;
#6696 = CARTESIAN_POINT ( 'NONE',  ( 0.000000000000000000, -2.299999999999999822, 7.549999999999998046 ) ) ;
#6697 = LINE ( 'NONE', #10551, #10167 ) ;
#6698 = LINE ( 'NONE', #7216, #10300 ) ;
#6699 = ADVANCED_FACE ( 'NONE', ( #7173 ), #3822, .F. ) ;
#6700 = VECTOR ( 'NONE', #10307, 1000.000000000000114 ) ;
#6701 = DIRECTION ( 'NONE',  ( 0.000000000000000000, 1.000000000000000000, 0.000000000000000000 ) ) ;
#6702 = CARTESIAN_POINT ( 'NONE',  ( 5.124054256371548099, -3.172339182284404924, 0.000000000000000000 ) ) ;
#6703 = VERTEX_POINT ( 'NONE', #2780 ) ;
#6704 = ORIENTED_EDGE ( 'NONE', *, *, #9815, .F. ) ;
#6706 = DIRECTION ( 'NONE',  ( -1.000000000000000000, 0.000000000000000000, -0.000000000000000000 ) ) ;
#6705 = VECTOR ( 'NONE', #2463, 1000.000000000000000 ) ;
#6707 = ORIENTED_EDGE ( 'NONE', *, *, #3600, .F. ) ;
#6708 = EDGE_CURVE ( 'NONE', #6443, #5485, #167, .T. ) ;
#6709 = CARTESIAN_POINT ( 'NONE',  ( -5.799999999999996270, 1.000000000000000000, -4.999999999999997335 ) ) ;
#6710 = ORIENTED_EDGE ( 'NONE', *, *, #267, .T. ) ;
#6711 = ORIENTED_EDGE ( 'NONE', *, *, #7971, .T. ) ;
#6712 = CARTESIAN_POINT ( 'NONE',  ( 4.250000000000000000, 6.550000000000000711, -5.099999999999999645 ) ) ;
#6713 = CARTESIAN_POINT ( 'NONE',  ( -2.700000000000000178, -2.299999999999998046, -7.050000000000002487 ) ) ;
#6714 = AXIS2_PLACEMENT_3D ( 'NONE', #7759, #386, #1893 ) ;
#6715 = ORIENTED_EDGE ( 'NONE', *, *, #1285, .F. ) ;
#6716 = DIRECTION ( 'NONE',  ( 0.000000000000000000, -1.000000000000000000, 8.673617379883977096E-15 ) ) ;
#6717 = LINE ( 'NONE', #1106, #10034 ) ;
#6718 = MANIFOLD_SOLID_BREP ( 'LPattern1[1]', #1066 ) ;
#6719 = DIRECTION ( 'NONE',  ( 1.535153518563545837E-16, -1.000000000000000000, 0.000000000000000000 ) ) ;
#6720 = CARTESIAN_POINT ( 'NONE',  ( 3.299999999999999822, 2.650000000000000799, 7.299999999999998934 ) ) ;
#6721 = VECTOR ( 'NONE', #3859, 1000.000000000000000 ) ;
#6722 = DIRECTION ( 'NONE',  ( 0.000000000000000000, 0.000000000000000000, -1.000000000000000000 ) ) ;
#6723 = FACE_OUTER_BOUND ( 'NONE', #8071, .T. ) ;
#6724 = ORIENTED_EDGE ( 'NONE', *, *, #7910, .F. ) ;
#6725 = DIRECTION ( 'NONE',  ( 0.000000000000000000, 1.000000000000000000, 0.000000000000000000 ) ) ;
#6726 = ORIENTED_EDGE ( 'NONE', *, *, #9207, .T. ) ;
#6727 = ADVANCED_FACE ( 'NONE', ( #7353 ), #186, .T. ) ;
#6728 = ORIENTED_EDGE ( 'NONE', *, *, #4971, .T. ) ;
#6729 = FACE_OUTER_BOUND ( 'NONE', #9018, .T. ) ;
#6730 = EDGE_LOOP ( 'NONE', ( #9870, #4085, #10618, #6903 ) ) ;
#6731 = EDGE_LOOP ( 'NONE', ( #9190, #7728, #7695, #32 ) ) ;
#6732 = VERTEX_POINT ( 'NONE', #7797 ) ;
#6733 = DIRECTION ( 'NONE',  ( 1.000000000000000000, 0.000000000000000000, 0.000000000000000000 ) ) ;
#6734 = DIRECTION ( 'NONE',  ( 0.000000000000000000, 1.000000000000000000, 0.000000000000000000 ) ) ;
#6735 = ORIENTED_EDGE ( 'NONE', *, *, #9325, .F. ) ;
#6736 = DIRECTION ( 'NONE',  ( -1.000000000000000000, 0.000000000000000000, 0.000000000000000000 ) ) ;
#6737 = AXIS2_PLACEMENT_3D ( 'NONE', #10378, #509, #3099 ) ;
#6738 = VECTOR ( 'NONE', #3569, 1000.000000000000000 ) ;
#6739 = CARTESIAN_POINT ( 'NONE',  ( -1.699999999999999956, 0.8000000000000001554, -7.050000000000001599 ) ) ;
#6740 = CARTESIAN_POINT ( 'NONE',  ( -5.499999999999996447, 1.000000000000000000, 6.700000000000000178 ) ) ;
#6741 = CARTESIAN_POINT ( 'NONE',  ( -6.200000000000000178, 3.100000000000000089, -3.000000000000000000 ) ) ;
#6742 = EDGE_CURVE ( 'NONE', #4742, #7194, #3871, .T. ) ;
#6743 = FACE_OUTER_BOUND ( 'NONE', #410, .T. ) ;
#6744 = CARTESIAN_POINT ( 'NONE',  ( 5.049999999999998046, 1.000000000000000000, -4.500000000000000888 ) ) ;
#6745 = EDGE_LOOP ( 'NONE', ( #725, #2542, #8988, #2663 ) ) ;
#6746 = DIRECTION ( 'NONE',  ( 0.000000000000000000, -1.000000000000000000, -2.017120320903263702E-16 ) ) ;
#6747 = VERTEX_POINT ( 'NONE', #1907 ) ;
#6748 = CARTESIAN_POINT ( 'NONE',  ( 0.000000000000000000, -2.299999999999999822, 7.549999999999999822 ) ) ;
#6749 = EDGE_LOOP ( 'NONE', ( #6728, #8496, #1116, #7027 ) ) ;
#6750 = CARTESIAN_POINT ( 'NONE',  ( -2.500942654747430716, 29.66824025516126184, 1.331759744838737047 ) ) ;
#6751 = ORIENTED_EDGE ( 'NONE', *, *, #10585, .T. ) ;
#6752 = ORIENTED_EDGE ( 'NONE', *, *, #9441, .T. ) ;
#6753 = AXIS2_PLACEMENT_3D ( 'NONE', #4722, #5826, #2397 ) ;
#6754 = VERTEX_POINT ( 'NONE', #2699 ) ;
#6755 = ORIENTED_EDGE ( 'NONE', *, *, #7098, .T. ) ;
#6756 = CARTESIAN_POINT ( 'NONE',  ( 5.799999999999997158, 3.100000000000000089, 1.599999999999999867 ) ) ;
#6757 = CIRCLE ( 'NONE', #4959, 0.2999999999999999334 ) ;
#6758 = DIRECTION ( 'NONE',  ( -1.000000000000000000, -0.000000000000000000, -0.000000000000000000 ) ) ;
#6759 = AXIS2_PLACEMENT_3D ( 'NONE', #479, #1399, #3856 ) ;
#6760 = AXIS2_PLACEMENT_3D ( 'NONE', #2378, #3229, #8229 ) ;
#6761 = VECTOR ( 'NONE', #2845, 1000.000000000000000 ) ;
#6762 = CARTESIAN_POINT ( 'NONE',  ( -2.500000000000000000, -2.299999999999999822, 7.699999999999997513 ) ) ;
#6763 = EDGE_CURVE ( 'NONE', #6519, #4414, #3839, .T. ) ;
#6764 = DIRECTION ( 'NONE',  ( -1.000000000000000000, -0.000000000000000000, 0.000000000000000000 ) ) ;
#6765 = DIRECTION ( 'NONE',  ( 1.000000000000000000, 0.000000000000000000, 0.000000000000000000 ) ) ;
#6766 = VERTEX_POINT ( 'NONE', #4642 ) ;
#6767 = CARTESIAN_POINT ( 'NONE',  ( 2.500000000000000000, -2.299999999999998046, -7.050000000000002487 ) ) ;
#6768 = ORIENTED_EDGE ( 'NONE', *, *, #8312, .F. ) ;
#6769 = LINE ( 'NONE', #3668, #3032 ) ;
#6770 = EDGE_CURVE ( 'NONE', #446, #6127, #3922, .T. ) ;
#6771 = ORIENTED_EDGE ( 'NONE', *, *, #5650, .T. ) ;
#6772 = ORIENTED_EDGE ( 'NONE', *, *, #8198, .F. ) ;
#6773 = CARTESIAN_POINT ( 'NONE',  ( 5.799999999999998046, -0.6400000000000000133, 1.000000000000000000 ) ) ;
#6774 = EDGE_CURVE ( 'NONE', #4824, #1064, #3973, .T. ) ;
#6775 = VERTEX_POINT ( 'NONE', #1342 ) ;
#6776 = CARTESIAN_POINT ( 'NONE',  ( 3.850000000000000089, 4.986986664055304885, -5.850000000000000533 ) ) ;
#6777 = ADVANCED_FACE ( 'NONE', ( #93 ), #7862, .F. ) ;
#6778 = CARTESIAN_POINT ( 'NONE',  ( 5.943206300660539121, -2.598762745933357543, 1.000000000000000000 ) ) ;
#6779 = FACE_OUTER_BOUND ( 'NONE', #7326, .T. ) ;
#6780 = LINE ( 'NONE', #638, #6817 ) ;
#6781 = AXIS2_PLACEMENT_3D ( 'NONE', #353, #9265, #10065 ) ;
#6782 = ORIENTED_EDGE ( 'NONE', *, *, #1285, .T. ) ;
#6783 = SURFACE_SIDE_STYLE ('',( #356 ) ) ;
#6784 = DIRECTION ( 'NONE',  ( -1.000000000000000000, 0.000000000000000000, 0.000000000000000000 ) ) ;
#6785 = EDGE_LOOP ( 'NONE', ( #8677, #7810, #7989, #5998 ) ) ;
#6786 = B_SPLINE_CURVE_WITH_KNOTS ( 'NONE', 3,
 ( #3681, #8306, #6750, #9144 ),
 .UNSPECIFIED., .F., .F.,
 ( 4, 4 ),
 ( 0.000000000000000000, 0.0007707912170032432285 ),
 .UNSPECIFIED. ) ;
#6787 = STYLED_ITEM ( 'NONE', ( #7431 ), #6718 ) ;
#6788 = EDGE_CURVE ( 'NONE', #1773, #2048, #7187, .T. ) ;
#6790 = CARTESIAN_POINT ( 'NONE',  ( 3.999999999999950706, 3.978262578553346729E-14, 4.500000000000001776 ) ) ;
#6789 = VECTOR ( 'NONE', #10301, 999.9999999999998863 ) ;
#6791 = CARTESIAN_POINT ( 'NONE',  ( -4.250000000000000000, 6.100000000000000533, -5.099999999999999645 ) ) ;
#6792 = ORIENTED_EDGE ( 'NONE', *, *, #10370, .F. ) ;
#6793 = PLANE ( 'NONE',  #1788 ) ;
#6794 = EDGE_CURVE ( 'NONE', #10562, #8522, #3715, .T. ) ;
#6795 = EDGE_LOOP ( 'NONE', ( #1039, #5550, #7336, #1344 ) ) ;
#6796 = EDGE_CURVE ( 'NONE', #7816, #3469, #3679, .T. ) ;
#6797 = DIRECTION ( 'NONE',  ( 1.000000000000000000, 0.000000000000000000, -0.000000000000000000 ) ) ;
#6798 = DIRECTION ( 'NONE',  ( 0.000000000000000000, -4.430117370400858162E-17, 1.000000000000000000 ) ) ;
#6799 = VECTOR ( 'NONE', #7850, 1000.000000000000000 ) ;
#6800 = ADVANCED_FACE ( 'NONE', ( #7410 ), #3000, .F. ) ;
#6801 = ORIENTED_EDGE ( 'NONE', *, *, #7240, .T. ) ;
#6802 = ORIENTED_EDGE ( 'NONE', *, *, #3629, .T. ) ;
#6803 = ORIENTED_EDGE ( 'NONE', *, *, #8729, .T. ) ;
#6804 = FACE_OUTER_BOUND ( 'NONE', #5343, .T. ) ;
#6805 = ORIENTED_EDGE ( 'NONE', *, *, #8451, .F. ) ;
#6806 = AXIS2_PLACEMENT_3D ( 'NONE', #4725, #8099, #6376 ) ;
#6807 = DIRECTION ( 'NONE',  ( -0.000000000000000000, -0.000000000000000000, 1.000000000000000000 ) ) ;
#6808 = CARTESIAN_POINT ( 'NONE',  ( 5.049999999999997158, 2.400000000000000355, 4.500000000000000888 ) ) ;
#6809 = VERTEX_POINT ( 'NONE', #3537 ) ;
#6810 = DIRECTION ( 'NONE',  ( -0.000000000000000000, 4.430117370400858162E-17, -1.000000000000000000 ) ) ;
#6811 = LINE ( 'NONE', #7372, #6637 ) ;
#6812 = EDGE_CURVE ( 'NONE', #4589, #7560, #379, .T. ) ;
#6813 = CARTESIAN_POINT ( 'NONE',  ( -6.563830408857795895, -1.920042149226665718, 1.000000000000000000 ) ) ;
#6814 = SURFACE_STYLE_USAGE ( .BOTH. , #2312 ) ;
#6815 = DIRECTION ( 'NONE',  ( 0.000000000000000000, 0.000000000000000000, -1.000000000000000000 ) ) ;
#6816 =( NAMED_UNIT ( * ) SI_UNIT ( $, .STERADIAN. ) SOLID_ANGLE_UNIT ( ) );
#6817 = VECTOR ( 'NONE', #4773, 1000.000000000000000 ) ;
#6818 = DIRECTION ( 'NONE',  ( 0.000000000000000000, 0.000000000000000000, 1.000000000000000000 ) ) ;
#6819 = ORIENTED_EDGE ( 'NONE', *, *, #3343, .F. ) ;
#6820 = ORIENTED_EDGE ( 'NONE', *, *, #8501, .T. ) ;
#6821 = CARTESIAN_POINT ( 'NONE',  ( 2.550000000000000266, -2.299999999999998046, -7.050000000000000711 ) ) ;
#6822 = ORIENTED_EDGE ( 'NONE', *, *, #7609, .F. ) ;
#6823 = CARTESIAN_POINT ( 'NONE',  ( -6.200000000000000178, 0.6000000000000006439, -4.500000000000000888 ) ) ;
#6824 = LINE ( 'NONE', #6526, #3315 ) ;
#6825 = ORIENTED_EDGE ( 'NONE', *, *, #8006, .F. ) ;
#6826 = AXIS2_PLACEMENT_3D ( 'NONE', #9277, #1844, #226 ) ;
#6827 = ORIENTED_EDGE ( 'NONE', *, *, #4673, .F. ) ;
#6828 = EDGE_CURVE ( 'NONE', #5404, #10473, #3665, .T. ) ;
#6829 = VECTOR ( 'NONE', #7768, 1000.000000000000114 ) ;
#6830 = DIRECTION ( 'NONE',  ( 0.000000000000000000, -0.000000000000000000, -1.000000000000000000 ) ) ;
#6831 = VECTOR ( 'NONE', #9842, 1000.000000000000000 ) ;
#6832 = EDGE_CURVE ( 'NONE', #6923, #3072, #7238, .T. ) ;
#6833 = CARTESIAN_POINT ( 'NONE',  ( 3.299999999999999822, 0.5000000000000026645, -6.800000000000001599 ) ) ;
#6834 = EDGE_LOOP ( 'NONE', ( #6308, #6461, #2937, #6630 ) ) ;
#6835 = DIRECTION ( 'NONE',  ( -1.000000000000000000, -0.000000000000000000, -0.000000000000000000 ) ) ;
#6836 = CARTESIAN_POINT ( 'NONE',  ( -3.850000000000000089, 2.400000000000000355, -5.850000000000000533 ) ) ;
#6837 = ORIENTED_EDGE ( 'NONE', *, *, #2459, .T. ) ;
#6838 = DIRECTION ( 'NONE',  ( -1.000000000000000000, -0.000000000000000000, 0.000000000000000000 ) ) ;
#6839 = ORIENTED_EDGE ( 'NONE', *, *, #5842, .T. ) ;
#6840 = VECTOR ( 'NONE', #7233, 1000.000000000000000 ) ;
#6841 = CARTESIAN_POINT ( 'NONE',  ( 5.599999999999996092, 5.700000000000000178, 6.400000000000000355 ) ) ;
#6842 = ORIENTED_EDGE ( 'NONE', *, *, #2299, .T. ) ;
#6843 = ORIENTED_EDGE ( 'NONE', *, *, #4820, .T. ) ;
#6844 = ADVANCED_FACE ( 'NONE', ( #4258 ), #3085, .T. ) ;
#6845 = DIRECTION ( 'NONE',  ( -0.000000000000000000, 0.000000000000000000, -1.000000000000000000 ) ) ;
#6846 = EDGE_LOOP ( 'NONE', ( #1343, #8944, #8115, #5128 ) ) ;
#6847 = DIRECTION ( 'NONE',  ( 0.000000000000000000, 0.000000000000000000, 1.000000000000000000 ) ) ;
#6848 = DIRECTION ( 'NONE',  ( 0.000000000000000000, 0.000000000000000000, 1.000000000000000000 ) ) ;
#6849 = FACE_OUTER_BOUND ( 'NONE', #1505, .T. ) ;
#6850 = EDGE_CURVE ( 'NONE', #7560, #3336, #525, .T. ) ;
#6851 = SURFACE_STYLE_FILL_AREA ( #1612 ) ;
#6852 = CARTESIAN_POINT ( 'NONE',  ( 6.399999999999998579, -2.034757436496875016, -1.000000000000000000 ) ) ;
#6853 = AXIS2_PLACEMENT_3D ( 'NONE', #5458, #3282, #10340 ) ;
#6854 = CARTESIAN_POINT ( 'NONE',  ( 1.734723475976807094E-15, 5.500000000000000888, -6.500000000000000888 ) ) ;
#6855 = ORIENTED_EDGE ( 'NONE', *, *, #4266, .T. ) ;
#6857 = CARTESIAN_POINT ( 'NONE',  ( -5.049999999999997158, 1.000000000000000000, 5.350000000000001421 ) ) ;
#6856 = VECTOR ( 'NONE', #6598, 1000.000000000000000 ) ;
#6858 = DIRECTION ( 'NONE',  ( 0.000000000000000000, 1.000000000000000000, 0.000000000000000000 ) ) ;
#6859 = ORIENTED_EDGE ( 'NONE', *, *, #10576, .F. ) ;
#6860 = EDGE_LOOP ( 'NONE', ( #1054, #8968, #9055, #5346 ) ) ;
#6861 = DIRECTION ( 'NONE',  ( 9.383500162295610576E-17, -0.7071067811865451302, -0.7071067811865500152 ) ) ;
#6862 = ADVANCED_FACE ( 'NONE', ( #7702 ), #3234, .T. ) ;
#6863 = CIRCLE ( 'NONE', #2290, 0.1999999999999996503 ) ;
#6864 = AXIS2_PLACEMENT_3D ( 'NONE', #5297, #172, #7526 ) ;
#6865 = DIRECTION ( 'NONE',  ( 0.000000000000000000, 1.000000000000000000, 0.000000000000000000 ) ) ;
#6866 = VECTOR ( 'NONE', #9717, 1000.000000000000000 ) ;
#6867 = VERTEX_POINT ( 'NONE', #4995 ) ;
#6868 = ORIENTED_EDGE ( 'NONE', *, *, #6201, .T. ) ;
#6869 = VECTOR ( 'NONE', #7871, 1000.000000000000000 ) ;
#6870 = AXIS2_PLACEMENT_3D ( 'NONE', #1615, #2576, #9065 ) ;
#6871 = ORIENTED_EDGE ( 'NONE', *, *, #6179, .T. ) ;
#6872 = DIRECTION ( 'NONE',  ( 1.535153518563546084E-16, 1.000000000000000000, 0.000000000000000000 ) ) ;
#6873 = EDGE_CURVE ( 'NONE', #599, #83, #568, .T. ) ;
#6874 = DIRECTION ( 'NONE',  ( -0.000000000000000000, -0.000000000000000000, -1.000000000000000000 ) ) ;
#6875 = VERTEX_POINT ( 'NONE', #8236 ) ;
#6876 = CARTESIAN_POINT ( 'NONE',  ( 1.700000000000000178, 0.7999999999999982681, 7.549999999999999822 ) ) ;
#6877 = VECTOR ( 'NONE', #701, 1000.000000000000000 ) ;
#6878 = CARTESIAN_POINT ( 'NONE',  ( -2.500000000000000000, -2.299999999999998046, -7.050000000000000711 ) ) ;
#6879 = DIRECTION ( 'NONE',  ( 0.000000000000000000, -1.000000000000000000, -0.000000000000000000 ) ) ;
#6880 = CARTESIAN_POINT ( 'NONE',  ( 5.828491013390330266, -2.434932337075561115, -1.000000000000000000 ) ) ;
#6881 = MANIFOLD_SOLID_BREP ( 'Combine6', #2324 ) ;
#6882 = CARTESIAN_POINT ( 'NONE',  ( -5.828491013390329378, -2.434932337075560671, 1.000000000000000000 ) ) ;
#6883 = AXIS2_PLACEMENT_3D ( 'NONE', #10544, #3145, #406 ) ;
#6884 = VECTOR ( 'NONE', #3880, 1000.000000000000000 ) ;
#6885 = ADVANCED_FACE ( 'NONE', ( #821 ), #8998, .T. ) ;
#6886 = CARTESIAN_POINT ( 'NONE',  ( 3.299999999999999822, 3.249999999999998668, 6.349999999999997868 ) ) ;
#6887 = ORIENTED_EDGE ( 'NONE', *, *, #3689, .T. ) ;
#6888 = DIRECTION ( 'NONE',  ( 0.000000000000000000, -1.000000000000000000, 0.000000000000000000 ) ) ;
#6889 = EDGE_LOOP ( 'NONE', ( #6969, #3396, #507, #214 ) ) ;
#6890 = CARTESIAN_POINT ( 'NONE',  ( 0.05000000000000012768, -2.299999999999999822, 7.699999999999997513 ) ) ;
#6891 = ORIENTED_EDGE ( 'NONE', *, *, #5520, .T. ) ;
#6892 = CARTESIAN_POINT ( 'NONE',  ( -5.049999999999998046, 4.986986664055304885, -5.350000000000001421 ) ) ;
#6893 = FACE_OUTER_BOUND ( 'NONE', #3824, .T. ) ;
#6894 =( GEOMETRIC_REPRESENTATION_CONTEXT ( 3 ) GLOBAL_UNCERTAINTY_ASSIGNED_CONTEXT ( ( #3685 ) ) GLOBAL_UNIT_ASSIGNED_CONTEXT ( ( #284, #3727, #6008 ) ) REPRESENTATION_CONTEXT ( 'NONE', 'WORKASPACE' ) );
#6895 = UNCERTAINTY_MEASURE_WITH_UNIT (LENGTH_MEASURE( 1.000000000000000082E-05 ), #9252, 'distance_accuracy_value', 'NONE');
#6896 = EDGE_LOOP ( 'NONE', ( #4661, #3332, #6911, #6871 ) ) ;
#6897 = EDGE_CURVE ( 'NONE', #7356, #8352, #662, .T. ) ;
#6898 = DIRECTION ( 'NONE',  ( -1.000000000000000000, 0.000000000000000000, 0.000000000000000000 ) ) ;
#6899 = VECTOR ( 'NONE', #9197, 1000.000000000000000 ) ;
#6900 = EDGE_CURVE ( 'NONE', #209, #1812, #606, .T. ) ;
#6901 = VECTOR ( 'NONE', #5568, 1000.000000000000000 ) ;
#6902 = CARTESIAN_POINT ( 'NONE',  ( 5.799999999999996270, 5.500000000000000888, -6.400000000000000355 ) ) ;
#6903 = ORIENTED_EDGE ( 'NONE', *, *, #7489, .F. ) ;
#6904 = EDGE_CURVE ( 'NONE', #9532, #4374, #4167, .T. ) ;
#6905 = CARTESIAN_POINT ( 'NONE',  ( 6.399999999999998579, -2.034757436496875016, 1.000000000000000000 ) ) ;
#6906 = ORIENTED_EDGE ( 'NONE', *, *, #7658, .T. ) ;
#6907 = CARTESIAN_POINT ( 'NONE',  ( -6.999999999999997335, -2.034757436496875016, -1.000000000000000000 ) ) ;
#6908 = ORIENTED_EDGE ( 'NONE', *, *, #9480, .T. ) ;
#6909 = VECTOR ( 'NONE', #317, 1000.000000000000000 ) ;
#6910 = CARTESIAN_POINT ( 'NONE',  ( -3.299999999999999822, 2.999999999999998224, 7.249999999999999112 ) ) ;
#6911 = ORIENTED_EDGE ( 'NONE', *, *, #1753, .F. ) ;
#6912 = CARTESIAN_POINT ( 'NONE',  ( 5.049999999999997158, 0.1000000000000001721, 2.599999999999997424 ) ) ;
#6913 = DIRECTION ( 'NONE',  ( 0.000000000000000000, 1.000000000000000000, 0.000000000000000000 ) ) ;
#6914 = EDGE_LOOP ( 'NONE', ( #10119, #4998, #10443, #7123 ) ) ;
#6915 = CARTESIAN_POINT ( 'NONE',  ( 3.880824640740575315, 2.935823076413500043, 4.500000000000000888 ) ) ;
#6916 = DIRECTION ( 'NONE',  ( 0.000000000000000000, 0.000000000000000000, -1.000000000000000000 ) ) ;
#6917 = AXIS2_PLACEMENT_3D ( 'NONE', #4954, #969, #2608 ) ;
#6918 = VECTOR ( 'NONE', #3946, 1000.000000000000000 ) ;
#6919 = EDGE_CURVE ( 'NONE', #2421, #5951, #4027, .T. ) ;
#6920 = EDGE_LOOP ( 'NONE', ( #5275, #2568, #1705, #5583 ) ) ;
#6921 = DIRECTION ( 'NONE',  ( -0.000000000000000000, -0.000000000000000000, -1.000000000000000000 ) ) ;
#6922 = CARTESIAN_POINT ( 'NONE',  ( 0.05000000000000100198, 0.6999999999999994005, 7.699999999999997513 ) ) ;
#6923 = VERTEX_POINT ( 'NONE', #5694 ) ;
#6924 = EDGE_LOOP ( 'NONE', ( #1016, #4672, #8208, #4810 ) ) ;
#6925 = VECTOR ( 'NONE', #6317, 1000.000000000000000 ) ;
#6926 = EDGE_CURVE ( 'NONE', #1773, #6281, #783, .T. ) ;
#6927 = DIRECTION ( 'NONE',  ( 0.000000000000000000, -0.7071067811865489050, -0.7071067811865460184 ) ) ;
#6928 = ADVANCED_FACE ( 'NONE', ( #4207 ), #7684, .T. ) ;
#6929 = ORIENTED_EDGE ( 'NONE', *, *, #7285, .F. ) ;
#6930 = DIRECTION ( 'NONE',  ( 0.000000000000000000, 4.430117370400858162E-17, -1.000000000000000000 ) ) ;
#6931 = LINE ( 'NONE', #471, #3453 ) ;
#6932 = CARTESIAN_POINT ( 'NONE',  ( 4.250000000000000000, 6.700000000000000178, 4.675000000000001599 ) ) ;
#6933 = AXIS2_PLACEMENT_3D ( 'NONE', #1900, #2693, #4351 ) ;
#6934 = DIRECTION ( 'NONE',  ( -1.000000000000000000, 0.000000000000000000, -0.000000000000000000 ) ) ;
#6935 = VECTOR ( 'NONE', #8177, 1000.000000000000000 ) ;
#6936 = DIRECTION ( 'NONE',  ( -0.000000000000000000, 2.409338161078894743E-16, 1.000000000000000000 ) ) ;
#6937 = ORIENTED_EDGE ( 'NONE', *, *, #145, .F. ) ;
#6938 = VERTEX_POINT ( 'NONE', #5628 ) ;
#6939 = VECTOR ( 'NONE', #2888, 1000.000000000000000 ) ;
#6940 = EDGE_LOOP ( 'NONE', ( #8121, #814 ) ) ;
#6941 = EDGE_CURVE ( 'NONE', #1008, #3137, #4145, .T. ) ;
#6942 = CARTESIAN_POINT ( 'NONE',  ( 5.499999999999996447, 1.000000000000000000, 6.400000000000000355 ) ) ;
#6943 = DIRECTION ( 'NONE',  ( -0.000000000000000000, 0.000000000000000000, -1.000000000000000000 ) ) ;
#6944 = VERTEX_POINT ( 'NONE', #9704 ) ;
#6945 =( NAMED_UNIT ( * ) PLANE_ANGLE_UNIT ( ) SI_UNIT ( $, .RADIAN. ) );
#6946 = ADVANCED_FACE ( 'NONE', ( #7739 ), #9773, .T. ) ;
#6947 = VECTOR ( 'NONE', #6618, 1000.000000000000000 ) ;
#6948 = CARTESIAN_POINT ( 'NONE',  ( -6.399999999999998579, -2.034757436496875016, -1.000000000000000000 ) ) ;
#6949 = CARTESIAN_POINT ( 'NONE',  ( -5.450000000000000178, 5.700000000000000178, 6.400000000000000355 ) ) ;
#6950 = CARTESIAN_POINT ( 'NONE',  ( -5.799999999999998934, 5.650000000000001243, -4.500000000000000000 ) ) ;
#6951 = LINE ( 'NONE', #10231, #10484 ) ;
#6952 = AXIS2_PLACEMENT_3D ( 'NONE', #5999, #3589, #6858 ) ;
#6953 = EDGE_LOOP ( 'NONE', ( #10122, #6497, #5456, #5474 ) ) ;
#6954 = CARTESIAN_POINT ( 'NONE',  ( 0.000000000000000000, 3.100000000000000089, 1.599999999999999867 ) ) ;
#6955 = VERTEX_POINT ( 'NONE', #9074 ) ;
#6956 = DIRECTION ( 'NONE',  ( 0.000000000000000000, 0.000000000000000000, -1.000000000000000000 ) ) ;
#6957 = EDGE_CURVE ( 'NONE', #4755, #1263, #7590, .T. ) ;
#6958 =( GEOMETRIC_REPRESENTATION_CONTEXT ( 3 ) GLOBAL_UNCERTAINTY_ASSIGNED_CONTEXT ( ( #252 ) ) GLOBAL_UNIT_ASSIGNED_CONTEXT ( ( #9121, #4131, #9982 ) ) REPRESENTATION_CONTEXT ( 'NONE', 'WORKASPACE' ) );
#6959 = ORIENTED_EDGE ( 'NONE', *, *, #765, .F. ) ;
#6960 = DIRECTION ( 'NONE',  ( -1.000000000000000000, -0.000000000000000000, -0.000000000000000000 ) ) ;
#6961 = VECTOR ( 'NONE', #1212, 1000.000000000000000 ) ;
#6962 = ADVANCED_FACE ( 'NONE', ( #7844 ), #8773, .T. ) ;
#6963 = DIRECTION ( 'NONE',  ( 0.000000000000000000, 0.000000000000000000, -1.000000000000000000 ) ) ;
#6964 = VERTEX_POINT ( 'NONE', #6666 ) ;
#6965 = DIRECTION ( 'NONE',  ( 0.6427876096865353661, 0.7660444431189813441, 0.000000000000000000 ) ) ;
#6966 = DIRECTION ( 'NONE',  ( 0.7071067811865462405, 0.000000000000000000, -0.7071067811865489050 ) ) ;
#6967 = VERTEX_POINT ( 'NONE', #1154 ) ;
#6968 = CARTESIAN_POINT ( 'NONE',  ( -5.750000000000000000, 6.099999999999999645, -5.250000000000000000 ) ) ;
#6969 = ORIENTED_EDGE ( 'NONE', *, *, #10614, .F. ) ;
#6970 = LINE ( 'NONE', #4247, #3798 ) ;
#6971 = CARTESIAN_POINT ( 'NONE',  ( 5.799999999999996270, 4.986986664055304885, -4.999999999999997335 ) ) ;
#6972 = CARTESIAN_POINT ( 'NONE',  ( 0.000000000000000000, 11.09999999999999964, -3.500000000000000000 ) ) ;
#6973 = EDGE_CURVE ( 'NONE', #4364, #148, #7628, .T. ) ;
#6974 = DIRECTION ( 'NONE',  ( 0.000000000000000000, 0.000000000000000000, 1.000000000000000000 ) ) ;
#6975 = ORIENTED_EDGE ( 'NONE', *, *, #1029, .T. ) ;
#6976 = DIRECTION ( 'NONE',  ( 0.000000000000000000, 4.430117370400858162E-17, -1.000000000000000000 ) ) ;
#6977 = AXIS2_PLACEMENT_3D ( 'NONE', #4711, #4500, #1198 ) ;
#6978 = VECTOR ( 'NONE', #10269, 1000.000000000000000 ) ;
#6979 = ORIENTED_EDGE ( 'NONE', *, *, #8150, .T. ) ;
#6980 = DIRECTION ( 'NONE',  ( 1.000000000000000000, 0.000000000000000000, -0.000000000000000000 ) ) ;
#6981 = CARTESIAN_POINT ( 'NONE',  ( -2.449999999999999734, -2.299999999999998046, -7.200000000000001066 ) ) ;
#6982 = VERTEX_POINT ( 'NONE', #10166 ) ;
#6983 = DIRECTION ( 'NONE',  ( -1.000000000000000000, 0.000000000000000000, -2.478176394252553728E-15 ) ) ;
#6984 = FILL_AREA_STYLE ('',( #2769 ) ) ;
#6985 = AXIS2_PLACEMENT_3D ( 'NONE', #10392, #608, #1576 ) ;
#6986 = ORIENTED_EDGE ( 'NONE', *, *, #3757, .F. ) ;
#6987 = VECTOR ( 'NONE', #6916, 1000.000000000000000 ) ;
#6988 = AXIS2_PLACEMENT_3D ( 'NONE', #4466, #6965, #8598 ) ;
#6989 = DIRECTION ( 'NONE',  ( -1.000000000000000000, 0.000000000000000000, 0.000000000000000000 ) ) ;
#6990 = VECTOR ( 'NONE', #7004, 1000.000000000000000 ) ;
#6991 = DIRECTION ( 'NONE',  ( 0.000000000000000000, 1.000000000000000000, 0.000000000000000000 ) ) ;
#6992 = ORIENTED_EDGE ( 'NONE', *, *, #3343, .T. ) ;
#6993 = EDGE_CURVE ( 'NONE', #39, #1474, #624, .T. ) ;
#6994 = VERTEX_POINT ( 'NONE', #6823 ) ;
#6995 = VERTEX_POINT ( 'NONE', #7595 ) ;
#6996 = LINE ( 'NONE', #2090, #7186 ) ;
#6997 = ADVANCED_FACE ( 'NONE', ( #644 ), #4316, .F. ) ;
#6998 = PLANE ( 'NONE',  #8000 ) ;
#6999 = AXIS2_PLACEMENT_3D ( 'NONE', #1707, #3382, #4171 ) ;
#7000 = DIRECTION ( 'NONE',  ( -0.000000000000000000, -0.000000000000000000, -1.000000000000000000 ) ) ;
#7001 = ORIENTED_EDGE ( 'NONE', *, *, #1363, .T. ) ;
#7002 = VECTOR ( 'NONE', #7840, 1000.000000000000000 ) ;
#7003 = DIRECTION ( 'NONE',  ( -1.000000000000000000, 1.341711765540131426E-16, 0.000000000000000000 ) ) ;
#7004 = DIRECTION ( 'NONE',  ( -0.000000000000000000, -1.000000000000000000, -0.000000000000000000 ) ) ;
#7005 = DIRECTION ( 'NONE',  ( -0.000000000000000000, 0.000000000000000000, -1.000000000000000000 ) ) ;
#7006 =( NAMED_UNIT ( * ) PLANE_ANGLE_UNIT ( ) SI_UNIT ( $, .RADIAN. ) );
#7007 = FACE_OUTER_BOUND ( 'NONE', #8386, .T. ) ;
#7008 = AXIS2_PLACEMENT_3D ( 'NONE', #3028, #8945, #6391 ) ;
#7009 = EDGE_CURVE ( 'NONE', #6138, #1530, #749, .T. ) ;
#7010 = PLANE ( 'NONE',  #9741 ) ;
#7011 = ORIENTED_EDGE ( 'NONE', *, *, #8946, .F. ) ;
#7012 = DIRECTION ( 'NONE',  ( -0.000000000000000000, -1.000000000000000000, -0.000000000000000000 ) ) ;
#7013 = EDGE_CURVE ( 'NONE', #8779, #8710, #4332, .T. ) ;
#7014 = ORIENTED_EDGE ( 'NONE', *, *, #1252, .T. ) ;
#7015 = DIRECTION ( 'NONE',  ( -1.807003620809174139E-16, 1.000000000000000000, -1.153875183674998759E-16 ) ) ;
#7016 = LINE ( 'NONE', #6238, #74 ) ;
#7017 = EDGE_CURVE ( 'NONE', #1101, #4766, #490, .T. ) ;
#7018 = EDGE_CURVE ( 'NONE', #6392, #2923, #7897, .T. ) ;
#7019 = VECTOR ( 'NONE', #4693, 1000.000000000000000 ) ;
#7020 = DIRECTION ( 'NONE',  ( 0.000000000000000000, 0.000000000000000000, 1.000000000000000000 ) ) ;
#7021 = DIRECTION ( 'NONE',  ( 0.000000000000000000, 1.000000000000000000, 0.000000000000000000 ) ) ;
#7022 = LINE ( 'NONE', #8506, #3407 ) ;
#7023 = DIRECTION ( 'NONE',  ( -1.000000000000000000, 0.000000000000000000, 0.000000000000000000 ) ) ;
#7024 = ORIENTED_EDGE ( 'NONE', *, *, #5377, .T. ) ;
#7025 = DIRECTION ( 'NONE',  ( 2.478176394252553728E-15, 0.000000000000000000, -1.000000000000000000 ) ) ;
#7026 = ORIENTED_EDGE ( 'NONE', *, *, #2210, .T. ) ;
#7027 = ORIENTED_EDGE ( 'NONE', *, *, #2018, .T. ) ;
#7028 = AXIS2_PLACEMENT_3D ( 'NONE', #4078, #9213, #5067 ) ;
#7029 = PLANE ( 'NONE',  #9936 ) ;
#7030 = EDGE_CURVE ( 'NONE', #6754, #5517, #681, .T. ) ;
#7031 = PLANE ( 'NONE',  #6446 ) ;
#7032 = CARTESIAN_POINT ( 'NONE',  ( -5.049999999999997158, 2.128355624055937206E-16, -5.350000000000001421 ) ) ;
#7033 = EDGE_CURVE ( 'NONE', #9551, #7475, #7933, .T. ) ;
#7034 = VECTOR ( 'NONE', #2798, 1000.000000000000000 ) ;
#7035 = ADVANCED_FACE ( 'NONE', ( #802 ), #7449, .F. ) ;
#7036 = DIRECTION ( 'NONE',  ( 1.000000000000000000, -0.000000000000000000, -0.000000000000000000 ) ) ;
#7037 = DIRECTION ( 'NONE',  ( 0.000000000000000000, -0.000000000000000000, 1.000000000000000000 ) ) ;
#7038 = ORIENTED_EDGE ( 'NONE', *, *, #8794, .T. ) ;
#7039 = EDGE_LOOP ( 'NONE', ( #4777, #3737, #7611, #10455 ) ) ;
#7040 = DIRECTION ( 'NONE',  ( 0.000000000000000000, 1.000000000000000000, 0.000000000000000000 ) ) ;
#7041 = AXIS2_PLACEMENT_3D ( 'NONE', #6436, #2577, #3432 ) ;
#7042 = DIRECTION ( 'NONE',  ( 0.000000000000000000, 0.000000000000000000, 1.000000000000000000 ) ) ;
#7043 = EDGE_CURVE ( 'NONE', #6766, #4572, #7918, .T. ) ;
#7044 = LINE ( 'NONE', #3981, #6877 ) ;
#7045 = DIRECTION ( 'NONE',  ( 1.000000000000000000, -0.000000000000000000, -0.000000000000000000 ) ) ;
#7046 = DIRECTION ( 'NONE',  ( 0.000000000000000000, 0.000000000000000000, -1.000000000000000000 ) ) ;
#7047 = CYLINDRICAL_SURFACE ( 'NONE', #8067, 0.9999999999999996669 ) ;
#7048 = FILL_AREA_STYLE_COLOUR ( '', #7390 ) ;
#7049 = EDGE_CURVE ( 'NONE', #9890, #5420, #4383, .T. ) ;
#7050 = ORIENTED_EDGE ( 'NONE', *, *, #5400, .T. ) ;
#7051 = ORIENTED_EDGE ( 'NONE', *, *, #8846, .F. ) ;
#7052 = ORIENTED_EDGE ( 'NONE', *, *, #5654, .F. ) ;
#7053 = DIRECTION ( 'NONE',  ( 0.000000000000000000, -1.000000000000000000, -0.000000000000000000 ) ) ;
#7054 = CIRCLE ( 'NONE', #4582, 0.1499999999999999667 ) ;
#7055 = CARTESIAN_POINT ( 'NONE',  ( 5.750000000000000000, 5.700000000000000178, 6.700000000000000178 ) ) ;
#7056 = DIRECTION ( 'NONE',  ( 0.000000000000000000, 0.000000000000000000, -1.000000000000000000 ) ) ;
#7057 = PLANE ( 'NONE',  #9714 ) ;
#7058 = CARTESIAN_POINT ( 'NONE',  ( 5.499999999999996447, 1.000000000000000000, 6.700000000000000178 ) ) ;
#7059 = EDGE_CURVE ( 'NONE', #9989, #5700, #504, .T. ) ;
#7060 = CIRCLE ( 'NONE', #1937, 0.1499999999999999667 ) ;
#7061 = ORIENTED_EDGE ( 'NONE', *, *, #2161, .F. ) ;
#7062 = DIRECTION ( 'NONE',  ( 0.000000000000000000, -1.000000000000000000, -0.000000000000000000 ) ) ;
#7063 = AXIS2_PLACEMENT_3D ( 'NONE', #9420, #7828, #2168 ) ;
#7064 = ORIENTED_EDGE ( 'NONE', *, *, #7658, .F. ) ;
#7065 = ORIENTED_EDGE ( 'NONE', *, *, #3288, .F. ) ;
#7066 = DIRECTION ( 'NONE',  ( 0.000000000000000000, -1.000000000000000000, 0.000000000000000000 ) ) ;
#7067 = ADVANCED_FACE ( 'NONE', ( #1028 ), #858, .T. ) ;
#7068 = CARTESIAN_POINT ( 'NONE',  ( 5.699999999999996625, 0.09999999999999971412, 4.500000000000000888 ) ) ;
#7069 = CIRCLE ( 'NONE', #2035, 0.5999999999999989786 ) ;
#7070 = CARTESIAN_POINT ( 'NONE',  ( 5.799999999999996270, 2.100000000000000089, -1.599999999999999867 ) ) ;
#7071 = CARTESIAN_POINT ( 'NONE',  ( -3.850000000000000089, 4.986986664055304885, -5.850000000000000533 ) ) ;
#7072 = LINE ( 'NONE', #366, #3442 ) ;
#7073 = DIRECTION ( 'NONE',  ( -0.000000000000000000, 1.445602896647339163E-16, -1.000000000000000000 ) ) ;
#7074 = EDGE_CURVE ( 'NONE', #8119, #4163, #8161, .T. ) ;
#7075 = DIRECTION ( 'NONE',  ( 1.000000000000000000, 0.000000000000000000, 0.000000000000000000 ) ) ;
#7076 = CARTESIAN_POINT ( 'NONE',  ( 5.799999999999996270, 0.5000000000000004441, -3.000000000000000000 ) ) ;
#7077 = PLANE ( 'NONE',  #625 ) ;
#7078 = ORIENTED_EDGE ( 'NONE', *, *, #7553, .F. ) ;
#7079 = ORIENTED_EDGE ( 'NONE', *, *, #7755, .F. ) ;
#7080 = AXIS2_PLACEMENT_3D ( 'NONE', #5843, #598, #1730 ) ;
#7081 = DIRECTION ( 'NONE',  ( 0.000000000000000000, -1.000000000000000000, 0.000000000000000000 ) ) ;
#7082 = EDGE_CURVE ( 'NONE', #6809, #446, #1114, .T. ) ;
#7083 = DIRECTION ( 'NONE',  ( -0.8191520442889894671, -0.5735764363510493791, 0.000000000000000000 ) ) ;
#7084 = CARTESIAN_POINT ( 'NONE',  ( -6.200000000000000178, 3.100000000000000089, 1.599999999999999867 ) ) ;
#7085 = ADVANCED_FACE ( 'NONE', ( #4721 ), #8088, .T. ) ;
#7086 = DIRECTION ( 'NONE',  ( -0.000000000000000000, 1.000000000000000000, 0.000000000000000000 ) ) ;
#7087 = TOROIDAL_SURFACE ( 'NONE', #4442, 0.05000000000000010686, 0.1499999999999999944 ) ;
#7088 = VECTOR ( 'NONE', #4870, 999.9999999999998863 ) ;
#7089 = VERTEX_POINT ( 'NONE', #2658 ) ;
#7090 = CARTESIAN_POINT ( 'NONE',  ( 3.850000000000000089, 1.000000000000000000, 5.850000000000000533 ) ) ;
#7091 = CARTESIAN_POINT ( 'NONE',  ( 1.734723475976807094E-15, 0.000000000000000000, 4.500000000000001776 ) ) ;
#7092 = ORIENTED_EDGE ( 'NONE', *, *, #10157, .T. ) ;
#7093 = CARTESIAN_POINT ( 'NONE',  ( -1.700000000000000178, 2.650000000000001243, -6.200000000000001954 ) ) ;
#7094 = CARTESIAN_POINT ( 'NONE',  ( -6.172636875200958606, -2.926423563648953063, -1.000000000000000000 ) ) ;
#7095 = PRESENTATION_LAYER_ASSIGNMENT (  '', '', ( #409 ) ) ;
#7096 = AXIS2_PLACEMENT_3D ( 'NONE', #7585, #10234, #1286 ) ;
#7097 = DIRECTION ( 'NONE',  ( -0.000000000000000000, 1.000000000000000000, 2.017120320903263702E-16 ) ) ;
#7098 = EDGE_CURVE ( 'NONE', #7492, #148, #6786, .T. ) ;
#7099 = LINE ( 'NONE', #9434, #7002 ) ;
#7100 = CARTESIAN_POINT ( 'NONE',  ( -3.299999999999999822, 2.999999999999998224, 6.349999999999997868 ) ) ;
#7101 = EDGE_CURVE ( 'NONE', #4473, #3378, #8238, .T. ) ;
#7102 = CARTESIAN_POINT ( 'NONE',  ( 1.734723475976807094E-15, 5.500000000000000888, 6.500000000000000888 ) ) ;
#7103 = ADVANCED_FACE ( 'NONE', ( #841 ), #6029, .T. ) ;
#7104 = ORIENTED_EDGE ( 'NONE', *, *, #3227, .T. ) ;
#7105 = AXIS2_PLACEMENT_3D ( 'NONE', #886, #1719, #2537 ) ;
#7106 = ORIENTED_EDGE ( 'NONE', *, *, #2010, .T. ) ;
#7107 = VERTEX_POINT ( 'NONE', #10573 ) ;
#7108 = DIRECTION ( 'NONE',  ( -1.000000000000000000, 0.000000000000000000, 0.000000000000000000 ) ) ;
#7109 = CARTESIAN_POINT ( 'NONE',  ( 4.250000000000000000, 6.700000000000000178, 5.099999999999999645 ) ) ;
#7110 = AXIS2_PLACEMENT_3D ( 'NONE', #3960, #6464, #4602 ) ;
#7111 = VECTOR ( 'NONE', #9493, 1000.000000000000000 ) ;
#7112 = DIRECTION ( 'NONE',  ( -1.535153518563546084E-16, -1.000000000000000000, 0.000000000000000000 ) ) ;
#7113 = EDGE_CURVE ( 'NONE', #8522, #8382, #1179, .T. ) ;
#7114 = DIRECTION ( 'NONE',  ( 0.000000000000000000, 2.017120320903263702E-16, -1.000000000000000000 ) ) ;
#7115 = DIRECTION ( 'NONE',  ( -0.5735764363510492680, -0.8191520442889895781, 0.000000000000000000 ) ) ;
#7116 = CARTESIAN_POINT ( 'NONE',  ( 4.250000000000000000, 6.550000000000000711, -5.099999999999999645 ) ) ;
#7117 = DIRECTION ( 'NONE',  ( 0.000000000000000000, -4.430117370400858162E-17, 1.000000000000000000 ) ) ;
#7118 = LINE ( 'NONE', #6455, #3345 ) ;
#7119 = EDGE_CURVE ( 'NONE', #4627, #7368, #8142, .T. ) ;
#7120 = EDGE_LOOP ( 'NONE', ( #8189, #580, #8395, #1446 ) ) ;
#7121 = ADVANCED_FACE ( 'NONE', ( #4704 ), #8111, .F. ) ;
#7122 = DIRECTION ( 'NONE',  ( 0.000000000000000000, 0.000000000000000000, -1.000000000000000000 ) ) ;
#7123 = ORIENTED_EDGE ( 'NONE', *, *, #10350, .F. ) ;
#7124 = ORIENTED_EDGE ( 'NONE', *, *, #286, .T. ) ;
#7125 = DIRECTION ( 'NONE',  ( -2.478176394252553728E-15, 0.000000000000000000, -1.000000000000000000 ) ) ;
#7126 = EDGE_CURVE ( 'NONE', #1781, #7721, #1129, .T. ) ;
#7127 = CARTESIAN_POINT ( 'NONE',  ( 6.399999999999998579, -0.6400000000000000133, 1.000000000000000000 ) ) ;
#7128 = TOROIDAL_SURFACE ( 'NONE', #1480, 0.05000000000000010686, 0.1499999999999999944 ) ;
#7129 = CARTESIAN_POINT ( 'NONE',  ( -2.499999999999999556, 0.1000000000000016848, -7.049999999999999822 ) ) ;
#7130 = CARTESIAN_POINT ( 'NONE',  ( -4.549999999999997158, 1.000000000000000000, 5.850000000000000533 ) ) ;
#7131 = AXIS2_PLACEMENT_3D ( 'NONE', #6532, #1493, #3881 ) ;
#7132 = FACE_OUTER_BOUND ( 'NONE', #4376, .T. ) ;
#7133 = CARTESIAN_POINT ( 'NONE',  ( 5.799999999999996270, 1.000000000000000000, 5.000000000000000888 ) ) ;
#7134 = CARTESIAN_POINT ( 'NONE',  ( -5.799999999999998934, 5.650000000000001243, 5.250000000000000000 ) ) ;
#7135 = SURFACE_SIDE_STYLE ('',( #3873 ) ) ;
#7136 = EDGE_CURVE ( 'NONE', #2514, #6185, #1044, .T. ) ;
#7137 = VERTEX_POINT ( 'NONE', #7886 ) ;
#7138 = CARTESIAN_POINT ( 'NONE',  ( -2.500000000000000000, -2.349999999999998312, -7.200000000000001066 ) ) ;
#7139 = ORIENTED_EDGE ( 'NONE', *, *, #464, .F. ) ;
#7140 = DIRECTION ( 'NONE',  ( 0.000000000000000000, -0.000000000000000000, 1.000000000000000000 ) ) ;
#7141 = ADVANCED_FACE ( 'NONE', ( #4586 ), #516, .T. ) ;
#7142 = EDGE_CURVE ( 'NONE', #2395, #1208, #1013, .T. ) ;
#7143 = CYLINDRICAL_SURFACE ( 'NONE', #6597, 0.1499999999999999667 ) ;
#7144 = CARTESIAN_POINT ( 'NONE',  ( 5.828491013390330266, -2.434932337075561115, 0.000000000000000000 ) ) ;
#7145 = DIRECTION ( 'NONE',  ( 1.327027319204863784E-16, -1.000000000000000000, -0.000000000000000000 ) ) ;
#7146 = LINE ( 'NONE', #3062, #3554 ) ;
#7147 = ORIENTED_EDGE ( 'NONE', *, *, #1265, .F. ) ;
#7148 = AXIS2_PLACEMENT_3D ( 'NONE', #5907, #389, #6765 ) ;
#7149 = CARTESIAN_POINT ( 'NONE',  ( 2.542012759203106320, 2.400000000000000355, -2.000000000000000000 ) ) ;
#7150 = DIRECTION ( 'NONE',  ( -2.478176394252553728E-15, 0.000000000000000000, 1.000000000000000000 ) ) ;
#7151 = ORIENTED_EDGE ( 'NONE', *, *, #818, .T. ) ;
#7152 = VERTEX_POINT ( 'NONE', #10316 ) ;
#7153 = DIRECTION ( 'NONE',  ( -1.000000000000000000, -0.000000000000000000, -0.000000000000000000 ) ) ;
#7154 = EDGE_CURVE ( 'NONE', #1101, #7890, #4686, .T. ) ;
#7155 = DIRECTION ( 'NONE',  ( 0.000000000000000000, -2.460132057943349518E-16, 1.000000000000000000 ) ) ;
#7156 = LINE ( 'NONE', #4747, #217 ) ;
#7157 = EDGE_CURVE ( 'NONE', #8246, #773, #4759, .T. ) ;
#7158 = DIRECTION ( 'NONE',  ( 1.000000000000000000, 0.000000000000000000, 0.000000000000000000 ) ) ;
#7159 = ADVANCED_FACE ( 'NONE', ( #8255 ), #3109, .T. ) ;
#7160 = LINE ( 'NONE', #10341, #7111 ) ;
#7161 = DIRECTION ( 'NONE',  ( 0.000000000000000000, -1.000000000000000000, -4.430117370400858162E-17 ) ) ;
#7162 = DIRECTION ( 'NONE',  ( -1.000000000000000000, 0.000000000000000000, 0.000000000000000000 ) ) ;
#7163 = VECTOR ( 'NONE', #2534, 1000.000000000000000 ) ;
#7164 = VERTEX_POINT ( 'NONE', #6229 ) ;
#7165 = ORIENTED_EDGE ( 'NONE', *, *, #4940, .T. ) ;
#7166 = ORIENTED_EDGE ( 'NONE', *, *, #6359, .F. ) ;
#7167 = ORIENTED_EDGE ( 'NONE', *, *, #2155, .T. ) ;
#7168 = DIRECTION ( 'NONE',  ( -1.327027319204863784E-16, -1.000000000000000000, -0.000000000000000000 ) ) ;
#7169 = EDGE_CURVE ( 'NONE', #6995, #7564, #1162, .T. ) ;
#7170 = TOROIDAL_SURFACE ( 'NONE', #7991, 0.4249999999999982681, 0.1499999999999999944 ) ;
#7171 = DIRECTION ( 'NONE',  ( 0.000000000000000000, 0.000000000000000000, 1.000000000000000000 ) ) ;
#7172 = AXIS2_PLACEMENT_3D ( 'NONE', #5665, #6475, #10582 ) ;
#7173 = FACE_OUTER_BOUND ( 'NONE', #4619, .T. ) ;
#7174 = CARTESIAN_POINT ( 'NONE',  ( -2.900000000000000355, -3.099999999999996980, -7.050000000000002487 ) ) ;
#7175 = CARTESIAN_POINT ( 'NONE',  ( -2.100000000000000089, 2.504411906293519507, 7.299999999999998934 ) ) ;
#7176 = CARTESIAN_POINT ( 'NONE',  ( 6.399999999999998579, -2.034757436496875016, -1.000000000000000000 ) ) ;
#7177 = CARTESIAN_POINT ( 'NONE',  ( 5.049999999999997158, 4.986986664055304885, 5.000000000000000888 ) ) ;
#7178 = CARTESIAN_POINT ( 'NONE',  ( -5.799999999999998934, 3.100000000000000533, 5.250000000000000000 ) ) ;
#7179 = LINE ( 'NONE', #8577, #10590 ) ;
#7180 = DIRECTION ( 'NONE',  ( 0.000000000000000000, -1.445602896647339163E-16, 1.000000000000000000 ) ) ;
#7181 = CARTESIAN_POINT ( 'NONE',  ( 2.500000000000000000, -2.299999999999999822, 7.549999999999998046 ) ) ;
#7182 = EDGE_LOOP ( 'NONE', ( #20, #8264, #3366, #702 ) ) ;
#7183 = ORIENTED_EDGE ( 'NONE', *, *, #6742, .T. ) ;
#7184 = FILL_AREA_STYLE ('',( #4664 ) ) ;
#7185 = CARTESIAN_POINT ( 'NONE',  ( 6.199999999999998401, -0.6400000000000000133, 1.000000000000000000 ) ) ;
#7186 = VECTOR ( 'NONE', #6960, 1000.000000000000000 ) ;
#7187 = LINE ( 'NONE', #5484, #206 ) ;
#7188 = DIRECTION ( 'NONE',  ( -0.8191520442889909104, 0.5735764363510473807, 0.000000000000000000 ) ) ;
#7189 = AXIS2_PLACEMENT_3D ( 'NONE', #1282, #10230, #4594 ) ;
#7190 = CARTESIAN_POINT ( 'NONE',  ( 6.744145861810626918, -2.526248663070270073, 1.000000000000000000 ) ) ;
#7191 = PRESENTATION_STYLE_ASSIGNMENT (( #760 ) ) ;
#7192 = DIRECTION ( 'NONE',  ( 0.000000000000000000, -0.000000000000000000, -1.000000000000000000 ) ) ;
#7193 = PLANE ( 'NONE',  #3713 ) ;
#7194 = VERTEX_POINT ( 'NONE', #9725 ) ;
#7195 = EDGE_CURVE ( 'NONE', #3908, #8617, #994, .T. ) ;
#7196 = ADVANCED_FACE ( 'NONE', ( #1062 ), #8308, .T. ) ;
#7197 = DIRECTION ( 'NONE',  ( 0.000000000000000000, -4.430117370400858162E-17, 1.000000000000000000 ) ) ;
#7198 = DIRECTION ( 'NONE',  ( -0.8191520442889909104, 0.5735764363510473807, 0.000000000000000000 ) ) ;
#7199 = ORIENTED_EDGE ( 'NONE', *, *, #4743, .T. ) ;
#7200 = ORIENTED_EDGE ( 'NONE', *, *, #2497, .T. ) ;
#7201 = DIRECTION ( 'NONE',  ( 0.000000000000000000, 0.000000000000000000, 1.000000000000000000 ) ) ;
#7202 = MANIFOLD_SOLID_BREP ( 'Combine4', #5537 ) ;
#7203 = FACE_OUTER_BOUND ( 'NONE', #2334, .T. ) ;
#7204 = AXIS2_PLACEMENT_3D ( 'NONE', #1839, #9273, #6734 ) ;
#7205 = DIRECTION ( 'NONE',  ( 0.000000000000000000, 4.430117370400858162E-17, -1.000000000000000000 ) ) ;
#7206 = CARTESIAN_POINT ( 'NONE',  ( 2.100000000000000089, -3.099999999999996980, -6.800000000000002487 ) ) ;
#7207 = ORIENTED_EDGE ( 'NONE', *, *, #9322, .T. ) ;
#7208 = AXIS2_PLACEMENT_3D ( 'NONE', #530, #5443, #4675 ) ;
#7209 = ORIENTED_EDGE ( 'NONE', *, *, #2766, .F. ) ;
#7210 = CARTESIAN_POINT ( 'NONE',  ( -3.880824640740575759, 0.09999999999999990841, 5.850000000000000533 ) ) ;
#7211 = DIRECTION ( 'NONE',  ( 0.000000000000000000, 0.000000000000000000, -1.000000000000000000 ) ) ;
#7212 = ORIENTED_EDGE ( 'NONE', *, *, #10570, .F. ) ;
#7213 = EDGE_CURVE ( 'NONE', #5193, #9077, #877, .T. ) ;
#7214 = VERTEX_POINT ( 'NONE', #1434 ) ;
#7215 = DIRECTION ( 'NONE',  ( 0.000000000000000000, 1.000000000000000000, 0.000000000000000000 ) ) ;
#7216 = CARTESIAN_POINT ( 'NONE',  ( 1.700000000000000178, 0.7999999999999983791, 7.299999999999998934 ) ) ;
#7217 = VERTEX_POINT ( 'NONE', #8037 ) ;
#7218 = EDGE_CURVE ( 'NONE', #223, #7356, #7970, .T. ) ;
#7219 = VECTOR ( 'NONE', #8812, 1000.000000000000000 ) ;
#7220 = DIRECTION ( 'NONE',  ( -0.000000000000000000, -0.000000000000000000, -1.000000000000000000 ) ) ;
#7221 = DIRECTION ( 'NONE',  ( -0.000000000000000000, 1.000000000000000000, 1.445602896647339163E-16 ) ) ;
#7222 = EDGE_CURVE ( 'NONE', #4330, #1332, #7993, .T. ) ;
#7223 = CARTESIAN_POINT ( 'NONE',  ( 0.4000000000000001887, -3.099999999999999201, 7.299999999999998934 ) ) ;
#7224 = ORIENTED_EDGE ( 'NONE', *, *, #1943, .F. ) ;
#7225 = CARTESIAN_POINT ( 'NONE',  ( 5.750000000000000000, 6.100000000000000533, 6.700000000000000178 ) ) ;
#7226 = SURFACE_STYLE_USAGE ( .BOTH. , #2456 ) ;
#7227 = ORIENTED_EDGE ( 'NONE', *, *, #2633, .T. ) ;
#7228 = VERTEX_POINT ( 'NONE', #7401 ) ;
#7229 = AXIS2_PLACEMENT_3D ( 'NONE', #9510, #1132, #421 ) ;
#7230 = EDGE_CURVE ( 'NONE', #2529, #10542, #8049, .T. ) ;
#7231 = CARTESIAN_POINT ( 'NONE',  ( -6.514715287270208322, -2.198587845354674108, 1.000000000000000000 ) ) ;
#7232 = VECTOR ( 'NONE', #5153, 1000.000000000000000 ) ;
#7233 = DIRECTION ( 'NONE',  ( -1.535153518563546084E-16, 1.000000000000000000, 0.000000000000000000 ) ) ;
#7234 = EDGE_CURVE ( 'NONE', #10435, #3035, #898, .T. ) ;
#7235 = PRESENTATION_STYLE_ASSIGNMENT (( #2491 ) ) ;
#7236 = ADVANCED_FACE ( 'NONE', ( #4457 ), #8258, .F. ) ;
#7237 = ORIENTED_EDGE ( 'NONE', *, *, #10350, .T. ) ;
#7238 = LINE ( 'NONE', #6140, #3729 ) ;
#7239 = CARTESIAN_POINT ( 'NONE',  ( -5.750000000000000000, 5.650000000000001243, 5.250000000000000000 ) ) ;
#7240 = EDGE_CURVE ( 'NONE', #1944, #870, #931, .T. ) ;
#7241 = CARTESIAN_POINT ( 'NONE',  ( -5.750000000000000000, 5.700000000000000178, 6.700000000000000178 ) ) ;
#7242 = DIRECTION ( 'NONE',  ( -1.000000000000000000, -0.000000000000000000, -0.000000000000000000 ) ) ;
#7243 = CARTESIAN_POINT ( 'NONE',  ( -5.799999999999996270, 0.5000000000000002220, 3.000000000000000000 ) ) ;
#7244 = VERTEX_POINT ( 'NONE', #5093 ) ;
#7245 = DIRECTION ( 'NONE',  ( 0.000000000000000000, -4.430117370400858162E-17, 1.000000000000000000 ) ) ;
#7246 = LINE ( 'NONE', #8388, #208 ) ;
#7247 = CARTESIAN_POINT ( 'NONE',  ( -5.049999999999997158, 1.000000000000000000, 5.000000000000000888 ) ) ;
#7248 = ORIENTED_EDGE ( 'NONE', *, *, #1045, .T. ) ;
#7249 = VERTEX_POINT ( 'NONE', #1728 ) ;
#7250 = ORIENTED_EDGE ( 'NONE', *, *, #3532, .F. ) ;
#7251 = CARTESIAN_POINT ( 'NONE',  ( -1.699999999999999956, 2.949999999999998845, 7.299999999999998934 ) ) ;
#7252 = DIRECTION ( 'NONE',  ( 0.000000000000000000, -1.000000000000000000, 0.000000000000000000 ) ) ;
#7253 = AXIS2_PLACEMENT_3D ( 'NONE', #5329, #8696, #9505 ) ;
#7254 = FACE_OUTER_BOUND ( 'NONE', #4914, .T. ) ;
#7255 = ORIENTED_EDGE ( 'NONE', *, *, #3884, .F. ) ;
#7256 = VERTEX_POINT ( 'NONE', #6615 ) ;
#7257 = EDGE_CURVE ( 'NONE', #10232, #1346, #4530, .T. ) ;
#7258 = VECTOR ( 'NONE', #5122, 1000.000000000000000 ) ;
#7259 = CARTESIAN_POINT ( 'NONE',  ( -5.049999999999997158, 2.128355624055937206E-16, 5.350000000000001421 ) ) ;
#7260 = CARTESIAN_POINT ( 'NONE',  ( -2.550000000000000711, 0.1000000000000015876, -7.200000000000000178 ) ) ;
#7261 = ORIENTED_EDGE ( 'NONE', *, *, #3490, .T. ) ;
#7262 = FACE_OUTER_BOUND ( 'NONE', #8220, .T. ) ;
#7263 = ADVANCED_FACE ( 'NONE', ( #1560 ), #3515, .F. ) ;
#7264 = CARTESIAN_POINT ( 'NONE',  ( 5.699999999999998401, 0.6000000000000007550, -3.000000000000000000 ) ) ;
#7265 = EDGE_CURVE ( 'NONE', #6281, #9762, #8356, .T. ) ;
#7266 = CARTESIAN_POINT ( 'NONE',  ( -0.7999999999999999334, 0.7999999999999983791, 7.299999999999998934 ) ) ;
#7267 = ORIENTED_EDGE ( 'NONE', *, *, #5688, .T. ) ;
#7268 = CARTESIAN_POINT ( 'NONE',  ( 4.250000000000000000, 6.550000000000000711, -5.524999999999999467 ) ) ;
#7269 = VERTEX_POINT ( 'NONE', #3331 ) ;
#7270 = CARTESIAN_POINT ( 'NONE',  ( 1.700000000000000178, 1.099999999999999867, -6.750000000000001776 ) ) ;
#7271 = VERTEX_POINT ( 'NONE', #7323 ) ;
#7272 = DIRECTION ( 'NONE',  ( 0.000000000000000000, 4.430117370400858162E-17, -1.000000000000000000 ) ) ;
#7273 = VECTOR ( 'NONE', #4388, 1000.000000000000000 ) ;
#7274 = DIRECTION ( 'NONE',  ( 0.000000000000000000, 0.000000000000000000, 1.000000000000000000 ) ) ;
#7275 = EDGE_LOOP ( 'NONE', ( #6689, #3168, #8420, #6586 ) ) ;
#7276 = AXIS2_PLACEMENT_3D ( 'NONE', #6413, #3972, #9547 ) ;
#7277 = DIRECTION ( 'NONE',  ( 1.535153518563546084E-16, -1.000000000000000000, -0.000000000000000000 ) ) ;
#7278 = DIRECTION ( 'NONE',  ( 0.9396926207859082059, 0.3420201433256695456, 8.414147190578587988E-17 ) ) ;
#7279 = VECTOR ( 'NONE', #1271, 1000.000000000000000 ) ;
#7280 = EDGE_CURVE ( 'NONE', #6955, #2306, #1284, .T. ) ;
#7281 = ORIENTED_EDGE ( 'NONE', *, *, #6289, .F. ) ;
#7282 = VECTOR ( 'NONE', #250, 1000.000000000000000 ) ;
#7283 = ADVANCED_FACE ( 'NONE', ( #1527 ), #4955, .T. ) ;
#7284 = CARTESIAN_POINT ( 'NONE',  ( -5.049999999999997158, 1.929479379815013440E-14, -4.500000000000000000 ) ) ;
#7285 = EDGE_CURVE ( 'NONE', #8617, #10273, #4972, .T. ) ;
#7286 = DIRECTION ( 'NONE',  ( -0.8191520442889909104, -0.5735764363510473807, 0.000000000000000000 ) ) ;
#7287 = EDGE_LOOP ( 'NONE', ( #5589, #544, #7104, #7805 ) ) ;
#7288 = ORIENTED_EDGE ( 'NONE', *, *, #423, .T. ) ;
#7289 = DIRECTION ( 'NONE',  ( -0.8191520442889909104, 0.5735764363510472696, 0.000000000000000000 ) ) ;
#7290 = EDGE_LOOP ( 'NONE', ( #6346, #6571, #8631, #10160 ) ) ;
#7291 = DIRECTION ( 'NONE',  ( 0.000000000000000000, 0.000000000000000000, 1.000000000000000000 ) ) ;
#7292 = CARTESIAN_POINT ( 'NONE',  ( -2.542012759203106320, 0.1000000000000001721, 2.000000000000000000 ) ) ;
#7293 = CIRCLE ( 'NONE', #282, 0.4249999999999982681 ) ;
#7294 = CARTESIAN_POINT ( 'NONE',  ( 5.799999999999996270, 0.5000000000000002220, -4.499999999999997335 ) ) ;
#7295 = ORIENTED_EDGE ( 'NONE', *, *, #7778, .T. ) ;
#7296 = CIRCLE ( 'NONE', #9216, 0.1999999999999996503 ) ;
#7297 = DIRECTION ( 'NONE',  ( -0.000000000000000000, -0.000000000000000000, 1.000000000000000000 ) ) ;
#7298 = ORIENTED_EDGE ( 'NONE', *, *, #6206, .F. ) ;
#7299 = CARTESIAN_POINT ( 'NONE',  ( 5.799999999999998046, 2.100000000000000089, 5.250000000000000000 ) ) ;
#7300 = FACE_OUTER_BOUND ( 'NONE', #7039, .T. ) ;
#7301 = CARTESIAN_POINT ( 'NONE',  ( -6.199999999999999289, 5.650000000000001243, 5.250000000000000000 ) ) ;
#7302 = EDGE_CURVE ( 'NONE', #2113, #8585, #8604, .T. ) ;
#7303 = VERTEX_POINT ( 'NONE', #4402 ) ;
#7304 = EDGE_LOOP ( 'NONE', ( #1504, #4188, #8368, #7106 ) ) ;
#7305 = ORIENTED_EDGE ( 'NONE', *, *, #6850, .F. ) ;
#7306 = AXIS2_PLACEMENT_3D ( 'NONE', #5890, #2005, #6746 ) ;
#7307 = ADVANCED_FACE ( 'NONE', ( #5004 ), #7617, .F. ) ;
#7308 = CARTESIAN_POINT ( 'NONE',  ( -1.700000000000000178, 0.5000000000000026645, -6.800000000000001599 ) ) ;
#7309 = CARTESIAN_POINT ( 'NONE',  ( -0.2000000000000005107, -2.299999999999999822, 7.549999999999999822 ) ) ;
#7310 = EDGE_LOOP ( 'NONE', ( #3164, #7079, #2971, #8015 ) ) ;
#7311 = PLANE ( 'NONE',  #3564 ) ;
#7312 = CARTESIAN_POINT ( 'NONE',  ( -3.880824640740575759, 0.1000000000000006717, -5.850000000000000533 ) ) ;
#7313 = DIRECTION ( 'NONE',  ( 0.000000000000000000, -1.000000000000000000, 0.000000000000000000 ) ) ;
#7314 = DIRECTION ( 'NONE',  ( 0.000000000000000000, 0.000000000000000000, 1.000000000000000000 ) ) ;
#7315 = ORIENTED_EDGE ( 'NONE', *, *, #9972, .F. ) ;
#7316 = CARTESIAN_POINT ( 'NONE',  ( -3.850000000000000089, 1.000000000000000000, -5.850000000000000533 ) ) ;
#7317 = AXIS2_PLACEMENT_3D ( 'NONE', #4938, #5006, #9153 ) ;
#7318 = LINE ( 'NONE', #1585, #224 ) ;
#7319 = DIRECTION ( 'NONE',  ( 0.000000000000000000, 0.000000000000000000, 1.000000000000000000 ) ) ;
#7320 = ORIENTED_EDGE ( 'NONE', *, *, #7609, .T. ) ;
#7321 = ORIENTED_EDGE ( 'NONE', *, *, #2398, .T. ) ;
#7322 = EDGE_LOOP ( 'NONE', ( #7647, #4496, #8084, #4545 ) ) ;
#7323 = CARTESIAN_POINT ( 'NONE',  ( 3.880824640740575759, 0.4999999999999998890, -4.499999999999997335 ) ) ;
#7324 = AXIS2_PLACEMENT_3D ( 'NONE', #1145, #2071, #2870 ) ;
#7325 = FACE_OUTER_BOUND ( 'NONE', #9964, .T. ) ;
#7326 = EDGE_LOOP ( 'NONE', ( #2165, #9951, #2128, #6755 ) ) ;
#7327 = EDGE_CURVE ( 'NONE', #974, #4572, #8469, .T. ) ;
#7328 = ADVANCED_FACE ( 'NONE', ( #4794 ), #259, .F. ) ;
#7329 = LINE ( 'NONE', #843, #398 ) ;
#7330 = PLANE ( 'NONE',  #9409 ) ;
#7331 = DIRECTION ( 'NONE',  ( 1.000000000000000000, -0.000000000000000000, -1.224646799147353207E-16 ) ) ;
#7332 = VERTEX_POINT ( 'NONE', #1803 ) ;
#7333 = COLOUR_RGB ( '',0.7921568627450980005, 0.8196078431372548767, 0.9333333333333333481 ) ;
#7334 = CARTESIAN_POINT ( 'NONE',  ( -6.399999999999998579, -2.034757436496875016, 1.000000000000000000 ) ) ;
#7335 = CARTESIAN_POINT ( 'NONE',  ( -2.100000000000000089, -3.099999999999998312, -6.200000000000001954 ) ) ;
#7336 = ORIENTED_EDGE ( 'NONE', *, *, #9106, .T. ) ;
#7337 = AXIS2_PLACEMENT_3D ( 'NONE', #6064, #3653, #72 ) ;
#7338 = CARTESIAN_POINT ( 'NONE',  ( 1.700000000000000178, 0.8499999999999999778, -6.750000000000001776 ) ) ;
#7339 = DIRECTION ( 'NONE',  ( -1.000000000000000000, 1.327027319204863784E-16, 0.000000000000000000 ) ) ;
#7340 = ORIENTED_EDGE ( 'NONE', *, *, #1401, .F. ) ;
#7341 = FILL_AREA_STYLE ('',( #4895 ) ) ;
#7342 = VERTEX_POINT ( 'NONE', #6773 ) ;
#7343 = DIRECTION ( 'NONE',  ( -1.000000000000000000, 0.000000000000000000, 0.000000000000000000 ) ) ;
#7344 = CIRCLE ( 'NONE', #4659, 0.6000000000000007550 ) ;
#7345 = AXIS2_PLACEMENT_3D ( 'NONE', #374, #10089, #4452 ) ;
#7346 = CARTESIAN_POINT ( 'NONE',  ( 3.299999999999999822, 0.8000000000000001554, -6.750000000000001776 ) ) ;
#7347 = EDGE_CURVE ( 'NONE', #205, #5885, #8675, .T. ) ;
#7348 = ORIENTED_EDGE ( 'NONE', *, *, #7640, .T. ) ;
#7349 = VECTOR ( 'NONE', #8914, 1000.000000000000000 ) ;
#7350 = CARTESIAN_POINT ( 'NONE',  ( -5.049999999999997158, 2.400000000000000355, 5.350000000000001421 ) ) ;
#7351 = CARTESIAN_POINT ( 'NONE',  ( -3.299999999999999822, 3.249999999999998224, 7.249999999999999112 ) ) ;
#7352 = ORIENTED_EDGE ( 'NONE', *, *, #7017, .F. ) ;
#7353 = FACE_OUTER_BOUND ( 'NONE', #8372, .T. ) ;
#7354 = CARTESIAN_POINT ( 'NONE',  ( 6.199999999999999289, 5.650000000000001243, 5.250000000000000000 ) ) ;
#7355 = EDGE_CURVE ( 'NONE', #927, #10553, #1340, .T. ) ;
#7356 = VERTEX_POINT ( 'NONE', #1173 ) ;
#7357 = LINE ( 'NONE', #9424, #7413 ) ;
#7358 = EDGE_CURVE ( 'NONE', #1031, #1926, #4847, .T. ) ;
#7359 = ORIENTED_EDGE ( 'NONE', *, *, #4951, .T. ) ;
#7360 = CARTESIAN_POINT ( 'NONE',  ( 5.799999999999998934, 5.650000000000001243, 5.250000000000000000 ) ) ;
#7361 = ORIENTED_EDGE ( 'NONE', *, *, #9568, .F. ) ;
#7362 = CARTESIAN_POINT ( 'NONE',  ( 3.016417413042201456, 0.02086324578292339874, -6.800000000000001599 ) ) ;
#7363 = EDGE_CURVE ( 'NONE', #2674, #6754, #1477, .T. ) ;
#7364 = CARTESIAN_POINT ( 'NONE',  ( 0.8000000000000001554, 2.949999999999998401, 7.549999999999999822 ) ) ;
#7365 = CIRCLE ( 'NONE', #2730, 0.4249999999999982681 ) ;
#7366 = PLANE ( 'NONE',  #1568 ) ;
#7367 = DIRECTION ( 'NONE',  ( 0.000000000000000000, 0.000000000000000000, 1.000000000000000000 ) ) ;
#7368 = VERTEX_POINT ( 'NONE', #2976 ) ;
#7369 = FACE_OUTER_BOUND ( 'NONE', #6340, .T. ) ;
#7370 = DIRECTION ( 'NONE',  ( 1.000000000000000000, -1.327027319204863784E-16, 0.000000000000000000 ) ) ;
#7371 = EDGE_LOOP ( 'NONE', ( #2494, #3771, #7605, #7423 ) ) ;
#7372 = CARTESIAN_POINT ( 'NONE',  ( 3.880824640740575759, 0.09999999999999990841, -2.599999999999997424 ) ) ;
#7373 = CARTESIAN_POINT ( 'NONE',  ( 5.049999999999997158, 2.128355624055937206E-16, -5.350000000000001421 ) ) ;
#7374 = VERTEX_POINT ( 'NONE', #7694 ) ;
#7375 = AXIS2_PLACEMENT_3D ( 'NONE', #9360, #8320, #3703 ) ;
#7376 = CARTESIAN_POINT ( 'NONE',  ( 5.799999999999997158, 1.000000000000000222, -4.500000000000000888 ) ) ;
#7377 = VECTOR ( 'NONE', #1105, 1000.000000000000114 ) ;
#7378 = DIRECTION ( 'NONE',  ( 0.000000000000000000, -4.430117370400858162E-17, 1.000000000000000000 ) ) ;
#7379 = ORIENTED_EDGE ( 'NONE', *, *, #7929, .F. ) ;
#7380 = ADVANCED_FACE ( 'NONE', ( #8482 ), #8376, .T. ) ;
#7381 = EDGE_CURVE ( 'NONE', #991, #193, #1299, .T. ) ;
#7382 = EDGE_LOOP ( 'NONE', ( #6751, #2681, #10215, #9466, #9575, #9827, #2830, #7766 ) ) ;
#7383 = EDGE_CURVE ( 'NONE', #10274, #3010, #1412, .T. ) ;
#7384 = DIRECTION ( 'NONE',  ( 0.000000000000000000, -4.430117370400858162E-17, 1.000000000000000000 ) ) ;
#7385 = LINE ( 'NONE', #3649, #7405 ) ;
#7386 = DIRECTION ( 'NONE',  ( 0.000000000000000000, 0.000000000000000000, -1.000000000000000000 ) ) ;
#7387 = ORIENTED_EDGE ( 'NONE', *, *, #433, .F. ) ;
#7388 = CYLINDRICAL_SURFACE ( 'NONE', #5829, 0.4000000000000001887 ) ;
#7389 = TOROIDAL_SURFACE ( 'NONE', #4804, 0.05000000000000010686, 0.1499999999999999944 ) ;
#7390 = COLOUR_RGB ( '',0.7921568627450980005, 0.8196078431372548767, 0.9333333333333333481 ) ;
#7391 = DIRECTION ( 'NONE',  ( 0.000000000000000000, 4.869470219022243768E-16, -1.000000000000000000 ) ) ;
#7392 = DIRECTION ( 'NONE',  ( -0.000000000000000000, -0.000000000000000000, 1.000000000000000000 ) ) ;
#7393 = CARTESIAN_POINT ( 'NONE',  ( 6.514715287270208322, -2.198587845354674108, 1.000000000000000000 ) ) ;
#7394 = CARTESIAN_POINT ( 'NONE',  ( -6.199999999999998401, -0.6400000000000000133, 1.000000000000000000 ) ) ;
#7395 = ORIENTED_EDGE ( 'NONE', *, *, #10474, .T. ) ;
#7396 = CARTESIAN_POINT ( 'NONE',  ( -2.100000000000000089, 0.3544119062935215392, -7.050000000000001599 ) ) ;
#7397 = FACE_OUTER_BOUND ( 'NONE', #3093, .T. ) ;
#7398 = DIRECTION ( 'NONE',  ( 1.000000000000000000, 0.000000000000000000, 0.000000000000000000 ) ) ;
#7399 = AXIS2_PLACEMENT_3D ( 'NONE', #10381, #10313, #8442 ) ;
#7400 = ORIENTED_EDGE ( 'NONE', *, *, #3155, .T. ) ;
#7401 = CARTESIAN_POINT ( 'NONE',  ( 0.8000000000000001554, 2.999999999999998224, 7.249999999999999112 ) ) ;
#7402 = EDGE_CURVE ( 'NONE', #4766, #7089, #8555, .T. ) ;
#7403 = ADVANCED_FACE ( 'NONE', ( #1494 ), #5455, .F. ) ;
#7404 = CARTESIAN_POINT ( 'NONE',  ( 0.8000000000000001554, 2.949999999999998845, 7.249999999999999112 ) ) ;
#7405 = VECTOR ( 'NONE', #404, 1000.000000000000000 ) ;
#7406 = EDGE_CURVE ( 'NONE', #7269, #10164, #4986, .T. ) ;
#7407 = ORIENTED_EDGE ( 'NONE', *, *, #9950, .F. ) ;
#7408 = FACE_OUTER_BOUND ( 'NONE', #5370, .T. ) ;
#7409 = FACE_OUTER_BOUND ( 'NONE', #7275, .T. ) ;
#7410 = FACE_OUTER_BOUND ( 'NONE', #7322, .T. ) ;
#7411 = CARTESIAN_POINT ( 'NONE',  ( 0.000000000000000000, 3.100000000000000089, -4.500000000000000888 ) ) ;
#7412 = VERTEX_POINT ( 'NONE', #6118 ) ;
#7413 = VECTOR ( 'NONE', #10334, 999.9999999999998863 ) ;
#7414 = DIRECTION ( 'NONE',  ( 0.000000000000000000, 0.000000000000000000, -1.000000000000000000 ) ) ;
#7415 = DIRECTION ( 'NONE',  ( 0.000000000000000000, 0.000000000000000000, -1.000000000000000000 ) ) ;
#7416 = DIRECTION ( 'NONE',  ( 0.000000000000000000, 0.000000000000000000, 1.000000000000000000 ) ) ;
#7417 = CARTESIAN_POINT ( 'NONE',  ( 2.598076211353316900, 29.50000000000000000, 1.499999999999999112 ) ) ;
#7418 = ORIENTED_EDGE ( 'NONE', *, *, #7469, .T. ) ;
#7419 = AXIS2_PLACEMENT_3D ( 'NONE', #3388, #3324, #4801 ) ;
#7420 = EDGE_CURVE ( 'NONE', #10473, #7545, #8410, .T. ) ;
#7421 = CIRCLE ( 'NONE', #5701, 0.1499999999999999667 ) ;
#7422 = CARTESIAN_POINT ( 'NONE',  ( 5.799999999999996270, 0.5000000000000002220, 3.000000000000000000 ) ) ;
#7423 = ORIENTED_EDGE ( 'NONE', *, *, #2297, .F. ) ;
#7424 = LINE ( 'NONE', #9852, #7528 ) ;
#7425 = DIRECTION ( 'NONE',  ( 0.000000000000000000, -1.000000000000000000, 0.000000000000000000 ) ) ;
#7426 = ADVANCED_FACE ( 'NONE', ( #8570 ), #2031, .T. ) ;
#7427 = DIRECTION ( 'NONE',  ( 1.000000000000000000, 0.000000000000000000, -0.000000000000000000 ) ) ;
#7428 = EDGE_LOOP ( 'NONE', ( #5082, #4676, #9078, #8241 ) ) ;
#7430 = AXIS2_PLACEMENT_3D ( 'NONE', #5790, #2426, #8 ) ;
#7429 = LINE ( 'NONE', #2954, #3936 ) ;
#7431 = PRESENTATION_STYLE_ASSIGNMENT (( #2930 ) ) ;
#7432 = EDGE_LOOP ( 'NONE', ( #3278, #4222, #10459, #5298 ) ) ;
#7433 = FACE_OUTER_BOUND ( 'NONE', #2959, .T. ) ;
#7434 = EDGE_LOOP ( 'NONE', ( #622, #2790, #5902, #10302, #998, #862 ) ) ;
#7435 = DIRECTION ( 'NONE',  ( 0.000000000000000000, -1.000000000000000000, 0.000000000000000000 ) ) ;
#7436 = DIRECTION ( 'NONE',  ( 0.000000000000000000, 1.000000000000000000, 0.000000000000000000 ) ) ;
#7437 = VERTEX_POINT ( 'NONE', #7907 ) ;
#7438 = EDGE_CURVE ( 'NONE', #10542, #6519, #8499, .T. ) ;
#7439 = FACE_OUTER_BOUND ( 'NONE', #10525, .T. ) ;
#7440 = CARTESIAN_POINT ( 'NONE',  ( 5.750000000000000000, 6.100000000000000533, 6.700000000000000178 ) ) ;
#7441 = ORIENTED_EDGE ( 'NONE', *, *, #6708, .F. ) ;
#7442 = FACE_OUTER_BOUND ( 'NONE', #3722, .T. ) ;
#7443 = DIRECTION ( 'NONE',  ( -3.614007241618349264E-16, -1.000000000000000000, -1.807003620809174632E-16 ) ) ;
#7444 = LINE ( 'NONE', #3216, #313 ) ;
#7445 = DIRECTION ( 'NONE',  ( 0.000000000000000000, 4.430117370400858162E-17, -1.000000000000000000 ) ) ;
#7446 = AXIS2_PLACEMENT_3D ( 'NONE', #8474, #1883, #10037 ) ;
#7447 = ORIENTED_EDGE ( 'NONE', *, *, #5052, .F. ) ;
#7448 = ADVANCED_FACE ( 'NONE', ( #4901 ), #7029, .T. ) ;
#7449 = PLANE ( 'NONE',  #6485 ) ;
#7450 = EDGE_CURVE ( 'NONE', #8109, #7152, #4863, .T. ) ;
#7451 = VERTEX_POINT ( 'NONE', #10596 ) ;
#7452 = DIRECTION ( 'NONE',  ( 0.000000000000000000, 1.000000000000000000, 0.000000000000000000 ) ) ;
#7453 = LINE ( 'NONE', #1507, #4080 ) ;
#7454 = AXIS2_PLACEMENT_3D ( 'NONE', #8758, #1398, #2116 ) ;
#7455 = CARTESIAN_POINT ( 'NONE',  ( 1.700000000000000178, 0.5000000000000026645, -6.800000000000001599 ) ) ;
#7456 = ORIENTED_EDGE ( 'NONE', *, *, #1010, .F. ) ;
#7457 = ORIENTED_EDGE ( 'NONE', *, *, #1222, .F. ) ;
#7458 = VERTEX_POINT ( 'NONE', #3285 ) ;
#7459 = DIRECTION ( 'NONE',  ( 0.000000000000000000, 1.000000000000000000, 2.460132057943349518E-16 ) ) ;
#7460 = CARTESIAN_POINT ( 'NONE',  ( -5.908508773426603966, -0.9841458618106281309, -1.000000000000000000 ) ) ;
#7461 = CARTESIAN_POINT ( 'NONE',  ( -6.199999999999999289, 5.650000000000001243, 5.250000000000000000 ) ) ;
#7462 = CARTESIAN_POINT ( 'NONE',  ( -5.699999999999998401, 0.6000000000000007550, 5.250000000000000000 ) ) ;
#7463 = ORIENTED_EDGE ( 'NONE', *, *, #1228, .T. ) ;
#7464 = AXIS2_PLACEMENT_3D ( 'NONE', #2282, #4881, #10515 ) ;
#7465 = AXIS2_PLACEMENT_3D ( 'NONE', #4946, #7117, #6384 ) ;
#7466 = CARTESIAN_POINT ( 'NONE',  ( 2.100000000000000089, -3.099999999999996980, -7.050000000000002487 ) ) ;
#7467 = ADVANCED_FACE ( 'NONE', ( #1442 ), #10338, .F. ) ;
#7468 = ORIENTED_EDGE ( 'NONE', *, *, #2627, .F. ) ;
#7469 = EDGE_CURVE ( 'NONE', #209, #7560, #8621, .T. ) ;
#7470 = DIRECTION ( 'NONE',  ( 0.000000000000000000, 1.000000000000000000, 0.000000000000000000 ) ) ;
#7471 = CARTESIAN_POINT ( 'NONE',  ( -2.299999999999999822, -2.299999999999999822, 7.549999999999999822 ) ) ;
#7472 = CARTESIAN_POINT ( 'NONE',  ( -1.699999999999999956, 1.099999999999998535, 6.349999999999997868 ) ) ;
#7473 = ORIENTED_EDGE ( 'NONE', *, *, #5339, .T. ) ;
#7474 = STYLED_ITEM ( 'NONE', ( #5815 ), #9315 ) ;
#7475 = VERTEX_POINT ( 'NONE', #1600 ) ;
#7476 = LINE ( 'NONE', #3112, #430 ) ;
#7477 = VECTOR ( 'NONE', #6203, 1000.000000000000000 ) ;
#7478 = DIRECTION ( 'NONE',  ( 0.000000000000000000, -1.000000000000000000, -0.000000000000000000 ) ) ;
#7479 = CARTESIAN_POINT ( 'NONE',  ( -5.499999999999996447, 5.700000000000000178, 6.500000000000000888 ) ) ;
#7480 = ORIENTED_EDGE ( 'NONE', *, *, #6774, .F. ) ;
#7481 = CYLINDRICAL_SURFACE ( 'NONE', #3583, 0.04999999999999883010 ) ;
#7482 = CARTESIAN_POINT ( 'NONE',  ( -5.049999999999997158, 2.128355624055937206E-16, 5.350000000000001421 ) ) ;
#7483 = AXIS2_PLACEMENT_3D ( 'NONE', #10493, #9578, #1414 ) ;
#7484 = DIRECTION ( 'NONE',  ( 0.7660444431189813441, 0.6427876096865353661, -5.575293782951211506E-15 ) ) ;
#7485 = DIRECTION ( 'NONE',  ( 0.000000000000000000, 0.000000000000000000, -1.000000000000000000 ) ) ;
#7486 = ORIENTED_EDGE ( 'NONE', *, *, #5330, .T. ) ;
#7487 = CARTESIAN_POINT ( 'NONE',  ( -6.199999999999998401, 0.6000000000000006439, 4.500000000000000888 ) ) ;
#7488 = ORIENTED_EDGE ( 'NONE', *, *, #1156, .F. ) ;
#7489 = EDGE_CURVE ( 'NONE', #7545, #794, #5078, .T. ) ;
#7490 = ADVANCED_FACE ( 'NONE', ( #5023 ), #2501, .F. ) ;
#7491 = VECTOR ( 'NONE', #4115, 1000.000000000000000 ) ;
#7492 = VERTEX_POINT ( 'NONE', #4137 ) ;
#7493 = EDGE_CURVE ( 'NONE', #7618, #844, #5058, .T. ) ;
#7494 = CARTESIAN_POINT ( 'NONE',  ( 5.699999999999998401, 0.6000000000000007550, 5.250000000000000000 ) ) ;
#7495 = PLANE ( 'NONE',  #5237 ) ;
#7496 = ORIENTED_EDGE ( 'NONE', *, *, #8263, .T. ) ;
#7497 = VECTOR ( 'NONE', #3752, 1000.000000000000000 ) ;
#7498 = FACE_OUTER_BOUND ( 'NONE', #10609, .T. ) ;
#7499 = CARTESIAN_POINT ( 'NONE',  ( 4.549999999999997158, 4.986986664055304885, -5.850000000000000533 ) ) ;
#7500 = EDGE_CURVE ( 'NONE', #7412, #1352, #5135, .T. ) ;
#7501 = ORIENTED_EDGE ( 'NONE', *, *, #5126, .F. ) ;
#7502 = VECTOR ( 'NONE', #8466, 1000.000000000000000 ) ;
#7503 = CARTESIAN_POINT ( 'NONE',  ( -4.250000000000000000, 6.700000000000000178, -5.099999999999999645 ) ) ;
#7504 = ORIENTED_EDGE ( 'NONE', *, *, #4813, .F. ) ;
#7505 = EDGE_LOOP ( 'NONE', ( #4779, #584, #2359, #8430 ) ) ;
#7506 = DIRECTION ( 'NONE',  ( -1.000000000000000000, 0.000000000000000000, 0.000000000000000000 ) ) ;
#7507 = DIRECTION ( 'NONE',  ( 0.000000000000000000, -1.000000000000000000, 8.673617379883880855E-15 ) ) ;
#7508 = ORIENTED_EDGE ( 'NONE', *, *, #6542, .F. ) ;
#7509 = AXIS2_PLACEMENT_3D ( 'NONE', #2900, #324, #5239 ) ;
#7510 = CARTESIAN_POINT ( 'NONE',  ( 6.563830408857795895, -1.920042149226665718, -1.000000000000000000 ) ) ;
#7511 = ORIENTED_EDGE ( 'NONE', *, *, #9719, .F. ) ;
#7512 = CARTESIAN_POINT ( 'NONE',  ( 4.286263797015736595E-16, 11.09999999999999964, 3.500000000000000000 ) ) ;
#7513 = ADVANCED_FACE ( 'NONE', ( #8428 ), #5802, .T. ) ;
#7514 = ORIENTED_EDGE ( 'NONE', *, *, #10237, .F. ) ;
#7515 = VECTOR ( 'NONE', #3258, 1000.000000000000000 ) ;
#7516 = DIRECTION ( 'NONE',  ( -0.5735764363510463815, 0.8191520442889915765, 0.000000000000000000 ) ) ;
#7517 = VECTOR ( 'NONE', #6936, 1000.000000000000000 ) ;
#7518 = CARTESIAN_POINT ( 'NONE',  ( -5.049999999999997158, 0.5000000000000001110, 4.500000000000000888 ) ) ;
#7519 = ORIENTED_EDGE ( 'NONE', *, *, #2105, .F. ) ;
#7520 = CARTESIAN_POINT ( 'NONE',  ( 5.799999999999998934, 3.100000000000000533, 5.250000000000000000 ) ) ;
#7521 = VECTOR ( 'NONE', #3631, 1000.000000000000000 ) ;
#7522 = DIRECTION ( 'NONE',  ( -0.000000000000000000, -0.000000000000000000, -1.000000000000000000 ) ) ;
#7523 = EDGE_CURVE ( 'NONE', #8109, #10062, #8693, .T. ) ;
#7524 = EDGE_LOOP ( 'NONE', ( #5254, #249, #8957, #8614 ) ) ;
#7525 = DIRECTION ( 'NONE',  ( -1.327027319204863784E-16, -1.000000000000000000, -0.000000000000000000 ) ) ;
#7526 = DIRECTION ( 'NONE',  ( 0.000000000000000000, 0.000000000000000000, 1.000000000000000000 ) ) ;
#7527 = ORIENTED_EDGE ( 'NONE', *, *, #4719, .T. ) ;
#7528 = VECTOR ( 'NONE', #4851, 1000.000000000000000 ) ;
#7529 = AXIS2_PLACEMENT_3D ( 'NONE', #9450, #10284, #8767 ) ;
#7530 = VECTOR ( 'NONE', #7252, 1000.000000000000000 ) ;
#7531 = DIRECTION ( 'NONE',  ( -0.000000000000000000, 4.430117370400858162E-17, -1.000000000000000000 ) ) ;
#7532 = CARTESIAN_POINT ( 'NONE',  ( 5.943206300660539121, -2.598762745933357543, -1.000000000000000000 ) ) ;
#7533 = CARTESIAN_POINT ( 'NONE',  ( 6.199999999999998401, -0.6400000000000000133, 1.000000000000000000 ) ) ;
#7534 = EDGE_CURVE ( 'NONE', #8638, #6366, #8452, .T. ) ;
#7535 = VERTEX_POINT ( 'NONE', #3478 ) ;
#7536 = CARTESIAN_POINT ( 'NONE',  ( 0.000000000000000000, 3.100000000000000089, 3.000000000000000000 ) ) ;
#7537 = LINE ( 'NONE', #8886, #434 ) ;
#7538 = CARTESIAN_POINT ( 'NONE',  ( -1.699999999999999956, 0.7999999999999982681, 7.549999999999999822 ) ) ;
#7539 = EDGE_CURVE ( 'NONE', #3827, #7963, #8520, .T. ) ;
#7540 = ORIENTED_EDGE ( 'NONE', *, *, #9891, .T. ) ;
#7541 = DIRECTION ( 'NONE',  ( 0.000000000000000000, 0.000000000000000000, 1.000000000000000000 ) ) ;
#7542 = DIRECTION ( 'NONE',  ( -0.8191520442889915765, -0.5735764363510463815, 0.000000000000000000 ) ) ;
#7543 = DIRECTION ( 'NONE',  ( 0.000000000000000000, 0.000000000000000000, 1.000000000000000000 ) ) ;
#7544 = FACE_OUTER_BOUND ( 'NONE', #5882, .T. ) ;
#7545 = VERTEX_POINT ( 'NONE', #9988 ) ;
#7546 = SURFACE_STYLE_FILL_AREA ( #7341 ) ;
#7547 = VECTOR ( 'NONE', #9533, 1000.000000000000000 ) ;
#7548 = VECTOR ( 'NONE', #4082, 999.9999999999998863 ) ;
#7549 = DIRECTION ( 'NONE',  ( 0.000000000000000000, 0.000000000000000000, -1.000000000000000000 ) ) ;
#7550 = CARTESIAN_POINT ( 'NONE',  ( 0.4000000000000001887, 2.504411906293519507, 7.299999999999998934 ) ) ;
#7551 = ORIENTED_EDGE ( 'NONE', *, *, #3693, .F. ) ;
#7552 = PLANE ( 'NONE',  #8783 ) ;
#7553 = EDGE_CURVE ( 'NONE', #7194, #8779, #1510, .T. ) ;
#7554 = CIRCLE ( 'NONE', #5464, 0.4250000000000000444 ) ;
#7555 = ADVANCED_FACE ( 'NONE', ( #8538 ), #1831, .T. ) ;
#7556 = CARTESIAN_POINT ( 'NONE',  ( 5.049999999999997158, 2.400000000000000355, 2.000000000000000000 ) ) ;
#7557 = ORIENTED_EDGE ( 'NONE', *, *, #6101, .F. ) ;
#7558 = AXIS2_PLACEMENT_3D ( 'NONE', #2656, #3496, #2386 ) ;
#7559 = DIRECTION ( 'NONE',  ( 0.000000000000000000, 0.000000000000000000, -1.000000000000000000 ) ) ;
#7560 = VERTEX_POINT ( 'NONE', #3421 ) ;
#7561 = ORIENTED_EDGE ( 'NONE', *, *, #2255, .T. ) ;
#7562 = FACE_OUTER_BOUND ( 'NONE', #7432, .T. ) ;
#7563 = DIRECTION ( 'NONE',  ( -9.383500162295677136E-17, 0.7071067811865500152, 0.7071067811865451302 ) ) ;
#7564 = VERTEX_POINT ( 'NONE', #4219 ) ;
#7565 = VECTOR ( 'NONE', #1471, 1000.000000000000000 ) ;
#7566 = DIRECTION ( 'NONE',  ( 0.7071067811865493491, 0.000000000000000000, 0.7071067811865456854 ) ) ;
#7567 = DIRECTION ( 'NONE',  ( 0.000000000000000000, 0.000000000000000000, 1.000000000000000000 ) ) ;
#7568 = VECTOR ( 'NONE', #696, 1000.000000000000000 ) ;
#7569 = ORIENTED_EDGE ( 'NONE', *, *, #9004, .T. ) ;
#7570 = VECTOR ( 'NONE', #8820, 1000.000000000000000 ) ;
#7571 = DIRECTION ( 'NONE',  ( 0.8191520442889909104, -0.5735764363510473807, 0.000000000000000000 ) ) ;
#7572 = EDGE_CURVE ( 'NONE', #4898, #4011, #1429, .T. ) ;
#7573 = ORIENTED_EDGE ( 'NONE', *, *, #3780, .F. ) ;
#7574 = CARTESIAN_POINT ( 'NONE',  ( -2.449999999999998845, 0.7000000000000000666, 7.549999999999998046 ) ) ;
#7575 = ORIENTED_EDGE ( 'NONE', *, *, #2818, .T. ) ;
#7576 = DIRECTION ( 'NONE',  ( 1.000000000000000000, 0.000000000000000000, 0.000000000000000000 ) ) ;
#7577 = ADVANCED_FACE ( 'NONE', ( #8655 ), #5744, .F. ) ;
#7578 = AXIS2_PLACEMENT_3D ( 'NONE', #5551, #493, #9383 ) ;
#7579 = LINE ( 'NONE', #10276, #3998 ) ;
#7580 = CARTESIAN_POINT ( 'NONE',  ( 0.000000000000000000, 5.700000000000000178, 0.000000000000000000 ) ) ;
#7581 = DIRECTION ( 'NONE',  ( -1.000000000000000000, 0.000000000000000000, -0.000000000000000000 ) ) ;
#7582 = CARTESIAN_POINT ( 'NONE',  ( 1.734723475976807094E-15, 0.000000000000000000, 6.700000000000000178 ) ) ;
#7583 = EDGE_LOOP ( 'NONE', ( #343, #4203, #3828, #3682, #2975 ) ) ;
#7584 = VECTOR ( 'NONE', #1694, 1000.000000000000000 ) ;
#7585 = CARTESIAN_POINT ( 'NONE',  ( 5.599999999999996092, 5.500000000000000888, 6.400000000000000355 ) ) ;
#7586 = EDGE_CURVE ( 'NONE', #6680, #9064, #1542, .T. ) ;
#7587 = EDGE_LOOP ( 'NONE', ( #1163, #364, #679, #5315 ) ) ;
#7588 = VECTOR ( 'NONE', #2232, 1000.000000000000114 ) ;
#7589 = PLANE ( 'NONE',  #89 ) ;
#7590 = LINE ( 'NONE', #1701, #4349 ) ;
#7591 = CARTESIAN_POINT ( 'NONE',  ( 5.799999999999998046, 2.100000000000000089, 5.250000000000000000 ) ) ;
#7592 = EDGE_LOOP ( 'NONE', ( #7261, #3867, #4271, #4527, #451, #1647 ) ) ;
#7593 = DIRECTION ( 'NONE',  ( -1.000000000000000000, 1.341711765540131426E-16, -0.000000000000000000 ) ) ;
#7594 = VECTOR ( 'NONE', #8341, 1000.000000000000000 ) ;
#7595 = CARTESIAN_POINT ( 'NONE',  ( 5.450000000000000178, 6.100000000000000533, -6.700000000000000178 ) ) ;
#7596 = AXIS2_PLACEMENT_3D ( 'NONE', #9415, #10249, #9228 ) ;
#7597 = EDGE_LOOP ( 'NONE', ( #3237, #3256, #7573, #491, #6803, #495, #441, #1024 ) ) ;
#7598 = ORIENTED_EDGE ( 'NONE', *, *, #4588, .T. ) ;
#7599 = VECTOR ( 'NONE', #9365, 1000.000000000000000 ) ;
#7600 = PLANE ( 'NONE',  #4155 ) ;
#7601 = VECTOR ( 'NONE', #4628, 1000.000000000000000 ) ;
#7602 = CARTESIAN_POINT ( 'NONE',  ( -5.799999999999996270, 5.500000000000000888, -6.400000000000000355 ) ) ;
#7603 = AXIS2_PLACEMENT_3D ( 'NONE', #10109, #251, #10181 ) ;
#7604 = EDGE_CURVE ( 'NONE', #1021, #2077, #7554, .T. ) ;
#7605 = ORIENTED_EDGE ( 'NONE', *, *, #3242, .T. ) ;
#7606 = ORIENTED_EDGE ( 'NONE', *, *, #7949, .F. ) ;
#7607 = VERTEX_POINT ( 'NONE', #677 ) ;
#7608 = DIRECTION ( 'NONE',  ( -0.000000000000000000, -0.000000000000000000, -1.000000000000000000 ) ) ;
#7609 = EDGE_CURVE ( 'NONE', #5745, #2674, #7429, .T. ) ;
#7610 = DIRECTION ( 'NONE',  ( -0.000000000000000000, -0.000000000000000000, -1.000000000000000000 ) ) ;
#7611 = ORIENTED_EDGE ( 'NONE', *, *, #3060, .T. ) ;
#7612 = PLANE ( 'NONE',  #7603 ) ;
#7613 = FACE_OUTER_BOUND ( 'NONE', #51, .T. ) ;
#7614 = DIRECTION ( 'NONE',  ( -0.8191520442889909104, -0.5735764363510473807, 0.000000000000000000 ) ) ;
#7615 = EDGE_CURVE ( 'NONE', #3707, #912, #4086, .T. ) ;
#7616 = ORIENTED_EDGE ( 'NONE', *, *, #3532, .T. ) ;
#7617 = PLANE ( 'NONE',  #2390 ) ;
#7618 = VERTEX_POINT ( 'NONE', #8805 ) ;
#7619 = ORIENTED_EDGE ( 'NONE', *, *, #7043, .F. ) ;
#7620 = CARTESIAN_POINT ( 'NONE',  ( 5.799999999999996270, 1.000000000000000000, -4.999999999999997335 ) ) ;
#7621 = DIRECTION ( 'NONE',  ( 0.000000000000000000, -4.430117370400858162E-17, 1.000000000000000000 ) ) ;
#7622 = PRESENTATION_STYLE_ASSIGNMENT (( #7703 ) ) ;
#7623 = EDGE_LOOP ( 'NONE', ( #9002, #350, #5155, #8647 ) ) ;
#7624 = EDGE_LOOP ( 'NONE', ( #36, #3130, #7124, #4601 ) ) ;
#7625 = ORIENTED_EDGE ( 'NONE', *, *, #5746, .T. ) ;
#7626 = AXIS2_PLACEMENT_3D ( 'NONE', #4950, #3456, #2605 ) ;
#7627 = VECTOR ( 'NONE', #9425, 1000.000000000000000 ) ;
#7628 = LINE ( 'NONE', #9406, #7720 ) ;
#7629 = DIRECTION ( 'NONE',  ( 1.000000000000000000, 0.000000000000000000, 0.000000000000000000 ) ) ;
#7630 = CARTESIAN_POINT ( 'NONE',  ( -5.499999999999996447, 5.500000000000000888, 6.700000000000000178 ) ) ;
#7631 = ORIENTED_EDGE ( 'NONE', *, *, #8985, .T. ) ;
#7632 = EDGE_CURVE ( 'NONE', #1208, #9345, #4143, .T. ) ;
#7633 = LINE ( 'NONE', #9117, #704 ) ;
#7634 = FILL_AREA_STYLE ('',( #9111 ) ) ;
#7635 = DIRECTION ( 'NONE',  ( 0.000000000000000000, 0.000000000000000000, 1.000000000000000000 ) ) ;
#7636 = EDGE_CURVE ( 'NONE', #7368, #1599, #413, .T. ) ;
#7637 = ORIENTED_EDGE ( 'NONE', *, *, #3659, .F. ) ;
#7638 = CARTESIAN_POINT ( 'NONE',  ( 3.880824640740575759, 0.4999999999999998890, 3.000000000000000000 ) ) ;
#7639 = ORIENTED_EDGE ( 'NONE', *, *, #1528, .T. ) ;
#7640 = EDGE_CURVE ( 'NONE', #6634, #5676, #7476, .T. ) ;
#7641 = CARTESIAN_POINT ( 'NONE',  ( 3.850000000000000089, 4.986986664055304885, 5.850000000000000533 ) ) ;
#7642 = VERTEX_POINT ( 'NONE', #9476 ) ;
#7643 = ORIENTED_EDGE ( 'NONE', *, *, #4700, .T. ) ;
#7644 = CARTESIAN_POINT ( 'NONE',  ( 6.236169591142200375, -0.7547152872702095339, -1.000000000000000000 ) ) ;
#7645 = CARTESIAN_POINT ( 'NONE',  ( 2.449999999999999289, 0.1000000000000015876, -7.200000000000000178 ) ) ;
#7646 = LINE ( 'NONE', #6543, #7568 ) ;
#7647 = ORIENTED_EDGE ( 'NONE', *, *, #2497, .F. ) ;
#7648 = CIRCLE ( 'NONE', #4999, 1.000000000000000000 ) ;
#7649 = AXIS2_PLACEMENT_3D ( 'NONE', #8860, #4868, #9647 ) ;
#7650 = ADVANCED_FACE ( 'NONE', ( #605 ), #2158, .F. ) ;
#7651 = CARTESIAN_POINT ( 'NONE',  ( 2.299999999999999822, 0.6999999999999997335, 7.549999999999999822 ) ) ;
#7652 = ORIENTED_EDGE ( 'NONE', *, *, #6425, .T. ) ;
#7653 = ORIENTED_EDGE ( 'NONE', *, *, #2438, .F. ) ;
#7654 = CARTESIAN_POINT ( 'NONE',  ( -3.880824640740575759, 0.09999999999999990841, -2.599999999999997424 ) ) ;
#7655 = EDGE_LOOP ( 'NONE', ( #7064, #2614, #137, #6104 ) ) ;
#7656 = EDGE_CURVE ( 'NONE', #8382, #285, #346, .T. ) ;
#7657 = DIRECTION ( 'NONE',  ( 0.000000000000000000, 1.000000000000000000, 0.000000000000000000 ) ) ;
#7658 = EDGE_CURVE ( 'NONE', #223, #9890, #3870, .T. ) ;
#7659 = CARTESIAN_POINT ( 'NONE',  ( -3.299999999999999822, 2.650000000000000799, 7.549999999999999822 ) ) ;
#7660 = CARTESIAN_POINT ( 'NONE',  ( 5.799999999999996270, 1.000000000000000000, 5.000000000000000888 ) ) ;
#7661 = EDGE_LOOP ( 'NONE', ( #9102, #4156, #485, #218 ) ) ;
#7662 = EDGE_LOOP ( 'NONE', ( #3126, #613, #1630, #9388 ) ) ;
#7663 = CARTESIAN_POINT ( 'NONE',  ( -5.799999999999996270, 2.400000000000000355, -4.999999999999997335 ) ) ;
#7664 = CARTESIAN_POINT ( 'NONE',  ( -5.049999999999998046, 1.000000000000000000, -5.350000000000001421 ) ) ;
#7665 = VECTOR ( 'NONE', #3159, 1000.000000000000000 ) ;
#7666 = VERTEX_POINT ( 'NONE', #9603 ) ;
#7667 = DIRECTION ( 'NONE',  ( 0.000000000000000000, 0.000000000000000000, 1.000000000000000000 ) ) ;
#7668 = VECTOR ( 'NONE', #7901, 1000.000000000000000 ) ;
#7669 = DIRECTION ( 'NONE',  ( 1.000000000000000000, 0.000000000000000000, -2.478176394252553728E-15 ) ) ;
#7670 = ORIENTED_EDGE ( 'NONE', *, *, #8164, .F. ) ;
#7671 = AXIS2_PLACEMENT_3D ( 'NONE', #6221, #8643, #1283 ) ;
#7672 = ORIENTED_EDGE ( 'NONE', *, *, #963, .F. ) ;
#7673 = ORIENTED_EDGE ( 'NONE', *, *, #2041, .T. ) ;
#7674 = ADVANCED_FACE ( 'NONE', ( #7409 ), #3986, .T. ) ;
#7675 = CARTESIAN_POINT ( 'NONE',  ( -0.7999999999999999334, 2.949999999999998845, 7.299999999999999822 ) ) ;
#7676 = EDGE_CURVE ( 'NONE', #990, #6982, #623, .T. ) ;
#7677 = FACE_OUTER_BOUND ( 'NONE', #10406, .T. ) ;
#7678 = CARTESIAN_POINT ( 'NONE',  ( -3.880824640740575759, 0.4999999999999998890, 4.500000000000000888 ) ) ;
#7679 = ORIENTED_EDGE ( 'NONE', *, *, #3036, .F. ) ;
#7680 = ORIENTED_EDGE ( 'NONE', *, *, #7615, .F. ) ;
#7681 = ORIENTED_EDGE ( 'NONE', *, *, #8639, .F. ) ;
#7683 = EDGE_CURVE ( 'NONE', #4058, #7269, #397, .T. ) ;
#7682 = VECTOR ( 'NONE', #6310, 1000.000000000000000 ) ;
#7684 = CYLINDRICAL_SURFACE ( 'NONE', #3774, 0.4000000000000001887 ) ;
#7685 = DIRECTION ( 'NONE',  ( 0.000000000000000000, 1.000000000000000000, 0.000000000000000000 ) ) ;
#7686 = PLANE ( 'NONE',  #10326 ) ;
#7687 = DIRECTION ( 'NONE',  ( -1.000000000000000000, 0.000000000000000000, 0.000000000000000000 ) ) ;
#7688 = ORIENTED_EDGE ( 'NONE', *, *, #1226, .F. ) ;
#7689 = CARTESIAN_POINT ( 'NONE',  ( 2.900000000000000355, -3.099999999999997424, -6.800000000000002487 ) ) ;
#7690 = VECTOR ( 'NONE', #7339, 1000.000000000000000 ) ;
#7691 = DIRECTION ( 'NONE',  ( -0.000000000000000000, -0.000000000000000000, -1.000000000000000000 ) ) ;
#7692 = CARTESIAN_POINT ( 'NONE',  ( 3.299999999999999822, 0.8000000000000001554, -6.750000000000001776 ) ) ;
#7693 = ORIENTED_EDGE ( 'NONE', *, *, #4476, .T. ) ;
#7694 = CARTESIAN_POINT ( 'NONE',  ( 5.049999999999997158, 2.400000000000000355, 3.000000000000000000 ) ) ;
#7695 = ORIENTED_EDGE ( 'NONE', *, *, #2268, .T. ) ;
#7696 = CARTESIAN_POINT ( 'NONE',  ( 2.598076211353316456, 29.50000000000000000, 1.499999999999999112 ) ) ;
#7697 = VERTEX_POINT ( 'NONE', #7068 ) ;
#7698 = EDGE_CURVE ( 'NONE', #5989, #7458, #3920, .T. ) ;
#7699 = ADVANCED_FACE ( 'NONE', ( #3970 ), #5509, .F. ) ;
#7700 = ORIENTED_EDGE ( 'NONE', *, *, #4287, .F. ) ;
#7701 = VECTOR ( 'NONE', #4667, 1000.000000000000000 ) ;
#7702 = FACE_OUTER_BOUND ( 'NONE', #5512, .T. ) ;
#7703 = SURFACE_STYLE_USAGE ( .BOTH. , #6783 ) ;
#7704 = AXIS2_PLACEMENT_3D ( 'NONE', #2293, #2228, #3121 ) ;
#7705 = CARTESIAN_POINT ( 'NONE',  ( 6.200000000000000178, 3.100000000000000089, 4.500000000000000888 ) ) ;
#7706 = ORIENTED_EDGE ( 'NONE', *, *, #9080, .T. ) ;
#7707 = LINE ( 'NONE', #7556, #7594 ) ;
#7708 = DIRECTION ( 'NONE',  ( 0.000000000000000000, 0.000000000000000000, -1.000000000000000000 ) ) ;
#7709 = DIRECTION ( 'NONE',  ( 0.6427876096865353661, 0.7660444431189813441, 0.000000000000000000 ) ) ;
#7710 = ORIENTED_EDGE ( 'NONE', *, *, #4827, .T. ) ;
#7711 = CARTESIAN_POINT ( 'NONE',  ( 4.549999999999997158, 1.000000000000000000, 5.850000000000000533 ) ) ;
#7712 = EDGE_LOOP ( 'NONE', ( #10287, #9906, #6426, #2602 ) ) ;
#7713 = FACE_OUTER_BOUND ( 'NONE', #8172, .T. ) ;
#7714 = PLANE ( 'NONE',  #1441 ) ;
#7715 = ORIENTED_EDGE ( 'NONE', *, *, #2512, .T. ) ;
#7716 = CARTESIAN_POINT ( 'NONE',  ( 2.500000000000000000, -3.099999999999999201, 7.549999999999999822 ) ) ;
#7717 = DIRECTION ( 'NONE',  ( -0.000000000000000000, 4.430117370400858162E-17, -1.000000000000000000 ) ) ;
#7718 = ORIENTED_EDGE ( 'NONE', *, *, #6048, .T. ) ;
#7719 = VECTOR ( 'NONE', #5436, 1000.000000000000000 ) ;
#7720 = VECTOR ( 'NONE', #2727, 1000.000000000000000 ) ;
#7721 = VERTEX_POINT ( 'NONE', #1292 ) ;
#7722 = CYLINDRICAL_SURFACE ( 'NONE', #6677, 0.5000000000000004441 ) ;
#7723 = AXIS2_PLACEMENT_3D ( 'NONE', #8935, #6454, #1492 ) ;
#7724 = CARTESIAN_POINT ( 'NONE',  ( 0.8000000000000001554, 3.249999999999998668, 6.349999999999997868 ) ) ;
#7725 = VERTEX_POINT ( 'NONE', #1567 ) ;
#7726 = EDGE_CURVE ( 'NONE', #9922, #7303, #328, .T. ) ;
#7727 = DIRECTION ( 'NONE',  ( -0.000000000000000000, 4.430117370400858162E-17, -1.000000000000000000 ) ) ;
#7728 = ORIENTED_EDGE ( 'NONE', *, *, #7615, .T. ) ;
#7729 = ORIENTED_EDGE ( 'NONE', *, *, #1652, .T. ) ;
#7730 = LINE ( 'NONE', #4562, #3900 ) ;
#7731 = CARTESIAN_POINT ( 'NONE',  ( 6.200000000000000178, 3.100000000000000089, -1.599999999999999867 ) ) ;
#7732 = CARTESIAN_POINT ( 'NONE',  ( -5.828491013390330266, -2.434932337075561115, 0.000000000000000000 ) ) ;
#7733 = DIRECTION ( 'NONE',  ( 0.000000000000000000, 2.017120320903263702E-16, -1.000000000000000000 ) ) ;
#7734 = EDGE_LOOP ( 'NONE', ( #5511, #9054 ) ) ;
#7735 = CARTESIAN_POINT ( 'NONE',  ( -2.598076211353316900, 18.00000000000000000, 1.499999999999999112 ) ) ;
#7736 = AXIS2_PLACEMENT_3D ( 'NONE', #3095, #7171, #6450 ) ;
#7737 = CYLINDRICAL_SURFACE ( 'NONE', #5188, 0.5749999999999999556 ) ;
#7738 = CARTESIAN_POINT ( 'NONE',  ( -3.880824640740575315, 2.935823076413500043, -3.000000000000000000 ) ) ;
#7739 = FACE_OUTER_BOUND ( 'NONE', #5564, .T. ) ;
#7740 = DIRECTION ( 'NONE',  ( -0.000000000000000000, 2.409338161078894743E-16, 1.000000000000000000 ) ) ;
#7741 = ORIENTED_EDGE ( 'NONE', *, *, #1354, .T. ) ;
#7742 = DIRECTION ( 'NONE',  ( -1.000000000000000000, -1.327027319204863784E-16, 0.000000000000000000 ) ) ;
#7743 = VECTOR ( 'NONE', #1745, 1000.000000000000000 ) ;
#7744 = DIRECTION ( 'NONE',  ( -1.000000000000000000, 0.000000000000000000, 0.000000000000000000 ) ) ;
#7745 = AXIS2_PLACEMENT_3D ( 'NONE', #5873, #6432, #7211 ) ;
#7746 = AXIS2_PLACEMENT_3D ( 'NONE', #4778, #6507, #5064 ) ;
#7747 = ORIENTED_EDGE ( 'NONE', *, *, #2314, .T. ) ;
#7748 = EDGE_LOOP ( 'NONE', ( #3801, #8329, #541, #7877, #296, #10099, #7824, #7508 ) ) ;
#7749 = ORIENTED_EDGE ( 'NONE', *, *, #3775, .F. ) ;
#7750 = EDGE_CURVE ( 'NONE', #2395, #83, #4185, .T. ) ;
#7751 = FACE_OUTER_BOUND ( 'NONE', #5026, .T. ) ;
#7752 = CARTESIAN_POINT ( 'NONE',  ( 3.299999999999999822, 2.999999999999998224, 7.249999999999999112 ) ) ;
#7753 = FACE_OUTER_BOUND ( 'NONE', #3116, .T. ) ;
#7754 = VERTEX_POINT ( 'NONE', #10385 ) ;
#7755 = EDGE_CURVE ( 'NONE', #1263, #7983, #448, .T. ) ;
#7756 = ORIENTED_EDGE ( 'NONE', *, *, #5669, .T. ) ;
#7757 = ORIENTED_EDGE ( 'NONE', *, *, #3036, .T. ) ;
#7758 = LINE ( 'NONE', #8113, #4165 ) ;
#7759 = CARTESIAN_POINT ( 'NONE',  ( -2.449999999999999734, -2.299999999999999822, 7.549999999999998046 ) ) ;
#7760 = EDGE_CURVE ( 'NONE', #3778, #4364, #661, .T. ) ;
#7761 = PLANE ( 'NONE',  #8260 ) ;
#7762 = DIRECTION ( 'NONE',  ( 0.000000000000000000, -1.000000000000000000, 0.000000000000000000 ) ) ;
#7763 = ORIENTED_EDGE ( 'NONE', *, *, #7009, .F. ) ;
#7764 = CARTESIAN_POINT ( 'NONE',  ( 6.399999999999998579, -2.034757436496875016, 1.000000000000000000 ) ) ;
#7765 = VECTOR ( 'NONE', #1448, 1000.000000000000000 ) ;
#7766 = ORIENTED_EDGE ( 'NONE', *, *, #2046, .F. ) ;
#7767 = DIRECTION ( 'NONE',  ( 0.000000000000000000, 1.000000000000000000, 0.000000000000000000 ) ) ;
#7768 = DIRECTION ( 'NONE',  ( -0.5735764363510474917, 0.8191520442889909104, 0.000000000000000000 ) ) ;
#7769 = ORIENTED_EDGE ( 'NONE', *, *, #8776, .T. ) ;
#7770 = CARTESIAN_POINT ( 'NONE',  ( -4.250000000000000000, 6.550000000000000711, -5.524999999999999467 ) ) ;
#7771 = EDGE_LOOP ( 'NONE', ( #6058, #1243, #3260, #8250 ) ) ;
#7772 = CARTESIAN_POINT ( 'NONE',  ( 5.750000000000000000, 5.700000000000000178, 5.250000000000000000 ) ) ;
#7773 = ADVANCED_FACE ( 'NONE', ( #378 ), #3904, .T. ) ;
#7774 = CARTESIAN_POINT ( 'NONE',  ( 6.599999999999997868, -2.034757436496875016, 1.000000000000000000 ) ) ;
#7775 = AXIS2_PLACEMENT_3D ( 'NONE', #5047, #4976, #4216 ) ;
#7776 = EDGE_CURVE ( 'NONE', #10067, #7107, #7758, .T. ) ;
#7777 = ORIENTED_EDGE ( 'NONE', *, *, #6444, .F. ) ;
#7778 = EDGE_CURVE ( 'NONE', #2212, #6522, #7646, .T. ) ;
#7779 = VECTOR ( 'NONE', #941, 1000.000000000000000 ) ;
#7780 = DIRECTION ( 'NONE',  ( 1.000000000000000000, 0.000000000000000000, 0.000000000000000000 ) ) ;
#7781 = DIRECTION ( 'NONE',  ( 0.000000000000000000, 0.000000000000000000, -1.000000000000000000 ) ) ;
#7782 = ORIENTED_EDGE ( 'NONE', *, *, #3400, .T. ) ;
#7783 = CIRCLE ( 'NONE', #3096, 0.2999999999999999334 ) ;
#7784 = CARTESIAN_POINT ( 'NONE',  ( 5.799999999999998934, 3.100000000000000533, 5.250000000000000000 ) ) ;
#7785 = EDGE_CURVE ( 'NONE', #9308, #641, #3836, .T. ) ;
#7786 = DIRECTION ( 'NONE',  ( -1.327027319204863784E-16, 1.000000000000000000, 0.000000000000000000 ) ) ;
#7787 = ORIENTED_EDGE ( 'NONE', *, *, #1156, .T. ) ;
#7788 = ORIENTED_EDGE ( 'NONE', *, *, #1417, .F. ) ;
#7789 = DIRECTION ( 'NONE',  ( 0.8191520442889909104, 0.5735764363510473807, 0.000000000000000000 ) ) ;
#7790 = VERTEX_POINT ( 'NONE', #7270 ) ;
#7791 = CARTESIAN_POINT ( 'NONE',  ( 4.250000000000000000, 6.700000000000000178, -5.674999999999999822 ) ) ;
#7792 = VERTEX_POINT ( 'NONE', #7138 ) ;
#7793 = VERTEX_POINT ( 'NONE', #10528 ) ;
#7794 = AXIS2_PLACEMENT_3D ( 'NONE', #4472, #2898, #10033 ) ;
#7795 = PLANE ( 'NONE',  #10039 ) ;
#7796 = ADVANCED_FACE ( 'NONE', ( #488 ), #7737, .T. ) ;
#7797 = CARTESIAN_POINT ( 'NONE',  ( -5.799999999999996270, 2.400000000000000355, 5.000000000000000888 ) ) ;
#7798 = VECTOR ( 'NONE', #1811, 1000.000000000000000 ) ;
#7799 = VECTOR ( 'NONE', #4526, 1000.000000000000000 ) ;
#7800 = EDGE_CURVE ( 'NONE', #7451, #4229, #642, .T. ) ;
#7801 = ORIENTED_EDGE ( 'NONE', *, *, #2544, .T. ) ;
#7802 = TOROIDAL_SURFACE ( 'NONE', #4213, 0.05000000000000075218, 0.1499999999999999944 ) ;
#7803 = EDGE_CURVE ( 'NONE', #2575, #6341, #4105, .T. ) ;
#7804 = CARTESIAN_POINT ( 'NONE',  ( -5.750000000000000000, 6.100000000000000533, 6.700000000000000178 ) ) ;
#7805 = ORIENTED_EDGE ( 'NONE', *, *, #2974, .F. ) ;
#7806 = ORIENTED_EDGE ( 'NONE', *, *, #5052, .T. ) ;
#7807 = VECTOR ( 'NONE', #6016, 1000.000000000000114 ) ;
#7808 = CARTESIAN_POINT ( 'NONE',  ( 0.8000000000000001554, 0.7999999999999982681, 7.549999999999999822 ) ) ;
#7809 = CARTESIAN_POINT ( 'NONE',  ( -5.499999999999996447, 0.000000000000000000, -6.700000000000000178 ) ) ;
#7810 = ORIENTED_EDGE ( 'NONE', *, *, #4432, .T. ) ;
#7811 = VERTEX_POINT ( 'NONE', #539 ) ;
#7812 = FACE_OUTER_BOUND ( 'NONE', #8429, .T. ) ;
#7813 = CARTESIAN_POINT ( 'NONE',  ( -2.499999999999999556, 0.6999999999999998446, 7.549999999999999822 ) ) ;
#7814 = AXIS2_PLACEMENT_3D ( 'NONE', #2098, #7610, #3507 ) ;
#7815 = DIRECTION ( 'NONE',  ( 0.000000000000000000, 0.000000000000000000, -1.000000000000000000 ) ) ;
#7816 = VERTEX_POINT ( 'NONE', #1517 ) ;
#7817 = DIRECTION ( 'NONE',  ( -9.383500162295677136E-17, 0.7071067811865500152, -0.7071067811865451302 ) ) ;
#7818 = LINE ( 'NONE', #6713, #4047 ) ;
#7819 = DIRECTION ( 'NONE',  ( 1.000000000000000000, 0.000000000000000000, -0.000000000000000000 ) ) ;
#7820 = EDGE_CURVE ( 'NONE', #4755, #8751, #503, .T. ) ;
#7821 = ORIENTED_EDGE ( 'NONE', *, *, #2443, .T. ) ;
#7822 = EDGE_CURVE ( 'NONE', #5627, #3151, #4124, .T. ) ;
#7823 = CARTESIAN_POINT ( 'NONE',  ( -2.550000000000000266, -2.299999999999999822, 7.549999999999998046 ) ) ;
#7824 = ORIENTED_EDGE ( 'NONE', *, *, #7280, .T. ) ;
#7825 = CARTESIAN_POINT ( 'NONE',  ( 2.542012759203106320, 0.4999999999999996669, -3.000000000000000000 ) ) ;
#7826 = VECTOR ( 'NONE', #198, 1000.000000000000000 ) ;
#7827 = VECTOR ( 'NONE', #2387, 1000.000000000000000 ) ;
#7828 = DIRECTION ( 'NONE',  ( 0.000000000000000000, 0.000000000000000000, 1.000000000000000000 ) ) ;
#7829 = DIRECTION ( 'NONE',  ( 0.5735764363510492680, -0.8191520442889894671, 0.000000000000000000 ) ) ;
#7830 = DIRECTION ( 'NONE',  ( -0.000000000000000000, -0.000000000000000000, 1.000000000000000000 ) ) ;
#7831 = EDGE_LOOP ( 'NONE', ( #3929, #7519, #7463, #4328 ) ) ;
#7832 = VECTOR ( 'NONE', #6633, 1000.000000000000000 ) ;
#7833 = DIRECTION ( 'NONE',  ( 0.5735764363510463815, 0.8191520442889915765, 0.000000000000000000 ) ) ;
#7834 = ADVANCED_FACE ( 'NONE', ( #361 ), #7389, .T. ) ;
#7835 = EDGE_CURVE ( 'NONE', #7228, #1783, #4225, .T. ) ;
#7836 = ORIENTED_EDGE ( 'NONE', *, *, #9787, .T. ) ;
#7837 = ORIENTED_EDGE ( 'NONE', *, *, #836, .F. ) ;
#7838 = ORIENTED_EDGE ( 'NONE', *, *, #2353, .F. ) ;
#7839 = DIRECTION ( 'NONE',  ( 0.000000000000000000, -1.000000000000000000, 0.000000000000000000 ) ) ;
#7840 = DIRECTION ( 'NONE',  ( 0.000000000000000000, 1.000000000000000000, 0.000000000000000000 ) ) ;
#7841 = LINE ( 'NONE', #7919, #4288 ) ;
#7842 = EDGE_LOOP ( 'NONE', ( #1908, #5528, #6735, #10126, #6715, #6462 ) ) ;
#7843 = ORIENTED_EDGE ( 'NONE', *, *, #5992, .T. ) ;
#7844 = FACE_OUTER_BOUND ( 'NONE', #10511, .T. ) ;
#7845 = VERTEX_POINT ( 'NONE', #1798 ) ;
#7846 = CARTESIAN_POINT ( 'NONE',  ( -5.049999999999997158, 2.400000000000000355, 5.350000000000001421 ) ) ;
#7847 = EDGE_LOOP ( 'NONE', ( #3605, #9167, #1423, #3485, #8144, #1526, #5438 ) ) ;
#7848 = FACE_OUTER_BOUND ( 'NONE', #7287, .T. ) ;
#7849 = PLANE ( 'NONE',  #6883 ) ;
#7850 = DIRECTION ( 'NONE',  ( -1.000000000000000000, 0.000000000000000000, 0.000000000000000000 ) ) ;
#7851 = AXIS2_PLACEMENT_3D ( 'NONE', #7995, #1324, #5468 ) ;
#7852 = ORIENTED_EDGE ( 'NONE', *, *, #4942, .T. ) ;
#7853 = DIRECTION ( 'NONE',  ( 0.000000000000000000, 0.000000000000000000, 1.000000000000000000 ) ) ;
#7854 = ORIENTED_EDGE ( 'NONE', *, *, #8173, .F. ) ;
#7855 = ADVANCED_FACE ( 'NONE', ( #3855 ), #7612, .T. ) ;
#7856 = VECTOR ( 'NONE', #3712, 1000.000000000000000 ) ;
#7857 = DIRECTION ( 'NONE',  ( 1.000000000000000000, 0.000000000000000000, 0.000000000000000000 ) ) ;
#7858 = AXIS2_PLACEMENT_3D ( 'NONE', #10210, #9323, #2779 ) ;
#7859 = ORIENTED_EDGE ( 'NONE', *, *, #1848, .T. ) ;
#7860 = VERTEX_POINT ( 'NONE', #6907 ) ;
#7861 = CARTESIAN_POINT ( 'NONE',  ( 3.299999999999999822, 2.949999999999998401, 7.549999999999999822 ) ) ;
#7862 = PLANE ( 'NONE',  #6631 ) ;
#7863 = VECTOR ( 'NONE', #5, 1000.000000000000000 ) ;
#7864 = EDGE_CURVE ( 'NONE', #9551, #564, #312, .T. ) ;
#7865 = ORIENTED_EDGE ( 'NONE', *, *, #5359, .T. ) ;
#7866 = VECTOR ( 'NONE', #8786, 1000.000000000000000 ) ;
#7867 = CARTESIAN_POINT ( 'NONE',  ( -5.049999999999997158, 2.400000000000000355, 2.000000000000000000 ) ) ;
#7868 = ORIENTED_EDGE ( 'NONE', *, *, #3890, .T. ) ;
#7869 = AXIS2_PLACEMENT_3D ( 'NONE', #6350, #3221, #10279 ) ;
#7870 = ORIENTED_EDGE ( 'NONE', *, *, #2909, .F. ) ;
#7871 = DIRECTION ( 'NONE',  ( 1.000000000000000000, 0.000000000000000000, 0.000000000000000000 ) ) ;
#7872 = DIRECTION ( 'NONE',  ( -1.000000000000000000, 0.000000000000000000, 0.000000000000000000 ) ) ;
#7873 = VECTOR ( 'NONE', #4767, 1000.000000000000000 ) ;
#7874 = CARTESIAN_POINT ( 'NONE',  ( 5.049999999999997158, 0.5000000000000001110, -4.499999999999997335 ) ) ;
#7875 = DIRECTION ( 'NONE',  ( 0.000000000000000000, -1.000000000000000000, -0.000000000000000000 ) ) ;
#7876 = DIRECTION ( 'NONE',  ( 0.5735764363510492680, -0.8191520442889894671, 0.000000000000000000 ) ) ;
#7877 = ORIENTED_EDGE ( 'NONE', *, *, #3033, .F. ) ;
#7878 = ORIENTED_EDGE ( 'NONE', *, *, #1417, .T. ) ;
#7879 = SURFACE_STYLE_USAGE ( .BOTH. , #3550 ) ;
#7880 = ADVANCED_FACE ( 'NONE', ( #7442 ), #2825, .T. ) ;
#7881 = AXIS2_PLACEMENT_3D ( 'NONE', #7770, #5308, #326 ) ;
#7882 = CIRCLE ( 'NONE', #7105, 0.1999999999999996503 ) ;
#7883 = CARTESIAN_POINT ( 'NONE',  ( -1.699999999999999956, 0.8000000000000001554, -6.750000000000001776 ) ) ;
#7884 = ORIENTED_EDGE ( 'NONE', *, *, #3709, .T. ) ;
#7885 = EDGE_CURVE ( 'NONE', #9983, #3312, #4436, .T. ) ;
#7886 = CARTESIAN_POINT ( 'NONE',  ( 5.049999999999997158, 2.400000000000000355, 5.000000000000000888 ) ) ;
#7887 = CARTESIAN_POINT ( 'NONE',  ( 1.700000000000000178, 1.100000000000000089, -5.850000000000000533 ) ) ;
#7888 = EDGE_CURVE ( 'NONE', #9886, #9038, #4494, .T. ) ;
#7889 = ORIENTED_EDGE ( 'NONE', *, *, #5976, .T. ) ;
#7890 = VERTEX_POINT ( 'NONE', #6968 ) ;
#7891 = EDGE_CURVE ( 'NONE', #3430, #8566, #7882, .T. ) ;
#7892 = LINE ( 'NONE', #5278, #852 ) ;
#7893 = DIRECTION ( 'NONE',  ( -0.7071067811865462405, 0.000000000000000000, 0.7071067811865489050 ) ) ;
#7894 = EDGE_LOOP ( 'NONE', ( #4104, #16, #9208, #9604 ) ) ;
#7895 = UNCERTAINTY_MEASURE_WITH_UNIT (LENGTH_MEASURE( 1.000000000000000082E-05 ), #6156, 'distance_accuracy_value', 'NONE');
#7896 = LINE ( 'NONE', #9483, #4417 ) ;
#7897 = LINE ( 'NONE', #8587, #7779 ) ;
#7898 = CARTESIAN_POINT ( 'NONE',  ( 3.880824640740575759, 0.09999999999999990841, 3.000000000000000000 ) ) ;
#7899 = ADVANCED_FACE ( 'NONE', ( #1009 ), #9161, .T. ) ;
#7900 = CARTESIAN_POINT ( 'NONE',  ( 3.396418141452980599, 0.5350933335321558237, -6.800000000000001599 ) ) ;
#7901 = DIRECTION ( 'NONE',  ( -1.327027319204863784E-16, -1.000000000000000000, -0.000000000000000000 ) ) ;
#7902 = ORIENTED_EDGE ( 'NONE', *, *, #1072, .F. ) ;
#7903 = VECTOR ( 'NONE', #4206, 1000.000000000000000 ) ;
#7904 = PLANE ( 'NONE',  #2667 ) ;
#7905 = STYLED_ITEM ( 'NONE', ( #6272 ), #5846 ) ;
#7906 = ORIENTED_EDGE ( 'NONE', *, *, #6379, .F. ) ;
#7907 = CARTESIAN_POINT ( 'NONE',  ( 3.880824640740575759, 0.09999999999999990841, 2.599999999999997424 ) ) ;
#7908 = EDGE_LOOP ( 'NONE', ( #6839, #4384, #10288, #824 ) ) ;
#7909 = ORIENTED_EDGE ( 'NONE', *, *, #3652, .F. ) ;
#7910 = EDGE_CURVE ( 'NONE', #8898, #3782, #876, .T. ) ;
#7911 = DIRECTION ( 'NONE',  ( 0.000000000000000000, 0.000000000000000000, 1.000000000000000000 ) ) ;
#7912 = EDGE_LOOP ( 'NONE', ( #9131, #4641, #8607, #5146 ) ) ;
#7913 = CIRCLE ( 'NONE', #4387, 0.1499999999999999667 ) ;
#7914 = EDGE_CURVE ( 'NONE', #3330, #5447, #4257, .T. ) ;
#7915 = ORIENTED_EDGE ( 'NONE', *, *, #7888, .T. ) ;
#7916 = ORIENTED_EDGE ( 'NONE', *, *, #7285, .T. ) ;
#7917 = LINE ( 'NONE', #7190, #8141 ) ;
#7918 = LINE ( 'NONE', #2806, #449 ) ;
#7919 = CARTESIAN_POINT ( 'NONE',  ( 5.799999999999996270, 0.5000000000000002220, 4.500000000000000888 ) ) ;
#7920 = CARTESIAN_POINT ( 'NONE',  ( -4.250000000000000000, 6.550000000000000711, -4.674999999999999822 ) ) ;
#7921 = ORIENTED_EDGE ( 'NONE', *, *, #9767, .F. ) ;
#7922 = LINE ( 'NONE', #4096, #772 ) ;
#7923 = CARTESIAN_POINT ( 'NONE',  ( 2.500000000000000000, -2.299999999999999822, 7.699999999999997513 ) ) ;
#7924 = ORIENTED_EDGE ( 'NONE', *, *, #2161, .T. ) ;
#7925 = AXIS2_PLACEMENT_3D ( 'NONE', #2400, #3098, #6296 ) ;
#7926 = EDGE_LOOP ( 'NONE', ( #2367, #2484, #7250, #526 ) ) ;
#7927 = PLANE ( 'NONE',  #7529 ) ;
#7928 = ORIENTED_EDGE ( 'NONE', *, *, #1385, .F. ) ;
#7929 = EDGE_CURVE ( 'NONE', #2524, #8826, #7992, .T. ) ;
#7930 = EDGE_LOOP ( 'NONE', ( #8582, #2858, #4341, #10421 ) ) ;
#7931 = CARTESIAN_POINT ( 'NONE',  ( 0.000000000000000000, -2.299999999999999822, 7.549999999999999822 ) ) ;
#7932 = FACE_OUTER_BOUND ( 'NONE', #1229, .T. ) ;
#7933 = CIRCLE ( 'NONE', #7345, 0.1499999999999999667 ) ;
#7934 = ORIENTED_EDGE ( 'NONE', *, *, #9947, .F. ) ;
#7935 = ORIENTED_EDGE ( 'NONE', *, *, #1006, .F. ) ;
#7936 = CARTESIAN_POINT ( 'NONE',  ( -5.049999999999997158, 0.5000000000000001110, -4.499999999999997335 ) ) ;
#7937 = ORIENTED_EDGE ( 'NONE', *, *, #9175, .T. ) ;
#7938 = VERTEX_POINT ( 'NONE', #10394 ) ;
#7939 = CARTESIAN_POINT ( 'NONE',  ( 0.000000000000000000, 3.100000000000000089, 4.500000000000000888 ) ) ;
#7940 = ORIENTED_EDGE ( 'NONE', *, *, #5615, .F. ) ;
#7941 = AXIS2_PLACEMENT_3D ( 'NONE', #8715, #7875, #592 ) ;
#7942 = ADVANCED_FACE ( 'NONE', ( #781 ), #8120, .F. ) ;
#7943 = PRODUCT ( 'PEC12R-4030F-S0024', 'PEC12R-4030F-S0024', '', ( #8433 ) ) ;
#7944 = DIRECTION ( 'NONE',  ( 0.000000000000000000, 0.000000000000000000, 1.000000000000000000 ) ) ;
#7945 = CARTESIAN_POINT ( 'NONE',  ( -2.299999999999998490, 0.6999999999999992895, 7.549999999999999822 ) ) ;
#7946 = CARTESIAN_POINT ( 'NONE',  ( 5.799999999999998934, 3.100000000000000089, 5.250000000000000000 ) ) ;
#7947 = DIRECTION ( 'NONE',  ( -0.000000000000000000, -0.000000000000000000, -1.000000000000000000 ) ) ;
#7948 = ORIENTED_EDGE ( 'NONE', *, *, #8198, .T. ) ;
#7949 = EDGE_CURVE ( 'NONE', #8447, #2715, #4348, .T. ) ;
#7950 = ORIENTED_EDGE ( 'NONE', *, *, #7126, .F. ) ;
#7951 = DIRECTION ( 'NONE',  ( 0.000000000000000000, -4.430117370400858162E-17, 1.000000000000000000 ) ) ;
#7952 = LINE ( 'NONE', #3464, #7863 ) ;
#7953 = PLANE ( 'NONE',  #2057 ) ;
#7954 = DIRECTION ( 'NONE',  ( 0.000000000000000000, 1.000000000000000000, 0.000000000000000000 ) ) ;
#7955 = AXIS2_PLACEMENT_3D ( 'NONE', #1739, #981, #756 ) ;
#7956 = ORIENTED_EDGE ( 'NONE', *, *, #2792, .T. ) ;
#7957 = ORIENTED_EDGE ( 'NONE', *, *, #5024, .T. ) ;
#7958 = LINE ( 'NONE', #663, #958 ) ;
#7959 = CARTESIAN_POINT ( 'NONE',  ( -5.499999999999996447, 0.000000000000000000, -6.400000000000000355 ) ) ;
#7960 = DIRECTION ( 'NONE',  ( 0.000000000000000000, 0.000000000000000000, 1.000000000000000000 ) ) ;
#7961 = ORIENTED_EDGE ( 'NONE', *, *, #7169, .F. ) ;
#7962 = ORIENTED_EDGE ( 'NONE', *, *, #5268, .F. ) ;
#7963 = VERTEX_POINT ( 'NONE', #686 ) ;
#7964 = DIRECTION ( 'NONE',  ( 1.000000000000000000, -1.327027319204863784E-16, 0.000000000000000000 ) ) ;
#7965 = VERTEX_POINT ( 'NONE', #9668 ) ;
#7966 = CARTESIAN_POINT ( 'NONE',  ( 5.049999999999997158, 0.1000000000000001721, 3.000000000000000000 ) ) ;
#7967 = ORIENTED_EDGE ( 'NONE', *, *, #9658, .T. ) ;
#7968 = ADVANCED_FACE ( 'NONE', ( #820 ), #716, .T. ) ;
#7969 = DIRECTION ( 'NONE',  ( 0.000000000000000000, 1.000000000000000000, 0.000000000000000000 ) ) ;
#7970 = CIRCLE ( 'NONE', #5962, 0.1499999999999999667 ) ;
#7971 = EDGE_CURVE ( 'NONE', #5027, #4822, #4290, .T. ) ;
#7972 = CARTESIAN_POINT ( 'NONE',  ( -5.750000000000000000, 3.100000000000000089, -5.250000000000000000 ) ) ;
#7973 = PLANE ( 'NONE',  #5581 ) ;
#7974 = CARTESIAN_POINT ( 'NONE',  ( -5.750000000000000000, 3.100000000000000089, 5.250000000000000000 ) ) ;
#7975 = VERTEX_POINT ( 'NONE', #2163 ) ;
#7976 = DIRECTION ( 'NONE',  ( 0.000000000000000000, 0.000000000000000000, 1.000000000000000000 ) ) ;
#7977 = VECTOR ( 'NONE', #2003, 1000.000000000000000 ) ;
#7978 = AXIS2_PLACEMENT_3D ( 'NONE', #9071, #8083, #8919 ) ;
#7979 = DIRECTION ( 'NONE',  ( 0.000000000000000000, 0.000000000000000000, 1.000000000000000000 ) ) ;
#7980 = LINE ( 'NONE', #6007, #887 ) ;
#7981 = EDGE_CURVE ( 'NONE', #10255, #4374, #8160, .T. ) ;
#7982 = DIRECTION ( 'NONE',  ( 3.614007241618348278E-16, 1.000000000000000000, 4.430117370400858162E-17 ) ) ;
#7983 = VERTEX_POINT ( 'NONE', #2091 ) ;
#7984 = ORIENTED_EDGE ( 'NONE', *, *, #8286, .F. ) ;
#7985 = DIRECTION ( 'NONE',  ( -0.5735764363510463815, -0.8191520442889915765, 0.000000000000000000 ) ) ;
#7986 = CARTESIAN_POINT ( 'NONE',  ( -6.200000000000000178, 2.100000000000000089, -1.000000000000000000 ) ) ;
#7987 = LINE ( 'NONE', #5678, #763 ) ;
#7988 = SURFACE_STYLE_FILL_AREA ( #6024 ) ;
#7989 = ORIENTED_EDGE ( 'NONE', *, *, #10397, .T. ) ;
#7990 = ORIENTED_EDGE ( 'NONE', *, *, #7438, .F. ) ;
#7991 = AXIS2_PLACEMENT_3D ( 'NONE', #9945, #109, #950 ) ;
#7992 = LINE ( 'NONE', #3197, #4475 ) ;
#7993 = CIRCLE ( 'NONE', #1590, 0.5749999999999982903 ) ;
#7994 = ADVANCED_FACE ( 'NONE', ( #4399 ), #10522, .T. ) ;
#7995 = CARTESIAN_POINT ( 'NONE',  ( 3.299999999999999822, 2.999999999999998224, 6.349999999999997868 ) ) ;
#7996 = PLANE ( 'NONE',  #4668 ) ;
#7997 = VERTEX_POINT ( 'NONE', #6404 ) ;
#7998 = LINE ( 'NONE', #10084, #8017 ) ;
#7999 = CARTESIAN_POINT ( 'NONE',  ( -3.850000000000000089, 1.000000000000000000, -6.700000000000000178 ) ) ;
#8000 = AXIS2_PLACEMENT_3D ( 'NONE', #6208, #1205, #358 ) ;
#8001 = AXIS2_PLACEMENT_3D ( 'NONE', #3306, #5760, #4782 ) ;
#8002 = FACE_OUTER_BOUND ( 'NONE', #683, .T. ) ;
#8003 = ORIENTED_EDGE ( 'NONE', *, *, #2402, .T. ) ;
#8004 = CARTESIAN_POINT ( 'NONE',  ( 5.799999999999997158, 3.100000000000000089, -3.000000000000000000 ) ) ;
#8005 = VERTEX_POINT ( 'NONE', #2961 ) ;
#8006 = EDGE_CURVE ( 'NONE', #10104, #6246, #7917, .T. ) ;
#8007 = LINE ( 'NONE', #2841, #987 ) ;
#8008 = DIRECTION ( 'NONE',  ( -3.614007241618348278E-16, -1.000000000000000000, -3.614007241618348278E-16 ) ) ;
#8009 = ORIENTED_EDGE ( 'NONE', *, *, #5198, .T. ) ;
#8010 = ORIENTED_EDGE ( 'NONE', *, *, #10227, .F. ) ;
#8011 = CARTESIAN_POINT ( 'NONE',  ( -6.891491226573391415, -1.690611574686247565, 1.000000000000000000 ) ) ;
#8012 = CARTESIAN_POINT ( 'NONE',  ( -5.049999999999997158, 1.000000000000000000, -4.999999999999997335 ) ) ;
#8013 = LINE ( 'NONE', #7825, #838 ) ;
#8014 = AXIS2_PLACEMENT_3D ( 'NONE', #1073, #4147, #1610 ) ;
#8015 = ORIENTED_EDGE ( 'NONE', *, *, #396, .F. ) ;
#8016 = VERTEX_POINT ( 'NONE', #7130 ) ;
#8017 = VECTOR ( 'NONE', #230, 1000.000000000000000 ) ;
#8018 = FACE_OUTER_BOUND ( 'NONE', #7428, .T. ) ;
#8019 = DIRECTION ( 'NONE',  ( 0.000000000000000000, -2.017120320903263702E-16, 1.000000000000000000 ) ) ;
#8020 = ORIENTED_EDGE ( 'NONE', *, *, #3514, .F. ) ;
#8021 = CARTESIAN_POINT ( 'NONE',  ( 1.700000000000000178, 0.4999999999999998890, 6.700000000000000178 ) ) ;
#8022 = AXIS2_PLACEMENT_3D ( 'NONE', #2260, #650, #8851 ) ;
#8023 = VERTEX_POINT ( 'NONE', #5516 ) ;
#8024 = EDGE_CURVE ( 'NONE', #6445, #7374, #4529, .T. ) ;
#8025 = CARTESIAN_POINT ( 'NONE',  ( 5.799999999999998046, 0.5000000000000004441, -4.500000000000000000 ) ) ;
#8026 = DIRECTION ( 'NONE',  ( 0.000000000000000000, 1.000000000000000000, 0.000000000000000000 ) ) ;
#8027 = DIRECTION ( 'NONE',  ( 0.000000000000000000, -1.000000000000000000, 0.000000000000000000 ) ) ;
#8028 = ORIENTED_EDGE ( 'NONE', *, *, #194, .T. ) ;
#8029 = PLANE ( 'NONE',  #2740 ) ;
#8030 = VECTOR ( 'NONE', #5368, 1000.000000000000000 ) ;
#8031 = CARTESIAN_POINT ( 'NONE',  ( -2.900000000000000355, -3.099999999999998757, 7.549999999999999822 ) ) ;
#8032 = EDGE_CURVE ( 'NONE', #4796, #7089, #928, .T. ) ;
#8033 = DIRECTION ( 'NONE',  ( 0.000000000000000000, 1.000000000000000000, 4.430117370400858162E-17 ) ) ;
#8034 = ORIENTED_EDGE ( 'NONE', *, *, #4373, .T. ) ;
#8035 = VERTEX_POINT ( 'NONE', #8737 ) ;
#8036 = VECTOR ( 'NONE', #5573, 1000.000000000000000 ) ;
#8037 = CARTESIAN_POINT ( 'NONE',  ( -2.900000000000000355, 2.504411906293519507, 7.299999999999998934 ) ) ;
#8038 = EDGE_CURVE ( 'NONE', #8023, #8016, #1027, .T. ) ;
#8039 = CARTESIAN_POINT ( 'NONE',  ( -5.049999999999997158, 0.1000000000000001721, -3.000000000000000000 ) ) ;
#8040 = VECTOR ( 'NONE', #5483, 1000.000000000000000 ) ;
#8041 = ORIENTED_EDGE ( 'NONE', *, *, #3897, .T. ) ;
#8042 = FACE_OUTER_BOUND ( 'NONE', #1726, .T. ) ;
#8043 = EDGE_LOOP ( 'NONE', ( #3333, #8671, #10248, #3277, #8216, #880 ) ) ;
#8044 = DIRECTION ( 'NONE',  ( -1.807003620809174139E-16, 1.000000000000000000, 2.017120320903263702E-16 ) ) ;
#8045 = ORIENTED_EDGE ( 'NONE', *, *, #3826, .F. ) ;
#8046 = MECHANICAL_DESIGN_GEOMETRIC_PRESENTATION_REPRESENTATION (  '', ( #7905 ), #5626 ) ;
#8047 = CARTESIAN_POINT ( 'NONE',  ( 3.880824640740575315, 2.935823076413500043, -3.000000000000000000 ) ) ;
#8048 = VECTOR ( 'NONE', #6239, 1000.000000000000000 ) ;
#8049 = CIRCLE ( 'NONE', #4303, 0.05000000000000077993 ) ;
#8050 = DIRECTION ( 'NONE',  ( 0.000000000000000000, -1.000000000000000000, 0.000000000000000000 ) ) ;
#8051 = DIRECTION ( 'NONE',  ( 1.000000000000000000, 1.535153518563546084E-16, -0.000000000000000000 ) ) ;
#8052 = CARTESIAN_POINT ( 'NONE',  ( -5.699999999999998401, 0.6000000000000007550, 5.250000000000000000 ) ) ;
#8053 = EDGE_CURVE ( 'NONE', #8585, #4717, #4584, .T. ) ;
#8054 = VERTEX_POINT ( 'NONE', #3963 ) ;
#8055 = VERTEX_POINT ( 'NONE', #8813 ) ;
#8056 = DIRECTION ( 'NONE',  ( -1.000000000000000000, 1.341711765540131426E-16, 0.000000000000000000 ) ) ;
#8057 = EDGE_CURVE ( 'NONE', #9084, #3827, #8013, .T. ) ;
#8058 = LINE ( 'NONE', #3799, #8040 ) ;
#8059 = ORIENTED_EDGE ( 'NONE', *, *, #6218, .T. ) ;
#8060 = ORIENTED_EDGE ( 'NONE', *, *, #586, .F. ) ;
#8061 = DIRECTION ( 'NONE',  ( 0.000000000000000000, 0.000000000000000000, 1.000000000000000000 ) ) ;
#8062 = LINE ( 'NONE', #9565, #7856 ) ;
#8063 = EDGE_LOOP ( 'NONE', ( #10388, #2342, #2283, #2775 ) ) ;
#8064 = ADVANCED_FACE ( 'NONE', ( #7812 ), #5659, .F. ) ;
#8065 = LINE ( 'NONE', #7630, #801 ) ;
#8066 = SURFACE_STYLE_FILL_AREA ( #7184 ) ;
#8067 = AXIS2_PLACEMENT_3D ( 'NONE', #7732, #7115, #4595 ) ;
#8068 = CARTESIAN_POINT ( 'NONE',  ( 5.049999999999997158, 2.399999999999999023, -4.499999999999997335 ) ) ;
#8069 = DIRECTION ( 'NONE',  ( -0.000000000000000000, 2.409338161078894743E-16, 1.000000000000000000 ) ) ;
#8070 = ORIENTED_EDGE ( 'NONE', *, *, #5075, .T. ) ;
#8071 = EDGE_LOOP ( 'NONE', ( #3731, #947, #7167, #8009 ) ) ;
#8072 = LINE ( 'NONE', #2211, #4532 ) ;
#8073 = DIRECTION ( 'NONE',  ( -0.3420201433256695456, 0.9396926207859082059, 4.162948602181157199E-17 ) ) ;
#8074 = EDGE_CURVE ( 'NONE', #5885, #205, #952, .T. ) ;
#8075 = DIRECTION ( 'NONE',  ( 0.000000000000000000, -1.000000000000000000, -2.460132057943349518E-16 ) ) ;
#8076 = FACE_OUTER_BOUND ( 'NONE', #9727, .T. ) ;
#8077 = ORIENTED_EDGE ( 'NONE', *, *, #2688, .F. ) ;
#8078 = EDGE_CURVE ( 'NONE', #6473, #4232, #7896, .T. ) ;
#8079 = DIRECTION ( 'NONE',  ( 1.327027319204863784E-16, -1.000000000000000000, -0.000000000000000000 ) ) ;
#8080 = ORIENTED_EDGE ( 'NONE', *, *, #1202, .T. ) ;
#8081 = DIRECTION ( 'NONE',  ( 0.000000000000000000, -1.000000000000000000, 0.000000000000000000 ) ) ;
#8082 = DIRECTION ( 'NONE',  ( 0.000000000000000000, 0.000000000000000000, 1.000000000000000000 ) ) ;
#8083 = DIRECTION ( 'NONE',  ( -1.000000000000000000, 0.000000000000000000, 0.000000000000000000 ) ) ;
#8084 = ORIENTED_EDGE ( 'NONE', *, *, #4123, .F. ) ;
#8085 = ORIENTED_EDGE ( 'NONE', *, *, #10389, .T. ) ;
#8086 = DIRECTION ( 'NONE',  ( 0.000000000000000000, 0.000000000000000000, 1.000000000000000000 ) ) ;
#8087 = DIRECTION ( 'NONE',  ( 0.000000000000000000, 1.000000000000000000, 4.430117370400858162E-17 ) ) ;
#8088 = CYLINDRICAL_SURFACE ( 'NONE', #2761, 0.1999999999999996503 ) ;
#8089 = ADVANCED_FACE ( 'NONE', ( #4275 ), #1738, .T. ) ;
#8090 = ORIENTED_EDGE ( 'NONE', *, *, #1902, .T. ) ;
#8091 = ORIENTED_EDGE ( 'NONE', *, *, #5584, .F. ) ;
#8092 = VECTOR ( 'NONE', #6304, 1000.000000000000000 ) ;
#8093 = FACE_OUTER_BOUND ( 'NONE', #6795, .T. ) ;
#8094 = EDGE_CURVE ( 'NONE', #9869, #2218, #4382, .T. ) ;
#8095 = ORIENTED_EDGE ( 'NONE', *, *, #9356, .T. ) ;
#8096 = PLANE ( 'NONE',  #2261 ) ;
#8097 = ORIENTED_EDGE ( 'NONE', *, *, #2443, .F. ) ;
#8098 = PRESENTATION_LAYER_ASSIGNMENT (  '', '', ( #1290 ) ) ;
#8099 = DIRECTION ( 'NONE',  ( -0.000000000000000000, -1.000000000000000000, -0.000000000000000000 ) ) ;
#8100 = CIRCLE ( 'NONE', #6067, 0.1499999999999999667 ) ;
#8101 = DIRECTION ( 'NONE',  ( 0.000000000000000000, 0.000000000000000000, 1.000000000000000000 ) ) ;
#8102 = DIRECTION ( 'NONE',  ( 0.8191520442889894671, -0.5735764363510493791, 0.000000000000000000 ) ) ;
#8103 = FILL_AREA_STYLE ('',( #8937 ) ) ;
#8104 = ORIENTED_EDGE ( 'NONE', *, *, #7030, .F. ) ;
#8105 = CARTESIAN_POINT ( 'NONE',  ( 5.499999999999996447, 5.700000000000000178, 6.400000000000000355 ) ) ;
#8106 = CARTESIAN_POINT ( 'NONE',  ( 0.000000000000000000, 11.09999999999999964, 0.000000000000000000 ) ) ;
#8107 = VECTOR ( 'NONE', #10013, 999.9999999999998863 ) ;
#8108 = ORIENTED_EDGE ( 'NONE', *, *, #6873, .F. ) ;
#8109 = VERTEX_POINT ( 'NONE', #3340 ) ;
#8110 = VECTOR ( 'NONE', #6026, 1000.000000000000000 ) ;
#8111 = PLANE ( 'NONE',  #9076 ) ;
#8112 = ADVANCED_FACE ( 'NONE', ( #4506 ), #3266, .T. ) ;
#8113 = CARTESIAN_POINT ( 'NONE',  ( 5.049999999999997158, 1.000000000000000000, 5.350000000000001421 ) ) ;
#8114 = LINE ( 'NONE', #3931, #1052 ) ;
#8115 = ORIENTED_EDGE ( 'NONE', *, *, #2905, .T. ) ;
#8116 = ORIENTED_EDGE ( 'NONE', *, *, #8801, .F. ) ;
#8117 = FACE_OUTER_BOUND ( 'NONE', #4286, .T. ) ;
#8118 = AXIS2_PLACEMENT_3D ( 'NONE', #3084, #9508, #6989 ) ;
#8119 = VERTEX_POINT ( 'NONE', #7550 ) ;
#8120 = PLANE ( 'NONE',  #4138 ) ;
#8121 = ORIENTED_EDGE ( 'NONE', *, *, #9841, .F. ) ;
#8122 = CARTESIAN_POINT ( 'NONE',  ( 5.799999999999996270, 3.100000000000000089, -5.250000000000000000 ) ) ;
#8123 = VECTOR ( 'NONE', #10458, 1000.000000000000000 ) ;
#8124 = DIRECTION ( 'NONE',  ( 0.000000000000000000, -2.460132057943349518E-16, 1.000000000000000000 ) ) ;
#8125 = EDGE_CURVE ( 'NONE', #3193, #1336, #8065, .T. ) ;
#8126 = DIRECTION ( 'NONE',  ( 0.5735764363510463815, -0.8191520442889915765, 0.000000000000000000 ) ) ;
#8127 = DIRECTION ( 'NONE',  ( 0.000000000000000000, 0.000000000000000000, -1.000000000000000000 ) ) ;
#8128 = EDGE_LOOP ( 'NONE', ( #9346, #9086, #2060, #5120 ) ) ;
#8129 =( NAMED_UNIT ( * ) SI_UNIT ( $, .STERADIAN. ) SOLID_ANGLE_UNIT ( ) );
#8130 = DIRECTION ( 'NONE',  ( 0.000000000000000000, -1.000000000000000000, -4.430117370400858162E-17 ) ) ;
#8131 = VECTOR ( 'NONE', #9559, 1000.000000000000000 ) ;
#8132 = AXIS2_PLACEMENT_3D ( 'NONE', #4295, #5946, #7657 ) ;
#8133 = EDGE_LOOP ( 'NONE', ( #5636, #9382, #6217, #2039, #2351, #2273, #2131, #3069 ) ) ;
#8134 = CARTESIAN_POINT ( 'NONE',  ( -2.542012759203106320, 2.400000000000000355, 2.000000000000000000 ) ) ;
#8135 = DIRECTION ( 'NONE',  ( -1.000000000000000000, 0.000000000000000000, 0.000000000000000000 ) ) ;
#8136 = ADVANCED_FACE ( 'NONE', ( #7932 ), #6622, .F. ) ;
#8137 = CARTESIAN_POINT ( 'NONE',  ( -5.599999999999996092, 5.700000000000000178, -6.400000000000000355 ) ) ;
#8138 = VECTOR ( 'NONE', #4838, 1000.000000000000000 ) ;
#8139 = ORIENTED_EDGE ( 'NONE', *, *, #10083, .F. ) ;
#8140 = AXIS2_PLACEMENT_3D ( 'NONE', #2685, #5786, #1050 ) ;
#8141 = VECTOR ( 'NONE', #10251, 1000.000000000000114 ) ;
#8142 = LINE ( 'NONE', #9599, #1214 ) ;
#8143 = CARTESIAN_POINT ( 'NONE',  ( -1.699999999999999956, 0.5000000000000026645, -6.750000000000001776 ) ) ;
#8144 = ORIENTED_EDGE ( 'NONE', *, *, #8510, .F. ) ;
#8145 = ORIENTED_EDGE ( 'NONE', *, *, #8330, .T. ) ;
#8146 = EDGE_CURVE ( 'NONE', #7965, #614, #7952, .T. ) ;
#8147 = VECTOR ( 'NONE', #3013, 1000.000000000000000 ) ;
#8148 = CARTESIAN_POINT ( 'NONE',  ( 6.200000000000000178, 3.100000000000000089, -3.000000000000000000 ) ) ;
#8149 = VECTOR ( 'NONE', #1906, 1000.000000000000000 ) ;
#8150 = EDGE_CURVE ( 'NONE', #4058, #7342, #855, .T. ) ;
#8151 = EDGE_LOOP ( 'NONE', ( #4174, #604, #7769, #9929 ) ) ;
#8152 = CARTESIAN_POINT ( 'NONE',  ( -1.734723475976807094E-15, -3.903127820947746543E-14, -4.500000000000000000 ) ) ;
#8153 = DIRECTION ( 'NONE',  ( 0.000000000000000000, -1.000000000000000000, 0.000000000000000000 ) ) ;
#8154 = ORIENTED_EDGE ( 'NONE', *, *, #1899, .F. ) ;
#8155 = CARTESIAN_POINT ( 'NONE',  ( 2.550000000000001155, 0.1000000000000017264, -7.049999999999999822 ) ) ;
#8156 = CARTESIAN_POINT ( 'NONE',  ( -4.549999999999997158, 2.400000000000000355, 5.850000000000000533 ) ) ;
#8157 = ORIENTED_EDGE ( 'NONE', *, *, #4339, .F. ) ;
#8158 = CARTESIAN_POINT ( 'NONE',  ( 2.500000000000000444, 0.7500000000000005551, 7.699999999999997513 ) ) ;
#8159 = DIRECTION ( 'NONE',  ( -1.000000000000000000, 0.000000000000000000, 0.000000000000000000 ) ) ;
#8160 = LINE ( 'NONE', #4536, #8048 ) ;
#8161 = LINE ( 'NONE', #8518, #8199 ) ;
#8162 = MANIFOLD_SOLID_BREP ( 'Mirror1[4]', #9760 ) ;
#8163 = AXIS2_PLACEMENT_3D ( 'NONE', #10405, #8543, #9432 ) ;
#8164 = EDGE_CURVE ( 'NONE', #4248, #646, #4242, .T. ) ;
#8165 = ORIENTED_EDGE ( 'NONE', *, *, #7302, .F. ) ;
#8166 = ORIENTED_EDGE ( 'NONE', *, *, #989, .F. ) ;
#8167 = FACE_OUTER_BOUND ( 'NONE', #4103, .T. ) ;
#8168 = EDGE_CURVE ( 'NONE', #1712, #6995, #8322, .T. ) ;
#8169 = LINE ( 'NONE', #3596, #8278 ) ;
#8170 = CARTESIAN_POINT ( 'NONE',  ( 0.000000000000000000, 3.100000000000000089, -4.500000000000000888 ) ) ;
#8171 = ORIENTED_EDGE ( 'NONE', *, *, #7785, .F. ) ;
#8172 = EDGE_LOOP ( 'NONE', ( #10428, #2994, #1879, #9222 ) ) ;
#8173 = EDGE_CURVE ( 'NONE', #5131, #9075, #4634, .T. ) ;
#8174 = CARTESIAN_POINT ( 'NONE',  ( 5.049999999999997158, 2.400000000000000355, -2.000000000000000000 ) ) ;
#8175 = EDGE_CURVE ( 'NONE', #4903, #4913, #8481, .T. ) ;
#8176 = DIRECTION ( 'NONE',  ( 1.000000000000000000, 0.000000000000000000, 0.000000000000000000 ) ) ;
#8177 = DIRECTION ( 'NONE',  ( 1.535153518563545837E-16, -1.000000000000000000, 0.000000000000000000 ) ) ;
#8178 = DIRECTION ( 'NONE',  ( 0.3420201433256695456, 0.9396926207859082059, 4.162948602181157199E-17 ) ) ;
#8179 = VERTEX_POINT ( 'NONE', #4958 ) ;
#8180 = CARTESIAN_POINT ( 'NONE',  ( -6.200000000000000178, 2.100000000000000089, -1.000000000000000000 ) ) ;
#8181 = LINE ( 'NONE', #7091, #8450 ) ;
#8182 = CARTESIAN_POINT ( 'NONE',  ( 3.299999999999999822, 2.949999999999998845, 7.299999999999998934 ) ) ;
#8183 = ORIENTED_EDGE ( 'NONE', *, *, #10608, .T. ) ;
#8184 = LINE ( 'NONE', #2474, #8205 ) ;
#8185 = DIRECTION ( 'NONE',  ( 0.000000000000000000, 1.000000000000000000, 0.000000000000000000 ) ) ;
#8186 = CARTESIAN_POINT ( 'NONE',  ( 5.799999999999998934, 3.100000000000000533, 5.250000000000000000 ) ) ;
#8187 = CIRCLE ( 'NONE', #4515, 0.1499999999999999667 ) ;
#8188 = AXIS2_PLACEMENT_3D ( 'NONE', #2358, #7272, #8130 ) ;
#8189 = ORIENTED_EDGE ( 'NONE', *, *, #4644, .F. ) ;
#8190 = ORIENTED_EDGE ( 'NONE', *, *, #727, .F. ) ;
#8191 = EDGE_CURVE ( 'NONE', #5745, #917, #1375, .T. ) ;
#8192 = PLANE ( 'NONE',  #10318 ) ;
#8193 = LINE ( 'NONE', #3610, #4487 ) ;
#8194 = ORIENTED_EDGE ( 'NONE', *, *, #286, .F. ) ;
#8195 = DIRECTION ( 'NONE',  ( -0.000000000000000000, -0.000000000000000000, 1.000000000000000000 ) ) ;
#8196 = DIRECTION ( 'NONE',  ( 0.000000000000000000, 1.000000000000000000, 4.430117370400858162E-17 ) ) ;
#8198 = EDGE_CURVE ( 'NONE', #564, #427, #1395, .T. ) ;
#8197 = LINE ( 'NONE', #2249, #8519 ) ;
#8199 = VECTOR ( 'NONE', #235, 1000.000000000000000 ) ;
#8200 = CARTESIAN_POINT ( 'NONE',  ( -5.049999999999997158, 2.400000000000000355, 4.500000000000000888 ) ) ;
#8201 = DIRECTION ( 'NONE',  ( -0.9396926207859082059, 0.3420201433256695456, 1.515189377974040262E-17 ) ) ;
#8202 = CARTESIAN_POINT ( 'NONE',  ( -3.880824640740575759, 0.09999999999999990841, -2.599999999999997424 ) ) ;
#8203 = ORIENTED_EDGE ( 'NONE', *, *, #4015, .F. ) ;
#8204 =( NAMED_UNIT ( * ) PLANE_ANGLE_UNIT ( ) SI_UNIT ( $, .RADIAN. ) );
#8205 = VECTOR ( 'NONE', #4184, 1000.000000000000000 ) ;
#8206 = DIRECTION ( 'NONE',  ( 1.327027319204863784E-16, -1.000000000000000000, -0.000000000000000000 ) ) ;
#8207 = LINE ( 'NONE', #3418, #961 ) ;
#8208 = ORIENTED_EDGE ( 'NONE', *, *, #6523, .T. ) ;
#8209 = FILL_AREA_STYLE ('',( #8347 ) ) ;
#8210 = ORIENTED_EDGE ( 'NONE', *, *, #5173, .T. ) ;
#8211 = AXIS2_PLACEMENT_3D ( 'NONE', #2896, #6966, #3567 ) ;
#8212 = CARTESIAN_POINT ( 'NONE',  ( 5.750000000000000000, 3.100000000000000089, 5.250000000000000000 ) ) ;
#8213 = CARTESIAN_POINT ( 'NONE',  ( 5.049999999999997158, 1.000000000000000000, 5.350000000000001421 ) ) ;
#8214 = DIRECTION ( 'NONE',  ( -0.8191520442889909104, -0.5735764363510472696, 0.000000000000000000 ) ) ;
#8215 = LINE ( 'NONE', #2720, #4580 ) ;
#8216 = ORIENTED_EDGE ( 'NONE', *, *, #1472, .T. ) ;
#8217 = EDGE_CURVE ( 'NONE', #9477, #2063, #4718, .T. ) ;
#8218 = VECTOR ( 'NONE', #8374, 1000.000000000000000 ) ;
#8219 = EDGE_CURVE ( 'NONE', #427, #1332, #1281, .T. ) ;
#8220 = EDGE_LOOP ( 'NONE', ( #8977, #8835, #3671, #4107 ) ) ;
#8221 = LINE ( 'NONE', #4947, #937 ) ;
#8222 = DIRECTION ( 'NONE',  ( 1.000000000000000000, 0.000000000000000000, 0.000000000000000000 ) ) ;
#8223 = DIRECTION ( 'NONE',  ( 0.000000000000000000, 0.000000000000000000, -1.000000000000000000 ) ) ;
#8224 = CYLINDRICAL_SURFACE ( 'NONE', #6055, 0.5000000000000004441 ) ;
#8225 = ORIENTED_EDGE ( 'NONE', *, *, #4196, .T. ) ;
#8226 = CARTESIAN_POINT ( 'NONE',  ( -5.799999999999996270, 2.400000000000000355, 4.500000000000000888 ) ) ;
#8227 = CARTESIAN_POINT ( 'NONE',  ( 0.2000000000000000944, -2.299999999999999822, 7.549999999999999822 ) ) ;
#8228 = VERTEX_POINT ( 'NONE', #5176 ) ;
#8229 = DIRECTION ( 'NONE',  ( -1.000000000000000000, 1.341711765540131426E-16, 0.000000000000000000 ) ) ;
#8230 = ADVANCED_FACE ( 'NONE', ( #8409 ), #4812, .T. ) ;
#8231 = CARTESIAN_POINT ( 'NONE',  ( -5.499999999999996447, 5.500000000000000888, 6.400000000000000355 ) ) ;
#8232 = CIRCLE ( 'NONE', #2859, 0.2999999999999999334 ) ;
#8233 = CARTESIAN_POINT ( 'NONE',  ( -5.799999999999996270, 2.400000000000000355, -3.000000000000000000 ) ) ;
#8234 = ORIENTED_EDGE ( 'NONE', *, *, #8483, .F. ) ;
#8235 = DIRECTION ( 'NONE',  ( 0.000000000000000000, -1.000000000000000000, 0.000000000000000000 ) ) ;
#8236 = CARTESIAN_POINT ( 'NONE',  ( -5.799999999999997158, 3.100000000000000089, -3.000000000000000000 ) ) ;
#8237 = VECTOR ( 'NONE', #557, 1000.000000000000000 ) ;
#8238 = LINE ( 'NONE', #5071, #8218 ) ;
#8239 = EDGE_CURVE ( 'NONE', #6127, #387, #4861, .T. ) ;
#8240 = EDGE_LOOP ( 'NONE', ( #3209, #6822, #10323, #3961 ) ) ;
#8241 = ORIENTED_EDGE ( 'NONE', *, *, #3754, .F. ) ;
#8242 = VECTOR ( 'NONE', #4662, 1000.000000000000000 ) ;
#8243 = AXIS2_PLACEMENT_3D ( 'NONE', #1929, #8583, #3436 ) ;
#8244 = VECTOR ( 'NONE', #7425, 1000.000000000000000 ) ;
#8245 = CARTESIAN_POINT ( 'NONE',  ( 2.500000000000000000, -2.299999999999998046, -7.200000000000001066 ) ) ;
#8246 = VERTEX_POINT ( 'NONE', #6702 ) ;
#8247 = PLANE ( 'NONE',  #8542 ) ;
#8248 = VERTEX_POINT ( 'NONE', #7479 ) ;
#8249 = DIRECTION ( 'NONE',  ( 0.000000000000000000, 1.000000000000000000, 0.000000000000000000 ) ) ;
#8250 = ORIENTED_EDGE ( 'NONE', *, *, #5973, .T. ) ;
#8251 = DIRECTION ( 'NONE',  ( 1.000000000000000000, 0.000000000000000000, 0.000000000000000000 ) ) ;
#8252 = ORIENTED_EDGE ( 'NONE', *, *, #9794, .F. ) ;
#8253 = DIRECTION ( 'NONE',  ( 0.000000000000000000, 0.000000000000000000, -1.000000000000000000 ) ) ;
#8254 = DIRECTION ( 'NONE',  ( -0.000000000000000000, 4.430117370400858162E-17, -1.000000000000000000 ) ) ;
#8255 = FACE_OUTER_BOUND ( 'NONE', #9118, .T. ) ;
#8256 = ORIENTED_EDGE ( 'NONE', *, *, #2132, .F. ) ;
#8257 = LINE ( 'NONE', #4102, #8697 ) ;
#8258 = PLANE ( 'NONE',  #7626 ) ;
#8259 = DIRECTION ( 'NONE',  ( -1.000000000000000000, 0.000000000000000000, 0.000000000000000000 ) ) ;
#8260 = AXIS2_PLACEMENT_3D ( 'NONE', #3566, #5977, #2024 ) ;
#8261 = CIRCLE ( 'NONE', #6175, 0.1499999999999999667 ) ;
#8262 = EDGE_LOOP ( 'NONE', ( #1547, #1582, #10409, #1432 ) ) ;
#8263 = EDGE_CURVE ( 'NONE', #9802, #9362, #1337, .T. ) ;
#8264 = ORIENTED_EDGE ( 'NONE', *, *, #1656, .T. ) ;
#8265 = ORIENTED_EDGE ( 'NONE', *, *, #7355, .T. ) ;
#8266 = CARTESIAN_POINT ( 'NONE',  ( -6.199999999999998401, -0.6400000000000000133, 1.000000000000000000 ) ) ;
#8267 = DIRECTION ( 'NONE',  ( 0.000000000000000000, 2.017120320903263702E-16, -1.000000000000000000 ) ) ;
#8268 = CYLINDRICAL_SURFACE ( 'NONE', #6073, 0.1499999999999999667 ) ;
#8269 = VECTOR ( 'NONE', #3185, 1000.000000000000000 ) ;
#8270 = DIRECTION ( 'NONE',  ( 0.000000000000000000, 1.000000000000000000, 0.000000000000000000 ) ) ;
#8271 = AXIS2_PLACEMENT_3D ( 'NONE', #9333, #8573, #3809 ) ;
#8272 = ADVANCED_FACE ( 'NONE', ( #1425 ), #1355, .T. ) ;
#8273 = CARTESIAN_POINT ( 'NONE',  ( -3.299999999999999822, 3.249999999999998668, 6.349999999999997868 ) ) ;
#8274 = DIRECTION ( 'NONE',  ( -1.807003620809174139E-16, 1.000000000000000000, 3.614007241618348278E-16 ) ) ;
#8275 = ORIENTED_EDGE ( 'NONE', *, *, #4673, .T. ) ;
#8276 = ORIENTED_EDGE ( 'NONE', *, *, #59, .T. ) ;
#8277 = CIRCLE ( 'NONE', #1648, 0.2000000000000007327 ) ;
#8278 = VECTOR ( 'NONE', #5800, 1000.000000000000000 ) ;
#8279 = ORIENTED_EDGE ( 'NONE', *, *, #7218, .F. ) ;
#8280 = AXIS2_PLACEMENT_3D ( 'NONE', #4648, #1416, #6288 ) ;
#8281 = DIRECTION ( 'NONE',  ( 0.000000000000000000, 0.000000000000000000, -1.000000000000000000 ) ) ;
#8282 = MECHANICAL_DESIGN_GEOMETRIC_PRESENTATION_REPRESENTATION (  '', ( #47 ), #4805 ) ;
#8283 = DIRECTION ( 'NONE',  ( -0.000000000000000000, -0.000000000000000000, -1.000000000000000000 ) ) ;
#8284 = CARTESIAN_POINT ( 'NONE',  ( -1.699999999999999956, 1.100000000000000089, -5.850000000000000533 ) ) ;
#8285 = EDGE_LOOP ( 'NONE', ( #8527, #3364, #86, #1310 ) ) ;
#8286 = EDGE_CURVE ( 'NONE', #6341, #9075, #4846, .T. ) ;
#8287 = VERTEX_POINT ( 'NONE', #6189 ) ;
#8288 = EDGE_CURVE ( 'NONE', #10485, #974, #8197, .T. ) ;
#8289 = VECTOR ( 'NONE', #7015, 1000.000000000000000 ) ;
#8290 = PLANE ( 'NONE',  #1328 ) ;
#8291 = EDGE_LOOP ( 'NONE', ( #8494, #3658, #10412, #8513 ) ) ;
#8292 = LINE ( 'NONE', #4599, #1033 ) ;
#8293 = DIRECTION ( 'NONE',  ( 0.000000000000000000, 0.000000000000000000, 1.000000000000000000 ) ) ;
#8294 = EDGE_CURVE ( 'NONE', #10175, #6923, #1410, .T. ) ;
#8295 = ADVANCED_FACE ( 'NONE', ( #8537, #1161 ), #1186, .T. ) ;
#8296 = DIRECTION ( 'NONE',  ( 0.000000000000000000, 1.000000000000000000, 4.430117370400858162E-17 ) ) ;
#8297 = ORIENTED_EDGE ( 'NONE', *, *, #3528, .T. ) ;
#8298 = CARTESIAN_POINT ( 'NONE',  ( 3.299999999999999822, 2.949999999999998845, 7.249999999999999112 ) ) ;
#8299 = DIRECTION ( 'NONE',  ( 0.000000000000000000, 0.000000000000000000, 1.000000000000000000 ) ) ;
#8300 = ORIENTED_EDGE ( 'NONE', *, *, #5864, .T. ) ;
#8301 = DIRECTION ( 'NONE',  ( 0.000000000000000000, 1.000000000000000000, 0.000000000000000000 ) ) ;
#8302 = VERTEX_POINT ( 'NONE', #5469 ) ;
#8303 = AXIS2_PLACEMENT_3D ( 'NONE', #7462, #1242, #4548 ) ;
#8304 = PLANE ( 'NONE',  #3974 ) ;
#8305 = EDGE_CURVE ( 'NONE', #4902, #715, #1060, .T. ) ;
#8306 = CARTESIAN_POINT ( 'NONE',  ( -2.399251774994277664, 29.83508237661052220, 1.164917623389476020 ) ) ;
#8307 = CIRCLE ( 'NONE', #9050, 0.2000000000000005107 ) ;
#8308 = CYLINDRICAL_SURFACE ( 'NONE', #4009, 0.2999999999999999334 ) ;
#8309 = EDGE_CURVE ( 'NONE', #2835, #3863, #1266, .T. ) ;
#8310 = ORIENTED_EDGE ( 'NONE', *, *, #8593, .T. ) ;
#8311 = VECTOR ( 'NONE', #8712, 1000.000000000000000 ) ;
#8312 = EDGE_CURVE ( 'NONE', #927, #6875, #1232, .T. ) ;
#8313 = CARTESIAN_POINT ( 'NONE',  ( -4.549999999999997158, 2.400000000000000355, -5.850000000000000533 ) ) ;
#8314 = DIRECTION ( 'NONE',  ( 0.000000000000000000, 1.000000000000000000, 0.000000000000000000 ) ) ;
#8315 = ORIENTED_EDGE ( 'NONE', *, *, #1272, .T. ) ;
#8316 = ADVANCED_FACE ( 'NONE', ( #8375 ), #8690, .T. ) ;
#8317 = DIRECTION ( 'NONE',  ( 0.000000000000000000, 2.017120320903263702E-16, -1.000000000000000000 ) ) ;
#8318 = CARTESIAN_POINT ( 'NONE',  ( -2.598076211353316900, 18.00000000000000000, 1.499999999999999112 ) ) ;
#8319 = CARTESIAN_POINT ( 'NONE',  ( 0.000000000000000000, 0.09999999999999971412, 3.000000000000000444 ) ) ;
#8320 = DIRECTION ( 'NONE',  ( 0.000000000000000000, -4.430117370400858162E-17, 1.000000000000000000 ) ) ;
#8321 = ORIENTED_EDGE ( 'NONE', *, *, #6812, .F. ) ;
#8322 = LINE ( 'NONE', #4887, #8355 ) ;
#8323 = CARTESIAN_POINT ( 'NONE',  ( 3.299999999999999822, 0.8499999999999999778, -6.750000000000001776 ) ) ;
#8324 = AXIS2_PLACEMENT_3D ( 'NONE', #7538, #2027, #6046 ) ;
#8325 = ORIENTED_EDGE ( 'NONE', *, *, #6832, .T. ) ;
#8326 = CIRCLE ( 'NONE', #6806, 0.5749999999999999556 ) ;
#8327 = DIRECTION ( 'NONE',  ( 0.000000000000000000, 0.000000000000000000, 1.000000000000000000 ) ) ;
#8328 = CARTESIAN_POINT ( 'NONE',  ( 1.700000000000000178, 0.8500000000000000888, -5.850000000000000533 ) ) ;
#8329 = ORIENTED_EDGE ( 'NONE', *, *, #6154, .F. ) ;
#8330 = EDGE_CURVE ( 'NONE', #10064, #4627, #1077, .T. ) ;
#8331 = ORIENTED_EDGE ( 'NONE', *, *, #3358, .T. ) ;
#8332 = DIRECTION ( 'NONE',  ( 0.000000000000000000, 0.000000000000000000, 1.000000000000000000 ) ) ;
#8333 = ORIENTED_EDGE ( 'NONE', *, *, #1506, .F. ) ;
#8334 = ORIENTED_EDGE ( 'NONE', *, *, #5842, .F. ) ;
#8335 = FILL_AREA_STYLE ('',( #5852 ) ) ;
#8336 = ADVANCED_FACE ( 'NONE', ( #1297 ), #4617, .T. ) ;
#8337 = SURFACE_STYLE_USAGE ( .BOTH. , #5106 ) ;
#8338 = VECTOR ( 'NONE', #3714, 1000.000000000000000 ) ;
#8339 = DIRECTION ( 'NONE',  ( -0.000000000000000000, 4.430117370400858162E-17, -1.000000000000000000 ) ) ;
#8340 = CARTESIAN_POINT ( 'NONE',  ( -6.199999999999999289, 5.650000000000001243, 5.250000000000000000 ) ) ;
#8341 = DIRECTION ( 'NONE',  ( 0.000000000000000000, 0.000000000000000000, -1.000000000000000000 ) ) ;
#8342 = ORIENTED_EDGE ( 'NONE', *, *, #10576, .T. ) ;
#8343 = AXIS2_PLACEMENT_3D ( 'NONE', #1146, #9952, #10567 ) ;
#8344 = VECTOR ( 'NONE', #1287, 1000.000000000000000 ) ;
#8345 = DIRECTION ( 'NONE',  ( -1.000000000000000000, 0.000000000000000000, 0.000000000000000000 ) ) ;
#8346 = EDGE_CURVE ( 'NONE', #3993, #8353, #8181, .T. ) ;
#8347 = FILL_AREA_STYLE_COLOUR ( '', #5651 ) ;
#8348 = ORIENTED_EDGE ( 'NONE', *, *, #5471, .T. ) ;
#8349 = DIRECTION ( 'NONE',  ( 0.000000000000000000, 0.000000000000000000, -1.000000000000000000 ) ) ;
#8350 = CARTESIAN_POINT ( 'NONE',  ( -5.049999999999997158, 2.400000000000000355, 5.350000000000001421 ) ) ;
#8351 = DIRECTION ( 'NONE',  ( -0.7071067811865456854, 0.000000000000000000, 0.7071067811865493491 ) ) ;
#8352 = VERTEX_POINT ( 'NONE', #6922 ) ;
#8353 = VERTEX_POINT ( 'NONE', #10416 ) ;
#8354 = CLOSED_SHELL ( 'NONE', ( #5941, #9689, #8379, #6997, #188, #254, #8295, #6962, #2886, #6157, #4845, #9492, #8336, #1548, #4819, #6242, #964, #5858, #6509, #3103, #9613, #4075, #5452, #2483, #6946, #8664, #4781, #8560, #823, #1959, #2337, #2953, #8316, #9351, #2771, #7899, #3811, #9, #10353, #7426, #5523, #5504, #2201, #5879, #4200, #4425, #7880, #869, #2465, #8357, #3620, #1361, #10607, #3524, #9081, #2549, #7283, #3023, #4978, #5797, #2142, #3792, #3702, #8640, #4448, #8708, #10286, #7577, #4734, #940, #6133, #8453, #1742, #4000, #2527, #10372, #1720, #5656, #1649, #6053, #4048, #9509, #5478, #6557, #6885, #7159, #5272, #2569, #4666, #7994, #9646, #212, #1981, #7448, #3413, #8734, #2262, #8777, #2379, #3581, #5229, #10453, #6862, #8112, #5390, #10395, #9196, #5990, #7674, #5814, #1885, #5675, #4267, #8272, #7380 ) ) ;
#8355 = VECTOR ( 'NONE', #4117, 1000.000000000000000 ) ;
#8356 = CIRCLE ( 'NONE', #2149, 0.4499999999999990119 ) ;
#8357 = ADVANCED_FACE ( 'NONE', ( #4685 ), #3067, .T. ) ;
#8358 = CARTESIAN_POINT ( 'NONE',  ( -6.599999999999997868, -2.034757436496875016, 1.000000000000000000 ) ) ;
#8359 = ORIENTED_EDGE ( 'NONE', *, *, #10531, .T. ) ;
#8360 = ORIENTED_EDGE ( 'NONE', *, *, #1869, .T. ) ;
#8361 = FACE_OUTER_BOUND ( 'NONE', #4352, .T. ) ;
#8362 = DIRECTION ( 'NONE',  ( 0.000000000000000000, 0.000000000000000000, 1.000000000000000000 ) ) ;
#8363 =( LENGTH_UNIT ( ) NAMED_UNIT ( * ) SI_UNIT ( .MILLI., .METRE. ) );
#8364 = DIRECTION ( 'NONE',  ( 0.000000000000000000, 8.673617379883880855E-15, 1.000000000000000000 ) ) ;
#8365 = EDGE_LOOP ( 'NONE', ( #1855, #238, #9083, #632 ) ) ;
#8366 = EDGE_CURVE ( 'NONE', #3860, #641, #4792, .T. ) ;
#8367 = CARTESIAN_POINT ( 'NONE',  ( -3.299999999999999822, 1.100000000000000089, -5.850000000000000533 ) ) ;
#8368 = ORIENTED_EDGE ( 'NONE', *, *, #6742, .F. ) ;
#8369 = VECTOR ( 'NONE', #4099, 1000.000000000000000 ) ;
#8370 = AXIS2_PLACEMENT_3D ( 'NONE', #160, #1625, #9217 ) ;
#8371 = ORIENTED_EDGE ( 'NONE', *, *, #3376, .F. ) ;
#8372 = EDGE_LOOP ( 'NONE', ( #8584, #5475, #7457, #5364 ) ) ;
#8373 = DIRECTION ( 'NONE',  ( -0.000000000000000000, 4.430117370400858162E-17, -1.000000000000000000 ) ) ;
#8374 = DIRECTION ( 'NONE',  ( -1.000000000000000000, -0.000000000000000000, 0.000000000000000000 ) ) ;
#8375 = FACE_OUTER_BOUND ( 'NONE', #7908, .T. ) ;
#8376 = CYLINDRICAL_SURFACE ( 'NONE', #3171, 0.9999999999999996669 ) ;
#8377 = VERTEX_POINT ( 'NONE', #7705 ) ;
#8378 = FACE_BOUND ( 'NONE', #7592, .T. ) ;
#8379 = ADVANCED_FACE ( 'NONE', ( #1096 ), #4703, .T. ) ;
#8380 = AXIS2_PLACEMENT_3D ( 'NONE', #7411, #68, #3918 ) ;
#8381 = CARTESIAN_POINT ( 'NONE',  ( -5.499999999999996447, 1.000000000000000000, -6.700000000000000178 ) ) ;
#8382 = VERTEX_POINT ( 'NONE', #4411 ) ;
#8383 = DIRECTION ( 'NONE',  ( 1.000000000000000000, -0.000000000000000000, -0.000000000000000000 ) ) ;
#8384 = ORIENTED_EDGE ( 'NONE', *, *, #8312, .T. ) ;
#8385 = SHAPE_DEFINITION_REPRESENTATION ( #9916, #657 ) ;
#8386 = EDGE_LOOP ( 'NONE', ( #5453, #1249, #8446 ) ) ;
#8387 = CARTESIAN_POINT ( 'NONE',  ( 6.563830408857795895, -1.920042149226665718, 1.000000000000000000 ) ) ;
#8388 = CARTESIAN_POINT ( 'NONE',  ( 0.000000000000000000, 3.100000000000000089, -4.500000000000000888 ) ) ;
#8389 = EDGE_LOOP ( 'NONE', ( #153, #4077 ) ) ;
#8390 = DIRECTION ( 'NONE',  ( 0.000000000000000000, -1.445602896647339163E-16, -1.000000000000000000 ) ) ;
#8391 = LINE ( 'NONE', #8143, #1557 ) ;
#8392 = AXIS2_PLACEMENT_3D ( 'NONE', #7580, #7436, #4988 ) ;
#8393 = DIRECTION ( 'NONE',  ( 0.000000000000000000, 0.000000000000000000, -1.000000000000000000 ) ) ;
#8394 = VECTOR ( 'NONE', #9555, 1000.000000000000000 ) ;
#8395 = ORIENTED_EDGE ( 'NONE', *, *, #5654, .T. ) ;
#8396 = EDGE_CURVE ( 'NONE', #9367, #10342, #4669, .T. ) ;
#8397 = CIRCLE ( 'NONE', #10254, 2.500000000000002220 ) ;
#8398 = CARTESIAN_POINT ( 'NONE',  ( 0.000000000000000000, 11.09999999999999964, 0.000000000000000000 ) ) ;
#8399 = DIRECTION ( 'NONE',  ( -1.000000000000000000, 0.000000000000000000, 0.000000000000000000 ) ) ;
#8400 = CARTESIAN_POINT ( 'NONE',  ( -2.542012759203106320, 2.400000000000000355, -3.000000000000000000 ) ) ;
#8401 = ORIENTED_EDGE ( 'NONE', *, *, #705, .F. ) ;
#8402 = AXIS2_PLACEMENT_3D ( 'NONE', #8761, #3923, #3070 ) ;
#8403 = ADVANCED_FACE ( 'NONE', ( #4900 ), #8268, .T. ) ;
#8404 = CARTESIAN_POINT ( 'NONE',  ( -3.299999999999999822, 1.100000000000000089, -5.850000000000000533 ) ) ;
#8405 = ORIENTED_EDGE ( 'NONE', *, *, #1172, .T. ) ;
#8406 = ORIENTED_EDGE ( 'NONE', *, *, #2743, .F. ) ;
#8407 = CARTESIAN_POINT ( 'NONE',  ( -5.049999999999997158, 1.000000000000000000, 5.350000000000001421 ) ) ;
#8408 = DIRECTION ( 'NONE',  ( 0.7071067811865489050, 0.000000000000000000, 0.7071067811865462405 ) ) ;
#8409 = FACE_OUTER_BOUND ( 'NONE', #7930, .T. ) ;
#8410 = CIRCLE ( 'NONE', #8163, 0.05000000000000073830 ) ;
#8411 = DIRECTION ( 'NONE',  ( 0.000000000000000000, 0.000000000000000000, -1.000000000000000000 ) ) ;
#8412 = AXIS2_PLACEMENT_3D ( 'NONE', #3893, #6232, #4032 ) ;
#8413 = EDGE_CURVE ( 'NONE', #6072, #4030, #4741, .T. ) ;
#8414 = PLANE ( 'NONE',  #2560 ) ;
#8415 = EDGE_LOOP ( 'NONE', ( #6805, #3544, #3208, #7940 ) ) ;
#8416 = VECTOR ( 'NONE', #10571, 1000.000000000000000 ) ;
#8417 = CARTESIAN_POINT ( 'NONE',  ( 1.700000000000000178, 0.8000000000000001554, -6.800000000000001599 ) ) ;
#8418 = EDGE_CURVE ( 'NONE', #4058, #6690, #8307, .T. ) ;
#8419 = CARTESIAN_POINT ( 'NONE',  ( 6.891491226573391415, -1.690611574686247565, 1.000000000000000000 ) ) ;
#8420 = ORIENTED_EDGE ( 'NONE', *, *, #10186, .F. ) ;
#8421 = EDGE_CURVE ( 'NONE', #8179, #3500, #4828, .T. ) ;
#8422 = CARTESIAN_POINT ( 'NONE',  ( 0.000000000000000000, 3.100000000000000089, 4.500000000000000888 ) ) ;
#8423 = CARTESIAN_POINT ( 'NONE',  ( 5.799999999999998934, 5.650000000000001243, 3.000000000000000000 ) ) ;
#8424 = EDGE_CURVE ( 'NONE', #7332, #8751, #8391, .T. ) ;
#8425 = EDGE_LOOP ( 'NONE', ( #1807, #10239, #2996, #4771 ) ) ;
#8426 = ORIENTED_EDGE ( 'NONE', *, *, #1656, .F. ) ;
#8427 = VECTOR ( 'NONE', #9499, 1000.000000000000000 ) ;
#8428 = FACE_OUTER_BOUND ( 'NONE', #10578, .T. ) ;
#8429 = EDGE_LOOP ( 'NONE', ( #2, #7757, #10339, #5747 ) ) ;
#8430 = ORIENTED_EDGE ( 'NONE', *, *, #9517, .F. ) ;
#8431 = VECTOR ( 'NONE', #7691, 1000.000000000000000 ) ;
#8432 = DIRECTION ( 'NONE',  ( -1.000000000000000000, 0.000000000000000000, 0.000000000000000000 ) ) ;
#8433 = PRODUCT_CONTEXT ( 'NONE', #2713, 'mechanical' ) ;
#8434 = AXIS2_PLACEMENT_3D ( 'NONE', #5958, #6818, #9701 ) ;
#8435 = ORIENTED_EDGE ( 'NONE', *, *, #7074, .F. ) ;
#8436 = CARTESIAN_POINT ( 'NONE',  ( 1.700000000000000178, 3.249999999999998668, 6.349999999999997868 ) ) ;
#8437 = DIRECTION ( 'NONE',  ( 0.5735764363510473807, 0.8191520442889910214, -0.000000000000000000 ) ) ;
#8438 = CARTESIAN_POINT ( 'NONE',  ( 1.700000000000000178, 2.949999999999998845, 7.249999999999999112 ) ) ;
#8439 = ORIENTED_EDGE ( 'NONE', *, *, #5560, .T. ) ;
#8440 = CARTESIAN_POINT ( 'NONE',  ( 5.499999999999996447, 5.500000000000000888, -6.400000000000000355 ) ) ;
#8441 = VECTOR ( 'NONE', #2977, 1000.000000000000000 ) ;
#8442 = DIRECTION ( 'NONE',  ( -0.9396926207859082059, -0.3420201433256695456, 0.000000000000000000 ) ) ;
#8443 = EDGE_CURVE ( 'NONE', #10542, #1525, #8803, .T. ) ;
#8444 = ORIENTED_EDGE ( 'NONE', *, *, #6770, .T. ) ;
#8445 = DIRECTION ( 'NONE',  ( 0.000000000000000000, 2.017120320903263702E-16, -1.000000000000000000 ) ) ;
#8446 = ORIENTED_EDGE ( 'NONE', *, *, #3422, .T. ) ;
#8447 = VERTEX_POINT ( 'NONE', #9626 ) ;
#8448 = DIRECTION ( 'NONE',  ( 0.000000000000000000, 2.017120320903263702E-16, -1.000000000000000000 ) ) ;
#8449 = DIRECTION ( 'NONE',  ( 0.000000000000000000, -0.000000000000000000, -1.000000000000000000 ) ) ;
#8451 = EDGE_CURVE ( 'NONE', #6041, #773, #8854, .T. ) ;
#8450 = VECTOR ( 'NONE', #1325, 1000.000000000000000 ) ;
#8452 = LINE ( 'NONE', #4977, #4937 ) ;
#8453 = ADVANCED_FACE ( 'NONE', ( #8706 ), #7996, .T. ) ;
#8454 = ORIENTED_EDGE ( 'NONE', *, *, #4354, .F. ) ;
#8455 = UNCERTAINTY_MEASURE_WITH_UNIT (LENGTH_MEASURE( 1.000000000000000082E-05 ), #3484, 'distance_accuracy_value', 'NONE');
#8456 = CIRCLE ( 'NONE', #6538, 0.05000000000000012768 ) ;
#8457 = CARTESIAN_POINT ( 'NONE',  ( 2.500000000000000444, 0.6999999999999998446, 7.549999999999999822 ) ) ;
#8458 = DIRECTION ( 'NONE',  ( -0.000000000000000000, 2.017120320903263702E-16, -1.000000000000000000 ) ) ;
#8459 = ORIENTED_EDGE ( 'NONE', *, *, #4146, .T. ) ;
#8460 = AXIS2_PLACEMENT_3D ( 'NONE', #369, #2802, #5286 ) ;
#8461 = LINE ( 'NONE', #2179, #8441 ) ;
#8462 = DIRECTION ( 'NONE',  ( -0.000000000000000000, 2.017120320903263702E-16, -1.000000000000000000 ) ) ;
#8463 = ORIENTED_EDGE ( 'NONE', *, *, #6197, .T. ) ;
#8464 = ORIENTED_EDGE ( 'NONE', *, *, #9361, .T. ) ;
#8465 = CARTESIAN_POINT ( 'NONE',  ( -5.799999999999996270, 0.1000000000000001721, -2.000000000000000000 ) ) ;
#8466 = DIRECTION ( 'NONE',  ( 1.000000000000000000, 0.000000000000000000, 0.000000000000000000 ) ) ;
#8467 = ORIENTED_EDGE ( 'NONE', *, *, #1750, .T. ) ;
#8468 = EDGE_CURVE ( 'NONE', #758, #6955, #5057, .T. ) ;
#8469 = LINE ( 'NONE', #3575, #4829 ) ;
#8470 = EDGE_CURVE ( 'NONE', #5409, #1800, #5313, .T. ) ;
#8471 = ORIENTED_EDGE ( 'NONE', *, *, #5473, .T. ) ;
#8472 = CIRCLE ( 'NONE', #9696, 0.05000000000000077993 ) ;
#8473 = DIRECTION ( 'NONE',  ( 0.000000000000000000, -1.000000000000000000, 2.409338161078895729E-16 ) ) ;
#8474 = CARTESIAN_POINT ( 'NONE',  ( 0.000000000000000000, 2.100000000000000089, -1.000000000000000000 ) ) ;
#8475 = DIRECTION ( 'NONE',  ( -1.000000000000000000, -0.000000000000000000, 0.000000000000000000 ) ) ;
#8476 = ORIENTED_EDGE ( 'NONE', *, *, #4743, .F. ) ;
#8477 = DIRECTION ( 'NONE',  ( 1.000000000000000000, -1.341711765540131426E-16, 0.000000000000000000 ) ) ;
#8478 = ORIENTED_EDGE ( 'NONE', *, *, #216, .F. ) ;
#8479 = EDGE_LOOP ( 'NONE', ( #1669, #2115, #5932, #1973, #6423, #2236, #2243, #8893 ) ) ;
#8480 =( NAMED_UNIT ( * ) SI_UNIT ( $, .STERADIAN. ) SOLID_ANGLE_UNIT ( ) );
#8481 = LINE ( 'NONE', #4198, #4916 ) ;
#8482 = FACE_OUTER_BOUND ( 'NONE', #376, .T. ) ;
#8483 = EDGE_CURVE ( 'NONE', #6185, #927, #5076, .T. ) ;
#8484 = PLANE ( 'NONE',  #10619 ) ;
#8485 = ORIENTED_EDGE ( 'NONE', *, *, #2459, .F. ) ;
#8486 = ORIENTED_EDGE ( 'NONE', *, *, #8684, .T. ) ;
#8487 = LINE ( 'NONE', #3699, #4798 ) ;
#8488 = MECHANICAL_DESIGN_GEOMETRIC_PRESENTATION_REPRESENTATION (  '', ( #1290 ), #6958 ) ;
#8489 = CARTESIAN_POINT ( 'NONE',  ( 3.880824640740575759, 0.09999999999999990841, -4.499999999999997335 ) ) ;
#8490 = DIRECTION ( 'NONE',  ( 0.000000000000000000, -2.460132057943349518E-16, 1.000000000000000000 ) ) ;
#8491 = ORIENTED_EDGE ( 'NONE', *, *, #5860, .T. ) ;
#8492 = ADVANCED_FACE ( 'NONE', ( #1715 ), #8290, .F. ) ;
#8493 = CYLINDRICAL_SURFACE ( 'NONE', #2714, 0.2999999999999999334 ) ;
#8494 = ORIENTED_EDGE ( 'NONE', *, *, #1920, .T. ) ;
#8495 = ORIENTED_EDGE ( 'NONE', *, *, #7822, .F. ) ;
#8496 = ORIENTED_EDGE ( 'NONE', *, *, #368, .F. ) ;
#8497 = VECTOR ( 'NONE', #4630, 1000.000000000000000 ) ;
#8498 = VECTOR ( 'NONE', #3913, 1000.000000000000000 ) ;
#8499 = CIRCLE ( 'NONE', #9437, 0.1499999999999999667 ) ;
#8500 = DIRECTION ( 'NONE',  ( 0.000000000000000000, 0.000000000000000000, 1.000000000000000000 ) ) ;
#8501 = EDGE_CURVE ( 'NONE', #5671, #1594, #5114, .T. ) ;
#8502 = EDGE_LOOP ( 'NONE', ( #2636, #5410, #311, #6383, #9781 ) ) ;
#8503 = DIRECTION ( 'NONE',  ( -0.000000000000000000, 0.000000000000000000, -1.000000000000000000 ) ) ;
#8504 = SURFACE_STYLE_USAGE ( .BOTH. , #8574 ) ;
#8505 = DIRECTION ( 'NONE',  ( -1.327027319204863784E-16, -1.000000000000000000, -0.000000000000000000 ) ) ;
#8506 = CARTESIAN_POINT ( 'NONE',  ( 5.799999999999998934, 5.650000000000001243, -5.250000000000000000 ) ) ;
#8507 = PLANE ( 'NONE',  #9677 ) ;
#8508 = ORIENTED_EDGE ( 'NONE', *, *, #6345, .F. ) ;
#8509 = CARTESIAN_POINT ( 'NONE',  ( 4.336808689942017736E-16, 0.9000000000000005773, 7.549999999999999822 ) ) ;
#8510 = EDGE_CURVE ( 'NONE', #9822, #2785, #5002, .T. ) ;
#8511 = LINE ( 'NONE', #4640, #1483 ) ;
#8512 = CARTESIAN_POINT ( 'NONE',  ( -5.599999999999996092, 5.700000000000000178, 6.400000000000000355 ) ) ;
#8513 = ORIENTED_EDGE ( 'NONE', *, *, #3754, .T. ) ;
#8514 = CARTESIAN_POINT ( 'NONE',  ( 2.900000000000000355, 0.7999999999999982681, 7.549999999999999822 ) ) ;
#8515 = VERTEX_POINT ( 'NONE', #9756 ) ;
#8516 = VERTEX_POINT ( 'NONE', #8838 ) ;
#8517 = CARTESIAN_POINT ( 'NONE',  ( -5.799999999999996270, 0.5000000000000002220, 4.500000000000000888 ) ) ;
#8518 = CARTESIAN_POINT ( 'NONE',  ( 0.4000000000000001887, 2.504411906293520396, -6.200000000000001954 ) ) ;
#8519 = VECTOR ( 'NONE', #270, 1000.000000000000000 ) ;
#8520 = LINE ( 'NONE', #6644, #8589 ) ;
#8521 = PRESENTATION_LAYER_ASSIGNMENT (  '', '', ( #1059 ) ) ;
#8522 = VERTEX_POINT ( 'NONE', #3142 ) ;
#8523 = CARTESIAN_POINT ( 'NONE',  ( 5.049999999999997158, 4.986986664055304885, 5.350000000000001421 ) ) ;
#8524 = CARTESIAN_POINT ( 'NONE',  ( 5.049999999999997158, 2.128355624055937206E-16, 5.350000000000001421 ) ) ;
#8525 = AXIS2_PLACEMENT_3D ( 'NONE', #5051, #4839, #1531 ) ;
#8526 = AXIS2_PLACEMENT_3D ( 'NONE', #6440, #37, #9932 ) ;
#8527 = ORIENTED_EDGE ( 'NONE', *, *, #7406, .F. ) ;
#8528 = CIRCLE ( 'NONE', #9894, 0.2999999999999999334 ) ;
#8529 = CARTESIAN_POINT ( 'NONE',  ( 2.500000000000000444, 0.6999999999999998446, 7.549999999999999822 ) ) ;
#8530 = ORIENTED_EDGE ( 'NONE', *, *, #10265, .T. ) ;
#8531 = EDGE_CURVE ( 'NONE', #2785, #6747, #1776, .T. ) ;
#8532 = ORIENTED_EDGE ( 'NONE', *, *, #6212, .F. ) ;
#8533 = CARTESIAN_POINT ( 'NONE',  ( 0.000000000000000000, 6.100000000000000533, -3.500000000000000000 ) ) ;
#8534 = DIRECTION ( 'NONE',  ( -0.000000000000000000, -0.000000000000000000, -1.000000000000000000 ) ) ;
#8535 = ORIENTED_EDGE ( 'NONE', *, *, #4196, .F. ) ;
#8536 = DIRECTION ( 'NONE',  ( 0.000000000000000000, 0.000000000000000000, 1.000000000000000000 ) ) ;
#8537 = FACE_BOUND ( 'NONE', #8389, .T. ) ;
#8538 = FACE_OUTER_BOUND ( 'NONE', #5552, .T. ) ;
#8539 = ADVANCED_FACE ( 'NONE', ( #1759 ), #5205, .T. ) ;
#8540 = DIRECTION ( 'NONE',  ( 0.000000000000000000, -1.000000000000000000, -0.000000000000000000 ) ) ;
#8541 = EDGE_LOOP ( 'NONE', ( #4843, #10153, #8256, #10488 ) ) ;
#8542 = AXIS2_PLACEMENT_3D ( 'NONE', #4008, #45, #875 ) ;
#8543 = DIRECTION ( 'NONE',  ( 0.000000000000000000, 2.017120320903263702E-16, -1.000000000000000000 ) ) ;
#8544 = CARTESIAN_POINT ( 'NONE',  ( 3.299999999999999822, 2.999999999999998224, 6.349999999999997868 ) ) ;
#8545 = DIRECTION ( 'NONE',  ( -0.000000000000000000, -1.000000000000000000, 0.000000000000000000 ) ) ;
#8546 = VECTOR ( 'NONE', #9142, 1000.000000000000000 ) ;
#8547 = AXIS2_PLACEMENT_3D ( 'NONE', #4333, #9798, #9099 ) ;
#8548 = ORIENTED_EDGE ( 'NONE', *, *, #3086, .T. ) ;
#8549 = CARTESIAN_POINT ( 'NONE',  ( -4.250000000000000000, 6.550000000000000711, -5.674999999999999822 ) ) ;
#8550 = VERTEX_POINT ( 'NONE', #91 ) ;
#8551 = ORIENTED_EDGE ( 'NONE', *, *, #2181, .F. ) ;
#8552 = EDGE_CURVE ( 'NONE', #845, #48, #8746, .T. ) ;
#8553 = DIRECTION ( 'NONE',  ( -0.000000000000000000, -1.000000000000000000, -0.000000000000000000 ) ) ;
#8554 = LINE ( 'NONE', #4366, #8728 ) ;
#8555 = LINE ( 'NONE', #2904, #8394 ) ;
#8556 = CARTESIAN_POINT ( 'NONE',  ( 3.880824640740575315, 2.935823076413500043, -4.499999999999997335 ) ) ;
#8557 = EDGE_CURVE ( 'NONE', #8910, #9618, #8673, .T. ) ;
#8558 = ORIENTED_EDGE ( 'NONE', *, *, #3823, .T. ) ;
#8559 = VERTEX_POINT ( 'NONE', #3427 ) ;
#8560 = ADVANCED_FACE ( 'NONE', ( #8654 ), #2444, .T. ) ;
#8561 = EDGE_CURVE ( 'NONE', #908, #5228, #5260, .T. ) ;
#8562 = DIRECTION ( 'NONE',  ( -1.000000000000000000, -0.000000000000000000, -0.000000000000000000 ) ) ;
#8563 = CARTESIAN_POINT ( 'NONE',  ( 2.449999999999999734, 0.1000000000000016709, -7.049999999999999822 ) ) ;
#8564 = FACE_OUTER_BOUND ( 'NONE', #9909, .T. ) ;
#8565 = DIRECTION ( 'NONE',  ( -1.000000000000000000, -0.000000000000000000, 0.000000000000000000 ) ) ;
#8566 = VERTEX_POINT ( 'NONE', #3987 ) ;
#8567 = ORIENTED_EDGE ( 'NONE', *, *, #5224, .F. ) ;
#8568 = VERTEX_POINT ( 'NONE', #4911 ) ;
#8569 = VECTOR ( 'NONE', #778, 1000.000000000000000 ) ;
#8570 = FACE_OUTER_BOUND ( 'NONE', #5601, .T. ) ;
#8571 = AXIS2_PLACEMENT_3D ( 'NONE', #8895, #9987, #6490 ) ;
#8572 = ORIENTED_EDGE ( 'NONE', *, *, #4715, .T. ) ;
#8573 = DIRECTION ( 'NONE',  ( -1.341711765540131426E-16, 1.000000000000000000, 0.000000000000000000 ) ) ;
#8574 = SURFACE_SIDE_STYLE ('',( #871 ) ) ;
#8575 = EDGE_CURVE ( 'NONE', #5265, #10196, #1794, .T. ) ;
#8576 = CARTESIAN_POINT ( 'NONE',  ( -1.734723475976807094E-15, 0.000000000000000000, -5.850000000000000533 ) ) ;
#8577 = CARTESIAN_POINT ( 'NONE',  ( -5.799999999999996270, 1.000000000000000000, -4.999999999999997335 ) ) ;
#8578 = CARTESIAN_POINT ( 'NONE',  ( 0.000000000000000000, 0.09999999999999971412, -3.000000000000000444 ) ) ;
#8579 = CARTESIAN_POINT ( 'NONE',  ( -5.049999999999997158, 2.400000000000000355, -4.999999999999997335 ) ) ;
#8580 = ADVANCED_FACE ( 'NONE', ( #1602 ), #3481, .F. ) ;
#8581 = FACE_OUTER_BOUND ( 'NONE', #764, .T. ) ;
#8582 = ORIENTED_EDGE ( 'NONE', *, *, #6708, .T. ) ;
#8583 = DIRECTION ( 'NONE',  ( 1.000000000000000000, 0.000000000000000000, 0.000000000000000000 ) ) ;
#8584 = ORIENTED_EDGE ( 'NONE', *, *, #5085, .F. ) ;
#8585 = VERTEX_POINT ( 'NONE', #2708 ) ;
#8586 = DIRECTION ( 'NONE',  ( -3.614007241618348278E-16, -1.000000000000000000, -4.430117370400858162E-17 ) ) ;
#8587 = CARTESIAN_POINT ( 'NONE',  ( 3.299999999999999822, 0.8000000000000001554, -6.800000000000001599 ) ) ;
#8588 = FACE_OUTER_BOUND ( 'NONE', #1437, .T. ) ;
#8589 = VECTOR ( 'NONE', #5937, 1000.000000000000114 ) ;
#8590 = FACE_OUTER_BOUND ( 'NONE', #1896, .T. ) ;
#8591 = ORIENTED_EDGE ( 'NONE', *, *, #3948, .F. ) ;
#8592 = AXIS2_PLACEMENT_3D ( 'NONE', #4067, #4915, #6576 ) ;
#8593 = EDGE_CURVE ( 'NONE', #1783, #8884, #8602, .T. ) ;
#8594 = DIRECTION ( 'NONE',  ( -0.000000000000000000, -0.000000000000000000, 1.000000000000000000 ) ) ;
#8595 = VECTOR ( 'NONE', #6282, 1000.000000000000000 ) ;
#8596 = EDGE_CURVE ( 'NONE', #3010, #3863, #1440, .T. ) ;
#8597 = DIRECTION ( 'NONE',  ( -0.9396926207859082059, -0.3420201433256695456, -1.515189377974040262E-17 ) ) ;
#8598 = DIRECTION ( 'NONE',  ( 0.7660444431189813441, -0.6427876096865353661, 0.000000000000000000 ) ) ;
#8599 = CARTESIAN_POINT ( 'NONE',  ( 0.000000000000000000, 0.09999999999999971412, -4.500000000000000888 ) ) ;
#8600 = EDGE_LOOP ( 'NONE', ( #8999, #10277, #8703, #10348 ) ) ;
#8601 = DIRECTION ( 'NONE',  ( 0.9396926207859082059, 0.3420201433256695456, 0.000000000000000000 ) ) ;
#8602 = CIRCLE ( 'NONE', #4678, 0.04999999999999969746 ) ;
#8603 = DIRECTION ( 'NONE',  ( 0.000000000000000000, 0.000000000000000000, 1.000000000000000000 ) ) ;
#8604 = CIRCLE ( 'NONE', #4939, 0.1499999999999999667 ) ;
#8605 = CARTESIAN_POINT ( 'NONE',  ( -6.200000000000000178, 0.09999999999999971412, -4.500000000000000888 ) ) ;
#8606 = VECTOR ( 'NONE', #3044, 1000.000000000000000 ) ;
#8607 = ORIENTED_EDGE ( 'NONE', *, *, #5417, .T. ) ;
#8608 = EDGE_LOOP ( 'NONE', ( #2570, #7340, #570, #6167, #5988, #1554 ) ) ;
#8609 = DIRECTION ( 'NONE',  ( 1.000000000000000000, 0.000000000000000000, 0.000000000000000000 ) ) ;
#8610 = CARTESIAN_POINT ( 'NONE',  ( 0.7999999999999999334, 2.650000000000001243, -6.200000000000001954 ) ) ;
#8611 = CARTESIAN_POINT ( 'NONE',  ( -1.699999999999999956, 0.8500000000000000888, -5.850000000000000533 ) ) ;
#8612 = EDGE_CURVE ( 'NONE', #8775, #5501, #5134, .T. ) ;
#8613 = VECTOR ( 'NONE', #3662, 1000.000000000000000 ) ;
#8614 = ORIENTED_EDGE ( 'NONE', *, *, #7013, .T. ) ;
#8615 = AXIS2_PLACEMENT_3D ( 'NONE', #6954, #2877, #3680 ) ;
#8616 = ORIENTED_EDGE ( 'NONE', *, *, #8443, .T. ) ;
#8617 = VERTEX_POINT ( 'NONE', #7651 ) ;
#8618 = DIRECTION ( 'NONE',  ( -0.8191520442889894671, -0.5735764363510493791, 0.000000000000000000 ) ) ;
#8619 = DIRECTION ( 'NONE',  ( 2.478176394252553728E-15, 0.000000000000000000, -1.000000000000000000 ) ) ;
#8620 = CIRCLE ( 'NONE', #9914, 0.04999999999999883010 ) ;
#8621 = LINE ( 'NONE', #771, #4882 ) ;
#8622 =( NAMED_UNIT ( * ) PLANE_ANGLE_UNIT ( ) SI_UNIT ( $, .RADIAN. ) );
#8623 = VECTOR ( 'NONE', #8201, 999.9999999999998863 ) ;
#8624 = VERTEX_POINT ( 'NONE', #5942 ) ;
#8625 = DIRECTION ( 'NONE',  ( -0.000000000000000000, -0.000000000000000000, 1.000000000000000000 ) ) ;
#8626 = CARTESIAN_POINT ( 'NONE',  ( 0.8000000000000001554, 0.7999999999999983791, 7.249999999999999112 ) ) ;
#8627 = CARTESIAN_POINT ( 'NONE',  ( 5.750000000000000000, 6.099999999999999645, -5.250000000000000000 ) ) ;
#8628 = CYLINDRICAL_SURFACE ( 'NONE', #125, 0.4499999999999990119 ) ;
#8629 = DIRECTION ( 'NONE',  ( -1.000000000000000000, 0.000000000000000000, 0.000000000000000000 ) ) ;
#8630 = VERTEX_POINT ( 'NONE', #7724 ) ;
#8631 = ORIENTED_EDGE ( 'NONE', *, *, #7169, .T. ) ;
#8632 = ORIENTED_EDGE ( 'NONE', *, *, #194, .F. ) ;
#8633 = TOROIDAL_SURFACE ( 'NONE', #3415, 0.4249999999999999334, 0.1499999999999999944 ) ;
#8634 = AXIS2_PLACEMENT_3D ( 'NONE', #789, #3372, #3082 ) ;
#8635 = VECTOR ( 'NONE', #5869, 1000.000000000000000 ) ;
#8636 = DIRECTION ( 'NONE',  ( 0.000000000000000000, 1.000000000000000000, 0.000000000000000000 ) ) ;
#8637 = VECTOR ( 'NONE', #6042, 1000.000000000000000 ) ;
#8638 = VERTEX_POINT ( 'NONE', #5199 ) ;
#8639 = EDGE_CURVE ( 'NONE', #9966, #1352, #5187, .T. ) ;
#8640 = ADVANCED_FACE ( 'NONE', ( #1475 ), #6998, .T. ) ;
#8641 = FACE_OUTER_BOUND ( 'NONE', #2907, .T. ) ;
#8642 = DIRECTION ( 'NONE',  ( 0.000000000000000000, 0.000000000000000000, 1.000000000000000000 ) ) ;
#8643 = DIRECTION ( 'NONE',  ( 0.000000000000000000, 0.000000000000000000, -1.000000000000000000 ) ) ;
#8644 = CARTESIAN_POINT ( 'NONE',  ( -5.499999999999996447, 0.000000000000000000, 6.400000000000000355 ) ) ;
#8645 = AXIS2_PLACEMENT_3D ( 'NONE', #7264, #7073, #1511 ) ;
#8646 = CARTESIAN_POINT ( 'NONE',  ( 4.250000000000000000, 6.100000000000000533, -4.524999999999999467 ) ) ;
#8648 = ORIENTED_EDGE ( 'NONE', *, *, #4315, .T. ) ;
#8647 = ORIENTED_EDGE ( 'NONE', *, *, #5173, .F. ) ;
#8649 = CARTESIAN_POINT ( 'NONE',  ( 5.450000000000000178, 6.100000000000000533, 6.400000000000000355 ) ) ;
#8650 = EDGE_LOOP ( 'NONE', ( #5726, #10593, #7637, #3184 ) ) ;
#8651 = ORIENTED_EDGE ( 'NONE', *, *, #2660, .T. ) ;
#8652 = CARTESIAN_POINT ( 'NONE',  ( -2.499999999999999556, 0.6999999999999998446, 7.549999999999998046 ) ) ;
#8653 = DIRECTION ( 'NONE',  ( 0.000000000000000000, 0.000000000000000000, 1.000000000000000000 ) ) ;
#8654 = FACE_OUTER_BOUND ( 'NONE', #1393, .T. ) ;
#8655 = FACE_OUTER_BOUND ( 'NONE', #5293, .T. ) ;
#8656 = AXIS2_PLACEMENT_3D ( 'NONE', #1917, #1990, #143 ) ;
#8657 = EDGE_CURVE ( 'NONE', #2807, #3430, #1683, .T. ) ;
#8658 = ORIENTED_EDGE ( 'NONE', *, *, #4361, .T. ) ;
#8659 = EDGE_CURVE ( 'NONE', #9435, #3827, #5279, .T. ) ;
#8660 = VECTOR ( 'NONE', #3840, 1000.000000000000000 ) ;
#8661 = DIRECTION ( 'NONE',  ( 1.807003620809174139E-16, -1.000000000000000000, -4.430117370400858162E-17 ) ) ;
#8662 = DIRECTION ( 'NONE',  ( 0.000000000000000000, 0.000000000000000000, 1.000000000000000000 ) ) ;
#8663 = EDGE_CURVE ( 'NONE', #193, #7997, #1577, .T. ) ;
#8664 = ADVANCED_FACE ( 'NONE', ( #1622 ), #289, .T. ) ;
#8665 = CIRCLE ( 'NONE', #10163, 0.04999999999999969746 ) ;
#8666 = CARTESIAN_POINT ( 'NONE',  ( 3.396418141452980599, 2.685093333532154070, 7.549999999999999822 ) ) ;
#8667 = EDGE_LOOP ( 'NONE', ( #1987, #8949, #7837, #7473 ) ) ;
#8668 = VECTOR ( 'NONE', #5812, 1000.000000000000000 ) ;
#8669 = EDGE_CURVE ( 'NONE', #1090, #5655, #8620, .T. ) ;
#8670 = ORIENTED_EDGE ( 'NONE', *, *, #6048, .F. ) ;
#8671 = ORIENTED_EDGE ( 'NONE', *, *, #5630, .T. ) ;
#8672 = CIRCLE ( 'NONE', #1049, 0.2000000000000007327 ) ;
#8673 = LINE ( 'NONE', #1764, #5366 ) ;
#8674 = CARTESIAN_POINT ( 'NONE',  ( -3.299999999999999822, 0.8000000000000001554, -6.800000000000001599 ) ) ;
#8675 = CIRCLE ( 'NONE', #1886, 3.500000000000000000 ) ;
#8676 = VECTOR ( 'NONE', #3767, 1000.000000000000000 ) ;
#8677 = ORIENTED_EDGE ( 'NONE', *, *, #1388, .F. ) ;
#8678 = EDGE_LOOP ( 'NONE', ( #10565, #1409, #8406, #1094 ) ) ;
#8679 = AXIS2_PLACEMENT_3D ( 'NONE', #6307, #9659, #1367 ) ;
#8680 = CARTESIAN_POINT ( 'NONE',  ( -5.499999999999996447, 5.500000000000000888, -6.700000000000000178 ) ) ;
#8681 = LINE ( 'NONE', #6971, #1653 ) ;
#8682 = EDGE_CURVE ( 'NONE', #974, #6629, #5151, .T. ) ;
#8683 = CIRCLE ( 'NONE', #2110, 0.2000000000000000944 ) ;
#8684 = EDGE_CURVE ( 'NONE', #8759, #5446, #4985, .T. ) ;
#8685 = ORIENTED_EDGE ( 'NONE', *, *, #5634, .F. ) ;
#8686 = ADVANCED_FACE ( 'NONE', ( #8588 ), #8633, .T. ) ;
#8687 = DIRECTION ( 'NONE',  ( 1.000000000000000000, 1.341711765540131426E-16, 0.000000000000000000 ) ) ;
#8688 = CYLINDRICAL_SURFACE ( 'NONE', #1459, 0.4000000000000001887 ) ;
#8689 = ORIENTED_EDGE ( 'NONE', *, *, #2084, .F. ) ;
#8690 = PLANE ( 'NONE',  #2739 ) ;
#8692 = EDGE_CURVE ( 'NONE', #8733, #8911, #8554, .T. ) ;
#8691 = VECTOR ( 'NONE', #9392, 1000.000000000000000 ) ;
#8693 = LINE ( 'NONE', #3357, #1320 ) ;
#8694 = ORIENTED_EDGE ( 'NONE', *, *, #7640, .F. ) ;
#8695 = ORIENTED_EDGE ( 'NONE', *, *, #4293, .F. ) ;
#8696 = DIRECTION ( 'NONE',  ( 0.000000000000000000, -1.000000000000000000, 0.000000000000000000 ) ) ;
#8697 = VECTOR ( 'NONE', #2540, 1000.000000000000000 ) ;
#8698 = DIRECTION ( 'NONE',  ( 0.000000000000000000, -1.000000000000000000, -0.000000000000000000 ) ) ;
#8699 = AXIS2_PLACEMENT_3D ( 'NONE', #2924, #3862, #10356 ) ;
#8700 = DIRECTION ( 'NONE',  ( 0.000000000000000000, 1.000000000000000000, 2.460132057943349518E-16 ) ) ;
#8701 = CARTESIAN_POINT ( 'NONE',  ( -6.744145861810626918, -2.526248663070270073, -1.000000000000000000 ) ) ;
#8702 = ORIENTED_EDGE ( 'NONE', *, *, #3222, .T. ) ;
#8703 = ORIENTED_EDGE ( 'NONE', *, *, #4923, .F. ) ;
#8704 = VERTEX_POINT ( 'NONE', #3667 ) ;
#8705 = LINE ( 'NONE', #101, #5624 ) ;
#8706 = FACE_OUTER_BOUND ( 'NONE', #6920, .T. ) ;
#8707 = PRODUCT_DEFINITION_CONTEXT ( 'detailed design', #2793, 'design' ) ;
#8708 = ADVANCED_FACE ( 'NONE', ( #5039 ), #1490, .T. ) ;
#8709 = EDGE_CURVE ( 'NONE', #266, #10104, #8762, .T. ) ;
#8710 = VERTEX_POINT ( 'NONE', #10298 ) ;
#8711 = ORIENTED_EDGE ( 'NONE', *, *, #7043, .T. ) ;
#8712 = DIRECTION ( 'NONE',  ( -1.000000000000000000, 0.000000000000000000, 0.000000000000000000 ) ) ;
#8713 = FACE_OUTER_BOUND ( 'NONE', #9590, .T. ) ;
#8714 = DIRECTION ( 'NONE',  ( 0.000000000000000000, 0.000000000000000000, -1.000000000000000000 ) ) ;
#8715 = CARTESIAN_POINT ( 'NONE',  ( 4.250000000000000000, 6.700000000000000178, 5.099999999999999645 ) ) ;
#8716 = DIRECTION ( 'NONE',  ( 0.000000000000000000, 1.000000000000000000, 0.000000000000000000 ) ) ;
#8717 = DIRECTION ( 'NONE',  ( 0.5735764363510492680, 0.8191520442889894671, -0.000000000000000000 ) ) ;
#8718 = DIRECTION ( 'NONE',  ( -1.000000000000000000, -0.000000000000000000, -0.000000000000000000 ) ) ;
#8720 = VERTEX_POINT ( 'NONE', #10147 ) ;
#8719 = ORIENTED_EDGE ( 'NONE', *, *, #9087, .F. ) ;
#8721 = PRESENTATION_LAYER_ASSIGNMENT (  '', '', ( #3943 ) ) ;
#8722 = VECTOR ( 'NONE', #10550, 1000.000000000000000 ) ;
#8723 = DIRECTION ( 'NONE',  ( 0.000000000000000000, 0.000000000000000000, 1.000000000000000000 ) ) ;
#8724 = EDGE_LOOP ( 'NONE', ( #3445, #8275, #4101, #3805 ) ) ;
#8725 = EDGE_LOOP ( 'NONE', ( #3640, #3004, #8508, #3192 ) ) ;
#8726 = LINE ( 'NONE', #4377, #5294 ) ;
#8727 = CARTESIAN_POINT ( 'NONE',  ( -4.250000000000000000, 6.700000000000000178, 5.099999999999999645 ) ) ;
#8728 = VECTOR ( 'NONE', #6872, 1000.000000000000000 ) ;
#8729 = EDGE_CURVE ( 'NONE', #7164, #3035, #1661, .T. ) ;
#8730 = DIRECTION ( 'NONE',  ( 0.000000000000000000, 0.000000000000000000, -1.000000000000000000 ) ) ;
#8731 = VERTEX_POINT ( 'NONE', #1140 ) ;
#8732 = EDGE_CURVE ( 'NONE', #5607, #10178, #5296, .T. ) ;
#8733 = VERTEX_POINT ( 'NONE', #4585 ) ;
#8734 = ADVANCED_FACE ( 'NONE', ( #8780 ), #9119, .T. ) ;
#8735 = LINE ( 'NONE', #5236, #1688 ) ;
#8736 = CARTESIAN_POINT ( 'NONE',  ( -5.049999999999996270, 2.400000000000000355, 5.350000000000002309 ) ) ;
#8737 = CARTESIAN_POINT ( 'NONE',  ( 6.172636875200958606, -2.926423563648953063, -1.000000000000000000 ) ) ;
#8738 = FACE_OUTER_BOUND ( 'NONE', #4880, .T. ) ;
#8739 = CARTESIAN_POINT ( 'NONE',  ( 3.880824640740575759, 0.09999999999999990841, -2.599999999999997424 ) ) ;
#8740 = PLANE ( 'NONE',  #769 ) ;
#8741 = CIRCLE ( 'NONE', #7746, 0.1999999999999996503 ) ;
#8742 = ORIENTED_EDGE ( 'NONE', *, *, #3376, .T. ) ;
#8743 = DIRECTION ( 'NONE',  ( 1.000000000000000000, 1.341711765540131426E-16, 0.000000000000000000 ) ) ;
#8744 = DIRECTION ( 'NONE',  ( 1.000000000000000000, -0.000000000000000000, 1.224646799147353207E-16 ) ) ;
#8745 = ORIENTED_EDGE ( 'NONE', *, *, #7, .F. ) ;
#8746 = LINE ( 'NONE', #924, #1810 ) ;
#8747 = EDGE_CURVE ( 'NONE', #4823, #10102, #5440, .T. ) ;
#8748 = FACE_OUTER_BOUND ( 'NONE', #3459, .T. ) ;
#8749 = ORIENTED_EDGE ( 'NONE', *, *, #4715, .F. ) ;
#8750 = DIRECTION ( 'NONE',  ( -1.341711765540131426E-16, 1.000000000000000000, 0.000000000000000000 ) ) ;
#8751 = VERTEX_POINT ( 'NONE', #7308 ) ;
#8752 = CARTESIAN_POINT ( 'NONE',  ( 6.199999999999999289, 5.650000000000001243, -5.250000000000000000 ) ) ;
#8753 = CARTESIAN_POINT ( 'NONE',  ( 5.799999999999998934, 5.650000000000001243, 4.500000000000000888 ) ) ;
#8754 = AXIS2_PLACEMENT_3D ( 'NONE', #3979, #8829, #1315 ) ;
#8755 = LINE ( 'NONE', #8674, #4866 ) ;
#8756 = ADVANCED_FACE ( 'NONE', ( #5743 ), #4793, .F. ) ;
#8757 = ORIENTED_EDGE ( 'NONE', *, *, #8424, .F. ) ;
#8758 = CARTESIAN_POINT ( 'NONE',  ( -2.449999999999998845, 0.1000000000000017264, -7.049999999999999822 ) ) ;
#8759 = VERTEX_POINT ( 'NONE', #2264 ) ;
#8760 = CARTESIAN_POINT ( 'NONE',  ( 4.549999999999997158, 4.986986664055304885, -5.850000000000000533 ) ) ;
#8761 = CARTESIAN_POINT ( 'NONE',  ( 2.500000000000000444, 0.6999999999999997335, 7.699999999999997513 ) ) ;
#8762 = LINE ( 'NONE', #3599, #5223 ) ;
#8763 = DIRECTION ( 'NONE',  ( -0.000000000000000000, 4.430117370400858162E-17, -1.000000000000000000 ) ) ;
#8764 = AXIS2_PLACEMENT_3D ( 'NONE', #3066, #477, #707 ) ;
#8765 = ORIENTED_EDGE ( 'NONE', *, *, #6579, .F. ) ;
#8766 = ORIENTED_EDGE ( 'NONE', *, *, #59, .F. ) ;
#8767 = DIRECTION ( 'NONE',  ( -1.000000000000000000, 1.327027319204863784E-16, -0.000000000000000000 ) ) ;
#8768 = VECTOR ( 'NONE', #7398, 1000.000000000000000 ) ;
#8769 = CARTESIAN_POINT ( 'NONE',  ( -5.499999999999996447, 5.500000000000000888, 6.700000000000000178 ) ) ;
#8770 = AXIS2_PLACEMENT_3D ( 'NONE', #3607, #4444, #4251 ) ;
#8771 = DIRECTION ( 'NONE',  ( 0.000000000000000000, 1.000000000000000000, 0.000000000000000000 ) ) ;
#8772 = FACE_OUTER_BOUND ( 'NONE', #4966, .T. ) ;
#8773 = PLANE ( 'NONE',  #10082 ) ;
#8775 = VERTEX_POINT ( 'NONE', #7231 ) ;
#8774 = ORIENTED_EDGE ( 'NONE', *, *, #6492, .F. ) ;
#8776 = EDGE_CURVE ( 'NONE', #10172, #2923, #8925, .T. ) ;
#8777 = ADVANCED_FACE ( 'NONE', ( #5496 ), #3007, .T. ) ;
#8778 = VERTEX_POINT ( 'NONE', #2327 ) ;
#8779 = VERTEX_POINT ( 'NONE', #8855 ) ;
#8780 = FACE_OUTER_BOUND ( 'NONE', #9687, .T. ) ;
#8781 = VECTOR ( 'NONE', #10030, 1000.000000000000000 ) ;
#8782 = EDGE_LOOP ( 'NONE', ( #215, #7865, #7688, #4860 ) ) ;
#8783 = AXIS2_PLACEMENT_3D ( 'NONE', #5996, #10128, #3466 ) ;
#8784 = DIRECTION ( 'NONE',  ( 0.000000000000000000, -0.000000000000000000, -1.000000000000000000 ) ) ;
#8785 = ORIENTED_EDGE ( 'NONE', *, *, #8692, .F. ) ;
#8786 = DIRECTION ( 'NONE',  ( -1.000000000000000000, 0.000000000000000000, 0.000000000000000000 ) ) ;
#8787 = CIRCLE ( 'NONE', #3926, 0.2999999999999999334 ) ;
#8788 = DIRECTION ( 'NONE',  ( 0.000000000000000000, 1.000000000000000000, 0.000000000000000000 ) ) ;
#8789 = DIRECTION ( 'NONE',  ( 0.000000000000000000, 0.000000000000000000, -1.000000000000000000 ) ) ;
#8790 =( LENGTH_UNIT ( ) NAMED_UNIT ( * ) SI_UNIT ( .MILLI., .METRE. ) );
#8791 = DIRECTION ( 'NONE',  ( -1.000000000000000000, 0.000000000000000000, 0.000000000000000000 ) ) ;
#8792 = FACE_OUTER_BOUND ( 'NONE', #9024, .T. ) ;
#8793 = AXIS2_PLACEMENT_3D ( 'NONE', #2915, #337, #8618 ) ;
#8794 = EDGE_CURVE ( 'NONE', #5494, #7256, #9168, .T. ) ;
#8795 = CARTESIAN_POINT ( 'NONE',  ( -2.550000000000000711, 0.1000000000000016986, -7.200000000000000178 ) ) ;
#8796 = EDGE_LOOP ( 'NONE', ( #7456, #5018, #8003, #8658 ) ) ;
#8797 = DIRECTION ( 'NONE',  ( 0.000000000000000000, 0.000000000000000000, -1.000000000000000000 ) ) ;
#8798 = ORIENTED_EDGE ( 'NONE', *, *, #3429, .F. ) ;
#8799 = VERTEX_POINT ( 'NONE', #9586 ) ;
#8800 = LINE ( 'NONE', #5360, #5222 ) ;
#8801 = EDGE_CURVE ( 'NONE', #4501, #2524, #5585, .T. ) ;
#8802 = DIRECTION ( 'NONE',  ( 0.000000000000000000, 0.000000000000000000, 1.000000000000000000 ) ) ;
#8803 = LINE ( 'NONE', #6500, #1540 ) ;
#8804 = ADVANCED_FACE ( 'NONE', ( #1870 ), #729, .T. ) ;
#8805 = CARTESIAN_POINT ( 'NONE',  ( 6.891491226573391415, -1.690611574686247565, 1.000000000000000000 ) ) ;
#8806 = EDGE_CURVE ( 'NONE', #2932, #990, #9257, .T. ) ;
#8807 = VECTOR ( 'NONE', #3204, 1000.000000000000000 ) ;
#8808 = ORIENTED_EDGE ( 'NONE', *, *, #3027, .T. ) ;
#8809 = ORIENTED_EDGE ( 'NONE', *, *, #5759, .F. ) ;
#8810 = EDGE_CURVE ( 'NONE', #3851, #599, #9019, .T. ) ;
#8811 = LINE ( 'NONE', #3511, #1706 ) ;
#8812 = DIRECTION ( 'NONE',  ( -1.327027319204863784E-16, -1.000000000000000000, 0.000000000000000000 ) ) ;
#8813 = CARTESIAN_POINT ( 'NONE',  ( 4.250000000000000000, 6.550000000000000711, -5.674999999999999822 ) ) ;
#8814 = VECTOR ( 'NONE', #2129, 1000.000000000000000 ) ;
#8815 = DIRECTION ( 'NONE',  ( 0.000000000000000000, 0.000000000000000000, 1.000000000000000000 ) ) ;
#8816 = DIRECTION ( 'NONE',  ( -1.000000000000000000, 0.000000000000000000, 0.000000000000000000 ) ) ;
#8817 = VERTEX_POINT ( 'NONE', #10496 ) ;
#8818 = ORIENTED_EDGE ( 'NONE', *, *, #1045, .F. ) ;
#8819 = CARTESIAN_POINT ( 'NONE',  ( 6.200000000000000178, 2.100000000000000089, 1.599999999999999867 ) ) ;
#8820 = DIRECTION ( 'NONE',  ( 0.000000000000000000, 1.000000000000000000, 0.000000000000000000 ) ) ;
#8821 = ORIENTED_EDGE ( 'NONE', *, *, #3735, .T. ) ;
#8822 = LINE ( 'NONE', #8514, #9189 ) ;
#8823 = DIRECTION ( 'NONE',  ( 0.000000000000000000, 1.000000000000000000, 2.017120320903263702E-16 ) ) ;
#8824 = AXIS2_PLACEMENT_3D ( 'NONE', #9101, #1176, #331 ) ;
#8825 = VECTOR ( 'NONE', #1667, 1000.000000000000000 ) ;
#8826 = VERTEX_POINT ( 'NONE', #7936 ) ;
#8827 = EDGE_LOOP ( 'NONE', ( #5683, #9540, #780, #7806 ) ) ;
#8828 = EDGE_CURVE ( 'NONE', #7811, #1273, #5704, .T. ) ;
#8829 = DIRECTION ( 'NONE',  ( 0.000000000000000000, 0.000000000000000000, 1.000000000000000000 ) ) ;
#8830 = ADVANCED_FACE ( 'NONE', ( #2096 ), #9642, .F. ) ;
#8831 = DIRECTION ( 'NONE',  ( -1.000000000000000000, 0.000000000000000000, 0.000000000000000000 ) ) ;
#8832 = VECTOR ( 'NONE', #462, 1000.000000000000000 ) ;
#8833 = EDGE_CURVE ( 'NONE', #9308, #2167, #9305, .T. ) ;
#8834 = LINE ( 'NONE', #9636, #8613 ) ;
#8835 = ORIENTED_EDGE ( 'NONE', *, *, #8038, .T. ) ;
#8836 = EDGE_LOOP ( 'NONE', ( #2736, #3169, #10006, #6269, #10272 ) ) ;
#8837 = VECTOR ( 'NONE', #9284, 1000.000000000000000 ) ;
#8838 = CARTESIAN_POINT ( 'NONE',  ( 5.049999999999997158, 1.000000000000000000, 5.000000000000000888 ) ) ;
#8839 = DIRECTION ( 'NONE',  ( 0.000000000000000000, 0.000000000000000000, 1.000000000000000000 ) ) ;
#8840 = VECTOR ( 'NONE', #10221, 1000.000000000000000 ) ;
#8841 = LINE ( 'NONE', #6478, #8877 ) ;
#8842 = EDGE_LOOP ( 'NONE', ( #8045, #3063, #3134, #4897 ) ) ;
#8843 = AXIS2_PLACEMENT_3D ( 'NONE', #8106, #2336, #3180 ) ;
#8844 = ORIENTED_EDGE ( 'NONE', *, *, #415, .T. ) ;
#8845 = CARTESIAN_POINT ( 'NONE',  ( -2.499999999999999556, 0.7500000000000005551, 7.699999999999997513 ) ) ;
#8846 = EDGE_CURVE ( 'NONE', #10178, #3758, #5604, .T. ) ;
#8847 = VECTOR ( 'NONE', #1431, 1000.000000000000000 ) ;
#8848 = DIRECTION ( 'NONE',  ( -0.7071067811865489050, -0.000000000000000000, -0.7071067811865462405 ) ) ;
#8849 = CARTESIAN_POINT ( 'NONE',  ( -2.550000000000000266, -2.299999999999999822, 7.699999999999997513 ) ) ;
#8850 = VECTOR ( 'NONE', #10214, 1000.000000000000000 ) ;
#8851 = DIRECTION ( 'NONE',  ( -0.000000000000000000, 0.000000000000000000, -1.000000000000000000 ) ) ;
#8852 = EDGE_CURVE ( 'NONE', #1773, #5627, #5460, .T. ) ;
#8853 = ORIENTED_EDGE ( 'NONE', *, *, #10091, .F. ) ;
#8854 = LINE ( 'NONE', #4981, #5331 ) ;
#8855 = CARTESIAN_POINT ( 'NONE',  ( -1.699999999999999956, 0.8500000000000000888, -5.850000000000000533 ) ) ;
#8856 = ORIENTED_EDGE ( 'NONE', *, *, #4739, .T. ) ;
#8857 = CARTESIAN_POINT ( 'NONE',  ( -5.799999999999998934, 5.650000000000001243, 1.599999999999999867 ) ) ;
#8858 = ORIENTED_EDGE ( 'NONE', *, *, #7683, .T. ) ;
#8859 = AXIS2_PLACEMENT_3D ( 'NONE', #10601, #8437, #7289 ) ;
#8860 = CARTESIAN_POINT ( 'NONE',  ( 3.299999999999999822, 3.249999999999998668, 6.349999999999997868 ) ) ;
#8861 = CARTESIAN_POINT ( 'NONE',  ( -5.799999999999996270, 2.400000000000000355, -2.000000000000000000 ) ) ;
#8862 = CARTESIAN_POINT ( 'NONE',  ( 5.049999999999997158, 2.400000000000000355, 5.350000000000001421 ) ) ;
#8863 = CARTESIAN_POINT ( 'NONE',  ( 5.799999999999996270, 2.100000000000000089, 1.000000000000000000 ) ) ;
#8864 = EDGE_CURVE ( 'NONE', #10098, #10174, #2080, .T. ) ;
#8865 = DIRECTION ( 'NONE',  ( 0.000000000000000000, 0.000000000000000000, -1.000000000000000000 ) ) ;
#8866 = FACE_OUTER_BOUND ( 'NONE', #275, .T. ) ;
#8867 = DIRECTION ( 'NONE',  ( 0.8191520442889909104, -0.5735764363510473807, 0.000000000000000000 ) ) ;
#8868 = ORIENTED_EDGE ( 'NONE', *, *, #1485, .T. ) ;
#8869 = ADVANCED_FACE ( 'NONE', ( #5638 ), #9059, .T. ) ;
#8870 = CARTESIAN_POINT ( 'NONE',  ( -2.542012759203106320, 0.4999999999999996669, -3.000000000000000000 ) ) ;
#8871 = AXIS2_PLACEMENT_3D ( 'NONE', #3042, #5591, #3834 ) ;
#8872 = ORIENTED_EDGE ( 'NONE', *, *, #1222, .T. ) ;
#8873 = VERTEX_POINT ( 'NONE', #3874 ) ;
#8874 = LINE ( 'NONE', #1086, #1639 ) ;
#8875 = CARTESIAN_POINT ( 'NONE',  ( -4.250000000000000000, 6.100000000000000533, 5.099999999999999645 ) ) ;
#8876 = DIRECTION ( 'NONE',  ( 0.000000000000000000, -1.000000000000000000, 8.673617379883977096E-15 ) ) ;
#8877 = VECTOR ( 'NONE', #8126, 999.9999999999998863 ) ;
#8878 = ORIENTED_EDGE ( 'NONE', *, *, #1601, .F. ) ;
#8879 = ORIENTED_EDGE ( 'NONE', *, *, #840, .T. ) ;
#8880 = DIRECTION ( 'NONE',  ( -0.000000000000000000, -0.000000000000000000, -1.000000000000000000 ) ) ;
#8881 = CARTESIAN_POINT ( 'NONE',  ( -4.549999999999997158, 4.986986664055304885, 5.850000000000000533 ) ) ;
#8882 = DIRECTION ( 'NONE',  ( 0.000000000000000000, 1.000000000000000000, 0.000000000000000000 ) ) ;
#8883 = EDGE_CURVE ( 'NONE', #8638, #2705, #5513, .T. ) ;
#8884 = VERTEX_POINT ( 'NONE', #7675 ) ;
#8885 = CARTESIAN_POINT ( 'NONE',  ( -5.799999999999996270, 3.100000000000000089, -1.599999999999999867 ) ) ;
#8886 = CARTESIAN_POINT ( 'NONE',  ( 0.8000000000000001554, 3.249999999999998224, 7.249999999999999112 ) ) ;
#8887 = VECTOR ( 'NONE', #2510, 1000.000000000000000 ) ;
#8888 = AXIS2_PLACEMENT_3D ( 'NONE', #9621, #10471, #626 ) ;
#8889 = CARTESIAN_POINT ( 'NONE',  ( -2.500000000000000000, -2.299999999999998046, -7.200000000000001066 ) ) ;
#8890 = ADVANCED_FACE ( 'NONE', ( #5407 ), #10020, .T. ) ;
#8891 = EDGE_LOOP ( 'NONE', ( #7227, #3978, #6607, #3776 ) ) ;
#8892 = ORIENTED_EDGE ( 'NONE', *, *, #168, .F. ) ;
#8893 = ORIENTED_EDGE ( 'NONE', *, *, #4304, .F. ) ;
#8894 = CARTESIAN_POINT ( 'NONE',  ( -5.908508773426603966, -0.9841458618106281309, -1.000000000000000000 ) ) ;
#8895 = CARTESIAN_POINT ( 'NONE',  ( 0.000000000000000000, 0.000000000000000000, 1.000000000000000000 ) ) ;
#8896 = FACE_OUTER_BOUND ( 'NONE', #2861, .T. ) ;
#8897 = AXIS2_PLACEMENT_3D ( 'NONE', #2815, #6758, #4320 ) ;
#8898 = VERTEX_POINT ( 'NONE', #6756 ) ;
#8899 = DIRECTION ( 'NONE',  ( 0.000000000000000000, 1.000000000000000000, 0.000000000000000000 ) ) ;
#8900 = LINE ( 'NONE', #9927, #8668 ) ;
#8901 = EDGE_LOOP ( 'NONE', ( #9396, #6020, #10499, #2253 ) ) ;
#8902 = ORIENTED_EDGE ( 'NONE', *, *, #309, .F. ) ;
#8903 = FACE_OUTER_BOUND ( 'NONE', #1486, .T. ) ;
#8904 = DIRECTION ( 'NONE',  ( 0.000000000000000000, -1.000000000000000000, 0.000000000000000000 ) ) ;
#8905 = CARTESIAN_POINT ( 'NONE',  ( -5.049999999999997158, 2.128355624055937206E-16, 5.350000000000001421 ) ) ;
#8906 = VECTOR ( 'NONE', #2864, 1000.000000000000000 ) ;
#8907 = CARTESIAN_POINT ( 'NONE',  ( -5.450000000000000178, 6.100000000000000533, 6.400000000000000355 ) ) ;
#8908 = AXIS2_PLACEMENT_3D ( 'NONE', #5524, #693, #9813 ) ;
#8909 = VECTOR ( 'NONE', #6764, 1000.000000000000000 ) ;
#8910 = VERTEX_POINT ( 'NONE', #5897 ) ;
#8911 = VERTEX_POINT ( 'NONE', #9943 ) ;
#8912 = ORIENTED_EDGE ( 'NONE', *, *, #6373, .T. ) ;
#8913 = DIRECTION ( 'NONE',  ( 1.000000000000000000, 0.000000000000000000, 0.000000000000000000 ) ) ;
#8914 = DIRECTION ( 'NONE',  ( -1.535153518563546084E-16, -1.000000000000000000, 0.000000000000000000 ) ) ;
#8915 = EDGE_CURVE ( 'NONE', #7332, #1263, #9274, .T. ) ;
#8916 = ADVANCED_FACE ( 'NONE', ( #9242 ), #1861, .F. ) ;
#8917 = DIRECTION ( 'NONE',  ( 0.000000000000000000, 0.000000000000000000, -1.000000000000000000 ) ) ;
#8918 = VECTOR ( 'NONE', #1470, 1000.000000000000000 ) ;
#8919 = DIRECTION ( 'NONE',  ( 0.000000000000000000, 0.000000000000000000, 1.000000000000000000 ) ) ;
#8920 = DIRECTION ( 'NONE',  ( -1.000000000000000000, 0.000000000000000000, 0.000000000000000000 ) ) ;
#8921 = FACE_OUTER_BOUND ( 'NONE', #10212, .T. ) ;
#8922 = CARTESIAN_POINT ( 'NONE',  ( 5.049999999999997158, 0.1000000000000001721, 2.000000000000000000 ) ) ;
#8923 = AXIS2_PLACEMENT_3D ( 'NONE', #9206, #1005, #8222 ) ;
#8924 = EDGE_LOOP ( 'NONE', ( #919, #5819, #8091, #6548, #6286, #5629, #10470 ) ) ;
#8925 = LINE ( 'NONE', #5490, #9225 ) ;
#8926 = CARTESIAN_POINT ( 'NONE',  ( -5.799999999999997158, 1.000000000000000222, -4.500000000000000888 ) ) ;
#8927 = LINE ( 'NONE', #2822, #5191 ) ;
#8928 = ORIENTED_EDGE ( 'NONE', *, *, #569, .T. ) ;
#8929 = ORIENTED_EDGE ( 'NONE', *, *, #10083, .T. ) ;
#8930 =( GEOMETRIC_REPRESENTATION_CONTEXT ( 3 ) GLOBAL_UNCERTAINTY_ASSIGNED_CONTEXT ( ( #5431 ) ) GLOBAL_UNIT_ASSIGNED_CONTEXT ( ( #5508, #5649, #4028 ) ) REPRESENTATION_CONTEXT ( 'NONE', 'WORKASPACE' ) );
#8931 = ORIENTED_EDGE ( 'NONE', *, *, #9203, .F. ) ;
#8932 = DIRECTION ( 'NONE',  ( 0.000000000000000000, 0.000000000000000000, 1.000000000000000000 ) ) ;
#8933 = VECTOR ( 'NONE', #6930, 1000.000000000000000 ) ;
#8934 = EDGE_CURVE ( 'NONE', #8617, #7975, #2184, .T. ) ;
#8935 = CARTESIAN_POINT ( 'NONE',  ( -1.699999999999999956, 1.100000000000000089, -5.850000000000000533 ) ) ;
#8936 = DIRECTION ( 'NONE',  ( 0.000000000000000000, -0.000000000000000000, 1.000000000000000000 ) ) ;
#8937 = FILL_AREA_STYLE_COLOUR ( '', #9688 ) ;
#8938 = DIRECTION ( 'NONE',  ( -0.000000000000000000, -1.000000000000000000, -0.000000000000000000 ) ) ;
#8939 = ADVANCED_FACE ( 'NONE', ( #8964 ), #7600, .F. ) ;
#8940 = CARTESIAN_POINT ( 'NONE',  ( -5.750000000000000000, 5.700000000000000178, 5.250000000000000000 ) ) ;
#8941 = EDGE_CURVE ( 'NONE', #3254, #1725, #5391, .T. ) ;
#8942 = ORIENTED_EDGE ( 'NONE', *, *, #4965, .F. ) ;
#8943 = ORIENTED_EDGE ( 'NONE', *, *, #5216, .F. ) ;
#8944 = ORIENTED_EDGE ( 'NONE', *, *, #742, .F. ) ;
#8945 = DIRECTION ( 'NONE',  ( 0.5735764363510473807, -0.8191520442889911324, -0.000000000000000000 ) ) ;
#8946 = EDGE_CURVE ( 'NONE', #2725, #6588, #9150, .T. ) ;
#8947 = DIRECTION ( 'NONE',  ( -0.9396926207859082059, 0.3420201433256695456, 6.898957812604546493E-17 ) ) ;
#8948 = LINE ( 'NONE', #1237, #5314 ) ;
#8949 = ORIENTED_EDGE ( 'NONE', *, *, #6774, .T. ) ;
#8950 = VERTEX_POINT ( 'NONE', #10329 ) ;
#8951 = LINE ( 'NONE', #1691, #9385 ) ;
#8952 = CARTESIAN_POINT ( 'NONE',  ( 3.299999999999999822, 0.7999999999999982681, 7.549999999999999822 ) ) ;
#8953 = AXIS2_PLACEMENT_3D ( 'NONE', #9854, #1015, #934 ) ;
#8954 = VECTOR ( 'NONE', #7012, 1000.000000000000000 ) ;
#8955 = PLANE ( 'NONE',  #3406 ) ;
#8956 = CARTESIAN_POINT ( 'NONE',  ( -2.299999999999999822, -2.299999999999998046, -7.050000000000002487 ) ) ;
#8957 = ORIENTED_EDGE ( 'NONE', *, *, #419, .F. ) ;
#8958 = ADVANCED_FACE ( 'NONE', ( #1985 ), #9133, .F. ) ;
#8959 = ORIENTED_EDGE ( 'NONE', *, *, #10589, .T. ) ;
#8960 = CARTESIAN_POINT ( 'NONE',  ( 3.880824640740575759, 0.09999999999999990841, 3.000000000000000000 ) ) ;
#8961 = FILL_AREA_STYLE_COLOUR ( '', #7333 ) ;
#8962 = ORIENTED_EDGE ( 'NONE', *, *, #8833, .F. ) ;
#8963 = EDGE_CURVE ( 'NONE', #3246, #10043, #1967, .T. ) ;
#8964 = FACE_OUTER_BOUND ( 'NONE', #1280, .T. ) ;
#8965 = DIRECTION ( 'NONE',  ( -0.000000000000000000, 1.000000000000000000, 0.000000000000000000 ) ) ;
#8966 = EDGE_CURVE ( 'NONE', #9345, #7217, #5657, .T. ) ;
#8967 = VECTOR ( 'NONE', #3971, 1000.000000000000000 ) ;
#8968 = ORIENTED_EDGE ( 'NONE', *, *, #5210, .T. ) ;
#8969 = DIRECTION ( 'NONE',  ( -1.000000000000000000, -0.000000000000000000, -0.000000000000000000 ) ) ;
#8970 = ORIENTED_EDGE ( 'NONE', *, *, #1368, .T. ) ;
#8971 = ORIENTED_EDGE ( 'NONE', *, *, #10211, .F. ) ;
#8972 = DIRECTION ( 'NONE',  ( 0.000000000000000000, 0.000000000000000000, -1.000000000000000000 ) ) ;
#8973 = CARTESIAN_POINT ( 'NONE',  ( 5.049999999999997158, 2.128355624055937206E-16, -5.350000000000001421 ) ) ;
#8974 = FACE_OUTER_BOUND ( 'NONE', #7894, .T. ) ;
#8975 = DIRECTION ( 'NONE',  ( -9.383500162295610576E-17, -0.7071067811865451302, -0.7071067811865500152 ) ) ;
#8976 = VECTOR ( 'NONE', #5069, 1000.000000000000000 ) ;
#8977 = ORIENTED_EDGE ( 'NONE', *, *, #10513, .F. ) ;
#8978 = AXIS2_PLACEMENT_3D ( 'NONE', #4256, #6251, #8056 ) ;
#8979 = DIRECTION ( 'NONE',  ( 0.000000000000000000, 1.000000000000000000, 0.000000000000000000 ) ) ;
#8980 = ORIENTED_EDGE ( 'NONE', *, *, #9542, .F. ) ;
#8981 = EDGE_LOOP ( 'NONE', ( #65, #6038, #2313, #565, #4590, #7961, #7852, #4111, #1666, #2473, #10606, #5172 ) ) ;
#8982 = DIRECTION ( 'NONE',  ( -1.000000000000000000, 0.000000000000000000, 0.000000000000000000 ) ) ;
#8983 = PLANE ( 'NONE',  #3160 ) ;
#8984 = TOROIDAL_SURFACE ( 'NONE', #1734, 0.05000000000000075218, 0.1499999999999999944 ) ;
#8985 = EDGE_CURVE ( 'NONE', #2101, #2300, #2133, .T. ) ;
#8986 = CARTESIAN_POINT ( 'NONE',  ( -5.799999999999998046, 0.5000000000000004441, 4.500000000000000888 ) ) ;
#8987 = FACE_OUTER_BOUND ( 'NONE', #9391, .T. ) ;
#8988 = ORIENTED_EDGE ( 'NONE', *, *, #812, .T. ) ;
#8989 = VERTEX_POINT ( 'NONE', #1300 ) ;
#8990 = ORIENTED_EDGE ( 'NONE', *, *, #2890, .F. ) ;
#8991 = DIRECTION ( 'NONE',  ( 0.000000000000000000, 0.000000000000000000, 1.000000000000000000 ) ) ;
#8992 = CARTESIAN_POINT ( 'NONE',  ( 3.299999999999999822, 1.100000000000000089, -5.850000000000000533 ) ) ;
#8993 = DIRECTION ( 'NONE',  ( -1.000000000000000000, 0.000000000000000000, 0.000000000000000000 ) ) ;
#8994 = FACE_OUTER_BOUND ( 'NONE', #6953, .T. ) ;
#8995 = CARTESIAN_POINT ( 'NONE',  ( 3.563393125268146111, 2.399999999999999023, -4.499999999999997335 ) ) ;
#8996 = DIRECTION ( 'NONE',  ( 1.000000000000000000, 0.000000000000000000, 0.000000000000000000 ) ) ;
#8997 = FACE_OUTER_BOUND ( 'NONE', #2857, .T. ) ;
#8998 = PLANE ( 'NONE',  #8022 ) ;
#8999 = ORIENTED_EDGE ( 'NONE', *, *, #8669, .T. ) ;
#9000 = ORIENTED_EDGE ( 'NONE', *, *, #9584, .F. ) ;
#9001 = VECTOR ( 'NONE', #4089, 1000.000000000000000 ) ;
#9002 = ORIENTED_EDGE ( 'NONE', *, *, #9511, .F. ) ;
#9003 = CARTESIAN_POINT ( 'NONE',  ( -3.850000000000000089, 4.986986664055304885, 5.850000000000000533 ) ) ;
#9004 = EDGE_CURVE ( 'NONE', #8731, #5202, #1911, .T. ) ;
#9005 = EDGE_LOOP ( 'NONE', ( #8821, #8551, #9149, #5037 ) ) ;
#9006 = ORIENTED_EDGE ( 'NONE', *, *, #1891, .F. ) ;
#9007 = PLANE ( 'NONE',  #9043 ) ;
#9008 = ORIENTED_EDGE ( 'NONE', *, *, #9146, .T. ) ;
#9009 = ADVANCED_FACE ( 'NONE', ( #5674 ), #3447, .T. ) ;
#9010 = AXIS2_PLACEMENT_3D ( 'NONE', #4658, #7459, #1793 ) ;
#9011 = VECTOR ( 'NONE', #6069, 1000.000000000000000 ) ;
#9012 = CARTESIAN_POINT ( 'NONE',  ( -4.250000000000000000, 6.700000000000000178, 5.524999999999997691 ) ) ;
#9013 = PLANE ( 'NONE',  #6263 ) ;
#9014 = PLANE ( 'NONE',  #5349 ) ;
#9015 = CARTESIAN_POINT ( 'NONE',  ( -5.799999999999996270, 0.5000000000000002220, 3.000000000000000000 ) ) ;
#9016 = DIRECTION ( 'NONE',  ( 0.000000000000000000, -1.000000000000000000, -1.445602896647339163E-16 ) ) ;
#9017 = ORIENTED_EDGE ( 'NONE', *, *, #7195, .F. ) ;
#9018 = EDGE_LOOP ( 'NONE', ( #3582, #10346, #4489, #3213, #2461, #1747 ) ) ;
#9019 = LINE ( 'NONE', #658, #9187 ) ;
#9020 = PLANE ( 'NONE',  #2173 ) ;
#9021 = LINE ( 'NONE', #2467, #9041 ) ;
#9022 = EDGE_LOOP ( 'NONE', ( #360, #4449, #9942, #6150 ) ) ;
#9023 = ORIENTED_EDGE ( 'NONE', *, *, #4166, .T. ) ;
#9024 = EDGE_LOOP ( 'NONE', ( #6686, #4604, #5001, #4368 ) ) ;
#9025 = ORIENTED_EDGE ( 'NONE', *, *, #904, .T. ) ;
#9026 = FACE_OUTER_BOUND ( 'NONE', #3347, .T. ) ;
#9027 = EDGE_CURVE ( 'NONE', #7217, #9617, #2169, .T. ) ;
#9028 = CIRCLE ( 'NONE', #10112, 0.2999999999999999334 ) ;
#9029 = DIRECTION ( 'NONE',  ( -0.000000000000000000, -1.000000000000000000, 0.000000000000000000 ) ) ;
#9030 = AXIS2_PLACEMENT_3D ( 'NONE', #7716, #1980, #135 ) ;
#9031 = DIRECTION ( 'NONE',  ( 0.000000000000000000, 0.000000000000000000, 1.000000000000000000 ) ) ;
#9032 = CARTESIAN_POINT ( 'NONE',  ( 4.336808689942017736E-16, 0.6999999999999998446, 7.549999999999999822 ) ) ;
#9033 = ORIENTED_EDGE ( 'NONE', *, *, #8288, .F. ) ;
#9034 = EDGE_CURVE ( 'NONE', #9802, #2993, #5422, .T. ) ;
#9035 = ORIENTED_EDGE ( 'NONE', *, *, #7726, .T. ) ;
#9036 = DIRECTION ( 'NONE',  ( 0.000000000000000000, 1.000000000000000000, 4.430117370400858162E-17 ) ) ;
#9037 =( NAMED_UNIT ( * ) SI_UNIT ( $, .STERADIAN. ) SOLID_ANGLE_UNIT ( ) );
#9038 = VERTEX_POINT ( 'NONE', #3562 ) ;
#9039 = VECTOR ( 'NONE', #2462, 1000.000000000000000 ) ;
#9040 = DIRECTION ( 'NONE',  ( -1.000000000000000000, -1.327027319204863784E-16, 0.000000000000000000 ) ) ;
#9041 = VECTOR ( 'NONE', #5833, 1000.000000000000000 ) ;
#9042 = ORIENTED_EDGE ( 'NONE', *, *, #2311, .T. ) ;
#9043 = AXIS2_PLACEMENT_3D ( 'NONE', #6675, #9782, #10617 ) ;
#9044 = EDGE_LOOP ( 'NONE', ( #8020, #4571, #982, #1308 ) ) ;
#9045 = CIRCLE ( 'NONE', #3150, 0.4000000000000001887 ) ;
#9046 = DIRECTION ( 'NONE',  ( -1.000000000000000000, 0.000000000000000000, 0.000000000000000000 ) ) ;
#9047 = CARTESIAN_POINT ( 'NONE',  ( 3.850000000000000089, 2.400000000000000355, 5.850000000000000533 ) ) ;
#9048 = VECTOR ( 'NONE', #986, 1000.000000000000000 ) ;
#9049 = FACE_OUTER_BOUND ( 'NONE', #5909, .T. ) ;
#9050 = AXIS2_PLACEMENT_3D ( 'NONE', #5252, #6063, #6733 ) ;
#9051 = PRESENTATION_LAYER_ASSIGNMENT (  '', '', ( #47 ) ) ;
#9052 = ORIENTED_EDGE ( 'NONE', *, *, #3656, .T. ) ;
#9053 = ADVANCED_FACE ( 'NONE', ( #5690 ), #8984, .T. ) ;
#9054 = ORIENTED_EDGE ( 'NONE', *, *, #9203, .T. ) ;
#9055 = ORIENTED_EDGE ( 'NONE', *, *, #5339, .F. ) ;
#9056 = DIRECTION ( 'NONE',  ( -1.000000000000000000, -0.000000000000000000, -0.000000000000000000 ) ) ;
#9057 = EDGE_CURVE ( 'NONE', #1916, #2113, #1889, .T. ) ;
#9058 = CARTESIAN_POINT ( 'NONE',  ( -1.699999999999999956, 0.8000000000000001554, -6.800000000000001599 ) ) ;
#9059 = CYLINDRICAL_SURFACE ( 'NONE', #8280, 0.1499999999999999667 ) ;
#9060 = CARTESIAN_POINT ( 'NONE',  ( 6.200000000000000178, 0.09999999999999971412, -4.500000000000000888 ) ) ;
#9061 = ORIENTED_EDGE ( 'NONE', *, *, #3181, .F. ) ;
#9062 = ORIENTED_EDGE ( 'NONE', *, *, #6142, .T. ) ;
#9063 = ORIENTED_EDGE ( 'NONE', *, *, #236, .F. ) ;
#9064 = VERTEX_POINT ( 'NONE', #5003 ) ;
#9065 = DIRECTION ( 'NONE',  ( 1.000000000000000000, 0.000000000000000000, 0.000000000000000000 ) ) ;
#9066 = DIRECTION ( 'NONE',  ( -1.000000000000000000, 0.000000000000000000, 0.000000000000000000 ) ) ;
#9067 = VECTOR ( 'NONE', #1476, 1000.000000000000000 ) ;
#9068 = DIRECTION ( 'NONE',  ( -1.000000000000000000, 0.000000000000000000, 0.000000000000000000 ) ) ;
#9069 = AXIS2_PLACEMENT_3D ( 'NONE', #3808, #4720, #5699 ) ;
#9070 = CARTESIAN_POINT ( 'NONE',  ( 0.000000000000000000, 3.100000000000000089, -1.599999999999999867 ) ) ;
#9071 = CARTESIAN_POINT ( 'NONE',  ( 4.250000000000000000, 6.550000000000000711, -4.674999999999999822 ) ) ;
#9072 = CARTESIAN_POINT ( 'NONE',  ( -2.499999999999999556, 0.6999999999999998446, 7.549999999999998046 ) ) ;
#9073 = CIRCLE ( 'NONE', #909, 0.05000000000000073830 ) ;
#9074 = CARTESIAN_POINT ( 'NONE',  ( 3.299999999999999822, 2.949999999999998845, 7.299999999999999822 ) ) ;
#9075 = VERTEX_POINT ( 'NONE', #4960 ) ;
#9076 = AXIS2_PLACEMENT_3D ( 'NONE', #8727, #7066, #1500 ) ;
#9077 = VERTEX_POINT ( 'NONE', #8739 ) ;
#9078 = ORIENTED_EDGE ( 'NONE', *, *, #4592, .T. ) ;
#9079 = VECTOR ( 'NONE', #4386, 999.9999999999998863 ) ;
#9080 = EDGE_CURVE ( 'NONE', #6747, #5517, #9378, .T. ) ;
#9081 = ADVANCED_FACE ( 'NONE', ( #2309 ), #9588, .F. ) ;
#9082 = CARTESIAN_POINT ( 'NONE',  ( 0.000000000000000000, 0.000000000000000000, 0.000000000000000000 ) ) ;
#9083 = ORIENTED_EDGE ( 'NONE', *, *, #9686, .T. ) ;
#9084 = VERTEX_POINT ( 'NONE', #9811 ) ;
#9085 = CARTESIAN_POINT ( 'NONE',  ( 5.049999999999997158, 2.400000000000000355, 5.000000000000000888 ) ) ;
#9086 = ORIENTED_EDGE ( 'NONE', *, *, #1329, .T. ) ;
#9087 = EDGE_CURVE ( 'NONE', #2587, #9261, #5991, .T. ) ;
#9088 = CARTESIAN_POINT ( 'NONE',  ( -3.563393125268146111, 2.399999999999999023, -4.499999999999997335 ) ) ;
#9089 = CIRCLE ( 'NONE', #2416, 0.5749999999999982903 ) ;
#9090 = EDGE_CURVE ( 'NONE', #4797, #9617, #9620, .T. ) ;
#9091 = PLANE ( 'NONE',  #3991 ) ;
#9092 = CARTESIAN_POINT ( 'NONE',  ( -2.100000000000000089, -3.099999999999999201, 7.299999999999998934 ) ) ;
#9093 = DIRECTION ( 'NONE',  ( 0.000000000000000000, 0.000000000000000000, 1.000000000000000000 ) ) ;
#9094 = CARTESIAN_POINT ( 'NONE',  ( 0.000000000000000000, 3.100000000000000089, -3.000000000000000000 ) ) ;
#9095 = LINE ( 'NONE', #9381, #9300 ) ;
#9096 = VECTOR ( 'NONE', #7221, 1000.000000000000000 ) ;
#9097 = EDGE_LOOP ( 'NONE', ( #9275, #689, #9448, #5149 ) ) ;
#9098 = ORIENTED_EDGE ( 'NONE', *, *, #5381, .T. ) ;
#9099 = DIRECTION ( 'NONE',  ( -1.000000000000000000, 0.000000000000000000, 0.000000000000000000 ) ) ;
#9100 = VECTOR ( 'NONE', #9484, 1000.000000000000000 ) ;
#9101 = CARTESIAN_POINT ( 'NONE',  ( -3.850000000000000089, 4.986986664055304885, 5.850000000000000533 ) ) ;
#9102 = ORIENTED_EDGE ( 'NONE', *, *, #4241, .F. ) ;
#9103 = AXIS2_PLACEMENT_3D ( 'NONE', #4338, #1731, #10118 ) ;
#9104 = VERTEX_POINT ( 'NONE', #6 ) ;
#9105 = ADVANCED_FACE ( 'NONE', ( #5904 ), #6244, .T. ) ;
#9106 = EDGE_CURVE ( 'NONE', #7535, #1139, #6061, .T. ) ;
#9107 = VECTOR ( 'NONE', #2192, 1000.000000000000000 ) ;
#9108 =( LENGTH_UNIT ( ) NAMED_UNIT ( * ) SI_UNIT ( .MILLI., .METRE. ) );
#9109 = DIRECTION ( 'NONE',  ( -1.000000000000000000, 0.000000000000000000, 0.000000000000000000 ) ) ;
#9110 = FACE_OUTER_BOUND ( 'NONE', #8365, .T. ) ;
#9111 = FILL_AREA_STYLE_COLOUR ( '', #5850 ) ;
#9112 = EDGE_CURVE ( 'NONE', #1916, #7792, #2277, .T. ) ;
#9113 = DIRECTION ( 'NONE',  ( 0.000000000000000000, 0.000000000000000000, 1.000000000000000000 ) ) ;
#9114 = ORIENTED_EDGE ( 'NONE', *, *, #7800, .T. ) ;
#9115 = EDGE_LOOP ( 'NONE', ( #10451, #9246, #9460, #6059 ) ) ;
#9116 = CARTESIAN_POINT ( 'NONE',  ( -3.999999999999950706, 3.978262578553346729E-14, 4.500000000000001776 ) ) ;
#9117 = CARTESIAN_POINT ( 'NONE',  ( -6.200000000000000178, 3.100000000000000089, 4.500000000000000888 ) ) ;
#9118 = EDGE_LOOP ( 'NONE', ( #6724, #2506, #6801, #10116 ) ) ;
#9119 = CYLINDRICAL_SURFACE ( 'NONE', #822, 0.5000000000000004441 ) ;
#9120 = DIRECTION ( 'NONE',  ( -0.000000000000000000, -0.000000000000000000, -1.000000000000000000 ) ) ;
#9121 =( LENGTH_UNIT ( ) NAMED_UNIT ( * ) SI_UNIT ( .MILLI., .METRE. ) );
#9122 = VERTEX_POINT ( 'NONE', #10396 ) ;
#9123 = PRESENTATION_LAYER_ASSIGNMENT (  '', '', ( #2811 ) ) ;
#9124 = DIRECTION ( 'NONE',  ( 0.000000000000000000, -0.000000000000000000, -1.000000000000000000 ) ) ;
#9125 = FACE_OUTER_BOUND ( 'NONE', #10285, .T. ) ;
#9126 = DIRECTION ( 'NONE',  ( 1.000000000000000000, 0.000000000000000000, 0.000000000000000000 ) ) ;
#9127 = EDGE_CURVE ( 'NONE', #10104, #3621, #9479, .T. ) ;
#9128 = ADVANCED_FACE ( 'NONE', ( #2509 ), #2423, .T. ) ;
#9129 = LINE ( 'NONE', #6890, #1941 ) ;
#9130 = VERTEX_POINT ( 'NONE', #8122 ) ;
#9131 = ORIENTED_EDGE ( 'NONE', *, *, #3461, .F. ) ;
#9132 = DIRECTION ( 'NONE',  ( 0.000000000000000000, -2.017120320903263702E-16, 1.000000000000000000 ) ) ;
#9133 = CYLINDRICAL_SURFACE ( 'NONE', #10337, 0.04999999999999969746 ) ;
#9134 = ORIENTED_EDGE ( 'NONE', *, *, #3081, .F. ) ;
#9135 = DIRECTION ( 'NONE',  ( 0.000000000000000000, -1.000000000000000000, 8.673617379883880855E-15 ) ) ;
#9136 = CARTESIAN_POINT ( 'NONE',  ( -3.850000000000000089, 1.000000000000000000, -5.850000000000000533 ) ) ;
#9137 = TOROIDAL_SURFACE ( 'NONE', #4139, 0.05000000000000075218, 0.1499999999999999944 ) ;
#9138 = CARTESIAN_POINT ( 'NONE',  ( -3.299999999999999822, 1.099999999999998535, 6.349999999999997868 ) ) ;
#9139 = DIRECTION ( 'NONE',  ( 1.000000000000000000, -3.614007241618348771E-16, 0.000000000000000000 ) ) ;
#9140 = LINE ( 'NONE', #5406, #9107 ) ;
#9141 = CARTESIAN_POINT ( 'NONE',  ( 5.799999999999998934, 5.650000000000001243, -1.599999999999999867 ) ) ;
#9142 = DIRECTION ( 'NONE',  ( 1.327027319204863784E-16, -1.000000000000000000, -0.000000000000000000 ) ) ;
#9143 = VECTOR ( 'NONE', #304, 1000.000000000000000 ) ;
#9144 = CARTESIAN_POINT ( 'NONE',  ( -2.598076211353316900, 29.50000000000000000, 1.499999999999999112 ) ) ;
#9145 = VECTOR ( 'NONE', #3864, 1000.000000000000000 ) ;
#9146 = EDGE_CURVE ( 'NONE', #4322, #6305, #2294, .T. ) ;
#9147 = ADVANCED_FACE ( 'NONE', ( #2354 ), #8955, .T. ) ;
#9148 = ORIENTED_EDGE ( 'NONE', *, *, #8692, .T. ) ;
#9149 = ORIENTED_EDGE ( 'NONE', *, *, #9080, .F. ) ;
#9150 = LINE ( 'NONE', #8523, #9100 ) ;
#9151 = AXIS2_PLACEMENT_3D ( 'NONE', #8529, #954, #7685 ) ;
#9152 = ORIENTED_EDGE ( 'NONE', *, *, #236, .T. ) ;
#9153 = DIRECTION ( 'NONE',  ( 0.000000000000000000, 1.000000000000000000, 0.000000000000000000 ) ) ;
#9154 = ORIENTED_EDGE ( 'NONE', *, *, #4760, .F. ) ;
#9155 = LINE ( 'NONE', #1852, #9211 ) ;
#9156 = PLANE ( 'NONE',  #10536 ) ;
#9157 = TOROIDAL_SURFACE ( 'NONE', #7253, 0.4249999999999982681, 0.1499999999999999944 ) ;
#9158 = CARTESIAN_POINT ( 'NONE',  ( -3.999999999999998224, -3.551475717527321367E-16, -6.700000000000000178 ) ) ;
#9159 = PLANE ( 'NONE',  #5395 ) ;
#9160 = CARTESIAN_POINT ( 'NONE',  ( 5.799999999999996270, 0.1000000000000001721, -3.000000000000000000 ) ) ;
#9161 = PLANE ( 'NONE',  #3149 ) ;
#9162 = FACE_OUTER_BOUND ( 'NONE', #9005, .T. ) ;
#9163 = CARTESIAN_POINT ( 'NONE',  ( -5.799999999999998046, -0.6400000000000000133, 1.000000000000000000 ) ) ;
#9164 = VECTOR ( 'NONE', #10361, 1000.000000000000000 ) ;
#9165 = ORIENTED_EDGE ( 'NONE', *, *, #5711, .F. ) ;
#9166 = ORIENTED_EDGE ( 'NONE', *, *, #9542, .T. ) ;
#9167 = ORIENTED_EDGE ( 'NONE', *, *, #9511, .T. ) ;
#9168 = LINE ( 'NONE', #8170, #2004 ) ;
#9169 = CARTESIAN_POINT ( 'NONE',  ( 3.880824640740575759, 0.4999999999999998890, -4.499999999999997335 ) ) ;
#9170 = DIRECTION ( 'NONE',  ( -0.9396926207859082059, 0.3420201433256695456, 1.515189377974040262E-17 ) ) ;
#9171 = AXIS2_PLACEMENT_3D ( 'NONE', #5086, #6681, #8176 ) ;
#9172 = VERTEX_POINT ( 'NONE', #3901 ) ;
#9173 = ORIENTED_EDGE ( 'NONE', *, *, #1869, .F. ) ;
#9174 = CIRCLE ( 'NONE', #7978, 0.1499999999999999667 ) ;
#9175 = EDGE_CURVE ( 'NONE', #4859, #9743, #2229, .T. ) ;
#9176 = VECTOR ( 'NONE', #7042, 1000.000000000000000 ) ;
#9177 = PLANE ( 'NONE',  #1321 ) ;
#9178 = VECTOR ( 'NONE', #5867, 1000.000000000000000 ) ;
#9179 = CARTESIAN_POINT ( 'NONE',  ( 2.500000000000000000, -3.099999999999997424, -7.050000000000002487 ) ) ;
#9180 = DIRECTION ( 'NONE',  ( 0.000000000000000000, 1.000000000000000000, 0.000000000000000000 ) ) ;
#9181 = ORIENTED_EDGE ( 'NONE', *, *, #5832, .F. ) ;
#9182 = AXIS2_PLACEMENT_3D ( 'NONE', #10222, #359, #4587 ) ;
#9183 = ORIENTED_EDGE ( 'NONE', *, *, #7523, .F. ) ;
#9184 = PLANE ( 'NONE',  #10554 ) ;
#9185 = CARTESIAN_POINT ( 'NONE',  ( 6.236169591142200375, -0.7547152872702095339, -1.000000000000000000 ) ) ;
#9186 = ORIENTED_EDGE ( 'NONE', *, *, #1727, .F. ) ;
#9187 = VECTOR ( 'NONE', #4862, 1000.000000000000000 ) ;
#9188 = CARTESIAN_POINT ( 'NONE',  ( 5.799999999999996270, 0.5000000000000002220, 4.500000000000000888 ) ) ;
#9189 = VECTOR ( 'NONE', #6161, 1000.000000000000000 ) ;
#9190 = ORIENTED_EDGE ( 'NONE', *, *, #2064, .T. ) ;
#9191 = AXIS2_PLACEMENT_3D ( 'NONE', #6471, #9541, #383 ) ;
#9192 = SURFACE_STYLE_USAGE ( .BOTH. , #1591 ) ;
#9193 = EDGE_CURVE ( 'NONE', #1332, #4330, #5957, .T. ) ;
#9194 = EDGE_LOOP ( 'NONE', ( #9023, #7379, #8116, #1782 ) ) ;
#9195 = PLANE ( 'NONE',  #4896 ) ;
#9196 = ADVANCED_FACE ( 'NONE', ( #2338 ), #2248, .F. ) ;
#9197 = DIRECTION ( 'NONE',  ( -1.000000000000000000, -0.000000000000000000, 0.000000000000000000 ) ) ;
#9198 = LINE ( 'NONE', #643, #8918 ) ;
#9199 = DIRECTION ( 'NONE',  ( -0.7071067811865493491, 0.000000000000000000, -0.7071067811865456854 ) ) ;
#9200 = EDGE_CURVE ( 'NONE', #3758, #8516, #9394, .T. ) ;
#9201 = LINE ( 'NONE', #1930, #5557 ) ;
#9202 = VECTOR ( 'NONE', #10138, 1000.000000000000000 ) ;
#9203 = EDGE_CURVE ( 'NONE', #4612, #9104, #2214, .T. ) ;
#9204 = EDGE_LOOP ( 'NONE', ( #8962, #5091, #5171, #8856 ) ) ;
#9205 = CARTESIAN_POINT ( 'NONE',  ( 2.900000000000000355, 2.504411906293520396, -6.200000000000001954 ) ) ;
#9206 = CARTESIAN_POINT ( 'NONE',  ( 5.799999999999996270, 4.986986664055304885, 5.000000000000000888 ) ) ;
#9207 = EDGE_CURVE ( 'NONE', #970, #2725, #9606, .T. ) ;
#9208 = ORIENTED_EDGE ( 'NONE', *, *, #4827, .F. ) ;
#9209 = CARTESIAN_POINT ( 'NONE',  ( -3.880824640740575759, 0.09999999999999990841, -6.700000000000000178 ) ) ;
#9210 = CARTESIAN_POINT ( 'NONE',  ( 0.000000000000000000, 0.000000000000000000, -1.000000000000000000 ) ) ;
#9211 = VECTOR ( 'NONE', #233, 1000.000000000000114 ) ;
#9212 = DIRECTION ( 'NONE',  ( -0.000000000000000000, -0.000000000000000000, -1.000000000000000000 ) ) ;
#9213 = DIRECTION ( 'NONE',  ( 0.000000000000000000, 1.000000000000000000, 0.000000000000000000 ) ) ;
#9214 = VECTOR ( 'NONE', #1190, 1000.000000000000000 ) ;
#9215 = CARTESIAN_POINT ( 'NONE',  ( -5.049999999999997158, 0.5000000000000000000, -3.000000000000000000 ) ) ;
#9216 = AXIS2_PLACEMENT_3D ( 'NONE', #136, #8283, #10535 ) ;
#9217 = DIRECTION ( 'NONE',  ( 0.5735764363510463815, 0.8191520442889915765, 0.000000000000000000 ) ) ;
#9218 = EDGE_CURVE ( 'NONE', #6944, #9983, #9537, .T. ) ;
#9219 = LINE ( 'NONE', #5799, #2111 ) ;
#9220 = DIRECTION ( 'NONE',  ( 1.000000000000000000, 0.000000000000000000, 0.000000000000000000 ) ) ;
#9222 = ORIENTED_EDGE ( 'NONE', *, *, #2766, .T. ) ;
#9221 = ORIENTED_EDGE ( 'NONE', *, *, #7632, .T. ) ;
#9223 = ORIENTED_EDGE ( 'NONE', *, *, #553, .T. ) ;
#9224 = EDGE_CURVE ( 'NONE', #4439, #8054, #5889, .T. ) ;
#9225 = VECTOR ( 'NONE', #8019, 1000.000000000000000 ) ;
#9226 = EDGE_CURVE ( 'NONE', #524, #3462, #5936, .T. ) ;
#9227 = CARTESIAN_POINT ( 'NONE',  ( 0.000000000000000000, -2.299999999999999822, 7.699999999999997513 ) ) ;
#9228 = DIRECTION ( 'NONE',  ( 0.000000000000000000, 0.000000000000000000, -1.000000000000000000 ) ) ;
#9229 = ORIENTED_EDGE ( 'NONE', *, *, #4809, .F. ) ;
#9230 = LINE ( 'NONE', #2257, #2138 ) ;
#9231 = CARTESIAN_POINT ( 'NONE',  ( -6.399999999999998579, -0.6400000000000000133, 1.000000000000000000 ) ) ;
#9232 = CIRCLE ( 'NONE', #1001, 0.5749999999999982903 ) ;
#9233 = DIRECTION ( 'NONE',  ( -1.000000000000000000, 0.000000000000000000, 0.000000000000000000 ) ) ;
#9234 = TOROIDAL_SURFACE ( 'NONE', #4495, 0.05000000000000075218, 0.1499999999999999944 ) ;
#9235 = PLANE ( 'NONE',  #8324 ) ;
#9236 = LINE ( 'NONE', #1338, #2164 ) ;
#9237 = ORIENTED_EDGE ( 'NONE', *, *, #9422, .F. ) ;
#9238 = AXIS2_PLACEMENT_3D ( 'NONE', #4635, #4705, #5477 ) ;
#9239 = ADVANCED_FACE ( 'NONE', ( #2460 ), #9971, .F. ) ;
#9240 = ORIENTED_EDGE ( 'NONE', *, *, #10088, .F. ) ;
#9241 = DIRECTION ( 'NONE',  ( 0.000000000000000000, 0.000000000000000000, -1.000000000000000000 ) ) ;
#9242 = FACE_OUTER_BOUND ( 'NONE', #8650, .T. ) ;
#9243 = DIRECTION ( 'NONE',  ( 0.000000000000000000, -1.000000000000000000, -2.460132057943349518E-16 ) ) ;
#9244 = LINE ( 'NONE', #4735, #2188 ) ;
#9245 = EDGE_CURVE ( 'NONE', #370, #10267, #9556, .T. ) ;
#9246 = ORIENTED_EDGE ( 'NONE', *, *, #3573, .T. ) ;
#9247 = LINE ( 'NONE', #9141, #1918 ) ;
#9248 = VECTOR ( 'NONE', #8206, 1000.000000000000000 ) ;
#9249 = DIRECTION ( 'NONE',  ( 0.000000000000000000, -1.000000000000000000, 0.000000000000000000 ) ) ;
#9250 = DIRECTION ( 'NONE',  ( 0.000000000000000000, 1.000000000000000000, 0.000000000000000000 ) ) ;
#9251 = PRESENTATION_STYLE_ASSIGNMENT (( #9192 ) ) ;
#9252 =( LENGTH_UNIT ( ) NAMED_UNIT ( * ) SI_UNIT ( .MILLI., .METRE. ) );
#9253 = EDGE_LOOP ( 'NONE', ( #4683, #1143, #10519, #10438 ) ) ;
#9254 = LINE ( 'NONE', #6094, #5938 ) ;
#9255 = CARTESIAN_POINT ( 'NONE',  ( 2.500000000000000000, -2.299999999999998046, -7.050000000000000711 ) ) ;
#9256 = MECHANICAL_DESIGN_GEOMETRIC_PRESENTATION_REPRESENTATION (  '', ( #2811 ), #344 ) ;
#9257 = LINE ( 'NONE', #7867, #5722 ) ;
#9258 = CARTESIAN_POINT ( 'NONE',  ( 3.880824640740575759, 0.4999999999999998890, 4.500000000000000888 ) ) ;
#9259 = ADVANCED_FACE ( 'NONE', ( #2442 ), #7552, .F. ) ;
#9260 = EDGE_CURVE ( 'NONE', #1781, #5915, #2475, .T. ) ;
#9261 = VERTEX_POINT ( 'NONE', #127 ) ;
#9262 = DIRECTION ( 'NONE',  ( 0.000000000000000000, -0.000000000000000000, -1.000000000000000000 ) ) ;
#9263 = ORIENTED_EDGE ( 'NONE', *, *, #9422, .T. ) ;
#9264 = CARTESIAN_POINT ( 'NONE',  ( -2.299999999999999822, -2.299999999999999822, 7.549999999999999822 ) ) ;
#9265 = DIRECTION ( 'NONE',  ( 0.3420201433256695456, 0.9396926207859082059, 1.895473080790100108E-16 ) ) ;
#9266 = EDGE_CURVE ( 'NONE', #9989, #9261, #5830, .T. ) ;
#9267 = LINE ( 'NONE', #8992, #2266 ) ;
#9268 = CYLINDRICAL_SURFACE ( 'NONE', #1821, 0.2999999999999999334 ) ;
#9269 = CYLINDRICAL_SURFACE ( 'NONE', #9634, 0.04999999999999969746 ) ;
#9270 = ORIENTED_EDGE ( 'NONE', *, *, #5840, .F. ) ;
#9271 = ORIENTED_EDGE ( 'NONE', *, *, #6794, .F. ) ;
#9272 = DIRECTION ( 'NONE',  ( 0.000000000000000000, 0.000000000000000000, -1.000000000000000000 ) ) ;
#9273 = DIRECTION ( 'NONE',  ( 0.000000000000000000, 2.017120320903263702E-16, -1.000000000000000000 ) ) ;
#9274 = LINE ( 'NONE', #4611, #9079 ) ;
#9275 = ORIENTED_EDGE ( 'NONE', *, *, #5963, .F. ) ;
#9276 = DIRECTION ( 'NONE',  ( -1.000000000000000000, 0.000000000000000000, 0.000000000000000000 ) ) ;
#9277 = CARTESIAN_POINT ( 'NONE',  ( -1.734723475976807094E-15, 3.903127820947790719E-14, 4.500000000000001776 ) ) ;
#9278 = CARTESIAN_POINT ( 'NONE',  ( -3.880824640740575759, 0.4999999999999995559, -3.000000000000000000 ) ) ;
#9279 = EDGE_CURVE ( 'NONE', #8989, #4898, #6025, .T. ) ;
#9280 = CARTESIAN_POINT ( 'NONE',  ( -4.250000000000000000, 6.700000000000000178, 5.099999999999999645 ) ) ;
#9281 = ADVANCED_FACE ( 'NONE', ( #5974 ), #9347, .T. ) ;
#9282 = DIRECTION ( 'NONE',  ( 0.000000000000000000, 1.000000000000000000, 0.000000000000000000 ) ) ;
#9283 = CIRCLE ( 'NONE', #1241, 0.04999999999999969746 ) ;
#9284 = DIRECTION ( 'NONE',  ( 0.000000000000000000, 0.000000000000000000, -1.000000000000000000 ) ) ;
#9285 = AXIS2_PLACEMENT_3D ( 'NONE', #5045, #18, #9046 ) ;
#9286 = DIRECTION ( 'NONE',  ( 0.000000000000000000, 1.000000000000000000, 0.000000000000000000 ) ) ;
#9287 = TOROIDAL_SURFACE ( 'NONE', #4243, 0.05000000000000075218, 0.1499999999999999944 ) ;
#9288 = DIRECTION ( 'NONE',  ( -1.000000000000000000, 0.000000000000000000, 0.000000000000000000 ) ) ;
#9289 = FACE_OUTER_BOUND ( 'NONE', #10362, .T. ) ;
#9290 = ORIENTED_EDGE ( 'NONE', *, *, #5605, .F. ) ;
#9291 = VECTOR ( 'NONE', #7384, 1000.000000000000000 ) ;
#9292 = DIRECTION ( 'NONE',  ( -0.000000000000000000, 4.430117370400858162E-17, -1.000000000000000000 ) ) ;
#9293 = MECHANICAL_DESIGN_GEOMETRIC_PRESENTATION_REPRESENTATION (  '', ( #1059 ), #2592 ) ;
#9294 = ORIENTED_EDGE ( 'NONE', *, *, #77, .F. ) ;
#9295 = VECTOR ( 'NONE', #6222, 999.9999999999998863 ) ;
#9296 = CARTESIAN_POINT ( 'NONE',  ( -5.799999999999996270, 3.100000000000000089, -5.250000000000000000 ) ) ;
#9297 = DIRECTION ( 'NONE',  ( 0.000000000000000000, 0.000000000000000000, -1.000000000000000000 ) ) ;
#9298 = AXIS2_PLACEMENT_3D ( 'NONE', #9738, #2295, #4125 ) ;
#9299 = CARTESIAN_POINT ( 'NONE',  ( 5.750000000000000000, 5.650000000000001243, 5.250000000000000000 ) ) ;
#9300 = VECTOR ( 'NONE', #3796, 1000.000000000000000 ) ;
#9301 = VERTEX_POINT ( 'NONE', #9373 ) ;
#9302 = ORIENTED_EDGE ( 'NONE', *, *, #703, .F. ) ;
#9303 = EDGE_CURVE ( 'NONE', #4463, #8016, #2557, .T. ) ;
#9304 = DIRECTION ( 'NONE',  ( -1.000000000000000000, 0.000000000000000000, 0.000000000000000000 ) ) ;
#9305 = LINE ( 'NONE', #3316, #1832 ) ;
#9306 = CARTESIAN_POINT ( 'NONE',  ( -2.550000000000000266, -2.299999999999999822, 7.549999999999998046 ) ) ;
#9307 = DIRECTION ( 'NONE',  ( 0.000000000000000000, 0.000000000000000000, 1.000000000000000000 ) ) ;
#9308 = VERTEX_POINT ( 'NONE', #10199 ) ;
#9309 = AXIS2_PLACEMENT_3D ( 'NONE', #1813, #271, #1969 ) ;
#9310 = VECTOR ( 'NONE', #3992, 1000.000000000000000 ) ;
#9311 = CARTESIAN_POINT ( 'NONE',  ( -2.542012759203106320, 0.1000000000000001721, -2.000000000000000000 ) ) ;
#9312 = DIRECTION ( 'NONE',  ( 0.000000000000000000, 0.000000000000000000, 1.000000000000000000 ) ) ;
#9313 = LINE ( 'NONE', #9544, #5765 ) ;
#9314 = DIRECTION ( 'NONE',  ( -0.000000000000000000, 2.017120320903263702E-16, -1.000000000000000000 ) ) ;
#9315 = MANIFOLD_SOLID_BREP ( 'Mirror1[2]', #3958 ) ;
#9316 = ORIENTED_EDGE ( 'NONE', *, *, #3788, .F. ) ;
#9317 = ADVANCED_FACE ( 'NONE', ( #9364 ), #6243, .F. ) ;
#9318 = PRESENTATION_LAYER_ASSIGNMENT (  '', '', ( #3019 ) ) ;
#9319 = VERTEX_POINT ( 'NONE', #2045 ) ;
#9320 = EDGE_CURVE ( 'NONE', #5915, #1781, #2829, .T. ) ;
#9321 = CARTESIAN_POINT ( 'NONE',  ( -3.880824640740575759, 0.5000000000000004441, -4.499999999999997335 ) ) ;
#9322 = EDGE_CURVE ( 'NONE', #4681, #1983, #6385, .T. ) ;
#9323 = DIRECTION ( 'NONE',  ( 0.000000000000000000, 0.000000000000000000, 1.000000000000000000 ) ) ;
#9324 = ORIENTED_EDGE ( 'NONE', *, *, #6135, .F. ) ;
#9325 = EDGE_CURVE ( 'NONE', #3257, #8817, #2589, .T. ) ;
#9326 = CARTESIAN_POINT ( 'NONE',  ( -1.699999999999999956, 3.249999999999998224, 7.249999999999999112 ) ) ;
#9327 = DIRECTION ( 'NONE',  ( 1.000000000000000000, 0.000000000000000000, 0.000000000000000000 ) ) ;
#9328 = CYLINDRICAL_SURFACE ( 'NONE', #3909, 0.5999999999999989786 ) ;
#9329 = EDGE_CURVE ( 'NONE', #5951, #6445, #6158, .T. ) ;
#9330 = LINE ( 'NONE', #2352, #9343 ) ;
#9331 = ORIENTED_EDGE ( 'NONE', *, *, #1447, .T. ) ;
#9332 = ORIENTED_EDGE ( 'NONE', *, *, #8657, .T. ) ;
#9333 = CARTESIAN_POINT ( 'NONE',  ( -6.649821042359578429E-17, 0.4999999999999993339, 0.000000000000000000 ) ) ;
#9334 = ADVANCED_FACE ( 'NONE', ( #9981 ), #3404, .F. ) ;
#9335 = EDGE_LOOP ( 'NONE', ( #9601, #5810, #5285, #2246, #2038, #1898, #9940, #2599 ) ) ;
#9336 = CARTESIAN_POINT ( 'NONE',  ( 1.700000000000000178, 3.249999999999998224, 7.249999999999999112 ) ) ;
#9337 = CARTESIAN_POINT ( 'NONE',  ( 3.850000000000000089, 1.000000000000000000, 6.700000000000000178 ) ) ;
#9338 = DIRECTION ( 'NONE',  ( -1.000000000000000000, -1.341711765540131426E-16, 0.000000000000000000 ) ) ;
#9339 = DIRECTION ( 'NONE',  ( -0.000000000000000000, -0.000000000000000000, 1.000000000000000000 ) ) ;
#9340 = EDGE_CURVE ( 'NONE', #3097, #4902, #9946, .T. ) ;
#9341 = DIRECTION ( 'NONE',  ( 0.000000000000000000, 1.000000000000000000, 0.000000000000000000 ) ) ;
#9342 = DIRECTION ( 'NONE',  ( 0.000000000000000000, -4.430117370400858162E-17, 1.000000000000000000 ) ) ;
#9343 = VECTOR ( 'NONE', #10330, 1000.000000000000000 ) ;
#9344 = EDGE_CURVE ( 'NONE', #6246, #6186, #6343, .T. ) ;
#9345 = VERTEX_POINT ( 'NONE', #10351 ) ;
#9346 = ORIENTED_EDGE ( 'NONE', *, *, #7347, .F. ) ;
#9347 = TOROIDAL_SURFACE ( 'NONE', #4929, 0.09999999999999996392, 0.2000000000000000111 ) ;
#9348 = CARTESIAN_POINT ( 'NONE',  ( -5.049999999999997158, 2.128355624055937206E-16, -6.700000000000000178 ) ) ;
#9349 = ORIENTED_EDGE ( 'NONE', *, *, #4221, .T. ) ;
#9350 = AXIS2_PLACEMENT_3D ( 'NONE', #6330, #5596, #7140 ) ;
#9351 = ADVANCED_FACE ( 'NONE', ( #2809 ), #7849, .T. ) ;
#9352 = CARTESIAN_POINT ( 'NONE',  ( 5.799999999999996270, 2.400000000000000355, 5.000000000000000888 ) ) ;
#9353 = VECTOR ( 'NONE', #437, 1000.000000000000000 ) ;
#9354 = CARTESIAN_POINT ( 'NONE',  ( 2.100000000000000089, 0.3544119062935215392, -7.050000000000001599 ) ) ;
#9355 = DIRECTION ( 'NONE',  ( 1.000000000000000000, 0.000000000000000000, 0.000000000000000000 ) ) ;
#9356 = EDGE_CURVE ( 'NONE', #8119, #2933, #9783, .T. ) ;
#9357 = DIRECTION ( 'NONE',  ( -1.000000000000000000, 0.000000000000000000, 0.000000000000000000 ) ) ;
#9358 = LINE ( 'NONE', #248, #9500 ) ;
#9359 = PLANE ( 'NONE',  #4331 ) ;
#9360 = CARTESIAN_POINT ( 'NONE',  ( 0.000000000000000000, -2.299999999999999822, 7.549999999999998046 ) ) ;
#9361 = EDGE_CURVE ( 'NONE', #9983, #9743, #2707, .T. ) ;
#9362 = VERTEX_POINT ( 'NONE', #6433 ) ;
#9363 = DIRECTION ( 'NONE',  ( 0.000000000000000000, -1.000000000000000000, 0.000000000000000000 ) ) ;
#9364 = FACE_OUTER_BOUND ( 'NONE', #6846, .T. ) ;
#9365 = DIRECTION ( 'NONE',  ( -1.000000000000000000, -0.000000000000000000, -0.000000000000000000 ) ) ;
#9366 = DIRECTION ( 'NONE',  ( 0.000000000000000000, 0.000000000000000000, -1.000000000000000000 ) ) ;
#9367 = VERTEX_POINT ( 'NONE', #6126 ) ;
#9368 = CIRCLE ( 'NONE', #1767, 0.5749999999999999556 ) ;
#9369 = AXIS2_PLACEMENT_3D ( 'NONE', #9255, #2559, #1819 ) ;
#9370 = DIRECTION ( 'NONE',  ( 0.000000000000000000, 0.000000000000000000, -1.000000000000000000 ) ) ;
#9371 = CARTESIAN_POINT ( 'NONE',  ( -5.750000000000000000, 6.100000000000000533, 6.700000000000000178 ) ) ;
#9372 = LINE ( 'NONE', #1868, #5717 ) ;
#9373 = CARTESIAN_POINT ( 'NONE',  ( -3.880824640740575759, 0.4999999999999998890, -4.499999999999997335 ) ) ;
#9374 = LINE ( 'NONE', #7791, #5865 ) ;
#9375 = EDGE_CURVE ( 'NONE', #6982, #6315, #6406, .T. ) ;
#9376 = PLANE ( 'NONE',  #6418 ) ;
#9377 = ORIENTED_EDGE ( 'NONE', *, *, #7450, .T. ) ;
#9378 = LINE ( 'NONE', #3041, #6039 ) ;
#9379 = AXIS2_PLACEMENT_3D ( 'NONE', #6107, #10256, #3694 ) ;
#9380 = DIRECTION ( 'NONE',  ( -0.8191520442889912434, 0.5735764363510468256, 0.000000000000000000 ) ) ;
#9381 = CARTESIAN_POINT ( 'NONE',  ( -5.799999999999996270, 4.986986664055304885, -4.999999999999997335 ) ) ;
#9382 = ORIENTED_EDGE ( 'NONE', *, *, #3884, .T. ) ;
#9383 = DIRECTION ( 'NONE',  ( 0.000000000000000000, 0.000000000000000000, -1.000000000000000000 ) ) ;
#9384 = CARTESIAN_POINT ( 'NONE',  ( 2.542012759203106320, 0.1000000000000001721, -2.000000000000000000 ) ) ;
#9385 = VECTOR ( 'NONE', #3228, 1000.000000000000000 ) ;
#9386 = LINE ( 'NONE', #4019, #6070 ) ;
#9387 = LINE ( 'NONE', #5189, #2112 ) ;
#9388 = ORIENTED_EDGE ( 'NONE', *, *, #5605, .T. ) ;
#9389 = ADVANCED_FACE ( 'NONE', ( #9681 ), #4699, .F. ) ;
#9390 = ORIENTED_EDGE ( 'NONE', *, *, #2010, .F. ) ;
#9391 = EDGE_LOOP ( 'NONE', ( #9033, #2655, #1989, #1905, #1837 ) ) ;
#9392 = DIRECTION ( 'NONE',  ( 0.000000000000000000, -1.000000000000000000, 0.000000000000000000 ) ) ;
#9393 = EDGE_CURVE ( 'NONE', #10273, #2529, #2880, .T. ) ;
#9394 = LINE ( 'NONE', #7133, #9463 ) ;
#9395 = AXIS2_PLACEMENT_3D ( 'NONE', #7644, #6640, #9910 ) ;
#9396 = ORIENTED_EDGE ( 'NONE', *, *, #6662, .F. ) ;
#9397 = PLANE ( 'NONE',  #9915 ) ;
#9398 = CARTESIAN_POINT ( 'NONE',  ( 6.744145861810626030, -2.526248663070268741, -1.000000000000000000 ) ) ;
#9399 = DIRECTION ( 'NONE',  ( -1.535153518563545837E-16, -1.000000000000000000, 0.000000000000000000 ) ) ;
#9400 = DIRECTION ( 'NONE',  ( -1.535153518563546084E-16, 1.000000000000000000, 0.000000000000000000 ) ) ;
#9401 = DIRECTION ( 'NONE',  ( -0.000000000000000000, 0.000000000000000000, -1.000000000000000000 ) ) ;
#9402 = CIRCLE ( 'NONE', #210, 0.1499999999999999667 ) ;
#9403 = PLANE ( 'NONE',  #4116 ) ;
#9404 = PLANE ( 'NONE',  #6162 ) ;
#9405 = VECTOR ( 'NONE', #8969, 1000.000000000000000 ) ;
#9406 = CARTESIAN_POINT ( 'NONE',  ( -2.598076211353316900, 29.50000000000000000, 1.499999999999999112 ) ) ;
#9407 = VECTOR ( 'NONE', #30, 999.9999999999998863 ) ;
#9408 = ORIENTED_EDGE ( 'NONE', *, *, #4428, .F. ) ;
#9409 = AXIS2_PLACEMENT_3D ( 'NONE', #7259, #7893, #10579 ) ;
#9410 = EDGE_LOOP ( 'NONE', ( #10391, #6908, #8572, #1364 ) ) ;
#9411 = ORIENTED_EDGE ( 'NONE', *, *, #3443, .F. ) ;
#9412 = VECTOR ( 'NONE', #2485, 1000.000000000000000 ) ;
#9413 = LINE ( 'NONE', #6741, #9096 ) ;
#9414 = ADVANCED_FACE ( 'NONE', ( #6171 ), #4770, .F. ) ;
#9415 = CARTESIAN_POINT ( 'NONE',  ( 0.000000000000000000, 30.00000000000000000, 0.000000000000000000 ) ) ;
#9416 = AXIS2_PLACEMENT_3D ( 'NONE', #3760, #2223, #1376 ) ;
#9417 = MECHANICAL_DESIGN_GEOMETRIC_PRESENTATION_REPRESENTATION (  '', ( #28 ), #6076 ) ;
#9418 = ORIENTED_EDGE ( 'NONE', *, *, #8561, .T. ) ;
#9419 = DIRECTION ( 'NONE',  ( 0.000000000000000000, 0.000000000000000000, 1.000000000000000000 ) ) ;
#9420 = CARTESIAN_POINT ( 'NONE',  ( -5.750000000000000000, 5.650000000000001243, -5.250000000000000000 ) ) ;
#9421 = VECTOR ( 'NONE', #5811, 1000.000000000000000 ) ;
#9422 = EDGE_CURVE ( 'NONE', #8522, #8898, #2787, .T. ) ;
#9423 = DIRECTION ( 'NONE',  ( -1.000000000000000000, -0.000000000000000000, -0.000000000000000000 ) ) ;
#9424 = CARTESIAN_POINT ( 'NONE',  ( 0.8964181414529803771, 2.685093333532154070, 7.549999999999999822 ) ) ;
#9425 = DIRECTION ( 'NONE',  ( -1.535153518563545837E-16, -1.000000000000000000, 0.000000000000000000 ) ) ;
#9426 = VECTOR ( 'NONE', #4919, 1000.000000000000000 ) ;
#9427 = PLANE ( 'NONE',  #1914 ) ;
#9428 = VECTOR ( 'NONE', #5480, 1000.000000000000000 ) ;
#9429 = ORIENTED_EDGE ( 'NONE', *, *, #2391, .F. ) ;
#9430 = CARTESIAN_POINT ( 'NONE',  ( 4.549999999999997158, 1.000000000000000000, 5.850000000000000533 ) ) ;
#9431 = AXIS2_PLACEMENT_3D ( 'NONE', #1095, #1939, #2737 ) ;
#9432 = DIRECTION ( 'NONE',  ( 0.000000000000000000, 1.000000000000000000, 0.000000000000000000 ) ) ;
#9433 = CARTESIAN_POINT ( 'NONE',  ( -6.399999999999998579, -2.034757436496875016, 1.000000000000000000 ) ) ;
#9434 = CARTESIAN_POINT ( 'NONE',  ( 6.200000000000000178, 2.100000000000000089, 1.599999999999999867 ) ) ;
#9435 = VERTEX_POINT ( 'NONE', #711 ) ;
#9436 = ADVANCED_FACE ( 'NONE', ( #2732 ), #1400, .T. ) ;
#9437 = AXIS2_PLACEMENT_3D ( 'NONE', #2435, #7982, #2106 ) ;
#9438 = LINE ( 'NONE', #2516, #5894 ) ;
#9439 = DIRECTION ( 'NONE',  ( 0.000000000000000000, 0.000000000000000000, -1.000000000000000000 ) ) ;
#9440 = CARTESIAN_POINT ( 'NONE',  ( -5.049999999999997158, 2.128355624055937206E-16, -5.350000000000001421 ) ) ;
#9441 = EDGE_CURVE ( 'NONE', #4566, #1090, #9731, .T. ) ;
#9442 = LINE ( 'NONE', #9088, #5796 ) ;
#9443 = FACE_OUTER_BOUND ( 'NONE', #1856, .T. ) ;
#9444 = FACE_OUTER_BOUND ( 'NONE', #6670, .T. ) ;
#9445 = CARTESIAN_POINT ( 'NONE',  ( 0.000000000000000000, 30.00000000000000000, -2.500000000000002220 ) ) ;
#9446 = ORIENTED_EDGE ( 'NONE', *, *, #2882, .T. ) ;
#9447 = ORIENTED_EDGE ( 'NONE', *, *, #6252, .F. ) ;
#9448 = ORIENTED_EDGE ( 'NONE', *, *, #8659, .T. ) ;
#9449 = EDGE_CURVE ( 'NONE', #5201, #5536, #2753, .T. ) ;
#9450 = CARTESIAN_POINT ( 'NONE',  ( -5.799999999999996270, 0.5000000000000002220, -3.000000000000000000 ) ) ;
#9451 = EDGE_CURVE ( 'NONE', #5242, #9503, #10003, .T. ) ;
#9452 = ORIENTED_EDGE ( 'NONE', *, *, #7119, .T. ) ;
#9453 = CARTESIAN_POINT ( 'NONE',  ( -5.799999999999996270, 0.5000000000000002220, -4.499999999999997335 ) ) ;
#9454 = DIRECTION ( 'NONE',  ( -3.614007241618348278E-16, -1.000000000000000000, 1.153875183674998759E-16 ) ) ;
#9455 = FACE_OUTER_BOUND ( 'NONE', #3966, .T. ) ;
#9456 = CIRCLE ( 'NONE', #9871, 0.05000000000000012768 ) ;
#9457 = LINE ( 'NONE', #6200, #9202 ) ;
#9458 = AXIS2_PLACEMENT_3D ( 'NONE', #7696, #63, #1111 ) ;
#9459 = ORIENTED_EDGE ( 'NONE', *, *, #8794, .F. ) ;
#9460 = ORIENTED_EDGE ( 'NONE', *, *, #6645, .F. ) ;
#9461 = DIRECTION ( 'NONE',  ( 1.000000000000000000, 0.000000000000000000, -0.000000000000000000 ) ) ;
#9462 = CARTESIAN_POINT ( 'NONE',  ( -6.199999999999999289, 5.650000000000001243, -5.250000000000000000 ) ) ;
#9463 = VECTOR ( 'NONE', #4677, 1000.000000000000000 ) ;
#9464 = LINE ( 'NONE', #9138, #5561 ) ;
#9465 = EDGE_CURVE ( 'NONE', #6185, #6691, #6365, .T. ) ;
#9466 = ORIENTED_EDGE ( 'NONE', *, *, #3360, .T. ) ;
#9467 = CARTESIAN_POINT ( 'NONE',  ( -2.100000000000000089, -3.099999999999997424, -6.800000000000002487 ) ) ;
#9468 = CARTESIAN_POINT ( 'NONE',  ( 0.000000000000000000, 11.09999999999999964, -3.500000000000000000 ) ) ;
#9469 = CARTESIAN_POINT ( 'NONE',  ( 5.799999999999998934, 5.650000000000001243, 5.250000000000000000 ) ) ;
#9470 = CARTESIAN_POINT ( 'NONE',  ( -6.649821042359578429E-17, 0.4999999999999993339, 0.000000000000000000 ) ) ;
#9471 = CARTESIAN_POINT ( 'NONE',  ( 5.799999999999996270, 0.5000000000000002220, 3.000000000000000000 ) ) ;
#9472 = CARTESIAN_POINT ( 'NONE',  ( 0.000000000000000000, 3.100000000000000089, 3.000000000000000000 ) ) ;
#9473 = CIRCLE ( 'NONE', #3399, 0.2000000000000000944 ) ;
#9474 = ADVANCED_FACE ( 'NONE', ( #2618 ), #1532, .F. ) ;
#9475 = ORIENTED_EDGE ( 'NONE', *, *, #6273, .T. ) ;
#9476 = CARTESIAN_POINT ( 'NONE',  ( -5.799999999999998934, 5.650000000000001243, 5.250000000000000000 ) ) ;
#9477 = VERTEX_POINT ( 'NONE', #8905 ) ;
#9478 = AXIS2_PLACEMENT_3D ( 'NONE', #1012, #1845, #2647 ) ;
#9479 = LINE ( 'NONE', #755, #6009 ) ;
#9480 = EDGE_CURVE ( 'NONE', #10255, #6138, #2689, .T. ) ;
#9481 = DIRECTION ( 'NONE',  ( 0.000000000000000000, 0.000000000000000000, 1.000000000000000000 ) ) ;
#9482 = ORIENTED_EDGE ( 'NONE', *, *, #9848, .F. ) ;
#9483 = CARTESIAN_POINT ( 'NONE',  ( -6.200000000000000178, 0.000000000000000000, -1.000000000000000000 ) ) ;
#9484 = DIRECTION ( 'NONE',  ( 0.000000000000000000, -1.000000000000000000, 0.000000000000000000 ) ) ;
#9485 = LINE ( 'NONE', #6023, #2377 ) ;
#9486 = CARTESIAN_POINT ( 'NONE',  ( 3.299999999999999822, 3.249999999999998668, 6.349999999999997868 ) ) ;
#9487 = CARTESIAN_POINT ( 'NONE',  ( 0.8000000000000001554, 3.249999999999998668, 6.349999999999997868 ) ) ;
#9488 = CIRCLE ( 'NONE', #4629, 0.5000000000000004441 ) ;
#9489 = ORIENTED_EDGE ( 'NONE', *, *, #3446, .T. ) ;
#9490 = ORIENTED_EDGE ( 'NONE', *, *, #8852, .T. ) ;
#9491 = CARTESIAN_POINT ( 'NONE',  ( -2.542012759203106320, 0.1000000000000001721, -3.000000000000000000 ) ) ;
#9492 = ADVANCED_FACE ( 'NONE', ( #6284 ), #9644, .T. ) ;
#9493 = DIRECTION ( 'NONE',  ( -1.000000000000000000, -0.000000000000000000, -0.000000000000000000 ) ) ;
#9494 = ORIENTED_EDGE ( 'NONE', *, *, #8057, .T. ) ;
#9495 = EDGE_CURVE ( 'NONE', #9618, #10098, #6141, .T. ) ;
#9496 = FACE_OUTER_BOUND ( 'NONE', #2925, .T. ) ;
#9497 = DIRECTION ( 'NONE',  ( 0.000000000000000000, -1.000000000000000000, -2.460132057943349518E-16 ) ) ;
#9498 = AXIS2_PLACEMENT_3D ( 'NONE', #3450, #8317, #5831 ) ;
#9499 = DIRECTION ( 'NONE',  ( 0.000000000000000000, 1.000000000000000000, -0.000000000000000000 ) ) ;
#9500 = VECTOR ( 'NONE', #5009, 1000.000000000000000 ) ;
#9501 = VECTOR ( 'NONE', #9925, 1000.000000000000000 ) ;
#9502 = DIRECTION ( 'NONE',  ( -0.000000000000000000, -1.000000000000000000, -0.000000000000000000 ) ) ;
#9503 = VERTEX_POINT ( 'NONE', #8148 ) ;
#9504 = VECTOR ( 'NONE', #979, 1000.000000000000000 ) ;
#9505 = DIRECTION ( 'NONE',  ( 0.000000000000000000, 0.000000000000000000, -1.000000000000000000 ) ) ;
#9506 = DIRECTION ( 'NONE',  ( 0.8191520442889909104, 0.5735764363510473807, 0.000000000000000000 ) ) ;
#9507 = EDGE_LOOP ( 'NONE', ( #3717, #4346, #1317, #2884 ) ) ;
#9508 = DIRECTION ( 'NONE',  ( -0.000000000000000000, -0.000000000000000000, -1.000000000000000000 ) ) ;
#9509 = ADVANCED_FACE ( 'NONE', ( #2662 ), #5805, .T. ) ;
#9510 = CARTESIAN_POINT ( 'NONE',  ( -5.499999999999996447, 5.500000000000000888, -6.500000000000000888 ) ) ;
#9511 = EDGE_CURVE ( 'NONE', #2705, #6522, #9847, .T. ) ;
#9512 = VECTOR ( 'NONE', #8079, 1000.000000000000000 ) ;
#9513 = AXIS2_PLACEMENT_3D ( 'NONE', #2302, #1453, #6419 ) ;
#9514 = EDGE_LOOP ( 'NONE', ( #7166, #4552, #1038, #5637 ) ) ;
#9515 = ORIENTED_EDGE ( 'NONE', *, *, #5403, .T. ) ;
#9516 = CARTESIAN_POINT ( 'NONE',  ( 5.049999999999997158, 4.986986664055304885, 5.000000000000000888 ) ) ;
#9517 = EDGE_CURVE ( 'NONE', #9892, #9779, #9908, .T. ) ;
#9518 = VECTOR ( 'NONE', #3587, 1000.000000000000000 ) ;
#9519 = CARTESIAN_POINT ( 'NONE',  ( -3.880824640740575759, 0.09999999999999990841, -3.000000000000000000 ) ) ;
#9520 = ORIENTED_EDGE ( 'NONE', *, *, #6788, .F. ) ;
#9521 = DIRECTION ( 'NONE',  ( 0.000000000000000000, -1.000000000000000000, -4.430117370400858162E-17 ) ) ;
#9522 = DIRECTION ( 'NONE',  ( 0.000000000000000000, 0.000000000000000000, 1.000000000000000000 ) ) ;
#9523 = DIRECTION ( 'NONE',  ( 0.000000000000000000, 0.000000000000000000, 1.000000000000000000 ) ) ;
#9524 = DIRECTION ( 'NONE',  ( 0.000000000000000000, 1.000000000000000000, 0.000000000000000000 ) ) ;
#9525 = AXIS2_PLACEMENT_3D ( 'NONE', #4485, #8899, #9625 ) ;
#9526 = DIRECTION ( 'NONE',  ( -1.000000000000000000, 1.224646799147353207E-16, 5.425329057508500610E-33 ) ) ;
#9527 = VECTOR ( 'NONE', #7876, 1000.000000000000114 ) ;
#9528 = ADVANCED_FACE ( 'NONE', ( #6204 ), #8983, .F. ) ;
#9529 = DIRECTION ( 'NONE',  ( 0.000000000000000000, 0.000000000000000000, -1.000000000000000000 ) ) ;
#9530 = FACE_OUTER_BOUND ( 'NONE', #2784, .T. ) ;
#9531 = CIRCLE ( 'NONE', #4783, 0.1999999999999996503 ) ;
#9532 = VERTEX_POINT ( 'NONE', #2445 ) ;
#9533 = DIRECTION ( 'NONE',  ( 0.000000000000000000, -1.000000000000000000, -2.460132057943349518E-16 ) ) ;
#9534 = AXIS2_PLACEMENT_3D ( 'NONE', #3633, #5908, #9233 ) ;
#9535 = ORIENTED_EDGE ( 'NONE', *, *, #7113, .T. ) ;
#9536 = EDGE_CURVE ( 'NONE', #7107, #831, #9868, .T. ) ;
#9537 = CIRCLE ( 'NONE', #155, 0.2000000000000000944 ) ;
#9538 = EDGE_CURVE ( 'NONE', #7754, #3257, #9889, .T. ) ;
#9539 = CARTESIAN_POINT ( 'NONE',  ( 6.744145861810626030, -2.526248663070268741, 1.000000000000000000 ) ) ;
#9540 = ORIENTED_EDGE ( 'NONE', *, *, #1881, .F. ) ;
#9541 = DIRECTION ( 'NONE',  ( 1.000000000000000000, 0.000000000000000000, 0.000000000000000000 ) ) ;
#9542 = EDGE_CURVE ( 'NONE', #8228, #299, #9745, .T. ) ;
#9543 = CARTESIAN_POINT ( 'NONE',  ( 3.850000000000000089, 4.986986664055304885, -6.700000000000000178 ) ) ;
#9544 = CARTESIAN_POINT ( 'NONE',  ( 5.799999999999996270, 2.400000000000000355, 6.700000000000000178 ) ) ;
#9545 = LINE ( 'NONE', #7809, #2219 ) ;
#9546 = CARTESIAN_POINT ( 'NONE',  ( -5.049999999999997158, 2.400000000000000355, 2.000000000000000000 ) ) ;
#9547 = DIRECTION ( 'NONE',  ( 0.000000000000000000, 0.000000000000000000, -1.000000000000000000 ) ) ;
#9548 = VECTOR ( 'NONE', #8597, 999.9999999999998863 ) ;
#9549 = FACE_OUTER_BOUND ( 'NONE', #3385, .T. ) ;
#9550 = CARTESIAN_POINT ( 'NONE',  ( 3.880824640740575759, 0.4999999999999998890, -3.000000000000000000 ) ) ;
#9551 = VERTEX_POINT ( 'NONE', #2574 ) ;
#9552 = ADVANCED_FACE ( 'NONE', ( #6106 ), #1687, .T. ) ;
#9553 = VERTEX_POINT ( 'NONE', #4912 ) ;
#9554 = ORIENTED_EDGE ( 'NONE', *, *, #9719, .T. ) ;
#9555 = DIRECTION ( 'NONE',  ( -0.000000000000000000, -0.000000000000000000, 1.000000000000000000 ) ) ;
#9556 = CIRCLE ( 'NONE', #2139, 0.1000000000000002554 ) ;
#9557 = AXIS2_PLACEMENT_3D ( 'NONE', #1682, #9126, #2631 ) ;
#9558 = EDGE_CURVE ( 'NONE', #7816, #8566, #10024, .T. ) ;
#9559 = DIRECTION ( 'NONE',  ( -1.535153518563545837E-16, -1.000000000000000000, 0.000000000000000000 ) ) ;
#9560 = DIRECTION ( 'NONE',  ( 0.000000000000000000, -0.000000000000000000, 1.000000000000000000 ) ) ;
#9561 = EDGE_CURVE ( 'NONE', #556, #1158, #2863, .T. ) ;
#9562 = ORIENTED_EDGE ( 'NONE', *, *, #481, .F. ) ;
#9563 = EDGE_CURVE ( 'NONE', #6613, #472, #6427, .T. ) ;
#9564 = VECTOR ( 'NONE', #9399, 1000.000000000000000 ) ;
#9565 = CARTESIAN_POINT ( 'NONE',  ( -5.799999999999996270, 0.1000000000000001721, 3.000000000000000000 ) ) ;
#9566 = LINE ( 'NONE', #2741, #5806 ) ;
#9567 = DIRECTION ( 'NONE',  ( -0.9396926207859082059, -0.3420201433256695456, -8.414147190578587988E-17 ) ) ;
#9568 = EDGE_CURVE ( 'NONE', #4217, #8751, #6495, .T. ) ;
#9569 = LINE ( 'NONE', #8273, #9660 ) ;
#9570 = ORIENTED_EDGE ( 'NONE', *, *, #2276, .F. ) ;
#9571 = EDGE_LOOP ( 'NONE', ( #4390, #6891, #3560, #1046 ) ) ;
#9572 = DIRECTION ( 'NONE',  ( -0.000000000000000000, -0.000000000000000000, -1.000000000000000000 ) ) ;
#9573 = ADVANCED_FACE ( 'NONE', ( #9763 ), #850, .T. ) ;
#9574 = CARTESIAN_POINT ( 'NONE',  ( -3.299999999999999822, 0.8000000000000001554, -7.050000000000001599 ) ) ;
#9575 = ORIENTED_EDGE ( 'NONE', *, *, #784, .T. ) ;
#9576 = AXIS2_PLACEMENT_3D ( 'NONE', #10190, #9366, #4764 ) ;
#9577 = DIRECTION ( 'NONE',  ( 0.000000000000000000, 0.000000000000000000, 1.000000000000000000 ) ) ;
#9578 = DIRECTION ( 'NONE',  ( 0.000000000000000000, 0.000000000000000000, -1.000000000000000000 ) ) ;
#9579 = VECTOR ( 'NONE', #7220, 1000.000000000000000 ) ;
#9580 = EDGE_CURVE ( 'NONE', #310, #3188, #6123, .T. ) ;
#9581 = VECTOR ( 'NONE', #1030, 999.9999999999998863 ) ;
#9582 = VECTOR ( 'NONE', #3408, 1000.000000000000000 ) ;
#9583 = ORIENTED_EDGE ( 'NONE', *, *, #423, .F. ) ;
#9584 = EDGE_CURVE ( 'NONE', #6964, #5219, #2677, .T. ) ;
#9585 = ORIENTED_EDGE ( 'NONE', *, *, #4304, .T. ) ;
#9586 = CARTESIAN_POINT ( 'NONE',  ( -5.699999999999996625, 0.09999999999999971412, -3.000000000000000444 ) ) ;
#9587 = CARTESIAN_POINT ( 'NONE',  ( 1.700000000000000178, 2.949999999999998401, 7.549999999999999822 ) ) ;
#9588 = CYLINDRICAL_SURFACE ( 'NONE', #9774, 0.1999999999999996503 ) ;
#9589 = DIRECTION ( 'NONE',  ( 1.807003620809174139E-16, -1.000000000000000000, -2.017120320903263702E-16 ) ) ;
#9590 = EDGE_LOOP ( 'NONE', ( #7468, #10057, #7321, #10120, #5192, #1945, #5620, #4883 ) ) ;
#9591 = CARTESIAN_POINT ( 'NONE',  ( 5.499999999999996447, 5.500000000000000888, -6.700000000000000178 ) ) ;
#9592 = CARTESIAN_POINT ( 'NONE',  ( 1.700000000000000178, 2.650000000000001243, -6.200000000000001954 ) ) ;
#9593 = DIRECTION ( 'NONE',  ( -1.000000000000000000, 0.000000000000000000, 0.000000000000000000 ) ) ;
#9594 = ADVANCED_FACE ( 'NONE', ( #3074 ), #220, .F. ) ;
#9595 = LINE ( 'NONE', #6880, #9527 ) ;
#9596 = AXIS2_PLACEMENT_3D ( 'NONE', #9875, #5011, #1796 ) ;
#9597 = DIRECTION ( 'NONE',  ( 1.000000000000000000, 0.000000000000000000, 0.000000000000000000 ) ) ;
#9598 = CIRCLE ( 'NONE', #9151, 0.2000000000000007327 ) ;
#9599 = CARTESIAN_POINT ( 'NONE',  ( -5.049999999999997158, 2.400000000000000355, -2.000000000000000000 ) ) ;
#9600 = EDGE_CURVE ( 'NONE', #5025, #3827, #10325, .T. ) ;
#9601 = ORIENTED_EDGE ( 'NONE', *, *, #3612, .T. ) ;
#9602 = ORIENTED_EDGE ( 'NONE', *, *, #9224, .T. ) ;
#9603 = CARTESIAN_POINT ( 'NONE',  ( -3.850000000000000089, 1.000000000000000000, 6.700000000000000178 ) ) ;
#9604 = ORIENTED_EDGE ( 'NONE', *, *, #9787, .F. ) ;
#9605 = UNCERTAINTY_MEASURE_WITH_UNIT (LENGTH_MEASURE( 1.000000000000000082E-05 ), #9108, 'distance_accuracy_value', 'NONE');
#9606 = LINE ( 'NONE', #687, #2525 ) ;
#9607 = EDGE_CURVE ( 'NONE', #2993, #4572, #10376, .T. ) ;
#9608 = DIRECTION ( 'NONE',  ( 1.327027319204863784E-16, 1.000000000000000000, 0.000000000000000000 ) ) ;
#9609 = ORIENTED_EDGE ( 'NONE', *, *, #3672, .F. ) ;
#9610 = DIRECTION ( 'NONE',  ( 0.7071067811865489050, 0.000000000000000000, -0.7071067811865462405 ) ) ;
#9611 = DIRECTION ( 'NONE',  ( 0.000000000000000000, 0.000000000000000000, 1.000000000000000000 ) ) ;
#9612 = VECTOR ( 'NONE', #593, 1000.000000000000000 ) ;
#9613 = ADVANCED_FACE ( 'NONE', ( #3335 ), #3011, .T. ) ;
#9614 = CARTESIAN_POINT ( 'NONE',  ( -1.699999999999999956, 0.8499999999999999778, -6.750000000000001776 ) ) ;
#9615 = DIRECTION ( 'NONE',  ( -0.000000000000000000, -1.000000000000000000, -0.000000000000000000 ) ) ;
#9616 = LINE ( 'NONE', #3367, #2654 ) ;
#9617 = VERTEX_POINT ( 'NONE', #6210 ) ;
#9618 = VERTEX_POINT ( 'NONE', #2068 ) ;
#9619 = EDGE_CURVE ( 'NONE', #3137, #2538, #10250, .T. ) ;
#9620 = LINE ( 'NONE', #3268, #2412 ) ;
#9621 = CARTESIAN_POINT ( 'NONE',  ( -3.880824640740575315, 2.935823076413500043, -4.499999999999997335 ) ) ;
#9622 = CARTESIAN_POINT ( 'NONE',  ( -2.500000000000000000, -2.299999999999998046, -7.050000000000000711 ) ) ;
#9623 = AXIS2_PLACEMENT_3D ( 'NONE', #9032, #8339, #9180 ) ;
#9624 = ORIENTED_EDGE ( 'NONE', *, *, #9266, .F. ) ;
#9625 = DIRECTION ( 'NONE',  ( 0.000000000000000000, 0.000000000000000000, 1.000000000000000000 ) ) ;
#9626 = CARTESIAN_POINT ( 'NONE',  ( 3.673940397442060361E-16, 11.09999999999999964, 3.000000000000000444 ) ) ;
#9627 = VECTOR ( 'NONE', #9973, 999.9999999999998863 ) ;
#9628 = CARTESIAN_POINT ( 'NONE',  ( 0.000000000000000000, 3.100000000000000089, -3.000000000000000000 ) ) ;
#9629 = LINE ( 'NONE', #9116, #2634 ) ;
#9630 = CARTESIAN_POINT ( 'NONE',  ( 5.799999999999998046, -0.6400000000000000133, -1.000000000000000000 ) ) ;
#9631 = ORIENTED_EDGE ( 'NONE', *, *, #7586, .T. ) ;
#9632 = CARTESIAN_POINT ( 'NONE',  ( -5.908508773426603966, -0.9841458618106281309, 1.000000000000000000 ) ) ;
#9633 = CARTESIAN_POINT ( 'NONE',  ( -2.499999999999999556, 0.3000000000000024314, -7.050000000000001599 ) ) ;
#9634 = AXIS2_PLACEMENT_3D ( 'NONE', #281, #8562, #418 ) ;
#9635 = EDGE_LOOP ( 'NONE', ( #675, #5643, #7670, #4054, #4249 ) ) ;
#9636 = CARTESIAN_POINT ( 'NONE',  ( 5.799999999999996270, 0.5000000000000002220, 3.000000000000000000 ) ) ;
#9637 = DIRECTION ( 'NONE',  ( 0.000000000000000000, 1.000000000000000000, 0.000000000000000000 ) ) ;
#9638 = CIRCLE ( 'NONE', #191, 0.05000000000000012768 ) ;
#9639 = EDGE_CURVE ( 'NONE', #2828, #641, #3165, .T. ) ;
#9640 = ORIENTED_EDGE ( 'NONE', *, *, #2721, .F. ) ;
#9641 = ORIENTED_EDGE ( 'NONE', *, *, #4788, .T. ) ;
#9642 = PLANE ( 'NONE',  #46 ) ;
#9643 = AXIS2_PLACEMENT_3D ( 'NONE', #9670, #2225, #3832 ) ;
#9644 = CYLINDRICAL_SURFACE ( 'NONE', #7869, 0.2999999999999999334 ) ;
#9645 = FACE_OUTER_BOUND ( 'NONE', #1456, .T. ) ;
#9646 = ADVANCED_FACE ( 'NONE', ( #3054 ), #5274, .T. ) ;
#9647 = DIRECTION ( 'NONE',  ( 0.000000000000000000, -4.869470219022244754E-16, 1.000000000000000000 ) ) ;
#9648 = ORIENTED_EDGE ( 'NONE', *, *, #8219, .F. ) ;
#9649 = CARTESIAN_POINT ( 'NONE',  ( 1.734723475976807094E-15, 0.000000000000000000, -6.700000000000000178 ) ) ;
#9650 = DIRECTION ( 'NONE',  ( -1.000000000000000000, 0.000000000000000000, 0.000000000000000000 ) ) ;
#9651 = CARTESIAN_POINT ( 'NONE',  ( -6.563830408857795895, -1.920042149226665718, 1.000000000000000000 ) ) ;
#9652 = DIRECTION ( 'NONE',  ( 0.000000000000000000, -1.000000000000000000, 0.000000000000000000 ) ) ;
#9653 = AXIS2_PLACEMENT_3D ( 'NONE', #6144, #4437, #9272 ) ;
#9654 = AXIS2_PLACEMENT_3D ( 'NONE', #5756, #9212, #9068 ) ;
#9655 = PLANE ( 'NONE',  #2191 ) ;
#9656 = VECTOR ( 'NONE', #1643, 1000.000000000000000 ) ;
#9657 = DIRECTION ( 'NONE',  ( 1.000000000000000000, -1.341711765540131426E-16, 0.000000000000000000 ) ) ;
#9658 = EDGE_CURVE ( 'NONE', #4859, #6944, #6590, .T. ) ;
#9659 = DIRECTION ( 'NONE',  ( -0.000000000000000000, 8.673617379883880855E-15, 1.000000000000000000 ) ) ;
#9660 = VECTOR ( 'NONE', #5791, 1000.000000000000000 ) ;
#9661 = ORIENTED_EDGE ( 'NONE', *, *, #305, .F. ) ;
#9662 = EDGE_CURVE ( 'NONE', #10562, #8759, #10137, .T. ) ;
#9663 = ORIENTED_EDGE ( 'NONE', *, *, #1923, .T. ) ;
#9664 = VECTOR ( 'NONE', #3858, 1000.000000000000000 ) ;
#9665 = EDGE_CURVE ( 'NONE', #6690, #7618, #10058, .T. ) ;
#9666 = CARTESIAN_POINT ( 'NONE',  ( 3.299999999999999822, 0.5000000000000027756, -7.050000000000001599 ) ) ;
#9667 = EDGE_LOOP ( 'NONE', ( #4300, #8695, #283, #4193 ) ) ;
#9668 = CARTESIAN_POINT ( 'NONE',  ( 5.799999999999998046, 0.5000000000000004441, -2.999999999999999112 ) ) ;
#9669 = ADVANCED_FACE ( 'NONE', ( #6729 ), #1993, .F. ) ;
#9670 = CARTESIAN_POINT ( 'NONE',  ( 6.399999999999998579, -2.034757436496875016, 1.000000000000000000 ) ) ;
#9671 = CARTESIAN_POINT ( 'NONE',  ( -5.799999999999998934, 5.650000000000001243, -5.250000000000000000 ) ) ;
#9672 = FACE_OUTER_BOUND ( 'NONE', #7912, .T. ) ;
#9673 = DIRECTION ( 'NONE',  ( -1.535153518563546084E-16, 1.000000000000000000, 0.000000000000000000 ) ) ;
#9674 = CARTESIAN_POINT ( 'NONE',  ( 0.4000000000000001887, 2.504411906293519507, 7.549999999999999822 ) ) ;
#9675 = LINE ( 'NONE', #200, #9797 ) ;
#9676 = ORIENTED_EDGE ( 'NONE', *, *, #6645, .T. ) ;
#9677 = AXIS2_PLACEMENT_3D ( 'NONE', #7582, #7005, #1147 ) ;
#9678 = EDGE_CURVE ( 'NONE', #7725, #4229, #2972, .T. ) ;
#9679 = ORIENTED_EDGE ( 'NONE', *, *, #10357, .T. ) ;
#9680 = ORIENTED_EDGE ( 'NONE', *, *, #8078, .T. ) ;
#9681 = FACE_OUTER_BOUND ( 'NONE', #8796, .T. ) ;
#9682 = EDGE_CURVE ( 'NONE', #1171, #9532, #10042, .T. ) ;
#9683 = CYLINDRICAL_SURFACE ( 'NONE', #3626, 0.2999999999999999334 ) ;
#9684 = DIRECTION ( 'NONE',  ( 0.000000000000000000, -1.000000000000000000, 0.000000000000000000 ) ) ;
#9685 = CARTESIAN_POINT ( 'NONE',  ( 0.8000000000000001554, 3.249999999999998668, 6.349999999999997868 ) ) ;
#9686 = EDGE_CURVE ( 'NONE', #139, #956, #10076, .T. ) ;
#9687 = EDGE_LOOP ( 'NONE', ( #9152, #7693, #3755, #7957 ) ) ;
#9688 = COLOUR_RGB ( '',0.2509803921568627416, 0.2509803921568627416, 0.2509803921568627416 ) ;
#9689 = ADVANCED_FACE ( 'NONE', ( #3131 ), #10360, .F. ) ;
#9690 = CARTESIAN_POINT ( 'NONE',  ( 2.500000000000000444, 0.7500000000000006661, 7.549999999999998046 ) ) ;
#9691 = VECTOR ( 'NONE', #6628, 1000.000000000000000 ) ;
#9692 = DIRECTION ( 'NONE',  ( 0.000000000000000000, -1.000000000000000000, -0.000000000000000000 ) ) ;
#9693 = LINE ( 'NONE', #7076, #6148 ) ;
#9694 = EDGE_LOOP ( 'NONE', ( #9418, #9240, #2114, #1756 ) ) ;
#9695 = ORIENTED_EDGE ( 'NONE', *, *, #5514, .F. ) ;
#9696 = AXIS2_PLACEMENT_3D ( 'NONE', #10508, #8254, #1496 ) ;
#9697 = VECTOR ( 'NONE', #2118, 1000.000000000000000 ) ;
#9698 = CARTESIAN_POINT ( 'NONE',  ( 2.449999999999999734, -2.299999999999998046, -7.200000000000001066 ) ) ;
#9699 = CARTESIAN_POINT ( 'NONE',  ( -5.799999999999996270, 0.5000000000000002220, 3.000000000000000000 ) ) ;
#9700 = VECTOR ( 'NONE', #5708, 1000.000000000000000 ) ;
#9701 = DIRECTION ( 'NONE',  ( 1.000000000000000000, 0.000000000000000000, 0.000000000000000000 ) ) ;
#9702 = CARTESIAN_POINT ( 'NONE',  ( 0.000000000000000000, 11.09999999999999964, 0.000000000000000000 ) ) ;
#9703 = VERTEX_POINT ( 'NONE', #9587 ) ;
#9704 = CARTESIAN_POINT ( 'NONE',  ( 2.700000000000000178, -2.299999999999998046, -7.050000000000002487 ) ) ;
#9705 = EDGE_CURVE ( 'NONE', #844, #5482, #6769, .T. ) ;
#9706 = CIRCLE ( 'NONE', #9810, 0.05000000000000077993 ) ;
#9707 = FACE_OUTER_BOUND ( 'NONE', #6672, .T. ) ;
#9708 = VECTOR ( 'NONE', #6632, 1000.000000000000000 ) ;
#9709 = VERTEX_POINT ( 'NONE', #428 ) ;
#9710 = VERTEX_POINT ( 'NONE', #292 ) ;
#9711 = ORIENTED_EDGE ( 'NONE', *, *, #6103, .F. ) ;
#9712 = DIRECTION ( 'NONE',  ( -0.9396926207859082059, 0.3420201433256695456, 0.000000000000000000 ) ) ;
#9713 = VECTOR ( 'NONE', #6190, 1000.000000000000000 ) ;
#9714 = AXIS2_PLACEMENT_3D ( 'NONE', #2941, #6299, #2271 ) ;
#9715 = CARTESIAN_POINT ( 'NONE',  ( -5.799999999999998046, 0.5000000000000004441, -2.999999999999999112 ) ) ;
#9716 = ORIENTED_EDGE ( 'NONE', *, *, #1097, .F. ) ;
#9717 = DIRECTION ( 'NONE',  ( 0.000000000000000000, -0.000000000000000000, -1.000000000000000000 ) ) ;
#9718 = CARTESIAN_POINT ( 'NONE',  ( -3.999999999999998224, -3.551475717527321367E-16, -6.700000000000000178 ) ) ;
#9719 = EDGE_CURVE ( 'NONE', #7860, #7816, #6625, .T. ) ;
#9720 = CARTESIAN_POINT ( 'NONE',  ( -5.049999999999997158, 2.128355624055937206E-16, -6.700000000000000178 ) ) ;
#9721 = DIRECTION ( 'NONE',  ( -0.000000000000000000, -0.7071067811865451302, 0.7071067811865500152 ) ) ;
#9722 = VECTOR ( 'NONE', #5707, 1000.000000000000000 ) ;
#9723 = EDGE_CURVE ( 'NONE', #10232, #8624, #10193, .T. ) ;
#9724 = CYLINDRICAL_SURFACE ( 'NONE', #7955, 0.1499999999999999667 ) ;
#9725 = CARTESIAN_POINT ( 'NONE',  ( -1.699999999999999956, 1.100000000000000089, -5.850000000000000533 ) ) ;
#9726 = VECTOR ( 'NONE', #6657, 1000.000000000000000 ) ;
#9727 = EDGE_LOOP ( 'NONE', ( #656, #5961, #6113, #2415 ) ) ;
#9728 = ORIENTED_EDGE ( 'NONE', *, *, #3320, .F. ) ;
#9729 = DIRECTION ( 'NONE',  ( 1.000000000000000000, 0.000000000000000000, 0.000000000000000000 ) ) ;
#9730 = EDGE_LOOP ( 'NONE', ( #5753, #6377, #2335, #10094 ) ) ;
#9731 = LINE ( 'NONE', #2987, #2901 ) ;
#9732 = ADVANCED_FACE ( 'NONE', ( #10271 ), #3190, .T. ) ;
#9733 = CARTESIAN_POINT ( 'NONE',  ( -0.7999999999999999334, 3.249999999999998224, 7.249999999999999112 ) ) ;
#9734 = ORIENTED_EDGE ( 'NONE', *, *, #9785, .T. ) ;
#9735 = DIRECTION ( 'NONE',  ( -1.000000000000000000, -0.000000000000000000, -0.000000000000000000 ) ) ;
#9736 = CARTESIAN_POINT ( 'NONE',  ( -4.250000000000000000, 6.100000000000000533, 5.099999999999999645 ) ) ;
#9737 = EDGE_CURVE ( 'NONE', #8799, #9122, #6552, .T. ) ;
#9738 = CARTESIAN_POINT ( 'NONE',  ( 5.750000000000000000, 5.650000000000001243, 5.250000000000000000 ) ) ;
#9739 = CARTESIAN_POINT ( 'NONE',  ( -5.049999999999998046, 1.000000000000000000, -4.500000000000000888 ) ) ;
#9740 = VECTOR ( 'NONE', #8270, 1000.000000000000000 ) ;
#9741 = AXIS2_PLACEMENT_3D ( 'NONE', #5959, #159, #10238 ) ;
#9742 = CARTESIAN_POINT ( 'NONE',  ( -2.550000000000000711, 0.09999999999999974187, 7.699999999999997513 ) ) ;
#9743 = VERTEX_POINT ( 'NONE', #1418 ) ;
#9744 = ORIENTED_EDGE ( 'NONE', *, *, #9705, .T. ) ;
#9745 = LINE ( 'NONE', #146, #2847 ) ;
#9746 = DIRECTION ( 'NONE',  ( 1.000000000000000000, -0.000000000000000000, -0.000000000000000000 ) ) ;
#9747 = VECTOR ( 'NONE', #9400, 1000.000000000000000 ) ;
#9748 = ORIENTED_EDGE ( 'NONE', *, *, #7222, .F. ) ;
#9749 = CARTESIAN_POINT ( 'NONE',  ( -6.200000000000000178, 0.6000000000000007550, 3.000000000000000444 ) ) ;
#9750 = DIRECTION ( 'NONE',  ( 0.000000000000000000, 0.000000000000000000, -1.000000000000000000 ) ) ;
#9751 = ORIENTED_EDGE ( 'NONE', *, *, #2814, .T. ) ;
#9752 = AXIS2_PLACEMENT_3D ( 'NONE', #3690, #4533, #7020 ) ;
#9753 = ADVANCED_FACE ( 'NONE', ( #3091 ), #1277, .T. ) ;
#9754 = VECTOR ( 'NONE', #10624, 1000.000000000000000 ) ;
#9755 =( NAMED_UNIT ( * ) SI_UNIT ( $, .STERADIAN. ) SOLID_ANGLE_UNIT ( ) );
#9756 = CARTESIAN_POINT ( 'NONE',  ( -2.700000000000000622, -2.299999999999999822, 7.549999999999999822 ) ) ;
#9757 = CIRCLE ( 'NONE', #2216, 0.5749999999999999556 ) ;
#9758 = DIRECTION ( 'NONE',  ( 0.000000000000000000, 0.000000000000000000, 1.000000000000000000 ) ) ;
#9759 = ORIENTED_EDGE ( 'NONE', *, *, #7636, .F. ) ;
#9760 = CLOSED_SHELL ( 'NONE', ( #10124, #10534, #797, #4910, #7968, #7796 ) ) ;
#9761 = AXIS2_PLACEMENT_3D ( 'NONE', #6137, #2055, #2852 ) ;
#9762 = VERTEX_POINT ( 'NONE', #3384 ) ;
#9763 = FACE_OUTER_BOUND ( 'NONE', #1335, .T. ) ;
#9764 = PLANE ( 'NONE',  #8392 ) ;
#9765 = CARTESIAN_POINT ( 'NONE',  ( -5.799999999999996270, 3.100000000000000089, -4.500000000000000888 ) ) ;
#9766 = CARTESIAN_POINT ( 'NONE',  ( 0.8000000000000001554, 1.099999999999998535, 6.349999999999997868 ) ) ;
#9767 = EDGE_CURVE ( 'NONE', #2828, #2514, #6648, .T. ) ;
#9768 = EDGE_LOOP ( 'NONE', ( #9648, #118, #6231, #3008 ) ) ;
#9769 = DIRECTION ( 'NONE',  ( 0.000000000000000000, -2.017120320903263702E-16, 1.000000000000000000 ) ) ;
#9770 = DIRECTION ( 'NONE',  ( 0.000000000000000000, 1.000000000000000000, 2.460132057943349518E-16 ) ) ;
#9771 = ORIENTED_EDGE ( 'NONE', *, *, #9558, .T. ) ;
#9772 = CARTESIAN_POINT ( 'NONE',  ( 3.299999999999999822, 1.100000000000000089, -5.850000000000000533 ) ) ;
#9773 = PLANE ( 'NONE',  #6095 ) ;
#9774 = AXIS2_PLACEMENT_3D ( 'NONE', #7334, #3201, #5661 ) ;
#9775 = ADVANCED_FACE ( 'NONE', ( #6687 ), #8096, .F. ) ;
#9776 = VECTOR ( 'NONE', #7075, 1000.000000000000000 ) ;
#9777 = CIRCLE ( 'NONE', #10182, 3.000000000000000444 ) ;
#9778 = LINE ( 'NONE', #7241, #2824 ) ;
#9779 = VERTEX_POINT ( 'NONE', #10561 ) ;
#9780 = DIRECTION ( 'NONE',  ( -0.9396926207859082059, 0.3420201433256695456, 8.414147190578587988E-17 ) ) ;
#9781 = ORIENTED_EDGE ( 'NONE', *, *, #9920, .T. ) ;
#9782 = DIRECTION ( 'NONE',  ( 0.000000000000000000, -1.000000000000000000, 2.409338161078895729E-16 ) ) ;
#9783 = LINE ( 'NONE', #2310, #6321 ) ;
#9784 =( GEOMETRIC_REPRESENTATION_CONTEXT ( 3 ) GLOBAL_UNCERTAINTY_ASSIGNED_CONTEXT ( ( #17 ) ) GLOBAL_UNIT_ASSIGNED_CONTEXT ( ( #10425, #5818, #40 ) ) REPRESENTATION_CONTEXT ( 'NONE', 'WORKASPACE' ) );
#9785 = EDGE_CURVE ( 'NONE', #8720, #2409, #3259, .T. ) ;
#9786 = CARTESIAN_POINT ( 'NONE',  ( -2.499999999999999556, 0.1500000000000024647, -7.049999999999999822 ) ) ;
#9787 = EDGE_CURVE ( 'NONE', #3094, #1599, #10289, .T. ) ;
#9788 = ORIENTED_EDGE ( 'NONE', *, *, #8309, .F. ) ;
#9789 = DIRECTION ( 'NONE',  ( -0.000000000000000000, 1.000000000000000000, -0.000000000000000000 ) ) ;
#9790 = DIRECTION ( 'NONE',  ( -0.7660444431189813441, 0.6427876096865353661, -5.575293782951149186E-15 ) ) ;
#9791 = DIRECTION ( 'NONE',  ( 0.000000000000000000, 1.000000000000000000, 0.000000000000000000 ) ) ;
#9792 = DIRECTION ( 'NONE',  ( 0.000000000000000000, 1.000000000000000000, 0.000000000000000000 ) ) ;
#9793 = CARTESIAN_POINT ( 'NONE',  ( -4.250000000000000000, 6.700000000000000178, 5.099999999999999645 ) ) ;
#9794 = EDGE_CURVE ( 'NONE', #6366, #3917, #10306, .T. ) ;
#9795 = LINE ( 'NONE', #5773, #9656 ) ;
#9796 = CIRCLE ( 'NONE', #1307, 3.000000000000000444 ) ;
#9797 = VECTOR ( 'NONE', #2616, 1000.000000000000000 ) ;
#9798 = DIRECTION ( 'NONE',  ( -0.000000000000000000, -0.000000000000000000, -1.000000000000000000 ) ) ;
#9799 = EDGE_CURVE ( 'NONE', #2725, #7137, #10344, .T. ) ;
#9800 = VECTOR ( 'NONE', #734, 1000.000000000000000 ) ;
#9801 = ADVANCED_FACE ( 'NONE', ( #3240 ), #9867, .F. ) ;
#9802 = VERTEX_POINT ( 'NONE', #1787 ) ;
#9803 = ORIENTED_EDGE ( 'NONE', *, *, #2391, .T. ) ;
#9804 = VECTOR ( 'NONE', #559, 1000.000000000000114 ) ;
#9805 = ORIENTED_EDGE ( 'NONE', *, *, #8468, .F. ) ;
#9806 = ORIENTED_EDGE ( 'NONE', *, *, #7489, .T. ) ;
#9807 = CARTESIAN_POINT ( 'NONE',  ( 6.200000000000000178, 0.6000000000000006439, -4.500000000000000888 ) ) ;
#9808 = ORIENTED_EDGE ( 'NONE', *, *, #10211, .T. ) ;
#9809 =( LENGTH_UNIT ( ) NAMED_UNIT ( * ) SI_UNIT ( .MILLI., .METRE. ) );
#9810 = AXIS2_PLACEMENT_3D ( 'NONE', #3325, #2536, #9791 ) ;
#9811 = CARTESIAN_POINT ( 'NONE',  ( 5.799999999999996270, 0.5000000000000002220, -3.000000000000000000 ) ) ;
#9812 = PLANE ( 'NONE',  #7430 ) ;
#9813 = DIRECTION ( 'NONE',  ( -1.000000000000000000, 0.000000000000000000, 0.000000000000000000 ) ) ;
#9814 = CARTESIAN_POINT ( 'NONE',  ( -5.799999999999997158, 1.000000000000000222, 4.500000000000000888 ) ) ;
#9815 = EDGE_CURVE ( 'NONE', #6747, #5521, #3148, .T. ) ;
#9816 = LINE ( 'NONE', #8870, #2781 ) ;
#9817 = VECTOR ( 'NONE', #7839, 1000.000000000000000 ) ;
#9818 = LINE ( 'NONE', #4491, #6293 ) ;
#9819 = LINE ( 'NONE', #5502, #2671 ) ;
#9820 = CARTESIAN_POINT ( 'NONE',  ( -4.250000000000000000, 6.100000000000000533, -5.674999999999999822 ) ) ;
#9821 = VECTOR ( 'NONE', #6298, 1000.000000000000000 ) ;
#9822 = VERTEX_POINT ( 'NONE', #5702 ) ;
#9823 = EDGE_CURVE ( 'NONE', #5676, #10067, #3210, .T. ) ;
#9824 = ORIENTED_EDGE ( 'NONE', *, *, #5610, .T. ) ;
#9825 = VECTOR ( 'NONE', #6268, 1000.000000000000000 ) ;
#9826 = DIRECTION ( 'NONE',  ( -0.5735764363510473807, 0.8191520442889910214, 0.000000000000000000 ) ) ;
#9827 = ORIENTED_EDGE ( 'NONE', *, *, #5696, .T. ) ;
#9828 = DIRECTION ( 'NONE',  ( 0.000000000000000000, 0.000000000000000000, -1.000000000000000000 ) ) ;
#9829 = EDGE_LOOP ( 'NONE', ( #2733, #6477, #9833, #3077 ) ) ;
#9830 = ADVANCED_FACE ( 'NONE', ( #6804 ), #8247, .F. ) ;
#9831 = CARTESIAN_POINT ( 'NONE',  ( 5.799999999999998934, 5.650000000000001243, -4.500000000000000000 ) ) ;
#9832 = DIRECTION ( 'NONE',  ( -1.000000000000000000, 1.535153518563546084E-16, 0.000000000000000000 ) ) ;
#9833 = ORIENTED_EDGE ( 'NONE', *, *, #5247, .T. ) ;
#9834 = LINE ( 'NONE', #9651, #9722 ) ;
#9835 = AXIS2_PLACEMENT_3D ( 'NONE', #9786, #7872, #803 ) ;
#9836 = CARTESIAN_POINT ( 'NONE',  ( -6.649821042359578429E-17, 0.4999999999999993339, 0.000000000000000000 ) ) ;
#9837 = VECTOR ( 'NONE', #4663, 999.9999999999998863 ) ;
#9838 = VECTOR ( 'NONE', #5912, 1000.000000000000000 ) ;
#9839 = LINE ( 'NONE', #340, #2762 ) ;
#9840 = DIRECTION ( 'NONE',  ( 0.9396926207859082059, -0.3420201433256695456, 0.000000000000000000 ) ) ;
#9841 = EDGE_CURVE ( 'NONE', #2077, #1021, #2955, .T. ) ;
#9842 = DIRECTION ( 'NONE',  ( 0.000000000000000000, -1.000000000000000000, -0.000000000000000000 ) ) ;
#9843 = FACE_OUTER_BOUND ( 'NONE', #1108, .T. ) ;
#9844 = ORIENTED_EDGE ( 'NONE', *, *, #4971, .F. ) ;
#9845 = VERTEX_POINT ( 'NONE', #3170 ) ;
#9846 = ORIENTED_EDGE ( 'NONE', *, *, #9558, .F. ) ;
#9847 = CIRCLE ( 'NONE', #943, 0.5000000000000000000 ) ;
#9848 = EDGE_CURVE ( 'NONE', #7475, #4330, #2992, .T. ) ;
#9849 = CARTESIAN_POINT ( 'NONE',  ( 5.750000000000000000, 5.700000000000000178, -5.250000000000000000 ) ) ;
#9850 = CARTESIAN_POINT ( 'NONE',  ( 4.549999999999997158, 0.000000000000000000, 5.850000000000000533 ) ) ;
#9851 = ORIENTED_EDGE ( 'NONE', *, *, #10115, .T. ) ;
#9852 = CARTESIAN_POINT ( 'NONE',  ( 2.542012759203106320, 2.400000000000000355, -3.000000000000000000 ) ) ;
#9853 = ORIENTED_EDGE ( 'NONE', *, *, #5813, .T. ) ;
#9854 = CARTESIAN_POINT ( 'NONE',  ( -5.049999999999997158, 2.128355624055937206E-16, -6.700000000000000178 ) ) ;
#9855 = DIRECTION ( 'NONE',  ( 0.000000000000000000, 1.000000000000000000, 2.017120320903263702E-16 ) ) ;
#9856 = ORIENTED_EDGE ( 'NONE', *, *, #812, .F. ) ;
#9857 = DIRECTION ( 'NONE',  ( 3.614007241618348278E-16, 1.000000000000000000, 2.017120320903263702E-16 ) ) ;
#9858 = DIRECTION ( 'NONE',  ( -0.000000000000000000, -0.000000000000000000, -1.000000000000000000 ) ) ;
#9859 = LINE ( 'NONE', #56, #6435 ) ;
#9860 = MECHANICAL_DESIGN_GEOMETRIC_PRESENTATION_REPRESENTATION (  '', ( #3943 ), #1150 ) ;
#9861 = LINE ( 'NONE', #829, #9958 ) ;
#9862 = ORIENTED_EDGE ( 'NONE', *, *, #809, .T. ) ;
#9863 = ORIENTED_EDGE ( 'NONE', *, *, #2818, .F. ) ;
#9864 = CARTESIAN_POINT ( 'NONE',  ( 2.500000000000000444, 0.1000000000000016848, -7.049999999999999822 ) ) ;
#9865 = EDGE_CURVE ( 'NONE', #221, #209, #6824, .T. ) ;
#9866 = ORIENTED_EDGE ( 'NONE', *, *, #9127, .F. ) ;
#9867 = PLANE ( 'NONE',  #6753 ) ;
#9868 = LINE ( 'NONE', #6808, #2637 ) ;
#9869 = VERTEX_POINT ( 'NONE', #7309 ) ;
#9870 = ORIENTED_EDGE ( 'NONE', *, *, #6227, .F. ) ;
#9871 = AXIS2_PLACEMENT_3D ( 'NONE', #6762, #7531, #50 ) ;
#9872 = CARTESIAN_POINT ( 'NONE',  ( 0.000000000000000000, 0.000000000000000000, 1.000000000000000000 ) ) ;
#9873 = ORIENTED_EDGE ( 'NONE', *, *, #2177, .F. ) ;
#9874 = DIRECTION ( 'NONE',  ( 0.7660444431189813441, 0.6427876096865353661, -5.575293782951149186E-15 ) ) ;
#9875 = CARTESIAN_POINT ( 'NONE',  ( 0.000000000000000000, 0.000000000000000000, 0.000000000000000000 ) ) ;
#9876 = CARTESIAN_POINT ( 'NONE',  ( -5.049999999999997158, 0.1000000000000001721, 2.000000000000000000 ) ) ;
#9877 = CARTESIAN_POINT ( 'NONE',  ( 5.699999999999996625, 0.09999999999999971412, 3.000000000000000444 ) ) ;
#9878 = DIRECTION ( 'NONE',  ( 0.000000000000000000, -1.000000000000000000, -0.000000000000000000 ) ) ;
#9879 = ADVANCED_FACE ( 'NONE', ( #6893 ), #9007, .F. ) ;
#9880 = VECTOR ( 'NONE', #3183, 1000.000000000000000 ) ;
#9881 = VECTOR ( 'NONE', #1958, 1000.000000000000000 ) ;
#9882 = SURFACE_STYLE_FILL_AREA ( #6984 ) ;
#9883 = DIRECTION ( 'NONE',  ( 0.000000000000000000, -1.000000000000000000, -2.460132057943349518E-16 ) ) ;
#9884 = VECTOR ( 'NONE', #9789, 1000.000000000000000 ) ;
#9885 = DIRECTION ( 'NONE',  ( 1.000000000000000000, 0.000000000000000000, 0.000000000000000000 ) ) ;
#9886 = VERTEX_POINT ( 'NONE', #4172 ) ;
#9887 = DIRECTION ( 'NONE',  ( -1.535153518563546084E-16, 1.000000000000000000, 0.000000000000000000 ) ) ;
#9888 = ORIENTED_EDGE ( 'NONE', *, *, #1603, .T. ) ;
#9889 = CIRCLE ( 'NONE', #7204, 0.2000000000000007327 ) ;
#9890 = VERTEX_POINT ( 'NONE', #1635 ) ;
#9891 = EDGE_CURVE ( 'NONE', #7642, #2538, #6518, .T. ) ;
#9892 = VERTEX_POINT ( 'NONE', #7455 ) ;
#9893 = CARTESIAN_POINT ( 'NONE',  ( -6.999999999999997335, -2.034757436496875016, 1.000000000000000000 ) ) ;
#9894 = AXIS2_PLACEMENT_3D ( 'NONE', #2929, #4577, #7046 ) ;
#9895 = ORIENTED_EDGE ( 'NONE', *, *, #1601, .T. ) ;
#9896 = CARTESIAN_POINT ( 'NONE',  ( -2.500000000000000000, -3.099999999999997424, -6.800000000000002487 ) ) ;
#9897 = CARTESIAN_POINT ( 'NONE',  ( 5.049999999999997158, 0.5000000000000002220, 3.000000000000000000 ) ) ;
#9898 = CARTESIAN_POINT ( 'NONE',  ( 1.734723475976807094E-15, 5.700000000000000178, 6.500000000000000888 ) ) ;
#9899 = VECTOR ( 'NONE', #3813, 1000.000000000000000 ) ;
#9900 = EDGE_CURVE ( 'NONE', #1520, #5916, #10101, .T. ) ;
#9901 = CARTESIAN_POINT ( 'NONE',  ( -0.4000000000000001887, 2.504411906293519507, 7.549999999999999822 ) ) ;
#9902 = VECTOR ( 'NONE', #5781, 1000.000000000000000 ) ;
#9903 = CARTESIAN_POINT ( 'NONE',  ( -4.250000000000000000, 6.550000000000000711, 5.099999999999999645 ) ) ;
#9904 = ADVANCED_FACE ( 'NONE', ( #3006 ), #7170, .T. ) ;
#9905 = EDGE_LOOP ( 'NONE', ( #6837, #5402, #3444, #3114, #6906, #10213 ) ) ;
#9906 = ORIENTED_EDGE ( 'NONE', *, *, #7154, .F. ) ;
#9907 = AXIS2_PLACEMENT_3D ( 'NONE', #1737, #7478, #9370 ) ;
#9908 = LINE ( 'NONE', #7362, #2772 ) ;
#9909 = EDGE_LOOP ( 'NONE', ( #10041, #1200, #628, #955 ) ) ;
#9910 = DIRECTION ( 'NONE',  ( 1.000000000000000000, 0.000000000000000000, 0.000000000000000000 ) ) ;
#9911 = CARTESIAN_POINT ( 'NONE',  ( -6.514715287270208322, -2.198587845354674108, 1.000000000000000000 ) ) ;
#9912 = CARTESIAN_POINT ( 'NONE',  ( 5.499999999999996447, 1.000000000000000000, -6.400000000000000355 ) ) ;
#9913 = ORIENTED_EDGE ( 'NONE', *, *, #3033, .T. ) ;
#9914 = AXIS2_PLACEMENT_3D ( 'NONE', #5273, #6084, #10071 ) ;
#9915 = AXIS2_PLACEMENT_3D ( 'NONE', #8576, #8642, #10440 ) ;
#9916 = PRODUCT_DEFINITION_SHAPE ( 'NONE', 'NONE',  #800 ) ;
#9917 = CARTESIAN_POINT ( 'NONE',  ( -5.799999999999998934, 3.100000000000000533, 5.250000000000000000 ) ) ;
#9918 = VECTOR ( 'NONE', #8399, 1000.000000000000000 ) ;
#9919 = LINE ( 'NONE', #6776, #9817 ) ;
#9920 = EDGE_CURVE ( 'NONE', #8353, #9477, #3647, .T. ) ;
#9921 = VECTOR ( 'NONE', #7003, 1000.000000000000000 ) ;
#9922 = VERTEX_POINT ( 'NONE', #3563 ) ;
#9923 = ORIENTED_EDGE ( 'NONE', *, *, #10143, .T. ) ;
#9924 = VECTOR ( 'NONE', #1466, 1000.000000000000000 ) ;
#9925 = DIRECTION ( 'NONE',  ( 0.7660444431189813441, -0.6427876096865353661, 0.000000000000000000 ) ) ;
#9926 = ORIENTED_EDGE ( 'NONE', *, *, #6542, .T. ) ;
#9927 = CARTESIAN_POINT ( 'NONE',  ( 6.200000000000000178, 2.100000000000000089, 1.000000000000000000 ) ) ;
#9928 = AXIS2_PLACEMENT_3D ( 'NONE', #1258, #9692, #637 ) ;
#9929 = ORIENTED_EDGE ( 'NONE', *, *, #885, .F. ) ;
#9930 = ADVANCED_FACE ( 'NONE', ( #10476 ), #10539, .T. ) ;
#9931 = CARTESIAN_POINT ( 'NONE',  ( 2.500942654747430716, 29.66824025516126184, 1.331759744838737047 ) ) ;
#9932 = DIRECTION ( 'NONE',  ( 0.000000000000000000, 1.000000000000000000, 0.000000000000000000 ) ) ;
#9933 = ORIENTED_EDGE ( 'NONE', *, *, #6545, .F. ) ;
#9934 = PLANE ( 'NONE',  #7558 ) ;
#9935 = CARTESIAN_POINT ( 'NONE',  ( -1.983582586957798544, 0.02086324578292339874, -6.800000000000001599 ) ) ;
#9936 = AXIS2_PLACEMENT_3D ( 'NONE', #5384, #8750, #1389 ) ;
#9937 = CIRCLE ( 'NONE', #5920, 0.4250000000000000444 ) ;
#9938 = CIRCLE ( 'NONE', #1549, 0.1499999999999999667 ) ;
#9939 = CIRCLE ( 'NONE', #9623, 0.2000000000000007327 ) ;
#9940 = ORIENTED_EDGE ( 'NONE', *, *, #2620, .T. ) ;
#9941 = EDGE_CURVE ( 'NONE', #5521, #8559, #10521, .T. ) ;
#9942 = ORIENTED_EDGE ( 'NONE', *, *, #5876, .F. ) ;
#9943 = CARTESIAN_POINT ( 'NONE',  ( 5.799999999999996270, 2.100000000000000089, -1.000000000000000000 ) ) ;
#9944 = ORIENTED_EDGE ( 'NONE', *, *, #9865, .T. ) ;
#9945 = CARTESIAN_POINT ( 'NONE',  ( -4.250000000000000000, 6.550000000000000711, 5.099999999999999645 ) ) ;
#9946 = CIRCLE ( 'NONE', #690, 0.4000000000000001887 ) ;
#9947 = EDGE_CURVE ( 'NONE', #1658, #1933, #104, .T. ) ;
#9948 = ORIENTED_EDGE ( 'NONE', *, *, #6212, .T. ) ;
#9949 = DIRECTION ( 'NONE',  ( 0.000000000000000000, 0.000000000000000000, -1.000000000000000000 ) ) ;
#9950 = EDGE_CURVE ( 'NONE', #2479, #9703, #3661, .T. ) ;
#9951 = ORIENTED_EDGE ( 'NONE', *, *, #6031, .F. ) ;
#9952 = DIRECTION ( 'NONE',  ( 0.3420201433256695456, 0.9396926207859082059, 4.162948602181157199E-17 ) ) ;
#9953 = CARTESIAN_POINT ( 'NONE',  ( 6.200000000000000178, 2.100000000000000089, -1.000000000000000000 ) ) ;
#9954 = CARTESIAN_POINT ( 'NONE',  ( 3.299999999999999822, 2.999999999999998224, 6.349999999999997868 ) ) ;
#9955 = ADVANCED_FACE ( 'NONE', ( #3725 ), #3398, .T. ) ;
#9956 = CARTESIAN_POINT ( 'NONE',  ( -1.700000000000000178, 2.650000000000000799, 7.549999999999999822 ) ) ;
#9957 = CYLINDRICAL_SURFACE ( 'NONE', #722, 0.1499999999999999944 ) ;
#9958 = VECTOR ( 'NONE', #2556, 999.9999999999998863 ) ;
#9959 = PLANE ( 'NONE',  #3265 ) ;
#9960 = ORIENTED_EDGE ( 'NONE', *, *, #2507, .T. ) ;
#9961 = DIRECTION ( 'NONE',  ( -1.000000000000000000, 0.000000000000000000, 0.000000000000000000 ) ) ;
#9962 = ORIENTED_EDGE ( 'NONE', *, *, #9034, .T. ) ;
#9963 = AXIS2_PLACEMENT_3D ( 'NONE', #3389, #6047, #3572 ) ;
#9964 = EDGE_LOOP ( 'NONE', ( #6647, #4278, #7616, #422, #10518, #3942, #4701, #7884 ) ) ;
#9965 = VECTOR ( 'NONE', #5178, 1000.000000000000114 ) ;
#9966 = VERTEX_POINT ( 'NONE', #10023 ) ;
#9967 = VERTEX_POINT ( 'NONE', #1160 ) ;
#9968 = CARTESIAN_POINT ( 'NONE',  ( 5.599999999999996092, 5.700000000000000178, -6.400000000000000355 ) ) ;
#9969 = ORIENTED_EDGE ( 'NONE', *, *, #9600, .T. ) ;
#9970 = DIRECTION ( 'NONE',  ( 0.000000000000000000, 0.000000000000000000, -1.000000000000000000 ) ) ;
#9971 = PLANE ( 'NONE',  #7337 ) ;
#9972 = EDGE_CURVE ( 'NONE', #758, #5211, #3710, .T. ) ;
#9973 = DIRECTION ( 'NONE',  ( -0.7071067811865489050, 0.000000000000000000, -0.7071067811865462405 ) ) ;
#9974 = CIRCLE ( 'NONE', #7131, 0.1999999999999996503 ) ;
#9975 = DIRECTION ( 'NONE',  ( -0.000000000000000000, 0.000000000000000000, -1.000000000000000000 ) ) ;
#9976 = DIRECTION ( 'NONE',  ( 0.000000000000000000, 0.000000000000000000, 1.000000000000000000 ) ) ;
#9977 = PLANE ( 'NONE',  #4979 ) ;
#9978 = ORIENTED_EDGE ( 'NONE', *, *, #9990, .F. ) ;
#9979 = ORIENTED_EDGE ( 'NONE', *, *, #4872, .F. ) ;
#9980 = ORIENTED_EDGE ( 'NONE', *, *, #7363, .T. ) ;
#9981 = FACE_OUTER_BOUND ( 'NONE', #1979, .T. ) ;
#9982 =( NAMED_UNIT ( * ) SI_UNIT ( $, .STERADIAN. ) SOLID_ANGLE_UNIT ( ) );
#9983 = VERTEX_POINT ( 'NONE', #6168 ) ;
#9984 = AXIS2_PLACEMENT_3D ( 'NONE', #9630, #3294, #3146 ) ;
#9985 = DIRECTION ( 'NONE',  ( 0.000000000000000000, 0.000000000000000000, -1.000000000000000000 ) ) ;
#9986 = ORIENTED_EDGE ( 'NONE', *, *, #7059, .T. ) ;
#9987 = DIRECTION ( 'NONE',  ( 0.000000000000000000, 0.000000000000000000, 1.000000000000000000 ) ) ;
#9988 = CARTESIAN_POINT ( 'NONE',  ( 2.500000000000000444, 0.1500000000000024647, -7.200000000000000178 ) ) ;
#9989 = VERTEX_POINT ( 'NONE', #3503 ) ;
#9990 = EDGE_CURVE ( 'NONE', #8759, #3224, #3351, .T. ) ;
#9991 = CYLINDRICAL_SURFACE ( 'NONE', #9963, 0.5999999999999989786 ) ;
#9992 = EDGE_CURVE ( 'NONE', #7342, #8733, #253, .T. ) ;
#9993 = CARTESIAN_POINT ( 'NONE',  ( 3.880824640740575759, 0.4999999999999995559, 3.000000000000000000 ) ) ;
#9994 = LINE ( 'NONE', #3024, #9837 ) ;
#9995 = VECTOR ( 'NONE', #8124, 1000.000000000000000 ) ;
#9996 = DIRECTION ( 'NONE',  ( 0.000000000000000000, 0.000000000000000000, -1.000000000000000000 ) ) ;
#9997 = FACE_OUTER_BOUND ( 'NONE', #9253, .T. ) ;
#9998 = ORIENTED_EDGE ( 'NONE', *, *, #9106, .F. ) ;
#9999 = CARTESIAN_POINT ( 'NONE',  ( -6.744145861810626918, -2.526248663070270073, 1.000000000000000000 ) ) ;
#10000 = ADVANCED_FACE ( 'NONE', ( #3743 ), #6037, .F. ) ;
#10001 = ORIENTED_EDGE ( 'NONE', *, *, #3081, .T. ) ;
#10002 = ORIENTED_EDGE ( 'NONE', *, *, #349, .T. ) ;
#10003 = LINE ( 'NONE', #9628, #9697 ) ;
#10004 = DIRECTION ( 'NONE',  ( -0.000000000000000000, -0.000000000000000000, -1.000000000000000000 ) ) ;
#10005 = CARTESIAN_POINT ( 'NONE',  ( 3.880824640740575759, 0.4999999999999995559, 4.500000000000000888 ) ) ;
#10006 = ORIENTED_EDGE ( 'NONE', *, *, #4177, .T. ) ;
#10007 = DIRECTION ( 'NONE',  ( 1.000000000000000000, 1.341711765540131426E-16, 0.000000000000000000 ) ) ;
#10008 = ORIENTED_EDGE ( 'NONE', *, *, #2311, .F. ) ;
#10009 = PLANE ( 'NONE',  #3666 ) ;
#10010 = DIRECTION ( 'NONE',  ( -0.000000000000000000, -1.000000000000000000, -0.000000000000000000 ) ) ;
#10011 = ORIENTED_EDGE ( 'NONE', *, *, #5944, .T. ) ;
#10012 = DIRECTION ( 'NONE',  ( -1.000000000000000000, -0.000000000000000000, -0.000000000000000000 ) ) ;
#10013 = DIRECTION ( 'NONE',  ( 0.9396926207859082059, -0.3420201433256695456, 0.000000000000000000 ) ) ;
#10014 = EDGE_CURVE ( 'NONE', #3559, #3090, #3815, .T. ) ;
#10015 = VECTOR ( 'NONE', #8540, 1000.000000000000000 ) ;
#10016 = LINE ( 'NONE', #10382, #6488 ) ;
#10017 = CIRCLE ( 'NONE', #8592, 0.1000000000000002554 ) ;
#10018 = AXIS2_PLACEMENT_3D ( 'NONE', #2626, #4973, #3476 ) ;
#10019 = VECTOR ( 'NONE', #8505, 1000.000000000000000 ) ;
#10020 = PLANE ( 'NONE',  #10569 ) ;
#10021 = VERTEX_POINT ( 'NONE', #2665 ) ;
#10022 = ORIENTED_EDGE ( 'NONE', *, *, #8846, .T. ) ;
#10023 = CARTESIAN_POINT ( 'NONE',  ( -5.750000000000000000, 6.099999999999999645, 5.250000000000000000 ) ) ;
#10024 = LINE ( 'NONE', #5129, #2603 ) ;
#10025 = ORIENTED_EDGE ( 'NONE', *, *, #8366, .F. ) ;
#10026 = ORIENTED_EDGE ( 'NONE', *, *, #5243, .T. ) ;
#10027 = ADVANCED_FACE ( 'NONE', ( #7325 ), #1231, .T. ) ;
#10028 = DIRECTION ( 'NONE',  ( -1.000000000000000000, -0.000000000000000000, -0.000000000000000000 ) ) ;
#10029 = ORIENTED_EDGE ( 'NONE', *, *, #9175, .F. ) ;
#10030 = DIRECTION ( 'NONE',  ( 1.327027319204863784E-16, -1.000000000000000000, -0.000000000000000000 ) ) ;
#10031 = DIRECTION ( 'NONE',  ( 1.000000000000000000, 0.000000000000000000, 0.000000000000000000 ) ) ;
#10032 = DIRECTION ( 'NONE',  ( 0.000000000000000000, 2.017120320903263702E-16, -1.000000000000000000 ) ) ;
#10033 = DIRECTION ( 'NONE',  ( 0.000000000000000000, -1.000000000000000000, 0.000000000000000000 ) ) ;
#10034 = VECTOR ( 'NONE', #1168, 1000.000000000000000 ) ;
#10035 = DIRECTION ( 'NONE',  ( -1.000000000000000000, -0.000000000000000000, 0.000000000000000000 ) ) ;
#10036 = VECTOR ( 'NONE', #5351, 1000.000000000000000 ) ;
#10037 = DIRECTION ( 'NONE',  ( 0.000000000000000000, 0.000000000000000000, -1.000000000000000000 ) ) ;
#10038 = DIRECTION ( 'NONE',  ( -1.000000000000000000, -0.000000000000000000, -0.000000000000000000 ) ) ;
#10039 = AXIS2_PLACEMENT_3D ( 'NONE', #8011, #9577, #3726 ) ;
#10040 = EDGE_LOOP ( 'NONE', ( #6265, #724, #2756, #3047 ) ) ;
#10041 = ORIENTED_EDGE ( 'NONE', *, *, #6957, .T. ) ;
#10042 = CIRCLE ( 'NONE', #3875, 0.4000000000000001887 ) ;
#10043 = VERTEX_POINT ( 'NONE', #7602 ) ;
#10044 = EDGE_CURVE ( 'NONE', #6100, #240, #142, .T. ) ;
#10045 = ORIENTED_EDGE ( 'NONE', *, *, #8657, .F. ) ;
#10046 = PLANE ( 'NONE',  #8380 ) ;
#10047 = ORIENTED_EDGE ( 'NONE', *, *, #1760, .F. ) ;
#10048 = CARTESIAN_POINT ( 'NONE',  ( -4.250000000000000000, 6.700000000000000178, 5.674999999999998046 ) ) ;
#10049 = CARTESIAN_POINT ( 'NONE',  ( 2.100000000000000089, 2.504411906293520396, -6.200000000000001954 ) ) ;
#10050 = CARTESIAN_POINT ( 'NONE',  ( 2.299999999999999378, -2.299999999999998046, -7.050000000000002487 ) ) ;
#10051 = LINE ( 'NONE', #4191, #2962 ) ;
#10052 = AXIS2_PLACEMENT_3D ( 'NONE', #5994, #8332, #7629 ) ;
#10053 = CARTESIAN_POINT ( 'NONE',  ( 2.542012759203106320, 0.1000000000000001721, -3.000000000000000000 ) ) ;
#10054 = FACE_OUTER_BOUND ( 'NONE', #1043, .T. ) ;
#10055 = LINE ( 'NONE', #10154, #6360 ) ;
#10056 = ORIENTED_EDGE ( 'NONE', *, *, #4266, .F. ) ;
#10057 = ORIENTED_EDGE ( 'NONE', *, *, #563, .F. ) ;
#10058 = LINE ( 'NONE', #5344, #6789 ) ;
#10059 = AXIS2_PLACEMENT_3D ( 'NONE', #10349, #3585, #4486 ) ;
#10060 = CARTESIAN_POINT ( 'NONE',  ( -4.250000000000000000, 6.550000000000000711, -4.524999999999999467 ) ) ;
#10061 = EDGE_CURVE ( 'NONE', #7983, #4511, #3781, .T. ) ;
#10062 = VERTEX_POINT ( 'NONE', #7678 ) ;
#10063 = DIRECTION ( 'NONE',  ( -3.614007241618348278E-16, -1.000000000000000000, 1.153875183674998759E-16 ) ) ;
#10064 = VERTEX_POINT ( 'NONE', #10173 ) ;
#10065 = DIRECTION ( 'NONE',  ( -0.9396926207859082059, 0.3420201433256695456, 0.000000000000000000 ) ) ;
#10066 = EDGE_CURVE ( 'NONE', #6199, #7790, #6996, .T. ) ;
#10067 = VERTEX_POINT ( 'NONE', #8524 ) ;
#10068 = EDGE_CURVE ( 'NONE', #2479, #4984, #3414, .T. ) ;
#10069 = VECTOR ( 'NONE', #8299, 1000.000000000000000 ) ;
#10070 = ADVANCED_FACE ( 'NONE', ( #3595 ), #7143, .T. ) ;
#10071 = DIRECTION ( 'NONE',  ( -1.000000000000000000, 0.000000000000000000, 0.000000000000000000 ) ) ;
#10072 = DIRECTION ( 'NONE',  ( 0.000000000000000000, 1.000000000000000000, 0.000000000000000000 ) ) ;
#10073 = FACE_OUTER_BOUND ( 'NONE', #3295, .T. ) ;
#10074 = DIRECTION ( 'NONE',  ( 0.000000000000000000, 0.000000000000000000, 1.000000000000000000 ) ) ;
#10075 = EDGE_LOOP ( 'NONE', ( #6792, #6250, #9851, #6065 ) ) ;
#10076 = CIRCLE ( 'NONE', #9182, 0.1499999999999999667 ) ;
#10077 = CARTESIAN_POINT ( 'NONE',  ( -3.299999999999999822, 2.949999999999998845, 7.299999999999999822 ) ) ;
#10078 = CARTESIAN_POINT ( 'NONE',  ( -5.049999999999997158, 2.128355624055937206E-16, -6.700000000000000178 ) ) ;
#10079 = DIRECTION ( 'NONE',  ( 1.000000000000000000, 0.000000000000000000, -0.000000000000000000 ) ) ;
#10080 = ORIENTED_EDGE ( 'NONE', *, *, #5774, .T. ) ;
#10081 = EDGE_LOOP ( 'NONE', ( #4302, #8765, #8471, #4660 ) ) ;
#10082 = AXIS2_PLACEMENT_3D ( 'NONE', #10241, #6956, #103 ) ;
#10083 = EDGE_CURVE ( 'NONE', #10553, #6691, #237, .T. ) ;
#10084 = CARTESIAN_POINT ( 'NONE',  ( 5.799999999999998934, 5.650000000000001243, 5.250000000000000000 ) ) ;
#10085 = CARTESIAN_POINT ( 'NONE',  ( -0.05000000000000056483, 0.09999999999999974187, 7.699999999999997513 ) ) ;
#10086 = ORIENTED_EDGE ( 'NONE', *, *, #10426, .F. ) ;
#10087 = CARTESIAN_POINT ( 'NONE',  ( 1.734723475976807094E-15, 0.000000000000000000, -4.500000000000000000 ) ) ;
#10088 = EDGE_CURVE ( 'NONE', #6392, #5228, #3365, .T. ) ;
#10089 = DIRECTION ( 'NONE',  ( -1.000000000000000000, 0.000000000000000000, 0.000000000000000000 ) ) ;
#10090 = LINE ( 'NONE', #1697, #10069 ) ;
#10091 = EDGE_CURVE ( 'NONE', #4627, #562, #6970, .T. ) ;
#10092 = COLOUR_RGB ( '',0.7921568627450980005, 0.8196078431372548767, 0.9333333333333333481 ) ;
#10093 = VECTOR ( 'NONE', #4869, 1000.000000000000000 ) ;
#10094 = ORIENTED_EDGE ( 'NONE', *, *, #6230, .F. ) ;
#10095 = ADVANCED_FACE ( 'NONE', ( #7203 ), #10503, .T. ) ;
#10096 = EDGE_CURVE ( 'NONE', #7137, #3012, #3677, .T. ) ;
#10097 = DIRECTION ( 'NONE',  ( -1.000000000000000000, -0.000000000000000000, 0.000000000000000000 ) ) ;
#10098 = VERTEX_POINT ( 'NONE', #6403 ) ;
#10099 = ORIENTED_EDGE ( 'NONE', *, *, #4820, .F. ) ;
#10100 = CARTESIAN_POINT ( 'NONE',  ( -1.734723475976807094E-15, 0.000000000000000000, 5.850000000000000533 ) ) ;
#10101 = CIRCLE ( 'NONE', #7317, 0.2000000000000007327 ) ;
#10102 = VERTEX_POINT ( 'NONE', #685 ) ;
#10103 = ORIENTED_EDGE ( 'NONE', *, *, #4241, .T. ) ;
#10104 = VERTEX_POINT ( 'NONE', #9539 ) ;
#10105 = CARTESIAN_POINT ( 'NONE',  ( -6.199999999999999289, 3.100000000000000089, -5.250000000000000000 ) ) ;
#10106 = ORIENTED_EDGE ( 'NONE', *, *, #10592, .F. ) ;
#10107 = DIRECTION ( 'NONE',  ( 0.000000000000000000, -1.000000000000000000, 8.673617379883977096E-15 ) ) ;
#10108 = DIRECTION ( 'NONE',  ( -1.000000000000000000, 0.000000000000000000, 0.000000000000000000 ) ) ;
#10109 = CARTESIAN_POINT ( 'NONE',  ( 3.299999999999999822, 0.8000000000000001554, -6.750000000000001776 ) ) ;
#10110 = CARTESIAN_POINT ( 'NONE',  ( -5.799999999999996270, 0.1000000000000001721, -2.000000000000000000 ) ) ;
#10111 = VECTOR ( 'NONE', #2102, 1000.000000000000000 ) ;
#10112 = AXIS2_PLACEMENT_3D ( 'NONE', #3927, #5548, #7853 ) ;
#10113 = FACE_OUTER_BOUND ( 'NONE', #5695, .T. ) ;
#10114 = CARTESIAN_POINT ( 'NONE',  ( -1.699999999999999956, 1.100000000000000089, -5.850000000000000533 ) ) ;
#10115 = EDGE_CURVE ( 'NONE', #4824, #2167, #7156, .T. ) ;
#10116 = ORIENTED_EDGE ( 'NONE', *, *, #6408, .T. ) ;
#10117 = CARTESIAN_POINT ( 'NONE',  ( -2.499999999999999556, 0.1500000000000024647, -7.200000000000000178 ) ) ;
#10118 = DIRECTION ( 'NONE',  ( 0.000000000000000000, -0.000000000000000000, 1.000000000000000000 ) ) ;
#10119 = ORIENTED_EDGE ( 'NONE', *, *, #6993, .F. ) ;
#10120 = ORIENTED_EDGE ( 'NONE', *, *, #7101, .T. ) ;
#10121 = EDGE_CURVE ( 'NONE', #6938, #2099, #10457, .T. ) ;
#10122 = ORIENTED_EDGE ( 'NONE', *, *, #2280, .F. ) ;
#10123 = ORIENTED_EDGE ( 'NONE', *, *, #4226, .T. ) ;
#10124 = ADVANCED_FACE ( 'NONE', ( #7254 ), #3460, .T. ) ;
#10125 = DIRECTION ( 'NONE',  ( -1.000000000000000000, 0.000000000000000000, 0.000000000000000000 ) ) ;
#10126 = ORIENTED_EDGE ( 'NONE', *, *, #9538, .F. ) ;
#10127 = DIRECTION ( 'NONE',  ( -3.614007241618348278E-16, -1.000000000000000000, -2.017120320903263702E-16 ) ) ;
#10128 = DIRECTION ( 'NONE',  ( 0.000000000000000000, 0.000000000000000000, 1.000000000000000000 ) ) ;
#10129 = VECTOR ( 'NONE', #9769, 1000.000000000000000 ) ;
#10130 = STYLED_ITEM ( 'NONE', ( #2803 ), #3425 ) ;
#10131 = DIRECTION ( 'NONE',  ( 0.000000000000000000, 0.000000000000000000, 1.000000000000000000 ) ) ;
#10132 = VERTEX_POINT ( 'NONE', #6549 ) ;
#10133 = EDGE_CURVE ( 'NONE', #3469, #550, #201, .T. ) ;
#10134 = VERTEX_POINT ( 'NONE', #827 ) ;
#10135 = ORIENTED_EDGE ( 'NONE', *, *, #60, .T. ) ;
#10136 = ORIENTED_EDGE ( 'NONE', *, *, #5126, .T. ) ;
#10137 = LINE ( 'NONE', #2939, #3225 ) ;
#10138 = DIRECTION ( 'NONE',  ( -1.807003620809174139E-16, 1.000000000000000000, 3.614007241618348278E-16 ) ) ;
#10139 = ORIENTED_EDGE ( 'NONE', *, *, #5535, .F. ) ;
#10140 = DIRECTION ( 'NONE',  ( 1.000000000000000000, 0.000000000000000000, 0.000000000000000000 ) ) ;
#10141 = ORIENTED_EDGE ( 'NONE', *, *, #9266, .T. ) ;
#10142 = CARTESIAN_POINT ( 'NONE',  ( -2.499999999999999556, 0.6999999999999998446, 7.549999999999999822 ) ) ;
#10143 = EDGE_CURVE ( 'NONE', #3330, #2011, #7016, .T. ) ;
#10144 = EDGE_LOOP ( 'NONE', ( #3263, #5491, #8567, #7950 ) ) ;
#10145 = ORIENTED_EDGE ( 'NONE', *, *, #7864, .T. ) ;
#10146 = LINE ( 'NONE', #5140, #10243 ) ;
#10147 = CARTESIAN_POINT ( 'NONE',  ( 5.799999999999996270, 0.5000000000000000000, 3.000000000000000000 ) ) ;
#10148 = LINE ( 'NONE', #9060, #6831 ) ;
#10149 = DIRECTION ( 'NONE',  ( 1.000000000000000000, 0.000000000000000000, 0.000000000000000000 ) ) ;
#10150 = VECTOR ( 'NONE', #1211, 1000.000000000000000 ) ;
#10151 = APPLICATION_PROTOCOL_DEFINITION ( 'draft international standard', 'automotive_design', 1998, #2713 ) ;
#10152 = ORIENTED_EDGE ( 'NONE', *, *, #9891, .F. ) ;
#10153 = ORIENTED_EDGE ( 'NONE', *, *, #1401, .T. ) ;
#10154 = CARTESIAN_POINT ( 'NONE',  ( 2.542012759203106320, 0.1000000000000001721, 2.000000000000000000 ) ) ;
#10155 = CARTESIAN_POINT ( 'NONE',  ( 6.199999999999999289, 5.650000000000001243, 5.250000000000000000 ) ) ;
#10156 = VERTEX_POINT ( 'NONE', #8736 ) ;
#10157 = EDGE_CURVE ( 'NONE', #5201, #896, #3627, .T. ) ;
#10158 = DIRECTION ( 'NONE',  ( 1.000000000000000000, -0.000000000000000000, -0.000000000000000000 ) ) ;
#10159 = ORIENTED_EDGE ( 'NONE', *, *, #3538, .F. ) ;
#10160 = ORIENTED_EDGE ( 'NONE', *, *, #481, .T. ) ;
#10161 = PLANE ( 'NONE',  #2541 ) ;
#10162 = PLANE ( 'NONE',  #7306 ) ;
#10163 = AXIS2_PLACEMENT_3D ( 'NONE', #4855, #939, #10612 ) ;
#10164 = VERTEX_POINT ( 'NONE', #3117 ) ;
#10165 = CARTESIAN_POINT ( 'NONE',  ( -2.900000000000000355, -3.100000000000000089, 6.699999999999999289 ) ) ;
#10166 = CARTESIAN_POINT ( 'NONE',  ( -5.049999999999997158, 0.1000000000000001721, 2.000000000000000000 ) ) ;
#10167 = VECTOR ( 'NONE', #1539, 1000.000000000000000 ) ;
#10168 = ADVANCED_FACE ( 'NONE', ( #3762 ), #8192, .F. ) ;
#10169 = CIRCLE ( 'NONE', #2434, 0.2999999999999999334 ) ;
#10170 = LINE ( 'NONE', #298, #10036 ) ;
#10171 = VERTEX_POINT ( 'NONE', #4817 ) ;
#10172 = VERTEX_POINT ( 'NONE', #9666 ) ;
#10173 = CARTESIAN_POINT ( 'NONE',  ( -5.049999999999997158, 0.1000000000000001721, -2.000000000000000000 ) ) ;
#10174 = VERTEX_POINT ( 'NONE', #9807 ) ;
#10175 = VERTEX_POINT ( 'NONE', #3898 ) ;
#10176 = ORIENTED_EDGE ( 'NONE', *, *, #2227, .T. ) ;
#10177 = CARTESIAN_POINT ( 'NONE',  ( 5.799999999999996270, 0.000000000000000000, 6.700000000000000178 ) ) ;
#10178 = VERTEX_POINT ( 'NONE', #752 ) ;
#10179 = PLANE ( 'NONE',  #926 ) ;
#10180 = CARTESIAN_POINT ( 'NONE',  ( 3.850000000000000089, 1.000000000000000000, -6.700000000000000178 ) ) ;
#10181 = DIRECTION ( 'NONE',  ( 0.000000000000000000, 0.000000000000000000, -1.000000000000000000 ) ) ;
#10182 = AXIS2_PLACEMENT_3D ( 'NONE', #10605, #782, #2448 ) ;
#10183 = CARTESIAN_POINT ( 'NONE',  ( 3.880824640740575759, 0.09999999999999990841, 4.500000000000000888 ) ) ;
#10184 = FACE_OUTER_BOUND ( 'NONE', #4714, .T. ) ;
#10185 = DIRECTION ( 'NONE',  ( 1.000000000000000000, 0.000000000000000000, 0.000000000000000000 ) ) ;
#10186 = EDGE_CURVE ( 'NONE', #7342, #6351, #7344, .T. ) ;
#10187 = VECTOR ( 'NONE', #6927, 1000.000000000000114 ) ;
#10188 = CARTESIAN_POINT ( 'NONE',  ( 5.599999999999996092, 5.700000000000000178, 6.400000000000000355 ) ) ;
#10189 = ADVANCED_FACE ( 'NONE', ( #517 ), #4056, .T. ) ;
#10190 = CARTESIAN_POINT ( 'NONE',  ( -5.599999999999996092, 5.500000000000000888, -6.400000000000000355 ) ) ;
#10191 = VERTEX_POINT ( 'NONE', #7070 ) ;
#10192 = ORIENTED_EDGE ( 'NONE', *, *, #7835, .F. ) ;
#10193 = LINE ( 'NONE', #502, #10410 ) ;
#10194 = ORIENTED_EDGE ( 'NONE', *, *, #77, .T. ) ;
#10195 = AXIS2_PLACEMENT_3D ( 'NONE', #7093, #8073, #9567 ) ;
#10196 = VERTEX_POINT ( 'NONE', #9733 ) ;
#10197 = ORIENTED_EDGE ( 'NONE', *, *, #2548, .F. ) ;
#10198 = DIRECTION ( 'NONE',  ( -0.000000000000000000, 1.000000000000000000, 2.017120320903263702E-16 ) ) ;
#10199 = CARTESIAN_POINT ( 'NONE',  ( -6.236169591142200375, -0.7547152872702095339, -1.000000000000000000 ) ) ;
#10200 = DIRECTION ( 'NONE',  ( -1.000000000000000000, -1.327027319204863784E-16, 0.000000000000000000 ) ) ;
#10201 = VECTOR ( 'NONE', #5835, 1000.000000000000114 ) ;
#10202 = AXIS2_PLACEMENT_3D ( 'NONE', #5077, #5823, #2664 ) ;
#10203 = AXIS2_PLACEMENT_3D ( 'NONE', #8298, #3154, #3994 ) ;
#10204 = PLANE ( 'NONE',  #4848 ) ;
#10205 = ORIENTED_EDGE ( 'NONE', *, *, #1138, .T. ) ;
#10206 = EDGE_CURVE ( 'NONE', #3224, #6143, #7453, .T. ) ;
#10207 = CLOSED_SHELL ( 'NONE', ( #363, #9904, #2588, #2999, #10095, #7121 ) ) ;
#10208 = ORIENTED_EDGE ( 'NONE', *, *, #5163, .T. ) ;
#10209 = VECTOR ( 'NONE', #3244, 1000.000000000000000 ) ;
#10210 = CARTESIAN_POINT ( 'NONE',  ( 6.399999999999998579, -0.6400000000000000133, -1.000000000000000000 ) ) ;
#10211 = EDGE_CURVE ( 'NONE', #5501, #5027, #444, .T. ) ;
#10212 = EDGE_LOOP ( 'NONE', ( #8798, #10219, #874, #3173 ) ) ;
#10213 = ORIENTED_EDGE ( 'NONE', *, *, #7049, .T. ) ;
#10214 = DIRECTION ( 'NONE',  ( -0.000000000000000000, -0.000000000000000000, 1.000000000000000000 ) ) ;
#10215 = ORIENTED_EDGE ( 'NONE', *, *, #9561, .T. ) ;
#10216 = ADVANCED_FACE ( 'NONE', ( #7751 ), #7330, .T. ) ;
#10217 = DIRECTION ( 'NONE',  ( 0.000000000000000000, -1.000000000000000000, 0.000000000000000000 ) ) ;
#10218 = EDGE_CURVE ( 'NONE', #9710, #2479, #3916, .T. ) ;
#10219 = ORIENTED_EDGE ( 'NONE', *, *, #1172, .F. ) ;
#10220 = CIRCLE ( 'NONE', #8434, 0.1999999999999996503 ) ;
#10221 = DIRECTION ( 'NONE',  ( 0.000000000000000000, -4.430117370400858162E-17, 1.000000000000000000 ) ) ;
#10222 = CARTESIAN_POINT ( 'NONE',  ( -2.550000000000000266, 0.6999999999999997335, 7.549999999999998046 ) ) ;
#10223 = VECTOR ( 'NONE', #8788, 1000.000000000000000 ) ;
#10224 = PLANE ( 'NONE',  #5571 ) ;
#10225 = ORIENTED_EDGE ( 'NONE', *, *, #3933, .F. ) ;
#10226 = AXIS2_PLACEMENT_3D ( 'NONE', #8644, #5281, #2718 ) ;
#10227 = EDGE_CURVE ( 'NONE', #3188, #3778, #619, .T. ) ;
#10228 = ORIENTED_EDGE ( 'NONE', *, *, #8078, .F. ) ;
#10229 = VECTOR ( 'NONE', #3602, 1000.000000000000000 ) ;
#10230 = DIRECTION ( 'NONE',  ( 1.000000000000000000, 0.000000000000000000, -0.000000000000000000 ) ) ;
#10231 = CARTESIAN_POINT ( 'NONE',  ( -3.880824640740575759, 0.09999999999999990841, -4.499999999999997335 ) ) ;
#10232 = VERTEX_POINT ( 'NONE', #528 ) ;
#10233 = MANIFOLD_SOLID_BREP ( 'Fillet7', #264 ) ;
#10234 = DIRECTION ( 'NONE',  ( -0.000000000000000000, -0.000000000000000000, 1.000000000000000000 ) ) ;
#10235 = ORIENTED_EDGE ( 'NONE', *, *, #8006, .T. ) ;
#10236 = ORIENTED_EDGE ( 'NONE', *, *, #3175, .T. ) ;
#10237 = EDGE_CURVE ( 'NONE', #8826, #9301, #375, .T. ) ;
#10238 = DIRECTION ( 'NONE',  ( 0.000000000000000000, 0.000000000000000000, -1.000000000000000000 ) ) ;
#10239 = ORIENTED_EDGE ( 'NONE', *, *, #6227, .T. ) ;
#10240 = CARTESIAN_POINT ( 'NONE',  ( -5.699999999999996625, 0.09999999999999971412, 3.000000000000000444 ) ) ;
#10241 = CARTESIAN_POINT ( 'NONE',  ( 5.750000000000000000, 5.700000000000000178, -6.700000000000000178 ) ) ;
#10242 = EDGE_CURVE ( 'NONE', #2807, #8775, #3964, .T. ) ;
#10243 = VECTOR ( 'NONE', #4925, 1000.000000000000000 ) ;
#10244 = LINE ( 'NONE', #10078, #6721 ) ;
#10245 = LINE ( 'NONE', #6151, #3162 ) ;
#10246 = ORIENTED_EDGE ( 'NONE', *, *, #2563, .F. ) ;
#10247 = ORIENTED_EDGE ( 'NONE', *, *, #5630, .F. ) ;
#10248 = ORIENTED_EDGE ( 'NONE', *, *, #10625, .T. ) ;
#10249 = DIRECTION ( 'NONE',  ( -0.000000000000000000, -1.000000000000000000, -0.000000000000000000 ) ) ;
#10250 = LINE ( 'NONE', #4650, #10229 ) ;
#10251 = DIRECTION ( 'NONE',  ( -0.8191520442889909104, -0.5735764363510473807, 0.000000000000000000 ) ) ;
#10252 = ORIENTED_EDGE ( 'NONE', *, *, #10331, .T. ) ;
#10253 = ORIENTED_EDGE ( 'NONE', *, *, #4451, .T. ) ;
#10254 = AXIS2_PLACEMENT_3D ( 'NONE', #540, #1387, #7201 ) ;
#10255 = VERTEX_POINT ( 'NONE', #1966 ) ;
#10256 = DIRECTION ( 'NONE',  ( 0.000000000000000000, 0.000000000000000000, -1.000000000000000000 ) ) ;
#10257 = ORIENTED_EDGE ( 'NONE', *, *, #1026, .F. ) ;
#10258 = CARTESIAN_POINT ( 'NONE',  ( 1.700000000000000178, 2.999999999999998224, 6.349999999999997868 ) ) ;
#10259 = CARTESIAN_POINT ( 'NONE',  ( -5.750000000000000000, 5.650000000000001243, 5.250000000000000000 ) ) ;
#10260 = CARTESIAN_POINT ( 'NONE',  ( -2.500000000000000000, -2.299999999999999822, 7.549999999999998046 ) ) ;
#10261 = DIRECTION ( 'NONE',  ( -1.000000000000000000, 0.000000000000000000, 0.000000000000000000 ) ) ;
#10262 = FACE_OUTER_BOUND ( 'NONE', #3750, .T. ) ;
#10263 = ADVANCED_FACE ( 'NONE', ( #3850 ), #9177, .F. ) ;
#10264 = DIRECTION ( 'NONE',  ( -1.000000000000000000, 0.000000000000000000, 0.000000000000000000 ) ) ;
#10265 = EDGE_CURVE ( 'NONE', #3892, #9845, #323, .T. ) ;
#10266 = CARTESIAN_POINT ( 'NONE',  ( 6.200000000000000178, 3.100000000000000089, -4.500000000000000888 ) ) ;
#10267 = VERTEX_POINT ( 'NONE', #9968 ) ;
#10268 = DIRECTION ( 'NONE',  ( -1.000000000000000000, -1.327027319204863784E-16, 0.000000000000000000 ) ) ;
#10269 = DIRECTION ( 'NONE',  ( 0.000000000000000000, -4.430117370400858162E-17, 1.000000000000000000 ) ) ;
#10270 = ORIENTED_EDGE ( 'NONE', *, *, #5610, .F. ) ;
#10271 = FACE_OUTER_BOUND ( 'NONE', #8842, .T. ) ;
#10272 = ORIENTED_EDGE ( 'NONE', *, *, #5711, .T. ) ;
#10273 = VERTEX_POINT ( 'NONE', #336 ) ;
#10274 = VERTEX_POINT ( 'NONE', #8549 ) ;
#10275 = AXIS2_PLACEMENT_3D ( 'NONE', #6092, #4445, #9522 ) ;
#10276 = CARTESIAN_POINT ( 'NONE',  ( 2.449999999999999289, 0.09999999999999974187, 7.699999999999997513 ) ) ;
#10277 = ORIENTED_EDGE ( 'NONE', *, *, #4700, .F. ) ;
#10278 = DIRECTION ( 'NONE',  ( 0.000000000000000000, -0.000000000000000000, -1.000000000000000000 ) ) ;
#10279 = DIRECTION ( 'NONE',  ( 0.000000000000000000, 0.000000000000000000, 1.000000000000000000 ) ) ;
#10280 = EDGE_CURVE ( 'NONE', #6378, #1294, #7365, .T. ) ;
#10281 = DIRECTION ( 'NONE',  ( 0.000000000000000000, 1.000000000000000000, 2.460132057943349518E-16 ) ) ;
#10282 = CIRCLE ( 'NONE', #7028, 0.2999999999999999334 ) ;
#10283 = FACE_OUTER_BOUND ( 'NONE', #1762, .T. ) ;
#10284 = DIRECTION ( 'NONE',  ( 9.383500162295677136E-17, 0.7071067811865500152, 0.7071067811865451302 ) ) ;
#10285 = EDGE_LOOP ( 'NONE', ( #1665, #3975, #798, #8878 ) ) ;
#10286 = ADVANCED_FACE ( 'NONE', ( #7713 ), #4181, .T. ) ;
#10287 = ORIENTED_EDGE ( 'NONE', *, *, #3101, .F. ) ;
#10288 = ORIENTED_EDGE ( 'NONE', *, *, #5190, .F. ) ;
#10289 = LINE ( 'NONE', #731, #6856 ) ;
#10290 = CARTESIAN_POINT ( 'NONE',  ( 1.700000000000000178, 2.999999999999998224, 6.349999999999997868 ) ) ;
#10291 = ORIENTED_EDGE ( 'NONE', *, *, #9320, .T. ) ;
#10292 = ORIENTED_EDGE ( 'NONE', *, *, #3995, .F. ) ;
#10293 = CARTESIAN_POINT ( 'NONE',  ( -1.699999999999999956, 3.249999999999998668, 6.349999999999997868 ) ) ;
#10294 = ORIENTED_EDGE ( 'NONE', *, *, #4177, .F. ) ;
#10295 = FILL_AREA_STYLE ('',( #7048 ) ) ;
#10296 = ORIENTED_EDGE ( 'NONE', *, *, #3422, .F. ) ;
#10297 = CIRCLE ( 'NONE', #4036, 0.04999999999999883010 ) ;
#10298 = CARTESIAN_POINT ( 'NONE',  ( -3.299999999999999822, 0.8500000000000000888, -5.850000000000000533 ) ) ;
#10299 = EDGE_CURVE ( 'NONE', #10064, #4842, #561, .T. ) ;
#10300 = VECTOR ( 'NONE', #8075, 1000.000000000000000 ) ;
#10301 = DIRECTION ( 'NONE',  ( 0.5735764363510463815, -0.8191520442889915765, 0.000000000000000000 ) ) ;
#10302 = ORIENTED_EDGE ( 'NONE', *, *, #7523, .T. ) ;
#10303 = AXIS2_PLACEMENT_3D ( 'NONE', #4081, #10555, #8086 ) ;
#10304 = ORIENTED_EDGE ( 'NONE', *, *, #2836, .T. ) ;
#10305 = ORIENTED_EDGE ( 'NONE', *, *, #8552, .F. ) ;
#10306 = LINE ( 'NONE', #3876, #10393 ) ;
#10307 = DIRECTION ( 'NONE',  ( 9.383500162295610576E-17, 0.7071067811865451302, -0.7071067811865500152 ) ) ;
#10308 = CARTESIAN_POINT ( 'NONE',  ( -4.250000000000000000, 6.700000000000000178, -5.674999999999999822 ) ) ;
#10309 = DIRECTION ( 'NONE',  ( 1.000000000000000000, -1.341711765540131426E-16, 0.000000000000000000 ) ) ;
#10310 = DIRECTION ( 'NONE',  ( 0.000000000000000000, 0.000000000000000000, 1.000000000000000000 ) ) ;
#10311 = ORIENTED_EDGE ( 'NONE', *, *, #10218, .F. ) ;
#10312 = ADVANCED_FACE ( 'NONE', ( #7544 ), #2551, .T. ) ;
#10313 = DIRECTION ( 'NONE',  ( -0.3420201433256695456, 0.9396926207859082059, 1.895473080790100108E-16 ) ) ;
#10314 = PLANE ( 'NONE',  #7080 ) ;
#10315 = ORIENTED_EDGE ( 'NONE', *, *, #10556, .F. ) ;
#10316 = CARTESIAN_POINT ( 'NONE',  ( -3.880824640740575759, 0.09999999999999990841, 2.599999999999997424 ) ) ;
#10317 = VECTOR ( 'NONE', #4393, 1000.000000000000000 ) ;
#10318 = AXIS2_PLACEMENT_3D ( 'NONE', #1660, #7964, #9608 ) ;
#10319 = CARTESIAN_POINT ( 'NONE',  ( 4.250000000000000000, 6.700000000000000178, -5.099999999999999645 ) ) ;
#10320 = VECTOR ( 'NONE', #5137, 1000.000000000000000 ) ;
#10321 = ORIENTED_EDGE ( 'NONE', *, *, #5739, .F. ) ;
#10322 = ORIENTED_EDGE ( 'NONE', *, *, #4023, .T. ) ;
#10323 = ORIENTED_EDGE ( 'NONE', *, *, #8191, .T. ) ;
#10324 = CARTESIAN_POINT ( 'NONE',  ( -6.200000000000000178, 2.100000000000000089, -1.599999999999999867 ) ) ;
#10325 = LINE ( 'NONE', #3293, #3297 ) ;
#10326 = AXIS2_PLACEMENT_3D ( 'NONE', #1305, #320, #2170 ) ;
#10327 = CARTESIAN_POINT ( 'NONE',  ( -5.750000000000000000, 5.700000000000000178, 5.250000000000000000 ) ) ;
#10328 = ORIENTED_EDGE ( 'NONE', *, *, #8501, .F. ) ;
#10329 = CARTESIAN_POINT ( 'NONE',  ( 2.291287847477922135, 30.00000000000000000, 1.000000000000000888 ) ) ;
#10330 = DIRECTION ( 'NONE',  ( 1.535153518563546084E-16, -1.000000000000000000, -0.000000000000000000 ) ) ;
#10331 = EDGE_CURVE ( 'NONE', #6367, #7721, #4118, .T. ) ;
#10332 = ORIENTED_EDGE ( 'NONE', *, *, #6692, .T. ) ;
#10333 = DIRECTION ( 'NONE',  ( 1.000000000000000000, -0.000000000000000000, -0.000000000000000000 ) ) ;
#10334 = DIRECTION ( 'NONE',  ( -0.9396926207859082059, -0.3420201433256695456, -1.515189377974040262E-17 ) ) ;
#10335 = DIRECTION ( 'NONE',  ( 0.000000000000000000, 2.017120320903263702E-16, -1.000000000000000000 ) ) ;
#10336 = LINE ( 'NONE', #4179, #10201 ) ;
#10337 = AXIS2_PLACEMENT_3D ( 'NONE', #169, #10097, #1025 ) ;
#10338 = PLANE ( 'NONE',  #5728 ) ;
#10339 = ORIENTED_EDGE ( 'NONE', *, *, #809, .F. ) ;
#10340 = DIRECTION ( 'NONE',  ( 1.000000000000000000, 0.000000000000000000, -0.000000000000000000 ) ) ;
#10341 = CARTESIAN_POINT ( 'NONE',  ( -3.563393125268146111, 2.400000000000000355, 4.500000000000000888 ) ) ;
#10342 = VERTEX_POINT ( 'NONE', #1809 ) ;
#10343 = ORIENTED_EDGE ( 'NONE', *, *, #4070, .T. ) ;
#10344 = LINE ( 'NONE', #9085, #3113 ) ;
#10345 = VERTEX_POINT ( 'NONE', #3463 ) ;
#10346 = ORIENTED_EDGE ( 'NONE', *, *, #10469, .F. ) ;
#10347 = MECHANICAL_DESIGN_GEOMETRIC_PRESENTATION_REPRESENTATION (  '', ( #3019 ), #8930 ) ;
#10348 = ORIENTED_EDGE ( 'NONE', *, *, #5965, .T. ) ;
#10349 = CARTESIAN_POINT ( 'NONE',  ( -6.514715287270208322, -2.198587845354674108, 1.000000000000000000 ) ) ;
#10350 = EDGE_CURVE ( 'NONE', #1474, #3621, #3950, .T. ) ;
#10351 = CARTESIAN_POINT ( 'NONE',  ( -3.299999999999999822, 2.650000000000000799, 7.299999999999998934 ) ) ;
#10352 = CIRCLE ( 'NONE', #3199, 0.1999999999999996503 ) ;
#10353 = ADVANCED_FACE ( 'NONE', ( #7677 ), #2482, .T. ) ;
#10354 = EDGE_CURVE ( 'NONE', #3273, #5670, #273, .T. ) ;
#10355 = LINE ( 'NONE', #2717, #3271 ) ;
#10356 = DIRECTION ( 'NONE',  ( -0.000000000000000000, 0.000000000000000000, -1.000000000000000000 ) ) ;
#10357 = EDGE_CURVE ( 'NONE', #48, #8710, #579, .T. ) ;
#10358 = ORIENTED_EDGE ( 'NONE', *, *, #2237, .F. ) ;
#10359 = ORIENTED_EDGE ( 'NONE', *, *, #8747, .T. ) ;
#10360 = CYLINDRICAL_SURFACE ( 'NONE', #5820, 0.1999999999999996503 ) ;
#10361 = DIRECTION ( 'NONE',  ( -0.000000000000000000, -0.000000000000000000, -1.000000000000000000 ) ) ;
#10362 = EDGE_LOOP ( 'NONE', ( #7527, #774, #465, #9771 ) ) ;
#10363 = DIRECTION ( 'NONE',  ( 0.000000000000000000, 1.807003620809174385E-16, -1.000000000000000000 ) ) ;
#10364 = CARTESIAN_POINT ( 'NONE',  ( -1.699999999999999956, 1.100000000000000089, -5.850000000000000533 ) ) ;
#10365 = ORIENTED_EDGE ( 'NONE', *, *, #6011, .F. ) ;
#10366 = VECTOR ( 'NONE', #894, 1000.000000000000000 ) ;
#10367 = AXIS2_PLACEMENT_3D ( 'NONE', #4018, #7947, #4728 ) ;
#10368 = DIRECTION ( 'NONE',  ( -0.000000000000000000, -0.000000000000000000, -1.000000000000000000 ) ) ;
#10369 = CARTESIAN_POINT ( 'NONE',  ( 2.550000000000000266, -2.299999999999998046, -7.050000000000000711 ) ) ;
#10370 = EDGE_CURVE ( 'NONE', #4483, #7860, #600, .T. ) ;
#10371 = ORIENTED_EDGE ( 'NONE', *, *, #2909, .T. ) ;
#10372 = ADVANCED_FACE ( 'NONE', ( #483 ), #10046, .T. ) ;
#10373 = DIRECTION ( 'NONE',  ( 0.000000000000000000, 0.000000000000000000, -1.000000000000000000 ) ) ;
#10374 = ORIENTED_EDGE ( 'NONE', *, *, #3588, .T. ) ;
#10375 = EDGE_LOOP ( 'NONE', ( #8225, #10597, #4933, #4738 ) ) ;
#10376 = LINE ( 'NONE', #6501, #6869 ) ;
#10377 = EDGE_CURVE ( 'NONE', #9886, #7214, #7385, .T. ) ;
#10378 = CARTESIAN_POINT ( 'NONE',  ( 3.880824640740575759, 0.4999999999999998890, 3.000000000000000000 ) ) ;
#10379 = DIRECTION ( 'NONE',  ( -1.000000000000000000, 0.000000000000000000, 0.000000000000000000 ) ) ;
#10380 = ORIENTED_EDGE ( 'NONE', *, *, #2394, .F. ) ;
#10381 = CARTESIAN_POINT ( 'NONE',  ( 3.299999999999999822, 0.4999999999999998890, 6.700000000000000178 ) ) ;
#10382 = CARTESIAN_POINT ( 'NONE',  ( 5.049999999999997158, 2.400000000000000355, -2.000000000000000000 ) ) ;
#10383 = ORIENTED_EDGE ( 'NONE', *, *, #8659, .F. ) ;
#10384 = FACE_OUTER_BOUND ( 'NONE', #830, .T. ) ;
#10385 = CARTESIAN_POINT ( 'NONE',  ( 2.299999999999999822, 0.1000000000000016431, -7.050000000000001599 ) ) ;
#10386 = AXIS2_PLACEMENT_3D ( 'NONE', #3049, #2172, #4825 ) ;
#10387 = VECTOR ( 'NONE', #7155, 1000.000000000000000 ) ;
#10388 = ORIENTED_EDGE ( 'NONE', *, *, #3911, .F. ) ;
#10389 = EDGE_CURVE ( 'NONE', #3030, #299, #7730, .T. ) ;
#10390 = EDGE_LOOP ( 'NONE', ( #6363, #1056, #3919, #6279 ) ) ;
#10391 = ORIENTED_EDGE ( 'NONE', *, *, #7981, .F. ) ;
#10392 = CARTESIAN_POINT ( 'NONE',  ( 4.250000000000000000, 6.700000000000000178, -5.099999999999999645 ) ) ;
#10393 = VECTOR ( 'NONE', #1553, 1000.000000000000000 ) ;
#10394 = CARTESIAN_POINT ( 'NONE',  ( -5.599999999999996092, 5.700000000000000178, 6.400000000000000355 ) ) ;
#10395 = ADVANCED_FACE ( 'NONE', ( #4037 ), #2183, .T. ) ;
#10396 = CARTESIAN_POINT ( 'NONE',  ( -5.699999999999996625, 0.09999999999999971412, -4.500000000000000888 ) ) ;
#10397 = EDGE_CURVE ( 'NONE', #4421, #9038, #639, .T. ) ;
#10398 = DIRECTION ( 'NONE',  ( -0.000000000000000000, -1.000000000000000000, -0.000000000000000000 ) ) ;
#10399 = ORIENTED_EDGE ( 'NONE', *, *, #7327, .F. ) ;
#10400 = CARTESIAN_POINT ( 'NONE',  ( -4.549999999999997158, 1.000000000000000000, -5.850000000000000533 ) ) ;
#10401 = CARTESIAN_POINT ( 'NONE',  ( 2.500000000000000000, -2.299999999999999822, 7.699999999999997513 ) ) ;
#10402 = DIRECTION ( 'NONE',  ( 0.000000000000000000, 0.000000000000000000, -1.000000000000000000 ) ) ;
#10403 = LINE ( 'NONE', #5742, #3495 ) ;
#10404 = FACE_OUTER_BOUND ( 'NONE', #3513, .T. ) ;
#10405 = CARTESIAN_POINT ( 'NONE',  ( 2.500000000000000444, 0.1000000000000017125, -7.200000000000000178 ) ) ;
#10406 = EDGE_LOOP ( 'NONE', ( #5139, #8454, #4521, #10538 ) ) ;
#10407 = CARTESIAN_POINT ( 'NONE',  ( -5.799999999999997158, 0.1000000000000006994, 1.999999999999999112 ) ) ;
#10408 = ORIENTED_EDGE ( 'NONE', *, *, #558, .T. ) ;
#10409 = ORIENTED_EDGE ( 'NONE', *, *, #2394, .T. ) ;
#10410 = VECTOR ( 'NONE', #5200, 1000.000000000000000 ) ;
#10411 = EDGE_CURVE ( 'NONE', #9709, #4030, #7421, .T. ) ;
#10412 = ORIENTED_EDGE ( 'NONE', *, *, #3910, .F. ) ;
#10413 = DIRECTION ( 'NONE',  ( 0.000000000000000000, 1.000000000000000000, 0.000000000000000000 ) ) ;
#10414 = AXIS2_PLACEMENT_3D ( 'NONE', #9720, #1561, #2407 ) ;
#10415 = ORIENTED_EDGE ( 'NONE', *, *, #1029, .F. ) ;
#10416 = CARTESIAN_POINT ( 'NONE',  ( -5.049999999999997158, 0.000000000000000000, 4.500000000000001776 ) ) ;
#10417 = DIRECTION ( 'NONE',  ( 0.000000000000000000, -4.869470219022244754E-16, 1.000000000000000000 ) ) ;
#10418 = FACE_OUTER_BOUND ( 'NONE', #8063, .T. ) ;
#10419 = LINE ( 'NONE', #1558, #6901 ) ;
#10420 = EDGE_LOOP ( 'NONE', ( #7718, #2879, #8486, #6240 ) ) ;
#10421 = ORIENTED_EDGE ( 'NONE', *, *, #10452, .F. ) ;
#10422 = VERTEX_POINT ( 'NONE', #555 ) ;
#10423 = VECTOR ( 'NONE', #4091, 1000.000000000000000 ) ;
#10424 = VERTEX_POINT ( 'NONE', #2042 ) ;
#10425 =( LENGTH_UNIT ( ) NAMED_UNIT ( * ) SI_UNIT ( .MILLI., .METRE. ) );
#10426 = EDGE_CURVE ( 'NONE', #7244, #10273, #7579, .T. ) ;
#10427 = EDGE_LOOP ( 'NONE', ( #2981, #9926, #9873, #10236 ) ) ;
#10428 = ORIENTED_EDGE ( 'NONE', *, *, #6060, .T. ) ;
#10429 = AXIS2_PLACEMENT_3D ( 'NONE', #352, #2058, #7162 ) ;
#10430 = FACE_OUTER_BOUND ( 'NONE', #2709, .T. ) ;
#10431 = ADVANCED_FACE ( 'NONE', ( #7562 ), #2308, .F. ) ;
#10432 = EDGE_CURVE ( 'NONE', #6605, #970, #463, .T. ) ;
#10433 = LINE ( 'NONE', #3249, #6918 ) ;
#10434 = DIRECTION ( 'NONE',  ( 0.000000000000000000, 0.000000000000000000, -1.000000000000000000 ) ) ;
#10435 = VERTEX_POINT ( 'NONE', #7090 ) ;
#10436 = CARTESIAN_POINT ( 'NONE',  ( -5.799999999999998046, -0.6400000000000000133, -1.000000000000000000 ) ) ;
#10437 = ORIENTED_EDGE ( 'NONE', *, *, #1103, .T. ) ;
#10438 = ORIENTED_EDGE ( 'NONE', *, *, #10625, .F. ) ;
#10439 = VECTOR ( 'NONE', #8594, 1000.000000000000000 ) ;
#10440 = DIRECTION ( 'NONE',  ( -1.000000000000000000, 0.000000000000000000, 0.000000000000000000 ) ) ;
#10441 = CARTESIAN_POINT ( 'NONE',  ( -2.499999999999999556, 0.9000000000000005773, 7.549999999999999822 ) ) ;
#10442 = DIRECTION ( 'NONE',  ( 0.000000000000000000, -0.000000000000000000, -1.000000000000000000 ) ) ;
#10443 = ORIENTED_EDGE ( 'NONE', *, *, #9127, .T. ) ;
#10444 = AXIS2_PLACEMENT_3D ( 'NONE', #4061, #776, #10074 ) ;
#10445 = VERTEX_POINT ( 'NONE', #7210 ) ;
#10446 = DIRECTION ( 'NONE',  ( 0.000000000000000000, -1.000000000000000000, -0.000000000000000000 ) ) ;
#10447 = CIRCLE ( 'NONE', #7775, 0.1499999999999999667 ) ;
#10448 =( GEOMETRIC_REPRESENTATION_CONTEXT ( 3 ) GLOBAL_UNCERTAINTY_ASSIGNED_CONTEXT ( ( #10540 ) ) GLOBAL_UNIT_ASSIGNED_CONTEXT ( ( #9809, #6550, #4343 ) ) REPRESENTATION_CONTEXT ( 'NONE', 'WORKASPACE' ) );
#10449 = AXIS2_PLACEMENT_3D ( 'NONE', #3930, #9770, #864 ) ;
#10450 = FACE_OUTER_BOUND ( 'NONE', #6834, .T. ) ;
#10451 = ORIENTED_EDGE ( 'NONE', *, *, #4066, .F. ) ;
#10452 = EDGE_CURVE ( 'NONE', #6443, #3646, #3866, .T. ) ;
#10453 = ADVANCED_FACE ( 'NONE', ( #497 ), #5539, .T. ) ;
#10454 = ORIENTED_EDGE ( 'NONE', *, *, #9303, .T. ) ;
#10455 = ORIENTED_EDGE ( 'NONE', *, *, #6562, .T. ) ;
#10456 = DIRECTION ( 'NONE',  ( 0.000000000000000000, 0.000000000000000000, 1.000000000000000000 ) ) ;
#10457 = LINE ( 'NONE', #5441, #3381 ) ;
#10458 = DIRECTION ( 'NONE',  ( 0.000000000000000000, -1.000000000000000000, 0.000000000000000000 ) ) ;
#10459 = ORIENTED_EDGE ( 'NONE', *, *, #3557, .T. ) ;
#10460 = CARTESIAN_POINT ( 'NONE',  ( 2.500000000000000000, -2.299999999999998046, -7.050000000000002487 ) ) ;
#10461 = CARTESIAN_POINT ( 'NONE',  ( -5.699999999999998401, 0.6000000000000007550, -4.500000000000001776 ) ) ;
#10462 = AXIS2_PLACEMENT_3D ( 'NONE', #6372, #10498, #5562 ) ;
#10463 = ORIENTED_EDGE ( 'NONE', *, *, #1780, .T. ) ;
#10464 = CARTESIAN_POINT ( 'NONE',  ( -3.880824640740575759, 0.09999999999999990841, -4.499999999999997335 ) ) ;
#10465 =( NAMED_UNIT ( * ) PLANE_ANGLE_UNIT ( ) SI_UNIT ( $, .RADIAN. ) );
#10466 = PLANE ( 'NONE',  #9350 ) ;
#10467 = LINE ( 'NONE', #2180, #3523 ) ;
#10468 = AXIS2_PLACEMENT_3D ( 'NONE', #6693, #5911, #8327 ) ;
#10469 = EDGE_CURVE ( 'NONE', #6634, #8704, #7841, .T. ) ;
#10470 = ORIENTED_EDGE ( 'NONE', *, *, #8864, .F. ) ;
#10471 = DIRECTION ( 'NONE',  ( 1.000000000000000000, -1.327027319204863784E-16, 0.000000000000000000 ) ) ;
#10472 = CARTESIAN_POINT ( 'NONE',  ( 4.250000000000000000, 6.100000000000000533, 5.674999999999998046 ) ) ;
#10473 = VERTEX_POINT ( 'NONE', #6430 ) ;
#10474 = EDGE_CURVE ( 'NONE', #2883, #5193, #4470, .T. ) ;
#10475 = ORIENTED_EDGE ( 'NONE', *, *, #1468, .T. ) ;
#10476 = FACE_OUTER_BOUND ( 'NONE', #1763, .T. ) ;
#10477 = EDGE_CURVE ( 'NONE', #9367, #5916, #4309, .T. ) ;
#10478 = CARTESIAN_POINT ( 'NONE',  ( 2.550000000000001155, 0.6999999999999994005, 7.699999999999997513 ) ) ;
#10479 = ORIENTED_EDGE ( 'NONE', *, *, #3313, .F. ) ;
#10480 = DIRECTION ( 'NONE',  ( 0.000000000000000000, 0.000000000000000000, 1.000000000000000000 ) ) ;
#10481 = CARTESIAN_POINT ( 'NONE',  ( -2.542012759203106320, 0.1000000000000001721, 2.000000000000000000 ) ) ;
#10482 = EDGE_CURVE ( 'NONE', #4651, #4482, #8062, .T. ) ;
#10483 = FACE_OUTER_BOUND ( 'NONE', #7524, .T. ) ;
#10484 = VECTOR ( 'NONE', #6152, 1000.000000000000000 ) ;
#10485 = VERTEX_POINT ( 'NONE', #8068 ) ;
#10486 = DIRECTION ( 'NONE',  ( 0.000000000000000000, -0.000000000000000000, -1.000000000000000000 ) ) ;
#10487 = ORIENTED_EDGE ( 'NONE', *, *, #1920, .F. ) ;
#10488 = ORIENTED_EDGE ( 'NONE', *, *, #8396, .F. ) ;
#10489 = VECTOR ( 'NONE', #382, 1000.000000000000000 ) ;
#10490 = CARTESIAN_POINT ( 'NONE',  ( 2.550000000000000266, -2.299999999999999822, 7.699999999999997513 ) ) ;
#10491 = AXIS2_PLACEMENT_3D ( 'NONE', #6661, #6510, #7516 ) ;
#10492 = DIRECTION ( 'NONE',  ( 0.000000000000000000, 1.000000000000000000, 0.000000000000000000 ) ) ;
#10493 = CARTESIAN_POINT ( 'NONE',  ( 6.744145861810626030, -2.526248663070268741, -1.000000000000000000 ) ) ;
#10494 = CIRCLE ( 'NONE', #9576, 0.1999999999999996503 ) ;
#10495 = EDGE_CURVE ( 'NONE', #1092, #825, #4254, .T. ) ;
#10496 = CARTESIAN_POINT ( 'NONE',  ( 2.700000000000000622, 0.1000000000000016709, -7.050000000000001599 ) ) ;
#10497 = VECTOR ( 'NONE', #2208, 1000.000000000000000 ) ;
#10498 = DIRECTION ( 'NONE',  ( -0.000000000000000000, -1.000000000000000000, -0.000000000000000000 ) ) ;
#10499 = ORIENTED_EDGE ( 'NONE', *, *, #8801, .T. ) ;
#10500 = DIRECTION ( 'NONE',  ( 0.000000000000000000, 1.000000000000000000, 1.445602896647339163E-16 ) ) ;
#10501 = ORIENTED_EDGE ( 'NONE', *, *, #3761, .F. ) ;
#10502 = ORIENTED_EDGE ( 'NONE', *, *, #2398, .F. ) ;
#10503 = TOROIDAL_SURFACE ( 'NONE', #2990, 0.4249999999999982681, 0.1499999999999999944 ) ;
#10504 = DIRECTION ( 'NONE',  ( -0.6427876096865353661, 0.7660444431189813441, 0.000000000000000000 ) ) ;
#10505 = CARTESIAN_POINT ( 'NONE',  ( 3.850000000000000089, 2.400000000000000355, -5.850000000000000533 ) ) ;
#10506 = CARTESIAN_POINT ( 'NONE',  ( 6.399999999999998579, -0.6400000000000000133, 1.000000000000000000 ) ) ;
#10507 = CARTESIAN_POINT ( 'NONE',  ( 0.000000000000000000, -3.099999999999998312, -6.200000000000001954 ) ) ;
#10508 = CARTESIAN_POINT ( 'NONE',  ( 4.336808689942017736E-16, 0.6999999999999997335, 7.699999999999997513 ) ) ;
#10509 = AXIS2_PLACEMENT_3D ( 'NONE', #7268, #8744, #8127 ) ;
#10510 = DIRECTION ( 'NONE',  ( 0.000000000000000000, -1.000000000000000000, 0.000000000000000000 ) ) ;
#10511 = EDGE_LOOP ( 'NONE', ( #848, #1515, #577, #5503 ) ) ;
#10512 = DIRECTION ( 'NONE',  ( 1.000000000000000000, 0.000000000000000000, 0.000000000000000000 ) ) ;
#10513 = EDGE_CURVE ( 'NONE', #8023, #10156, #743, .T. ) ;
#10514 = LINE ( 'NONE', #627, #10588 ) ;
#10515 = DIRECTION ( 'NONE',  ( 0.000000000000000000, 0.000000000000000000, 1.000000000000000000 ) ) ;
#10516 = VECTOR ( 'NONE', #9790, 1000.000000000000000 ) ;
#10517 = EDGE_LOOP ( 'NONE', ( #10011, #2625, #6541, #6323 ) ) ;
#10518 = ORIENTED_EDGE ( 'NONE', *, *, #1311, .T. ) ;
#10519 = ORIENTED_EDGE ( 'NONE', *, *, #7302, .T. ) ;
#10520 = DIRECTION ( 'NONE',  ( 0.000000000000000000, 1.000000000000000000, 2.017120320903263702E-16 ) ) ;
#10521 = LINE ( 'NONE', #5901, #6939 ) ;
#10522 = PLANE ( 'NONE',  #808 ) ;
#10523 = DIRECTION ( 'NONE',  ( 0.7071067811865456854, 0.000000000000000000, 0.7071067811865493491 ) ) ;
#10524 = CARTESIAN_POINT ( 'NONE',  ( 2.900000000000000355, -3.099999999999996980, -7.050000000000002487 ) ) ;
#10525 = EDGE_LOOP ( 'NONE', ( #3314, #10610, #8252, #4974, #67, #5221, #1628 ) ) ;
#10526 = CARTESIAN_POINT ( 'NONE',  ( 4.549999999999997158, 2.400000000000000355, 5.850000000000000533 ) ) ;
#10527 = CARTESIAN_POINT ( 'NONE',  ( -1.699999999999999956, 0.8000000000000001554, -6.800000000000001599 ) ) ;
#10528 = CARTESIAN_POINT ( 'NONE',  ( 5.799999999999998934, 5.650000000000001243, 5.250000000000000000 ) ) ;
#10529 = DIRECTION ( 'NONE',  ( 0.000000000000000000, 1.000000000000000000, 0.000000000000000000 ) ) ;
#10530 = LINE ( 'NONE', #8400, #10630 ) ;
#10531 = EDGE_CURVE ( 'NONE', #1076, #2300, #8007, .T. ) ;
#10532 = LINE ( 'NONE', #8862, #7088 ) ;
#10533 = CARTESIAN_POINT ( 'NONE',  ( -4.549999999999997158, 0.000000000000000000, 5.850000000000000533 ) ) ;
#10534 = ADVANCED_FACE ( 'NONE', ( #8117 ), #4544, .T. ) ;
#10535 = DIRECTION ( 'NONE',  ( -1.000000000000000000, 0.000000000000000000, 0.000000000000000000 ) ) ;
#10536 = AXIS2_PLACEMENT_3D ( 'NONE', #9872, #3386, #111 ) ;
#10537 = ORIENTED_EDGE ( 'NONE', *, *, #4965, .T. ) ;
#10538 = ORIENTED_EDGE ( 'NONE', *, *, #164, .F. ) ;
#10539 = CYLINDRICAL_SURFACE ( 'NONE', #7596, 3.000000000000000444 ) ;
#10540 = UNCERTAINTY_MEASURE_WITH_UNIT (LENGTH_MEASURE( 1.000000000000000082E-05 ), #9809, 'distance_accuracy_value', 'NONE');
#10541 = CARTESIAN_POINT ( 'NONE',  ( 0.000000000000000000, 6.100000000000000533, 0.000000000000000000 ) ) ;
#10542 = VERTEX_POINT ( 'NONE', #10478 ) ;
#10543 = CARTESIAN_POINT ( 'NONE',  ( -5.499999999999996447, 1.000000000000000000, 6.400000000000000355 ) ) ;
#10544 = CARTESIAN_POINT ( 'NONE',  ( 0.000000000000000000, 2.100000000000000089, 1.599999999999999867 ) ) ;
#10545 = CARTESIAN_POINT ( 'NONE',  ( -5.799999999999996270, 4.986986664055304885, 5.000000000000000888 ) ) ;
#10546 = FACE_OUTER_BOUND ( 'NONE', #2040, .T. ) ;
#10547 = LINE ( 'NONE', #10308, #6990 ) ;
#10548 = DIRECTION ( 'NONE',  ( -1.000000000000000000, 0.000000000000000000, -0.000000000000000000 ) ) ;
#10549 = ORIENTED_EDGE ( 'NONE', *, *, #4574, .T. ) ;
#10550 = DIRECTION ( 'NONE',  ( -1.327027319204863784E-16, -1.000000000000000000, -0.000000000000000000 ) ) ;
#10551 = CARTESIAN_POINT ( 'NONE',  ( 5.049999999999997158, 1.929479379815013440E-14, -4.500000000000000000 ) ) ;
#10552 = EDGE_LOOP ( 'NONE', ( #10383, #3055, #913, #8532, #851 ) ) ;
#10553 = VERTEX_POINT ( 'NONE', #1463 ) ;
#10554 = AXIS2_PLACEMENT_3D ( 'NONE', #75, #1744, #9975 ) ;
#10555 = DIRECTION ( 'NONE',  ( -0.000000000000000000, -1.000000000000000000, -0.000000000000000000 ) ) ;
#10556 = EDGE_CURVE ( 'NONE', #7975, #2529, #7913, .T. ) ;
#10557 = LINE ( 'NONE', #9911, #3479 ) ;
#10558 = CARTESIAN_POINT ( 'NONE',  ( -0.7999999999999999334, 2.650000000000001243, -6.200000000000001954 ) ) ;
#10559 = AXIS2_PLACEMENT_3D ( 'NONE', #5586, #3264, #7188 ) ;
#10560 = FACE_OUTER_BOUND ( 'NONE', #1829, .T. ) ;
#10561 = CARTESIAN_POINT ( 'NONE',  ( 2.100000000000000089, 0.3544119062935214837, -6.800000000000001599 ) ) ;
#10562 = VERTEX_POINT ( 'NONE', #295 ) ;
#10563 = CARTESIAN_POINT ( 'NONE',  ( -6.199999999999998401, -0.6400000000000000133, 1.000000000000000000 ) ) ;
#10564 = VERTEX_POINT ( 'NONE', #3985 ) ;
#10565 = ORIENTED_EDGE ( 'NONE', *, *, #4123, .T. ) ;
#10566 = CARTESIAN_POINT ( 'NONE',  ( -3.999999999999998224, -3.551475717527321367E-16, -5.850000000000000533 ) ) ;
#10567 = DIRECTION ( 'NONE',  ( -0.9396926207859082059, 0.3420201433256695456, 8.414147190578587988E-17 ) ) ;
#10568 = DIRECTION ( 'NONE',  ( 0.000000000000000000, 1.000000000000000000, 0.000000000000000000 ) ) ;
#10569 = AXIS2_PLACEMENT_3D ( 'NONE', #9227, #6673, #3763 ) ;
#10570 = EDGE_CURVE ( 'NONE', #2011, #5671, #4327, .T. ) ;
#10571 = DIRECTION ( 'NONE',  ( 0.000000000000000000, -1.000000000000000000, 0.000000000000000000 ) ) ;
#10572 = EDGE_CURVE ( 'NONE', #2932, #4482, #7987, .T. ) ;
#10573 = CARTESIAN_POINT ( 'NONE',  ( 5.049999999999997158, 2.400000000000000355, 5.350000000000001421 ) ) ;
#10574 = VECTOR ( 'NONE', #1524, 999.9999999999998863 ) ;
#10575 = CARTESIAN_POINT ( 'NONE',  ( -5.049999999999997158, 0.1000000000000001721, 2.000000000000000000 ) ) ;
#10576 = EDGE_CURVE ( 'NONE', #8302, #4717, #8100, .T. ) ;
#10577 = ORIENTED_EDGE ( 'NONE', *, *, #9245, .F. ) ;
#10578 = EDGE_LOOP ( 'NONE', ( #4235, #2751, #2749, #923 ) ) ;
#10579 = DIRECTION ( 'NONE',  ( -0.000000000000000000, -1.000000000000000000, 0.000000000000000000 ) ) ;
#10580 = DIRECTION ( 'NONE',  ( 0.000000000000000000, 0.000000000000000000, 1.000000000000000000 ) ) ;
#10581 = DIRECTION ( 'NONE',  ( 0.000000000000000000, 1.000000000000000000, -0.000000000000000000 ) ) ;
#10582 = DIRECTION ( 'NONE',  ( 0.000000000000000000, -0.000000000000000000, -1.000000000000000000 ) ) ;
#10583 = AXIS2_PLACEMENT_3D ( 'NONE', #10114, #8473, #1040 ) ;
#10584 = CARTESIAN_POINT ( 'NONE',  ( 5.049999999999998046, 2.400000000000000355, -5.350000000000001421 ) ) ;
#10585 = EDGE_CURVE ( 'NONE', #582, #9703, #946, .T. ) ;
#10586 = CARTESIAN_POINT ( 'NONE',  ( -6.172636875200958606, -2.926423563648953508, 0.000000000000000000 ) ) ;
#10587 = DIRECTION ( 'NONE',  ( -0.000000000000000000, 4.430117370400858162E-17, -1.000000000000000000 ) ) ;
#10588 = VECTOR ( 'NONE', #8831, 1000.000000000000000 ) ;
#10589 = EDGE_CURVE ( 'NONE', #9762, #5655, #7892, .T. ) ;
#10590 = VECTOR ( 'NONE', #8789, 1000.000000000000000 ) ;
#10591 = PLANE ( 'NONE',  #2566 ) ;
#10592 = EDGE_CURVE ( 'NONE', #5027, #550, #4504, .T. ) ;
#10593 = ORIENTED_EDGE ( 'NONE', *, *, #8305, .F. ) ;
#10594 = CARTESIAN_POINT ( 'NONE',  ( -1.699999999999999956, 2.650000000000000799, 7.249999999999999112 ) ) ;
#10595 = ORIENTED_EDGE ( 'NONE', *, *, #1753, .T. ) ;
#10596 = CARTESIAN_POINT ( 'NONE',  ( -3.880824640740575759, 0.09999999999999990841, -4.499999999999997335 ) ) ;
#10597 = ORIENTED_EDGE ( 'NONE', *, *, #5282, .F. ) ;
#10598 = EDGE_CURVE ( 'NONE', #6326, #1101, #911, .T. ) ;
#10599 = CARTESIAN_POINT ( 'NONE',  ( -2.550000000000000266, 0.1000000000000016709, -7.049999999999999822 ) ) ;
#10600 = CARTESIAN_POINT ( 'NONE',  ( -5.799999999999996270, 0.5000000000000004441, 4.500000000000000888 ) ) ;
#10601 = CARTESIAN_POINT ( 'NONE',  ( -6.514715287270208322, -2.198587845354674108, 1.000000000000000000 ) ) ;
#10602 = CIRCLE ( 'NONE', #6917, 0.2999999999999999334 ) ;
#10603 = AXIS2_PLACEMENT_3D ( 'NONE', #2875, #8718, #5212 ) ;
#10604 = CYLINDRICAL_SURFACE ( 'NONE', #4350, 0.9999999999999996669 ) ;
#10605 = CARTESIAN_POINT ( 'NONE',  ( 0.000000000000000000, 29.50000000000000000, 0.000000000000000000 ) ) ;
#10606 = ORIENTED_EDGE ( 'NONE', *, *, #8639, .T. ) ;
#10607 = ADVANCED_FACE ( 'NONE', ( #4564 ), #10224, .F. ) ;
#10608 = EDGE_CURVE ( 'NONE', #7228, #9172, #4394, .T. ) ;
#10609 = EDGE_LOOP ( 'NONE', ( #278, #4021, #4289, #7488, #244, #10123, #6083, #4140, #4220, #2562, #7653, #698, #6264, #6262, #6165, #7395, #5284, #6593, #9948, #416, #6539, #7387, #4234, #7298 ) ) ;
#10610 = ORIENTED_EDGE ( 'NONE', *, *, #3120, .T. ) ;
#10611 = CARTESIAN_POINT ( 'NONE',  ( 0.4000000000000001887, 0.7999999999999982681, 7.549999999999999822 ) ) ;
#10612 = DIRECTION ( 'NONE',  ( 0.000000000000000000, 0.000000000000000000, -1.000000000000000000 ) ) ;
#10613 = CARTESIAN_POINT ( 'NONE',  ( 0.000000000000000000, 0.09999999999999971412, -4.500000000000000888 ) ) ;
#10614 = EDGE_CURVE ( 'NONE', #9709, #8515, #676, .T. ) ;
#10615 = FACE_OUTER_BOUND ( 'NONE', #5102, .T. ) ;
#10616 = LINE ( 'NONE', #883, #7163 ) ;
#10617 = DIRECTION ( 'NONE',  ( 0.000000000000000000, -2.409338161078895729E-16, -1.000000000000000000 ) ) ;
#10618 = ORIENTED_EDGE ( 'NONE', *, *, #5997, .F. ) ;
#10619 = AXIS2_PLACEMENT_3D ( 'NONE', #1970, #7709, #6271 ) ;
#10620 = CARTESIAN_POINT ( 'NONE',  ( 2.700000000000000178, -2.299999999999999822, 7.549999999999999822 ) ) ;
#10621 = ORIENTED_EDGE ( 'NONE', *, *, #3910, .T. ) ;
#10622 = EDGE_LOOP ( 'NONE', ( #8371, #7606 ) ) ;
#10623 = CARTESIAN_POINT ( 'NONE',  ( -5.943206300660537345, -2.598762745933355767, 0.000000000000000000 ) ) ;
#10624 = DIRECTION ( 'NONE',  ( -0.000000000000000000, -0.000000000000000000, -1.000000000000000000 ) ) ;
#10625 = EDGE_CURVE ( 'NONE', #7792, #8585, #815, .T. ) ;
#10626 = CARTESIAN_POINT ( 'NONE',  ( 6.200000000000000178, 0.6000000000000007550, 3.000000000000000444 ) ) ;
#10627 = CARTESIAN_POINT ( 'NONE',  ( 0.000000000000000000, 3.100000000000000089, -1.599999999999999867 ) ) ;
#10628 = EDGE_CURVE ( 'NONE', #8826, #2754, #892, .T. ) ;
#10629 = CARTESIAN_POINT ( 'NONE',  ( 0.000000000000000000, 3.100000000000000089, -1.599999999999999867 ) ) ;
#10630 = VECTOR ( 'NONE', #10038, 1000.000000000000000 ) ;
ENDSEC;
END-ISO-10303-21;
