ISO-10303-21;
HEADER;
FILE_DESCRIPTION(('FreeCAD Model'),'2;1');
FILE_NAME('Open CASCADE Shape Model','2026-02-19T20:09:25',(''),(''),
  'Open CASCADE STEP processor 7.9','FreeCAD','Unknown');
FILE_SCHEMA(('AUTOMOTIVE_DESIGN { 1 0 10303 214 1 1 1 1 }'));
ENDSEC;
DATA;
#1 = APPLICATION_PROTOCOL_DEFINITION('international standard',
  'automotive_design',2000,#2);
#2 = APPLICATION_CONTEXT(
  'core data for automotive mechanical design processes');
#3 = SHAPE_DEFINITION_REPRESENTATION(#4,#10);
#4 = PRODUCT_DEFINITION_SHAPE('','',#5);
#5 = PRODUCT_DEFINITION('design','',#6,#9);
#6 = PRODUCT_DEFINITION_FORMATION('','',#7);
#7 = PRODUCT('CUI_DEVICES_PJ-002AH-SMT-TR','CUI_DEVICES_PJ-002AH-SMT-TR'
  ,'',(#8));
#8 = PRODUCT_CONTEXT('',#2,'mechanical');
#9 = PRODUCT_DEFINITION_CONTEXT('part definition',#2,'design');
#10 = ADVANCED_BREP_SHAPE_REPRESENTATION('',(#11,#15),#11826);
#11 = AXIS2_PLACEMENT_3D('',#12,#13,#14);
#12 = CARTESIAN_POINT('',(0.,0.,0.));
#13 = DIRECTION('',(0.,0.,1.));
#14 = DIRECTION('',(1.,0.,-0.));
#15 = BREP_WITH_VOIDS('',#16,(#10909,#11462,#11692));
#16 = CLOSED_SHELL('',(#17,#59,#101,#143,#185,#218,#250,#292,#368,#410,
    #452,#494,#528,#562,#604,#647,#687,#705,#738,#767,#785,#809,#833,
    #851,#869,#893,#917,#941,#965,#998,#1016,#1034,#1052,#1098,#1129,
    #1203,#1277,#1308,#1332,#1356,#1415,#1427,#1467,#1491,#1513,#1537,
    #1568,#1605,#1622,#1709,#1796,#1836,#1878,#1909,#2005,#2096,#2171,
    #2203,#2270,#2303,#2345,#2369,#2393,#2410,#2450,#2490,#2523,#2595,
    #2651,#2684,#2724,#2764,#2795,#2821,#2838,#2905,#2972,#3012,#3054,
    #3079,#3111,#3136,#3168,#3231,#3271,#3304,#3335,#3368,#3390,#3409,
    #3440,#3473,#3504,#3537,#3568,#3608,#3632,#3665,#3744,#3782,#3815,
    #3864,#3897,#3930,#3961,#4001,#4046,#4087,#4119,#4150,#4174,#4205,
    #4247,#4271,#4329,#4339,#4397,#4455,#4475,#4497,#4528,#4559,#4590,
    #4609,#4640,#4680,#4741,#4772,#4805,#4829,#4868,#4894,#4914,#4931,
    #4955,#4972,#4996,#5021,#5038,#5063,#5094,#5118,#5136,#5167,#5192,
    #5216,#5241,#5265,#5289,#5321,#5352,#5391,#5456,#5513,#5538,#5570,
    #5596,#5620,#5637,#5672,#5698,#5722,#5741,#5774,#5825,#5839,#5881,
    #5914,#5947,#6017,#6050,#6075,#6154,#6186,#6278,#6326,#6366,#6445,
    #6470,#6488,#6519,#6550,#6571,#6602,#6637,#6675,#6733,#6758,#6775,
    #6800,#6832,#6860,#6884,#6901,#6934,#6992,#7009,#7049,#7080,#7111,
    #7175,#7200,#7254,#7283,#7321,#7353,#7386,#7419,#7450,#7483,#7525,
    #7559,#7590,#7621,#7646,#7677,#7708,#7770,#7828,#7860,#7892,#8039,
    #8097,#8129,#8169,#8209,#8244,#8291,#8324,#8353,#8376,#8399,#8419,
    #8450,#8477,#8494,#8526,#8551,#8569,#8610,#8635,#8668,#8692,#8752,
    #8791,#8816,#8847,#8871,#8892,#8916,#8933,#8957,#8974,#9019,#9043,
    #9097,#9129,#9182,#9214,#9238,#9262,#9286,#9311,#9335,#9360,#9383,
    #9424,#9449,#9474,#9498,#9525,#9542,#9584,#9608,#9626,#9643,#9668,
    #9692,#9716,#9740,#9758,#9783,#9809,#9840,#9864,#9888,#9905,#9936,
    #9960,#9984,#10001,#10033,#10050,#10082,#10139,#10165,#10207,#10225,
    #10250,#10282,#10307,#10324,#10377,#10402,#10427,#10448,#10473,
    #10487,#10512,#10530,#10547,#10572,#10597,#10614,#10631,#10648,
    #10665,#10691,#10701,#10711,#10728,#10745,#10757,#10774,#10791,
    #10803,#10820,#10837,#10849,#10866,#10883,#10895));
#17 = ADVANCED_FACE('',(#18),#54,.T.);
#18 = FACE_BOUND('',#19,.T.);
#19 = EDGE_LOOP('',(#20,#31,#39,#48));
#20 = ORIENTED_EDGE('',*,*,#21,.T.);
#21 = EDGE_CURVE('',#22,#24,#26,.T.);
#22 = VERTEX_POINT('',#23);
#23 = CARTESIAN_POINT('',(-0.6,-4.,-13.5));
#24 = VERTEX_POINT('',#25);
#25 = CARTESIAN_POINT('',(0.6,-4.,-13.5));
#26 = CIRCLE('',#27,0.6);
#27 = AXIS2_PLACEMENT_3D('',#28,#29,#30);
#28 = CARTESIAN_POINT('',(0.,-4.,-13.5));
#29 = DIRECTION('',(0.,0.,-1.));
#30 = DIRECTION('',(-1.,0.,0.));
#31 = ORIENTED_EDGE('',*,*,#32,.T.);
#32 = EDGE_CURVE('',#24,#33,#35,.T.);
#33 = VERTEX_POINT('',#34);
#34 = CARTESIAN_POINT('',(0.6,-4.,-14.3));
#35 = LINE('',#36,#37);
#36 = CARTESIAN_POINT('',(0.6,-4.,-13.48277801405));
#37 = VECTOR('',#38,1.);
#38 = DIRECTION('',(0.,0.,-1.));
#39 = ORIENTED_EDGE('',*,*,#40,.T.);
#40 = EDGE_CURVE('',#33,#41,#43,.T.);
#41 = VERTEX_POINT('',#42);
#42 = CARTESIAN_POINT('',(-0.6,-4.,-14.3));
#43 = CIRCLE('',#44,0.6);
#44 = AXIS2_PLACEMENT_3D('',#45,#46,#47);
#45 = CARTESIAN_POINT('',(0.,-4.,-14.3));
#46 = DIRECTION('',(0.,0.,1.));
#47 = DIRECTION('',(-1.,0.,0.));
#48 = ORIENTED_EDGE('',*,*,#49,.F.);
#49 = EDGE_CURVE('',#22,#41,#50,.T.);
#50 = LINE('',#51,#52);
#51 = CARTESIAN_POINT('',(-0.6,-4.,-13.48277801405));
#52 = VECTOR('',#53,1.);
#53 = DIRECTION('',(0.,0.,-1.));
#54 = CYLINDRICAL_SURFACE('',#55,0.6);
#55 = AXIS2_PLACEMENT_3D('',#56,#57,#58);
#56 = CARTESIAN_POINT('',(0.,-4.,-13.48277801405));
#57 = DIRECTION('',(0.,0.,-1.));
#58 = DIRECTION('',(-1.,0.,0.));
#59 = ADVANCED_FACE('',(#60),#96,.T.);
#60 = FACE_BOUND('',#61,.T.);
#61 = EDGE_LOOP('',(#62,#73,#81,#90));
#62 = ORIENTED_EDGE('',*,*,#63,.T.);
#63 = EDGE_CURVE('',#64,#66,#68,.T.);
#64 = VERTEX_POINT('',#65);
#65 = CARTESIAN_POINT('',(9.99999999749E-02,0.,-14.32472232505));
#66 = VERTEX_POINT('',#67);
#67 = CARTESIAN_POINT('',(-9.99999999749E-02,9.797174393025E-17,
    -14.32472232505));
#68 = CIRCLE('',#69,9.99999999749E-02);
#69 = AXIS2_PLACEMENT_3D('',#70,#71,#72);
#70 = CARTESIAN_POINT('',(0.,0.,-14.32472232505));
#71 = DIRECTION('',(0.,0.,1.));
#72 = DIRECTION('',(1.,0.,-0.));
#73 = ORIENTED_EDGE('',*,*,#74,.T.);
#74 = EDGE_CURVE('',#66,#75,#77,.T.);
#75 = VERTEX_POINT('',#76);
#76 = CARTESIAN_POINT('',(-1.5,0.,-14.01434979732));
#77 = LINE('',#78,#79);
#78 = CARTESIAN_POINT('',(-1.500000000021,1.836970198747E-16,
    -14.01434979733));
#79 = VECTOR('',#80,1.);
#80 = DIRECTION('',(-0.976296007119,1.195617780138E-16,0.216439613943));
#81 = ORIENTED_EDGE('',*,*,#82,.F.);
#82 = EDGE_CURVE('',#83,#75,#85,.T.);
#83 = VERTEX_POINT('',#84);
#84 = CARTESIAN_POINT('',(1.5,1.836970198721E-16,-14.01434979732));
#85 = CIRCLE('',#86,1.5);
#86 = AXIS2_PLACEMENT_3D('',#87,#88,#89);
#87 = CARTESIAN_POINT('',(0.,0.,-14.01434979732));
#88 = DIRECTION('',(0.,0.,1.));
#89 = DIRECTION('',(-1.,0.,0.));
#90 = ORIENTED_EDGE('',*,*,#91,.F.);
#91 = EDGE_CURVE('',#64,#83,#92,.T.);
#92 = LINE('',#93,#94);
#93 = CARTESIAN_POINT('',(1.500000000021,0.,-14.01434979733));
#94 = VECTOR('',#95,1.);
#95 = DIRECTION('',(0.976296007119,0.,0.216439613943));
#96 = CONICAL_SURFACE('',#97,1.500000000021,1.35263017029);
#97 = AXIS2_PLACEMENT_3D('',#98,#99,#100);
#98 = CARTESIAN_POINT('',(0.,0.,-14.01434979733));
#99 = DIRECTION('',(0.,0.,1.));
#100 = DIRECTION('',(1.,0.,-0.));
#101 = ADVANCED_FACE('',(#102),#138,.F.);
#102 = FACE_BOUND('',#103,.F.);
#103 = EDGE_LOOP('',(#104,#114,#123,#131));
#104 = ORIENTED_EDGE('',*,*,#105,.T.);
#105 = EDGE_CURVE('',#106,#108,#110,.T.);
#106 = VERTEX_POINT('',#107);
#107 = CARTESIAN_POINT('',(1.5,1.836970198721E-16,-9.795803987888));
#108 = VERTEX_POINT('',#109);
#109 = CARTESIAN_POINT('',(1.5,0.,-9.5));
#110 = LINE('',#111,#112);
#111 = CARTESIAN_POINT('',(1.5,0.,-10.22356831772));
#112 = VECTOR('',#113,1.);
#113 = DIRECTION('',(0.,0.,1.));
#114 = ORIENTED_EDGE('',*,*,#115,.T.);
#115 = EDGE_CURVE('',#108,#116,#118,.T.);
#116 = VERTEX_POINT('',#117);
#117 = CARTESIAN_POINT('',(-1.5,1.836970198721E-16,-9.5));
#118 = CIRCLE('',#119,1.5);
#119 = AXIS2_PLACEMENT_3D('',#120,#121,#122);
#120 = CARTESIAN_POINT('',(0.,0.,-9.5));
#121 = DIRECTION('',(0.,0.,-1.));
#122 = DIRECTION('',(1.,0.,0.));
#123 = ORIENTED_EDGE('',*,*,#124,.F.);
#124 = EDGE_CURVE('',#125,#116,#127,.T.);
#125 = VERTEX_POINT('',#126);
#126 = CARTESIAN_POINT('',(-1.5,0.,-9.795803987888));
#127 = LINE('',#128,#129);
#128 = CARTESIAN_POINT('',(-1.5,1.836970198721E-16,-10.22356831772));
#129 = VECTOR('',#130,1.);
#130 = DIRECTION('',(0.,0.,1.));
#131 = ORIENTED_EDGE('',*,*,#132,.T.);
#132 = EDGE_CURVE('',#125,#106,#133,.T.);
#133 = CIRCLE('',#134,1.5);
#134 = AXIS2_PLACEMENT_3D('',#135,#136,#137);
#135 = CARTESIAN_POINT('',(0.,0.,-9.795803987888));
#136 = DIRECTION('',(0.,0.,1.));
#137 = DIRECTION('',(1.,0.,-0.));
#138 = CYLINDRICAL_SURFACE('',#139,1.5);
#139 = AXIS2_PLACEMENT_3D('',#140,#141,#142);
#140 = CARTESIAN_POINT('',(0.,0.,-10.22356831772));
#141 = DIRECTION('',(0.,0.,1.));
#142 = DIRECTION('',(1.,0.,-0.));
#143 = ADVANCED_FACE('',(#144),#180,.T.);
#144 = FACE_BOUND('',#145,.T.);
#145 = EDGE_LOOP('',(#146,#157,#165,#174));
#146 = ORIENTED_EDGE('',*,*,#147,.T.);
#147 = EDGE_CURVE('',#148,#150,#152,.T.);
#148 = VERTEX_POINT('',#149);
#149 = CARTESIAN_POINT('',(-2.4,0.,-13.5));
#150 = VERTEX_POINT('',#151);
#151 = CARTESIAN_POINT('',(2.4,2.939152317954E-16,-13.5));
#152 = CIRCLE('',#153,2.4);
#153 = AXIS2_PLACEMENT_3D('',#154,#155,#156);
#154 = CARTESIAN_POINT('',(0.,0.,-13.5));
#155 = DIRECTION('',(0.,0.,-1.));
#156 = DIRECTION('',(-1.,0.,0.));
#157 = ORIENTED_EDGE('',*,*,#158,.T.);
#158 = EDGE_CURVE('',#150,#159,#161,.T.);
#159 = VERTEX_POINT('',#160);
#160 = CARTESIAN_POINT('',(2.4,2.939152317954E-16,-13.9));
#161 = LINE('',#162,#163);
#162 = CARTESIAN_POINT('',(2.4,2.939152317954E-16,-13.48110002083));
#163 = VECTOR('',#164,1.);
#164 = DIRECTION('',(0.,0.,-1.));
#165 = ORIENTED_EDGE('',*,*,#166,.T.);
#166 = EDGE_CURVE('',#159,#167,#169,.T.);
#167 = VERTEX_POINT('',#168);
#168 = CARTESIAN_POINT('',(-2.4,0.,-13.9));
#169 = CIRCLE('',#170,2.4);
#170 = AXIS2_PLACEMENT_3D('',#171,#172,#173);
#171 = CARTESIAN_POINT('',(0.,0.,-13.9));
#172 = DIRECTION('',(0.,0.,1.));
#173 = DIRECTION('',(-1.,0.,0.));
#174 = ORIENTED_EDGE('',*,*,#175,.F.);
#175 = EDGE_CURVE('',#148,#167,#176,.T.);
#176 = LINE('',#177,#178);
#177 = CARTESIAN_POINT('',(-2.4,0.,-13.48110002083));
#178 = VECTOR('',#179,1.);
#179 = DIRECTION('',(0.,0.,-1.));
#180 = CYLINDRICAL_SURFACE('',#181,2.4);
#181 = AXIS2_PLACEMENT_3D('',#182,#183,#184);
#182 = CARTESIAN_POINT('',(0.,0.,-13.48110002083));
#183 = DIRECTION('',(0.,0.,-1.));
#184 = DIRECTION('',(-1.,0.,0.));
#185 = ADVANCED_FACE('',(#186),#213,.T.);
#186 = FACE_BOUND('',#187,.T.);
#187 = EDGE_LOOP('',(#188,#197,#198,#207));
#188 = ORIENTED_EDGE('',*,*,#189,.T.);
#189 = EDGE_CURVE('',#190,#148,#192,.T.);
#190 = VERTEX_POINT('',#191);
#191 = CARTESIAN_POINT('',(-1.569230769236,-1.81590605288,-13.5));
#192 = CIRCLE('',#193,2.4);
#193 = AXIS2_PLACEMENT_3D('',#194,#195,#196);
#194 = CARTESIAN_POINT('',(0.,0.,-13.5));
#195 = DIRECTION('',(0.,0.,-1.));
#196 = DIRECTION('',(-1.,0.,0.));
#197 = ORIENTED_EDGE('',*,*,#175,.T.);
#198 = ORIENTED_EDGE('',*,*,#199,.T.);
#199 = EDGE_CURVE('',#167,#200,#202,.T.);
#200 = VERTEX_POINT('',#201);
#201 = CARTESIAN_POINT('',(-1.569230769236,-1.81590605288,-13.9));
#202 = CIRCLE('',#203,2.4);
#203 = AXIS2_PLACEMENT_3D('',#204,#205,#206);
#204 = CARTESIAN_POINT('',(0.,0.,-13.9));
#205 = DIRECTION('',(0.,0.,1.));
#206 = DIRECTION('',(-1.,0.,0.));
#207 = ORIENTED_EDGE('',*,*,#208,.T.);
#208 = EDGE_CURVE('',#200,#190,#209,.T.);
#209 = LINE('',#210,#211);
#210 = CARTESIAN_POINT('',(-1.569230769241,-1.815906052875,
    -13.48110002083));
#211 = VECTOR('',#212,1.);
#212 = DIRECTION('',(0.,0.,1.));
#213 = CYLINDRICAL_SURFACE('',#214,2.4);
#214 = AXIS2_PLACEMENT_3D('',#215,#216,#217);
#215 = CARTESIAN_POINT('',(0.,0.,-13.48110002083));
#216 = DIRECTION('',(0.,0.,-1.));
#217 = DIRECTION('',(-1.,0.,0.));
#218 = ADVANCED_FACE('',(#219),#245,.T.);
#219 = FACE_BOUND('',#220,.T.);
#220 = EDGE_LOOP('',(#221,#232,#238,#239));
#221 = ORIENTED_EDGE('',*,*,#222,.T.);
#222 = EDGE_CURVE('',#223,#225,#227,.T.);
#223 = VERTEX_POINT('',#224);
#224 = CARTESIAN_POINT('',(-1.5,0.,-13.9));
#225 = VERTEX_POINT('',#226);
#226 = CARTESIAN_POINT('',(1.5,1.836970198721E-16,-13.9));
#227 = CIRCLE('',#228,1.5);
#228 = AXIS2_PLACEMENT_3D('',#229,#230,#231);
#229 = CARTESIAN_POINT('',(0.,0.,-13.9));
#230 = DIRECTION('',(0.,0.,-1.));
#231 = DIRECTION('',(-1.,0.,0.));
#232 = ORIENTED_EDGE('',*,*,#233,.T.);
#233 = EDGE_CURVE('',#225,#83,#234,.T.);
#234 = LINE('',#235,#236);
#235 = CARTESIAN_POINT('',(1.5,1.836970198721E-16,-13.83308289215));
#236 = VECTOR('',#237,1.);
#237 = DIRECTION('',(0.,0.,-1.));
#238 = ORIENTED_EDGE('',*,*,#82,.T.);
#239 = ORIENTED_EDGE('',*,*,#240,.F.);
#240 = EDGE_CURVE('',#223,#75,#241,.T.);
#241 = LINE('',#242,#243);
#242 = CARTESIAN_POINT('',(-1.5,0.,-13.83308289215));
#243 = VECTOR('',#244,1.);
#244 = DIRECTION('',(0.,0.,-1.));
#245 = CYLINDRICAL_SURFACE('',#246,1.5);
#246 = AXIS2_PLACEMENT_3D('',#247,#248,#249);
#247 = CARTESIAN_POINT('',(0.,0.,-13.83308289215));
#248 = DIRECTION('',(0.,0.,-1.));
#249 = DIRECTION('',(-1.,0.,0.));
#250 = ADVANCED_FACE('',(#251),#287,.F.);
#251 = FACE_BOUND('',#252,.F.);
#252 = EDGE_LOOP('',(#253,#263,#272,#280));
#253 = ORIENTED_EDGE('',*,*,#254,.T.);
#254 = EDGE_CURVE('',#255,#257,#259,.T.);
#255 = VERTEX_POINT('',#256);
#256 = CARTESIAN_POINT('',(0.75,-4.,-13.9));
#257 = VERTEX_POINT('',#258);
#258 = CARTESIAN_POINT('',(0.75,-4.,-13.5));
#259 = LINE('',#260,#261);
#260 = CARTESIAN_POINT('',(0.75,-4.,-13.91889997917));
#261 = VECTOR('',#262,1.);
#262 = DIRECTION('',(0.,0.,1.));
#263 = ORIENTED_EDGE('',*,*,#264,.T.);
#264 = EDGE_CURVE('',#257,#265,#267,.T.);
#265 = VERTEX_POINT('',#266);
#266 = CARTESIAN_POINT('',(-0.75,-4.,-13.5));
#267 = CIRCLE('',#268,0.75);
#268 = AXIS2_PLACEMENT_3D('',#269,#270,#271);
#269 = CARTESIAN_POINT('',(0.,-4.,-13.5));
#270 = DIRECTION('',(0.,0.,-1.));
#271 = DIRECTION('',(1.,0.,0.));
#272 = ORIENTED_EDGE('',*,*,#273,.F.);
#273 = EDGE_CURVE('',#274,#265,#276,.T.);
#274 = VERTEX_POINT('',#275);
#275 = CARTESIAN_POINT('',(-0.75,-4.,-13.9));
#276 = LINE('',#277,#278);
#277 = CARTESIAN_POINT('',(-0.75,-4.,-13.91889997917));
#278 = VECTOR('',#279,1.);
#279 = DIRECTION('',(0.,0.,1.));
#280 = ORIENTED_EDGE('',*,*,#281,.F.);
#281 = EDGE_CURVE('',#255,#274,#282,.T.);
#282 = CIRCLE('',#283,0.75);
#283 = AXIS2_PLACEMENT_3D('',#284,#285,#286);
#284 = CARTESIAN_POINT('',(0.,-4.,-13.9));
#285 = DIRECTION('',(0.,0.,-1.));
#286 = DIRECTION('',(1.,0.,0.));
#287 = CYLINDRICAL_SURFACE('',#288,0.75);
#288 = AXIS2_PLACEMENT_3D('',#289,#290,#291);
#289 = CARTESIAN_POINT('',(0.,-4.,-13.91889997917));
#290 = DIRECTION('',(0.,0.,1.));
#291 = DIRECTION('',(1.,0.,-0.));
#292 = ADVANCED_FACE('',(#293),#363,.F.);
#293 = FACE_BOUND('',#294,.F.);
#294 = EDGE_LOOP('',(#295,#305,#314,#322,#331,#339,#348,#356));
#295 = ORIENTED_EDGE('',*,*,#296,.T.);
#296 = EDGE_CURVE('',#297,#299,#301,.T.);
#297 = VERTEX_POINT('',#298);
#298 = CARTESIAN_POINT('',(-2.636759374687,-1.9,-9.5));
#299 = VERTEX_POINT('',#300);
#300 = CARTESIAN_POINT('',(-2.636759374687,-1.9,-1.));
#301 = LINE('',#302,#303);
#302 = CARTESIAN_POINT('',(-2.636759374687,-1.9,-9.69));
#303 = VECTOR('',#304,1.);
#304 = DIRECTION('',(0.,0.,1.));
#305 = ORIENTED_EDGE('',*,*,#306,.T.);
#306 = EDGE_CURVE('',#299,#307,#309,.T.);
#307 = VERTEX_POINT('',#308);
#308 = CARTESIAN_POINT('',(2.636759374687,-1.9,-1.));
#309 = CIRCLE('',#310,3.25);
#310 = AXIS2_PLACEMENT_3D('',#311,#312,#313);
#311 = CARTESIAN_POINT('',(0.,0.,-1.));
#312 = DIRECTION('',(0.,0.,1.));
#313 = DIRECTION('',(1.,0.,-0.));
#314 = ORIENTED_EDGE('',*,*,#315,.T.);
#315 = EDGE_CURVE('',#307,#316,#318,.T.);
#316 = VERTEX_POINT('',#317);
#317 = CARTESIAN_POINT('',(2.636759374687,-1.9,-9.5));
#318 = LINE('',#319,#320);
#319 = CARTESIAN_POINT('',(2.636759374687,-1.9,-9.69));
#320 = VECTOR('',#321,1.);
#321 = DIRECTION('',(-0.,-0.,-1.));
#322 = ORIENTED_EDGE('',*,*,#323,.T.);
#323 = EDGE_CURVE('',#316,#324,#326,.T.);
#324 = VERTEX_POINT('',#325);
#325 = CARTESIAN_POINT('',(3.25,0.,-9.5));
#326 = CIRCLE('',#327,3.25);
#327 = AXIS2_PLACEMENT_3D('',#328,#329,#330);
#328 = CARTESIAN_POINT('',(0.,0.,-9.5));
#329 = DIRECTION('',(0.,0.,1.));
#330 = DIRECTION('',(1.,0.,-0.));
#331 = ORIENTED_EDGE('',*,*,#332,.T.);
#332 = EDGE_CURVE('',#324,#333,#335,.T.);
#333 = VERTEX_POINT('',#334);
#334 = CARTESIAN_POINT('',(3.25,0.,0.));
#335 = LINE('',#336,#337);
#336 = CARTESIAN_POINT('',(3.25,0.,-9.69));
#337 = VECTOR('',#338,1.);
#338 = DIRECTION('',(0.,0.,1.));
#339 = ORIENTED_EDGE('',*,*,#340,.T.);
#340 = EDGE_CURVE('',#333,#341,#343,.T.);
#341 = VERTEX_POINT('',#342);
#342 = CARTESIAN_POINT('',(-3.25,3.980102097229E-16,0.));
#343 = CIRCLE('',#344,3.25);
#344 = AXIS2_PLACEMENT_3D('',#345,#346,#347);
#345 = CARTESIAN_POINT('',(0.,0.,0.));
#346 = DIRECTION('',(0.,0.,-1.));
#347 = DIRECTION('',(1.,0.,0.));
#348 = ORIENTED_EDGE('',*,*,#349,.F.);
#349 = EDGE_CURVE('',#350,#341,#352,.T.);
#350 = VERTEX_POINT('',#351);
#351 = CARTESIAN_POINT('',(-3.25,3.980102097229E-16,-9.5));
#352 = LINE('',#353,#354);
#353 = CARTESIAN_POINT('',(-3.25,3.980102097229E-16,-9.69));
#354 = VECTOR('',#355,1.);
#355 = DIRECTION('',(0.,0.,1.));
#356 = ORIENTED_EDGE('',*,*,#357,.T.);
#357 = EDGE_CURVE('',#350,#297,#358,.T.);
#358 = CIRCLE('',#359,3.25);
#359 = AXIS2_PLACEMENT_3D('',#360,#361,#362);
#360 = CARTESIAN_POINT('',(0.,0.,-9.5));
#361 = DIRECTION('',(0.,0.,1.));
#362 = DIRECTION('',(1.,0.,-0.));
#363 = CYLINDRICAL_SURFACE('',#364,3.25);
#364 = AXIS2_PLACEMENT_3D('',#365,#366,#367);
#365 = CARTESIAN_POINT('',(0.,0.,-9.69));
#366 = DIRECTION('',(0.,0.,1.));
#367 = DIRECTION('',(1.,0.,-0.));
#368 = ADVANCED_FACE('',(#369),#405,.F.);
#369 = FACE_BOUND('',#370,.F.);
#370 = EDGE_LOOP('',(#371,#381,#390,#398));
#371 = ORIENTED_EDGE('',*,*,#372,.T.);
#372 = EDGE_CURVE('',#373,#375,#377,.T.);
#373 = VERTEX_POINT('',#374);
#374 = CARTESIAN_POINT('',(0.,-6.,-6.5));
#375 = VERTEX_POINT('',#376);
#376 = CARTESIAN_POINT('',(0.,-6.5,-6.5));
#377 = LINE('',#378,#379);
#378 = CARTESIAN_POINT('',(0.,-5.976431682283,-6.5));
#379 = VECTOR('',#380,1.);
#380 = DIRECTION('',(0.,-1.,0.));
#381 = ORIENTED_EDGE('',*,*,#382,.F.);
#382 = EDGE_CURVE('',#383,#375,#385,.T.);
#383 = VERTEX_POINT('',#384);
#384 = CARTESIAN_POINT('',(1.836970198721E-16,-6.5,-3.5));
#385 = CIRCLE('',#386,1.5);
#386 = AXIS2_PLACEMENT_3D('',#387,#388,#389);
#387 = CARTESIAN_POINT('',(0.,-6.5,-5.));
#388 = DIRECTION('',(0.,-1.,0.));
#389 = DIRECTION('',(0.,0.,-1.));
#390 = ORIENTED_EDGE('',*,*,#391,.F.);
#391 = EDGE_CURVE('',#392,#383,#394,.T.);
#392 = VERTEX_POINT('',#393);
#393 = CARTESIAN_POINT('',(1.836970198721E-16,-6.,-3.5));
#394 = LINE('',#395,#396);
#395 = CARTESIAN_POINT('',(1.836970198721E-16,-5.976431682283,-3.5));
#396 = VECTOR('',#397,1.);
#397 = DIRECTION('',(0.,-1.,0.));
#398 = ORIENTED_EDGE('',*,*,#399,.T.);
#399 = EDGE_CURVE('',#392,#373,#400,.T.);
#400 = CIRCLE('',#401,1.5);
#401 = AXIS2_PLACEMENT_3D('',#402,#403,#404);
#402 = CARTESIAN_POINT('',(0.,-6.,-5.));
#403 = DIRECTION('',(0.,-1.,0.));
#404 = DIRECTION('',(0.,0.,-1.));
#405 = CYLINDRICAL_SURFACE('',#406,1.5);
#406 = AXIS2_PLACEMENT_3D('',#407,#408,#409);
#407 = CARTESIAN_POINT('',(0.,-5.976431682283,-5.));
#408 = DIRECTION('',(0.,-1.,0.));
#409 = DIRECTION('',(0.,0.,-1.));
#410 = ADVANCED_FACE('',(#411),#447,.T.);
#411 = FACE_BOUND('',#412,.T.);
#412 = EDGE_LOOP('',(#413,#424,#432,#441));
#413 = ORIENTED_EDGE('',*,*,#414,.T.);
#414 = EDGE_CURVE('',#415,#417,#419,.T.);
#415 = VERTEX_POINT('',#416);
#416 = CARTESIAN_POINT('',(0.,-7.1,-8.65));
#417 = VERTEX_POINT('',#418);
#418 = CARTESIAN_POINT('',(1.040949779275E-16,-7.1,-10.35));
#419 = CIRCLE('',#420,0.85);
#420 = AXIS2_PLACEMENT_3D('',#421,#422,#423);
#421 = CARTESIAN_POINT('',(0.,-7.1,-9.5));
#422 = DIRECTION('',(0.,1.,0.));
#423 = DIRECTION('',(0.,-0.,1.));
#424 = ORIENTED_EDGE('',*,*,#425,.T.);
#425 = EDGE_CURVE('',#417,#426,#428,.T.);
#426 = VERTEX_POINT('',#427);
#427 = CARTESIAN_POINT('',(1.040949779275E-16,-6.5,-10.35));
#428 = LINE('',#429,#430);
#429 = CARTESIAN_POINT('',(1.040949779275E-16,-7.3,-10.35));
#430 = VECTOR('',#431,1.);
#431 = DIRECTION('',(0.,1.,0.));
#432 = ORIENTED_EDGE('',*,*,#433,.T.);
#433 = EDGE_CURVE('',#426,#434,#436,.T.);
#434 = VERTEX_POINT('',#435);
#435 = CARTESIAN_POINT('',(0.,-6.5,-8.65));
#436 = CIRCLE('',#437,0.85);
#437 = AXIS2_PLACEMENT_3D('',#438,#439,#440);
#438 = CARTESIAN_POINT('',(0.,-6.5,-9.5));
#439 = DIRECTION('',(0.,-1.,0.));
#440 = DIRECTION('',(0.,0.,1.));
#441 = ORIENTED_EDGE('',*,*,#442,.F.);
#442 = EDGE_CURVE('',#415,#434,#443,.T.);
#443 = LINE('',#444,#445);
#444 = CARTESIAN_POINT('',(0.,-7.3,-8.65));
#445 = VECTOR('',#446,1.);
#446 = DIRECTION('',(0.,1.,0.));
#447 = CYLINDRICAL_SURFACE('',#448,0.85);
#448 = AXIS2_PLACEMENT_3D('',#449,#450,#451);
#449 = CARTESIAN_POINT('',(0.,-7.3,-9.5));
#450 = DIRECTION('',(0.,1.,0.));
#451 = DIRECTION('',(0.,-0.,1.));
#452 = ADVANCED_FACE('',(#453),#489,.T.);
#453 = FACE_BOUND('',#454,.T.);
#454 = EDGE_LOOP('',(#455,#466,#474,#483));
#455 = ORIENTED_EDGE('',*,*,#456,.T.);
#456 = EDGE_CURVE('',#457,#459,#461,.T.);
#457 = VERTEX_POINT('',#458);
#458 = CARTESIAN_POINT('',(9.184850993605E-17,-7.1,-4.25));
#459 = VERTEX_POINT('',#460);
#460 = CARTESIAN_POINT('',(0.,-7.1,-5.75));
#461 = CIRCLE('',#462,0.75);
#462 = AXIS2_PLACEMENT_3D('',#463,#464,#465);
#463 = CARTESIAN_POINT('',(0.,-7.1,-5.));
#464 = DIRECTION('',(0.,1.,0.));
#465 = DIRECTION('',(0.,0.,-1.));
#466 = ORIENTED_EDGE('',*,*,#467,.T.);
#467 = EDGE_CURVE('',#459,#468,#470,.T.);
#468 = VERTEX_POINT('',#469);
#469 = CARTESIAN_POINT('',(9.184850993605E-17,-6.,-5.75));
#470 = LINE('',#471,#472);
#471 = CARTESIAN_POINT('',(9.184850993605E-17,-7.3,-5.75));
#472 = VECTOR('',#473,1.);
#473 = DIRECTION('',(0.,1.,0.));
#474 = ORIENTED_EDGE('',*,*,#475,.T.);
#475 = EDGE_CURVE('',#468,#476,#478,.T.);
#476 = VERTEX_POINT('',#477);
#477 = CARTESIAN_POINT('',(0.,-6.,-4.25));
#478 = CIRCLE('',#479,0.75);
#479 = AXIS2_PLACEMENT_3D('',#480,#481,#482);
#480 = CARTESIAN_POINT('',(0.,-6.,-5.));
#481 = DIRECTION('',(0.,-1.,0.));
#482 = DIRECTION('',(0.,0.,1.));
#483 = ORIENTED_EDGE('',*,*,#484,.F.);
#484 = EDGE_CURVE('',#457,#476,#485,.T.);
#485 = LINE('',#486,#487);
#486 = CARTESIAN_POINT('',(0.,-7.3,-4.25));
#487 = VECTOR('',#488,1.);
#488 = DIRECTION('',(0.,1.,0.));
#489 = CYLINDRICAL_SURFACE('',#490,0.75);
#490 = AXIS2_PLACEMENT_3D('',#491,#492,#493);
#491 = CARTESIAN_POINT('',(0.,-7.3,-5.));
#492 = DIRECTION('',(0.,1.,0.));
#493 = DIRECTION('',(0.,-0.,1.));
#494 = ADVANCED_FACE('',(#495),#523,.T.);
#495 = FACE_BOUND('',#496,.T.);
#496 = EDGE_LOOP('',(#497,#508,#515,#516));
#497 = ORIENTED_EDGE('',*,*,#498,.F.);
#498 = EDGE_CURVE('',#499,#501,#503,.T.);
#499 = VERTEX_POINT('',#500);
#500 = CARTESIAN_POINT('',(9.184850993605E-17,-7.3,-10.15));
#501 = VERTEX_POINT('',#502);
#502 = CARTESIAN_POINT('',(0.,-7.3,-8.85));
#503 = CIRCLE('',#504,0.65);
#504 = AXIS2_PLACEMENT_3D('',#505,#506,#507);
#505 = CARTESIAN_POINT('',(0.,-7.3,-9.5));
#506 = DIRECTION('',(0.,-1.,0.));
#507 = DIRECTION('',(0.,0.,1.));
#508 = ORIENTED_EDGE('',*,*,#509,.T.);
#509 = EDGE_CURVE('',#499,#417,#510,.T.);
#510 = CIRCLE('',#511,0.2);
#511 = AXIS2_PLACEMENT_3D('',#512,#513,#514);
#512 = CARTESIAN_POINT('',(7.960204194458E-17,-7.1,-10.15));
#513 = DIRECTION('',(1.,-0.,1.224646799147E-16));
#514 = DIRECTION('',(1.224646799147E-16,0.,-1.));
#515 = ORIENTED_EDGE('',*,*,#414,.F.);
#516 = ORIENTED_EDGE('',*,*,#517,.F.);
#517 = EDGE_CURVE('',#501,#415,#518,.T.);
#518 = CIRCLE('',#519,0.2);
#519 = AXIS2_PLACEMENT_3D('',#520,#521,#522);
#520 = CARTESIAN_POINT('',(0.,-7.1,-8.85));
#521 = DIRECTION('',(-1.,0.,0.));
#522 = DIRECTION('',(0.,0.,1.));
#523 = TOROIDAL_SURFACE('',#524,0.65,0.2);
#524 = AXIS2_PLACEMENT_3D('',#525,#526,#527);
#525 = CARTESIAN_POINT('',(0.,-7.1,-9.5));
#526 = DIRECTION('',(0.,1.,0.));
#527 = DIRECTION('',(0.,-0.,1.));
#528 = ADVANCED_FACE('',(#529),#557,.T.);
#529 = FACE_BOUND('',#530,.T.);
#530 = EDGE_LOOP('',(#531,#532,#541,#550));
#531 = ORIENTED_EDGE('',*,*,#456,.F.);
#532 = ORIENTED_EDGE('',*,*,#533,.T.);
#533 = EDGE_CURVE('',#457,#534,#536,.T.);
#534 = VERTEX_POINT('',#535);
#535 = CARTESIAN_POINT('',(7.960204194458E-17,-7.3,-4.45));
#536 = CIRCLE('',#537,0.2);
#537 = AXIS2_PLACEMENT_3D('',#538,#539,#540);
#538 = CARTESIAN_POINT('',(6.73555739531E-17,-7.1,-4.45));
#539 = DIRECTION('',(1.,0.,-1.224646799147E-16));
#540 = DIRECTION('',(-1.224646799147E-16,0.,-1.));
#541 = ORIENTED_EDGE('',*,*,#542,.F.);
#542 = EDGE_CURVE('',#543,#534,#545,.T.);
#543 = VERTEX_POINT('',#544);
#544 = CARTESIAN_POINT('',(0.,-7.3,-5.55));
#545 = CIRCLE('',#546,0.55);
#546 = AXIS2_PLACEMENT_3D('',#547,#548,#549);
#547 = CARTESIAN_POINT('',(0.,-7.3,-5.));
#548 = DIRECTION('',(0.,-1.,0.));
#549 = DIRECTION('',(0.,0.,-1.));
#550 = ORIENTED_EDGE('',*,*,#551,.F.);
#551 = EDGE_CURVE('',#459,#543,#552,.T.);
#552 = CIRCLE('',#553,0.2);
#553 = AXIS2_PLACEMENT_3D('',#554,#555,#556);
#554 = CARTESIAN_POINT('',(0.,-7.1,-5.55));
#555 = DIRECTION('',(-1.,0.,-0.));
#556 = DIRECTION('',(-0.,0.,1.));
#557 = TOROIDAL_SURFACE('',#558,0.55,0.2);
#558 = AXIS2_PLACEMENT_3D('',#559,#560,#561);
#559 = CARTESIAN_POINT('',(0.,-7.1,-5.));
#560 = DIRECTION('',(0.,-1.,0.));
#561 = DIRECTION('',(0.,0.,-1.));
#562 = ADVANCED_FACE('',(#563),#599,.T.);
#563 = FACE_BOUND('',#564,.T.);
#564 = EDGE_LOOP('',(#565,#576,#584,#593));
#565 = ORIENTED_EDGE('',*,*,#566,.T.);
#566 = EDGE_CURVE('',#567,#569,#571,.T.);
#567 = VERTEX_POINT('',#568);
#568 = CARTESIAN_POINT('',(-1.,0.,-2.7));
#569 = VERTEX_POINT('',#570);
#570 = CARTESIAN_POINT('',(1.,1.224646799147E-16,-2.7));
#571 = CIRCLE('',#572,1.);
#572 = AXIS2_PLACEMENT_3D('',#573,#574,#575);
#573 = CARTESIAN_POINT('',(0.,0.,-2.7));
#574 = DIRECTION('',(-0.,0.,-1.));
#575 = DIRECTION('',(-1.,0.,0.));
#576 = ORIENTED_EDGE('',*,*,#577,.T.);
#577 = EDGE_CURVE('',#569,#578,#580,.T.);
#578 = VERTEX_POINT('',#579);
#579 = CARTESIAN_POINT('',(1.,1.224646799147E-16,-9.5));
#580 = LINE('',#581,#582);
#581 = CARTESIAN_POINT('',(1.,1.224646799147E-16,-1.7));
#582 = VECTOR('',#583,1.);
#583 = DIRECTION('',(-0.,-0.,-1.));
#584 = ORIENTED_EDGE('',*,*,#585,.T.);
#585 = EDGE_CURVE('',#578,#586,#588,.T.);
#586 = VERTEX_POINT('',#587);
#587 = CARTESIAN_POINT('',(-1.,0.,-9.5));
#588 = CIRCLE('',#589,1.);
#589 = AXIS2_PLACEMENT_3D('',#590,#591,#592);
#590 = CARTESIAN_POINT('',(0.,0.,-9.5));
#591 = DIRECTION('',(0.,0.,1.));
#592 = DIRECTION('',(1.,0.,-0.));
#593 = ORIENTED_EDGE('',*,*,#594,.F.);
#594 = EDGE_CURVE('',#567,#586,#595,.T.);
#595 = LINE('',#596,#597);
#596 = CARTESIAN_POINT('',(-1.,0.,-1.7));
#597 = VECTOR('',#598,1.);
#598 = DIRECTION('',(-0.,-0.,-1.));
#599 = CYLINDRICAL_SURFACE('',#600,1.);
#600 = AXIS2_PLACEMENT_3D('',#601,#602,#603);
#601 = CARTESIAN_POINT('',(0.,0.,-1.7));
#602 = DIRECTION('',(-0.,-0.,-1.));
#603 = DIRECTION('',(-1.,0.,0.));
#604 = ADVANCED_FACE('',(#605),#642,.T.);
#605 = FACE_BOUND('',#606,.T.);
#606 = EDGE_LOOP('',(#607,#608,#617,#626,#635));
#607 = ORIENTED_EDGE('',*,*,#40,.F.);
#608 = ORIENTED_EDGE('',*,*,#609,.T.);
#609 = EDGE_CURVE('',#33,#610,#612,.T.);
#610 = VERTEX_POINT('',#611);
#611 = CARTESIAN_POINT('',(0.4,-3.999999999993,-14.5));
#612 = CIRCLE('',#613,0.2);
#613 = AXIS2_PLACEMENT_3D('',#614,#615,#616);
#614 = CARTESIAN_POINT('',(0.4,-4.,-14.3));
#615 = DIRECTION('',(-1.224646799147E-16,1.,0.));
#616 = DIRECTION('',(-1.,-1.224646799147E-16,-0.));
#617 = ORIENTED_EDGE('',*,*,#618,.T.);
#618 = EDGE_CURVE('',#610,#619,#621,.T.);
#619 = VERTEX_POINT('',#620);
#620 = CARTESIAN_POINT('',(0.399702752219,-3.984495443033,-14.5));
#621 = ( BOUNDED_CURVE() B_SPLINE_CURVE(3,(#622,#623,#624,#625),
.UNSPECIFIED.,.F.,.F.) B_SPLINE_CURVE_WITH_KNOTS((4,4),(0.,
1.234112461137E-02),.PIECEWISE_BEZIER_KNOTS.) CURVE() 
GEOMETRIC_REPRESENTATION_ITEM() RATIONAL_B_SPLINE_CURVE((1.,
0.999874739433,0.999874739433,1.)) REPRESENTATION_ITEM('') );
#622 = CARTESIAN_POINT('',(0.4,-3.999999999993,-14.5));
#623 = CARTESIAN_POINT('',(0.4,-3.994830238011,-14.5));
#624 = CARTESIAN_POINT('',(0.399899788408,-3.989661447374,-14.5));
#625 = CARTESIAN_POINT('',(0.399702752219,-3.984495443033,-14.5));
#626 = ORIENTED_EDGE('',*,*,#627,.T.);
#627 = EDGE_CURVE('',#619,#628,#630,.T.);
#628 = VERTEX_POINT('',#629);
#629 = CARTESIAN_POINT('',(-0.4,-4.,-14.5));
#630 = ( BOUNDED_CURVE() B_SPLINE_CURVE(3,(#631,#632,#633,#634),
.UNSPECIFIED.,.F.,.F.) B_SPLINE_CURVE_WITH_KNOTS((4,4),(
1.234112461137E-02,1.),.PIECEWISE_BEZIER_KNOTS.) CURVE() 
GEOMETRIC_REPRESENTATION_ITEM() RATIONAL_B_SPLINE_CURVE((1.,
0.346256119387,0.346256119387,1.)) REPRESENTATION_ITEM('') );
#631 = CARTESIAN_POINT('',(0.399702752219,-3.984495443033,-14.5));
#632 = CARTESIAN_POINT('',(0.369853448653,-3.215076094213,-14.5));
#633 = CARTESIAN_POINT('',(-0.4,-3.230001875745,-14.5));
#634 = CARTESIAN_POINT('',(-0.4,-4.,-14.5));
#635 = ORIENTED_EDGE('',*,*,#636,.F.);
#636 = EDGE_CURVE('',#41,#628,#637,.T.);
#637 = CIRCLE('',#638,0.2);
#638 = AXIS2_PLACEMENT_3D('',#639,#640,#641);
#639 = CARTESIAN_POINT('',(-0.4,-4.,-14.3));
#640 = DIRECTION('',(0.,-1.,-0.));
#641 = DIRECTION('',(0.,0.,-1.));
#642 = TOROIDAL_SURFACE('',#643,0.4,0.2);
#643 = AXIS2_PLACEMENT_3D('',#644,#645,#646);
#644 = CARTESIAN_POINT('',(-2.059984127722E-15,-4.,-14.3));
#645 = DIRECTION('',(0.,0.,-1.));
#646 = DIRECTION('',(-1.,0.,0.));
#647 = ADVANCED_FACE('',(#648),#682,.T.);
#648 = FACE_BOUND('',#649,.T.);
#649 = EDGE_LOOP('',(#650,#661,#668,#675));
#650 = ORIENTED_EDGE('',*,*,#651,.T.);
#651 = EDGE_CURVE('',#652,#654,#656,.T.);
#652 = VERTEX_POINT('',#653);
#653 = CARTESIAN_POINT('',(-1.249999999995,0.,-9.5));
#654 = VERTEX_POINT('',#655);
#655 = CARTESIAN_POINT('',(1.249999999995,1.683889348812E-16,-9.5));
#656 = CIRCLE('',#657,1.249999999995);
#657 = AXIS2_PLACEMENT_3D('',#658,#659,#660);
#658 = CARTESIAN_POINT('',(0.,0.,-9.5));
#659 = DIRECTION('',(0.,0.,-1.));
#660 = DIRECTION('',(1.,0.,0.));
#661 = ORIENTED_EDGE('',*,*,#662,.T.);
#662 = EDGE_CURVE('',#654,#106,#663,.T.);
#663 = CIRCLE('',#664,0.3);
#664 = AXIS2_PLACEMENT_3D('',#665,#666,#667);
#665 = CARTESIAN_POINT('',(1.2,1.469576158977E-16,-9.795803987888));
#666 = DIRECTION('',(-1.224646799147E-16,1.,0.));
#667 = DIRECTION('',(-1.,-1.224646799147E-16,0.));
#668 = ORIENTED_EDGE('',*,*,#669,.T.);
#669 = EDGE_CURVE('',#106,#125,#670,.T.);
#670 = CIRCLE('',#671,1.5);
#671 = AXIS2_PLACEMENT_3D('',#672,#673,#674);
#672 = CARTESIAN_POINT('',(0.,0.,-9.795803987888));
#673 = DIRECTION('',(0.,0.,1.));
#674 = DIRECTION('',(1.,0.,-0.));
#675 = ORIENTED_EDGE('',*,*,#676,.F.);
#676 = EDGE_CURVE('',#652,#125,#677,.T.);
#677 = CIRCLE('',#678,0.3);
#678 = AXIS2_PLACEMENT_3D('',#679,#680,#681);
#679 = CARTESIAN_POINT('',(-1.2,0.,-9.795803987888));
#680 = DIRECTION('',(-0.,-1.,0.));
#681 = DIRECTION('',(-0.,0.,-1.));
#682 = TOROIDAL_SURFACE('',#683,1.2,0.3);
#683 = AXIS2_PLACEMENT_3D('',#684,#685,#686);
#684 = CARTESIAN_POINT('',(-9.179719565868E-17,0.,-9.795803987888));
#685 = DIRECTION('',(-0.,0.,-1.));
#686 = DIRECTION('',(-1.,0.,0.));
#687 = ADVANCED_FACE('',(#688),#700,.T.);
#688 = FACE_BOUND('',#689,.T.);
#689 = EDGE_LOOP('',(#690,#691,#698,#699));
#690 = ORIENTED_EDGE('',*,*,#662,.F.);
#691 = ORIENTED_EDGE('',*,*,#692,.T.);
#692 = EDGE_CURVE('',#654,#652,#693,.T.);
#693 = CIRCLE('',#694,1.249999999995);
#694 = AXIS2_PLACEMENT_3D('',#695,#696,#697);
#695 = CARTESIAN_POINT('',(0.,0.,-9.5));
#696 = DIRECTION('',(0.,0.,-1.));
#697 = DIRECTION('',(1.,0.,0.));
#698 = ORIENTED_EDGE('',*,*,#676,.T.);
#699 = ORIENTED_EDGE('',*,*,#132,.T.);
#700 = TOROIDAL_SURFACE('',#701,1.2,0.3);
#701 = AXIS2_PLACEMENT_3D('',#702,#703,#704);
#702 = CARTESIAN_POINT('',(-9.179719565868E-17,0.,-9.795803987888));
#703 = DIRECTION('',(-0.,0.,-1.));
#704 = DIRECTION('',(-1.,0.,0.));
#705 = ADVANCED_FACE('',(#706),#733,.T.);
#706 = FACE_BOUND('',#707,.T.);
#707 = EDGE_LOOP('',(#708,#709,#716,#717,#726));
#708 = ORIENTED_EDGE('',*,*,#609,.F.);
#709 = ORIENTED_EDGE('',*,*,#710,.F.);
#710 = EDGE_CURVE('',#41,#33,#711,.T.);
#711 = CIRCLE('',#712,0.6);
#712 = AXIS2_PLACEMENT_3D('',#713,#714,#715);
#713 = CARTESIAN_POINT('',(0.,-4.,-14.3));
#714 = DIRECTION('',(0.,0.,1.));
#715 = DIRECTION('',(-1.,0.,0.));
#716 = ORIENTED_EDGE('',*,*,#636,.T.);
#717 = ORIENTED_EDGE('',*,*,#718,.T.);
#718 = EDGE_CURVE('',#628,#719,#721,.T.);
#719 = VERTEX_POINT('',#720);
#720 = CARTESIAN_POINT('',(-0.399702752219,-4.015504556967,-14.5));
#721 = ( BOUNDED_CURVE() B_SPLINE_CURVE(3,(#722,#723,#724,#725),
.UNSPECIFIED.,.F.,.F.) B_SPLINE_CURVE_WITH_KNOTS((4,4),(0.,
1.234112461137E-02),.PIECEWISE_BEZIER_KNOTS.) CURVE() 
GEOMETRIC_REPRESENTATION_ITEM() RATIONAL_B_SPLINE_CURVE((1.,
0.999874739433,0.999874739433,1.)) REPRESENTATION_ITEM('') );
#722 = CARTESIAN_POINT('',(-0.4,-4.,-14.5));
#723 = CARTESIAN_POINT('',(-0.4,-4.005169761989,-14.5));
#724 = CARTESIAN_POINT('',(-0.399899788408,-4.010338552626,-14.5));
#725 = CARTESIAN_POINT('',(-0.399702752219,-4.015504556967,-14.5));
#726 = ORIENTED_EDGE('',*,*,#727,.T.);
#727 = EDGE_CURVE('',#719,#610,#728,.T.);
#728 = ( BOUNDED_CURVE() B_SPLINE_CURVE(3,(#729,#730,#731,#732),
.UNSPECIFIED.,.F.,.F.) B_SPLINE_CURVE_WITH_KNOTS((4,4),(
1.234112461137E-02,1.),.PIECEWISE_BEZIER_KNOTS.) CURVE() 
GEOMETRIC_REPRESENTATION_ITEM() RATIONAL_B_SPLINE_CURVE((1.,
0.346256119387,0.346256119387,1.)) REPRESENTATION_ITEM('') );
#729 = CARTESIAN_POINT('',(-0.399702752219,-4.015504556967,-14.5));
#730 = CARTESIAN_POINT('',(-0.369853448653,-4.784923905787,-14.5));
#731 = CARTESIAN_POINT('',(0.4,-4.769998124255,-14.5));
#732 = CARTESIAN_POINT('',(0.4,-3.999999999993,-14.5));
#733 = TOROIDAL_SURFACE('',#734,0.4,0.2);
#734 = AXIS2_PLACEMENT_3D('',#735,#736,#737);
#735 = CARTESIAN_POINT('',(-2.059984127722E-15,-4.,-14.3));
#736 = DIRECTION('',(0.,0.,-1.));
#737 = DIRECTION('',(-1.,0.,0.));
#738 = ADVANCED_FACE('',(#739),#762,.T.);
#739 = FACE_BOUND('',#740,.T.);
#740 = EDGE_LOOP('',(#741,#742,#749,#761));
#741 = ORIENTED_EDGE('',*,*,#566,.F.);
#742 = ORIENTED_EDGE('',*,*,#743,.F.);
#743 = EDGE_CURVE('',#569,#567,#744,.T.);
#744 = CIRCLE('',#745,1.);
#745 = AXIS2_PLACEMENT_3D('',#746,#747,#748);
#746 = CARTESIAN_POINT('',(0.,0.,-2.7));
#747 = DIRECTION('',(-0.,0.,-1.));
#748 = DIRECTION('',(-1.,0.,0.));
#749 = ORIENTED_EDGE('',*,*,#750,.F.);
#750 = EDGE_CURVE('',#751,#569,#753,.T.);
#751 = VERTEX_POINT('',#752);
#752 = CARTESIAN_POINT('',(6.123233995737E-17,0.,-1.7));
#753 = B_SPLINE_CURVE_WITH_KNOTS('',6,(#754,#755,#756,#757,#758,#759,
    #760),.UNSPECIFIED.,.F.,.F.,(7,7),(-1.570796326795,
    4.440892098501E-16),.PIECEWISE_BEZIER_KNOTS.);
#754 = CARTESIAN_POINT('',(1.110223024625E-16,-4.930380657631E-32,-1.7)
  );
#755 = CARTESIAN_POINT('',(0.261799387799,6.412235645739E-17,-1.7));
#756 = CARTESIAN_POINT('',(0.523576500705,1.282392571395E-16,
    -1.78222768602));
#757 = CARTESIAN_POINT('',(0.75319014964,1.844783811812E-16,
    -1.94680985036));
#758 = CARTESIAN_POINT('',(0.91777231398,2.247893853323E-16,
    -2.176423499295));
#759 = CARTESIAN_POINT('',(1.,2.449293598295E-16,-2.438200612201));
#760 = CARTESIAN_POINT('',(1.,2.449293598295E-16,-2.7));
#761 = ORIENTED_EDGE('',*,*,#750,.T.);
#762 = SPHERICAL_SURFACE('',#763,1.);
#763 = AXIS2_PLACEMENT_3D('',#764,#765,#766);
#764 = CARTESIAN_POINT('',(0.,0.,-2.7));
#765 = DIRECTION('',(0.,0.,-1.));
#766 = DIRECTION('',(1.,0.,0.));
#767 = ADVANCED_FACE('',(#768),#780,.T.);
#768 = FACE_BOUND('',#769,.T.);
#769 = EDGE_LOOP('',(#770,#771,#772,#773));
#770 = ORIENTED_EDGE('',*,*,#577,.F.);
#771 = ORIENTED_EDGE('',*,*,#743,.T.);
#772 = ORIENTED_EDGE('',*,*,#594,.T.);
#773 = ORIENTED_EDGE('',*,*,#774,.T.);
#774 = EDGE_CURVE('',#586,#578,#775,.T.);
#775 = CIRCLE('',#776,1.);
#776 = AXIS2_PLACEMENT_3D('',#777,#778,#779);
#777 = CARTESIAN_POINT('',(0.,0.,-9.5));
#778 = DIRECTION('',(0.,0.,1.));
#779 = DIRECTION('',(1.,0.,-0.));
#780 = CYLINDRICAL_SURFACE('',#781,1.);
#781 = AXIS2_PLACEMENT_3D('',#782,#783,#784);
#782 = CARTESIAN_POINT('',(0.,0.,-1.7));
#783 = DIRECTION('',(-0.,-0.,-1.));
#784 = DIRECTION('',(-1.,0.,0.));
#785 = ADVANCED_FACE('',(#786),#804,.T.);
#786 = FACE_BOUND('',#787,.T.);
#787 = EDGE_LOOP('',(#788,#789,#796,#797));
#788 = ORIENTED_EDGE('',*,*,#533,.F.);
#789 = ORIENTED_EDGE('',*,*,#790,.F.);
#790 = EDGE_CURVE('',#459,#457,#791,.T.);
#791 = CIRCLE('',#792,0.75);
#792 = AXIS2_PLACEMENT_3D('',#793,#794,#795);
#793 = CARTESIAN_POINT('',(0.,-7.1,-5.));
#794 = DIRECTION('',(0.,1.,0.));
#795 = DIRECTION('',(0.,0.,-1.));
#796 = ORIENTED_EDGE('',*,*,#551,.T.);
#797 = ORIENTED_EDGE('',*,*,#798,.F.);
#798 = EDGE_CURVE('',#534,#543,#799,.T.);
#799 = CIRCLE('',#800,0.55);
#800 = AXIS2_PLACEMENT_3D('',#801,#802,#803);
#801 = CARTESIAN_POINT('',(0.,-7.3,-5.));
#802 = DIRECTION('',(0.,-1.,0.));
#803 = DIRECTION('',(0.,0.,-1.));
#804 = TOROIDAL_SURFACE('',#805,0.55,0.2);
#805 = AXIS2_PLACEMENT_3D('',#806,#807,#808);
#806 = CARTESIAN_POINT('',(0.,-7.1,-5.));
#807 = DIRECTION('',(0.,-1.,0.));
#808 = DIRECTION('',(0.,0.,-1.));
#809 = ADVANCED_FACE('',(#810),#828,.T.);
#810 = FACE_BOUND('',#811,.T.);
#811 = EDGE_LOOP('',(#812,#813,#820,#821));
#812 = ORIENTED_EDGE('',*,*,#509,.F.);
#813 = ORIENTED_EDGE('',*,*,#814,.F.);
#814 = EDGE_CURVE('',#501,#499,#815,.T.);
#815 = CIRCLE('',#816,0.65);
#816 = AXIS2_PLACEMENT_3D('',#817,#818,#819);
#817 = CARTESIAN_POINT('',(0.,-7.3,-9.5));
#818 = DIRECTION('',(0.,-1.,0.));
#819 = DIRECTION('',(0.,0.,1.));
#820 = ORIENTED_EDGE('',*,*,#517,.T.);
#821 = ORIENTED_EDGE('',*,*,#822,.F.);
#822 = EDGE_CURVE('',#417,#415,#823,.T.);
#823 = CIRCLE('',#824,0.85);
#824 = AXIS2_PLACEMENT_3D('',#825,#826,#827);
#825 = CARTESIAN_POINT('',(0.,-7.1,-9.5));
#826 = DIRECTION('',(0.,1.,0.));
#827 = DIRECTION('',(0.,-0.,1.));
#828 = TOROIDAL_SURFACE('',#829,0.65,0.2);
#829 = AXIS2_PLACEMENT_3D('',#830,#831,#832);
#830 = CARTESIAN_POINT('',(0.,-7.1,-9.5));
#831 = DIRECTION('',(0.,1.,0.));
#832 = DIRECTION('',(0.,-0.,1.));
#833 = ADVANCED_FACE('',(#834),#846,.T.);
#834 = FACE_BOUND('',#835,.T.);
#835 = EDGE_LOOP('',(#836,#837,#838,#839));
#836 = ORIENTED_EDGE('',*,*,#467,.F.);
#837 = ORIENTED_EDGE('',*,*,#790,.T.);
#838 = ORIENTED_EDGE('',*,*,#484,.T.);
#839 = ORIENTED_EDGE('',*,*,#840,.T.);
#840 = EDGE_CURVE('',#476,#468,#841,.T.);
#841 = CIRCLE('',#842,0.75);
#842 = AXIS2_PLACEMENT_3D('',#843,#844,#845);
#843 = CARTESIAN_POINT('',(0.,-6.,-5.));
#844 = DIRECTION('',(0.,-1.,0.));
#845 = DIRECTION('',(0.,0.,1.));
#846 = CYLINDRICAL_SURFACE('',#847,0.75);
#847 = AXIS2_PLACEMENT_3D('',#848,#849,#850);
#848 = CARTESIAN_POINT('',(0.,-7.3,-5.));
#849 = DIRECTION('',(0.,1.,0.));
#850 = DIRECTION('',(0.,-0.,1.));
#851 = ADVANCED_FACE('',(#852),#864,.T.);
#852 = FACE_BOUND('',#853,.T.);
#853 = EDGE_LOOP('',(#854,#855,#856,#857));
#854 = ORIENTED_EDGE('',*,*,#425,.F.);
#855 = ORIENTED_EDGE('',*,*,#822,.T.);
#856 = ORIENTED_EDGE('',*,*,#442,.T.);
#857 = ORIENTED_EDGE('',*,*,#858,.T.);
#858 = EDGE_CURVE('',#434,#426,#859,.T.);
#859 = CIRCLE('',#860,0.85);
#860 = AXIS2_PLACEMENT_3D('',#861,#862,#863);
#861 = CARTESIAN_POINT('',(0.,-6.5,-9.5));
#862 = DIRECTION('',(0.,-1.,0.));
#863 = DIRECTION('',(0.,0.,1.));
#864 = CYLINDRICAL_SURFACE('',#865,0.85);
#865 = AXIS2_PLACEMENT_3D('',#866,#867,#868);
#866 = CARTESIAN_POINT('',(0.,-7.3,-9.5));
#867 = DIRECTION('',(0.,1.,0.));
#868 = DIRECTION('',(0.,-0.,1.));
#869 = ADVANCED_FACE('',(#870),#888,.F.);
#870 = FACE_BOUND('',#871,.F.);
#871 = EDGE_LOOP('',(#872,#879,#880,#887));
#872 = ORIENTED_EDGE('',*,*,#873,.F.);
#873 = EDGE_CURVE('',#375,#383,#874,.T.);
#874 = CIRCLE('',#875,1.5);
#875 = AXIS2_PLACEMENT_3D('',#876,#877,#878);
#876 = CARTESIAN_POINT('',(0.,-6.5,-5.));
#877 = DIRECTION('',(0.,-1.,0.));
#878 = DIRECTION('',(0.,0.,-1.));
#879 = ORIENTED_EDGE('',*,*,#372,.F.);
#880 = ORIENTED_EDGE('',*,*,#881,.T.);
#881 = EDGE_CURVE('',#373,#392,#882,.T.);
#882 = CIRCLE('',#883,1.5);
#883 = AXIS2_PLACEMENT_3D('',#884,#885,#886);
#884 = CARTESIAN_POINT('',(0.,-6.,-5.));
#885 = DIRECTION('',(0.,-1.,0.));
#886 = DIRECTION('',(0.,0.,-1.));
#887 = ORIENTED_EDGE('',*,*,#391,.T.);
#888 = CYLINDRICAL_SURFACE('',#889,1.5);
#889 = AXIS2_PLACEMENT_3D('',#890,#891,#892);
#890 = CARTESIAN_POINT('',(0.,-5.976431682283,-5.));
#891 = DIRECTION('',(0.,-1.,0.));
#892 = DIRECTION('',(0.,0.,-1.));
#893 = ADVANCED_FACE('',(#894),#912,.F.);
#894 = FACE_BOUND('',#895,.F.);
#895 = EDGE_LOOP('',(#896,#903,#904,#911));
#896 = ORIENTED_EDGE('',*,*,#897,.T.);
#897 = EDGE_CURVE('',#341,#333,#898,.T.);
#898 = CIRCLE('',#899,3.25);
#899 = AXIS2_PLACEMENT_3D('',#900,#901,#902);
#900 = CARTESIAN_POINT('',(0.,0.,0.));
#901 = DIRECTION('',(0.,0.,-1.));
#902 = DIRECTION('',(1.,0.,0.));
#903 = ORIENTED_EDGE('',*,*,#332,.F.);
#904 = ORIENTED_EDGE('',*,*,#905,.T.);
#905 = EDGE_CURVE('',#324,#350,#906,.T.);
#906 = CIRCLE('',#907,3.25);
#907 = AXIS2_PLACEMENT_3D('',#908,#909,#910);
#908 = CARTESIAN_POINT('',(0.,0.,-9.5));
#909 = DIRECTION('',(0.,0.,1.));
#910 = DIRECTION('',(1.,0.,-0.));
#911 = ORIENTED_EDGE('',*,*,#349,.T.);
#912 = CYLINDRICAL_SURFACE('',#913,3.25);
#913 = AXIS2_PLACEMENT_3D('',#914,#915,#916);
#914 = CARTESIAN_POINT('',(0.,0.,-9.69));
#915 = DIRECTION('',(0.,0.,1.));
#916 = DIRECTION('',(1.,0.,-0.));
#917 = ADVANCED_FACE('',(#918),#936,.F.);
#918 = FACE_BOUND('',#919,.F.);
#919 = EDGE_LOOP('',(#920,#927,#928,#935));
#920 = ORIENTED_EDGE('',*,*,#921,.T.);
#921 = EDGE_CURVE('',#265,#257,#922,.T.);
#922 = CIRCLE('',#923,0.75);
#923 = AXIS2_PLACEMENT_3D('',#924,#925,#926);
#924 = CARTESIAN_POINT('',(0.,-4.,-13.5));
#925 = DIRECTION('',(0.,0.,-1.));
#926 = DIRECTION('',(1.,0.,0.));
#927 = ORIENTED_EDGE('',*,*,#254,.F.);
#928 = ORIENTED_EDGE('',*,*,#929,.F.);
#929 = EDGE_CURVE('',#274,#255,#930,.T.);
#930 = CIRCLE('',#931,0.75);
#931 = AXIS2_PLACEMENT_3D('',#932,#933,#934);
#932 = CARTESIAN_POINT('',(0.,-4.,-13.9));
#933 = DIRECTION('',(0.,0.,-1.));
#934 = DIRECTION('',(1.,0.,0.));
#935 = ORIENTED_EDGE('',*,*,#273,.T.);
#936 = CYLINDRICAL_SURFACE('',#937,0.75);
#937 = AXIS2_PLACEMENT_3D('',#938,#939,#940);
#938 = CARTESIAN_POINT('',(0.,-4.,-13.91889997917));
#939 = DIRECTION('',(0.,0.,1.));
#940 = DIRECTION('',(1.,0.,-0.));
#941 = ADVANCED_FACE('',(#942),#960,.T.);
#942 = FACE_BOUND('',#943,.T.);
#943 = EDGE_LOOP('',(#944,#945,#952,#953));
#944 = ORIENTED_EDGE('',*,*,#233,.F.);
#945 = ORIENTED_EDGE('',*,*,#946,.T.);
#946 = EDGE_CURVE('',#225,#223,#947,.T.);
#947 = CIRCLE('',#948,1.5);
#948 = AXIS2_PLACEMENT_3D('',#949,#950,#951);
#949 = CARTESIAN_POINT('',(0.,0.,-13.9));
#950 = DIRECTION('',(0.,0.,-1.));
#951 = DIRECTION('',(-1.,0.,0.));
#952 = ORIENTED_EDGE('',*,*,#240,.T.);
#953 = ORIENTED_EDGE('',*,*,#954,.T.);
#954 = EDGE_CURVE('',#75,#83,#955,.T.);
#955 = CIRCLE('',#956,1.5);
#956 = AXIS2_PLACEMENT_3D('',#957,#958,#959);
#957 = CARTESIAN_POINT('',(0.,0.,-14.01434979732));
#958 = DIRECTION('',(0.,0.,1.));
#959 = DIRECTION('',(-1.,0.,0.));
#960 = CYLINDRICAL_SURFACE('',#961,1.5);
#961 = AXIS2_PLACEMENT_3D('',#962,#963,#964);
#962 = CARTESIAN_POINT('',(0.,0.,-13.83308289215));
#963 = DIRECTION('',(0.,0.,-1.));
#964 = DIRECTION('',(-1.,0.,0.));
#965 = ADVANCED_FACE('',(#966),#993,.T.);
#966 = FACE_BOUND('',#967,.T.);
#967 = EDGE_LOOP('',(#968,#969,#978,#986));
#968 = ORIENTED_EDGE('',*,*,#158,.F.);
#969 = ORIENTED_EDGE('',*,*,#970,.T.);
#970 = EDGE_CURVE('',#150,#971,#973,.T.);
#971 = VERTEX_POINT('',#972);
#972 = CARTESIAN_POINT('',(1.569230769236,-1.815906052879,-13.5));
#973 = CIRCLE('',#974,2.4);
#974 = AXIS2_PLACEMENT_3D('',#975,#976,#977);
#975 = CARTESIAN_POINT('',(0.,0.,-13.5));
#976 = DIRECTION('',(0.,0.,-1.));
#977 = DIRECTION('',(-1.,0.,0.));
#978 = ORIENTED_EDGE('',*,*,#979,.T.);
#979 = EDGE_CURVE('',#971,#980,#982,.T.);
#980 = VERTEX_POINT('',#981);
#981 = CARTESIAN_POINT('',(1.569230769236,-1.815906052879,-13.9));
#982 = LINE('',#983,#984);
#983 = CARTESIAN_POINT('',(1.569230769241,-1.815906052875,
    -13.48110002083));
#984 = VECTOR('',#985,1.);
#985 = DIRECTION('',(0.,0.,-1.));
#986 = ORIENTED_EDGE('',*,*,#987,.T.);
#987 = EDGE_CURVE('',#980,#159,#988,.T.);
#988 = CIRCLE('',#989,2.4);
#989 = AXIS2_PLACEMENT_3D('',#990,#991,#992);
#990 = CARTESIAN_POINT('',(0.,0.,-13.9));
#991 = DIRECTION('',(0.,0.,1.));
#992 = DIRECTION('',(-1.,0.,0.));
#993 = CYLINDRICAL_SURFACE('',#994,2.4);
#994 = AXIS2_PLACEMENT_3D('',#995,#996,#997);
#995 = CARTESIAN_POINT('',(0.,0.,-13.48110002083));
#996 = DIRECTION('',(0.,0.,-1.));
#997 = DIRECTION('',(-1.,0.,0.));
#998 = ADVANCED_FACE('',(#999),#1011,.F.);
#999 = FACE_BOUND('',#1000,.F.);
#1000 = EDGE_LOOP('',(#1001,#1008,#1009,#1010));
#1001 = ORIENTED_EDGE('',*,*,#1002,.T.);
#1002 = EDGE_CURVE('',#116,#108,#1003,.T.);
#1003 = CIRCLE('',#1004,1.5);
#1004 = AXIS2_PLACEMENT_3D('',#1005,#1006,#1007);
#1005 = CARTESIAN_POINT('',(0.,0.,-9.5));
#1006 = DIRECTION('',(0.,0.,-1.));
#1007 = DIRECTION('',(1.,0.,0.));
#1008 = ORIENTED_EDGE('',*,*,#105,.F.);
#1009 = ORIENTED_EDGE('',*,*,#669,.T.);
#1010 = ORIENTED_EDGE('',*,*,#124,.T.);
#1011 = CYLINDRICAL_SURFACE('',#1012,1.5);
#1012 = AXIS2_PLACEMENT_3D('',#1013,#1014,#1015);
#1013 = CARTESIAN_POINT('',(0.,0.,-10.22356831772));
#1014 = DIRECTION('',(0.,0.,1.));
#1015 = DIRECTION('',(1.,0.,-0.));
#1016 = ADVANCED_FACE('',(#1017),#1029,.T.);
#1017 = FACE_BOUND('',#1018,.T.);
#1018 = EDGE_LOOP('',(#1019,#1020,#1027,#1028));
#1019 = ORIENTED_EDGE('',*,*,#74,.F.);
#1020 = ORIENTED_EDGE('',*,*,#1021,.T.);
#1021 = EDGE_CURVE('',#66,#64,#1022,.T.);
#1022 = CIRCLE('',#1023,9.99999999749E-02);
#1023 = AXIS2_PLACEMENT_3D('',#1024,#1025,#1026);
#1024 = CARTESIAN_POINT('',(0.,0.,-14.32472232505));
#1025 = DIRECTION('',(0.,0.,1.));
#1026 = DIRECTION('',(1.,0.,-0.));
#1027 = ORIENTED_EDGE('',*,*,#91,.T.);
#1028 = ORIENTED_EDGE('',*,*,#954,.F.);
#1029 = CONICAL_SURFACE('',#1030,1.500000000021,1.35263017029);
#1030 = AXIS2_PLACEMENT_3D('',#1031,#1032,#1033);
#1031 = CARTESIAN_POINT('',(0.,0.,-14.01434979733));
#1032 = DIRECTION('',(0.,0.,1.));
#1033 = DIRECTION('',(1.,0.,-0.));
#1034 = ADVANCED_FACE('',(#1035),#1047,.T.);
#1035 = FACE_BOUND('',#1036,.T.);
#1036 = EDGE_LOOP('',(#1037,#1038,#1045,#1046));
#1037 = ORIENTED_EDGE('',*,*,#32,.F.);
#1038 = ORIENTED_EDGE('',*,*,#1039,.T.);
#1039 = EDGE_CURVE('',#24,#22,#1040,.T.);
#1040 = CIRCLE('',#1041,0.6);
#1041 = AXIS2_PLACEMENT_3D('',#1042,#1043,#1044);
#1042 = CARTESIAN_POINT('',(0.,-4.,-13.5));
#1043 = DIRECTION('',(0.,0.,-1.));
#1044 = DIRECTION('',(-1.,0.,0.));
#1045 = ORIENTED_EDGE('',*,*,#49,.T.);
#1046 = ORIENTED_EDGE('',*,*,#710,.T.);
#1047 = CYLINDRICAL_SURFACE('',#1048,0.6);
#1048 = AXIS2_PLACEMENT_3D('',#1049,#1050,#1051);
#1049 = CARTESIAN_POINT('',(0.,-4.,-13.48277801405));
#1050 = DIRECTION('',(0.,0.,-1.));
#1051 = DIRECTION('',(-1.,0.,0.));
#1052 = ADVANCED_FACE('',(#1053),#1093,.F.);
#1053 = FACE_BOUND('',#1054,.F.);
#1054 = EDGE_LOOP('',(#1055,#1065,#1076,#1084));
#1055 = ORIENTED_EDGE('',*,*,#1056,.F.);
#1056 = EDGE_CURVE('',#1057,#1059,#1061,.T.);
#1057 = VERTEX_POINT('',#1058);
#1058 = CARTESIAN_POINT('',(1.965317134297,-2.341662527514,
    -4.94478868823));
#1059 = VERTEX_POINT('',#1060);
#1060 = CARTESIAN_POINT('',(-1.965317109708,-2.341662953066,
    -4.944789406499));
#1061 = LINE('',#1062,#1063);
#1062 = CARTESIAN_POINT('',(0.,-2.341663068074,-4.944789417547));
#1063 = VECTOR('',#1064,1.);
#1064 = DIRECTION('',(-1.,-0.,-0.));
#1065 = ORIENTED_EDGE('',*,*,#1066,.T.);
#1066 = EDGE_CURVE('',#1057,#1067,#1069,.T.);
#1067 = VERTEX_POINT('',#1068);
#1068 = CARTESIAN_POINT('',(1.871383446745,-2.258928804866,
    -5.92919259137));
#1069 = B_SPLINE_CURVE_WITH_KNOTS('',3,(#1070,#1071,#1072,#1073,#1074,
    #1075),.UNSPECIFIED.,.F.,.F.,(4,2,4),(0.,0.5,1.),.UNSPECIFIED.);
#1070 = CARTESIAN_POINT('',(1.965317134297,-2.341662527514,
    -4.94478868823));
#1071 = CARTESIAN_POINT('',(1.949661519705,-2.234146528097,
    -5.08195880254));
#1072 = CARTESIAN_POINT('',(1.934005905113,-2.167758269191,
    -5.250952095355));
#1073 = CARTESIAN_POINT('',(1.902694675929,-2.138565496319,
    -5.598297893617));
#1074 = CARTESIAN_POINT('',(1.887039061337,-2.175815519734,
    -5.776001494291));
#1075 = CARTESIAN_POINT('',(1.871383446745,-2.258928804866,
    -5.92919259137));
#1076 = ORIENTED_EDGE('',*,*,#1077,.F.);
#1077 = EDGE_CURVE('',#1078,#1067,#1080,.T.);
#1078 = VERTEX_POINT('',#1079);
#1079 = CARTESIAN_POINT('',(-1.871383446745,-2.258927994561,
    -5.929193030997));
#1080 = LINE('',#1081,#1082);
#1081 = CARTESIAN_POINT('',(0.,-2.258928763973,-5.929192613556));
#1082 = VECTOR('',#1083,1.);
#1083 = DIRECTION('',(1.,0.,0.));
#1084 = ORIENTED_EDGE('',*,*,#1085,.F.);
#1085 = EDGE_CURVE('',#1059,#1078,#1086,.T.);
#1086 = B_SPLINE_CURVE_WITH_KNOTS('',3,(#1087,#1088,#1089,#1090,#1091,
    #1092),.UNSPECIFIED.,.F.,.F.,(4,2,4),(5.948624760751E-08,
    0.500000029743,1.),.UNSPECIFIED.);
#1087 = CARTESIAN_POINT('',(-1.965317109708,-2.341662953066,
    -4.944789406499));
#1088 = CARTESIAN_POINT('',(-1.949661498771,-2.234146418606,
    -5.08195903726));
#1089 = CARTESIAN_POINT('',(-1.934005888366,-2.167758223079,
    -5.250952294015));
#1090 = CARTESIAN_POINT('',(-1.902694667555,-2.138565517077,
    -5.598297996629));
#1091 = CARTESIAN_POINT('',(-1.88703905715,-2.175815543795,
    -5.77600153864));
#1092 = CARTESIAN_POINT('',(-1.871383446745,-2.258927994561,
    -5.929193030997));
#1093 = CYLINDRICAL_SURFACE('',#1094,0.9);
#1094 = AXIS2_PLACEMENT_3D('',#1095,#1096,#1097);
#1095 = CARTESIAN_POINT('',(-2.043929799354,-3.05,-5.5));
#1096 = DIRECTION('',(1.,0.,0.));
#1097 = DIRECTION('',(0.,0.,-1.));
#1098 = ADVANCED_FACE('',(#1099),#1124,.F.);
#1099 = FACE_BOUND('',#1100,.F.);
#1100 = EDGE_LOOP('',(#1101,#1111,#1117,#1118));
#1101 = ORIENTED_EDGE('',*,*,#1102,.F.);
#1102 = EDGE_CURVE('',#1103,#1105,#1107,.T.);
#1103 = VERTEX_POINT('',#1104);
#1104 = CARTESIAN_POINT('',(2.193864656873,-4.077775380647,
    -2.729859409469));
#1105 = VERTEX_POINT('',#1106);
#1106 = CARTESIAN_POINT('',(-2.19386464048,-4.077775123302,
    -2.72985946423));
#1107 = LINE('',#1108,#1109);
#1108 = CARTESIAN_POINT('',(-2.427108147733,-4.077775378716,
    -2.729859611697));
#1109 = VECTOR('',#1110,1.);
#1110 = DIRECTION('',(-1.,-0.,-0.));
#1111 = ORIENTED_EDGE('',*,*,#1112,.T.);
#1112 = EDGE_CURVE('',#1103,#1057,#1113,.T.);
#1113 = LINE('',#1114,#1115);
#1114 = CARTESIAN_POINT('',(2.19386464385,-4.077775184734,-2.72985945965
    ));
#1115 = VECTOR('',#1116,1.);
#1116 = DIRECTION('',(-8.094434484421E-02,0.614876782755,-0.784458128307
    ));
#1117 = ORIENTED_EDGE('',*,*,#1056,.T.);
#1118 = ORIENTED_EDGE('',*,*,#1119,.F.);
#1119 = EDGE_CURVE('',#1105,#1059,#1120,.T.);
#1120 = LINE('',#1121,#1122);
#1121 = CARTESIAN_POINT('',(-2.19386464385,-4.077774919093,
    -2.729859251434));
#1122 = VECTOR('',#1123,1.);
#1123 = DIRECTION('',(8.094434484422E-02,0.61487625493,-0.784458542028)
  );
#1124 = PLANE('',#1125);
#1125 = AXIS2_PLACEMENT_3D('',#1126,#1127,#1128);
#1126 = CARTESIAN_POINT('',(0.,-3.209719223395,-3.837324514622));
#1127 = DIRECTION('',(0.,0.787041035474,0.616900647171));
#1128 = DIRECTION('',(0.,-0.616900647171,0.787041035474));
#1129 = ADVANCED_FACE('',(#1130),#1158,.F.);
#1130 = FACE_BOUND('',#1131,.F.);
#1131 = EDGE_LOOP('',(#1132,#1140,#1151,#1157));
#1132 = ORIENTED_EDGE('',*,*,#1133,.F.);
#1133 = EDGE_CURVE('',#1134,#1078,#1136,.T.);
#1134 = VERTEX_POINT('',#1135);
#1135 = CARTESIAN_POINT('',(-1.871383446745,-1.995238351964,
    -6.072256818074));
#1136 = LINE('',#1137,#1138);
#1137 = CARTESIAN_POINT('',(-1.871383446745,-1.995235751382,
    -6.07225822901));
#1138 = VECTOR('',#1139,1.);
#1139 = DIRECTION('',(1.257669456037E-13,-0.87896804003,0.476880681728)
  );
#1140 = ORIENTED_EDGE('',*,*,#1141,.T.);
#1141 = EDGE_CURVE('',#1134,#1142,#1144,.T.);
#1142 = VERTEX_POINT('',#1143);
#1143 = CARTESIAN_POINT('',(-1.965317114763,-2.105550757431,
    -4.759719223395));
#1144 = B_SPLINE_CURVE_WITH_KNOTS('',3,(#1145,#1146,#1147,#1148,#1149,
    #1150),.UNSPECIFIED.,.F.,.F.,(4,2,4),(0.,0.5,1.),.UNSPECIFIED.);
#1145 = CARTESIAN_POINT('',(-1.871383446745,-1.995238351964,
    -6.072256818074));
#1146 = CARTESIAN_POINT('',(-1.887039058081,-1.884420718468,
    -5.86800203937));
#1147 = CARTESIAN_POINT('',(-1.902694669418,-1.834754017082,
    -5.631063967283));
#1148 = CARTESIAN_POINT('',(-1.934005892091,-1.873677643405,
    -5.167936337592));
#1149 = CARTESIAN_POINT('',(-1.949661503427,-1.962195254805,
    -4.942611985373));
#1150 = CARTESIAN_POINT('',(-1.965317114763,-2.105550757431,
    -4.759719223395));
#1151 = ORIENTED_EDGE('',*,*,#1152,.F.);
#1152 = EDGE_CURVE('',#1059,#1142,#1153,.T.);
#1153 = LINE('',#1154,#1155);
#1154 = CARTESIAN_POINT('',(-1.965317114764,-2.341662914866,
    -4.944789297459));
#1155 = VECTOR('',#1156,1.);
#1156 = DIRECTION('',(-1.879263814815E-14,0.787041035474,0.616900647172)
  );
#1157 = ORIENTED_EDGE('',*,*,#1085,.T.);
#1158 = B_SPLINE_SURFACE_WITH_KNOTS('',3,3,(
    (#1159,#1160,#1161,#1162)
    ,(#1163,#1164,#1165,#1166)
    ,(#1167,#1168,#1169,#1170)
    ,(#1171,#1172,#1173,#1174)
    ,(#1175,#1176,#1177,#1178)
    ,(#1179,#1180,#1181,#1182)
    ,(#1183,#1184,#1185,#1186)
    ,(#1187,#1188,#1189,#1190)
    ,(#1191,#1192,#1193,#1194)
    ,(#1195,#1196,#1197,#1198)
    ,(#1199,#1200,#1201,#1202
    )),.UNSPECIFIED.,.F.,.F.,.F.,(4,1,1,1,1,1,1,1,4),(4,4),(
    2.024163812155E-07,5.586228291609E-03,2.460163575878E-02,
    0.262300817879,0.499999999999,0.737699182119,0.975398364239,
    0.994413771707,0.999999797576),(-1.796118809239E-12,1.000000711826),
  .UNSPECIFIED.);
#1159 = CARTESIAN_POINT('',(-1.967747605744,-2.379543378332,
    -4.941144839879));
#1160 = CARTESIAN_POINT('',(-1.967747605744,-2.288814627259,
    -4.865518424882));
#1161 = CARTESIAN_POINT('',(-1.967747605744,-2.198085876186,
    -4.789892009884));
#1162 = CARTESIAN_POINT('',(-1.967747605744,-2.107357125113,
    -4.714265594887));
#1163 = CARTESIAN_POINT('',(-1.967563649179,-2.378271275385,
    -4.942670105042));
#1164 = CARTESIAN_POINT('',(-1.967563649179,-2.287370378482,
    -4.867250094752));
#1165 = CARTESIAN_POINT('',(-1.967563649179,-2.19646948158,
    -4.791830084463));
#1166 = CARTESIAN_POINT('',(-1.967563649179,-2.105568584677,
    -4.716410074173));
#1167 = CARTESIAN_POINT('',(-1.966753485518,-2.372692027995,
    -4.94940684622));
#1168 = CARTESIAN_POINT('',(-1.966753485518,-2.281036126024,
    -4.874898477479));
#1169 = CARTESIAN_POINT('',(-1.966753485518,-2.189380224052,
    -4.800390108738));
#1170 = CARTESIAN_POINT('',(-1.966753485518,-2.097724322081,
    -4.725881739997));
#1171 = CARTESIAN_POINT('',(-1.95811551619,-2.314301384739,
    -5.022132723271));
#1172 = CARTESIAN_POINT('',(-1.95811551619,-2.21474383788,
    -4.957465898014));
#1173 = CARTESIAN_POINT('',(-1.95811551619,-2.115186291021,
    -4.892799072757));
#1174 = CARTESIAN_POINT('',(-1.95811551619,-2.015628744162,-4.8281322475
    ));
#1175 = CARTESIAN_POINT('',(-1.941833697759,-2.226102372951,
    -5.176334164196));
#1176 = CARTESIAN_POINT('',(-1.941833697759,-2.114609398911,
    -5.132534466948));
#1177 = CARTESIAN_POINT('',(-1.941833697759,-2.003116424872,
    -5.088734769699));
#1178 = CARTESIAN_POINT('',(-1.941833697759,-1.891623450832,
    -5.044935072451));
#1179 = CARTESIAN_POINT('',(-1.918350280754,-2.167915724752,
    -5.425865103885));
#1180 = CARTESIAN_POINT('',(-1.918350280754,-2.048548711215,
    -5.415832886561));
#1181 = CARTESIAN_POINT('',(-1.918350280754,-1.929181697679,
    -5.405800669237));
#1182 = CARTESIAN_POINT('',(-1.918350280754,-1.809814684143,
    -5.395768451912));
#1183 = CARTESIAN_POINT('',(-1.894866863749,-2.183636595515,
    -5.681607611329));
#1184 = CARTESIAN_POINT('',(-1.894866863749,-2.066396990261,
    -5.706183447004));
#1185 = CARTESIAN_POINT('',(-1.894866863749,-1.949157385007,
    -5.730759282678));
#1186 = CARTESIAN_POINT('',(-1.894866863749,-1.831917779754,
    -5.755335118353));
#1187 = CARTESIAN_POINT('',(-1.878585045318,-2.244860383303,
    -5.848367312314));
#1188 = CARTESIAN_POINT('',(-1.878585045318,-2.135905814876,
    -5.895509707719));
#1189 = CARTESIAN_POINT('',(-1.878585045318,-2.02695124645,
    -5.942652103124));
#1190 = CARTESIAN_POINT('',(-1.878585045318,-1.917996678024,
    -5.989794498529));
#1191 = CARTESIAN_POINT('',(-1.86994707599,-2.290293148049,
    -5.929819042191));
#1192 = CARTESIAN_POINT('',(-1.86994707599,-2.187486714894,
    -5.987983796815));
#1193 = CARTESIAN_POINT('',(-1.86994707599,-2.084680281738,
    -6.046148551439));
#1194 = CARTESIAN_POINT('',(-1.86994707599,-1.981873848583,
    -6.104313306063));
#1195 = CARTESIAN_POINT('',(-1.869136912329,-2.294669691154,
    -5.937392519168));
#1196 = CARTESIAN_POINT('',(-1.869136912329,-2.19245550853,
    -5.996582145626));
#1197 = CARTESIAN_POINT('',(-1.869136912329,-2.090241325906,
    -6.055771772084));
#1198 = CARTESIAN_POINT('',(-1.869136912329,-1.988027143282,
    -6.114961398542));
#1199 = CARTESIAN_POINT('',(-1.868952955764,-2.295669364963,
    -5.939108716124));
#1200 = CARTESIAN_POINT('',(-1.868952955764,-2.193590462017,
    -5.99853058491));
#1201 = CARTESIAN_POINT('',(-1.868952955764,-2.091511559072,
    -6.057952453695));
#1202 = CARTESIAN_POINT('',(-1.868952955764,-1.989432656126,
    -6.117374322481));
#1203 = ADVANCED_FACE('',(#1204),#1232,.T.);
#1204 = FACE_BOUND('',#1205,.T.);
#1205 = EDGE_LOOP('',(#1206,#1214,#1225,#1231));
#1206 = ORIENTED_EDGE('',*,*,#1207,.T.);
#1207 = EDGE_CURVE('',#1067,#1208,#1210,.T.);
#1208 = VERTEX_POINT('',#1209);
#1209 = CARTESIAN_POINT('',(1.871383446745,-1.995238351964,
    -6.072256818075));
#1210 = LINE('',#1211,#1212);
#1211 = CARTESIAN_POINT('',(1.871383446745,-2.127078825464,
    -6.000727283418));
#1212 = VECTOR('',#1213,1.);
#1213 = DIRECTION('',(0.,0.87896804003,-0.476880681729));
#1214 = ORIENTED_EDGE('',*,*,#1215,.F.);
#1215 = EDGE_CURVE('',#1216,#1208,#1218,.T.);
#1216 = VERTEX_POINT('',#1217);
#1217 = CARTESIAN_POINT('',(1.965317114763,-2.105550757431,
    -4.759719223395));
#1218 = B_SPLINE_CURVE_WITH_KNOTS('',3,(#1219,#1220,#1221,#1222,#1223,
    #1224),.UNSPECIFIED.,.F.,.F.,(4,2,4),(0.,0.5,1.),.UNSPECIFIED.);
#1219 = CARTESIAN_POINT('',(1.965317114763,-2.105550757431,
    -4.759719223395));
#1220 = CARTESIAN_POINT('',(1.949661503427,-1.962195254805,
    -4.942611985374));
#1221 = CARTESIAN_POINT('',(1.934005892091,-1.873677643405,
    -5.167936337592));
#1222 = CARTESIAN_POINT('',(1.902694669418,-1.834754017082,
    -5.631063967283));
#1223 = CARTESIAN_POINT('',(1.887039058081,-1.884420718468,
    -5.86800203937));
#1224 = CARTESIAN_POINT('',(1.871383446745,-1.995238351964,
    -6.072256818075));
#1225 = ORIENTED_EDGE('',*,*,#1226,.F.);
#1226 = EDGE_CURVE('',#1057,#1216,#1227,.T.);
#1227 = LINE('',#1228,#1229);
#1228 = CARTESIAN_POINT('',(1.965317114764,-2.341661690187,
    -4.944788337528));
#1229 = VECTOR('',#1230,1.);
#1230 = DIRECTION('',(6.794296724947E-14,0.787041035473,0.616900647172)
  );
#1231 = ORIENTED_EDGE('',*,*,#1066,.T.);
#1232 = B_SPLINE_SURFACE_WITH_KNOTS('',3,3,(
    (#1233,#1234,#1235,#1236)
    ,(#1237,#1238,#1239,#1240)
    ,(#1241,#1242,#1243,#1244)
    ,(#1245,#1246,#1247,#1248)
    ,(#1249,#1250,#1251,#1252)
    ,(#1253,#1254,#1255,#1256)
    ,(#1257,#1258,#1259,#1260)
    ,(#1261,#1262,#1263,#1264)
    ,(#1265,#1266,#1267,#1268)
    ,(#1269,#1270,#1271,#1272)
    ,(#1273,#1274,#1275,#1276
    )),.UNSPECIFIED.,.F.,.F.,.F.,(4,1,1,1,1,1,1,1,4),(4,4),(
    2.024209097701E-07,5.586228292541E-03,2.460163576094E-02,
    0.262300817881,0.500000000001,0.737699182121,0.975398364241,
    0.994413771708,0.99999979758),(8.022887909576E-13,1.000000711826),
  .UNSPECIFIED.);
#1233 = CARTESIAN_POINT('',(1.967747605744,-2.379543378329,
    -4.941144839881));
#1234 = CARTESIAN_POINT('',(1.967747605744,-2.288814627256,
    -4.865518424884));
#1235 = CARTESIAN_POINT('',(1.967747605744,-2.198085876184,
    -4.789892009887));
#1236 = CARTESIAN_POINT('',(1.967747605744,-2.107357125111,
    -4.71426559489));
#1237 = CARTESIAN_POINT('',(1.967563649179,-2.378271275384,
    -4.942670105043));
#1238 = CARTESIAN_POINT('',(1.967563649179,-2.287370378481,
    -4.867250094754));
#1239 = CARTESIAN_POINT('',(1.967563649179,-2.196469481578,
    -4.791830084464));
#1240 = CARTESIAN_POINT('',(1.967563649179,-2.105568584676,
    -4.716410074175));
#1241 = CARTESIAN_POINT('',(1.966753485518,-2.372692027994,
    -4.949406846219));
#1242 = CARTESIAN_POINT('',(1.966753485518,-2.281036126023,
    -4.874898477479));
#1243 = CARTESIAN_POINT('',(1.966753485518,-2.189380224052,
    -4.800390108739));
#1244 = CARTESIAN_POINT('',(1.966753485518,-2.097724322081,
    -4.725881739998));
#1245 = CARTESIAN_POINT('',(1.95811551619,-2.314301384738,
    -5.022132723271));
#1246 = CARTESIAN_POINT('',(1.95811551619,-2.214743837879,
    -4.957465898013));
#1247 = CARTESIAN_POINT('',(1.95811551619,-2.115186291021,
    -4.892799072756));
#1248 = CARTESIAN_POINT('',(1.95811551619,-2.015628744162,
    -4.828132247499));
#1249 = CARTESIAN_POINT('',(1.941833697759,-2.22610237295,
    -5.176334164196));
#1250 = CARTESIAN_POINT('',(1.941833697759,-2.114609398911,
    -5.132534466948));
#1251 = CARTESIAN_POINT('',(1.941833697759,-2.003116424871,
    -5.088734769699));
#1252 = CARTESIAN_POINT('',(1.941833697759,-1.891623450832,
    -5.044935072451));
#1253 = CARTESIAN_POINT('',(1.918350280754,-2.167915724751,
    -5.425865103885));
#1254 = CARTESIAN_POINT('',(1.918350280754,-2.048548711215,
    -5.415832886561));
#1255 = CARTESIAN_POINT('',(1.918350280754,-1.929181697679,
    -5.405800669237));
#1256 = CARTESIAN_POINT('',(1.918350280754,-1.809814684143,
    -5.395768451912));
#1257 = CARTESIAN_POINT('',(1.894866863749,-2.183636595515,
    -5.681607611329));
#1258 = CARTESIAN_POINT('',(1.894866863749,-2.066396990261,
    -5.706183447004));
#1259 = CARTESIAN_POINT('',(1.894866863749,-1.949157385007,
    -5.730759282678));
#1260 = CARTESIAN_POINT('',(1.894866863749,-1.831917779754,
    -5.755335118353));
#1261 = CARTESIAN_POINT('',(1.878585045318,-2.244860383302,
    -5.848367312314));
#1262 = CARTESIAN_POINT('',(1.878585045318,-2.135905814876,
    -5.895509707719));
#1263 = CARTESIAN_POINT('',(1.878585045318,-2.02695124645,
    -5.942652103124));
#1264 = CARTESIAN_POINT('',(1.878585045318,-1.917996678024,
    -5.98979449853));
#1265 = CARTESIAN_POINT('',(1.86994707599,-2.290293148049,
    -5.929819042192));
#1266 = CARTESIAN_POINT('',(1.86994707599,-2.187486714894,
    -5.987983796816));
#1267 = CARTESIAN_POINT('',(1.86994707599,-2.084680281739,
    -6.046148551441));
#1268 = CARTESIAN_POINT('',(1.86994707599,-1.981873848584,
    -6.104313306065));
#1269 = CARTESIAN_POINT('',(1.869136912329,-2.294669691155,
    -5.937392519171));
#1270 = CARTESIAN_POINT('',(1.869136912329,-2.192455508531,
    -5.99658214563));
#1271 = CARTESIAN_POINT('',(1.869136912329,-2.090241325907,
    -6.055771772088));
#1272 = CARTESIAN_POINT('',(1.869136912329,-1.988027143283,
    -6.114961398546));
#1273 = CARTESIAN_POINT('',(1.868952955764,-2.295669364965,
    -5.939108716129));
#1274 = CARTESIAN_POINT('',(1.868952955764,-2.193590462019,
    -5.998530584914));
#1275 = CARTESIAN_POINT('',(1.868952955764,-2.091511559074,-6.0579524537
    ));
#1276 = CARTESIAN_POINT('',(1.868952955764,-1.989432656128,
    -6.117374322485));
#1277 = ADVANCED_FACE('',(#1278),#1303,.F.);
#1278 = FACE_BOUND('',#1279,.T.);
#1279 = EDGE_LOOP('',(#1280,#1288,#1296,#1302));
#1280 = ORIENTED_EDGE('',*,*,#1281,.T.);
#1281 = EDGE_CURVE('',#1078,#1282,#1284,.T.);
#1282 = VERTEX_POINT('',#1283);
#1283 = CARTESIAN_POINT('',(-1.738187818616,-3.041070930889,
    -7.370807082445));
#1284 = LINE('',#1285,#1286);
#1285 = CARTESIAN_POINT('',(-1.871383446745,-2.258927225149,
    -5.929193448439));
#1286 = VECTOR('',#1287,1.);
#1287 = DIRECTION('',(8.094434484407E-02,-0.475316659838,-0.876083378405
    ));
#1288 = ORIENTED_EDGE('',*,*,#1289,.F.);
#1289 = EDGE_CURVE('',#1290,#1282,#1292,.T.);
#1290 = VERTEX_POINT('',#1291);
#1291 = CARTESIAN_POINT('',(1.738187801934,-3.041071510117,
    -7.37080700189));
#1292 = LINE('',#1293,#1294);
#1293 = CARTESIAN_POINT('',(-1.807715296502,-3.041071236027,
    -7.370807386444));
#1294 = VECTOR('',#1295,1.);
#1295 = DIRECTION('',(-1.,-0.,-0.));
#1296 = ORIENTED_EDGE('',*,*,#1297,.F.);
#1297 = EDGE_CURVE('',#1067,#1290,#1298,.T.);
#1298 = LINE('',#1299,#1300);
#1299 = CARTESIAN_POINT('',(1.871383446745,-2.258928845758,
    -5.929192569184));
#1300 = VECTOR('',#1301,1.);
#1301 = DIRECTION('',(-8.09443448441E-02,-0.475316259921,-0.876083595379
    ));
#1302 = ORIENTED_EDGE('',*,*,#1077,.F.);
#1303 = PLANE('',#1304);
#1304 = AXIS2_PLACEMENT_3D('',#1305,#1306,#1307);
#1305 = CARTESIAN_POINT('',(0.,-2.65,-6.65));
#1306 = DIRECTION('',(0.,0.87896804003,-0.476880681729));
#1307 = DIRECTION('',(0.,0.476880681729,0.87896804003));
#1308 = ADVANCED_FACE('',(#1309),#1327,.F.);
#1309 = FACE_BOUND('',#1310,.T.);
#1310 = EDGE_LOOP('',(#1311,#1312,#1320,#1326));
#1311 = ORIENTED_EDGE('',*,*,#1119,.F.);
#1312 = ORIENTED_EDGE('',*,*,#1313,.F.);
#1313 = EDGE_CURVE('',#1314,#1105,#1316,.T.);
#1314 = VERTEX_POINT('',#1315);
#1315 = CARTESIAN_POINT('',(-2.19386464385,-3.841663068074,
    -2.544789417546));
#1316 = LINE('',#1317,#1318);
#1317 = CARTESIAN_POINT('',(-2.19386464385,-3.841661962155,
    -2.544788550701));
#1318 = VECTOR('',#1319,1.);
#1319 = DIRECTION('',(4.48135671306E-14,-0.787041035473,-0.616900647172)
  );
#1320 = ORIENTED_EDGE('',*,*,#1321,.F.);
#1321 = EDGE_CURVE('',#1142,#1314,#1322,.T.);
#1322 = LINE('',#1323,#1324);
#1323 = CARTESIAN_POINT('',(-1.965317114763,-2.105550757431,
    -4.759719223395));
#1324 = VECTOR('',#1325,1.);
#1325 = DIRECTION('',(-8.094434484439E-02,-0.614876363453,0.784458456965
    ));
#1326 = ORIENTED_EDGE('',*,*,#1152,.F.);
#1327 = PLANE('',#1328);
#1328 = AXIS2_PLACEMENT_3D('',#1329,#1330,#1331);
#1329 = CARTESIAN_POINT('',(-2.079590879307,-3.091663068073,
    -3.744789417546));
#1330 = DIRECTION('',(0.996718622801,-4.993461871926E-02,
    6.370652098194E-02));
#1331 = DIRECTION('',(6.378609485066E-02,-1.301042606983E-18,
    -0.997963593576));
#1332 = ADVANCED_FACE('',(#1333),#1351,.T.);
#1333 = FACE_BOUND('',#1334,.T.);
#1334 = EDGE_LOOP('',(#1335,#1336,#1344,#1350));
#1335 = ORIENTED_EDGE('',*,*,#1226,.T.);
#1336 = ORIENTED_EDGE('',*,*,#1337,.F.);
#1337 = EDGE_CURVE('',#1338,#1216,#1340,.T.);
#1338 = VERTEX_POINT('',#1339);
#1339 = CARTESIAN_POINT('',(2.19386464385,-3.841663068074,
    -2.544789417546));
#1340 = LINE('',#1341,#1342);
#1341 = CARTESIAN_POINT('',(2.19386464385,-3.841663068074,
    -2.544789417546));
#1342 = VECTOR('',#1343,1.);
#1343 = DIRECTION('',(-8.094434484441E-02,0.614876363453,-0.784458456965
    ));
#1344 = ORIENTED_EDGE('',*,*,#1345,.T.);
#1345 = EDGE_CURVE('',#1338,#1103,#1346,.T.);
#1346 = LINE('',#1347,#1348);
#1347 = CARTESIAN_POINT('',(2.19386464385,-3.841661962155,
    -2.544788550702));
#1348 = VECTOR('',#1349,1.);
#1349 = DIRECTION('',(5.348710059268E-14,-0.787041035474,-0.616900647171
    ));
#1350 = ORIENTED_EDGE('',*,*,#1112,.T.);
#1351 = PLANE('',#1352);
#1352 = AXIS2_PLACEMENT_3D('',#1353,#1354,#1355);
#1353 = CARTESIAN_POINT('',(2.079590879307,-3.091663068074,
    -3.744789417546));
#1354 = DIRECTION('',(0.996718622801,4.993461871926E-02,
    -6.370652098194E-02));
#1355 = DIRECTION('',(-6.378609485066E-02,-1.301042606983E-18,
    -0.997963593576));
#1356 = ADVANCED_FACE('',(#1357),#1410,.F.);
#1357 = FACE_BOUND('',#1358,.F.);
#1358 = EDGE_LOOP('',(#1359,#1369,#1380,#1389,#1390,#1401));
#1359 = ORIENTED_EDGE('',*,*,#1360,.T.);
#1360 = EDGE_CURVE('',#1361,#1363,#1365,.T.);
#1361 = VERTEX_POINT('',#1362);
#1362 = CARTESIAN_POINT('',(-2.333757834359,-5.15,-3.1));
#1363 = VERTEX_POINT('',#1364);
#1364 = CARTESIAN_POINT('',(2.333757834359,-5.15,-3.1));
#1365 = LINE('',#1366,#1367);
#1366 = CARTESIAN_POINT('',(0.,-5.15,-3.1));
#1367 = VECTOR('',#1368,1.);
#1368 = DIRECTION('',(1.,0.,0.));
#1369 = ORIENTED_EDGE('',*,*,#1370,.T.);
#1370 = EDGE_CURVE('',#1363,#1371,#1373,.T.);
#1371 = VERTEX_POINT('',#1372);
#1372 = CARTESIAN_POINT('',(2.245036743597,-4.55000000002,-2.5));
#1373 = B_SPLINE_CURVE_WITH_KNOTS('',3,(#1374,#1375,#1376,#1377,#1378,
    #1379),.UNSPECIFIED.,.F.,.F.,(4,2,4),(0.,0.5,1.),.UNSPECIFIED.);
#1374 = CARTESIAN_POINT('',(2.333757834359,-5.15,-3.1));
#1375 = CARTESIAN_POINT('',(2.318970985899,-5.15,-2.942920367324));
#1376 = CARTESIAN_POINT('',(2.304184137438,-5.085336142169,
    -2.786808004749));
#1377 = CARTESIAN_POINT('',(2.274610440518,-4.863191995269,
    -2.564663857842));
#1378 = CARTESIAN_POINT('',(2.259823592057,-4.707079632696,
    -2.500000000005));
#1379 = CARTESIAN_POINT('',(2.245036743597,-4.55000000002,-2.5));
#1380 = ORIENTED_EDGE('',*,*,#1381,.T.);
#1381 = EDGE_CURVE('',#1371,#1103,#1382,.T.);
#1382 = B_SPLINE_CURVE_WITH_KNOTS('',3,(#1383,#1384,#1385,#1386,#1387,
    #1388),.UNSPECIFIED.,.F.,.F.,(4,2,4),(0.,0.499999852685,
    0.999999705371),.UNSPECIFIED.);
#1383 = CARTESIAN_POINT('',(2.245036743597,-4.55000000002,-2.5));
#1384 = CARTESIAN_POINT('',(2.236508062819,-4.459400255555,
    -2.499999999997));
#1385 = CARTESIAN_POINT('',(2.22797938204,-4.368863478697,
    -2.520864545769));
#1386 = CARTESIAN_POINT('',(2.210922020484,-4.205940003079,
    -2.600168996344));
#1387 = CARTESIAN_POINT('',(2.202393339705,-4.133666537546,
    -2.658553783866));
#1388 = CARTESIAN_POINT('',(2.193864656873,-4.077775380647,
    -2.729859409469));
#1389 = ORIENTED_EDGE('',*,*,#1102,.T.);
#1390 = ORIENTED_EDGE('',*,*,#1391,.F.);
#1391 = EDGE_CURVE('',#1392,#1105,#1394,.T.);
#1392 = VERTEX_POINT('',#1393);
#1393 = CARTESIAN_POINT('',(-2.245036743597,-4.55000000002,-2.5));
#1394 = B_SPLINE_CURVE_WITH_KNOTS('',3,(#1395,#1396,#1397,#1398,#1399,
    #1400),.UNSPECIFIED.,.F.,.F.,(4,2,4),(0.,0.5,1.),.UNSPECIFIED.);
#1395 = CARTESIAN_POINT('',(-2.245036743597,-4.55000000002,-2.5));
#1396 = CARTESIAN_POINT('',(-2.236508059744,-4.459400221944,
    -2.499999999997));
#1397 = CARTESIAN_POINT('',(-2.227979375891,-4.368863411593,
    -2.520864561499));
#1398 = CARTESIAN_POINT('',(-2.210922008185,-4.205939888861,
    -2.600169068874));
#1399 = CARTESIAN_POINT('',(-2.202393324333,-4.133666409909,
    -2.658553897345));
#1400 = CARTESIAN_POINT('',(-2.19386464048,-4.077775123302,
    -2.72985946423));
#1401 = ORIENTED_EDGE('',*,*,#1402,.F.);
#1402 = EDGE_CURVE('',#1361,#1392,#1403,.T.);
#1403 = B_SPLINE_CURVE_WITH_KNOTS('',3,(#1404,#1405,#1406,#1407,#1408,
    #1409),.UNSPECIFIED.,.F.,.F.,(4,2,4),(0.,0.5,1.),.UNSPECIFIED.);
#1404 = CARTESIAN_POINT('',(-2.333757834359,-5.15,-3.1));
#1405 = CARTESIAN_POINT('',(-2.318970985899,-5.15,-2.942920367324));
#1406 = CARTESIAN_POINT('',(-2.304184137438,-5.085336142169,
    -2.786808004749));
#1407 = CARTESIAN_POINT('',(-2.274610440518,-4.863191995269,
    -2.564663857842));
#1408 = CARTESIAN_POINT('',(-2.259823592057,-4.707079632696,
    -2.500000000005));
#1409 = CARTESIAN_POINT('',(-2.245036743597,-4.55000000002,-2.5));
#1410 = CYLINDRICAL_SURFACE('',#1411,0.6);
#1411 = AXIS2_PLACEMENT_3D('',#1412,#1413,#1414);
#1412 = CARTESIAN_POINT('',(-2.427108147733,-4.55,-3.1));
#1413 = DIRECTION('',(1.,0.,0.));
#1414 = DIRECTION('',(0.,0.,-1.));
#1415 = ADVANCED_FACE('',(#1416),#1422,.F.);
#1416 = FACE_BOUND('',#1417,.T.);
#1417 = EDGE_LOOP('',(#1418,#1419,#1420,#1421));
#1418 = ORIENTED_EDGE('',*,*,#618,.F.);
#1419 = ORIENTED_EDGE('',*,*,#727,.F.);
#1420 = ORIENTED_EDGE('',*,*,#718,.F.);
#1421 = ORIENTED_EDGE('',*,*,#627,.F.);
#1422 = PLANE('',#1423);
#1423 = AXIS2_PLACEMENT_3D('',#1424,#1425,#1426);
#1424 = CARTESIAN_POINT('',(0.,-4.,-14.5));
#1425 = DIRECTION('',(0.,0.,1.));
#1426 = DIRECTION('',(1.,0.,-0.));
#1427 = ADVANCED_FACE('',(#1428),#1462,.F.);
#1428 = FACE_BOUND('',#1429,.T.);
#1429 = EDGE_LOOP('',(#1430,#1440,#1448,#1456));
#1430 = ORIENTED_EDGE('',*,*,#1431,.F.);
#1431 = EDGE_CURVE('',#1432,#1434,#1436,.T.);
#1432 = VERTEX_POINT('',#1433);
#1433 = CARTESIAN_POINT('',(-1.,-2.5,-9.5));
#1434 = VERTEX_POINT('',#1435);
#1435 = CARTESIAN_POINT('',(1.,-2.5,-9.5));
#1436 = LINE('',#1437,#1438);
#1437 = CARTESIAN_POINT('',(-2.39808173319E-14,-2.5,-9.5));
#1438 = VECTOR('',#1439,1.);
#1439 = DIRECTION('',(1.,0.,0.));
#1440 = ORIENTED_EDGE('',*,*,#1441,.F.);
#1441 = EDGE_CURVE('',#1442,#1432,#1444,.T.);
#1442 = VERTEX_POINT('',#1443);
#1443 = CARTESIAN_POINT('',(-1.,-2.499999999999,-10.45890120734));
#1444 = LINE('',#1445,#1446);
#1445 = CARTESIAN_POINT('',(-1.,-2.5,-10.75));
#1446 = VECTOR('',#1447,1.);
#1447 = DIRECTION('',(0.,0.,1.));
#1448 = ORIENTED_EDGE('',*,*,#1449,.F.);
#1449 = EDGE_CURVE('',#1450,#1442,#1452,.T.);
#1450 = VERTEX_POINT('',#1451);
#1451 = CARTESIAN_POINT('',(1.,-2.499999999998,-10.45890120734));
#1452 = LINE('',#1453,#1454);
#1453 = CARTESIAN_POINT('',(0.,-2.499999999997,-10.45890120734));
#1454 = VECTOR('',#1455,1.);
#1455 = DIRECTION('',(-1.,-0.,-0.));
#1456 = ORIENTED_EDGE('',*,*,#1457,.F.);
#1457 = EDGE_CURVE('',#1434,#1450,#1458,.T.);
#1458 = LINE('',#1459,#1460);
#1459 = CARTESIAN_POINT('',(1.,-2.5,-10.75));
#1460 = VECTOR('',#1461,1.);
#1461 = DIRECTION('',(0.,0.,-1.));
#1462 = PLANE('',#1463);
#1463 = AXIS2_PLACEMENT_3D('',#1464,#1465,#1466);
#1464 = CARTESIAN_POINT('',(0.,-2.5,-10.75));
#1465 = DIRECTION('',(0.,1.,0.));
#1466 = DIRECTION('',(0.,-0.,1.));
#1467 = ADVANCED_FACE('',(#1468),#1486,.F.);
#1468 = FACE_BOUND('',#1469,.T.);
#1469 = EDGE_LOOP('',(#1470,#1471,#1472,#1480));
#1470 = ORIENTED_EDGE('',*,*,#1281,.F.);
#1471 = ORIENTED_EDGE('',*,*,#1133,.F.);
#1472 = ORIENTED_EDGE('',*,*,#1473,.F.);
#1473 = EDGE_CURVE('',#1474,#1134,#1476,.T.);
#1474 = VERTEX_POINT('',#1475);
#1475 = CARTESIAN_POINT('',(-1.738187785098,-2.777380824018,
    -7.513871590963));
#1476 = LINE('',#1477,#1478);
#1477 = CARTESIAN_POINT('',(-1.738187785098,-2.777380824018,
    -7.513871590963));
#1478 = VECTOR('',#1479,1.);
#1479 = DIRECTION('',(-8.094434484463E-02,0.475315856333,0.876083814345)
  );
#1480 = ORIENTED_EDGE('',*,*,#1481,.F.);
#1481 = EDGE_CURVE('',#1282,#1474,#1482,.T.);
#1482 = LINE('',#1483,#1484);
#1483 = CARTESIAN_POINT('',(-1.738187785099,-3.041071019388,
    -7.370807503981));
#1484 = VECTOR('',#1485,1.);
#1485 = DIRECTION('',(2.168404340694E-15,0.87896804003,-0.476880681729)
  );
#1486 = PLANE('',#1487);
#1487 = AXIS2_PLACEMENT_3D('',#1488,#1489,#1490);
#1488 = CARTESIAN_POINT('',(-1.804785615922,-2.518154793995,
    -6.721532102259));
#1489 = DIRECTION('',(0.996718622801,3.860079435139E-02,
    7.11474921391E-02));
#1490 = DIRECTION('',(7.120055708764E-02,-4.336808689942E-19,
    -0.997462019663));
#1491 = ADVANCED_FACE('',(#1492),#1508,.T.);
#1492 = FACE_BOUND('',#1493,.T.);
#1493 = EDGE_LOOP('',(#1494,#1500,#1501,#1507));
#1494 = ORIENTED_EDGE('',*,*,#1495,.F.);
#1495 = EDGE_CURVE('',#1216,#1142,#1496,.T.);
#1496 = LINE('',#1497,#1498);
#1497 = CARTESIAN_POINT('',(0.,-2.105550757431,-4.759719223395));
#1498 = VECTOR('',#1499,1.);
#1499 = DIRECTION('',(-1.,-0.,-0.));
#1500 = ORIENTED_EDGE('',*,*,#1215,.T.);
#1501 = ORIENTED_EDGE('',*,*,#1502,.F.);
#1502 = EDGE_CURVE('',#1134,#1208,#1503,.T.);
#1503 = LINE('',#1504,#1505);
#1504 = CARTESIAN_POINT('',(0.,-1.995238351964,-6.072256818074));
#1505 = VECTOR('',#1506,1.);
#1506 = DIRECTION('',(1.,0.,0.));
#1507 = ORIENTED_EDGE('',*,*,#1141,.T.);
#1508 = CYLINDRICAL_SURFACE('',#1509,1.2);
#1509 = AXIS2_PLACEMENT_3D('',#1510,#1511,#1512);
#1510 = CARTESIAN_POINT('',(-2.043929799354,-3.05,-5.5));
#1511 = DIRECTION('',(1.,0.,0.));
#1512 = DIRECTION('',(0.,0.,-1.));
#1513 = ADVANCED_FACE('',(#1514),#1532,.T.);
#1514 = FACE_BOUND('',#1515,.T.);
#1515 = EDGE_LOOP('',(#1516,#1524,#1530,#1531));
#1516 = ORIENTED_EDGE('',*,*,#1517,.T.);
#1517 = EDGE_CURVE('',#1290,#1518,#1520,.T.);
#1518 = VERTEX_POINT('',#1519);
#1519 = CARTESIAN_POINT('',(1.738187785098,-2.777380824018,
    -7.513871590963));
#1520 = LINE('',#1521,#1522);
#1521 = CARTESIAN_POINT('',(1.738187785099,-3.041071981924,
    -7.37080698176));
#1522 = VECTOR('',#1523,1.);
#1523 = DIRECTION('',(-7.444827727532E-14,0.878968040029,-0.47688068173)
  );
#1524 = ORIENTED_EDGE('',*,*,#1525,.F.);
#1525 = EDGE_CURVE('',#1208,#1518,#1526,.T.);
#1526 = LINE('',#1527,#1528);
#1527 = CARTESIAN_POINT('',(1.871383446745,-1.995238351964,
    -6.072256818074));
#1528 = VECTOR('',#1529,1.);
#1529 = DIRECTION('',(-8.094434484463E-02,-0.475315856333,
    -0.876083814345));
#1530 = ORIENTED_EDGE('',*,*,#1207,.F.);
#1531 = ORIENTED_EDGE('',*,*,#1297,.T.);
#1532 = PLANE('',#1533);
#1533 = AXIS2_PLACEMENT_3D('',#1534,#1535,#1536);
#1534 = CARTESIAN_POINT('',(1.804785615922,-2.518154793995,
    -6.721532102259));
#1535 = DIRECTION('',(0.996718622801,-3.860079435139E-02,
    -7.11474921391E-02));
#1536 = DIRECTION('',(-7.120055708764E-02,-4.336808689942E-19,
    -0.997462019663));
#1537 = ADVANCED_FACE('',(#1538),#1563,.T.);
#1538 = FACE_BOUND('',#1539,.T.);
#1539 = EDGE_LOOP('',(#1540,#1548,#1556,#1562));
#1540 = ORIENTED_EDGE('',*,*,#1541,.F.);
#1541 = EDGE_CURVE('',#1542,#1434,#1544,.T.);
#1542 = VERTEX_POINT('',#1543);
#1543 = CARTESIAN_POINT('',(1.,-2.373740170016,-9.5));
#1544 = LINE('',#1545,#1546);
#1545 = CARTESIAN_POINT('',(1.,-2.2,-9.5));
#1546 = VECTOR('',#1547,1.);
#1547 = DIRECTION('',(-0.,-1.,-0.));
#1548 = ORIENTED_EDGE('',*,*,#1549,.T.);
#1549 = EDGE_CURVE('',#1542,#1550,#1552,.T.);
#1550 = VERTEX_POINT('',#1551);
#1551 = CARTESIAN_POINT('',(-1.,-2.373740170016,-9.5));
#1552 = LINE('',#1553,#1554);
#1553 = CARTESIAN_POINT('',(0.,-2.373740170016,-9.5));
#1554 = VECTOR('',#1555,1.);
#1555 = DIRECTION('',(-1.,-0.,-0.));
#1556 = ORIENTED_EDGE('',*,*,#1557,.T.);
#1557 = EDGE_CURVE('',#1550,#1432,#1558,.T.);
#1558 = LINE('',#1559,#1560);
#1559 = CARTESIAN_POINT('',(-1.,-2.2,-9.5));
#1560 = VECTOR('',#1561,1.);
#1561 = DIRECTION('',(-0.,-1.,-0.));
#1562 = ORIENTED_EDGE('',*,*,#1431,.T.);
#1563 = PLANE('',#1564);
#1564 = AXIS2_PLACEMENT_3D('',#1565,#1566,#1567);
#1565 = CARTESIAN_POINT('',(-2.39808173319E-14,0.376558896544,-9.5));
#1566 = DIRECTION('',(0.,0.,1.));
#1567 = DIRECTION('',(1.,0.,-0.));
#1568 = ADVANCED_FACE('',(#1569),#1600,.T.);
#1569 = FACE_BOUND('',#1570,.T.);
#1570 = EDGE_LOOP('',(#1571,#1581,#1590,#1591));
#1571 = ORIENTED_EDGE('',*,*,#1572,.T.);
#1572 = EDGE_CURVE('',#1573,#1575,#1577,.T.);
#1573 = VERTEX_POINT('',#1574);
#1574 = CARTESIAN_POINT('',(-1.682796118941,-3.046794007658,
    -8.21847350347));
#1575 = VERTEX_POINT('',#1576);
#1576 = CARTESIAN_POINT('',(1.682796118941,-3.046793632012,
    -8.218473306181));
#1577 = LINE('',#1578,#1579);
#1578 = CARTESIAN_POINT('',(0.,-3.046793632011,-8.218473306182));
#1579 = VECTOR('',#1580,1.);
#1580 = DIRECTION('',(1.,0.,0.));
#1581 = ORIENTED_EDGE('',*,*,#1582,.F.);
#1582 = EDGE_CURVE('',#1290,#1575,#1583,.T.);
#1583 = B_SPLINE_CURVE_WITH_KNOTS('',3,(#1584,#1585,#1586,#1587,#1588,
    #1589),.UNSPECIFIED.,.F.,.F.,(4,2,4),(0.,0.5,1.),.UNSPECIFIED.);
#1584 = CARTESIAN_POINT('',(1.738187801934,-3.041071510117,
    -7.37080700189));
#1585 = CARTESIAN_POINT('',(1.728955854768,-3.111222970031,
    -7.500108279982));
#1586 = CARTESIAN_POINT('',(1.719723907603,-3.148986422339,
    -7.646822128575));
#1587 = CARTESIAN_POINT('',(1.701260013272,-3.150972562081,
    -7.941026558564));
#1588 = CARTESIAN_POINT('',(1.692028066106,-3.115193357548,
    -8.088236885044));
#1589 = CARTESIAN_POINT('',(1.682796118941,-3.046793632012,
    -8.218473306181));
#1590 = ORIENTED_EDGE('',*,*,#1289,.T.);
#1591 = ORIENTED_EDGE('',*,*,#1592,.T.);
#1592 = EDGE_CURVE('',#1282,#1573,#1593,.T.);
#1593 = B_SPLINE_CURVE_WITH_KNOTS('',3,(#1594,#1595,#1596,#1597,#1598,
    #1599),.UNSPECIFIED.,.F.,.F.,(4,2,4),(0.,0.5,1.),.UNSPECIFIED.);
#1594 = CARTESIAN_POINT('',(-1.738187818616,-3.041070930889,
    -7.370807082445));
#1595 = CARTESIAN_POINT('',(-1.728955840739,-3.11122302263,
    -7.500108447984));
#1596 = CARTESIAN_POINT('',(-1.719723896379,-3.148986440213,
    -7.64682226666));
#1597 = CARTESIAN_POINT('',(-1.70126000766,-3.150972545606,
    -7.941026627778));
#1598 = CARTESIAN_POINT('',(-1.692028063301,-3.115193341482,
    -8.088236915633));
#1599 = CARTESIAN_POINT('',(-1.682796118941,-3.046794007658,
    -8.21847350347));
#1600 = CYLINDRICAL_SURFACE('',#1601,0.9);
#1601 = AXIS2_PLACEMENT_3D('',#1602,#1603,#1604);
#1602 = CARTESIAN_POINT('',(-1.807715296502,-2.25,-7.8));
#1603 = DIRECTION('',(1.,0.,0.));
#1604 = DIRECTION('',(0.,0.,-1.));
#1605 = ADVANCED_FACE('',(#1606),#1617,.T.);
#1606 = FACE_BOUND('',#1607,.T.);
#1607 = EDGE_LOOP('',(#1608,#1614,#1615,#1616));
#1608 = ORIENTED_EDGE('',*,*,#1609,.F.);
#1609 = EDGE_CURVE('',#1338,#1314,#1610,.T.);
#1610 = LINE('',#1611,#1612);
#1611 = CARTESIAN_POINT('',(-2.427108147733,-3.841663068073,
    -2.544789417546));
#1612 = VECTOR('',#1613,1.);
#1613 = DIRECTION('',(-1.,-0.,-0.));
#1614 = ORIENTED_EDGE('',*,*,#1337,.T.);
#1615 = ORIENTED_EDGE('',*,*,#1495,.T.);
#1616 = ORIENTED_EDGE('',*,*,#1321,.T.);
#1617 = PLANE('',#1618);
#1618 = AXIS2_PLACEMENT_3D('',#1619,#1620,#1621);
#1619 = CARTESIAN_POINT('',(0.,-2.973606912752,-3.652254320471));
#1620 = DIRECTION('',(0.,0.787041035474,0.616900647171));
#1621 = DIRECTION('',(0.,-0.616900647171,0.787041035474));
#1622 = ADVANCED_FACE('',(#1623),#1656,.F.);
#1623 = FACE_BOUND('',#1624,.F.);
#1624 = EDGE_LOOP('',(#1625,#1626,#1637,#1648,#1654,#1655));
#1625 = ORIENTED_EDGE('',*,*,#1313,.F.);
#1626 = ORIENTED_EDGE('',*,*,#1627,.T.);
#1627 = EDGE_CURVE('',#1314,#1628,#1630,.T.);
#1628 = VERTEX_POINT('',#1629);
#1629 = CARTESIAN_POINT('',(-2.245036743597,-4.55000000003,-2.2));
#1630 = B_SPLINE_CURVE_WITH_KNOTS('',3,(#1631,#1632,#1633,#1634,#1635,
    #1636),.UNSPECIFIED.,.F.,.F.,(4,2,4),(0.,0.5,1.),.UNSPECIFIED.);
#1631 = CARTESIAN_POINT('',(-2.19386464385,-3.841663068074,
    -2.544789417546));
#1632 = CARTESIAN_POINT('',(-2.202393327141,-3.925499654266,
    -2.437830810986));
#1633 = CARTESIAN_POINT('',(-2.210922010432,-4.033909868551,
    -2.350253580921));
#1634 = CARTESIAN_POINT('',(-2.227979377015,-4.278295138104,
    -2.231296837393));
#1635 = CARTESIAN_POINT('',(-2.236508060306,-4.414100343292,
    -2.199999999995));
#1636 = CARTESIAN_POINT('',(-2.245036743597,-4.55000000003,-2.2));
#1637 = ORIENTED_EDGE('',*,*,#1638,.T.);
#1638 = EDGE_CURVE('',#1628,#1639,#1641,.T.);
#1639 = VERTEX_POINT('',#1640);
#1640 = CARTESIAN_POINT('',(-2.333757834359,-5.45,-3.1));
#1641 = B_SPLINE_CURVE_WITH_KNOTS('',3,(#1642,#1643,#1644,#1645,#1646,
    #1647),.UNSPECIFIED.,.F.,.F.,(4,2,4),(0.,0.5,1.),.UNSPECIFIED.);
#1642 = CARTESIAN_POINT('',(-2.245036743597,-4.55000000003,-2.2));
#1643 = CARTESIAN_POINT('',(-2.259823592057,-4.785619449044,
    -2.200000000008));
#1644 = CARTESIAN_POINT('',(-2.274610440518,-5.019787992904,
    -2.296995786763));
#1645 = CARTESIAN_POINT('',(-2.304184137438,-5.353004213253,
    -2.630212007123));
#1646 = CARTESIAN_POINT('',(-2.318970985899,-5.45,-2.864380550986));
#1647 = CARTESIAN_POINT('',(-2.333757834359,-5.45,-3.1));
#1648 = ORIENTED_EDGE('',*,*,#1649,.F.);
#1649 = EDGE_CURVE('',#1361,#1639,#1650,.T.);
#1650 = LINE('',#1651,#1652);
#1651 = CARTESIAN_POINT('',(-2.333757834359,-5.3,-3.1));
#1652 = VECTOR('',#1653,1.);
#1653 = DIRECTION('',(-0.,-1.,-0.));
#1654 = ORIENTED_EDGE('',*,*,#1402,.T.);
#1655 = ORIENTED_EDGE('',*,*,#1391,.T.);
#1656 = B_SPLINE_SURFACE_WITH_KNOTS('',3,3,(
    (#1657,#1658,#1659,#1660)
    ,(#1661,#1662,#1663,#1664)
    ,(#1665,#1666,#1667,#1668)
    ,(#1669,#1670,#1671,#1672)
    ,(#1673,#1674,#1675,#1676)
    ,(#1677,#1678,#1679,#1680)
    ,(#1681,#1682,#1683,#1684)
    ,(#1685,#1686,#1687,#1688)
    ,(#1689,#1690,#1691,#1692)
    ,(#1693,#1694,#1695,#1696)
    ,(#1697,#1698,#1699,#1700)
    ,(#1701,#1702,#1703,#1704)
    ,(#1705,#1706,#1707,#1708
    )),.UNSPECIFIED.,.F.,.F.,.F.,(4,1,1,1,1,1,1,1,1,1,4),(4,4),(
    -1.999917444732E-02,0.,0.125,0.25,0.375,0.500000000001,
    0.625000000001,0.750000000001,0.875000000001,1.,1.019999174447),(
    2.401828735898E-13,1.000006688717),.UNSPECIFIED.);
#1657 = CARTESIAN_POINT('',(-2.336555582681,-5.122122605675,
    -3.128363528305));
#1658 = CARTESIAN_POINT('',(-2.336555582681,-5.240092264055,
    -3.134211987553));
#1659 = CARTESIAN_POINT('',(-2.336555582681,-5.358061922435,
    -3.140060446801));
#1660 = CARTESIAN_POINT('',(-2.336555582681,-5.476031580816,
    -3.14590890605));
#1661 = CARTESIAN_POINT('',(-2.335622999907,-5.122596656924,
    -3.118916538808));
#1662 = CARTESIAN_POINT('',(-2.335622999907,-5.240664062995,
    -3.122817062224));
#1663 = CARTESIAN_POINT('',(-2.335622999907,-5.358731469067,
    -3.126717585641));
#1664 = CARTESIAN_POINT('',(-2.335622999907,-5.476798875139,
    -3.130618109057));
#1665 = CARTESIAN_POINT('',(-2.328861534195,-5.124308642508,
    -3.050341154874));
#1666 = CARTESIAN_POINT('',(-2.328861534195,-5.242729053954,
    -3.040101676593));
#1667 = CARTESIAN_POINT('',(-2.328861534195,-5.3611494654,
    -3.029862198312));
#1668 = CARTESIAN_POINT('',(-2.328861534195,-5.479569876846,
    -3.019622720031));
#1669 = CARTESIAN_POINT('',(-2.316271185546,-5.104383797378,
    -2.922661969789));
#1670 = CARTESIAN_POINT('',(-2.316271185546,-5.218695776208,
    -2.886095494991));
#1671 = CARTESIAN_POINT('',(-2.316271185546,-5.333007755038,
    -2.849529020194));
#1672 = CARTESIAN_POINT('',(-2.316271185546,-5.447319733868,
    -2.812962545397));
#1673 = CARTESIAN_POINT('',(-2.298784536732,-5.023994788646,
    -2.762183668781));
#1674 = CARTESIAN_POINT('',(-2.298784536732,-5.121730838115,
    -2.692527135734));
#1675 = CARTESIAN_POINT('',(-2.298784536732,-5.219466887583,
    -2.622870602687));
#1676 = CARTESIAN_POINT('',(-2.298784536732,-5.317202937052,
    -2.55321406964));
#1677 = CARTESIAN_POINT('',(-2.281297887918,-4.89853431379,
    -2.633830070175));
#1678 = CARTESIAN_POINT('',(-2.281297887918,-4.970400856946,
    -2.537707478927));
#1679 = CARTESIAN_POINT('',(-2.281297887918,-5.042267400103,
    -2.44158488768));
#1680 = CARTESIAN_POINT('',(-2.281297887918,-5.114133943259,
    -2.345462296433));
#1681 = CARTESIAN_POINT('',(-2.263811239105,-4.7399322564,
    -2.549803241895));
#1682 = CARTESIAN_POINT('',(-2.263811239105,-4.779095616108,
    -2.436354615758));
#1683 = CARTESIAN_POINT('',(-2.263811239105,-4.818258975815,
    -2.322905989621));
#1684 = CARTESIAN_POINT('',(-2.263811239105,-4.857422335523,
    -2.209457363484));
#1685 = CARTESIAN_POINT('',(-2.246324590291,-4.563269724177,
    -2.518094091985));
#1686 = CARTESIAN_POINT('',(-2.246324590291,-4.566005894383,
    -2.398107151254));
#1687 = CARTESIAN_POINT('',(-2.246324590291,-4.56874206459,
    -2.278120210524));
#1688 = CARTESIAN_POINT('',(-2.246324590291,-4.571478234796,
    -2.158133269793));
#1689 = CARTESIAN_POINT('',(-2.228837941478,-4.38534576409,
    -2.541716993005));
#1690 = CARTESIAN_POINT('',(-2.228837941478,-4.351394642829,
    -2.426601010939));
#1691 = CARTESIAN_POINT('',(-2.228837941478,-4.317443521568,
    -2.311485028873));
#1692 = CARTESIAN_POINT('',(-2.228837941478,-4.283492400306,
    -2.196369046807));
#1693 = CARTESIAN_POINT('',(-2.211351292664,-4.223077147667,
    -2.61842796969));
#1694 = CARTESIAN_POINT('',(-2.211351292664,-4.155666811449,
    -2.519129519782));
#1695 = CARTESIAN_POINT('',(-2.211351292664,-4.08825647523,
    -2.419831069874));
#1696 = CARTESIAN_POINT('',(-2.211351292664,-4.020846139012,
    -2.320532619966));
#1697 = CARTESIAN_POINT('',(-2.198760944015,-4.128630105014,
    -2.706625077872));
#1698 = CARTESIAN_POINT('',(-2.198760944015,-4.041745122547,
    -2.625512559824));
#1699 = CARTESIAN_POINT('',(-2.198760944015,-3.95486014008,
    -2.544400041776));
#1700 = CARTESIAN_POINT('',(-2.198760944015,-3.867975157613,
    -2.463287523727));
#1701 = CARTESIAN_POINT('',(-2.191999478303,-4.087673309194,
    -2.761652844066));
#1702 = CARTESIAN_POINT('',(-2.191999478303,-3.992343180243,
    -2.691886856839));
#1703 = CARTESIAN_POINT('',(-2.191999478303,-3.897013051293,
    -2.622120869613));
#1704 = CARTESIAN_POINT('',(-2.191999478303,-3.801682922342,
    -2.552354882386));
#1705 = CARTESIAN_POINT('',(-2.191066895529,-4.082218553046,
    -2.769380454985));
#1706 = CARTESIAN_POINT('',(-2.191066895529,-3.985763672664,
    -2.701207873806));
#1707 = CARTESIAN_POINT('',(-2.191066895529,-3.889308792282,
    -2.633035292627));
#1708 = CARTESIAN_POINT('',(-2.191066895529,-3.792853911901,
    -2.564862711448));
#1709 = ADVANCED_FACE('',(#1710),#1743,.T.);
#1710 = FACE_BOUND('',#1711,.T.);
#1711 = EDGE_LOOP('',(#1712,#1723,#1734,#1740,#1741,#1742));
#1712 = ORIENTED_EDGE('',*,*,#1713,.F.);
#1713 = EDGE_CURVE('',#1714,#1338,#1716,.T.);
#1714 = VERTEX_POINT('',#1715);
#1715 = CARTESIAN_POINT('',(2.245036743597,-4.55000000003,-2.2));
#1716 = B_SPLINE_CURVE_WITH_KNOTS('',3,(#1717,#1718,#1719,#1720,#1721,
    #1722),.UNSPECIFIED.,.F.,.F.,(4,2,4),(0.,0.5,1.),.UNSPECIFIED.);
#1717 = CARTESIAN_POINT('',(2.245036743597,-4.55000000003,-2.2));
#1718 = CARTESIAN_POINT('',(2.236508060306,-4.414100343292,
    -2.199999999995));
#1719 = CARTESIAN_POINT('',(2.227979377015,-4.278295138104,
    -2.231296837393));
#1720 = CARTESIAN_POINT('',(2.210922010432,-4.03390986855,
    -2.350253580921));
#1721 = CARTESIAN_POINT('',(2.202393327141,-3.925499654265,
    -2.437830810987));
#1722 = CARTESIAN_POINT('',(2.19386464385,-3.841663068074,
    -2.544789417546));
#1723 = ORIENTED_EDGE('',*,*,#1724,.F.);
#1724 = EDGE_CURVE('',#1725,#1714,#1727,.T.);
#1725 = VERTEX_POINT('',#1726);
#1726 = CARTESIAN_POINT('',(2.333757834359,-5.45,-3.1));
#1727 = B_SPLINE_CURVE_WITH_KNOTS('',3,(#1728,#1729,#1730,#1731,#1732,
    #1733),.UNSPECIFIED.,.F.,.F.,(4,2,4),(0.,0.5,1.),.UNSPECIFIED.);
#1728 = CARTESIAN_POINT('',(2.333757834359,-5.45,-3.1));
#1729 = CARTESIAN_POINT('',(2.318970985899,-5.45,-2.864380550986));
#1730 = CARTESIAN_POINT('',(2.304184137438,-5.353004213253,
    -2.630212007123));
#1731 = CARTESIAN_POINT('',(2.274610440518,-5.019787992904,
    -2.296995786763));
#1732 = CARTESIAN_POINT('',(2.259823592057,-4.785619449044,
    -2.200000000008));
#1733 = CARTESIAN_POINT('',(2.245036743597,-4.55000000003,-2.2));
#1734 = ORIENTED_EDGE('',*,*,#1735,.F.);
#1735 = EDGE_CURVE('',#1363,#1725,#1736,.T.);
#1736 = LINE('',#1737,#1738);
#1737 = CARTESIAN_POINT('',(2.333757834359,-5.3,-3.1));
#1738 = VECTOR('',#1739,1.);
#1739 = DIRECTION('',(-0.,-1.,-0.));
#1740 = ORIENTED_EDGE('',*,*,#1370,.T.);
#1741 = ORIENTED_EDGE('',*,*,#1381,.T.);
#1742 = ORIENTED_EDGE('',*,*,#1345,.F.);
#1743 = B_SPLINE_SURFACE_WITH_KNOTS('',3,3,(
    (#1744,#1745,#1746,#1747)
    ,(#1748,#1749,#1750,#1751)
    ,(#1752,#1753,#1754,#1755)
    ,(#1756,#1757,#1758,#1759)
    ,(#1760,#1761,#1762,#1763)
    ,(#1764,#1765,#1766,#1767)
    ,(#1768,#1769,#1770,#1771)
    ,(#1772,#1773,#1774,#1775)
    ,(#1776,#1777,#1778,#1779)
    ,(#1780,#1781,#1782,#1783)
    ,(#1784,#1785,#1786,#1787)
    ,(#1788,#1789,#1790,#1791)
    ,(#1792,#1793,#1794,#1795
    )),.UNSPECIFIED.,.F.,.F.,.F.,(4,1,1,1,1,1,1,1,1,1,4),(4,4),(
    -1.999917444732E-02,0.,0.125,0.25,0.375,0.500000000001,
    0.625000000001,0.750000000001,0.875000000001,1.,1.019999174447),(
    1.000408089702E-12,1.000006364748),.UNSPECIFIED.);
#1744 = CARTESIAN_POINT('',(2.336555582681,-5.122122605675,
    -3.128363528305));
#1745 = CARTESIAN_POINT('',(2.336555582681,-5.240092263614,
    -3.134211987532));
#1746 = CARTESIAN_POINT('',(2.336555582681,-5.358061921553,
    -3.140060446758));
#1747 = CARTESIAN_POINT('',(2.336555582681,-5.476031579493,
    -3.145908905984));
#1748 = CARTESIAN_POINT('',(2.335622999907,-5.122596656924,
    -3.118916538808));
#1749 = CARTESIAN_POINT('',(2.335622999907,-5.240664062554,
    -3.12281706221));
#1750 = CARTESIAN_POINT('',(2.335622999907,-5.358731468185,
    -3.126717585612));
#1751 = CARTESIAN_POINT('',(2.335622999907,-5.476798873815,
    -3.130618109014));
#1752 = CARTESIAN_POINT('',(2.328861534195,-5.124308642509,
    -3.050341154874));
#1753 = CARTESIAN_POINT('',(2.328861534195,-5.242729053512,
    -3.040101676631));
#1754 = CARTESIAN_POINT('',(2.328861534195,-5.361149464515,
    -3.029862198389));
#1755 = CARTESIAN_POINT('',(2.328861534195,-5.479569875518,
    -3.019622720146));
#1756 = CARTESIAN_POINT('',(2.316271185546,-5.104383797378,
    -2.92266196979));
#1757 = CARTESIAN_POINT('',(2.316271185546,-5.218695775781,
    -2.886095495129));
#1758 = CARTESIAN_POINT('',(2.316271185546,-5.333007754184,
    -2.849529020467));
#1759 = CARTESIAN_POINT('',(2.316271185546,-5.447319732587,
    -2.812962545806));
#1760 = CARTESIAN_POINT('',(2.298784536732,-5.023994788646,
    -2.762183668781));
#1761 = CARTESIAN_POINT('',(2.298784536732,-5.12173083775,
    -2.692527135994));
#1762 = CARTESIAN_POINT('',(2.298784536732,-5.219466886853,
    -2.622870603207));
#1763 = CARTESIAN_POINT('',(2.298784536732,-5.317202935957,
    -2.553214070421));
#1764 = CARTESIAN_POINT('',(2.281297887918,-4.89853431379,
    -2.633830070175));
#1765 = CARTESIAN_POINT('',(2.281297887918,-4.970400856678,
    -2.537707479287));
#1766 = CARTESIAN_POINT('',(2.281297887918,-5.042267399566,
    -2.441584888399));
#1767 = CARTESIAN_POINT('',(2.281297887918,-5.114133942453,
    -2.345462297511));
#1768 = CARTESIAN_POINT('',(2.263811239105,-4.7399322564,-2.549803241895
    ));
#1769 = CARTESIAN_POINT('',(2.263811239105,-4.779095615961,
    -2.436354616182));
#1770 = CARTESIAN_POINT('',(2.263811239105,-4.818258975522,
    -2.32290599047));
#1771 = CARTESIAN_POINT('',(2.263811239105,-4.857422335083,
    -2.209457364757));
#1772 = CARTESIAN_POINT('',(2.246324590291,-4.563269724177,
    -2.518094091985));
#1773 = CARTESIAN_POINT('',(2.246324590291,-4.566005894373,
    -2.398107151703));
#1774 = CARTESIAN_POINT('',(2.246324590291,-4.56874206457,
    -2.278120211421));
#1775 = CARTESIAN_POINT('',(2.246324590291,-4.571478234766,
    -2.158133271139));
#1776 = CARTESIAN_POINT('',(2.228837941478,-4.38534576409,
    -2.541716993006));
#1777 = CARTESIAN_POINT('',(2.228837941478,-4.351394642956,
    -2.42660101137));
#1778 = CARTESIAN_POINT('',(2.228837941478,-4.317443521821,
    -2.311485029734));
#1779 = CARTESIAN_POINT('',(2.228837941478,-4.283492400687,
    -2.196369048098));
#1780 = CARTESIAN_POINT('',(2.211351292664,-4.223077147668,
    -2.618427969691));
#1781 = CARTESIAN_POINT('',(2.211351292664,-4.155666811701,
    -2.519129520154));
#1782 = CARTESIAN_POINT('',(2.211351292664,-4.088256475735,
    -2.419831070616));
#1783 = CARTESIAN_POINT('',(2.211351292664,-4.020846139768,
    -2.320532621079));
#1784 = CARTESIAN_POINT('',(2.198760944015,-4.128630105015,
    -2.706625077872));
#1785 = CARTESIAN_POINT('',(2.198760944015,-4.041745122872,
    -2.625512560127));
#1786 = CARTESIAN_POINT('',(2.198760944015,-3.95486014073,
    -2.544400042382));
#1787 = CARTESIAN_POINT('',(2.198760944015,-3.867975158588,
    -2.463287524637));
#1788 = CARTESIAN_POINT('',(2.191999478303,-4.087673309194,
    -2.761652844066));
#1789 = CARTESIAN_POINT('',(2.191999478303,-3.9923431806,-2.6918868571)
  );
#1790 = CARTESIAN_POINT('',(2.191999478303,-3.897013052006,
    -2.622120870134));
#1791 = CARTESIAN_POINT('',(2.191999478303,-3.801682923412,
    -2.552354883169));
#1792 = CARTESIAN_POINT('',(2.191066895529,-4.082218553045,
    -2.769380454985));
#1793 = CARTESIAN_POINT('',(2.191066895529,-3.985763673024,
    -2.701207874061));
#1794 = CARTESIAN_POINT('',(2.191066895529,-3.889308793003,
    -2.633035293137));
#1795 = CARTESIAN_POINT('',(2.191066895529,-3.792853912983,
    -2.564862712213));
#1796 = ADVANCED_FACE('',(#1797),#1831,.F.);
#1797 = FACE_BOUND('',#1798,.T.);
#1798 = EDGE_LOOP('',(#1799,#1809,#1817,#1825));
#1799 = ORIENTED_EDGE('',*,*,#1800,.F.);
#1800 = EDGE_CURVE('',#1801,#1803,#1805,.T.);
#1801 = VERTEX_POINT('',#1802);
#1802 = CARTESIAN_POINT('',(3.85,-5.475,-12.55));
#1803 = VERTEX_POINT('',#1804);
#1804 = CARTESIAN_POINT('',(1.75,-5.475,-12.55));
#1805 = LINE('',#1806,#1807);
#1806 = CARTESIAN_POINT('',(1.05,-5.475,-12.55));
#1807 = VECTOR('',#1808,1.);
#1808 = DIRECTION('',(-1.,-0.,-0.));
#1809 = ORIENTED_EDGE('',*,*,#1810,.F.);
#1810 = EDGE_CURVE('',#1811,#1801,#1813,.T.);
#1811 = VERTEX_POINT('',#1812);
#1812 = CARTESIAN_POINT('',(3.85,-5.475,-12.));
#1813 = LINE('',#1814,#1815);
#1814 = CARTESIAN_POINT('',(3.85,-5.475,-12.275));
#1815 = VECTOR('',#1816,1.);
#1816 = DIRECTION('',(-0.,-0.,-1.));
#1817 = ORIENTED_EDGE('',*,*,#1818,.F.);
#1818 = EDGE_CURVE('',#1819,#1811,#1821,.T.);
#1819 = VERTEX_POINT('',#1820);
#1820 = CARTESIAN_POINT('',(1.75,-5.475,-12.));
#1821 = LINE('',#1822,#1823);
#1822 = CARTESIAN_POINT('',(0.,-5.475,-12.));
#1823 = VECTOR('',#1824,1.);
#1824 = DIRECTION('',(1.,0.,0.));
#1825 = ORIENTED_EDGE('',*,*,#1826,.F.);
#1826 = EDGE_CURVE('',#1803,#1819,#1827,.T.);
#1827 = LINE('',#1828,#1829);
#1828 = CARTESIAN_POINT('',(1.75,-5.475,-12.275));
#1829 = VECTOR('',#1830,1.);
#1830 = DIRECTION('',(0.,0.,1.));
#1831 = PLANE('',#1832);
#1832 = AXIS2_PLACEMENT_3D('',#1833,#1834,#1835);
#1833 = CARTESIAN_POINT('',(2.8,-5.475,-12.275));
#1834 = DIRECTION('',(0.,1.,0.));
#1835 = DIRECTION('',(0.,-0.,1.));
#1836 = ADVANCED_FACE('',(#1837),#1873,.F.);
#1837 = FACE_BOUND('',#1838,.F.);
#1838 = EDGE_LOOP('',(#1839,#1849,#1858,#1866));
#1839 = ORIENTED_EDGE('',*,*,#1840,.T.);
#1840 = EDGE_CURVE('',#1841,#1843,#1845,.T.);
#1841 = VERTEX_POINT('',#1842);
#1842 = CARTESIAN_POINT('',(4.9,-6.2,-5.75));
#1843 = VERTEX_POINT('',#1844);
#1844 = CARTESIAN_POINT('',(4.9,-6.2,-4.25));
#1845 = LINE('',#1846,#1847);
#1846 = CARTESIAN_POINT('',(4.9,-6.2,-5.));
#1847 = VECTOR('',#1848,1.);
#1848 = DIRECTION('',(0.,0.,1.));
#1849 = ORIENTED_EDGE('',*,*,#1850,.T.);
#1850 = EDGE_CURVE('',#1843,#1851,#1853,.T.);
#1851 = VERTEX_POINT('',#1852);
#1852 = CARTESIAN_POINT('',(4.8,-6.1,-4.25));
#1853 = CIRCLE('',#1854,0.1);
#1854 = AXIS2_PLACEMENT_3D('',#1855,#1856,#1857);
#1855 = CARTESIAN_POINT('',(4.9,-6.1,-4.25));
#1856 = DIRECTION('',(0.,0.,-1.));
#1857 = DIRECTION('',(-1.,0.,0.));
#1858 = ORIENTED_EDGE('',*,*,#1859,.T.);
#1859 = EDGE_CURVE('',#1851,#1860,#1862,.T.);
#1860 = VERTEX_POINT('',#1861);
#1861 = CARTESIAN_POINT('',(4.8,-6.1,-5.75));
#1862 = LINE('',#1863,#1864);
#1863 = CARTESIAN_POINT('',(4.8,-6.1,-5.));
#1864 = VECTOR('',#1865,1.);
#1865 = DIRECTION('',(0.,0.,-1.));
#1866 = ORIENTED_EDGE('',*,*,#1867,.T.);
#1867 = EDGE_CURVE('',#1860,#1841,#1868,.T.);
#1868 = CIRCLE('',#1869,0.1);
#1869 = AXIS2_PLACEMENT_3D('',#1870,#1871,#1872);
#1870 = CARTESIAN_POINT('',(4.9,-6.1,-5.75));
#1871 = DIRECTION('',(0.,0.,1.));
#1872 = DIRECTION('',(-1.,0.,0.));
#1873 = CYLINDRICAL_SURFACE('',#1874,0.1);
#1874 = AXIS2_PLACEMENT_3D('',#1875,#1876,#1877);
#1875 = CARTESIAN_POINT('',(4.9,-6.1,-4.22));
#1876 = DIRECTION('',(0.,0.,-1.));
#1877 = DIRECTION('',(-1.,0.,0.));
#1878 = ADVANCED_FACE('',(#1879),#1904,.T.);
#1879 = FACE_BOUND('',#1880,.T.);
#1880 = EDGE_LOOP('',(#1881,#1891,#1897,#1898));
#1881 = ORIENTED_EDGE('',*,*,#1882,.F.);
#1882 = EDGE_CURVE('',#1883,#1885,#1887,.T.);
#1883 = VERTEX_POINT('',#1884);
#1884 = CARTESIAN_POINT('',(4.8,-5.55,-4.25));
#1885 = VERTEX_POINT('',#1886);
#1886 = CARTESIAN_POINT('',(4.8,-5.55,-5.75));
#1887 = LINE('',#1888,#1889);
#1888 = CARTESIAN_POINT('',(4.8,-5.55,-4.22));
#1889 = VECTOR('',#1890,1.);
#1890 = DIRECTION('',(0.,0.,-1.));
#1891 = ORIENTED_EDGE('',*,*,#1892,.T.);
#1892 = EDGE_CURVE('',#1883,#1851,#1893,.T.);
#1893 = LINE('',#1894,#1895);
#1894 = CARTESIAN_POINT('',(4.8,-5.825,-4.25));
#1895 = VECTOR('',#1896,1.);
#1896 = DIRECTION('',(-0.,-1.,-0.));
#1897 = ORIENTED_EDGE('',*,*,#1859,.T.);
#1898 = ORIENTED_EDGE('',*,*,#1899,.T.);
#1899 = EDGE_CURVE('',#1860,#1885,#1900,.T.);
#1900 = LINE('',#1901,#1902);
#1901 = CARTESIAN_POINT('',(4.8,-5.825,-5.75));
#1902 = VECTOR('',#1903,1.);
#1903 = DIRECTION('',(0.,1.,0.));
#1904 = PLANE('',#1905);
#1905 = AXIS2_PLACEMENT_3D('',#1906,#1907,#1908);
#1906 = CARTESIAN_POINT('',(4.8,-5.825,-5.));
#1907 = DIRECTION('',(1.,0.,0.));
#1908 = DIRECTION('',(0.,0.,-1.));
#1909 = ADVANCED_FACE('',(#1910),#1952,.F.);
#1910 = FACE_BOUND('',#1911,.F.);
#1911 = EDGE_LOOP('',(#1912,#1923,#1931,#1946));
#1912 = ORIENTED_EDGE('',*,*,#1913,.T.);
#1913 = EDGE_CURVE('',#1914,#1916,#1918,.T.);
#1914 = VERTEX_POINT('',#1915);
#1915 = CARTESIAN_POINT('',(2.494466075182,-5.417611615106,
    -7.063438248483));
#1916 = VERTEX_POINT('',#1917);
#1917 = CARTESIAN_POINT('',(2.3,-5.45,-6.979107540144));
#1918 = B_SPLINE_CURVE_WITH_KNOTS('',3,(#1919,#1920,#1921,#1922),
  .UNSPECIFIED.,.F.,.F.,(4,4),(9.14069240624E-17,2.177685204107E-04),
  .PIECEWISE_BEZIER_KNOTS.);
#1919 = CARTESIAN_POINT('',(2.494466075182,-5.417611615106,
    -7.063438248483));
#1920 = CARTESIAN_POINT('',(2.425263879099,-5.441320572266,
    -7.054936149881));
#1921 = CARTESIAN_POINT('',(2.353243457395,-5.45,-7.030605664924));
#1922 = CARTESIAN_POINT('',(2.3,-5.45,-6.979107540144));
#1923 = ORIENTED_EDGE('',*,*,#1924,.F.);
#1924 = EDGE_CURVE('',#1925,#1916,#1927,.T.);
#1925 = VERTEX_POINT('',#1926);
#1926 = CARTESIAN_POINT('',(2.3,-5.15,-6.979107540144));
#1927 = LINE('',#1928,#1929);
#1928 = CARTESIAN_POINT('',(2.3,-5.467396881944,-6.979107540144));
#1929 = VECTOR('',#1930,1.);
#1930 = DIRECTION('',(-0.,-1.,-0.));
#1931 = ORIENTED_EDGE('',*,*,#1932,.F.);
#1932 = EDGE_CURVE('',#1933,#1925,#1935,.T.);
#1933 = VERTEX_POINT('',#1934);
#1934 = CARTESIAN_POINT('',(2.397233037591,-5.133805807553,
    -7.063438248483));
#1935 = B_SPLINE_CURVE_WITH_KNOTS('',3,(#1936,#1937,#1938,#1939,#1940,
    #1941,#1942,#1943,#1944,#1945),.UNSPECIFIED.,.F.,.F.,(4,3,3,4),(
    1.196361952572E-17,4.204502891719E-05,8.371207927457E-05,
    1.333684081674E-04),.UNSPECIFIED.);
#1936 = CARTESIAN_POINT('',(2.397233037591,-5.133805807553,
    -7.063438248483));
#1937 = CARTESIAN_POINT('',(2.384318883183,-5.138230249998,
    -7.060265013517));
#1938 = CARTESIAN_POINT('',(2.371489303767,-5.14159978885,
    -7.054539062415));
#1939 = CARTESIAN_POINT('',(2.359847145632,-5.143969929006,
    -7.047105147915));
#1940 = CARTESIAN_POINT('',(2.348268968768,-5.146327043692,
    -7.039712087636));
#1941 = CARTESIAN_POINT('',(2.337572638633,-5.14778556696,
    -7.030451806689));
#1942 = CARTESIAN_POINT('',(2.328236260115,-5.148668233354,
    -7.020140626076));
#1943 = CARTESIAN_POINT('',(2.317110601866,-5.149720059244,
    -7.007853348797));
#1944 = CARTESIAN_POINT('',(2.307627179993,-5.15,-6.993861858747));
#1945 = CARTESIAN_POINT('',(2.3,-5.15,-6.979107540144));
#1946 = ORIENTED_EDGE('',*,*,#1947,.F.);
#1947 = EDGE_CURVE('',#1914,#1933,#1948,.T.);
#1948 = LINE('',#1949,#1950);
#1949 = CARTESIAN_POINT('',(2.445850333885,-5.275710980709,
    -7.063438248483));
#1950 = VECTOR('',#1951,1.);
#1951 = DIRECTION('',(-0.324110125301,0.946019358511,0.));
#1952 = B_SPLINE_SURFACE_WITH_KNOTS('',3,3,(
    (#1953,#1954,#1955,#1956)
    ,(#1957,#1958,#1959,#1960)
    ,(#1961,#1962,#1963,#1964)
    ,(#1965,#1966,#1967,#1968)
    ,(#1969,#1970,#1971,#1972)
    ,(#1973,#1974,#1975,#1976)
    ,(#1977,#1978,#1979,#1980)
    ,(#1981,#1982,#1983,#1984)
    ,(#1985,#1986,#1987,#1988)
    ,(#1989,#1990,#1991,#1992)
    ,(#1993,#1994,#1995,#1996)
    ,(#1997,#1998,#1999,#2000)
    ,(#2001,#2002,#2003,#2004
    )),.UNSPECIFIED.,.F.,.F.,.F.,(4,1,1,1,1,1,1,1,1,1,4),(4,4),(
    4.741353895244E-04,2.940632888463E-02,7.201444026496E-02,
    8.320536887517E-02,0.291923868399,0.500642367923,0.709360867447,
    0.918079366971,0.929188502071,0.9715261188,0.998469916506),(
    -4.661876862322E-08,1.),.UNSPECIFIED.);
#1953 = CARTESIAN_POINT('',(2.526611083858,-5.434784114177,
    -7.065563075713));
#1954 = CARTESIAN_POINT('',(2.483934971381,-5.32464956471,
    -7.065560027745));
#1955 = CARTESIAN_POINT('',(2.441258858904,-5.214515015243,
    -7.065556979778));
#1956 = CARTESIAN_POINT('',(2.398582746427,-5.104380465776,
    -7.065553931811));
#1957 = CARTESIAN_POINT('',(2.523897447327,-5.435839423482,
    -7.065388361433));
#1958 = CARTESIAN_POINT('',(2.481732243229,-5.325507364101,
    -7.065386097517));
#1959 = CARTESIAN_POINT('',(2.439567039131,-5.21517530472,
    -7.065383833602));
#1960 = CARTESIAN_POINT('',(2.397401835034,-5.104843245338,
    -7.065381569686));
#1961 = CARTESIAN_POINT('',(2.517178026782,-5.43839592924,
    -7.064892804119));
#1962 = CARTESIAN_POINT('',(2.476277997699,-5.327584781103,
    -7.064892044661));
#1963 = CARTESIAN_POINT('',(2.435377968615,-5.216773632966,
    -7.064891285202));
#1964 = CARTESIAN_POINT('',(2.394477939532,-5.10596248483,
    -7.064890525744));
#1965 = CARTESIAN_POINT('',(2.509390437045,-5.441201288097,
    -7.064139334539));
#1966 = CARTESIAN_POINT('',(2.469956893369,-5.329862907099,
    -7.064139263642));
#1967 = CARTESIAN_POINT('',(2.430523349694,-5.2185245261,-7.064139192746
    ));
#1968 = CARTESIAN_POINT('',(2.391089806018,-5.107186145102,
    -7.064139121849));
#1969 = CARTESIAN_POINT('',(2.484673561869,-5.449743815555,
    -7.061322609882));
#1970 = CARTESIAN_POINT('',(2.449894778397,-5.336797206631,
    -7.061322884933));
#1971 = CARTESIAN_POINT('',(2.415115994925,-5.223850597708,
    -7.061323159984));
#1972 = CARTESIAN_POINT('',(2.380337211453,-5.110903988784,
    -7.061323435035));
#1973 = CARTESIAN_POINT('',(2.444339465868,-5.461296067867,
    -7.053889394985));
#1974 = CARTESIAN_POINT('',(2.41715836482,-5.346157197042,
    -7.053879135206));
#1975 = CARTESIAN_POINT('',(2.389977263771,-5.231018326216,
    -7.053868875426));
#1976 = CARTESIAN_POINT('',(2.362796162723,-5.115879455391,
    -7.053858615646));
#1977 = CARTESIAN_POINT('',(2.388647029578,-5.471637347359,
    -7.035588274072));
#1978 = CARTESIAN_POINT('',(2.371949437772,-5.354571318031,
    -7.035592542957));
#1979 = CARTESIAN_POINT('',(2.355251845965,-5.237505288702,
    -7.035596811841));
#1980 = CARTESIAN_POINT('',(2.338554254158,-5.120439259373,
    -7.035601080725));
#1981 = CARTESIAN_POINT('',(2.339127925638,-5.476495938886,
    -7.010583461642));
#1982 = CARTESIAN_POINT('',(2.331769829577,-5.358510530789,
    -7.010576645883));
#1983 = CARTESIAN_POINT('',(2.324411733516,-5.240525122693,
    -7.010569830125));
#1984 = CARTESIAN_POINT('',(2.317053637455,-5.122539714596,
    -7.010563014366));
#1985 = CARTESIAN_POINT('',(2.311153263921,-5.477185734394,
    -6.989553772268));
#1986 = CARTESIAN_POINT('',(2.309052535618,-5.359070684213,
    -6.989553953653));
#1987 = CARTESIAN_POINT('',(2.306951807316,-5.240955634032,
    -6.989554135039));
#1988 = CARTESIAN_POINT('',(2.304851079013,-5.122840583851,
    -6.989554316424));
#1989 = CARTESIAN_POINT('',(2.296349839902,-5.477163274008,
    -6.975697735066));
#1990 = CARTESIAN_POINT('',(2.297037330915,-5.359052445094,
    -6.975697688619));
#1991 = CARTESIAN_POINT('',(2.297724821929,-5.24094161618,
    -6.975697642171));
#1992 = CARTESIAN_POINT('',(2.298412312942,-5.122830787267,
    -6.975697595724));
#1993 = CARTESIAN_POINT('',(2.291984345478,-5.477124857122,
    -6.971376099174));
#1994 = CARTESIAN_POINT('',(2.293494661216,-5.359021242924,
    -6.971375610206));
#1995 = CARTESIAN_POINT('',(2.295004976954,-5.240917628727,
    -6.971375121238));
#1996 = CARTESIAN_POINT('',(2.296515292691,-5.122814014529,
    -6.971374632269));
#1997 = CARTESIAN_POINT('',(2.288423146082,-5.477063361376,
    -6.967574900993));
#1998 = CARTESIAN_POINT('',(2.290605601802,-5.358971270807,
    -6.967573458766));
#1999 = CARTESIAN_POINT('',(2.292788057521,-5.240879180239,
    -6.967572016538));
#2000 = CARTESIAN_POINT('',(2.294970513241,-5.12278708967,
    -6.967570574311));
#2001 = CARTESIAN_POINT('',(2.287069244541,-5.47703580985,
    -6.966085430306));
#2002 = CARTESIAN_POINT('',(2.289507403493,-5.358948877472,
    -6.966083515881));
#2003 = CARTESIAN_POINT('',(2.291945562444,-5.240861945094,
    -6.966081601456));
#2004 = CARTESIAN_POINT('',(2.294383721396,-5.122775012717,
    -6.966079687031));
#2005 = ADVANCED_FACE('',(#2006),#2051,.F.);
#2006 = FACE_BOUND('',#2007,.F.);
#2007 = EDGE_LOOP('',(#2008,#2022,#2030,#2045));
#2008 = ORIENTED_EDGE('',*,*,#2009,.F.);
#2009 = EDGE_CURVE('',#2010,#2012,#2014,.T.);
#2010 = VERTEX_POINT('',#2011);
#2011 = CARTESIAN_POINT('',(2.299999999998,-5.15,-10.05358983848));
#2012 = VERTEX_POINT('',#2013);
#2013 = CARTESIAN_POINT('',(2.397233037589,-5.133805807554,
    -10.0060768988));
#2014 = B_SPLINE_CURVE_WITH_KNOTS('',3,(#2015,#2016,#2017,#2018,#2019,
    #2020,#2021),.UNSPECIFIED.,.F.,.F.,(4,3,4),(1.062465820525E-15,
    5.341157537446E-05,1.104952451566E-04),.UNSPECIFIED.);
#2015 = CARTESIAN_POINT('',(2.299999999998,-5.15,-10.05358983848));
#2016 = CARTESIAN_POINT('',(2.314167066685,-5.15,-10.04280690764));
#2017 = CARTESIAN_POINT('',(2.329429236625,-5.14897969399,
    -10.03323904215));
#2018 = CARTESIAN_POINT('',(2.345213618363,-5.14657331086,
    -10.02536249536));
#2019 = CARTESIAN_POINT('',(2.362037617911,-5.14400843443,
    -10.01696717004));
#2020 = CARTESIAN_POINT('',(2.379747121927,-5.139796554218,
    -10.01037349594));
#2021 = CARTESIAN_POINT('',(2.397233037589,-5.133805807554,
    -10.0060768988));
#2022 = ORIENTED_EDGE('',*,*,#2023,.F.);
#2023 = EDGE_CURVE('',#2024,#2010,#2026,.T.);
#2024 = VERTEX_POINT('',#2025);
#2025 = CARTESIAN_POINT('',(2.299999999998,-5.45,-10.05358983848));
#2026 = LINE('',#2027,#2028);
#2027 = CARTESIAN_POINT('',(2.299999999997,-5.467396881944,
    -10.05358983848));
#2028 = VECTOR('',#2029,1.);
#2029 = DIRECTION('',(0.,1.,0.));
#2030 = ORIENTED_EDGE('',*,*,#2031,.T.);
#2031 = EDGE_CURVE('',#2024,#2032,#2034,.T.);
#2032 = VERTEX_POINT('',#2033);
#2033 = CARTESIAN_POINT('',(2.49446607518,-5.417611615107,-10.0060768988
    ));
#2034 = B_SPLINE_CURVE_WITH_KNOTS('',3,(#2035,#2036,#2037,#2038,#2039,
    #2040,#2041,#2042,#2043,#2044),.UNSPECIFIED.,.F.,.F.,(4,3,3,4),(
    1.850319236097E-15,6.84480680665E-05,1.356157490402E-04,
    2.040191064757E-04),.UNSPECIFIED.);
#2035 = CARTESIAN_POINT('',(2.299999999998,-5.45,-10.05358983848));
#2036 = CARTESIAN_POINT('',(2.321324052361,-5.45,-10.04547468709));
#2037 = CARTESIAN_POINT('',(2.343077483902,-5.448854446133,
    -10.03834143137));
#2038 = CARTESIAN_POINT('',(2.364910311325,-5.44647854235,
    -10.03215648034));
#2039 = CARTESIAN_POINT('',(2.386336602786,-5.444146878844,
    -10.02608669557));
#2040 = CARTESIAN_POINT('',(2.407936877947,-5.440620388778,
    -10.0209074704));
#2041 = CARTESIAN_POINT('',(2.429392857892,-5.435881804058,
    -10.01660030809));
#2042 = CARTESIAN_POINT('',(2.451241764,-5.431056441018,-10.01221426816)
  );
#2043 = CARTESIAN_POINT('',(2.473039902543,-5.424952310025,
    -10.0087092926));
#2044 = CARTESIAN_POINT('',(2.49446607518,-5.417611615107,-10.0060768988
    ));
#2045 = ORIENTED_EDGE('',*,*,#2046,.F.);
#2046 = EDGE_CURVE('',#2012,#2032,#2047,.T.);
#2047 = LINE('',#2048,#2049);
#2048 = CARTESIAN_POINT('',(2.445850333884,-5.27571098071,-10.0060768988
    ));
#2049 = VECTOR('',#2050,1.);
#2050 = DIRECTION('',(0.324110125303,-0.94601935851,0.));
#2051 = B_SPLINE_SURFACE_WITH_KNOTS('',3,3,(
    (#2052,#2053,#2054,#2055)
    ,(#2056,#2057,#2058,#2059)
    ,(#2060,#2061,#2062,#2063)
    ,(#2064,#2065,#2066,#2067)
    ,(#2068,#2069,#2070,#2071)
    ,(#2072,#2073,#2074,#2075)
    ,(#2076,#2077,#2078,#2079)
    ,(#2080,#2081,#2082,#2083)
    ,(#2084,#2085,#2086,#2087)
    ,(#2088,#2089,#2090,#2091)
    ,(#2092,#2093,#2094,#2095
    )),.UNSPECIFIED.,.F.,.F.,.F.,(4,1,1,1,1,1,1,1,4),(4,4),(
    1.29791991887E-03,3.326791801286E-02,8.252395465022E-02,
    9.551069406688E-02,0.498215907244,0.900921120421,0.914087710386,
    0.964542868843,0.999743401613),(-4.809107390091E-09,1.),
  .UNSPECIFIED.);
#2052 = CARTESIAN_POINT('',(2.277850235435,-5.476774129991,
    -10.06204383112));
#2053 = CARTESIAN_POINT('',(2.282021622912,-5.358735954685,
    -10.06204383112));
#2054 = CARTESIAN_POINT('',(2.286193010389,-5.240697779379,
    -10.06204383112));
#2055 = CARTESIAN_POINT('',(2.290364397866,-5.122659604073,
    -10.06204383112));
#2056 = CARTESIAN_POINT('',(2.280322468844,-5.476863350163,
    -10.06105526186));
#2057 = CARTESIAN_POINT('',(2.284028269287,-5.358808372337,
    -10.06105526186));
#2058 = CARTESIAN_POINT('',(2.28773406973,-5.240753394512,
    -10.06105526186));
#2059 = CARTESIAN_POINT('',(2.291439870172,-5.122698416687,
    -10.06105526186));
#2060 = CARTESIAN_POINT('',(2.286633511172,-5.477052656344,
    -10.05857128157));
#2061 = CARTESIAN_POINT('',(2.289150775164,-5.358962027154,
    -10.05857128157));
#2062 = CARTESIAN_POINT('',(2.291668039155,-5.240871397963,
    -10.05857128157));
#2063 = CARTESIAN_POINT('',(2.294185303147,-5.122780768773,
    -10.05857128157));
#2064 = CARTESIAN_POINT('',(2.294037841268,-5.477159916957,
    -10.05577226492));
#2065 = CARTESIAN_POINT('',(2.295160673727,-5.359049087753,
    -10.05577226492));
#2066 = CARTESIAN_POINT('',(2.296283506185,-5.240938258548,
    -10.05577226492));
#2067 = CARTESIAN_POINT('',(2.297406338644,-5.122827429344,
    -10.05577226492));
#2068 = CARTESIAN_POINT('',(2.330875834735,-5.477251871857,
    -10.04227267785));
#2069 = CARTESIAN_POINT('',(2.325061096987,-5.359123725108,
    -10.04227267785));
#2070 = CARTESIAN_POINT('',(2.31924635924,-5.24099557836,-10.04227267785
    ));
#2071 = CARTESIAN_POINT('',(2.313431621492,-5.122867431611,
    -10.04227267785));
#2072 = CARTESIAN_POINT('',(2.399142105722,-5.472232819256,
    -10.02220981061));
#2073 = CARTESIAN_POINT('',(2.380471020407,-5.355049893094,
    -10.02220981061));
#2074 = CARTESIAN_POINT('',(2.361799935091,-5.237866966932,
    -10.02220981061));
#2075 = CARTESIAN_POINT('',(2.343128849776,-5.12068404077,
    -10.02220981061));
#2076 = CARTESIAN_POINT('',(2.470032346078,-5.454815916115,
    -10.00992020032));
#2077 = CARTESIAN_POINT('',(2.43801075024,-5.340913054282,
    -10.00992020032));
#2078 = CARTESIAN_POINT('',(2.405989154401,-5.227010192449,
    -10.00992020032));
#2079 = CARTESIAN_POINT('',(2.373967558563,-5.113107330616,
    -10.00992020032));
#2080 = CARTESIAN_POINT('',(2.509826085485,-5.441054450198,
    -10.00531671687));
#2081 = CARTESIAN_POINT('',(2.470310274166,-5.329743237013,
    -10.00531671687));
#2082 = CARTESIAN_POINT('',(2.430794462847,-5.218432023827,
    -10.00531671687));
#2083 = CARTESIAN_POINT('',(2.391278651528,-5.107120810642,
    -10.00531671687));
#2084 = CARTESIAN_POINT('',(2.518238426779,-5.438013494155,
    -10.00441901189));
#2085 = CARTESIAN_POINT('',(2.477138348704,-5.327274973564,
    -10.00441901189));
#2086 = CARTESIAN_POINT('',(2.436038270628,-5.216536452972,
    -10.00441901189));
#2087 = CARTESIAN_POINT('',(2.394938192553,-5.105797932381,
    -10.00441901189));
#2088 = CARTESIAN_POINT('',(2.525499470739,-5.435231293852,
    -10.00373227808));
#2089 = CARTESIAN_POINT('',(2.483031945687,-5.325016735292,
    -10.00373227808));
#2090 = CARTESIAN_POINT('',(2.440564420635,-5.214802176731,
    -10.00373227808));
#2091 = CARTESIAN_POINT('',(2.398096895584,-5.104587618171,
    -10.00373227808));
#2092 = CARTESIAN_POINT('',(2.528477518413,-5.434063104809,
    -10.00346555361));
#2093 = CARTESIAN_POINT('',(2.48544914807,-5.324068547196,
    -10.00346555361));
#2094 = CARTESIAN_POINT('',(2.442420777728,-5.214073989583,
    -10.00346555361));
#2095 = CARTESIAN_POINT('',(2.399392407386,-5.10407943197,
    -10.00346555361));
#2096 = ADVANCED_FACE('',(#2097),#2126,.F.);
#2097 = FACE_BOUND('',#2098,.F.);
#2098 = EDGE_LOOP('',(#2099,#2108,#2116,#2125));
#2099 = ORIENTED_EDGE('',*,*,#2100,.F.);
#2100 = EDGE_CURVE('',#2101,#1933,#2103,.T.);
#2101 = VERTEX_POINT('',#2102);
#2102 = CARTESIAN_POINT('',(2.595442325904,-4.9020944533,-7.137790332948
    ));
#2103 = B_SPLINE_CURVE_WITH_KNOTS('',3,(#2104,#2105,#2106,#2107),
  .UNSPECIFIED.,.F.,.F.,(4,4),(0.,1.),.PIECEWISE_BEZIER_KNOTS.);
#2104 = CARTESIAN_POINT('',(2.595442325904,-4.9020944533,-7.137790332948
    ));
#2105 = CARTESIAN_POINT('',(2.576928087837,-5.00709391505,
    -7.113006304793));
#2106 = CARTESIAN_POINT('',(2.4980969099,-5.099249429823,-7.088222276638
    ));
#2107 = CARTESIAN_POINT('',(2.397233037591,-5.133805807553,
    -7.063438248483));
#2108 = ORIENTED_EDGE('',*,*,#2109,.T.);
#2109 = EDGE_CURVE('',#2101,#2110,#2112,.T.);
#2110 = VERTEX_POINT('',#2111);
#2111 = CARTESIAN_POINT('',(2.890884651808,-4.9541889066,-7.137790332948
    ));
#2112 = LINE('',#2113,#2114);
#2113 = CARTESIAN_POINT('',(2.595442325904,-4.9020944533,-7.137790332947
    ));
#2114 = VECTOR('',#2115,1.);
#2115 = DIRECTION('',(0.984807753012,-0.173648177666,4.336808689937E-14)
  );
#2116 = ORIENTED_EDGE('',*,*,#2117,.T.);
#2117 = EDGE_CURVE('',#2110,#1914,#2118,.T.);
#2118 = B_SPLINE_CURVE_WITH_KNOTS('',3,(#2119,#2120,#2121,#2122,#2123,
    #2124),.UNSPECIFIED.,.F.,.F.,(4,2,4),(0.,0.5,1.),.UNSPECIFIED.);
#2119 = CARTESIAN_POINT('',(2.890884651808,-4.9541889066,-7.137790332948
    ));
#2120 = CARTESIAN_POINT('',(2.872370413741,-5.05918836835,-7.12539831887
    ));
#2121 = CARTESIAN_POINT('',(2.825249215513,-5.158999879582,
    -7.113006304793));
#2122 = CARTESIAN_POINT('',(2.686636945771,-5.321040907081,
    -7.088222276638));
#2123 = CARTESIAN_POINT('',(2.595329947491,-5.383055237376,
    -7.07583026256));
#2124 = CARTESIAN_POINT('',(2.494466075182,-5.417611615106,
    -7.063438248483));
#2125 = ORIENTED_EDGE('',*,*,#1947,.T.);
#2126 = B_SPLINE_SURFACE_WITH_KNOTS('',3,3,(
    (#2127,#2128,#2129,#2130)
    ,(#2131,#2132,#2133,#2134)
    ,(#2135,#2136,#2137,#2138)
    ,(#2139,#2140,#2141,#2142)
    ,(#2143,#2144,#2145,#2146)
    ,(#2147,#2148,#2149,#2150)
    ,(#2151,#2152,#2153,#2154)
    ,(#2155,#2156,#2157,#2158)
    ,(#2159,#2160,#2161,#2162)
    ,(#2163,#2164,#2165,#2166)
    ,(#2167,#2168,#2169,#2170
    )),.UNSPECIFIED.,.F.,.F.,.F.,(4,1,1,1,1,1,1,1,4),(4,4),(
    -1.369796541528E-06,1.97281409062E-02,3.820005760148E-02,
    0.269099016292,0.499997974983,0.730896933674,0.961795892365,
    0.980267809061,1.000000314171),(-2.225858386495E-13,0.999999997514),
  .UNSPECIFIED.);
#2127 = CARTESIAN_POINT('',(2.376962478057,-5.111750535236,
    -7.060362925221));
#2128 = CARTESIAN_POINT('',(2.410280596551,-5.225065952931,
    -7.060362925221));
#2129 = CARTESIAN_POINT('',(2.443598715045,-5.338381370627,
    -7.060362925221));
#2130 = CARTESIAN_POINT('',(2.476916833539,-5.451696788322,
    -7.060362925221));
#2131 = CARTESIAN_POINT('',(2.378949987201,-5.11116701941,
    -7.060892352412));
#2132 = CARTESIAN_POINT('',(2.41312852582,-5.224229825055,
    -7.060892352412));
#2133 = CARTESIAN_POINT('',(2.447307064439,-5.3372926307,-7.060892352412
    ));
#2134 = CARTESIAN_POINT('',(2.481485603058,-5.450355436345,
    -7.060892352412));
#2135 = CARTESIAN_POINT('',(2.382785215478,-5.109992822711,
    -7.061917460165));
#2136 = CARTESIAN_POINT('',(2.418624077325,-5.222547302406,
    -7.061917460165));
#2137 = CARTESIAN_POINT('',(2.454462939173,-5.335101782102,
    -7.061917460165));
#2138 = CARTESIAN_POINT('',(2.49030180102,-5.447656261797,
    -7.061917460165));
#2139 = CARTESIAN_POINT('',(2.40961010085,-5.101122801495,
    -7.069138574959));
#2140 = CARTESIAN_POINT('',(2.45706182564,-5.209837326639,
    -7.069138574959));
#2141 = CARTESIAN_POINT('',(2.504513550431,-5.318551851784,
    -7.069138574959));
#2142 = CARTESIAN_POINT('',(2.551965275221,-5.427266376928,
    -7.069138574959));
#2143 = CARTESIAN_POINT('',(2.455116420239,-5.078386675419,
    -7.082026269599));
#2144 = CARTESIAN_POINT('',(2.522268458476,-5.177258417928,
    -7.082026269599));
#2145 = CARTESIAN_POINT('',(2.589420496714,-5.276130160437,
    -7.082026269599));
#2146 = CARTESIAN_POINT('',(2.656572534951,-5.375001902946,
    -7.082026269599));
#2147 = CARTESIAN_POINT('',(2.50979669453,-5.029463167212,
    -7.100614290716));
#2148 = CARTESIAN_POINT('',(2.600620577853,-5.107155248091,
    -7.100614290716));
#2149 = CARTESIAN_POINT('',(2.691444461175,-5.184847328969,
    -7.100614290716));
#2150 = CARTESIAN_POINT('',(2.782268344498,-5.262539409848,
    -7.100614290716));
#2151 = CARTESIAN_POINT('',(2.549659004127,-4.967864154836,
    -7.119202311832));
#2152 = CARTESIAN_POINT('',(2.657739831196,-5.018889173466,
    -7.119202311832));
#2153 = CARTESIAN_POINT('',(2.765820658266,-5.069914192096,
    -7.119202311832));
#2154 = CARTESIAN_POINT('',(2.873901485335,-5.120939210725,
    -7.119202311832));
#2155 = CARTESIAN_POINT('',(2.565071209267,-4.919385082384,
    -7.132090006473));
#2156 = CARTESIAN_POINT('',(2.679824192561,-4.949422841753,
    -7.132090006473));
#2157 = CARTESIAN_POINT('',(2.794577175855,-4.979460601122,
    -7.132090006473));
#2158 = CARTESIAN_POINT('',(2.909330159149,-5.009498360491,
    -7.132090006473));
#2159 = CARTESIAN_POINT('',(2.569678719168,-4.891509638543,
    -7.13931120162));
#2160 = CARTESIAN_POINT('',(2.686426357062,-4.909479733717,
    -7.13931120162));
#2161 = CARTESIAN_POINT('',(2.803173994956,-4.92744982889,-7.13931120162
    ));
#2162 = CARTESIAN_POINT('',(2.919921632851,-4.945419924063,
    -7.13931120162));
#2163 = CARTESIAN_POINT('',(2.570244657349,-4.887538498828,
    -7.140336389726));
#2164 = CARTESIAN_POINT('',(2.687237297689,-4.903789432836,
    -7.140336389726));
#2165 = CARTESIAN_POINT('',(2.80422993803,-4.920040366843,
    -7.140336389726));
#2166 = CARTESIAN_POINT('',(2.92122257837,-4.936291300851,
    -7.140336389726));
#2167 = CARTESIAN_POINT('',(2.570513274464,-4.885484276174,
    -7.14086589727));
#2168 = CARTESIAN_POINT('',(2.68762220286,-4.900845908855,-7.14086589727
    ));
#2169 = CARTESIAN_POINT('',(2.804731131256,-4.916207541537,
    -7.14086589727));
#2170 = CARTESIAN_POINT('',(2.921840059651,-4.931569174218,
    -7.14086589727));
#2171 = ADVANCED_FACE('',(#2172),#2198,.F.);
#2172 = FACE_BOUND('',#2173,.F.);
#2173 = EDGE_LOOP('',(#2174,#2183,#2189,#2190,#2191,#2197));
#2174 = ORIENTED_EDGE('',*,*,#2175,.F.);
#2175 = EDGE_CURVE('',#2176,#2012,#2178,.T.);
#2176 = VERTEX_POINT('',#2177);
#2177 = CARTESIAN_POINT('',(2.595442325904,-4.9020944533,-9.93172481433)
  );
#2178 = B_SPLINE_CURVE_WITH_KNOTS('',3,(#2179,#2180,#2181,#2182),
  .UNSPECIFIED.,.F.,.F.,(4,4),(0.,1.),.PIECEWISE_BEZIER_KNOTS.);
#2179 = CARTESIAN_POINT('',(2.595442325904,-4.9020944533,-9.93172481433)
  );
#2180 = CARTESIAN_POINT('',(2.576928087837,-5.00709391505,
    -9.956508842486));
#2181 = CARTESIAN_POINT('',(2.498096909899,-5.099249429824,
    -9.981292870642));
#2182 = CARTESIAN_POINT('',(2.397233037589,-5.133805807554,
    -10.0060768988));
#2183 = ORIENTED_EDGE('',*,*,#2184,.F.);
#2184 = EDGE_CURVE('',#2101,#2176,#2185,.T.);
#2185 = LINE('',#2186,#2187);
#2186 = CARTESIAN_POINT('',(2.595442325904,-4.9020944533,-8.534757573639
    ));
#2187 = VECTOR('',#2188,1.);
#2188 = DIRECTION('',(-0.,-0.,-1.));
#2189 = ORIENTED_EDGE('',*,*,#2100,.T.);
#2190 = ORIENTED_EDGE('',*,*,#1932,.T.);
#2191 = ORIENTED_EDGE('',*,*,#2192,.T.);
#2192 = EDGE_CURVE('',#1925,#2010,#2193,.T.);
#2193 = LINE('',#2194,#2195);
#2194 = CARTESIAN_POINT('',(2.3,-5.15,-6.917617894178));
#2195 = VECTOR('',#2196,1.);
#2196 = DIRECTION('',(0.,0.,-1.));
#2197 = ORIENTED_EDGE('',*,*,#2009,.T.);
#2198 = CYLINDRICAL_SURFACE('',#2199,0.3);
#2199 = AXIS2_PLACEMENT_3D('',#2200,#2201,#2202);
#2200 = CARTESIAN_POINT('',(2.3,-4.85,-6.917617894178));
#2201 = DIRECTION('',(0.,0.,-1.));
#2202 = DIRECTION('',(-1.,0.,0.));
#2203 = ADVANCED_FACE('',(#2204),#2225,.F.);
#2204 = FACE_BOUND('',#2205,.F.);
#2205 = EDGE_LOOP('',(#2206,#2217,#2223,#2224));
#2206 = ORIENTED_EDGE('',*,*,#2207,.T.);
#2207 = EDGE_CURVE('',#2032,#2208,#2210,.T.);
#2208 = VERTEX_POINT('',#2209);
#2209 = CARTESIAN_POINT('',(2.890884651808,-4.9541889066,-9.93172481433)
  );
#2210 = B_SPLINE_CURVE_WITH_KNOTS('',3,(#2211,#2212,#2213,#2214,#2215,
    #2216),.UNSPECIFIED.,.F.,.F.,(4,2,4),(0.,0.5,1.),.UNSPECIFIED.);
#2211 = CARTESIAN_POINT('',(2.49446607518,-5.417611615107,-10.0060768988
    ));
#2212 = CARTESIAN_POINT('',(2.595329947489,-5.383055237377,
    -9.99368488472));
#2213 = CARTESIAN_POINT('',(2.68663694577,-5.321040907082,
    -9.981292870642));
#2214 = CARTESIAN_POINT('',(2.825249215513,-5.158999879583,
    -9.956508842486));
#2215 = CARTESIAN_POINT('',(2.872370413741,-5.05918836835,
    -9.944116828408));
#2216 = CARTESIAN_POINT('',(2.890884651808,-4.9541889066,-9.93172481433)
  );
#2217 = ORIENTED_EDGE('',*,*,#2218,.F.);
#2218 = EDGE_CURVE('',#2176,#2208,#2219,.T.);
#2219 = LINE('',#2220,#2221);
#2220 = CARTESIAN_POINT('',(2.595442325904,-4.9020944533,-9.931724814331
    ));
#2221 = VECTOR('',#2222,1.);
#2222 = DIRECTION('',(0.984807753012,-0.173648177666,-1.214306433182E-13
    ));
#2223 = ORIENTED_EDGE('',*,*,#2175,.T.);
#2224 = ORIENTED_EDGE('',*,*,#2046,.T.);
#2225 = B_SPLINE_SURFACE_WITH_KNOTS('',3,3,(
    (#2226,#2227,#2228,#2229)
    ,(#2230,#2231,#2232,#2233)
    ,(#2234,#2235,#2236,#2237)
    ,(#2238,#2239,#2240,#2241)
    ,(#2242,#2243,#2244,#2245)
    ,(#2246,#2247,#2248,#2249)
    ,(#2250,#2251,#2252,#2253)
    ,(#2254,#2255,#2256,#2257)
    ,(#2258,#2259,#2260,#2261)
    ,(#2262,#2263,#2264,#2265)
    ,(#2266,#2267,#2268,#2269
    )),.UNSPECIFIED.,.F.,.F.,.F.,(4,1,1,1,1,1,1,1,4),(4,4),(
    -1.369777794635E-06,1.972814090751E-02,3.820005760275E-02,
    0.269099016293,0.499997974984,0.730896933674,0.961795892365,
    0.98026780906,1.000000314152),(2.486412853386E-09,1.000000000001),
  .UNSPECIFIED.);
#2226 = CARTESIAN_POINT('',(2.476916833552,-5.451696788318,
    -10.00915222206));
#2227 = CARTESIAN_POINT('',(2.443598715055,-5.338381370624,
    -10.00915222206));
#2228 = CARTESIAN_POINT('',(2.410280596558,-5.225065952929,
    -10.00915222206));
#2229 = CARTESIAN_POINT('',(2.376962478061,-5.111750535235,
    -10.00915222206));
#2230 = CARTESIAN_POINT('',(2.481485603066,-5.450355436342,
    -10.00862279486));
#2231 = CARTESIAN_POINT('',(2.447307064445,-5.337292630698,
    -10.00862279486));
#2232 = CARTESIAN_POINT('',(2.413128525824,-5.224229825054,
    -10.00862279486));
#2233 = CARTESIAN_POINT('',(2.378949987204,-5.111167019409,
    -10.00862279486));
#2234 = CARTESIAN_POINT('',(2.490301801025,-5.447656261795,
    -10.00759768712));
#2235 = CARTESIAN_POINT('',(2.454462939176,-5.3351017821,-10.00759768712
    ));
#2236 = CARTESIAN_POINT('',(2.418624077328,-5.222547302405,
    -10.00759768712));
#2237 = CARTESIAN_POINT('',(2.38278521548,-5.10999282271,-10.00759768712
    ));
#2238 = CARTESIAN_POINT('',(2.551965275221,-5.427266376928,
    -10.00037657232));
#2239 = CARTESIAN_POINT('',(2.504513550431,-5.318551851784,
    -10.00037657232));
#2240 = CARTESIAN_POINT('',(2.45706182564,-5.20983732664,-10.00037657232
    ));
#2241 = CARTESIAN_POINT('',(2.40961010085,-5.101122801496,
    -10.00037657232));
#2242 = CARTESIAN_POINT('',(2.656572534951,-5.375001902945,
    -9.987488877679));
#2243 = CARTESIAN_POINT('',(2.589420496714,-5.276130160437,
    -9.987488877679));
#2244 = CARTESIAN_POINT('',(2.522268458476,-5.177258417928,
    -9.987488877679));
#2245 = CARTESIAN_POINT('',(2.455116420239,-5.07838667542,
    -9.987488877679));
#2246 = CARTESIAN_POINT('',(2.782268344498,-5.262539409847,
    -9.968900856562));
#2247 = CARTESIAN_POINT('',(2.691444461175,-5.184847328969,
    -9.968900856562));
#2248 = CARTESIAN_POINT('',(2.600620577852,-5.10715524809,
    -9.968900856562));
#2249 = CARTESIAN_POINT('',(2.50979669453,-5.029463167212,
    -9.968900856562));
#2250 = CARTESIAN_POINT('',(2.873901485335,-5.120939210725,
    -9.950312835446));
#2251 = CARTESIAN_POINT('',(2.765820658265,-5.069914192096,
    -9.950312835446));
#2252 = CARTESIAN_POINT('',(2.657739831196,-5.018889173466,
    -9.950312835446));
#2253 = CARTESIAN_POINT('',(2.549659004127,-4.967864154836,
    -9.950312835446));
#2254 = CARTESIAN_POINT('',(2.909330159149,-5.009498360491,
    -9.937425140805));
#2255 = CARTESIAN_POINT('',(2.794577175855,-4.979460601122,
    -9.937425140805));
#2256 = CARTESIAN_POINT('',(2.679824192561,-4.949422841753,
    -9.937425140805));
#2257 = CARTESIAN_POINT('',(2.565071209267,-4.919385082384,
    -9.937425140805));
#2258 = CARTESIAN_POINT('',(2.91992163285,-4.945419924068,
    -9.930203945661));
#2259 = CARTESIAN_POINT('',(2.803173994956,-4.927449828893,
    -9.930203945661));
#2260 = CARTESIAN_POINT('',(2.686426357062,-4.909479733719,
    -9.930203945661));
#2261 = CARTESIAN_POINT('',(2.569678719168,-4.891509638545,
    -9.930203945661));
#2262 = CARTESIAN_POINT('',(2.921222578368,-4.936291300859,
    -9.929178757554));
#2263 = CARTESIAN_POINT('',(2.804229938029,-4.92004036685,
    -9.929178757554));
#2264 = CARTESIAN_POINT('',(2.687237297689,-4.903789432841,
    -9.929178757554));
#2265 = CARTESIAN_POINT('',(2.570244657349,-4.887538498832,
    -9.929178757554));
#2266 = CARTESIAN_POINT('',(2.921840059649,-4.931569174231,
    -9.928649250011));
#2267 = CARTESIAN_POINT('',(2.804731131254,-4.916207541547,
    -9.928649250011));
#2268 = CARTESIAN_POINT('',(2.687622202859,-4.900845908863,
    -9.928649250011));
#2269 = CARTESIAN_POINT('',(2.570513274463,-4.885484276179,
    -9.928649250011));
#2270 = ADVANCED_FACE('',(#2271),#2298,.T.);
#2271 = FACE_BOUND('',#2272,.T.);
#2272 = EDGE_LOOP('',(#2273,#2281,#2290,#2296,#2297));
#2273 = ORIENTED_EDGE('',*,*,#2274,.F.);
#2274 = EDGE_CURVE('',#2275,#1450,#2277,.T.);
#2275 = VERTEX_POINT('',#2276);
#2276 = CARTESIAN_POINT('',(1.,-2.244450603672,-10.21851646544));
#2277 = LINE('',#2278,#2279);
#2278 = CARTESIAN_POINT('',(1.,-2.65,-10.6));
#2279 = VECTOR('',#2280,1.);
#2280 = DIRECTION('',(0.,-0.728388218141,-0.685164654425));
#2281 = ORIENTED_EDGE('',*,*,#2282,.T.);
#2282 = EDGE_CURVE('',#2275,#2283,#2285,.T.);
#2283 = VERTEX_POINT('',#2284);
#2284 = CARTESIAN_POINT('',(1.,-2.184402122662,-9.86050889794));
#2285 = CIRCLE('',#2286,0.3);
#2286 = AXIS2_PLACEMENT_3D('',#2287,#2288,#2289);
#2287 = CARTESIAN_POINT('',(1.,-2.45,-10.));
#2288 = DIRECTION('',(1.,0.,0.));
#2289 = DIRECTION('',(0.,0.,-1.));
#2290 = ORIENTED_EDGE('',*,*,#2291,.T.);
#2291 = EDGE_CURVE('',#2283,#1542,#2292,.T.);
#2292 = LINE('',#2293,#2294);
#2293 = CARTESIAN_POINT('',(1.,-2.615597877337,-9.03949110206));
#2294 = VECTOR('',#2295,1.);
#2295 = DIRECTION('',(0.,-0.464970340201,0.88532625779));
#2296 = ORIENTED_EDGE('',*,*,#1541,.T.);
#2297 = ORIENTED_EDGE('',*,*,#1457,.T.);
#2298 = PLANE('',#2299);
#2299 = AXIS2_PLACEMENT_3D('',#2300,#2301,#2302);
#2300 = CARTESIAN_POINT('',(1.,-2.2,-10.75));
#2301 = DIRECTION('',(1.,0.,0.));
#2302 = DIRECTION('',(0.,0.,-1.));
#2303 = ADVANCED_FACE('',(#2304),#2340,.T.);
#2304 = FACE_BOUND('',#2305,.T.);
#2305 = EDGE_LOOP('',(#2306,#2317,#2325,#2334));
#2306 = ORIENTED_EDGE('',*,*,#2307,.F.);
#2307 = EDGE_CURVE('',#2308,#2310,#2312,.T.);
#2308 = VERTEX_POINT('',#2309);
#2309 = CARTESIAN_POINT('',(1.380176141768,-2.95,-10.88219758531));
#2310 = VERTEX_POINT('',#2311);
#2311 = CARTESIAN_POINT('',(1.123375594428,-3.055549396327,
    -10.98148353455));
#2312 = CIRCLE('',#2313,0.3);
#2313 = AXIS2_PLACEMENT_3D('',#2314,#2315,#2316);
#2314 = CARTESIAN_POINT('',(1.123375594436,-2.837032930884,
    -10.77593413823));
#2315 = DIRECTION('',(0.,0.685164654426,-0.728388218141));
#2316 = DIRECTION('',(0.,0.728388218141,0.685164654426));
#2317 = ORIENTED_EDGE('',*,*,#2318,.T.);
#2318 = EDGE_CURVE('',#2308,#2319,#2321,.T.);
#2319 = VERTEX_POINT('',#2320);
#2320 = CARTESIAN_POINT('',(-1.380176141769,-2.95,-10.88219758531));
#2321 = LINE('',#2322,#2323);
#2322 = CARTESIAN_POINT('',(0.475,-2.95,-10.88219758531));
#2323 = VECTOR('',#2324,1.);
#2324 = DIRECTION('',(-1.,-0.,-0.));
#2325 = ORIENTED_EDGE('',*,*,#2326,.F.);
#2326 = EDGE_CURVE('',#2327,#2319,#2329,.T.);
#2327 = VERTEX_POINT('',#2328);
#2328 = CARTESIAN_POINT('',(-1.123375594438,-3.055549396328,
    -10.98148353456));
#2329 = CIRCLE('',#2330,0.300000000001);
#2330 = AXIS2_PLACEMENT_3D('',#2331,#2332,#2333);
#2331 = CARTESIAN_POINT('',(-1.123375594436,-2.837032930884,
    -10.77593413823));
#2332 = DIRECTION('',(0.,0.685164654426,-0.728388218141));
#2333 = DIRECTION('',(0.,0.728388218141,0.685164654426));
#2334 = ORIENTED_EDGE('',*,*,#2335,.T.);
#2335 = EDGE_CURVE('',#2327,#2310,#2336,.T.);
#2336 = LINE('',#2337,#2338);
#2337 = CARTESIAN_POINT('',(0.,-3.055549396328,-10.98148353456));
#2338 = VECTOR('',#2339,1.);
#2339 = DIRECTION('',(1.,0.,0.));
#2340 = PLANE('',#2341);
#2341 = AXIS2_PLACEMENT_3D('',#2342,#2343,#2344);
#2342 = CARTESIAN_POINT('',(0.,-2.65,-10.6));
#2343 = DIRECTION('',(0.,-0.685164654425,0.728388218141));
#2344 = DIRECTION('',(0.,-0.728388218141,-0.685164654425));
#2345 = ADVANCED_FACE('',(#2346),#2364,.T.);
#2346 = FACE_BOUND('',#2347,.T.);
#2347 = EDGE_LOOP('',(#2348,#2349,#2358));
#2348 = ORIENTED_EDGE('',*,*,#2326,.T.);
#2349 = ORIENTED_EDGE('',*,*,#2350,.T.);
#2350 = EDGE_CURVE('',#2319,#2351,#2353,.T.);
#2351 = VERTEX_POINT('',#2352);
#2352 = CARTESIAN_POINT('',(-1.123375594438,-2.95,-11.09369150708));
#2353 = ( BOUNDED_CURVE() B_SPLINE_CURVE(3,(#2354,#2355,#2356,#2357),
.UNSPECIFIED.,.F.,.F.) B_SPLINE_CURVE_WITH_KNOTS((4,4),(5.255699698665,
6.28318530718),.PIECEWISE_BEZIER_KNOTS.) CURVE() 
GEOMETRIC_REPRESENTATION_ITEM() RATIONAL_B_SPLINE_CURVE((1.,
0.913940831389,0.913940831389,1.)) REPRESENTATION_ITEM('') );
#2354 = CARTESIAN_POINT('',(-1.380176141769,-2.95,-10.88219758531));
#2355 = CARTESIAN_POINT('',(-1.324579263739,-2.95,-11.01655525109));
#2356 = CARTESIAN_POINT('',(-1.230918733971,-2.95,-11.09369150708));
#2357 = CARTESIAN_POINT('',(-1.123375594438,-2.95,-11.09369150708));
#2358 = ORIENTED_EDGE('',*,*,#2359,.T.);
#2359 = EDGE_CURVE('',#2351,#2327,#2360,.T.);
#2360 = LINE('',#2361,#2362);
#2361 = CARTESIAN_POINT('',(-1.12337559444,-2.952774698164,
    -11.09074176728));
#2362 = VECTOR('',#2363,1.);
#2363 = DIRECTION('',(0.,-0.685164654428,0.728388218138));
#2364 = CYLINDRICAL_SURFACE('',#2365,0.300000000001);
#2365 = AXIS2_PLACEMENT_3D('',#2366,#2367,#2368);
#2366 = CARTESIAN_POINT('',(-1.123375594436,-2.848952659489,
    -10.76326245439));
#2367 = DIRECTION('',(0.,0.685164654426,-0.728388218141));
#2368 = DIRECTION('',(0.,0.728388218141,0.685164654426));
#2369 = ADVANCED_FACE('',(#2370),#2388,.F.);
#2370 = FACE_BOUND('',#2371,.T.);
#2371 = EDGE_LOOP('',(#2372,#2373,#2374,#2382));
#2372 = ORIENTED_EDGE('',*,*,#2335,.F.);
#2373 = ORIENTED_EDGE('',*,*,#2359,.F.);
#2374 = ORIENTED_EDGE('',*,*,#2375,.T.);
#2375 = EDGE_CURVE('',#2351,#2376,#2378,.T.);
#2376 = VERTEX_POINT('',#2377);
#2377 = CARTESIAN_POINT('',(1.123375594428,-2.95,-11.09369150707));
#2378 = LINE('',#2379,#2380);
#2379 = CARTESIAN_POINT('',(0.475,-2.95,-11.09369150708));
#2380 = VECTOR('',#2381,1.);
#2381 = DIRECTION('',(1.,0.,0.));
#2382 = ORIENTED_EDGE('',*,*,#2383,.F.);
#2383 = EDGE_CURVE('',#2310,#2376,#2384,.T.);
#2384 = LINE('',#2385,#2386);
#2385 = CARTESIAN_POINT('',(1.123375594421,-3.067469124931,
    -10.96881185071));
#2386 = VECTOR('',#2387,1.);
#2387 = DIRECTION('',(0.,0.685164654426,-0.728388218141));
#2388 = PLANE('',#2389);
#2389 = AXIS2_PLACEMENT_3D('',#2390,#2391,#2392);
#2390 = CARTESIAN_POINT('',(0.,-2.952774698164,-11.09074176728));
#2391 = DIRECTION('',(0.,0.728388218138,0.685164654428));
#2392 = DIRECTION('',(0.,-0.685164654428,0.728388218138));
#2393 = ADVANCED_FACE('',(#2394),#2405,.T.);
#2394 = FACE_BOUND('',#2395,.T.);
#2395 = EDGE_LOOP('',(#2396,#2397,#2404));
#2396 = ORIENTED_EDGE('',*,*,#2383,.T.);
#2397 = ORIENTED_EDGE('',*,*,#2398,.T.);
#2398 = EDGE_CURVE('',#2376,#2308,#2399,.T.);
#2399 = ( BOUNDED_CURVE() B_SPLINE_CURVE(3,(#2400,#2401,#2402,#2403),
.UNSPECIFIED.,.F.,.F.) B_SPLINE_CURVE_WITH_KNOTS((4,4),(6.283185307155,
7.310670915692),.PIECEWISE_BEZIER_KNOTS.) CURVE() 
GEOMETRIC_REPRESENTATION_ITEM() RATIONAL_B_SPLINE_CURVE((1.,
0.913940831385,0.913940831385,1.)) REPRESENTATION_ITEM('') );
#2400 = CARTESIAN_POINT('',(1.123375594428,-2.95,-11.09369150707));
#2401 = CARTESIAN_POINT('',(1.230918733966,-2.95,-11.09369150708));
#2402 = CARTESIAN_POINT('',(1.324579263736,-2.95,-11.01655525109));
#2403 = CARTESIAN_POINT('',(1.380176141768,-2.95,-10.88219758531));
#2404 = ORIENTED_EDGE('',*,*,#2307,.T.);
#2405 = CYLINDRICAL_SURFACE('',#2406,0.3);
#2406 = AXIS2_PLACEMENT_3D('',#2407,#2408,#2409);
#2407 = CARTESIAN_POINT('',(1.123375594436,-2.848952659489,
    -10.76326245439));
#2408 = DIRECTION('',(0.,0.685164654426,-0.728388218141));
#2409 = DIRECTION('',(0.,0.728388218141,0.685164654426));
#2410 = ADVANCED_FACE('',(#2411),#2445,.F.);
#2411 = FACE_BOUND('',#2412,.T.);
#2412 = EDGE_LOOP('',(#2413,#2423,#2431,#2439));
#2413 = ORIENTED_EDGE('',*,*,#2414,.F.);
#2414 = EDGE_CURVE('',#2415,#2417,#2419,.T.);
#2415 = VERTEX_POINT('',#2416);
#2416 = CARTESIAN_POINT('',(-3.4,-2.65,-9.6));
#2417 = VERTEX_POINT('',#2418);
#2418 = CARTESIAN_POINT('',(-3.4,-2.95,-9.6));
#2419 = LINE('',#2420,#2421);
#2420 = CARTESIAN_POINT('',(-3.4,-2.962612707877,-9.6));
#2421 = VECTOR('',#2422,1.);
#2422 = DIRECTION('',(-0.,-1.,-0.));
#2423 = ORIENTED_EDGE('',*,*,#2424,.F.);
#2424 = EDGE_CURVE('',#2425,#2415,#2427,.T.);
#2425 = VERTEX_POINT('',#2426);
#2426 = CARTESIAN_POINT('',(-3.4,-2.65,-12.));
#2427 = LINE('',#2428,#2429);
#2428 = CARTESIAN_POINT('',(-3.4,-2.65,-10.65));
#2429 = VECTOR('',#2430,1.);
#2430 = DIRECTION('',(0.,0.,1.));
#2431 = ORIENTED_EDGE('',*,*,#2432,.F.);
#2432 = EDGE_CURVE('',#2433,#2425,#2435,.T.);
#2433 = VERTEX_POINT('',#2434);
#2434 = CARTESIAN_POINT('',(-3.4,-2.95,-12.));
#2435 = LINE('',#2436,#2437);
#2436 = CARTESIAN_POINT('',(-3.4,-2.8,-12.));
#2437 = VECTOR('',#2438,1.);
#2438 = DIRECTION('',(0.,1.,0.));
#2439 = ORIENTED_EDGE('',*,*,#2440,.T.);
#2440 = EDGE_CURVE('',#2433,#2417,#2441,.T.);
#2441 = LINE('',#2442,#2443);
#2442 = CARTESIAN_POINT('',(-3.4,-2.95,-10.65));
#2443 = VECTOR('',#2444,1.);
#2444 = DIRECTION('',(0.,0.,1.));
#2445 = PLANE('',#2446);
#2446 = AXIS2_PLACEMENT_3D('',#2447,#2448,#2449);
#2447 = CARTESIAN_POINT('',(-3.4,-2.8,-10.8));
#2448 = DIRECTION('',(1.,0.,0.));
#2449 = DIRECTION('',(0.,0.,-1.));
#2450 = ADVANCED_FACE('',(#2451),#2485,.T.);
#2451 = FACE_BOUND('',#2452,.T.);
#2452 = EDGE_LOOP('',(#2453,#2463,#2471,#2479));
#2453 = ORIENTED_EDGE('',*,*,#2454,.F.);
#2454 = EDGE_CURVE('',#2455,#2457,#2459,.T.);
#2455 = VERTEX_POINT('',#2456);
#2456 = CARTESIAN_POINT('',(-3.,-2.65,-9.3));
#2457 = VERTEX_POINT('',#2458);
#2458 = CARTESIAN_POINT('',(2.55,-2.65,-9.3));
#2459 = LINE('',#2460,#2461);
#2460 = CARTESIAN_POINT('',(0.475,-2.65,-9.3));
#2461 = VECTOR('',#2462,1.);
#2462 = DIRECTION('',(1.,0.,0.));
#2463 = ORIENTED_EDGE('',*,*,#2464,.T.);
#2464 = EDGE_CURVE('',#2455,#2465,#2467,.T.);
#2465 = VERTEX_POINT('',#2466);
#2466 = CARTESIAN_POINT('',(-3.,-2.95,-9.3));
#2467 = LINE('',#2468,#2469);
#2468 = CARTESIAN_POINT('',(-3.,-2.8,-9.3));
#2469 = VECTOR('',#2470,1.);
#2470 = DIRECTION('',(-0.,-1.,-0.));
#2471 = ORIENTED_EDGE('',*,*,#2472,.T.);
#2472 = EDGE_CURVE('',#2465,#2473,#2475,.T.);
#2473 = VERTEX_POINT('',#2474);
#2474 = CARTESIAN_POINT('',(2.55,-2.95,-9.3));
#2475 = LINE('',#2476,#2477);
#2476 = CARTESIAN_POINT('',(0.475,-2.95,-9.3));
#2477 = VECTOR('',#2478,1.);
#2478 = DIRECTION('',(1.,0.,0.));
#2479 = ORIENTED_EDGE('',*,*,#2480,.F.);
#2480 = EDGE_CURVE('',#2457,#2473,#2481,.T.);
#2481 = LINE('',#2482,#2483);
#2482 = CARTESIAN_POINT('',(2.55,-2.962612707877,-9.3));
#2483 = VECTOR('',#2484,1.);
#2484 = DIRECTION('',(-0.,-1.,-0.));
#2485 = PLANE('',#2486);
#2486 = AXIS2_PLACEMENT_3D('',#2487,#2488,#2489);
#2487 = CARTESIAN_POINT('',(-0.275,-2.8,-9.3));
#2488 = DIRECTION('',(0.,0.,1.));
#2489 = DIRECTION('',(1.,0.,-0.));
#2490 = ADVANCED_FACE('',(#2491),#2518,.T.);
#2491 = FACE_BOUND('',#2492,.T.);
#2492 = EDGE_LOOP('',(#2493,#2503,#2510,#2511));
#2493 = ORIENTED_EDGE('',*,*,#2494,.F.);
#2494 = EDGE_CURVE('',#2495,#2497,#2499,.T.);
#2495 = VERTEX_POINT('',#2496);
#2496 = CARTESIAN_POINT('',(2.85,-2.65,-9.6));
#2497 = VERTEX_POINT('',#2498);
#2498 = CARTESIAN_POINT('',(2.85,-2.95,-9.6));
#2499 = LINE('',#2500,#2501);
#2500 = CARTESIAN_POINT('',(2.85,-2.8,-9.6));
#2501 = VECTOR('',#2502,1.);
#2502 = DIRECTION('',(-0.,-1.,-0.));
#2503 = ORIENTED_EDGE('',*,*,#2504,.F.);
#2504 = EDGE_CURVE('',#2457,#2495,#2505,.T.);
#2505 = CIRCLE('',#2506,0.3);
#2506 = AXIS2_PLACEMENT_3D('',#2507,#2508,#2509);
#2507 = CARTESIAN_POINT('',(2.55,-2.65,-9.6));
#2508 = DIRECTION('',(0.,1.,0.));
#2509 = DIRECTION('',(0.,-0.,1.));
#2510 = ORIENTED_EDGE('',*,*,#2480,.T.);
#2511 = ORIENTED_EDGE('',*,*,#2512,.T.);
#2512 = EDGE_CURVE('',#2473,#2497,#2513,.T.);
#2513 = CIRCLE('',#2514,0.3);
#2514 = AXIS2_PLACEMENT_3D('',#2515,#2516,#2517);
#2515 = CARTESIAN_POINT('',(2.55,-2.95,-9.6));
#2516 = DIRECTION('',(0.,1.,0.));
#2517 = DIRECTION('',(0.,-0.,1.));
#2518 = CYLINDRICAL_SURFACE('',#2519,0.3);
#2519 = AXIS2_PLACEMENT_3D('',#2520,#2521,#2522);
#2520 = CARTESIAN_POINT('',(2.55,-2.962612707877,-9.6));
#2521 = DIRECTION('',(0.,1.,0.));
#2522 = DIRECTION('',(0.,-0.,1.));
#2523 = ADVANCED_FACE('',(#2524),#2590,.F.);
#2524 = FACE_BOUND('',#2525,.T.);
#2525 = EDGE_LOOP('',(#2526,#2536,#2544,#2552,#2560,#2568,#2576,#2584));
#2526 = ORIENTED_EDGE('',*,*,#2527,.F.);
#2527 = EDGE_CURVE('',#2528,#2530,#2532,.T.);
#2528 = VERTEX_POINT('',#2529);
#2529 = CARTESIAN_POINT('',(-1.,-2.038901207335,-10.43703293087));
#2530 = VERTEX_POINT('',#2531);
#2531 = CARTESIAN_POINT('',(-1.490432551032,-2.038901207335,
    -10.43703293087));
#2532 = LINE('',#2533,#2534);
#2533 = CARTESIAN_POINT('',(0.,-2.038901207324,-10.43703293086));
#2534 = VECTOR('',#2535,1.);
#2535 = DIRECTION('',(-1.,-0.,-0.));
#2536 = ORIENTED_EDGE('',*,*,#2537,.F.);
#2537 = EDGE_CURVE('',#2538,#2528,#2540,.T.);
#2538 = VERTEX_POINT('',#2539);
#2539 = CARTESIAN_POINT('',(-1.,-2.5,-10.8707694838));
#2540 = LINE('',#2541,#2542);
#2541 = CARTESIAN_POINT('',(-1.,-2.444450603673,-10.81851646544));
#2542 = VECTOR('',#2543,1.);
#2543 = DIRECTION('',(0.,0.728388218141,0.685164654425));
#2544 = ORIENTED_EDGE('',*,*,#2545,.T.);
#2545 = EDGE_CURVE('',#2538,#2546,#2548,.T.);
#2546 = VERTEX_POINT('',#2547);
#2547 = CARTESIAN_POINT('',(1.,-2.5,-10.8707694838));
#2548 = LINE('',#2549,#2550);
#2549 = CARTESIAN_POINT('',(0.,-2.5,-10.8707694838));
#2550 = VECTOR('',#2551,1.);
#2551 = DIRECTION('',(1.,0.,0.));
#2552 = ORIENTED_EDGE('',*,*,#2553,.F.);
#2553 = EDGE_CURVE('',#2554,#2546,#2556,.T.);
#2554 = VERTEX_POINT('',#2555);
#2555 = CARTESIAN_POINT('',(1.,-2.038901207345,-10.43703293088));
#2556 = LINE('',#2557,#2558);
#2557 = CARTESIAN_POINT('',(1.,-2.444450603673,-10.81851646544));
#2558 = VECTOR('',#2559,1.);
#2559 = DIRECTION('',(0.,-0.728388218141,-0.685164654425));
#2560 = ORIENTED_EDGE('',*,*,#2561,.F.);
#2561 = EDGE_CURVE('',#2562,#2554,#2564,.T.);
#2562 = VERTEX_POINT('',#2563);
#2563 = CARTESIAN_POINT('',(1.490432551031,-2.038901207344,
    -10.43703293088));
#2564 = LINE('',#2565,#2566);
#2565 = CARTESIAN_POINT('',(0.,-2.038901207343,-10.43703293088));
#2566 = VECTOR('',#2567,1.);
#2567 = DIRECTION('',(-1.,-0.,-0.));
#2568 = ORIENTED_EDGE('',*,*,#2569,.F.);
#2569 = EDGE_CURVE('',#2570,#2562,#2572,.T.);
#2570 = VERTEX_POINT('',#2571);
#2571 = CARTESIAN_POINT('',(1.422298775895,-2.65,-11.01186827646));
#2572 = LINE('',#2573,#2574);
#2573 = CARTESIAN_POINT('',(1.422298775895,-2.65,-11.01186827646));
#2574 = VECTOR('',#2575,1.);
#2575 = DIRECTION('',(8.094434484476E-02,0.725998101649,0.682916370751)
  );
#2576 = ORIENTED_EDGE('',*,*,#2577,.F.);
#2577 = EDGE_CURVE('',#2578,#2570,#2580,.T.);
#2578 = VERTEX_POINT('',#2579);
#2579 = CARTESIAN_POINT('',(-1.422298775895,-2.65,-11.01186827645));
#2580 = LINE('',#2581,#2582);
#2581 = CARTESIAN_POINT('',(0.475,-2.65,-11.01186827646));
#2582 = VECTOR('',#2583,1.);
#2583 = DIRECTION('',(1.,0.,0.));
#2584 = ORIENTED_EDGE('',*,*,#2585,.F.);
#2585 = EDGE_CURVE('',#2530,#2578,#2586,.T.);
#2586 = LINE('',#2587,#2588);
#2587 = CARTESIAN_POINT('',(-1.490432551031,-2.038901207343,
    -10.43703293088));
#2588 = VECTOR('',#2589,1.);
#2589 = DIRECTION('',(8.094434484453E-02,-0.72599810165,-0.68291637075)
  );
#2590 = PLANE('',#2591);
#2591 = AXIS2_PLACEMENT_3D('',#2592,#2593,#2594);
#2592 = CARTESIAN_POINT('',(0.,-2.444450603673,-10.81851646544));
#2593 = DIRECTION('',(0.,-0.685164654425,0.728388218141));
#2594 = DIRECTION('',(0.,-0.728388218141,-0.685164654425));
#2595 = ADVANCED_FACE('',(#2596),#2646,.T.);
#2596 = FACE_BOUND('',#2597,.T.);
#2597 = EDGE_LOOP('',(#2598,#2608,#2616,#2624,#2630,#2631,#2632,#2640));
#2598 = ORIENTED_EDGE('',*,*,#2599,.T.);
#2599 = EDGE_CURVE('',#2600,#2602,#2604,.T.);
#2600 = VERTEX_POINT('',#2601);
#2601 = CARTESIAN_POINT('',(-1.490432551031,-2.244450603665,
    -10.21851646543));
#2602 = VERTEX_POINT('',#2603);
#2603 = CARTESIAN_POINT('',(-1.445216275515,-2.65,-10.6));
#2604 = LINE('',#2605,#2606);
#2605 = CARTESIAN_POINT('',(-1.490432551031,-2.244450603671,
    -10.21851646544));
#2606 = VECTOR('',#2607,1.);
#2607 = DIRECTION('',(8.094434484533E-02,-0.72599810165,-0.68291637075)
  );
#2608 = ORIENTED_EDGE('',*,*,#2609,.F.);
#2609 = EDGE_CURVE('',#2610,#2602,#2612,.T.);
#2610 = VERTEX_POINT('',#2611);
#2611 = CARTESIAN_POINT('',(1.445216275516,-2.65,-10.6));
#2612 = LINE('',#2613,#2614);
#2613 = CARTESIAN_POINT('',(0.475,-2.65,-10.6));
#2614 = VECTOR('',#2615,1.);
#2615 = DIRECTION('',(-1.,-0.,-0.));
#2616 = ORIENTED_EDGE('',*,*,#2617,.F.);
#2617 = EDGE_CURVE('',#2618,#2610,#2620,.T.);
#2618 = VERTEX_POINT('',#2619);
#2619 = CARTESIAN_POINT('',(1.490432551031,-2.244450603672,
    -10.21851646544));
#2620 = LINE('',#2621,#2622);
#2621 = CARTESIAN_POINT('',(1.490432551031,-2.244450603672,
    -10.21851646544));
#2622 = VECTOR('',#2623,1.);
#2623 = DIRECTION('',(-8.094434484476E-02,-0.725998101649,
    -0.682916370751));
#2624 = ORIENTED_EDGE('',*,*,#2625,.T.);
#2625 = EDGE_CURVE('',#2618,#2275,#2626,.T.);
#2626 = LINE('',#2627,#2628);
#2627 = CARTESIAN_POINT('',(-1.593459370097,-2.244450603671,
    -10.21851646544));
#2628 = VECTOR('',#2629,1.);
#2629 = DIRECTION('',(-1.,-0.,-0.));
#2630 = ORIENTED_EDGE('',*,*,#2274,.T.);
#2631 = ORIENTED_EDGE('',*,*,#1449,.T.);
#2632 = ORIENTED_EDGE('',*,*,#2633,.T.);
#2633 = EDGE_CURVE('',#1442,#2634,#2636,.T.);
#2634 = VERTEX_POINT('',#2635);
#2635 = CARTESIAN_POINT('',(-1.,-2.244450603668,-10.21851646543));
#2636 = LINE('',#2637,#2638);
#2637 = CARTESIAN_POINT('',(-1.,-2.499999999999,-10.45890120734));
#2638 = VECTOR('',#2639,1.);
#2639 = DIRECTION('',(0.,0.728388218142,0.685164654424));
#2640 = ORIENTED_EDGE('',*,*,#2641,.T.);
#2641 = EDGE_CURVE('',#2634,#2600,#2642,.T.);
#2642 = LINE('',#2643,#2644);
#2643 = CARTESIAN_POINT('',(0.,-2.244450603662,-10.21851646543));
#2644 = VECTOR('',#2645,1.);
#2645 = DIRECTION('',(-1.,-0.,-0.));
#2646 = PLANE('',#2647);
#2647 = AXIS2_PLACEMENT_3D('',#2648,#2649,#2650);
#2648 = CARTESIAN_POINT('',(0.,-2.65,-10.6));
#2649 = DIRECTION('',(0.,-0.685164654425,0.728388218141));
#2650 = DIRECTION('',(0.,-0.728388218141,-0.685164654425));
#2651 = ADVANCED_FACE('',(#2652),#2679,.T.);
#2652 = FACE_BOUND('',#2653,.T.);
#2653 = EDGE_LOOP('',(#2654,#2663,#2671,#2678));
#2654 = ORIENTED_EDGE('',*,*,#2655,.T.);
#2655 = EDGE_CURVE('',#2417,#2656,#2658,.T.);
#2656 = VERTEX_POINT('',#2657);
#2657 = CARTESIAN_POINT('',(-3.1,-2.95,-9.3));
#2658 = CIRCLE('',#2659,0.3);
#2659 = AXIS2_PLACEMENT_3D('',#2660,#2661,#2662);
#2660 = CARTESIAN_POINT('',(-3.1,-2.95,-9.6));
#2661 = DIRECTION('',(0.,1.,0.));
#2662 = DIRECTION('',(0.,-0.,1.));
#2663 = ORIENTED_EDGE('',*,*,#2664,.T.);
#2664 = EDGE_CURVE('',#2656,#2665,#2667,.T.);
#2665 = VERTEX_POINT('',#2666);
#2666 = CARTESIAN_POINT('',(-3.1,-2.65,-9.3));
#2667 = LINE('',#2668,#2669);
#2668 = CARTESIAN_POINT('',(-3.1,-2.8,-9.3));
#2669 = VECTOR('',#2670,1.);
#2670 = DIRECTION('',(0.,1.,0.));
#2671 = ORIENTED_EDGE('',*,*,#2672,.F.);
#2672 = EDGE_CURVE('',#2415,#2665,#2673,.T.);
#2673 = CIRCLE('',#2674,0.3);
#2674 = AXIS2_PLACEMENT_3D('',#2675,#2676,#2677);
#2675 = CARTESIAN_POINT('',(-3.1,-2.65,-9.6));
#2676 = DIRECTION('',(0.,1.,0.));
#2677 = DIRECTION('',(0.,-0.,1.));
#2678 = ORIENTED_EDGE('',*,*,#2414,.T.);
#2679 = CYLINDRICAL_SURFACE('',#2680,0.3);
#2680 = AXIS2_PLACEMENT_3D('',#2681,#2682,#2683);
#2681 = CARTESIAN_POINT('',(-3.1,-2.962612707877,-9.6));
#2682 = DIRECTION('',(0.,1.,0.));
#2683 = DIRECTION('',(0.,-0.,1.));
#2684 = ADVANCED_FACE('',(#2685),#2719,.T.);
#2685 = FACE_BOUND('',#2686,.T.);
#2686 = EDGE_LOOP('',(#2687,#2697,#2705,#2713));
#2687 = ORIENTED_EDGE('',*,*,#2688,.F.);
#2688 = EDGE_CURVE('',#2689,#2691,#2693,.T.);
#2689 = VERTEX_POINT('',#2690);
#2690 = CARTESIAN_POINT('',(-3.5,-3.,-12.));
#2691 = VERTEX_POINT('',#2692);
#2692 = CARTESIAN_POINT('',(-3.5,-3.,-9.3));
#2693 = LINE('',#2694,#2695);
#2694 = CARTESIAN_POINT('',(-3.5,-3.,-10.65));
#2695 = VECTOR('',#2696,1.);
#2696 = DIRECTION('',(0.,0.,1.));
#2697 = ORIENTED_EDGE('',*,*,#2698,.T.);
#2698 = EDGE_CURVE('',#2689,#2699,#2701,.T.);
#2699 = VERTEX_POINT('',#2700);
#2700 = CARTESIAN_POINT('',(-3.5,-2.6,-12.));
#2701 = LINE('',#2702,#2703);
#2702 = CARTESIAN_POINT('',(-3.5,-2.8,-12.));
#2703 = VECTOR('',#2704,1.);
#2704 = DIRECTION('',(0.,1.,0.));
#2705 = ORIENTED_EDGE('',*,*,#2706,.T.);
#2706 = EDGE_CURVE('',#2699,#2707,#2709,.T.);
#2707 = VERTEX_POINT('',#2708);
#2708 = CARTESIAN_POINT('',(-3.5,-2.6,-9.3));
#2709 = LINE('',#2710,#2711);
#2710 = CARTESIAN_POINT('',(-3.5,-2.6,-10.65));
#2711 = VECTOR('',#2712,1.);
#2712 = DIRECTION('',(0.,0.,1.));
#2713 = ORIENTED_EDGE('',*,*,#2714,.T.);
#2714 = EDGE_CURVE('',#2707,#2691,#2715,.T.);
#2715 = LINE('',#2716,#2717);
#2716 = CARTESIAN_POINT('',(-3.5,-2.8,-9.3));
#2717 = VECTOR('',#2718,1.);
#2718 = DIRECTION('',(-0.,-1.,-0.));
#2719 = PLANE('',#2720);
#2720 = AXIS2_PLACEMENT_3D('',#2721,#2722,#2723);
#2721 = CARTESIAN_POINT('',(-3.5,-2.8,-10.65));
#2722 = DIRECTION('',(1.,0.,0.));
#2723 = DIRECTION('',(0.,0.,-1.));
#2724 = ADVANCED_FACE('',(#2725),#2759,.T.);
#2725 = FACE_BOUND('',#2726,.T.);
#2726 = EDGE_LOOP('',(#2727,#2737,#2745,#2753));
#2727 = ORIENTED_EDGE('',*,*,#2728,.T.);
#2728 = EDGE_CURVE('',#2729,#2731,#2733,.T.);
#2729 = VERTEX_POINT('',#2730);
#2730 = CARTESIAN_POINT('',(-2.8,-4.,-10.8));
#2731 = VERTEX_POINT('',#2732);
#2732 = CARTESIAN_POINT('',(-2.800000000001,-5.15,-10.8));
#2733 = LINE('',#2734,#2735);
#2734 = CARTESIAN_POINT('',(-2.8,-4.6,-10.8));
#2735 = VECTOR('',#2736,1.);
#2736 = DIRECTION('',(-0.,-1.,-0.));
#2737 = ORIENTED_EDGE('',*,*,#2738,.T.);
#2738 = EDGE_CURVE('',#2731,#2739,#2741,.T.);
#2739 = VERTEX_POINT('',#2740);
#2740 = CARTESIAN_POINT('',(-2.199999999999,-5.15,-10.8));
#2741 = LINE('',#2742,#2743);
#2742 = CARTESIAN_POINT('',(-2.5,-5.15,-10.8));
#2743 = VECTOR('',#2744,1.);
#2744 = DIRECTION('',(1.,0.,0.));
#2745 = ORIENTED_EDGE('',*,*,#2746,.F.);
#2746 = EDGE_CURVE('',#2747,#2739,#2749,.T.);
#2747 = VERTEX_POINT('',#2748);
#2748 = CARTESIAN_POINT('',(-2.199999999999,-4.,-10.8));
#2749 = LINE('',#2750,#2751);
#2750 = CARTESIAN_POINT('',(-2.199999999999,-4.6,-10.8));
#2751 = VECTOR('',#2752,1.);
#2752 = DIRECTION('',(-0.,-1.,-0.));
#2753 = ORIENTED_EDGE('',*,*,#2754,.F.);
#2754 = EDGE_CURVE('',#2729,#2747,#2755,.T.);
#2755 = LINE('',#2756,#2757);
#2756 = CARTESIAN_POINT('',(-2.5,-4.,-10.8));
#2757 = VECTOR('',#2758,1.);
#2758 = DIRECTION('',(1.,0.,0.));
#2759 = PLANE('',#2760);
#2760 = AXIS2_PLACEMENT_3D('',#2761,#2762,#2763);
#2761 = CARTESIAN_POINT('',(-2.5,-4.6,-10.8));
#2762 = DIRECTION('',(0.,0.,1.));
#2763 = DIRECTION('',(1.,0.,-0.));
#2764 = ADVANCED_FACE('',(#2765),#2790,.T.);
#2765 = FACE_BOUND('',#2766,.T.);
#2766 = EDGE_LOOP('',(#2767,#2768,#2776,#2784));
#2767 = ORIENTED_EDGE('',*,*,#2746,.T.);
#2768 = ORIENTED_EDGE('',*,*,#2769,.T.);
#2769 = EDGE_CURVE('',#2739,#2770,#2772,.T.);
#2770 = VERTEX_POINT('',#2771);
#2771 = CARTESIAN_POINT('',(-2.,-5.15,-11.));
#2772 = LINE('',#2773,#2774);
#2773 = CARTESIAN_POINT('',(-2.1,-5.15,-10.9));
#2774 = VECTOR('',#2775,1.);
#2775 = DIRECTION('',(0.707106781183,0.,-0.70710678119));
#2776 = ORIENTED_EDGE('',*,*,#2777,.F.);
#2777 = EDGE_CURVE('',#2778,#2770,#2780,.T.);
#2778 = VERTEX_POINT('',#2779);
#2779 = CARTESIAN_POINT('',(-2.,-4.,-11.));
#2780 = LINE('',#2781,#2782);
#2781 = CARTESIAN_POINT('',(-2.,-4.6,-11.));
#2782 = VECTOR('',#2783,1.);
#2783 = DIRECTION('',(-0.,-1.,-0.));
#2784 = ORIENTED_EDGE('',*,*,#2785,.F.);
#2785 = EDGE_CURVE('',#2747,#2778,#2786,.T.);
#2786 = LINE('',#2787,#2788);
#2787 = CARTESIAN_POINT('',(-2.199999999999,-4.,-10.8));
#2788 = VECTOR('',#2789,1.);
#2789 = DIRECTION('',(0.707106781185,0.,-0.707106781188));
#2790 = PLANE('',#2791);
#2791 = AXIS2_PLACEMENT_3D('',#2792,#2793,#2794);
#2792 = CARTESIAN_POINT('',(-2.1,-4.6,-10.9));
#2793 = DIRECTION('',(0.70710678119,0.,0.707106781183));
#2794 = DIRECTION('',(0.707106781183,0.,-0.70710678119));
#2795 = ADVANCED_FACE('',(#2796),#2816,.F.);
#2796 = FACE_BOUND('',#2797,.T.);
#2797 = EDGE_LOOP('',(#2798,#2799,#2800,#2808,#2815));
#2798 = ORIENTED_EDGE('',*,*,#1441,.T.);
#2799 = ORIENTED_EDGE('',*,*,#1557,.F.);
#2800 = ORIENTED_EDGE('',*,*,#2801,.T.);
#2801 = EDGE_CURVE('',#1550,#2802,#2804,.T.);
#2802 = VERTEX_POINT('',#2803);
#2803 = CARTESIAN_POINT('',(-1.,-2.184402122663,-9.860508897939));
#2804 = LINE('',#2805,#2806);
#2805 = CARTESIAN_POINT('',(-1.,-2.615597877337,-9.03949110206));
#2806 = VECTOR('',#2807,1.);
#2807 = DIRECTION('',(0.,0.464970340201,-0.88532625779));
#2808 = ORIENTED_EDGE('',*,*,#2809,.T.);
#2809 = EDGE_CURVE('',#2802,#2634,#2810,.T.);
#2810 = CIRCLE('',#2811,0.3);
#2811 = AXIS2_PLACEMENT_3D('',#2812,#2813,#2814);
#2812 = CARTESIAN_POINT('',(-1.,-2.45,-10.));
#2813 = DIRECTION('',(-1.,-0.,0.));
#2814 = DIRECTION('',(0.,-1.734723475977E-14,-1.));
#2815 = ORIENTED_EDGE('',*,*,#2633,.F.);
#2816 = PLANE('',#2817);
#2817 = AXIS2_PLACEMENT_3D('',#2818,#2819,#2820);
#2818 = CARTESIAN_POINT('',(-1.,-2.2,-10.75));
#2819 = DIRECTION('',(1.,0.,0.));
#2820 = DIRECTION('',(0.,0.,-1.));
#2821 = ADVANCED_FACE('',(#2822),#2833,.T.);
#2822 = FACE_BOUND('',#2823,.T.);
#2823 = EDGE_LOOP('',(#2824,#2825,#2826,#2832));
#2824 = ORIENTED_EDGE('',*,*,#1502,.T.);
#2825 = ORIENTED_EDGE('',*,*,#1525,.T.);
#2826 = ORIENTED_EDGE('',*,*,#2827,.T.);
#2827 = EDGE_CURVE('',#1518,#1474,#2828,.T.);
#2828 = LINE('',#2829,#2830);
#2829 = CARTESIAN_POINT('',(-1.807715296502,-2.777380824018,
    -7.513871590963));
#2830 = VECTOR('',#2831,1.);
#2831 = DIRECTION('',(-1.,-0.,-0.));
#2832 = ORIENTED_EDGE('',*,*,#1473,.T.);
#2833 = PLANE('',#2834);
#2834 = AXIS2_PLACEMENT_3D('',#2835,#2836,#2837);
#2835 = CARTESIAN_POINT('',(0.,-2.386309587991,-6.793064204519));
#2836 = DIRECTION('',(0.,0.87896804003,-0.476880681728));
#2837 = DIRECTION('',(0.,0.476880681728,0.87896804003));
#2838 = ADVANCED_FACE('',(#2839),#2860,.F.);
#2839 = FACE_BOUND('',#2840,.F.);
#2840 = EDGE_LOOP('',(#2841,#2849,#2858,#2859));
#2841 = ORIENTED_EDGE('',*,*,#2842,.F.);
#2842 = EDGE_CURVE('',#2843,#1573,#2845,.T.);
#2843 = VERTEX_POINT('',#2844);
#2844 = CARTESIAN_POINT('',(-1.682796118941,-2.781195754674,
    -8.078982204121));
#2845 = LINE('',#2846,#2847);
#2846 = CARTESIAN_POINT('',(-1.682796118941,-2.781195826887,
    -8.078982242047));
#2847 = VECTOR('',#2848,1.);
#2848 = DIRECTION('',(1.554019140584E-13,-0.88532625779,-0.464970340202)
  );
#2849 = ORIENTED_EDGE('',*,*,#2850,.F.);
#2850 = EDGE_CURVE('',#1474,#2843,#2851,.T.);
#2851 = B_SPLINE_CURVE_WITH_KNOTS('',3,(#2852,#2853,#2854,#2855,#2856,
    #2857),.UNSPECIFIED.,.F.,.F.,(4,2,4),(0.,0.5,1.),.UNSPECIFIED.);
#2852 = CARTESIAN_POINT('',(-1.738187785098,-2.777380824018,
    -7.513871590963));
#2853 = CARTESIAN_POINT('',(-1.728955840739,-2.824148681754,
    -7.600072298656));
#2854 = CARTESIAN_POINT('',(-1.719723896379,-2.849324293476,
    -7.697881511106));
#2855 = CARTESIAN_POINT('',(-1.70126000766,-2.850648363738,
    -7.894017751852));
#2856 = CARTESIAN_POINT('',(-1.692028063301,-2.826795560988,
    -7.992157943755));
#2857 = CARTESIAN_POINT('',(-1.682796118941,-2.781195754674,
    -8.078982204121));
#2858 = ORIENTED_EDGE('',*,*,#1481,.F.);
#2859 = ORIENTED_EDGE('',*,*,#1592,.T.);
#2860 = B_SPLINE_SURFACE_WITH_KNOTS('',3,3,(
    (#2861,#2862,#2863,#2864)
    ,(#2865,#2866,#2867,#2868)
    ,(#2869,#2870,#2871,#2872)
    ,(#2873,#2874,#2875,#2876)
    ,(#2877,#2878,#2879,#2880)
    ,(#2881,#2882,#2883,#2884)
    ,(#2885,#2886,#2887,#2888)
    ,(#2889,#2890,#2891,#2892)
    ,(#2893,#2894,#2895,#2896)
    ,(#2897,#2898,#2899,#2900)
    ,(#2901,#2902,#2903,#2904
    )),.UNSPECIFIED.,.F.,.F.,.F.,(4,1,1,1,1,1,1,1,4),(4,4),(
    2.104850838474E-02,2.377947808974E-02,4.209565200959E-02,
    0.271047826008,0.500000000006,0.728952174004,0.957904348002,
    0.976220521922,0.978952240204),(-1.384455078635E-07,1.000005381456),
  .UNSPECIFIED.);
#2861 = CARTESIAN_POINT('',(-1.739460798074,-3.054780428527,
    -7.339596870556));
#2862 = CARTESIAN_POINT('',(-1.739460798074,-2.952259187832,
    -7.398247775047));
#2863 = CARTESIAN_POINT('',(-1.739460798074,-2.849737947137,
    -7.456898679539));
#2864 = CARTESIAN_POINT('',(-1.739460798074,-2.747216706442,
    -7.515549584031));
#2865 = CARTESIAN_POINT('',(-1.739405738189,-3.055229363252,
    -7.340381338764));
#2866 = CARTESIAN_POINT('',(-1.739405738189,-2.952650932617,
    -7.398932309596));
#2867 = CARTESIAN_POINT('',(-1.739405738189,-2.850072501981,
    -7.457483280427));
#2868 = CARTESIAN_POINT('',(-1.739405738189,-2.747494071345,
    -7.516034251258));
#2869 = CARTESIAN_POINT('',(-1.738981400531,-3.058680315785,
    -7.346432201931));
#2870 = CARTESIAN_POINT('',(-1.738981400531,-2.955662267183,
    -7.404212351334));
#2871 = CARTESIAN_POINT('',(-1.738981400531,-2.852644218581,
    -7.461992500738));
#2872 = CARTESIAN_POINT('',(-1.738981400531,-2.749626169979,
    -7.519772650141));
#2873 = CARTESIAN_POINT('',(-1.733941090693,-3.098853845105,
    -7.418768429415));
#2874 = CARTESIAN_POINT('',(-1.733941090693,-2.99071807753,
    -7.467333643259));
#2875 = CARTESIAN_POINT('',(-1.733941090693,-2.882582309954,
    -7.515898857102));
#2876 = CARTESIAN_POINT('',(-1.733941090693,-2.774446542378,
    -7.564464070945));
#2877 = CARTESIAN_POINT('',(-1.724339868559,-3.15694391679,
    -7.566556411982));
#2878 = CARTESIAN_POINT('',(-1.724339868559,-3.041408036078,
    -7.596294866631));
#2879 = CARTESIAN_POINT('',(-1.724339868559,-2.925872155365,
    -7.62603332128));
#2880 = CARTESIAN_POINT('',(-1.724339868559,-2.810336274653,
    -7.655771775929));
#2881 = CARTESIAN_POINT('',(-1.71049195202,-3.186484884756,
    -7.793678007786));
#2882 = CARTESIAN_POINT('',(-1.71049195202,-3.067185770521,
    -7.794483368431));
#2883 = CARTESIAN_POINT('',(-1.71049195202,-2.947886656285,
    -7.795288729076));
#2884 = CARTESIAN_POINT('',(-1.71049195202,-2.82858754205,
    -7.796094089722));
#2885 = CARTESIAN_POINT('',(-1.696644035481,-3.160012959871,
    -8.021177733636));
#2886 = CARTESIAN_POINT('',(-1.696644035481,-3.044086112762,
    -7.993001830169));
#2887 = CARTESIAN_POINT('',(-1.696644035481,-2.928159265652,
    -7.964825926702));
#2888 = CARTESIAN_POINT('',(-1.696644035481,-2.812232418543,
    -7.936650023235));
#2889 = CARTESIAN_POINT('',(-1.687042813347,-3.103923456451,
    -8.169736516028));
#2890 = CARTESIAN_POINT('',(-1.687042813347,-2.995141869436,
    -8.122635660925));
#2891 = CARTESIAN_POINT('',(-1.687042813347,-2.886360282421,
    -8.075534805822));
#2892 = CARTESIAN_POINT('',(-1.687042813347,-2.777578695406,
    -8.02843395072));
#2893 = CARTESIAN_POINT('',(-1.682002488417,-3.064730076929,
    -8.242608748513));
#2894 = CARTESIAN_POINT('',(-1.682002488417,-2.960941347286,
    -8.186224675999));
#2895 = CARTESIAN_POINT('',(-1.682002488417,-2.857152617643,
    -8.129840603485));
#2896 = CARTESIAN_POINT('',(-1.682002488417,-2.753363888,-8.073456530971
    ));
#2897 = CARTESIAN_POINT('',(-1.681578135665,-3.061361008856,
    -8.248705866723));
#2898 = CARTESIAN_POINT('',(-1.681578135665,-2.958001465891,
    -8.191545080336));
#2899 = CARTESIAN_POINT('',(-1.681578135665,-2.854641922926,
    -8.134384293949));
#2900 = CARTESIAN_POINT('',(-1.681578135665,-2.751282379962,
    -8.077223507561));
#2901 = CARTESIAN_POINT('',(-1.681523060689,-3.060922585309,
    -8.249496540783));
#2902 = CARTESIAN_POINT('',(-1.681523060689,-2.957618893263,
    -8.19223503017));
#2903 = CARTESIAN_POINT('',(-1.681523060689,-2.854315201216,
    -8.134973519557));
#2904 = CARTESIAN_POINT('',(-1.681523060689,-2.75101150917,
    -8.077712008944));
#2905 = ADVANCED_FACE('',(#2906),#2927,.T.);
#2906 = FACE_BOUND('',#2907,.T.);
#2907 = EDGE_LOOP('',(#2908,#2916,#2925,#2926));
#2908 = ORIENTED_EDGE('',*,*,#2909,.F.);
#2909 = EDGE_CURVE('',#2910,#1575,#2912,.T.);
#2910 = VERTEX_POINT('',#2911);
#2911 = CARTESIAN_POINT('',(1.682796118941,-2.781195754674,
    -8.078982204121));
#2912 = LINE('',#2913,#2914);
#2913 = CARTESIAN_POINT('',(1.682796118941,-2.781195826887,
    -8.078982242047));
#2914 = VECTOR('',#2915,1.);
#2915 = DIRECTION('',(8.239938751217E-14,-0.885326257792,-0.464970340199
    ));
#2916 = ORIENTED_EDGE('',*,*,#2917,.T.);
#2917 = EDGE_CURVE('',#2910,#1518,#2918,.T.);
#2918 = B_SPLINE_CURVE_WITH_KNOTS('',3,(#2919,#2920,#2921,#2922,#2923,
    #2924),.UNSPECIFIED.,.F.,.F.,(4,2,4),(0.,0.5,1.),.UNSPECIFIED.);
#2919 = CARTESIAN_POINT('',(1.682796118941,-2.781195754674,
    -8.078982204121));
#2920 = CARTESIAN_POINT('',(1.692028063301,-2.826795560988,
    -7.992157943755));
#2921 = CARTESIAN_POINT('',(1.70126000766,-2.850648363738,
    -7.894017751852));
#2922 = CARTESIAN_POINT('',(1.719723896379,-2.849324293476,
    -7.697881511106));
#2923 = CARTESIAN_POINT('',(1.728955840739,-2.824148681754,
    -7.600072298656));
#2924 = CARTESIAN_POINT('',(1.738187785098,-2.777380824018,
    -7.513871590963));
#2925 = ORIENTED_EDGE('',*,*,#1517,.F.);
#2926 = ORIENTED_EDGE('',*,*,#1582,.T.);
#2927 = B_SPLINE_SURFACE_WITH_KNOTS('',3,3,(
    (#2928,#2929,#2930,#2931)
    ,(#2932,#2933,#2934,#2935)
    ,(#2936,#2937,#2938,#2939)
    ,(#2940,#2941,#2942,#2943)
    ,(#2944,#2945,#2946,#2947)
    ,(#2948,#2949,#2950,#2951)
    ,(#2952,#2953,#2954,#2955)
    ,(#2956,#2957,#2958,#2959)
    ,(#2960,#2961,#2962,#2963)
    ,(#2964,#2965,#2966,#2967)
    ,(#2968,#2969,#2970,#2971
    )),.UNSPECIFIED.,.F.,.F.,.F.,(4,1,1,1,1,1,1,1,4),(4,4),(
    2.104850831038E-02,2.37794781005E-02,4.209565201993E-02,
    0.271047826013,0.500000000006,0.728952173998,0.957904347991,
    0.976220521911,0.978952240202),(-1.384451292219E-07,1.000005381457),
  .UNSPECIFIED.);
#2928 = CARTESIAN_POINT('',(1.739460798078,-3.054780428485,
    -7.339596870482));
#2929 = CARTESIAN_POINT('',(1.739460798078,-2.952259187795,
    -7.398247774984));
#2930 = CARTESIAN_POINT('',(1.739460798078,-2.849737947105,
    -7.456898679485));
#2931 = CARTESIAN_POINT('',(1.739460798078,-2.747216706416,
    -7.515549583986));
#2932 = CARTESIAN_POINT('',(1.739405738192,-3.055229363224,
    -7.340381338716));
#2933 = CARTESIAN_POINT('',(1.739405738192,-2.952650932592,
    -7.398932309553));
#2934 = CARTESIAN_POINT('',(1.739405738192,-2.85007250196,
    -7.457483280391));
#2935 = CARTESIAN_POINT('',(1.739405738192,-2.747494071328,
    -7.516034251229));
#2936 = CARTESIAN_POINT('',(1.738981400532,-3.058680315771,
    -7.346432201907));
#2937 = CARTESIAN_POINT('',(1.738981400532,-2.955662267171,
    -7.404212351313));
#2938 = CARTESIAN_POINT('',(1.738981400532,-2.852644218571,
    -7.46199250072));
#2939 = CARTESIAN_POINT('',(1.738981400532,-2.749626169971,
    -7.519772650127));
#2940 = CARTESIAN_POINT('',(1.733941090693,-3.098853845105,
    -7.418768429415));
#2941 = CARTESIAN_POINT('',(1.733941090693,-2.990718077529,
    -7.467333643259));
#2942 = CARTESIAN_POINT('',(1.733941090693,-2.882582309954,
    -7.515898857102));
#2943 = CARTESIAN_POINT('',(1.733941090693,-2.774446542378,
    -7.564464070946));
#2944 = CARTESIAN_POINT('',(1.724339868559,-3.15694391679,
    -7.566556411982));
#2945 = CARTESIAN_POINT('',(1.724339868559,-3.041408036078,
    -7.596294866631));
#2946 = CARTESIAN_POINT('',(1.724339868559,-2.925872155365,
    -7.62603332128));
#2947 = CARTESIAN_POINT('',(1.724339868559,-2.810336274653,
    -7.655771775929));
#2948 = CARTESIAN_POINT('',(1.71049195202,-3.186484884756,
    -7.793678007786));
#2949 = CARTESIAN_POINT('',(1.71049195202,-3.06718577052,-7.794483368431
    ));
#2950 = CARTESIAN_POINT('',(1.71049195202,-2.947886656285,
    -7.795288729076));
#2951 = CARTESIAN_POINT('',(1.71049195202,-2.82858754205,-7.796094089722
    ));
#2952 = CARTESIAN_POINT('',(1.696644035481,-3.160012959871,
    -8.021177733636));
#2953 = CARTESIAN_POINT('',(1.696644035481,-3.044086112762,
    -7.993001830169));
#2954 = CARTESIAN_POINT('',(1.696644035481,-2.928159265652,
    -7.964825926702));
#2955 = CARTESIAN_POINT('',(1.696644035481,-2.812232418542,
    -7.936650023235));
#2956 = CARTESIAN_POINT('',(1.687042813347,-3.103923456451,
    -8.169736516028));
#2957 = CARTESIAN_POINT('',(1.687042813347,-2.995141869436,
    -8.122635660925));
#2958 = CARTESIAN_POINT('',(1.687042813347,-2.886360282421,
    -8.075534805822));
#2959 = CARTESIAN_POINT('',(1.687042813347,-2.777578695405,
    -8.02843395072));
#2960 = CARTESIAN_POINT('',(1.682002488417,-3.064730076927,
    -8.242608748516));
#2961 = CARTESIAN_POINT('',(1.682002488417,-2.960941347284,
    -8.186224676001));
#2962 = CARTESIAN_POINT('',(1.682002488417,-2.857152617642,
    -8.129840603486));
#2963 = CARTESIAN_POINT('',(1.682002488417,-2.753363887999,
    -8.073456530972));
#2964 = CARTESIAN_POINT('',(1.681578135664,-3.061361008853,
    -8.248705866728));
#2965 = CARTESIAN_POINT('',(1.681578135664,-2.958001465889,
    -8.19154508034));
#2966 = CARTESIAN_POINT('',(1.681578135664,-2.854641922924,
    -8.134384293952));
#2967 = CARTESIAN_POINT('',(1.681578135664,-2.75128237996,
    -8.077223507564));
#2968 = CARTESIAN_POINT('',(1.681523060688,-3.060922585305,
    -8.24949654079));
#2969 = CARTESIAN_POINT('',(1.681523060688,-2.957618893259,
    -8.192235030176));
#2970 = CARTESIAN_POINT('',(1.681523060688,-2.854315201213,
    -8.134973519562));
#2971 = CARTESIAN_POINT('',(1.681523060688,-2.751011509167,
    -8.077712008948));
#2972 = ADVANCED_FACE('',(#2973),#3007,.F.);
#2973 = FACE_BOUND('',#2974,.T.);
#2974 = EDGE_LOOP('',(#2975,#2983,#2984,#2992,#2998,#2999,#3000,#3001));
#2975 = ORIENTED_EDGE('',*,*,#2976,.F.);
#2976 = EDGE_CURVE('',#1575,#2977,#2979,.T.);
#2977 = VERTEX_POINT('',#2978);
#2978 = CARTESIAN_POINT('',(1.532172471247,-2.184402122663,
    -9.86050889794));
#2979 = LINE('',#2980,#2981);
#2980 = CARTESIAN_POINT('',(1.682796118941,-3.046793632012,
    -8.218473306181));
#2981 = VECTOR('',#2982,1.);
#2982 = DIRECTION('',(-8.094434484449E-02,0.463444597128,-0.882421168394
    ));
#2983 = ORIENTED_EDGE('',*,*,#1572,.F.);
#2984 = ORIENTED_EDGE('',*,*,#2985,.T.);
#2985 = EDGE_CURVE('',#1573,#2986,#2988,.T.);
#2986 = VERTEX_POINT('',#2987);
#2987 = CARTESIAN_POINT('',(-1.532172473728,-2.184402178058,
    -9.860508892522));
#2988 = LINE('',#2989,#2990);
#2989 = CARTESIAN_POINT('',(-1.682796118941,-3.046794383304,
    -8.218473700758));
#2990 = VECTOR('',#2991,1.);
#2991 = DIRECTION('',(8.094434484448E-02,0.4634449566,-0.882420979601));
#2992 = ORIENTED_EDGE('',*,*,#2993,.T.);
#2993 = EDGE_CURVE('',#2986,#2802,#2994,.T.);
#2994 = LINE('',#2995,#2996);
#2995 = CARTESIAN_POINT('',(-1.593459370097,-2.184402122663,
    -9.860508897939));
#2996 = VECTOR('',#2997,1.);
#2997 = DIRECTION('',(1.,0.,0.));
#2998 = ORIENTED_EDGE('',*,*,#2801,.F.);
#2999 = ORIENTED_EDGE('',*,*,#1549,.F.);
#3000 = ORIENTED_EDGE('',*,*,#2291,.F.);
#3001 = ORIENTED_EDGE('',*,*,#3002,.T.);
#3002 = EDGE_CURVE('',#2283,#2977,#3003,.T.);
#3003 = LINE('',#3004,#3005);
#3004 = CARTESIAN_POINT('',(-1.593459370097,-2.184402122662,
    -9.860508897941));
#3005 = VECTOR('',#3006,1.);
#3006 = DIRECTION('',(1.,0.,0.));
#3007 = PLANE('',#3008);
#3008 = AXIS2_PLACEMENT_3D('',#3009,#3010,#3011);
#3009 = CARTESIAN_POINT('',(0.,-2.615597877337,-9.03949110206));
#3010 = DIRECTION('',(0.,0.88532625779,0.464970340201));
#3011 = DIRECTION('',(0.,-0.464970340201,0.88532625779));
#3012 = ADVANCED_FACE('',(#3013),#3049,.T.);
#3013 = FACE_BOUND('',#3014,.T.);
#3014 = EDGE_LOOP('',(#3015,#3026,#3034,#3043));
#3015 = ORIENTED_EDGE('',*,*,#3016,.F.);
#3016 = EDGE_CURVE('',#3017,#3019,#3021,.T.);
#3017 = VERTEX_POINT('',#3018);
#3018 = CARTESIAN_POINT('',(3.8,-5.65,-12.35));
#3019 = VERTEX_POINT('',#3020);
#3020 = CARTESIAN_POINT('',(3.65,-5.65,-12.5));
#3021 = CIRCLE('',#3022,0.15);
#3022 = AXIS2_PLACEMENT_3D('',#3023,#3024,#3025);
#3023 = CARTESIAN_POINT('',(3.65,-5.65,-12.35));
#3024 = DIRECTION('',(-6.123233995737E-17,1.,0.));
#3025 = DIRECTION('',(-3.180326372624E-14,-1.947388256239E-30,-1.));
#3026 = ORIENTED_EDGE('',*,*,#3027,.F.);
#3027 = EDGE_CURVE('',#3028,#3017,#3030,.T.);
#3028 = VERTEX_POINT('',#3029);
#3029 = CARTESIAN_POINT('',(3.8,-5.95,-12.35));
#3030 = LINE('',#3031,#3032);
#3031 = CARTESIAN_POINT('',(3.8,-5.8,-12.35));
#3032 = VECTOR('',#3033,1.);
#3033 = DIRECTION('',(0.,1.,0.));
#3034 = ORIENTED_EDGE('',*,*,#3035,.F.);
#3035 = EDGE_CURVE('',#3036,#3028,#3038,.T.);
#3036 = VERTEX_POINT('',#3037);
#3037 = CARTESIAN_POINT('',(3.65,-5.95,-12.5));
#3038 = CIRCLE('',#3039,0.15);
#3039 = AXIS2_PLACEMENT_3D('',#3040,#3041,#3042);
#3040 = CARTESIAN_POINT('',(3.65,-5.95,-12.35));
#3041 = DIRECTION('',(0.,-1.,0.));
#3042 = DIRECTION('',(0.,0.,-1.));
#3043 = ORIENTED_EDGE('',*,*,#3044,.T.);
#3044 = EDGE_CURVE('',#3036,#3019,#3045,.T.);
#3045 = LINE('',#3046,#3047);
#3046 = CARTESIAN_POINT('',(3.65,-5.8,-12.5));
#3047 = VECTOR('',#3048,1.);
#3048 = DIRECTION('',(0.,1.,0.));
#3049 = CYLINDRICAL_SURFACE('',#3050,0.15);
#3050 = AXIS2_PLACEMENT_3D('',#3051,#3052,#3053);
#3051 = CARTESIAN_POINT('',(3.65,-5.626431682283,-12.35));
#3052 = DIRECTION('',(0.,-1.,0.));
#3053 = DIRECTION('',(0.,0.,-1.));
#3054 = ADVANCED_FACE('',(#3055),#3074,.T.);
#3055 = FACE_BOUND('',#3056,.T.);
#3056 = EDGE_LOOP('',(#3057,#3066,#3073));
#3057 = ORIENTED_EDGE('',*,*,#3058,.F.);
#3058 = EDGE_CURVE('',#3059,#3028,#3061,.T.);
#3059 = VERTEX_POINT('',#3060);
#3060 = CARTESIAN_POINT('',(3.65,-6.1,-12.35));
#3061 = CIRCLE('',#3062,0.15);
#3062 = AXIS2_PLACEMENT_3D('',#3063,#3064,#3065);
#3063 = CARTESIAN_POINT('',(3.65,-5.95,-12.35));
#3064 = DIRECTION('',(0.,0.,1.));
#3065 = DIRECTION('',(1.,0.,-0.));
#3066 = ORIENTED_EDGE('',*,*,#3067,.F.);
#3067 = EDGE_CURVE('',#3036,#3059,#3068,.T.);
#3068 = CIRCLE('',#3069,0.15);
#3069 = AXIS2_PLACEMENT_3D('',#3070,#3071,#3072);
#3070 = CARTESIAN_POINT('',(3.65,-5.95,-12.35));
#3071 = DIRECTION('',(-1.,0.,0.));
#3072 = DIRECTION('',(0.,0.,1.));
#3073 = ORIENTED_EDGE('',*,*,#3035,.T.);
#3074 = SPHERICAL_SURFACE('',#3075,0.15);
#3075 = AXIS2_PLACEMENT_3D('',#3076,#3077,#3078);
#3076 = CARTESIAN_POINT('',(3.65,-5.95,-12.35));
#3077 = DIRECTION('',(1.16928565919E-27,1.,-3.370236453772E-14));
#3078 = DIRECTION('',(-1.,0.,-3.469446951954E-14));
#3079 = ADVANCED_FACE('',(#3080),#3106,.T.);
#3080 = FACE_BOUND('',#3081,.T.);
#3081 = EDGE_LOOP('',(#3082,#3083,#3091,#3100));
#3082 = ORIENTED_EDGE('',*,*,#3067,.T.);
#3083 = ORIENTED_EDGE('',*,*,#3084,.T.);
#3084 = EDGE_CURVE('',#3059,#3085,#3087,.T.);
#3085 = VERTEX_POINT('',#3086);
#3086 = CARTESIAN_POINT('',(1.95,-6.1,-12.35));
#3087 = LINE('',#3088,#3089);
#3088 = CARTESIAN_POINT('',(2.8,-6.1,-12.35));
#3089 = VECTOR('',#3090,1.);
#3090 = DIRECTION('',(-1.,-0.,-0.));
#3091 = ORIENTED_EDGE('',*,*,#3092,.F.);
#3092 = EDGE_CURVE('',#3093,#3085,#3095,.T.);
#3093 = VERTEX_POINT('',#3094);
#3094 = CARTESIAN_POINT('',(1.95,-5.95,-12.5));
#3095 = CIRCLE('',#3096,0.15);
#3096 = AXIS2_PLACEMENT_3D('',#3097,#3098,#3099);
#3097 = CARTESIAN_POINT('',(1.95,-5.95,-12.35));
#3098 = DIRECTION('',(-1.,0.,0.));
#3099 = DIRECTION('',(0.,0.,-1.));
#3100 = ORIENTED_EDGE('',*,*,#3101,.T.);
#3101 = EDGE_CURVE('',#3093,#3036,#3102,.T.);
#3102 = LINE('',#3103,#3104);
#3103 = CARTESIAN_POINT('',(2.8,-5.95,-12.5));
#3104 = VECTOR('',#3105,1.);
#3105 = DIRECTION('',(1.,0.,0.));
#3106 = CYLINDRICAL_SURFACE('',#3107,0.15);
#3107 = AXIS2_PLACEMENT_3D('',#3108,#3109,#3110);
#3108 = CARTESIAN_POINT('',(3.684,-5.95,-12.35));
#3109 = DIRECTION('',(-1.,0.,0.));
#3110 = DIRECTION('',(0.,0.,1.));
#3111 = ADVANCED_FACE('',(#3112),#3131,.T.);
#3112 = FACE_BOUND('',#3113,.T.);
#3113 = EDGE_LOOP('',(#3114,#3115,#3124));
#3114 = ORIENTED_EDGE('',*,*,#3092,.T.);
#3115 = ORIENTED_EDGE('',*,*,#3116,.F.);
#3116 = EDGE_CURVE('',#3117,#3085,#3119,.T.);
#3117 = VERTEX_POINT('',#3118);
#3118 = CARTESIAN_POINT('',(1.8,-5.95,-12.35));
#3119 = CIRCLE('',#3120,0.15);
#3120 = AXIS2_PLACEMENT_3D('',#3121,#3122,#3123);
#3121 = CARTESIAN_POINT('',(1.95,-5.95,-12.35));
#3122 = DIRECTION('',(0.,0.,1.));
#3123 = DIRECTION('',(1.,0.,-0.));
#3124 = ORIENTED_EDGE('',*,*,#3125,.F.);
#3125 = EDGE_CURVE('',#3093,#3117,#3126,.T.);
#3126 = CIRCLE('',#3127,0.15);
#3127 = AXIS2_PLACEMENT_3D('',#3128,#3129,#3130);
#3128 = CARTESIAN_POINT('',(1.95,-5.95,-12.35));
#3129 = DIRECTION('',(0.,1.,0.));
#3130 = DIRECTION('',(0.,-0.,1.));
#3131 = SPHERICAL_SURFACE('',#3132,0.15);
#3132 = AXIS2_PLACEMENT_3D('',#3133,#3134,#3135);
#3133 = CARTESIAN_POINT('',(1.95,-5.95,-12.35));
#3134 = DIRECTION('',(1.,-2.891205793296E-15,-3.370236453772E-14));
#3135 = DIRECTION('',(2.891205793295E-15,1.,-3.469446951954E-14));
#3136 = ADVANCED_FACE('',(#3137),#3163,.T.);
#3137 = FACE_BOUND('',#3138,.T.);
#3138 = EDGE_LOOP('',(#3139,#3150,#3156,#3157));
#3139 = ORIENTED_EDGE('',*,*,#3140,.F.);
#3140 = EDGE_CURVE('',#3141,#3143,#3145,.T.);
#3141 = VERTEX_POINT('',#3142);
#3142 = CARTESIAN_POINT('',(1.95,-5.65,-12.5));
#3143 = VERTEX_POINT('',#3144);
#3144 = CARTESIAN_POINT('',(1.8,-5.65,-12.35));
#3145 = CIRCLE('',#3146,0.15);
#3146 = AXIS2_PLACEMENT_3D('',#3147,#3148,#3149);
#3147 = CARTESIAN_POINT('',(1.95,-5.65,-12.35));
#3148 = DIRECTION('',(0.,1.,0.));
#3149 = DIRECTION('',(0.,0.,-1.));
#3150 = ORIENTED_EDGE('',*,*,#3151,.T.);
#3151 = EDGE_CURVE('',#3141,#3093,#3152,.T.);
#3152 = LINE('',#3153,#3154);
#3153 = CARTESIAN_POINT('',(1.95,-5.8,-12.5));
#3154 = VECTOR('',#3155,1.);
#3155 = DIRECTION('',(-0.,-1.,-0.));
#3156 = ORIENTED_EDGE('',*,*,#3125,.T.);
#3157 = ORIENTED_EDGE('',*,*,#3158,.T.);
#3158 = EDGE_CURVE('',#3117,#3143,#3159,.T.);
#3159 = LINE('',#3160,#3161);
#3160 = CARTESIAN_POINT('',(1.8,-5.8,-12.35));
#3161 = VECTOR('',#3162,1.);
#3162 = DIRECTION('',(0.,1.,0.));
#3163 = CYLINDRICAL_SURFACE('',#3164,0.15);
#3164 = AXIS2_PLACEMENT_3D('',#3165,#3166,#3167);
#3165 = CARTESIAN_POINT('',(1.95,-5.973568317717,-12.35));
#3166 = DIRECTION('',(0.,1.,0.));
#3167 = DIRECTION('',(0.,-0.,1.));
#3168 = ADVANCED_FACE('',(#3169),#3226,.T.);
#3169 = FACE_BOUND('',#3170,.T.);
#3170 = EDGE_LOOP('',(#3171,#3172,#3180,#3188,#3196,#3204,#3212,#3220));
#3171 = ORIENTED_EDGE('',*,*,#1800,.T.);
#3172 = ORIENTED_EDGE('',*,*,#3173,.T.);
#3173 = EDGE_CURVE('',#1803,#3174,#3176,.T.);
#3174 = VERTEX_POINT('',#3175);
#3175 = CARTESIAN_POINT('',(1.75,-5.1,-12.55));
#3176 = LINE('',#3177,#3178);
#3177 = CARTESIAN_POINT('',(1.75,-5.2875,-12.55));
#3178 = VECTOR('',#3179,1.);
#3179 = DIRECTION('',(0.,1.,0.));
#3180 = ORIENTED_EDGE('',*,*,#3181,.T.);
#3181 = EDGE_CURVE('',#3174,#3182,#3184,.T.);
#3182 = VERTEX_POINT('',#3183);
#3183 = CARTESIAN_POINT('',(-1.75,-5.1,-12.55));
#3184 = LINE('',#3185,#3186);
#3185 = CARTESIAN_POINT('',(0.,-5.1,-12.55));
#3186 = VECTOR('',#3187,1.);
#3187 = DIRECTION('',(-1.,-0.,-0.));
#3188 = ORIENTED_EDGE('',*,*,#3189,.T.);
#3189 = EDGE_CURVE('',#3182,#3190,#3192,.T.);
#3190 = VERTEX_POINT('',#3191);
#3191 = CARTESIAN_POINT('',(-1.75,-5.7,-12.55));
#3192 = LINE('',#3193,#3194);
#3193 = CARTESIAN_POINT('',(-1.75,-5.6125,-12.55));
#3194 = VECTOR('',#3195,1.);
#3195 = DIRECTION('',(-0.,-1.,-0.));
#3196 = ORIENTED_EDGE('',*,*,#3197,.F.);
#3197 = EDGE_CURVE('',#3198,#3190,#3200,.T.);
#3198 = VERTEX_POINT('',#3199);
#3199 = CARTESIAN_POINT('',(1.75,-5.7,-12.55));
#3200 = LINE('',#3201,#3202);
#3201 = CARTESIAN_POINT('',(0.,-5.7,-12.55));
#3202 = VECTOR('',#3203,1.);
#3203 = DIRECTION('',(-1.,-0.,-0.));
#3204 = ORIENTED_EDGE('',*,*,#3205,.F.);
#3205 = EDGE_CURVE('',#3206,#3198,#3208,.T.);
#3206 = VERTEX_POINT('',#3207);
#3207 = CARTESIAN_POINT('',(1.75,-6.125,-12.55));
#3208 = LINE('',#3209,#3210);
#3209 = CARTESIAN_POINT('',(1.75,-5.9125,-12.55));
#3210 = VECTOR('',#3211,1.);
#3211 = DIRECTION('',(0.,1.,0.));
#3212 = ORIENTED_EDGE('',*,*,#3213,.F.);
#3213 = EDGE_CURVE('',#3214,#3206,#3216,.T.);
#3214 = VERTEX_POINT('',#3215);
#3215 = CARTESIAN_POINT('',(3.85,-6.125,-12.55));
#3216 = LINE('',#3217,#3218);
#3217 = CARTESIAN_POINT('',(2.8,-6.125,-12.55));
#3218 = VECTOR('',#3219,1.);
#3219 = DIRECTION('',(-1.,-0.,-0.));
#3220 = ORIENTED_EDGE('',*,*,#3221,.T.);
#3221 = EDGE_CURVE('',#3214,#1801,#3222,.T.);
#3222 = LINE('',#3223,#3224);
#3223 = CARTESIAN_POINT('',(3.85,-5.8,-12.55));
#3224 = VECTOR('',#3225,1.);
#3225 = DIRECTION('',(0.,1.,0.));
#3226 = PLANE('',#3227);
#3227 = AXIS2_PLACEMENT_3D('',#3228,#3229,#3230);
#3228 = CARTESIAN_POINT('',(1.05,-5.6125,-12.55));
#3229 = DIRECTION('',(0.,0.,1.));
#3230 = DIRECTION('',(1.,0.,-0.));
#3231 = ADVANCED_FACE('',(#3232),#3266,.F.);
#3232 = FACE_BOUND('',#3233,.T.);
#3233 = EDGE_LOOP('',(#3234,#3244,#3252,#3260));
#3234 = ORIENTED_EDGE('',*,*,#3235,.F.);
#3235 = EDGE_CURVE('',#3236,#3238,#3240,.T.);
#3236 = VERTEX_POINT('',#3237);
#3237 = CARTESIAN_POINT('',(-3.6,-5.15,-4.3));
#3238 = VERTEX_POINT('',#3239);
#3239 = CARTESIAN_POINT('',(-3.6,-5.45,-4.3));
#3240 = LINE('',#3241,#3242);
#3241 = CARTESIAN_POINT('',(-3.6,-5.132603118056,-4.3));
#3242 = VECTOR('',#3243,1.);
#3243 = DIRECTION('',(0.,-1.,0.));
#3244 = ORIENTED_EDGE('',*,*,#3245,.F.);
#3245 = EDGE_CURVE('',#3246,#3236,#3248,.T.);
#3246 = VERTEX_POINT('',#3247);
#3247 = CARTESIAN_POINT('',(-3.6,-5.15,-12.));
#3248 = LINE('',#3249,#3250);
#3249 = CARTESIAN_POINT('',(-3.6,-5.15,-8.15));
#3250 = VECTOR('',#3251,1.);
#3251 = DIRECTION('',(0.,0.,1.));
#3252 = ORIENTED_EDGE('',*,*,#3253,.F.);
#3253 = EDGE_CURVE('',#3254,#3246,#3256,.T.);
#3254 = VERTEX_POINT('',#3255);
#3255 = CARTESIAN_POINT('',(-3.6,-5.45,-12.));
#3256 = LINE('',#3257,#3258);
#3257 = CARTESIAN_POINT('',(-3.6,-5.3,-12.));
#3258 = VECTOR('',#3259,1.);
#3259 = DIRECTION('',(0.,1.,0.));
#3260 = ORIENTED_EDGE('',*,*,#3261,.T.);
#3261 = EDGE_CURVE('',#3254,#3238,#3262,.T.);
#3262 = LINE('',#3263,#3264);
#3263 = CARTESIAN_POINT('',(-3.6,-5.45,-7.55));
#3264 = VECTOR('',#3265,1.);
#3265 = DIRECTION('',(0.,0.,1.));
#3266 = PLANE('',#3267);
#3267 = AXIS2_PLACEMENT_3D('',#3268,#3269,#3270);
#3268 = CARTESIAN_POINT('',(-3.6,-5.3,-8.15));
#3269 = DIRECTION('',(1.,0.,0.));
#3270 = DIRECTION('',(0.,0.,-1.));
#3271 = ADVANCED_FACE('',(#3272),#3299,.T.);
#3272 = FACE_BOUND('',#3273,.T.);
#3273 = EDGE_LOOP('',(#3274,#3275,#3284,#3292));
#3274 = ORIENTED_EDGE('',*,*,#3235,.T.);
#3275 = ORIENTED_EDGE('',*,*,#3276,.T.);
#3276 = EDGE_CURVE('',#3238,#3277,#3279,.T.);
#3277 = VERTEX_POINT('',#3278);
#3278 = CARTESIAN_POINT('',(-3.3,-5.45,-4.));
#3279 = CIRCLE('',#3280,0.3);
#3280 = AXIS2_PLACEMENT_3D('',#3281,#3282,#3283);
#3281 = CARTESIAN_POINT('',(-3.3,-5.45,-4.3));
#3282 = DIRECTION('',(0.,1.,0.));
#3283 = DIRECTION('',(0.,0.,-1.));
#3284 = ORIENTED_EDGE('',*,*,#3285,.F.);
#3285 = EDGE_CURVE('',#3286,#3277,#3288,.T.);
#3286 = VERTEX_POINT('',#3287);
#3287 = CARTESIAN_POINT('',(-3.3,-5.15,-4.));
#3288 = LINE('',#3289,#3290);
#3289 = CARTESIAN_POINT('',(-3.3,-5.3,-4.));
#3290 = VECTOR('',#3291,1.);
#3291 = DIRECTION('',(-0.,-1.,-0.));
#3292 = ORIENTED_EDGE('',*,*,#3293,.T.);
#3293 = EDGE_CURVE('',#3286,#3236,#3294,.T.);
#3294 = CIRCLE('',#3295,0.3);
#3295 = AXIS2_PLACEMENT_3D('',#3296,#3297,#3298);
#3296 = CARTESIAN_POINT('',(-3.3,-5.15,-4.3));
#3297 = DIRECTION('',(0.,-1.,0.));
#3298 = DIRECTION('',(0.,0.,-1.));
#3299 = CYLINDRICAL_SURFACE('',#3300,0.3);
#3300 = AXIS2_PLACEMENT_3D('',#3301,#3302,#3303);
#3301 = CARTESIAN_POINT('',(-3.3,-5.132603118056,-4.3));
#3302 = DIRECTION('',(0.,-1.,0.));
#3303 = DIRECTION('',(0.,0.,-1.));
#3304 = ADVANCED_FACE('',(#3305),#3330,.T.);
#3305 = FACE_BOUND('',#3306,.T.);
#3306 = EDGE_LOOP('',(#3307,#3315,#3316,#3324));
#3307 = ORIENTED_EDGE('',*,*,#3308,.T.);
#3308 = EDGE_CURVE('',#3309,#3286,#3311,.T.);
#3309 = VERTEX_POINT('',#3310);
#3310 = CARTESIAN_POINT('',(-2.545159782525,-5.15,-4.));
#3311 = LINE('',#3312,#3313);
#3312 = CARTESIAN_POINT('',(-2.922579891262,-5.15,-4.));
#3313 = VECTOR('',#3314,1.);
#3314 = DIRECTION('',(-1.,-0.,-0.));
#3315 = ORIENTED_EDGE('',*,*,#3285,.T.);
#3316 = ORIENTED_EDGE('',*,*,#3317,.T.);
#3317 = EDGE_CURVE('',#3277,#3318,#3320,.T.);
#3318 = VERTEX_POINT('',#3319);
#3319 = CARTESIAN_POINT('',(-2.545159782525,-5.45,-4.));
#3320 = LINE('',#3321,#3322);
#3321 = CARTESIAN_POINT('',(0.,-5.45,-4.));
#3322 = VECTOR('',#3323,1.);
#3323 = DIRECTION('',(1.,0.,0.));
#3324 = ORIENTED_EDGE('',*,*,#3325,.T.);
#3325 = EDGE_CURVE('',#3318,#3309,#3326,.T.);
#3326 = LINE('',#3327,#3328);
#3327 = CARTESIAN_POINT('',(-2.545159782525,-5.467396881944,-4.));
#3328 = VECTOR('',#3329,1.);
#3329 = DIRECTION('',(0.,1.,0.));
#3330 = PLANE('',#3331);
#3331 = AXIS2_PLACEMENT_3D('',#3332,#3333,#3334);
#3332 = CARTESIAN_POINT('',(-2.922579891262,-5.3,-4.));
#3333 = DIRECTION('',(0.,0.,1.));
#3334 = DIRECTION('',(1.,0.,-0.));
#3335 = ADVANCED_FACE('',(#3336),#3363,.F.);
#3336 = FACE_BOUND('',#3337,.F.);
#3337 = EDGE_LOOP('',(#3338,#3347,#3355,#3362));
#3338 = ORIENTED_EDGE('',*,*,#3339,.T.);
#3339 = EDGE_CURVE('',#3309,#3340,#3342,.T.);
#3340 = VERTEX_POINT('',#3341);
#3341 = CARTESIAN_POINT('',(-2.395651989106,-5.15,-3.862141651727));
#3342 = CIRCLE('',#3343,0.15);
#3343 = AXIS2_PLACEMENT_3D('',#3344,#3345,#3346);
#3344 = CARTESIAN_POINT('',(-2.545159782525,-5.15,-3.85));
#3345 = DIRECTION('',(0.,-1.,0.));
#3346 = DIRECTION('',(0.,0.,1.));
#3347 = ORIENTED_EDGE('',*,*,#3348,.F.);
#3348 = EDGE_CURVE('',#3349,#3340,#3351,.T.);
#3349 = VERTEX_POINT('',#3350);
#3350 = CARTESIAN_POINT('',(-2.395651989105,-5.45,-3.862141651727));
#3351 = LINE('',#3352,#3353);
#3352 = CARTESIAN_POINT('',(-2.395651989106,-5.3,-3.862141651727));
#3353 = VECTOR('',#3354,1.);
#3354 = DIRECTION('',(0.,1.,0.));
#3355 = ORIENTED_EDGE('',*,*,#3356,.F.);
#3356 = EDGE_CURVE('',#3318,#3349,#3357,.T.);
#3357 = CIRCLE('',#3358,0.15);
#3358 = AXIS2_PLACEMENT_3D('',#3359,#3360,#3361);
#3359 = CARTESIAN_POINT('',(-2.545159782525,-5.45,-3.85));
#3360 = DIRECTION('',(-0.,-1.,0.));
#3361 = DIRECTION('',(2.891205793297E-15,-0.,1.));
#3362 = ORIENTED_EDGE('',*,*,#3325,.T.);
#3363 = CYLINDRICAL_SURFACE('',#3364,0.15);
#3364 = AXIS2_PLACEMENT_3D('',#3365,#3366,#3367);
#3365 = CARTESIAN_POINT('',(-2.545159782525,-5.467396881944,-3.85));
#3366 = DIRECTION('',(0.,1.,0.));
#3367 = DIRECTION('',(0.,-0.,1.));
#3368 = ADVANCED_FACE('',(#3369),#3385,.F.);
#3369 = FACE_BOUND('',#3370,.T.);
#3370 = EDGE_LOOP('',(#3371,#3372,#3378,#3379));
#3371 = ORIENTED_EDGE('',*,*,#1649,.F.);
#3372 = ORIENTED_EDGE('',*,*,#3373,.F.);
#3373 = EDGE_CURVE('',#3340,#1361,#3374,.T.);
#3374 = LINE('',#3375,#3376);
#3375 = CARTESIAN_POINT('',(-2.34187891718,-5.15,-3.2));
#3376 = VECTOR('',#3377,1.);
#3377 = DIRECTION('',(8.094434484682E-02,0.,0.9967186228));
#3378 = ORIENTED_EDGE('',*,*,#3348,.F.);
#3379 = ORIENTED_EDGE('',*,*,#3380,.T.);
#3380 = EDGE_CURVE('',#3349,#1639,#3381,.T.);
#3381 = LINE('',#3382,#3383);
#3382 = CARTESIAN_POINT('',(-2.35,-5.45,-3.3));
#3383 = VECTOR('',#3384,1.);
#3384 = DIRECTION('',(8.094434484499E-02,0.,0.996718622801));
#3385 = PLANE('',#3386);
#3386 = AXIS2_PLACEMENT_3D('',#3387,#3388,#3389);
#3387 = CARTESIAN_POINT('',(-2.34187891718,-5.3,-3.2));
#3388 = DIRECTION('',(0.9967186228,0.,-8.094434484682E-02));
#3389 = DIRECTION('',(-8.094434484682E-02,0.,-0.9967186228));
#3390 = ADVANCED_FACE('',(#3391),#3404,.T.);
#3391 = FACE_BOUND('',#3392,.T.);
#3392 = EDGE_LOOP('',(#3393,#3394,#3395,#3396,#3397,#3398));
#3393 = ORIENTED_EDGE('',*,*,#1724,.T.);
#3394 = ORIENTED_EDGE('',*,*,#1713,.T.);
#3395 = ORIENTED_EDGE('',*,*,#1609,.T.);
#3396 = ORIENTED_EDGE('',*,*,#1627,.T.);
#3397 = ORIENTED_EDGE('',*,*,#1638,.T.);
#3398 = ORIENTED_EDGE('',*,*,#3399,.T.);
#3399 = EDGE_CURVE('',#1639,#1725,#3400,.T.);
#3400 = LINE('',#3401,#3402);
#3401 = CARTESIAN_POINT('',(0.,-5.45,-3.1));
#3402 = VECTOR('',#3403,1.);
#3403 = DIRECTION('',(1.,0.,0.));
#3404 = CYLINDRICAL_SURFACE('',#3405,0.9);
#3405 = AXIS2_PLACEMENT_3D('',#3406,#3407,#3408);
#3406 = CARTESIAN_POINT('',(-2.427108147733,-4.55,-3.1));
#3407 = DIRECTION('',(1.,0.,0.));
#3408 = DIRECTION('',(0.,0.,-1.));
#3409 = ADVANCED_FACE('',(#3410),#3435,.T.);
#3410 = FACE_BOUND('',#3411,.T.);
#3411 = EDGE_LOOP('',(#3412,#3420,#3428,#3434));
#3412 = ORIENTED_EDGE('',*,*,#3413,.T.);
#3413 = EDGE_CURVE('',#1725,#3414,#3416,.T.);
#3414 = VERTEX_POINT('',#3415);
#3415 = CARTESIAN_POINT('',(2.338804409362,-5.45,-3.162141651727));
#3416 = LINE('',#3417,#3418);
#3417 = CARTESIAN_POINT('',(2.333757834359,-5.45,-3.1));
#3418 = VECTOR('',#3419,1.);
#3419 = DIRECTION('',(8.094434484855E-02,0.,-0.9967186228));
#3420 = ORIENTED_EDGE('',*,*,#3421,.T.);
#3421 = EDGE_CURVE('',#3414,#3422,#3424,.T.);
#3422 = VERTEX_POINT('',#3423);
#3423 = CARTESIAN_POINT('',(2.338804409362,-5.15,-3.162141651727));
#3424 = LINE('',#3425,#3426);
#3425 = CARTESIAN_POINT('',(2.338804409362,-5.467396881944,
    -3.162141651727));
#3426 = VECTOR('',#3427,1.);
#3427 = DIRECTION('',(0.,1.,0.));
#3428 = ORIENTED_EDGE('',*,*,#3429,.T.);
#3429 = EDGE_CURVE('',#3422,#1363,#3430,.T.);
#3430 = LINE('',#3431,#3432);
#3431 = CARTESIAN_POINT('',(2.336281121861,-5.15,-3.131070825863));
#3432 = VECTOR('',#3433,1.);
#3433 = DIRECTION('',(-8.094434485172E-02,0.,0.9967186228));
#3434 = ORIENTED_EDGE('',*,*,#1735,.T.);
#3435 = PLANE('',#3436);
#3436 = AXIS2_PLACEMENT_3D('',#3437,#3438,#3439);
#3437 = CARTESIAN_POINT('',(2.336281121861,-5.3,-3.131070825863));
#3438 = DIRECTION('',(0.9967186228,0.,8.094434485172E-02));
#3439 = DIRECTION('',(8.094434485172E-02,0.,-0.9967186228));
#3440 = ADVANCED_FACE('',(#3441),#3468,.F.);
#3441 = FACE_BOUND('',#3442,.F.);
#3442 = EDGE_LOOP('',(#3443,#3453,#3460,#3461));
#3443 = ORIENTED_EDGE('',*,*,#3444,.T.);
#3444 = EDGE_CURVE('',#3445,#3447,#3449,.T.);
#3445 = VERTEX_POINT('',#3446);
#3446 = CARTESIAN_POINT('',(2.488312202757,-5.15,-3.3));
#3447 = VERTEX_POINT('',#3448);
#3448 = CARTESIAN_POINT('',(2.488312202757,-5.45,-3.3));
#3449 = LINE('',#3450,#3451);
#3450 = CARTESIAN_POINT('',(2.488312202732,-5.3,-3.3));
#3451 = VECTOR('',#3452,1.);
#3452 = DIRECTION('',(-0.,-1.,-0.));
#3453 = ORIENTED_EDGE('',*,*,#3454,.F.);
#3454 = EDGE_CURVE('',#3414,#3447,#3455,.T.);
#3455 = CIRCLE('',#3456,0.15);
#3456 = AXIS2_PLACEMENT_3D('',#3457,#3458,#3459);
#3457 = CARTESIAN_POINT('',(2.488312202782,-5.45,-3.15));
#3458 = DIRECTION('',(-0.,-1.,0.));
#3459 = DIRECTION('',(2.891205793295E-15,-0.,1.));
#3460 = ORIENTED_EDGE('',*,*,#3421,.T.);
#3461 = ORIENTED_EDGE('',*,*,#3462,.T.);
#3462 = EDGE_CURVE('',#3422,#3445,#3463,.T.);
#3463 = CIRCLE('',#3464,0.15);
#3464 = AXIS2_PLACEMENT_3D('',#3465,#3466,#3467);
#3465 = CARTESIAN_POINT('',(2.488312202782,-5.15,-3.15));
#3466 = DIRECTION('',(-0.,-1.,0.));
#3467 = DIRECTION('',(2.891205793295E-15,-0.,1.));
#3468 = CYLINDRICAL_SURFACE('',#3469,0.15);
#3469 = AXIS2_PLACEMENT_3D('',#3470,#3471,#3472);
#3470 = CARTESIAN_POINT('',(2.488312202782,-5.467396881944,-3.15));
#3471 = DIRECTION('',(0.,1.,0.));
#3472 = DIRECTION('',(0.,-0.,1.));
#3473 = ADVANCED_FACE('',(#3474),#3499,.T.);
#3474 = FACE_BOUND('',#3475,.T.);
#3475 = EDGE_LOOP('',(#3476,#3484,#3492,#3498));
#3476 = ORIENTED_EDGE('',*,*,#3477,.T.);
#3477 = EDGE_CURVE('',#3447,#3478,#3480,.T.);
#3478 = VERTEX_POINT('',#3479);
#3479 = CARTESIAN_POINT('',(2.9,-5.45,-3.3));
#3480 = LINE('',#3481,#3482);
#3481 = CARTESIAN_POINT('',(0.,-5.45,-3.3));
#3482 = VECTOR('',#3483,1.);
#3483 = DIRECTION('',(1.,0.,0.));
#3484 = ORIENTED_EDGE('',*,*,#3485,.F.);
#3485 = EDGE_CURVE('',#3486,#3478,#3488,.T.);
#3486 = VERTEX_POINT('',#3487);
#3487 = CARTESIAN_POINT('',(2.9,-5.15,-3.3));
#3488 = LINE('',#3489,#3490);
#3489 = CARTESIAN_POINT('',(2.9,-5.132603118056,-3.3));
#3490 = VECTOR('',#3491,1.);
#3491 = DIRECTION('',(0.,-1.,0.));
#3492 = ORIENTED_EDGE('',*,*,#3493,.T.);
#3493 = EDGE_CURVE('',#3486,#3445,#3494,.T.);
#3494 = LINE('',#3495,#3496);
#3495 = CARTESIAN_POINT('',(2.694156101351,-5.15,-3.3));
#3496 = VECTOR('',#3497,1.);
#3497 = DIRECTION('',(-1.,-0.,-0.));
#3498 = ORIENTED_EDGE('',*,*,#3444,.T.);
#3499 = PLANE('',#3500);
#3500 = AXIS2_PLACEMENT_3D('',#3501,#3502,#3503);
#3501 = CARTESIAN_POINT('',(2.694156101351,-5.3,-3.3));
#3502 = DIRECTION('',(0.,0.,1.));
#3503 = DIRECTION('',(1.,0.,-0.));
#3504 = ADVANCED_FACE('',(#3505),#3532,.T.);
#3505 = FACE_BOUND('',#3506,.T.);
#3506 = EDGE_LOOP('',(#3507,#3508,#3517,#3525));
#3507 = ORIENTED_EDGE('',*,*,#3485,.T.);
#3508 = ORIENTED_EDGE('',*,*,#3509,.T.);
#3509 = EDGE_CURVE('',#3478,#3510,#3512,.T.);
#3510 = VERTEX_POINT('',#3511);
#3511 = CARTESIAN_POINT('',(3.2,-5.45,-3.6));
#3512 = CIRCLE('',#3513,0.3);
#3513 = AXIS2_PLACEMENT_3D('',#3514,#3515,#3516);
#3514 = CARTESIAN_POINT('',(2.9,-5.45,-3.6));
#3515 = DIRECTION('',(0.,1.,0.));
#3516 = DIRECTION('',(0.,0.,-1.));
#3517 = ORIENTED_EDGE('',*,*,#3518,.F.);
#3518 = EDGE_CURVE('',#3519,#3510,#3521,.T.);
#3519 = VERTEX_POINT('',#3520);
#3520 = CARTESIAN_POINT('',(3.2,-5.15,-3.6));
#3521 = LINE('',#3522,#3523);
#3522 = CARTESIAN_POINT('',(3.2,-5.3,-3.6));
#3523 = VECTOR('',#3524,1.);
#3524 = DIRECTION('',(-0.,-1.,-0.));
#3525 = ORIENTED_EDGE('',*,*,#3526,.T.);
#3526 = EDGE_CURVE('',#3519,#3486,#3527,.T.);
#3527 = CIRCLE('',#3528,0.3);
#3528 = AXIS2_PLACEMENT_3D('',#3529,#3530,#3531);
#3529 = CARTESIAN_POINT('',(2.9,-5.15,-3.6));
#3530 = DIRECTION('',(0.,-1.,0.));
#3531 = DIRECTION('',(0.,0.,-1.));
#3532 = CYLINDRICAL_SURFACE('',#3533,0.3);
#3533 = AXIS2_PLACEMENT_3D('',#3534,#3535,#3536);
#3534 = CARTESIAN_POINT('',(2.9,-5.132603118056,-3.6));
#3535 = DIRECTION('',(0.,-1.,0.));
#3536 = DIRECTION('',(0.,0.,-1.));
#3537 = ADVANCED_FACE('',(#3538),#3563,.T.);
#3538 = FACE_BOUND('',#3539,.T.);
#3539 = EDGE_LOOP('',(#3540,#3548,#3549,#3557));
#3540 = ORIENTED_EDGE('',*,*,#3541,.T.);
#3541 = EDGE_CURVE('',#3542,#3519,#3544,.T.);
#3542 = VERTEX_POINT('',#3543);
#3543 = CARTESIAN_POINT('',(3.2,-5.15,-4.1));
#3544 = LINE('',#3545,#3546);
#3545 = CARTESIAN_POINT('',(3.2,-5.15,-3.85));
#3546 = VECTOR('',#3547,1.);
#3547 = DIRECTION('',(0.,0.,1.));
#3548 = ORIENTED_EDGE('',*,*,#3518,.T.);
#3549 = ORIENTED_EDGE('',*,*,#3550,.T.);
#3550 = EDGE_CURVE('',#3510,#3551,#3553,.T.);
#3551 = VERTEX_POINT('',#3552);
#3552 = CARTESIAN_POINT('',(3.2,-5.45,-4.1));
#3553 = LINE('',#3554,#3555);
#3554 = CARTESIAN_POINT('',(3.2,-5.45,-7.55));
#3555 = VECTOR('',#3556,1.);
#3556 = DIRECTION('',(-0.,-0.,-1.));
#3557 = ORIENTED_EDGE('',*,*,#3558,.T.);
#3558 = EDGE_CURVE('',#3551,#3542,#3559,.T.);
#3559 = LINE('',#3560,#3561);
#3560 = CARTESIAN_POINT('',(3.2,-5.467396881944,-4.1));
#3561 = VECTOR('',#3562,1.);
#3562 = DIRECTION('',(0.,1.,0.));
#3563 = PLANE('',#3564);
#3564 = AXIS2_PLACEMENT_3D('',#3565,#3566,#3567);
#3565 = CARTESIAN_POINT('',(3.2,-5.3,-3.85));
#3566 = DIRECTION('',(1.,0.,0.));
#3567 = DIRECTION('',(0.,0.,-1.));
#3568 = ADVANCED_FACE('',(#3569),#3603,.T.);
#3569 = FACE_BOUND('',#3570,.T.);
#3570 = EDGE_LOOP('',(#3571,#3581,#3589,#3597));
#3571 = ORIENTED_EDGE('',*,*,#3572,.T.);
#3572 = EDGE_CURVE('',#3573,#3575,#3577,.T.);
#3573 = VERTEX_POINT('',#3574);
#3574 = CARTESIAN_POINT('',(2.265270364467,-5.15,-5.949999999216));
#3575 = VERTEX_POINT('',#3576);
#3576 = CARTESIAN_POINT('',(2.265270364467,-5.45,-5.949999999216));
#3577 = LINE('',#3578,#3579);
#3578 = CARTESIAN_POINT('',(2.265270364467,-5.467396881944,
    -5.949999998432));
#3579 = VECTOR('',#3580,1.);
#3580 = DIRECTION('',(-0.,-1.,-0.));
#3581 = ORIENTED_EDGE('',*,*,#3582,.T.);
#3582 = EDGE_CURVE('',#3575,#3583,#3585,.T.);
#3583 = VERTEX_POINT('',#3584);
#3584 = CARTESIAN_POINT('',(2.265270365169,-5.45,-6.866457351458));
#3585 = LINE('',#3586,#3587);
#3586 = CARTESIAN_POINT('',(2.265270364467,-5.45,-7.55));
#3587 = VECTOR('',#3588,1.);
#3588 = DIRECTION('',(-0.,-0.,-1.));
#3589 = ORIENTED_EDGE('',*,*,#3590,.T.);
#3590 = EDGE_CURVE('',#3583,#3591,#3593,.T.);
#3591 = VERTEX_POINT('',#3592);
#3592 = CARTESIAN_POINT('',(2.265270364935,-5.15,-6.866457351458));
#3593 = LINE('',#3594,#3595);
#3594 = CARTESIAN_POINT('',(2.265270365403,-5.467396881944,
    -6.866457351458));
#3595 = VECTOR('',#3596,1.);
#3596 = DIRECTION('',(0.,1.,0.));
#3597 = ORIENTED_EDGE('',*,*,#3598,.T.);
#3598 = EDGE_CURVE('',#3591,#3573,#3599,.T.);
#3599 = LINE('',#3600,#3601);
#3600 = CARTESIAN_POINT('',(2.265270364467,-5.15,-6.408231651843));
#3601 = VECTOR('',#3602,1.);
#3602 = DIRECTION('',(0.,0.,1.));
#3603 = PLANE('',#3604);
#3604 = AXIS2_PLACEMENT_3D('',#3605,#3606,#3607);
#3605 = CARTESIAN_POINT('',(2.265270364467,-5.3,-6.408231651843));
#3606 = DIRECTION('',(1.,0.,0.));
#3607 = DIRECTION('',(0.,0.,-1.));
#3608 = ADVANCED_FACE('',(#3609),#3627,.F.);
#3609 = FACE_BOUND('',#3610,.F.);
#3610 = EDGE_LOOP('',(#3611,#3618,#3619,#3626));
#3611 = ORIENTED_EDGE('',*,*,#3612,.T.);
#3612 = EDGE_CURVE('',#3591,#1925,#3613,.T.);
#3613 = CIRCLE('',#3614,0.2);
#3614 = AXIS2_PLACEMENT_3D('',#3615,#3616,#3617);
#3615 = CARTESIAN_POINT('',(2.465270364467,-5.15,-6.866476697881));
#3616 = DIRECTION('',(-0.,-1.,0.));
#3617 = DIRECTION('',(-8.673617379906E-15,0.,1.));
#3618 = ORIENTED_EDGE('',*,*,#1924,.T.);
#3619 = ORIENTED_EDGE('',*,*,#3620,.F.);
#3620 = EDGE_CURVE('',#3583,#1916,#3621,.T.);
#3621 = CIRCLE('',#3622,0.2);
#3622 = AXIS2_PLACEMENT_3D('',#3623,#3624,#3625);
#3623 = CARTESIAN_POINT('',(2.465270364467,-5.45,-6.866476697881));
#3624 = DIRECTION('',(-0.,-1.,0.));
#3625 = DIRECTION('',(-2.168404344976E-15,0.,1.));
#3626 = ORIENTED_EDGE('',*,*,#3590,.T.);
#3627 = CYLINDRICAL_SURFACE('',#3628,0.2);
#3628 = AXIS2_PLACEMENT_3D('',#3629,#3630,#3631);
#3629 = CARTESIAN_POINT('',(2.465270364467,-5.467396881944,
    -6.866476697881));
#3630 = DIRECTION('',(0.,1.,0.));
#3631 = DIRECTION('',(0.,-0.,1.));
#3632 = ADVANCED_FACE('',(#3633),#3660,.F.);
#3633 = FACE_BOUND('',#3634,.F.);
#3634 = EDGE_LOOP('',(#3635,#3644,#3652,#3659));
#3635 = ORIENTED_EDGE('',*,*,#3636,.T.);
#3636 = EDGE_CURVE('',#2010,#3637,#3639,.T.);
#3637 = VERTEX_POINT('',#3638);
#3638 = CARTESIAN_POINT('',(2.5,-5.15,-10.8));
#3639 = CIRCLE('',#3640,0.4);
#3640 = AXIS2_PLACEMENT_3D('',#3641,#3642,#3643);
#3641 = CARTESIAN_POINT('',(2.5,-5.15,-10.4));
#3642 = DIRECTION('',(-0.,-1.,0.));
#3643 = DIRECTION('',(-2.168404344971E-15,0.,1.));
#3644 = ORIENTED_EDGE('',*,*,#3645,.T.);
#3645 = EDGE_CURVE('',#3637,#3646,#3648,.T.);
#3646 = VERTEX_POINT('',#3647);
#3647 = CARTESIAN_POINT('',(2.5,-5.45,-10.8));
#3648 = LINE('',#3649,#3650);
#3649 = CARTESIAN_POINT('',(2.5,-5.3,-10.8));
#3650 = VECTOR('',#3651,1.);
#3651 = DIRECTION('',(-0.,-1.,-0.));
#3652 = ORIENTED_EDGE('',*,*,#3653,.F.);
#3653 = EDGE_CURVE('',#2024,#3646,#3654,.T.);
#3654 = CIRCLE('',#3655,0.4);
#3655 = AXIS2_PLACEMENT_3D('',#3656,#3657,#3658);
#3656 = CARTESIAN_POINT('',(2.5,-5.45,-10.4));
#3657 = DIRECTION('',(-0.,-1.,0.));
#3658 = DIRECTION('',(-2.168404344971E-15,0.,1.));
#3659 = ORIENTED_EDGE('',*,*,#2023,.T.);
#3660 = CYLINDRICAL_SURFACE('',#3661,0.4);
#3661 = AXIS2_PLACEMENT_3D('',#3662,#3663,#3664);
#3662 = CARTESIAN_POINT('',(2.5,-5.467396881944,-10.4));
#3663 = DIRECTION('',(0.,1.,0.));
#3664 = DIRECTION('',(0.,-0.,1.));
#3665 = ADVANCED_FACE('',(#3666),#3739,.T.);
#3666 = FACE_BOUND('',#3667,.T.);
#3667 = EDGE_LOOP('',(#3668,#3676,#3684,#3692,#3700,#3708,#3716,#3724,
    #3732,#3738));
#3668 = ORIENTED_EDGE('',*,*,#3669,.T.);
#3669 = EDGE_CURVE('',#1811,#3670,#3672,.T.);
#3670 = VERTEX_POINT('',#3671);
#3671 = CARTESIAN_POINT('',(3.85,-5.5,-12.));
#3672 = LINE('',#3673,#3674);
#3673 = CARTESIAN_POINT('',(3.85,-5.8,-12.));
#3674 = VECTOR('',#3675,1.);
#3675 = DIRECTION('',(-0.,-1.,-0.));
#3676 = ORIENTED_EDGE('',*,*,#3677,.T.);
#3677 = EDGE_CURVE('',#3670,#3678,#3680,.T.);
#3678 = VERTEX_POINT('',#3679);
#3679 = CARTESIAN_POINT('',(4.5,-5.5,-12.));
#3680 = LINE('',#3681,#3682);
#3681 = CARTESIAN_POINT('',(0.,-5.5,-12.));
#3682 = VECTOR('',#3683,1.);
#3683 = DIRECTION('',(1.,0.,0.));
#3684 = ORIENTED_EDGE('',*,*,#3685,.T.);
#3685 = EDGE_CURVE('',#3678,#3686,#3688,.T.);
#3686 = VERTEX_POINT('',#3687);
#3687 = CARTESIAN_POINT('',(4.5,-5.1,-12.));
#3688 = LINE('',#3689,#3690);
#3689 = CARTESIAN_POINT('',(4.5,-1.298147720928,-12.));
#3690 = VECTOR('',#3691,1.);
#3691 = DIRECTION('',(0.,1.,0.));
#3692 = ORIENTED_EDGE('',*,*,#3693,.T.);
#3693 = EDGE_CURVE('',#3686,#3694,#3696,.T.);
#3694 = VERTEX_POINT('',#3695);
#3695 = CARTESIAN_POINT('',(3.,-5.1,-12.));
#3696 = LINE('',#3697,#3698);
#3697 = CARTESIAN_POINT('',(0.,-5.1,-12.));
#3698 = VECTOR('',#3699,1.);
#3699 = DIRECTION('',(-1.,-0.,-0.));
#3700 = ORIENTED_EDGE('',*,*,#3701,.T.);
#3701 = EDGE_CURVE('',#3694,#3702,#3704,.T.);
#3702 = VERTEX_POINT('',#3703);
#3703 = CARTESIAN_POINT('',(3.,-5.15,-12.));
#3704 = LINE('',#3705,#3706);
#3705 = CARTESIAN_POINT('',(3.,-1.298147720928,-12.));
#3706 = VECTOR('',#3707,1.);
#3707 = DIRECTION('',(-0.,-1.,-0.));
#3708 = ORIENTED_EDGE('',*,*,#3709,.T.);
#3709 = EDGE_CURVE('',#3702,#3710,#3712,.T.);
#3710 = VERTEX_POINT('',#3711);
#3711 = CARTESIAN_POINT('',(3.6,-5.15,-12.));
#3712 = LINE('',#3713,#3714);
#3713 = CARTESIAN_POINT('',(0.,-5.15,-12.));
#3714 = VECTOR('',#3715,1.);
#3715 = DIRECTION('',(1.,0.,0.));
#3716 = ORIENTED_EDGE('',*,*,#3717,.F.);
#3717 = EDGE_CURVE('',#3718,#3710,#3720,.T.);
#3718 = VERTEX_POINT('',#3719);
#3719 = CARTESIAN_POINT('',(3.6,-5.45,-12.));
#3720 = LINE('',#3721,#3722);
#3721 = CARTESIAN_POINT('',(3.6,-5.3,-12.));
#3722 = VECTOR('',#3723,1.);
#3723 = DIRECTION('',(0.,1.,0.));
#3724 = ORIENTED_EDGE('',*,*,#3725,.T.);
#3725 = EDGE_CURVE('',#3718,#3726,#3728,.T.);
#3726 = VERTEX_POINT('',#3727);
#3727 = CARTESIAN_POINT('',(1.75,-5.45,-12.));
#3728 = LINE('',#3729,#3730);
#3729 = CARTESIAN_POINT('',(0.,-5.45,-12.));
#3730 = VECTOR('',#3731,1.);
#3731 = DIRECTION('',(-1.,-0.,-0.));
#3732 = ORIENTED_EDGE('',*,*,#3733,.T.);
#3733 = EDGE_CURVE('',#3726,#1819,#3734,.T.);
#3734 = LINE('',#3735,#3736);
#3735 = CARTESIAN_POINT('',(1.75,-5.2875,-12.));
#3736 = VECTOR('',#3737,1.);
#3737 = DIRECTION('',(-0.,-1.,-0.));
#3738 = ORIENTED_EDGE('',*,*,#1818,.T.);
#3739 = PLANE('',#3740);
#3740 = AXIS2_PLACEMENT_3D('',#3741,#3742,#3743);
#3741 = CARTESIAN_POINT('',(0.,-1.298147720928,-12.));
#3742 = DIRECTION('',(0.,0.,1.));
#3743 = DIRECTION('',(1.,0.,-0.));
#3744 = ADVANCED_FACE('',(#3745),#3777,.F.);
#3745 = FACE_BOUND('',#3746,.T.);
#3746 = EDGE_LOOP('',(#3747,#3755,#3763,#3771));
#3747 = ORIENTED_EDGE('',*,*,#3748,.T.);
#3748 = EDGE_CURVE('',#3749,#3726,#3751,.T.);
#3749 = VERTEX_POINT('',#3750);
#3750 = CARTESIAN_POINT('',(1.75,-5.15,-12.));
#3751 = LINE('',#3752,#3753);
#3752 = CARTESIAN_POINT('',(1.75,-5.2875,-12.));
#3753 = VECTOR('',#3754,1.);
#3754 = DIRECTION('',(-0.,-1.,-0.));
#3755 = ORIENTED_EDGE('',*,*,#3756,.T.);
#3756 = EDGE_CURVE('',#3726,#3757,#3759,.T.);
#3757 = VERTEX_POINT('',#3758);
#3758 = CARTESIAN_POINT('',(-1.75,-5.45,-12.));
#3759 = LINE('',#3760,#3761);
#3760 = CARTESIAN_POINT('',(0.,-5.45,-12.));
#3761 = VECTOR('',#3762,1.);
#3762 = DIRECTION('',(-1.,-0.,-0.));
#3763 = ORIENTED_EDGE('',*,*,#3764,.F.);
#3764 = EDGE_CURVE('',#3765,#3757,#3767,.T.);
#3765 = VERTEX_POINT('',#3766);
#3766 = CARTESIAN_POINT('',(-1.75,-5.15,-12.));
#3767 = LINE('',#3768,#3769);
#3768 = CARTESIAN_POINT('',(-1.75,-5.4,-12.));
#3769 = VECTOR('',#3770,1.);
#3770 = DIRECTION('',(-0.,-1.,-0.));
#3771 = ORIENTED_EDGE('',*,*,#3772,.F.);
#3772 = EDGE_CURVE('',#3749,#3765,#3773,.T.);
#3773 = LINE('',#3774,#3775);
#3774 = CARTESIAN_POINT('',(0.,-5.15,-12.));
#3775 = VECTOR('',#3776,1.);
#3776 = DIRECTION('',(-1.,-0.,-0.));
#3777 = PLANE('',#3778);
#3778 = AXIS2_PLACEMENT_3D('',#3779,#3780,#3781);
#3779 = CARTESIAN_POINT('',(0.,-5.3,-12.));
#3780 = DIRECTION('',(0.,0.,1.));
#3781 = DIRECTION('',(1.,0.,-0.));
#3782 = ADVANCED_FACE('',(#3783),#3810,.F.);
#3783 = FACE_BOUND('',#3784,.F.);
#3784 = EDGE_LOOP('',(#3785,#3786,#3795,#3803));
#3785 = ORIENTED_EDGE('',*,*,#3572,.T.);
#3786 = ORIENTED_EDGE('',*,*,#3787,.F.);
#3787 = EDGE_CURVE('',#3788,#3575,#3790,.T.);
#3788 = VERTEX_POINT('',#3789);
#3789 = CARTESIAN_POINT('',(2.465270364467,-5.45,-5.75));
#3790 = CIRCLE('',#3791,0.2);
#3791 = AXIS2_PLACEMENT_3D('',#3792,#3793,#3794);
#3792 = CARTESIAN_POINT('',(2.465270364467,-5.45,-5.95));
#3793 = DIRECTION('',(0.,-1.,0.));
#3794 = DIRECTION('',(0.,0.,1.));
#3795 = ORIENTED_EDGE('',*,*,#3796,.F.);
#3796 = EDGE_CURVE('',#3797,#3788,#3799,.T.);
#3797 = VERTEX_POINT('',#3798);
#3798 = CARTESIAN_POINT('',(2.465270364467,-5.15,-5.75));
#3799 = LINE('',#3800,#3801);
#3800 = CARTESIAN_POINT('',(2.465270364467,-5.3,-5.75));
#3801 = VECTOR('',#3802,1.);
#3802 = DIRECTION('',(-0.,-1.,-0.));
#3803 = ORIENTED_EDGE('',*,*,#3804,.T.);
#3804 = EDGE_CURVE('',#3797,#3573,#3805,.T.);
#3805 = CIRCLE('',#3806,0.2);
#3806 = AXIS2_PLACEMENT_3D('',#3807,#3808,#3809);
#3807 = CARTESIAN_POINT('',(2.465270364467,-5.15,-5.95));
#3808 = DIRECTION('',(0.,-1.,0.));
#3809 = DIRECTION('',(0.,0.,1.));
#3810 = CYLINDRICAL_SURFACE('',#3811,0.2);
#3811 = AXIS2_PLACEMENT_3D('',#3812,#3813,#3814);
#3812 = CARTESIAN_POINT('',(2.465270364467,-5.467396881944,-5.95));
#3813 = DIRECTION('',(0.,1.,0.));
#3814 = DIRECTION('',(0.,-0.,1.));
#3815 = ADVANCED_FACE('',(#3816),#3859,.T.);
#3816 = FACE_BOUND('',#3817,.T.);
#3817 = EDGE_LOOP('',(#3818,#3826,#3835,#3843,#3852,#3858));
#3818 = ORIENTED_EDGE('',*,*,#3819,.F.);
#3819 = EDGE_CURVE('',#3820,#1843,#3822,.T.);
#3820 = VERTEX_POINT('',#3821);
#3821 = CARTESIAN_POINT('',(5.85,-6.2,-4.25));
#3822 = LINE('',#3823,#3824);
#3823 = CARTESIAN_POINT('',(5.3,-6.2,-4.25));
#3824 = VECTOR('',#3825,1.);
#3825 = DIRECTION('',(-1.,-0.,-0.));
#3826 = ORIENTED_EDGE('',*,*,#3827,.F.);
#3827 = EDGE_CURVE('',#3828,#3820,#3830,.T.);
#3828 = VERTEX_POINT('',#3829);
#3829 = CARTESIAN_POINT('',(6.15,-6.2,-4.55));
#3830 = CIRCLE('',#3831,0.3);
#3831 = AXIS2_PLACEMENT_3D('',#3832,#3833,#3834);
#3832 = CARTESIAN_POINT('',(5.85,-6.2,-4.55));
#3833 = DIRECTION('',(0.,-1.,0.));
#3834 = DIRECTION('',(0.,0.,-1.));
#3835 = ORIENTED_EDGE('',*,*,#3836,.F.);
#3836 = EDGE_CURVE('',#3837,#3828,#3839,.T.);
#3837 = VERTEX_POINT('',#3838);
#3838 = CARTESIAN_POINT('',(6.15,-6.2,-5.45));
#3839 = LINE('',#3840,#3841);
#3840 = CARTESIAN_POINT('',(6.15,-6.2,-5.45));
#3841 = VECTOR('',#3842,1.);
#3842 = DIRECTION('',(0.,0.,1.));
#3843 = ORIENTED_EDGE('',*,*,#3844,.F.);
#3844 = EDGE_CURVE('',#3845,#3837,#3847,.T.);
#3845 = VERTEX_POINT('',#3846);
#3846 = CARTESIAN_POINT('',(5.85,-6.2,-5.75));
#3847 = CIRCLE('',#3848,0.3);
#3848 = AXIS2_PLACEMENT_3D('',#3849,#3850,#3851);
#3849 = CARTESIAN_POINT('',(5.85,-6.2,-5.45));
#3850 = DIRECTION('',(0.,-1.,0.));
#3851 = DIRECTION('',(0.,0.,-1.));
#3852 = ORIENTED_EDGE('',*,*,#3853,.T.);
#3853 = EDGE_CURVE('',#3845,#1841,#3854,.T.);
#3854 = LINE('',#3855,#3856);
#3855 = CARTESIAN_POINT('',(5.3,-6.2,-5.75));
#3856 = VECTOR('',#3857,1.);
#3857 = DIRECTION('',(-1.,-0.,-0.));
#3858 = ORIENTED_EDGE('',*,*,#1840,.T.);
#3859 = PLANE('',#3860);
#3860 = AXIS2_PLACEMENT_3D('',#3861,#3862,#3863);
#3861 = CARTESIAN_POINT('',(5.45,-6.2,-5.));
#3862 = DIRECTION('',(0.,1.,0.));
#3863 = DIRECTION('',(0.,-0.,1.));
#3864 = ADVANCED_FACE('',(#3865),#3892,.T.);
#3865 = FACE_BOUND('',#3866,.T.);
#3866 = EDGE_LOOP('',(#3867,#3877,#3884,#3885));
#3867 = ORIENTED_EDGE('',*,*,#3868,.F.);
#3868 = EDGE_CURVE('',#3869,#3871,#3873,.T.);
#3869 = VERTEX_POINT('',#3870);
#3870 = CARTESIAN_POINT('',(4.4,-5.15,-4.25));
#3871 = VERTEX_POINT('',#3872);
#3872 = CARTESIAN_POINT('',(4.4,-5.15,-5.75));
#3873 = LINE('',#3874,#3875);
#3874 = CARTESIAN_POINT('',(4.4,-5.15,-5.));
#3875 = VECTOR('',#3876,1.);
#3876 = DIRECTION('',(-0.,-0.,-1.));
#3877 = ORIENTED_EDGE('',*,*,#3878,.T.);
#3878 = EDGE_CURVE('',#3869,#1883,#3879,.T.);
#3879 = CIRCLE('',#3880,0.4);
#3880 = AXIS2_PLACEMENT_3D('',#3881,#3882,#3883);
#3881 = CARTESIAN_POINT('',(4.4,-5.55,-4.25));
#3882 = DIRECTION('',(0.,0.,-1.));
#3883 = DIRECTION('',(-1.,0.,0.));
#3884 = ORIENTED_EDGE('',*,*,#1882,.T.);
#3885 = ORIENTED_EDGE('',*,*,#3886,.T.);
#3886 = EDGE_CURVE('',#1885,#3871,#3887,.T.);
#3887 = CIRCLE('',#3888,0.4);
#3888 = AXIS2_PLACEMENT_3D('',#3889,#3890,#3891);
#3889 = CARTESIAN_POINT('',(4.4,-5.55,-5.75));
#3890 = DIRECTION('',(0.,0.,1.));
#3891 = DIRECTION('',(-1.,0.,0.));
#3892 = CYLINDRICAL_SURFACE('',#3893,0.4);
#3893 = AXIS2_PLACEMENT_3D('',#3894,#3895,#3896);
#3894 = CARTESIAN_POINT('',(4.4,-5.55,-4.22));
#3895 = DIRECTION('',(0.,0.,-1.));
#3896 = DIRECTION('',(-1.,0.,0.));
#3897 = ADVANCED_FACE('',(#3898),#3925,.F.);
#3898 = FACE_BOUND('',#3899,.F.);
#3899 = EDGE_LOOP('',(#3900,#3909,#3917,#3924));
#3900 = ORIENTED_EDGE('',*,*,#3901,.T.);
#3901 = EDGE_CURVE('',#3542,#3902,#3904,.T.);
#3902 = VERTEX_POINT('',#3903);
#3903 = CARTESIAN_POINT('',(3.35,-5.15,-4.25));
#3904 = CIRCLE('',#3905,0.15);
#3905 = AXIS2_PLACEMENT_3D('',#3906,#3907,#3908);
#3906 = CARTESIAN_POINT('',(3.35,-5.15,-4.1));
#3907 = DIRECTION('',(0.,-1.,0.));
#3908 = DIRECTION('',(0.,0.,1.));
#3909 = ORIENTED_EDGE('',*,*,#3910,.T.);
#3910 = EDGE_CURVE('',#3902,#3911,#3913,.T.);
#3911 = VERTEX_POINT('',#3912);
#3912 = CARTESIAN_POINT('',(3.35,-5.45,-4.25));
#3913 = LINE('',#3914,#3915);
#3914 = CARTESIAN_POINT('',(3.35,-5.3,-4.25));
#3915 = VECTOR('',#3916,1.);
#3916 = DIRECTION('',(-0.,-1.,-0.));
#3917 = ORIENTED_EDGE('',*,*,#3918,.F.);
#3918 = EDGE_CURVE('',#3551,#3911,#3919,.T.);
#3919 = CIRCLE('',#3920,0.15);
#3920 = AXIS2_PLACEMENT_3D('',#3921,#3922,#3923);
#3921 = CARTESIAN_POINT('',(3.35,-5.45,-4.1));
#3922 = DIRECTION('',(0.,-1.,0.));
#3923 = DIRECTION('',(0.,0.,1.));
#3924 = ORIENTED_EDGE('',*,*,#3558,.T.);
#3925 = CYLINDRICAL_SURFACE('',#3926,0.15);
#3926 = AXIS2_PLACEMENT_3D('',#3927,#3928,#3929);
#3927 = CARTESIAN_POINT('',(3.35,-5.467396881944,-4.1));
#3928 = DIRECTION('',(0.,1.,0.));
#3929 = DIRECTION('',(0.,-0.,1.));
#3930 = ADVANCED_FACE('',(#3931),#3956,.T.);
#3931 = FACE_BOUND('',#3932,.T.);
#3932 = EDGE_LOOP('',(#3933,#3941,#3942,#3950));
#3933 = ORIENTED_EDGE('',*,*,#3934,.T.);
#3934 = EDGE_CURVE('',#3935,#3718,#3937,.T.);
#3935 = VERTEX_POINT('',#3936);
#3936 = CARTESIAN_POINT('',(3.6,-5.45,-10.8));
#3937 = LINE('',#3938,#3939);
#3938 = CARTESIAN_POINT('',(3.6,-5.45,-7.55));
#3939 = VECTOR('',#3940,1.);
#3940 = DIRECTION('',(-0.,-0.,-1.));
#3941 = ORIENTED_EDGE('',*,*,#3717,.T.);
#3942 = ORIENTED_EDGE('',*,*,#3943,.F.);
#3943 = EDGE_CURVE('',#3944,#3710,#3946,.T.);
#3944 = VERTEX_POINT('',#3945);
#3945 = CARTESIAN_POINT('',(3.6,-5.15,-10.8));
#3946 = LINE('',#3947,#3948);
#3947 = CARTESIAN_POINT('',(3.6,-5.15,-7.55));
#3948 = VECTOR('',#3949,1.);
#3949 = DIRECTION('',(-0.,-0.,-1.));
#3950 = ORIENTED_EDGE('',*,*,#3951,.F.);
#3951 = EDGE_CURVE('',#3935,#3944,#3952,.T.);
#3952 = LINE('',#3953,#3954);
#3953 = CARTESIAN_POINT('',(3.6,-5.3,-10.8));
#3954 = VECTOR('',#3955,1.);
#3955 = DIRECTION('',(0.,1.,0.));
#3956 = PLANE('',#3957);
#3957 = AXIS2_PLACEMENT_3D('',#3958,#3959,#3960);
#3958 = CARTESIAN_POINT('',(3.6,-5.3,-11.4));
#3959 = DIRECTION('',(1.,0.,0.));
#3960 = DIRECTION('',(0.,0.,-1.));
#3961 = ADVANCED_FACE('',(#3962),#3996,.F.);
#3962 = FACE_BOUND('',#3963,.T.);
#3963 = EDGE_LOOP('',(#3964,#3974,#3982,#3990));
#3964 = ORIENTED_EDGE('',*,*,#3965,.F.);
#3965 = EDGE_CURVE('',#3966,#3968,#3970,.T.);
#3966 = VERTEX_POINT('',#3967);
#3967 = CARTESIAN_POINT('',(2.,-4.,-11.));
#3968 = VERTEX_POINT('',#3969);
#3969 = CARTESIAN_POINT('',(2.2,-4.,-10.8));
#3970 = LINE('',#3971,#3972);
#3971 = CARTESIAN_POINT('',(2.,-4.,-11.));
#3972 = VECTOR('',#3973,1.);
#3973 = DIRECTION('',(0.707106781187,0.,0.707106781187));
#3974 = ORIENTED_EDGE('',*,*,#3975,.T.);
#3975 = EDGE_CURVE('',#3966,#3976,#3978,.T.);
#3976 = VERTEX_POINT('',#3977);
#3977 = CARTESIAN_POINT('',(2.,-5.15,-11.));
#3978 = LINE('',#3979,#3980);
#3979 = CARTESIAN_POINT('',(2.,-4.6,-11.));
#3980 = VECTOR('',#3981,1.);
#3981 = DIRECTION('',(-0.,-1.,-0.));
#3982 = ORIENTED_EDGE('',*,*,#3983,.F.);
#3983 = EDGE_CURVE('',#3984,#3976,#3986,.T.);
#3984 = VERTEX_POINT('',#3985);
#3985 = CARTESIAN_POINT('',(2.199999999999,-5.15,-10.8));
#3986 = LINE('',#3987,#3988);
#3987 = CARTESIAN_POINT('',(2.199999999999,-5.15,-10.8));
#3988 = VECTOR('',#3989,1.);
#3989 = DIRECTION('',(-0.707106781185,0.,-0.707106781188));
#3990 = ORIENTED_EDGE('',*,*,#3991,.F.);
#3991 = EDGE_CURVE('',#3968,#3984,#3992,.T.);
#3992 = LINE('',#3993,#3994);
#3993 = CARTESIAN_POINT('',(2.2,-5.3,-10.8));
#3994 = VECTOR('',#3995,1.);
#3995 = DIRECTION('',(-0.,-1.,-0.));
#3996 = PLANE('',#3997);
#3997 = AXIS2_PLACEMENT_3D('',#3998,#3999,#4000);
#3998 = CARTESIAN_POINT('',(2.1,-4.6,-10.9));
#3999 = DIRECTION('',(0.70710678119,0.,-0.707106781183));
#4000 = DIRECTION('',(-0.707106781183,0.,-0.70710678119));
#4001 = ADVANCED_FACE('',(#4002),#4041,.T.);
#4002 = FACE_BOUND('',#4003,.T.);
#4003 = EDGE_LOOP('',(#4004,#4010,#4011,#4017,#4018,#4026,#4034,#4040));
#4004 = ORIENTED_EDGE('',*,*,#4005,.F.);
#4005 = EDGE_CURVE('',#3637,#3984,#4006,.T.);
#4006 = LINE('',#4007,#4008);
#4007 = CARTESIAN_POINT('',(0.,-5.15,-10.8));
#4008 = VECTOR('',#4009,1.);
#4009 = DIRECTION('',(-1.,-0.,-0.));
#4010 = ORIENTED_EDGE('',*,*,#3645,.T.);
#4011 = ORIENTED_EDGE('',*,*,#4012,.T.);
#4012 = EDGE_CURVE('',#3646,#3935,#4013,.T.);
#4013 = LINE('',#4014,#4015);
#4014 = CARTESIAN_POINT('',(0.,-5.45,-10.8));
#4015 = VECTOR('',#4016,1.);
#4016 = DIRECTION('',(1.,0.,0.));
#4017 = ORIENTED_EDGE('',*,*,#3951,.T.);
#4018 = ORIENTED_EDGE('',*,*,#4019,.F.);
#4019 = EDGE_CURVE('',#4020,#3944,#4022,.T.);
#4020 = VERTEX_POINT('',#4021);
#4021 = CARTESIAN_POINT('',(2.800000000001,-5.15,-10.8));
#4022 = LINE('',#4023,#4024);
#4023 = CARTESIAN_POINT('',(0.,-5.15,-10.8));
#4024 = VECTOR('',#4025,1.);
#4025 = DIRECTION('',(1.,0.,0.));
#4026 = ORIENTED_EDGE('',*,*,#4027,.F.);
#4027 = EDGE_CURVE('',#4028,#4020,#4030,.T.);
#4028 = VERTEX_POINT('',#4029);
#4029 = CARTESIAN_POINT('',(2.800000000001,-4.,-10.8));
#4030 = LINE('',#4031,#4032);
#4031 = CARTESIAN_POINT('',(2.800000000001,-4.6,-10.8));
#4032 = VECTOR('',#4033,1.);
#4033 = DIRECTION('',(-0.,-1.,-0.));
#4034 = ORIENTED_EDGE('',*,*,#4035,.F.);
#4035 = EDGE_CURVE('',#3968,#4028,#4036,.T.);
#4036 = LINE('',#4037,#4038);
#4037 = CARTESIAN_POINT('',(2.5,-4.,-10.8));
#4038 = VECTOR('',#4039,1.);
#4039 = DIRECTION('',(1.,0.,0.));
#4040 = ORIENTED_EDGE('',*,*,#3991,.T.);
#4041 = PLANE('',#4042);
#4042 = AXIS2_PLACEMENT_3D('',#4043,#4044,#4045);
#4043 = CARTESIAN_POINT('',(3.05,-5.3,-10.8));
#4044 = DIRECTION('',(0.,0.,1.));
#4045 = DIRECTION('',(1.,0.,-0.));
#4046 = ADVANCED_FACE('',(#4047),#4082,.F.);
#4047 = FACE_BOUND('',#4048,.T.);
#4048 = EDGE_LOOP('',(#4049,#4059,#4067,#4075));
#4049 = ORIENTED_EDGE('',*,*,#4050,.F.);
#4050 = EDGE_CURVE('',#4051,#4053,#4055,.T.);
#4051 = VERTEX_POINT('',#4052);
#4052 = CARTESIAN_POINT('',(3.,-3.,-10.));
#4053 = VERTEX_POINT('',#4054);
#4054 = CARTESIAN_POINT('',(4.461803398875,-3.,-10.));
#4055 = LINE('',#4056,#4057);
#4056 = CARTESIAN_POINT('',(3.75,-3.,-10.));
#4057 = VECTOR('',#4058,1.);
#4058 = DIRECTION('',(1.,0.,0.));
#4059 = ORIENTED_EDGE('',*,*,#4060,.F.);
#4060 = EDGE_CURVE('',#4061,#4051,#4063,.T.);
#4061 = VERTEX_POINT('',#4062);
#4062 = CARTESIAN_POINT('',(3.,-2.95,-10.));
#4063 = LINE('',#4064,#4065);
#4064 = CARTESIAN_POINT('',(3.,-2.8,-10.));
#4065 = VECTOR('',#4066,1.);
#4066 = DIRECTION('',(-0.,-1.,-0.));
#4067 = ORIENTED_EDGE('',*,*,#4068,.T.);
#4068 = EDGE_CURVE('',#4061,#4069,#4071,.T.);
#4069 = VERTEX_POINT('',#4070);
#4070 = CARTESIAN_POINT('',(4.35,-2.95,-10.));
#4071 = LINE('',#4072,#4073);
#4072 = CARTESIAN_POINT('',(0.475,-2.95,-10.));
#4073 = VECTOR('',#4074,1.);
#4074 = DIRECTION('',(1.,0.,0.));
#4075 = ORIENTED_EDGE('',*,*,#4076,.T.);
#4076 = EDGE_CURVE('',#4069,#4053,#4077,.T.);
#4077 = CIRCLE('',#4078,0.15);
#4078 = AXIS2_PLACEMENT_3D('',#4079,#4080,#4081);
#4079 = CARTESIAN_POINT('',(4.35,-3.1,-10.));
#4080 = DIRECTION('',(0.,-0.,-1.));
#4081 = DIRECTION('',(1.,1.734723475977E-14,-0.));
#4082 = PLANE('',#4083);
#4083 = AXIS2_PLACEMENT_3D('',#4084,#4085,#4086);
#4084 = CARTESIAN_POINT('',(3.75,-2.8,-10.));
#4085 = DIRECTION('',(0.,0.,1.));
#4086 = DIRECTION('',(1.,0.,-0.));
#4087 = ADVANCED_FACE('',(#4088),#4114,.F.);
#4088 = FACE_BOUND('',#4089,.F.);
#4089 = EDGE_LOOP('',(#4090,#4098,#4107,#4113));
#4090 = ORIENTED_EDGE('',*,*,#4091,.T.);
#4091 = EDGE_CURVE('',#4053,#4092,#4094,.T.);
#4092 = VERTEX_POINT('',#4093);
#4093 = CARTESIAN_POINT('',(4.461803398875,-3.,-12.));
#4094 = LINE('',#4095,#4096);
#4095 = CARTESIAN_POINT('',(4.461803398875,-3.,-11.));
#4096 = VECTOR('',#4097,1.);
#4097 = DIRECTION('',(-0.,-0.,-1.));
#4098 = ORIENTED_EDGE('',*,*,#4099,.T.);
#4099 = EDGE_CURVE('',#4092,#4100,#4102,.T.);
#4100 = VERTEX_POINT('',#4101);
#4101 = CARTESIAN_POINT('',(4.35,-2.95,-12.));
#4102 = CIRCLE('',#4103,0.15);
#4103 = AXIS2_PLACEMENT_3D('',#4104,#4105,#4106);
#4104 = CARTESIAN_POINT('',(4.35,-3.1,-12.));
#4105 = DIRECTION('',(0.,0.,1.));
#4106 = DIRECTION('',(1.,0.,-0.));
#4107 = ORIENTED_EDGE('',*,*,#4108,.F.);
#4108 = EDGE_CURVE('',#4069,#4100,#4109,.T.);
#4109 = LINE('',#4110,#4111);
#4110 = CARTESIAN_POINT('',(4.35,-2.95,-10.65));
#4111 = VECTOR('',#4112,1.);
#4112 = DIRECTION('',(-0.,-0.,-1.));
#4113 = ORIENTED_EDGE('',*,*,#4076,.T.);
#4114 = CYLINDRICAL_SURFACE('',#4115,0.15);
#4115 = AXIS2_PLACEMENT_3D('',#4116,#4117,#4118);
#4116 = CARTESIAN_POINT('',(4.35,-3.1,-12.04));
#4117 = DIRECTION('',(0.,0.,1.));
#4118 = DIRECTION('',(1.,0.,-0.));
#4119 = ADVANCED_FACE('',(#4120),#4145,.T.);
#4120 = FACE_BOUND('',#4121,.T.);
#4121 = EDGE_LOOP('',(#4122,#4130,#4131,#4139));
#4122 = ORIENTED_EDGE('',*,*,#4123,.F.);
#4123 = EDGE_CURVE('',#2495,#4124,#4126,.T.);
#4124 = VERTEX_POINT('',#4125);
#4125 = CARTESIAN_POINT('',(2.85,-2.65,-9.85));
#4126 = LINE('',#4127,#4128);
#4127 = CARTESIAN_POINT('',(2.85,-2.65,-10.65));
#4128 = VECTOR('',#4129,1.);
#4129 = DIRECTION('',(-0.,-0.,-1.));
#4130 = ORIENTED_EDGE('',*,*,#2494,.T.);
#4131 = ORIENTED_EDGE('',*,*,#4132,.T.);
#4132 = EDGE_CURVE('',#2497,#4133,#4135,.T.);
#4133 = VERTEX_POINT('',#4134);
#4134 = CARTESIAN_POINT('',(2.85,-2.95,-9.85));
#4135 = LINE('',#4136,#4137);
#4136 = CARTESIAN_POINT('',(2.85,-2.95,-10.65));
#4137 = VECTOR('',#4138,1.);
#4138 = DIRECTION('',(-0.,-0.,-1.));
#4139 = ORIENTED_EDGE('',*,*,#4140,.T.);
#4140 = EDGE_CURVE('',#4133,#4124,#4141,.T.);
#4141 = LINE('',#4142,#4143);
#4142 = CARTESIAN_POINT('',(2.85,-2.637387292123,-9.85));
#4143 = VECTOR('',#4144,1.);
#4144 = DIRECTION('',(0.,1.,0.));
#4145 = PLANE('',#4146);
#4146 = AXIS2_PLACEMENT_3D('',#4147,#4148,#4149);
#4147 = CARTESIAN_POINT('',(2.85,-2.8,-9.725));
#4148 = DIRECTION('',(1.,0.,0.));
#4149 = DIRECTION('',(0.,0.,-1.));
#4150 = ADVANCED_FACE('',(#4151),#4169,.T.);
#4151 = FACE_BOUND('',#4152,.T.);
#4152 = EDGE_LOOP('',(#4153,#4154,#4160,#4161,#4162,#4168));
#4153 = ORIENTED_EDGE('',*,*,#2207,.T.);
#4154 = ORIENTED_EDGE('',*,*,#4155,.F.);
#4155 = EDGE_CURVE('',#2110,#2208,#4156,.T.);
#4156 = LINE('',#4157,#4158);
#4157 = CARTESIAN_POINT('',(2.890884651808,-4.9541889066,-8.534757573639
    ));
#4158 = VECTOR('',#4159,1.);
#4159 = DIRECTION('',(-0.,-0.,-1.));
#4160 = ORIENTED_EDGE('',*,*,#2117,.T.);
#4161 = ORIENTED_EDGE('',*,*,#1913,.T.);
#4162 = ORIENTED_EDGE('',*,*,#4163,.T.);
#4163 = EDGE_CURVE('',#1916,#2024,#4164,.T.);
#4164 = LINE('',#4165,#4166);
#4165 = CARTESIAN_POINT('',(2.3,-5.45,-7.55));
#4166 = VECTOR('',#4167,1.);
#4167 = DIRECTION('',(-0.,-0.,-1.));
#4168 = ORIENTED_EDGE('',*,*,#2031,.T.);
#4169 = CYLINDRICAL_SURFACE('',#4170,0.6);
#4170 = AXIS2_PLACEMENT_3D('',#4171,#4172,#4173);
#4171 = CARTESIAN_POINT('',(2.3,-4.85,-6.917617894178));
#4172 = DIRECTION('',(0.,0.,-1.));
#4173 = DIRECTION('',(-1.,0.,0.));
#4174 = ADVANCED_FACE('',(#4175),#4200,.T.);
#4175 = FACE_BOUND('',#4176,.T.);
#4176 = EDGE_LOOP('',(#4177,#4185,#4186,#4194));
#4177 = ORIENTED_EDGE('',*,*,#4178,.T.);
#4178 = EDGE_CURVE('',#4179,#2101,#4181,.T.);
#4179 = VERTEX_POINT('',#4180);
#4180 = CARTESIAN_POINT('',(2.682245941528,-4.409806686131,
    -7.225933034261));
#4181 = LINE('',#4182,#4183);
#4182 = CARTESIAN_POINT('',(2.682245941529,-4.409806686128,
    -7.225933034261));
#4183 = VECTOR('',#4184,1.);
#4184 = DIRECTION('',(-0.171010071662,-0.969846310393,0.173648177666));
#4185 = ORIENTED_EDGE('',*,*,#2109,.T.);
#4186 = ORIENTED_EDGE('',*,*,#4187,.F.);
#4187 = EDGE_CURVE('',#4188,#2110,#4190,.T.);
#4188 = VERTEX_POINT('',#4189);
#4189 = CARTESIAN_POINT('',(2.977688267432,-4.461901139431,
    -7.225933034261));
#4190 = LINE('',#4191,#4192);
#4191 = CARTESIAN_POINT('',(2.977688267432,-4.461901139432,
    -7.225933034261));
#4192 = VECTOR('',#4193,1.);
#4193 = DIRECTION('',(-0.171010071662,-0.969846310393,0.173648177667));
#4194 = ORIENTED_EDGE('',*,*,#4195,.F.);
#4195 = EDGE_CURVE('',#4179,#4188,#4196,.T.);
#4196 = LINE('',#4197,#4198);
#4197 = CARTESIAN_POINT('',(2.665113357313,-4.406785749282,
    -7.225933034261));
#4198 = VECTOR('',#4199,1.);
#4199 = DIRECTION('',(0.984807753012,-0.173648177667,0.));
#4200 = PLANE('',#4201);
#4201 = AXIS2_PLACEMENT_3D('',#4202,#4203,#4204);
#4202 = CARTESIAN_POINT('',(2.786565296668,-4.681997796367,
    -7.181861683604));
#4203 = DIRECTION('',(3.015368960718E-02,0.171010071664,0.984807753012)
  );
#4204 = DIRECTION('',(0.,-0.985255774317,0.171087869747));
#4205 = ADVANCED_FACE('',(#4206),#4242,.F.);
#4206 = FACE_BOUND('',#4207,.T.);
#4207 = EDGE_LOOP('',(#4208,#4217,#4225,#4234,#4240,#4241));
#4208 = ORIENTED_EDGE('',*,*,#4209,.F.);
#4209 = EDGE_CURVE('',#4210,#4179,#4212,.T.);
#4210 = VERTEX_POINT('',#4211);
#4211 = CARTESIAN_POINT('',(2.725294287946,-4.165667381727,
    -7.521375360166));
#4212 = CIRCLE('',#4213,0.300000000001);
#4213 = AXIS2_PLACEMENT_3D('',#4214,#4215,#4216);
#4214 = CARTESIAN_POINT('',(2.673199834646,-4.461109707632,
    -7.521375360165));
#4215 = DIRECTION('',(0.984807753012,-0.173648177667,0.));
#4216 = DIRECTION('',(0.173648177667,0.984807753012,0.));
#4217 = ORIENTED_EDGE('',*,*,#4218,.F.);
#4218 = EDGE_CURVE('',#4219,#4210,#4221,.T.);
#4219 = VERTEX_POINT('',#4220);
#4220 = CARTESIAN_POINT('',(2.725294287946,-4.165667381727,
    -9.548139787113));
#4221 = LINE('',#4222,#4223);
#4222 = CARTESIAN_POINT('',(2.725294287946,-4.165667381727,
    -8.534757573639));
#4223 = VECTOR('',#4224,1.);
#4224 = DIRECTION('',(0.,0.,1.));
#4225 = ORIENTED_EDGE('',*,*,#4226,.F.);
#4226 = EDGE_CURVE('',#4227,#4219,#4229,.T.);
#4227 = VERTEX_POINT('',#4228);
#4228 = CARTESIAN_POINT('',(2.682245941528,-4.409806686133,
    -9.843582113017));
#4229 = CIRCLE('',#4230,0.3);
#4230 = AXIS2_PLACEMENT_3D('',#4231,#4232,#4233);
#4231 = CARTESIAN_POINT('',(2.673199834646,-4.461109707632,
    -9.548139787113));
#4232 = DIRECTION('',(0.984807753012,-0.173648177667,0.));
#4233 = DIRECTION('',(0.173648177667,0.984807753012,0.));
#4234 = ORIENTED_EDGE('',*,*,#4235,.T.);
#4235 = EDGE_CURVE('',#4227,#2176,#4236,.T.);
#4236 = LINE('',#4237,#4238);
#4237 = CARTESIAN_POINT('',(2.682245941528,-4.409806686132,
    -9.843582113017));
#4238 = VECTOR('',#4239,1.);
#4239 = DIRECTION('',(-0.171010071662,-0.969846310393,-0.173648177668));
#4240 = ORIENTED_EDGE('',*,*,#2184,.F.);
#4241 = ORIENTED_EDGE('',*,*,#4178,.F.);
#4242 = PLANE('',#4243);
#4243 = AXIS2_PLACEMENT_3D('',#4244,#4245,#4246);
#4244 = CARTESIAN_POINT('',(2.660368306925,-4.533880917513,
    -8.534757573639));
#4245 = DIRECTION('',(0.984807753012,-0.173648177666,0.));
#4246 = DIRECTION('',(0.173648177666,0.984807753012,0.));
#4247 = ADVANCED_FACE('',(#4248),#4266,.F.);
#4248 = FACE_BOUND('',#4249,.T.);
#4249 = EDGE_LOOP('',(#4250,#4258,#4264,#4265));
#4250 = ORIENTED_EDGE('',*,*,#4251,.F.);
#4251 = EDGE_CURVE('',#4252,#4227,#4254,.T.);
#4252 = VERTEX_POINT('',#4253);
#4253 = CARTESIAN_POINT('',(2.977688267432,-4.461901139433,
    -9.843582113017));
#4254 = LINE('',#4255,#4256);
#4255 = CARTESIAN_POINT('',(2.665113357312,-4.406785749286,
    -9.843582113017));
#4256 = VECTOR('',#4257,1.);
#4257 = DIRECTION('',(-0.984807753012,0.173648177667,0.));
#4258 = ORIENTED_EDGE('',*,*,#4259,.F.);
#4259 = EDGE_CURVE('',#2208,#4252,#4260,.T.);
#4260 = LINE('',#4261,#4262);
#4261 = CARTESIAN_POINT('',(2.890884651808,-4.9541889066,-9.93172481433)
  );
#4262 = VECTOR('',#4263,1.);
#4263 = DIRECTION('',(0.171010071662,0.969846310393,0.173648177667));
#4264 = ORIENTED_EDGE('',*,*,#2218,.F.);
#4265 = ORIENTED_EDGE('',*,*,#4235,.F.);
#4266 = PLANE('',#4267);
#4267 = AXIS2_PLACEMENT_3D('',#4268,#4269,#4270);
#4268 = CARTESIAN_POINT('',(2.786565296668,-4.681997796367,
    -9.887653463674));
#4269 = DIRECTION('',(-3.01536896071E-02,-0.171010071664,0.984807753012)
  );
#4270 = DIRECTION('',(8.673617379884E-19,-0.985255774317,-0.171087869747
    ));
#4271 = ADVANCED_FACE('',(#4272),#4324,.T.);
#4272 = FACE_BOUND('',#4273,.T.);
#4273 = EDGE_LOOP('',(#4274,#4284,#4293,#4301,#4310,#4318));
#4274 = ORIENTED_EDGE('',*,*,#4275,.F.);
#4275 = EDGE_CURVE('',#4276,#4278,#4280,.T.);
#4276 = VERTEX_POINT('',#4277);
#4277 = CARTESIAN_POINT('',(5.85,-6.2,-10.25));
#4278 = VERTEX_POINT('',#4279);
#4279 = CARTESIAN_POINT('',(4.95,-6.2,-10.25));
#4280 = LINE('',#4281,#4282);
#4281 = CARTESIAN_POINT('',(5.325,-6.2,-10.25));
#4282 = VECTOR('',#4283,1.);
#4283 = DIRECTION('',(-1.,-0.,-0.));
#4284 = ORIENTED_EDGE('',*,*,#4285,.F.);
#4285 = EDGE_CURVE('',#4286,#4276,#4288,.T.);
#4286 = VERTEX_POINT('',#4287);
#4287 = CARTESIAN_POINT('',(6.15,-6.2,-10.55));
#4288 = CIRCLE('',#4289,0.3);
#4289 = AXIS2_PLACEMENT_3D('',#4290,#4291,#4292);
#4290 = CARTESIAN_POINT('',(5.85,-6.2,-10.55));
#4291 = DIRECTION('',(0.,-1.,0.));
#4292 = DIRECTION('',(0.,0.,-1.));
#4293 = ORIENTED_EDGE('',*,*,#4294,.F.);
#4294 = EDGE_CURVE('',#4295,#4286,#4297,.T.);
#4295 = VERTEX_POINT('',#4296);
#4296 = CARTESIAN_POINT('',(6.15,-6.2,-11.45));
#4297 = LINE('',#4298,#4299);
#4298 = CARTESIAN_POINT('',(6.15,-6.2,-11.45));
#4299 = VECTOR('',#4300,1.);
#4300 = DIRECTION('',(0.,0.,1.));
#4301 = ORIENTED_EDGE('',*,*,#4302,.F.);
#4302 = EDGE_CURVE('',#4303,#4295,#4305,.T.);
#4303 = VERTEX_POINT('',#4304);
#4304 = CARTESIAN_POINT('',(5.85,-6.2,-11.75));
#4305 = CIRCLE('',#4306,0.3);
#4306 = AXIS2_PLACEMENT_3D('',#4307,#4308,#4309);
#4307 = CARTESIAN_POINT('',(5.85,-6.2,-11.45));
#4308 = DIRECTION('',(0.,-1.,0.));
#4309 = DIRECTION('',(0.,0.,-1.));
#4310 = ORIENTED_EDGE('',*,*,#4311,.T.);
#4311 = EDGE_CURVE('',#4303,#4312,#4314,.T.);
#4312 = VERTEX_POINT('',#4313);
#4313 = CARTESIAN_POINT('',(4.95,-6.2,-11.75));
#4314 = LINE('',#4315,#4316);
#4315 = CARTESIAN_POINT('',(5.325,-6.2,-11.75));
#4316 = VECTOR('',#4317,1.);
#4317 = DIRECTION('',(-1.,-0.,-0.));
#4318 = ORIENTED_EDGE('',*,*,#4319,.T.);
#4319 = EDGE_CURVE('',#4312,#4278,#4320,.T.);
#4320 = LINE('',#4321,#4322);
#4321 = CARTESIAN_POINT('',(4.95,-6.2,-10.22));
#4322 = VECTOR('',#4323,1.);
#4323 = DIRECTION('',(0.,0.,1.));
#4324 = PLANE('',#4325);
#4325 = AXIS2_PLACEMENT_3D('',#4326,#4327,#4328);
#4326 = CARTESIAN_POINT('',(5.475,-6.2,-11.));
#4327 = DIRECTION('',(0.,1.,0.));
#4328 = DIRECTION('',(0.,-0.,1.));
#4329 = ADVANCED_FACE('',(#4330),#4334,.F.);
#4330 = FACE_BOUND('',#4331,.T.);
#4331 = EDGE_LOOP('',(#4332,#4333));
#4332 = ORIENTED_EDGE('',*,*,#63,.F.);
#4333 = ORIENTED_EDGE('',*,*,#1021,.F.);
#4334 = PLANE('',#4335);
#4335 = AXIS2_PLACEMENT_3D('',#4336,#4337,#4338);
#4336 = CARTESIAN_POINT('',(0.,0.,-14.32472232503));
#4337 = DIRECTION('',(0.,0.,1.));
#4338 = DIRECTION('',(1.,0.,-0.));
#4339 = ADVANCED_FACE('',(#4340),#4392,.T.);
#4340 = FACE_BOUND('',#4341,.T.);
#4341 = EDGE_LOOP('',(#4342,#4352,#4361,#4369,#4378,#4386));
#4342 = ORIENTED_EDGE('',*,*,#4343,.T.);
#4343 = EDGE_CURVE('',#4344,#4346,#4348,.T.);
#4344 = VERTEX_POINT('',#4345);
#4345 = CARTESIAN_POINT('',(-5.1,-6.1,-11.75));
#4346 = VERTEX_POINT('',#4347);
#4347 = CARTESIAN_POINT('',(-6.25,-6.1,-11.75));
#4348 = LINE('',#4349,#4350);
#4349 = CARTESIAN_POINT('',(-5.6,-6.1,-11.75));
#4350 = VECTOR('',#4351,1.);
#4351 = DIRECTION('',(-1.,-0.,-0.));
#4352 = ORIENTED_EDGE('',*,*,#4353,.F.);
#4353 = EDGE_CURVE('',#4354,#4346,#4356,.T.);
#4354 = VERTEX_POINT('',#4355);
#4355 = CARTESIAN_POINT('',(-6.45,-6.1,-11.55));
#4356 = CIRCLE('',#4357,0.2);
#4357 = AXIS2_PLACEMENT_3D('',#4358,#4359,#4360);
#4358 = CARTESIAN_POINT('',(-6.25,-6.1,-11.55));
#4359 = DIRECTION('',(0.,-1.,0.));
#4360 = DIRECTION('',(0.,0.,1.));
#4361 = ORIENTED_EDGE('',*,*,#4362,.F.);
#4362 = EDGE_CURVE('',#4363,#4354,#4365,.T.);
#4363 = VERTEX_POINT('',#4364);
#4364 = CARTESIAN_POINT('',(-6.45,-6.1,-10.45));
#4365 = LINE('',#4366,#4367);
#4366 = CARTESIAN_POINT('',(-6.45,-6.1,-11.55));
#4367 = VECTOR('',#4368,1.);
#4368 = DIRECTION('',(-0.,-0.,-1.));
#4369 = ORIENTED_EDGE('',*,*,#4370,.F.);
#4370 = EDGE_CURVE('',#4371,#4363,#4373,.T.);
#4371 = VERTEX_POINT('',#4372);
#4372 = CARTESIAN_POINT('',(-6.25,-6.1,-10.25));
#4373 = CIRCLE('',#4374,0.2);
#4374 = AXIS2_PLACEMENT_3D('',#4375,#4376,#4377);
#4375 = CARTESIAN_POINT('',(-6.25,-6.1,-10.45));
#4376 = DIRECTION('',(0.,-1.,0.));
#4377 = DIRECTION('',(0.,0.,1.));
#4378 = ORIENTED_EDGE('',*,*,#4379,.F.);
#4379 = EDGE_CURVE('',#4380,#4371,#4382,.T.);
#4380 = VERTEX_POINT('',#4381);
#4381 = CARTESIAN_POINT('',(-5.1,-6.1,-10.25));
#4382 = LINE('',#4383,#4384);
#4383 = CARTESIAN_POINT('',(-5.6,-6.1,-10.25));
#4384 = VECTOR('',#4385,1.);
#4385 = DIRECTION('',(-1.,-0.,-0.));
#4386 = ORIENTED_EDGE('',*,*,#4387,.T.);
#4387 = EDGE_CURVE('',#4380,#4344,#4388,.T.);
#4388 = LINE('',#4389,#4390);
#4389 = CARTESIAN_POINT('',(-5.1,-6.1,-11.78));
#4390 = VECTOR('',#4391,1.);
#4391 = DIRECTION('',(-0.,-0.,-1.));
#4392 = PLANE('',#4393);
#4393 = AXIS2_PLACEMENT_3D('',#4394,#4395,#4396);
#4394 = CARTESIAN_POINT('',(-5.7,-6.1,-11.));
#4395 = DIRECTION('',(0.,1.,0.));
#4396 = DIRECTION('',(0.,-0.,1.));
#4397 = ADVANCED_FACE('',(#4398),#4450,.T.);
#4398 = FACE_BOUND('',#4399,.T.);
#4399 = EDGE_LOOP('',(#4400,#4410,#4419,#4427,#4436,#4444));
#4400 = ORIENTED_EDGE('',*,*,#4401,.T.);
#4401 = EDGE_CURVE('',#4402,#4404,#4406,.T.);
#4402 = VERTEX_POINT('',#4403);
#4403 = CARTESIAN_POINT('',(-5.1,-6.1,-5.75));
#4404 = VERTEX_POINT('',#4405);
#4405 = CARTESIAN_POINT('',(-6.25,-6.1,-5.75));
#4406 = LINE('',#4407,#4408);
#4407 = CARTESIAN_POINT('',(-5.6,-6.1,-5.75));
#4408 = VECTOR('',#4409,1.);
#4409 = DIRECTION('',(-1.,-0.,-0.));
#4410 = ORIENTED_EDGE('',*,*,#4411,.F.);
#4411 = EDGE_CURVE('',#4412,#4404,#4414,.T.);
#4412 = VERTEX_POINT('',#4413);
#4413 = CARTESIAN_POINT('',(-6.45,-6.1,-5.55));
#4414 = CIRCLE('',#4415,0.2);
#4415 = AXIS2_PLACEMENT_3D('',#4416,#4417,#4418);
#4416 = CARTESIAN_POINT('',(-6.25,-6.1,-5.55));
#4417 = DIRECTION('',(0.,-1.,0.));
#4418 = DIRECTION('',(0.,0.,1.));
#4419 = ORIENTED_EDGE('',*,*,#4420,.F.);
#4420 = EDGE_CURVE('',#4421,#4412,#4423,.T.);
#4421 = VERTEX_POINT('',#4422);
#4422 = CARTESIAN_POINT('',(-6.45,-6.1,-4.45));
#4423 = LINE('',#4424,#4425);
#4424 = CARTESIAN_POINT('',(-6.45,-6.1,-5.55));
#4425 = VECTOR('',#4426,1.);
#4426 = DIRECTION('',(-0.,-0.,-1.));
#4427 = ORIENTED_EDGE('',*,*,#4428,.F.);
#4428 = EDGE_CURVE('',#4429,#4421,#4431,.T.);
#4429 = VERTEX_POINT('',#4430);
#4430 = CARTESIAN_POINT('',(-6.25,-6.1,-4.25));
#4431 = CIRCLE('',#4432,0.2);
#4432 = AXIS2_PLACEMENT_3D('',#4433,#4434,#4435);
#4433 = CARTESIAN_POINT('',(-6.25,-6.1,-4.45));
#4434 = DIRECTION('',(0.,-1.,0.));
#4435 = DIRECTION('',(0.,0.,1.));
#4436 = ORIENTED_EDGE('',*,*,#4437,.F.);
#4437 = EDGE_CURVE('',#4438,#4429,#4440,.T.);
#4438 = VERTEX_POINT('',#4439);
#4439 = CARTESIAN_POINT('',(-5.1,-6.1,-4.25));
#4440 = LINE('',#4441,#4442);
#4441 = CARTESIAN_POINT('',(-5.6,-6.1,-4.25));
#4442 = VECTOR('',#4443,1.);
#4443 = DIRECTION('',(-1.,-0.,-0.));
#4444 = ORIENTED_EDGE('',*,*,#4445,.T.);
#4445 = EDGE_CURVE('',#4438,#4402,#4446,.T.);
#4446 = LINE('',#4447,#4448);
#4447 = CARTESIAN_POINT('',(-5.1,-6.1,-5.78));
#4448 = VECTOR('',#4449,1.);
#4449 = DIRECTION('',(-0.,-0.,-1.));
#4450 = PLANE('',#4451);
#4451 = AXIS2_PLACEMENT_3D('',#4452,#4453,#4454);
#4452 = CARTESIAN_POINT('',(-5.7,-6.1,-5.));
#4453 = DIRECTION('',(0.,1.,0.));
#4454 = DIRECTION('',(0.,-0.,1.));
#4455 = ADVANCED_FACE('',(#4456),#4470,.F.);
#4456 = FACE_BOUND('',#4457,.F.);
#4457 = EDGE_LOOP('',(#4458,#4459,#4460,#4461));
#4458 = ORIENTED_EDGE('',*,*,#2625,.T.);
#4459 = ORIENTED_EDGE('',*,*,#2282,.T.);
#4460 = ORIENTED_EDGE('',*,*,#3002,.T.);
#4461 = ORIENTED_EDGE('',*,*,#4462,.T.);
#4462 = EDGE_CURVE('',#2977,#2618,#4463,.T.);
#4463 = B_SPLINE_CURVE_WITH_KNOTS('',3,(#4464,#4465,#4466,#4467,#4468,
    #4469),.UNSPECIFIED.,.F.,.F.,(4,2,4),(0.,0.5,1.),.UNSPECIFIED.);
#4464 = CARTESIAN_POINT('',(1.532172471247,-2.184402122663,
    -9.86050889794));
#4465 = CARTESIAN_POINT('',(1.525215817878,-2.154189100692,
    -9.918035968734));
#4466 = CARTESIAN_POINT('',(1.518259164508,-2.143384328099,
    -9.985542465103));
#4467 = CARTESIAN_POINT('',(1.504345857769,-2.16488163378,
    -10.11370887307));
#4468 = CARTESIAN_POINT('',(1.4973892044,-2.197121113304,-10.17399557245
    ));
#4469 = CARTESIAN_POINT('',(1.490432551031,-2.244450603672,
    -10.21851646544));
#4470 = CYLINDRICAL_SURFACE('',#4471,0.3);
#4471 = AXIS2_PLACEMENT_3D('',#4472,#4473,#4474);
#4472 = CARTESIAN_POINT('',(-1.593459370097,-2.45,-10.));
#4473 = DIRECTION('',(1.,0.,0.));
#4474 = DIRECTION('',(0.,0.,-1.));
#4475 = ADVANCED_FACE('',(#4476),#4492,.T.);
#4476 = FACE_BOUND('',#4477,.T.);
#4477 = EDGE_LOOP('',(#4478,#4479,#4485,#4486));
#4478 = ORIENTED_EDGE('',*,*,#2617,.T.);
#4479 = ORIENTED_EDGE('',*,*,#4480,.F.);
#4480 = EDGE_CURVE('',#2570,#2610,#4481,.T.);
#4481 = LINE('',#4482,#4483);
#4482 = CARTESIAN_POINT('',(1.422298775895,-2.65,-11.01186827646));
#4483 = VECTOR('',#4484,1.);
#4484 = DIRECTION('',(5.555685017276E-02,0.,0.998455525499));
#4485 = ORIENTED_EDGE('',*,*,#2569,.T.);
#4486 = ORIENTED_EDGE('',*,*,#4487,.F.);
#4487 = EDGE_CURVE('',#2618,#2562,#4488,.T.);
#4488 = LINE('',#4489,#4490);
#4489 = CARTESIAN_POINT('',(1.49043255103,-2.141671829479,
    -10.32777903132));
#4490 = VECTOR('',#4491,1.);
#4491 = DIRECTION('',(0.,0.685164654433,-0.728388218134));
#4492 = PLANE('',#4493);
#4493 = AXIS2_PLACEMENT_3D('',#4494,#4495,#4496);
#4494 = CARTESIAN_POINT('',(1.456411866154,-2.446810905179,
    -10.61480256517));
#4495 = DIRECTION('',(0.996718622801,-5.895890711028E-02,
    -5.5460204063E-02));
#4496 = DIRECTION('',(5.904979073379E-02,0.998255038662,0.));
#4497 = ADVANCED_FACE('',(#4498),#4523,.F.);
#4498 = FACE_BOUND('',#4499,.T.);
#4499 = EDGE_LOOP('',(#4500,#4508,#4509,#4517));
#4500 = ORIENTED_EDGE('',*,*,#4501,.F.);
#4501 = EDGE_CURVE('',#2546,#4502,#4504,.T.);
#4502 = VERTEX_POINT('',#4503);
#4503 = CARTESIAN_POINT('',(1.,-2.5,-12.));
#4504 = LINE('',#4505,#4506);
#4505 = CARTESIAN_POINT('',(1.,-2.5,-10.75));
#4506 = VECTOR('',#4507,1.);
#4507 = DIRECTION('',(0.,0.,-1.));
#4508 = ORIENTED_EDGE('',*,*,#2545,.F.);
#4509 = ORIENTED_EDGE('',*,*,#4510,.F.);
#4510 = EDGE_CURVE('',#4511,#2538,#4513,.T.);
#4511 = VERTEX_POINT('',#4512);
#4512 = CARTESIAN_POINT('',(-1.,-2.5,-12.));
#4513 = LINE('',#4514,#4515);
#4514 = CARTESIAN_POINT('',(-1.,-2.5,-10.75));
#4515 = VECTOR('',#4516,1.);
#4516 = DIRECTION('',(0.,0.,1.));
#4517 = ORIENTED_EDGE('',*,*,#4518,.F.);
#4518 = EDGE_CURVE('',#4502,#4511,#4519,.T.);
#4519 = LINE('',#4520,#4521);
#4520 = CARTESIAN_POINT('',(0.,-2.5,-12.));
#4521 = VECTOR('',#4522,1.);
#4522 = DIRECTION('',(-1.,-0.,-0.));
#4523 = PLANE('',#4524);
#4524 = AXIS2_PLACEMENT_3D('',#4525,#4526,#4527);
#4525 = CARTESIAN_POINT('',(0.,-2.5,-10.75));
#4526 = DIRECTION('',(0.,1.,0.));
#4527 = DIRECTION('',(0.,-0.,1.));
#4528 = ADVANCED_FACE('',(#4529),#4554,.T.);
#4529 = FACE_BOUND('',#4530,.T.);
#4530 = EDGE_LOOP('',(#4531,#4532,#4540,#4548));
#4531 = ORIENTED_EDGE('',*,*,#2777,.T.);
#4532 = ORIENTED_EDGE('',*,*,#4533,.F.);
#4533 = EDGE_CURVE('',#4534,#2770,#4536,.T.);
#4534 = VERTEX_POINT('',#4535);
#4535 = CARTESIAN_POINT('',(-2.,-5.15,-12.));
#4536 = LINE('',#4537,#4538);
#4537 = CARTESIAN_POINT('',(-2.,-5.15,-7.55));
#4538 = VECTOR('',#4539,1.);
#4539 = DIRECTION('',(0.,0.,1.));
#4540 = ORIENTED_EDGE('',*,*,#4541,.F.);
#4541 = EDGE_CURVE('',#4542,#4534,#4544,.T.);
#4542 = VERTEX_POINT('',#4543);
#4543 = CARTESIAN_POINT('',(-2.,-4.,-12.));
#4544 = LINE('',#4545,#4546);
#4545 = CARTESIAN_POINT('',(-2.,-1.298147720928,-12.));
#4546 = VECTOR('',#4547,1.);
#4547 = DIRECTION('',(-0.,-1.,-0.));
#4548 = ORIENTED_EDGE('',*,*,#4549,.F.);
#4549 = EDGE_CURVE('',#2778,#4542,#4550,.T.);
#4550 = LINE('',#4551,#4552);
#4551 = CARTESIAN_POINT('',(-2.,-4.,-11.4));
#4552 = VECTOR('',#4553,1.);
#4553 = DIRECTION('',(-0.,-0.,-1.));
#4554 = PLANE('',#4555);
#4555 = AXIS2_PLACEMENT_3D('',#4556,#4557,#4558);
#4556 = CARTESIAN_POINT('',(-2.,-4.6,-11.5));
#4557 = DIRECTION('',(1.,0.,0.));
#4558 = DIRECTION('',(0.,0.,-1.));
#4559 = ADVANCED_FACE('',(#4560),#4585,.F.);
#4560 = FACE_BOUND('',#4561,.T.);
#4561 = EDGE_LOOP('',(#4562,#4563,#4571,#4579));
#4562 = ORIENTED_EDGE('',*,*,#3181,.F.);
#4563 = ORIENTED_EDGE('',*,*,#4564,.T.);
#4564 = EDGE_CURVE('',#3174,#4565,#4567,.T.);
#4565 = VERTEX_POINT('',#4566);
#4566 = CARTESIAN_POINT('',(1.75,-5.1,-12.));
#4567 = LINE('',#4568,#4569);
#4568 = CARTESIAN_POINT('',(1.75,-5.1,-12.275));
#4569 = VECTOR('',#4570,1.);
#4570 = DIRECTION('',(0.,0.,1.));
#4571 = ORIENTED_EDGE('',*,*,#4572,.F.);
#4572 = EDGE_CURVE('',#4573,#4565,#4575,.T.);
#4573 = VERTEX_POINT('',#4574);
#4574 = CARTESIAN_POINT('',(-1.75,-5.1,-12.));
#4575 = LINE('',#4576,#4577);
#4576 = CARTESIAN_POINT('',(0.,-5.1,-12.));
#4577 = VECTOR('',#4578,1.);
#4578 = DIRECTION('',(1.,0.,0.));
#4579 = ORIENTED_EDGE('',*,*,#4580,.F.);
#4580 = EDGE_CURVE('',#3182,#4573,#4581,.T.);
#4581 = LINE('',#4582,#4583);
#4582 = CARTESIAN_POINT('',(-1.75,-5.1,-12.275));
#4583 = VECTOR('',#4584,1.);
#4584 = DIRECTION('',(0.,0.,1.));
#4585 = PLANE('',#4586);
#4586 = AXIS2_PLACEMENT_3D('',#4587,#4588,#4589);
#4587 = CARTESIAN_POINT('',(0.,-5.1,-12.275));
#4588 = DIRECTION('',(0.,1.,0.));
#4589 = DIRECTION('',(0.,-0.,1.));
#4590 = ADVANCED_FACE('',(#4591),#4604,.F.);
#4591 = FACE_BOUND('',#4592,.T.);
#4592 = EDGE_LOOP('',(#4593,#4594,#4595,#4596,#4597,#4598));
#4593 = ORIENTED_EDGE('',*,*,#4564,.F.);
#4594 = ORIENTED_EDGE('',*,*,#3173,.F.);
#4595 = ORIENTED_EDGE('',*,*,#1826,.T.);
#4596 = ORIENTED_EDGE('',*,*,#3733,.F.);
#4597 = ORIENTED_EDGE('',*,*,#3748,.F.);
#4598 = ORIENTED_EDGE('',*,*,#4599,.F.);
#4599 = EDGE_CURVE('',#4565,#3749,#4600,.T.);
#4600 = LINE('',#4601,#4602);
#4601 = CARTESIAN_POINT('',(1.75,-1.298147720928,-12.));
#4602 = VECTOR('',#4603,1.);
#4603 = DIRECTION('',(-0.,-1.,-0.));
#4604 = PLANE('',#4605);
#4605 = AXIS2_PLACEMENT_3D('',#4606,#4607,#4608);
#4606 = CARTESIAN_POINT('',(1.75,-5.2875,-12.275));
#4607 = DIRECTION('',(1.,0.,0.));
#4608 = DIRECTION('',(0.,0.,-1.));
#4609 = ADVANCED_FACE('',(#4610),#4635,.F.);
#4610 = FACE_BOUND('',#4611,.T.);
#4611 = EDGE_LOOP('',(#4612,#4620,#4628,#4634));
#4612 = ORIENTED_EDGE('',*,*,#4613,.F.);
#4613 = EDGE_CURVE('',#4614,#3966,#4616,.T.);
#4614 = VERTEX_POINT('',#4615);
#4615 = CARTESIAN_POINT('',(2.,-4.,-12.));
#4616 = LINE('',#4617,#4618);
#4617 = CARTESIAN_POINT('',(2.,-4.,-11.4));
#4618 = VECTOR('',#4619,1.);
#4619 = DIRECTION('',(0.,0.,1.));
#4620 = ORIENTED_EDGE('',*,*,#4621,.F.);
#4621 = EDGE_CURVE('',#4622,#4614,#4624,.T.);
#4622 = VERTEX_POINT('',#4623);
#4623 = CARTESIAN_POINT('',(2.,-5.15,-12.));
#4624 = LINE('',#4625,#4626);
#4625 = CARTESIAN_POINT('',(2.,-1.298147720928,-12.));
#4626 = VECTOR('',#4627,1.);
#4627 = DIRECTION('',(0.,1.,0.));
#4628 = ORIENTED_EDGE('',*,*,#4629,.F.);
#4629 = EDGE_CURVE('',#3976,#4622,#4630,.T.);
#4630 = LINE('',#4631,#4632);
#4631 = CARTESIAN_POINT('',(2.,-5.15,-7.55));
#4632 = VECTOR('',#4633,1.);
#4633 = DIRECTION('',(-0.,-0.,-1.));
#4634 = ORIENTED_EDGE('',*,*,#3975,.F.);
#4635 = PLANE('',#4636);
#4636 = AXIS2_PLACEMENT_3D('',#4637,#4638,#4639);
#4637 = CARTESIAN_POINT('',(2.,-4.6,-11.5));
#4638 = DIRECTION('',(1.,0.,0.));
#4639 = DIRECTION('',(0.,0.,-1.));
#4640 = ADVANCED_FACE('',(#4641,#4647),#4675,.F.);
#4641 = FACE_BOUND('',#4642,.T.);
#4642 = EDGE_LOOP('',(#4643,#4644,#4645,#4646));
#4643 = ORIENTED_EDGE('',*,*,#2375,.F.);
#4644 = ORIENTED_EDGE('',*,*,#2350,.F.);
#4645 = ORIENTED_EDGE('',*,*,#2318,.F.);
#4646 = ORIENTED_EDGE('',*,*,#2398,.F.);
#4647 = FACE_BOUND('',#4648,.T.);
#4648 = EDGE_LOOP('',(#4649,#4650,#4651,#4658,#4659,#4660,#4661,#4667,
    #4668,#4669));
#4649 = ORIENTED_EDGE('',*,*,#4108,.F.);
#4650 = ORIENTED_EDGE('',*,*,#4068,.F.);
#4651 = ORIENTED_EDGE('',*,*,#4652,.T.);
#4652 = EDGE_CURVE('',#4061,#4133,#4653,.T.);
#4653 = CIRCLE('',#4654,0.15);
#4654 = AXIS2_PLACEMENT_3D('',#4655,#4656,#4657);
#4655 = CARTESIAN_POINT('',(3.,-2.95,-9.85));
#4656 = DIRECTION('',(0.,1.,0.));
#4657 = DIRECTION('',(0.,0.,-1.));
#4658 = ORIENTED_EDGE('',*,*,#4132,.F.);
#4659 = ORIENTED_EDGE('',*,*,#2512,.F.);
#4660 = ORIENTED_EDGE('',*,*,#2472,.F.);
#4661 = ORIENTED_EDGE('',*,*,#4662,.T.);
#4662 = EDGE_CURVE('',#2465,#2656,#4663,.T.);
#4663 = LINE('',#4664,#4665);
#4664 = CARTESIAN_POINT('',(-3.25,-2.95,-9.3));
#4665 = VECTOR('',#4666,1.);
#4666 = DIRECTION('',(-1.,-0.,-0.));
#4667 = ORIENTED_EDGE('',*,*,#2655,.F.);
#4668 = ORIENTED_EDGE('',*,*,#2440,.F.);
#4669 = ORIENTED_EDGE('',*,*,#4670,.F.);
#4670 = EDGE_CURVE('',#4100,#2433,#4671,.T.);
#4671 = LINE('',#4672,#4673);
#4672 = CARTESIAN_POINT('',(0.,-2.95,-12.));
#4673 = VECTOR('',#4674,1.);
#4674 = DIRECTION('',(-1.,-0.,-0.));
#4675 = PLANE('',#4676);
#4676 = AXIS2_PLACEMENT_3D('',#4677,#4678,#4679);
#4677 = CARTESIAN_POINT('',(0.475,-2.95,-10.65));
#4678 = DIRECTION('',(0.,1.,0.));
#4679 = DIRECTION('',(0.,-0.,1.));
#4680 = ADVANCED_FACE('',(#4681,#4692),#4736,.T.);
#4681 = FACE_BOUND('',#4682,.T.);
#4682 = EDGE_LOOP('',(#4683,#4684,#4685,#4691));
#4683 = ORIENTED_EDGE('',*,*,#4480,.T.);
#4684 = ORIENTED_EDGE('',*,*,#2609,.T.);
#4685 = ORIENTED_EDGE('',*,*,#4686,.T.);
#4686 = EDGE_CURVE('',#2602,#2578,#4687,.T.);
#4687 = LINE('',#4688,#4689);
#4688 = CARTESIAN_POINT('',(-1.445216275516,-2.65,-10.6));
#4689 = VECTOR('',#4690,1.);
#4690 = DIRECTION('',(5.555685017341E-02,3.784801852717E-14,
    -0.998455525499));
#4691 = ORIENTED_EDGE('',*,*,#2577,.T.);
#4692 = FACE_BOUND('',#4693,.T.);
#4693 = EDGE_LOOP('',(#4694,#4704,#4712,#4718,#4719,#4720,#4726,#4727,
    #4728,#4729));
#4694 = ORIENTED_EDGE('',*,*,#4695,.T.);
#4695 = EDGE_CURVE('',#4696,#4698,#4700,.T.);
#4696 = VERTEX_POINT('',#4697);
#4697 = CARTESIAN_POINT('',(3.,-2.65,-10.));
#4698 = VERTEX_POINT('',#4699);
#4699 = CARTESIAN_POINT('',(4.35,-2.65,-10.));
#4700 = LINE('',#4701,#4702);
#4701 = CARTESIAN_POINT('',(0.475,-2.65,-10.));
#4702 = VECTOR('',#4703,1.);
#4703 = DIRECTION('',(1.,0.,0.));
#4704 = ORIENTED_EDGE('',*,*,#4705,.F.);
#4705 = EDGE_CURVE('',#4706,#4698,#4708,.T.);
#4706 = VERTEX_POINT('',#4707);
#4707 = CARTESIAN_POINT('',(4.35,-2.65,-12.));
#4708 = LINE('',#4709,#4710);
#4709 = CARTESIAN_POINT('',(4.35,-2.65,-12.04));
#4710 = VECTOR('',#4711,1.);
#4711 = DIRECTION('',(0.,0.,1.));
#4712 = ORIENTED_EDGE('',*,*,#4713,.F.);
#4713 = EDGE_CURVE('',#2425,#4706,#4714,.T.);
#4714 = LINE('',#4715,#4716);
#4715 = CARTESIAN_POINT('',(0.,-2.65,-12.));
#4716 = VECTOR('',#4717,1.);
#4717 = DIRECTION('',(1.,0.,0.));
#4718 = ORIENTED_EDGE('',*,*,#2424,.T.);
#4719 = ORIENTED_EDGE('',*,*,#2672,.T.);
#4720 = ORIENTED_EDGE('',*,*,#4721,.T.);
#4721 = EDGE_CURVE('',#2665,#2455,#4722,.T.);
#4722 = LINE('',#4723,#4724);
#4723 = CARTESIAN_POINT('',(-3.25,-2.65,-9.3));
#4724 = VECTOR('',#4725,1.);
#4725 = DIRECTION('',(1.,0.,0.));
#4726 = ORIENTED_EDGE('',*,*,#2454,.T.);
#4727 = ORIENTED_EDGE('',*,*,#2504,.T.);
#4728 = ORIENTED_EDGE('',*,*,#4123,.T.);
#4729 = ORIENTED_EDGE('',*,*,#4730,.T.);
#4730 = EDGE_CURVE('',#4124,#4696,#4731,.T.);
#4731 = CIRCLE('',#4732,0.15);
#4732 = AXIS2_PLACEMENT_3D('',#4733,#4734,#4735);
#4733 = CARTESIAN_POINT('',(3.,-2.65,-9.85));
#4734 = DIRECTION('',(0.,-1.,0.));
#4735 = DIRECTION('',(0.,0.,-1.));
#4736 = PLANE('',#4737);
#4737 = AXIS2_PLACEMENT_3D('',#4738,#4739,#4740);
#4738 = CARTESIAN_POINT('',(0.475,-2.65,-10.65));
#4739 = DIRECTION('',(0.,1.,0.));
#4740 = DIRECTION('',(0.,-0.,1.));
#4741 = ADVANCED_FACE('',(#4742),#4767,.T.);
#4742 = FACE_BOUND('',#4743,.T.);
#4743 = EDGE_LOOP('',(#4744,#4754,#4760,#4761));
#4744 = ORIENTED_EDGE('',*,*,#4745,.F.);
#4745 = EDGE_CURVE('',#4746,#4748,#4750,.T.);
#4746 = VERTEX_POINT('',#4747);
#4747 = CARTESIAN_POINT('',(-3.,-3.,-12.));
#4748 = VERTEX_POINT('',#4749);
#4749 = CARTESIAN_POINT('',(-3.,-3.,-9.3));
#4750 = LINE('',#4751,#4752);
#4751 = CARTESIAN_POINT('',(-3.,-3.,-6.5));
#4752 = VECTOR('',#4753,1.);
#4753 = DIRECTION('',(0.,0.,1.));
#4754 = ORIENTED_EDGE('',*,*,#4755,.F.);
#4755 = EDGE_CURVE('',#2689,#4746,#4756,.T.);
#4756 = LINE('',#4757,#4758);
#4757 = CARTESIAN_POINT('',(0.,-3.,-12.));
#4758 = VECTOR('',#4759,1.);
#4759 = DIRECTION('',(1.,0.,0.));
#4760 = ORIENTED_EDGE('',*,*,#2688,.T.);
#4761 = ORIENTED_EDGE('',*,*,#4762,.T.);
#4762 = EDGE_CURVE('',#2691,#4748,#4763,.T.);
#4763 = LINE('',#4764,#4765);
#4764 = CARTESIAN_POINT('',(-3.25,-3.,-9.3));
#4765 = VECTOR('',#4766,1.);
#4766 = DIRECTION('',(1.,0.,0.));
#4767 = PLANE('',#4768);
#4768 = AXIS2_PLACEMENT_3D('',#4769,#4770,#4771);
#4769 = CARTESIAN_POINT('',(-3.25,-3.,-10.65));
#4770 = DIRECTION('',(0.,1.,0.));
#4771 = DIRECTION('',(0.,-0.,1.));
#4772 = ADVANCED_FACE('',(#4773),#4800,.F.);
#4773 = FACE_BOUND('',#4774,.T.);
#4774 = EDGE_LOOP('',(#4775,#4776,#4782,#4783,#4784,#4792,#4798,#4799));
#4775 = ORIENTED_EDGE('',*,*,#4662,.F.);
#4776 = ORIENTED_EDGE('',*,*,#4777,.F.);
#4777 = EDGE_CURVE('',#4748,#2465,#4778,.T.);
#4778 = LINE('',#4779,#4780);
#4779 = CARTESIAN_POINT('',(-3.,-3.7,-9.3));
#4780 = VECTOR('',#4781,1.);
#4781 = DIRECTION('',(0.,1.,0.));
#4782 = ORIENTED_EDGE('',*,*,#4762,.F.);
#4783 = ORIENTED_EDGE('',*,*,#2714,.F.);
#4784 = ORIENTED_EDGE('',*,*,#4785,.T.);
#4785 = EDGE_CURVE('',#2707,#4786,#4788,.T.);
#4786 = VERTEX_POINT('',#4787);
#4787 = CARTESIAN_POINT('',(-3.,-2.6,-9.3));
#4788 = LINE('',#4789,#4790);
#4789 = CARTESIAN_POINT('',(-3.25,-2.6,-9.3));
#4790 = VECTOR('',#4791,1.);
#4791 = DIRECTION('',(1.,0.,0.));
#4792 = ORIENTED_EDGE('',*,*,#4793,.F.);
#4793 = EDGE_CURVE('',#2455,#4786,#4794,.T.);
#4794 = LINE('',#4795,#4796);
#4795 = CARTESIAN_POINT('',(-3.,-3.7,-9.3));
#4796 = VECTOR('',#4797,1.);
#4797 = DIRECTION('',(0.,1.,0.));
#4798 = ORIENTED_EDGE('',*,*,#4721,.F.);
#4799 = ORIENTED_EDGE('',*,*,#2664,.F.);
#4800 = PLANE('',#4801);
#4801 = AXIS2_PLACEMENT_3D('',#4802,#4803,#4804);
#4802 = CARTESIAN_POINT('',(-3.25,-2.8,-9.3));
#4803 = DIRECTION('',(0.,0.,1.));
#4804 = DIRECTION('',(1.,0.,-0.));
#4805 = ADVANCED_FACE('',(#4806),#4824,.F.);
#4806 = FACE_BOUND('',#4807,.T.);
#4807 = EDGE_LOOP('',(#4808,#4809,#4810,#4818));
#4808 = ORIENTED_EDGE('',*,*,#4785,.F.);
#4809 = ORIENTED_EDGE('',*,*,#2706,.F.);
#4810 = ORIENTED_EDGE('',*,*,#4811,.F.);
#4811 = EDGE_CURVE('',#4812,#2699,#4814,.T.);
#4812 = VERTEX_POINT('',#4813);
#4813 = CARTESIAN_POINT('',(-3.,-2.6,-12.));
#4814 = LINE('',#4815,#4816);
#4815 = CARTESIAN_POINT('',(0.,-2.6,-12.));
#4816 = VECTOR('',#4817,1.);
#4817 = DIRECTION('',(-1.,-0.,-0.));
#4818 = ORIENTED_EDGE('',*,*,#4819,.F.);
#4819 = EDGE_CURVE('',#4786,#4812,#4820,.T.);
#4820 = LINE('',#4821,#4822);
#4821 = CARTESIAN_POINT('',(-3.,-2.6,-6.5));
#4822 = VECTOR('',#4823,1.);
#4823 = DIRECTION('',(0.,0.,-1.));
#4824 = PLANE('',#4825);
#4825 = AXIS2_PLACEMENT_3D('',#4826,#4827,#4828);
#4826 = CARTESIAN_POINT('',(-3.25,-2.6,-10.65));
#4827 = DIRECTION('',(0.,1.,0.));
#4828 = DIRECTION('',(0.,-0.,1.));
#4829 = ADVANCED_FACE('',(#4830),#4863,.F.);
#4830 = FACE_BOUND('',#4831,.T.);
#4831 = EDGE_LOOP('',(#4832,#4840,#4841,#4849,#4857));
#4832 = ORIENTED_EDGE('',*,*,#4833,.F.);
#4833 = EDGE_CURVE('',#2731,#4834,#4836,.T.);
#4834 = VERTEX_POINT('',#4835);
#4835 = CARTESIAN_POINT('',(-3.,-5.15,-11.));
#4836 = LINE('',#4837,#4838);
#4837 = CARTESIAN_POINT('',(-2.800000000001,-5.15,-10.8));
#4838 = VECTOR('',#4839,1.);
#4839 = DIRECTION('',(-0.707106781185,0.,-0.707106781188));
#4840 = ORIENTED_EDGE('',*,*,#2728,.F.);
#4841 = ORIENTED_EDGE('',*,*,#4842,.F.);
#4842 = EDGE_CURVE('',#4843,#2729,#4845,.T.);
#4843 = VERTEX_POINT('',#4844);
#4844 = CARTESIAN_POINT('',(-3.,-4.,-11.));
#4845 = LINE('',#4846,#4847);
#4846 = CARTESIAN_POINT('',(-3.,-4.,-11.));
#4847 = VECTOR('',#4848,1.);
#4848 = DIRECTION('',(0.707106781187,0.,0.707106781187));
#4849 = ORIENTED_EDGE('',*,*,#4850,.F.);
#4850 = EDGE_CURVE('',#4851,#4843,#4853,.T.);
#4851 = VERTEX_POINT('',#4852);
#4852 = CARTESIAN_POINT('',(-3.,-5.1,-11.));
#4853 = LINE('',#4854,#4855);
#4854 = CARTESIAN_POINT('',(-3.,-3.7,-11.));
#4855 = VECTOR('',#4856,1.);
#4856 = DIRECTION('',(0.,1.,0.));
#4857 = ORIENTED_EDGE('',*,*,#4858,.T.);
#4858 = EDGE_CURVE('',#4851,#4834,#4859,.T.);
#4859 = LINE('',#4860,#4861);
#4860 = CARTESIAN_POINT('',(-3.,-4.6,-11.));
#4861 = VECTOR('',#4862,1.);
#4862 = DIRECTION('',(-0.,-1.,-0.));
#4863 = PLANE('',#4864);
#4864 = AXIS2_PLACEMENT_3D('',#4865,#4866,#4867);
#4865 = CARTESIAN_POINT('',(-2.9,-4.6,-10.9));
#4866 = DIRECTION('',(0.70710678119,0.,-0.707106781183));
#4867 = DIRECTION('',(-0.707106781183,0.,-0.70710678119));
#4868 = ADVANCED_FACE('',(#4869),#4889,.T.);
#4869 = FACE_BOUND('',#4870,.T.);
#4870 = EDGE_LOOP('',(#4871,#4879,#4885,#4886,#4887,#4888));
#4871 = ORIENTED_EDGE('',*,*,#4872,.F.);
#4872 = EDGE_CURVE('',#4873,#4542,#4875,.T.);
#4873 = VERTEX_POINT('',#4874);
#4874 = CARTESIAN_POINT('',(-3.,-4.,-12.));
#4875 = LINE('',#4876,#4877);
#4876 = CARTESIAN_POINT('',(0.,-4.,-12.));
#4877 = VECTOR('',#4878,1.);
#4878 = DIRECTION('',(1.,0.,0.));
#4879 = ORIENTED_EDGE('',*,*,#4880,.F.);
#4880 = EDGE_CURVE('',#4843,#4873,#4881,.T.);
#4881 = LINE('',#4882,#4883);
#4882 = CARTESIAN_POINT('',(-3.,-4.,-6.5));
#4883 = VECTOR('',#4884,1.);
#4884 = DIRECTION('',(0.,0.,-1.));
#4885 = ORIENTED_EDGE('',*,*,#4842,.T.);
#4886 = ORIENTED_EDGE('',*,*,#2754,.T.);
#4887 = ORIENTED_EDGE('',*,*,#2785,.T.);
#4888 = ORIENTED_EDGE('',*,*,#4549,.T.);
#4889 = PLANE('',#4890);
#4890 = AXIS2_PLACEMENT_3D('',#4891,#4892,#4893);
#4891 = CARTESIAN_POINT('',(-2.5,-4.,-11.4));
#4892 = DIRECTION('',(0.,1.,0.));
#4893 = DIRECTION('',(0.,-0.,1.));
#4894 = ADVANCED_FACE('',(#4895),#4909,.F.);
#4895 = FACE_BOUND('',#4896,.F.);
#4896 = EDGE_LOOP('',(#4897,#4898,#4899,#4900));
#4897 = ORIENTED_EDGE('',*,*,#2993,.T.);
#4898 = ORIENTED_EDGE('',*,*,#2809,.T.);
#4899 = ORIENTED_EDGE('',*,*,#2641,.T.);
#4900 = ORIENTED_EDGE('',*,*,#4901,.F.);
#4901 = EDGE_CURVE('',#2986,#2600,#4902,.T.);
#4902 = B_SPLINE_CURVE_WITH_KNOTS('',3,(#4903,#4904,#4905,#4906,#4907,
    #4908),.UNSPECIFIED.,.F.,.F.,(4,2,4),(0.,0.5,1.),.UNSPECIFIED.);
#4903 = CARTESIAN_POINT('',(-1.532172473728,-2.184402178058,
    -9.860508892522));
#4904 = CARTESIAN_POINT('',(-1.525215822013,-2.154189112652,
    -9.918035917496));
#4905 = CARTESIAN_POINT('',(-1.518259167817,-2.143384327887,
    -9.985542423829));
#4906 = CARTESIAN_POINT('',(-1.504345859424,-2.164881623883,
    -10.11370885407));
#4907 = CARTESIAN_POINT('',(-1.497389205228,-2.197121105883,
    -10.17399556547));
#4908 = CARTESIAN_POINT('',(-1.490432551031,-2.244450603665,
    -10.21851646543));
#4909 = CYLINDRICAL_SURFACE('',#4910,0.3);
#4910 = AXIS2_PLACEMENT_3D('',#4911,#4912,#4913);
#4911 = CARTESIAN_POINT('',(-1.593459370097,-2.45,-10.));
#4912 = DIRECTION('',(1.,0.,0.));
#4913 = DIRECTION('',(0.,0.,-1.));
#4914 = ADVANCED_FACE('',(#4915),#4926,.F.);
#4915 = FACE_BOUND('',#4916,.T.);
#4916 = EDGE_LOOP('',(#4917,#4923,#4924,#4925));
#4917 = ORIENTED_EDGE('',*,*,#4918,.T.);
#4918 = EDGE_CURVE('',#2600,#2530,#4919,.T.);
#4919 = LINE('',#4920,#4921);
#4920 = CARTESIAN_POINT('',(-1.49043255103,-2.14167182948,
    -10.32777903132));
#4921 = VECTOR('',#4922,1.);
#4922 = DIRECTION('',(0.,0.685164654425,-0.728388218141));
#4923 = ORIENTED_EDGE('',*,*,#2585,.T.);
#4924 = ORIENTED_EDGE('',*,*,#4686,.F.);
#4925 = ORIENTED_EDGE('',*,*,#2599,.F.);
#4926 = PLANE('',#4927);
#4927 = AXIS2_PLACEMENT_3D('',#4928,#4929,#4930);
#4928 = CARTESIAN_POINT('',(-1.456411866154,-2.446810905179,
    -10.61480256517));
#4929 = DIRECTION('',(0.996718622801,5.895890711028E-02,5.5460204063E-02
    ));
#4930 = DIRECTION('',(-5.904979073379E-02,0.998255038662,0.));
#4931 = ADVANCED_FACE('',(#4932),#4950,.F.);
#4932 = FACE_BOUND('',#4933,.T.);
#4933 = EDGE_LOOP('',(#4934,#4935,#4936,#4944));
#4934 = ORIENTED_EDGE('',*,*,#2985,.F.);
#4935 = ORIENTED_EDGE('',*,*,#2842,.F.);
#4936 = ORIENTED_EDGE('',*,*,#4937,.F.);
#4937 = EDGE_CURVE('',#4938,#2843,#4940,.T.);
#4938 = VERTEX_POINT('',#4939);
#4939 = CARTESIAN_POINT('',(-1.532172471247,-1.918804245324,
    -9.721017795882));
#4940 = LINE('',#4941,#4942);
#4941 = CARTESIAN_POINT('',(-1.532172471247,-1.918804245326,
    -9.72101779588));
#4942 = VECTOR('',#4943,1.);
#4943 = DIRECTION('',(-8.094434484432E-02,-0.463444597128,0.882421168394
    ));
#4944 = ORIENTED_EDGE('',*,*,#4945,.T.);
#4945 = EDGE_CURVE('',#4938,#2986,#4946,.T.);
#4946 = LINE('',#4947,#4948);
#4947 = CARTESIAN_POINT('',(-1.532172471247,-2.18440220504,
    -9.860508941203));
#4948 = VECTOR('',#4949,1.);
#4949 = DIRECTION('',(-9.107142369121E-14,-0.885326257792,
    -0.464970340199));
#4950 = PLANE('',#4951);
#4951 = AXIS2_PLACEMENT_3D('',#4952,#4953,#4954);
#4952 = CARTESIAN_POINT('',(-1.607484295094,-2.482798938669,
    -8.96974555103));
#4953 = DIRECTION('',(0.996718622801,-3.763671955961E-02,
    7.166215391052E-02));
#4954 = DIRECTION('',(7.171296342893E-02,8.673617379884E-19,
    -0.997425310926));
#4955 = ADVANCED_FACE('',(#4956),#4967,.F.);
#4956 = FACE_BOUND('',#4957,.F.);
#4957 = EDGE_LOOP('',(#4958,#4964,#4965,#4966));
#4958 = ORIENTED_EDGE('',*,*,#4959,.T.);
#4959 = EDGE_CURVE('',#2843,#2910,#4960,.T.);
#4960 = LINE('',#4961,#4962);
#4961 = CARTESIAN_POINT('',(0.,-2.781195754674,-8.078982204121));
#4962 = VECTOR('',#4963,1.);
#4963 = DIRECTION('',(1.,0.,0.));
#4964 = ORIENTED_EDGE('',*,*,#2917,.T.);
#4965 = ORIENTED_EDGE('',*,*,#2827,.T.);
#4966 = ORIENTED_EDGE('',*,*,#2850,.T.);
#4967 = CYLINDRICAL_SURFACE('',#4968,0.6);
#4968 = AXIS2_PLACEMENT_3D('',#4969,#4970,#4971);
#4969 = CARTESIAN_POINT('',(-1.807715296502,-2.25,-7.8));
#4970 = DIRECTION('',(1.,0.,0.));
#4971 = DIRECTION('',(0.,0.,-1.));
#4972 = ADVANCED_FACE('',(#4973),#4991,.T.);
#4973 = FACE_BOUND('',#4974,.T.);
#4974 = EDGE_LOOP('',(#4975,#4983,#4989,#4990));
#4975 = ORIENTED_EDGE('',*,*,#4976,.F.);
#4976 = EDGE_CURVE('',#4977,#2977,#4979,.T.);
#4977 = VERTEX_POINT('',#4978);
#4978 = CARTESIAN_POINT('',(1.532172471247,-1.918804245326,
    -9.72101779588));
#4979 = LINE('',#4980,#4981);
#4980 = CARTESIAN_POINT('',(1.532172471247,-1.918799781673,
    -9.721015451585));
#4981 = VECTOR('',#4982,1.);
#4982 = DIRECTION('',(1.098639737652E-13,-0.885326257792,-0.464970340199
    ));
#4983 = ORIENTED_EDGE('',*,*,#4984,.F.);
#4984 = EDGE_CURVE('',#2910,#4977,#4985,.T.);
#4985 = LINE('',#4986,#4987);
#4986 = CARTESIAN_POINT('',(1.682796118941,-2.781195754674,
    -8.078982204121));
#4987 = VECTOR('',#4988,1.);
#4988 = DIRECTION('',(-8.094434484432E-02,0.463444597128,-0.882421168394
    ));
#4989 = ORIENTED_EDGE('',*,*,#2909,.T.);
#4990 = ORIENTED_EDGE('',*,*,#2976,.T.);
#4991 = PLANE('',#4992);
#4992 = AXIS2_PLACEMENT_3D('',#4993,#4994,#4995);
#4993 = CARTESIAN_POINT('',(1.607484295094,-2.482798938669,
    -8.96974555103));
#4994 = DIRECTION('',(0.996718622801,3.763671955961E-02,
    -7.166215391052E-02));
#4995 = DIRECTION('',(-7.171296342893E-02,8.673617379884E-19,
    -0.997425310926));
#4996 = ADVANCED_FACE('',(#4997),#5016,.T.);
#4997 = FACE_BOUND('',#4998,.T.);
#4998 = EDGE_LOOP('',(#4999,#5008,#5009));
#4999 = ORIENTED_EDGE('',*,*,#5000,.F.);
#5000 = EDGE_CURVE('',#3017,#5001,#5003,.T.);
#5001 = VERTEX_POINT('',#5002);
#5002 = CARTESIAN_POINT('',(3.65,-5.5,-12.35));
#5003 = CIRCLE('',#5004,0.15);
#5004 = AXIS2_PLACEMENT_3D('',#5005,#5006,#5007);
#5005 = CARTESIAN_POINT('',(3.65,-5.65,-12.35));
#5006 = DIRECTION('',(0.,0.,1.));
#5007 = DIRECTION('',(1.,0.,-0.));
#5008 = ORIENTED_EDGE('',*,*,#3016,.T.);
#5009 = ORIENTED_EDGE('',*,*,#5010,.F.);
#5010 = EDGE_CURVE('',#5001,#3019,#5011,.T.);
#5011 = CIRCLE('',#5012,0.15);
#5012 = AXIS2_PLACEMENT_3D('',#5013,#5014,#5015);
#5013 = CARTESIAN_POINT('',(3.65,-5.65,-12.35));
#5014 = DIRECTION('',(-1.,-0.,0.));
#5015 = DIRECTION('',(0.,-5.782411586589E-15,-1.));
#5016 = SPHERICAL_SURFACE('',#5017,0.15);
#5017 = AXIS2_PLACEMENT_3D('',#5018,#5019,#5020);
#5018 = CARTESIAN_POINT('',(3.65,-5.65,-12.35));
#5019 = DIRECTION('',(-1.,1.16928565919E-27,-3.370236453772E-14));
#5020 = DIRECTION('',(0.,-1.,-3.469446951954E-14));
#5021 = ADVANCED_FACE('',(#5022),#5033,.F.);
#5022 = FACE_BOUND('',#5023,.T.);
#5023 = EDGE_LOOP('',(#5024,#5030,#5031,#5032));
#5024 = ORIENTED_EDGE('',*,*,#5025,.F.);
#5025 = EDGE_CURVE('',#3019,#3141,#5026,.T.);
#5026 = LINE('',#5027,#5028);
#5027 = CARTESIAN_POINT('',(1.916,-5.65,-12.5));
#5028 = VECTOR('',#5029,1.);
#5029 = DIRECTION('',(-1.,-0.,-0.));
#5030 = ORIENTED_EDGE('',*,*,#3044,.F.);
#5031 = ORIENTED_EDGE('',*,*,#3101,.F.);
#5032 = ORIENTED_EDGE('',*,*,#3151,.F.);
#5033 = PLANE('',#5034);
#5034 = AXIS2_PLACEMENT_3D('',#5035,#5036,#5037);
#5035 = CARTESIAN_POINT('',(2.8,-5.8,-12.5));
#5036 = DIRECTION('',(0.,0.,1.));
#5037 = DIRECTION('',(1.,0.,-0.));
#5038 = ADVANCED_FACE('',(#5039),#5058,.T.);
#5039 = FACE_BOUND('',#5040,.T.);
#5040 = EDGE_LOOP('',(#5041,#5050,#5051));
#5041 = ORIENTED_EDGE('',*,*,#5042,.F.);
#5042 = EDGE_CURVE('',#3141,#5043,#5045,.T.);
#5043 = VERTEX_POINT('',#5044);
#5044 = CARTESIAN_POINT('',(1.95,-5.5,-12.35));
#5045 = CIRCLE('',#5046,0.15);
#5046 = AXIS2_PLACEMENT_3D('',#5047,#5048,#5049);
#5047 = CARTESIAN_POINT('',(1.95,-5.65,-12.35));
#5048 = DIRECTION('',(1.,0.,0.));
#5049 = DIRECTION('',(0.,0.,-1.));
#5050 = ORIENTED_EDGE('',*,*,#3140,.T.);
#5051 = ORIENTED_EDGE('',*,*,#5052,.F.);
#5052 = EDGE_CURVE('',#5043,#3143,#5053,.T.);
#5053 = CIRCLE('',#5054,0.15);
#5054 = AXIS2_PLACEMENT_3D('',#5055,#5056,#5057);
#5055 = CARTESIAN_POINT('',(1.95,-5.65,-12.35));
#5056 = DIRECTION('',(0.,0.,1.));
#5057 = DIRECTION('',(1.,0.,-0.));
#5058 = SPHERICAL_SURFACE('',#5059,0.15);
#5059 = AXIS2_PLACEMENT_3D('',#5060,#5061,#5062);
#5060 = CARTESIAN_POINT('',(1.95,-5.65,-12.35));
#5061 = DIRECTION('',(-1.,0.,2.891205793295E-15));
#5062 = DIRECTION('',(-2.891205793295E-15,0.,-1.));
#5063 = ADVANCED_FACE('',(#5064),#5089,.T.);
#5064 = FACE_BOUND('',#5065,.T.);
#5065 = EDGE_LOOP('',(#5066,#5074,#5082,#5088));
#5066 = ORIENTED_EDGE('',*,*,#5067,.F.);
#5067 = EDGE_CURVE('',#5068,#3198,#5070,.T.);
#5068 = VERTEX_POINT('',#5069);
#5069 = CARTESIAN_POINT('',(1.75,-5.7,-12.));
#5070 = LINE('',#5071,#5072);
#5071 = CARTESIAN_POINT('',(1.75,-5.7,-12.275));
#5072 = VECTOR('',#5073,1.);
#5073 = DIRECTION('',(-0.,-0.,-1.));
#5074 = ORIENTED_EDGE('',*,*,#5075,.T.);
#5075 = EDGE_CURVE('',#5068,#5076,#5078,.T.);
#5076 = VERTEX_POINT('',#5077);
#5077 = CARTESIAN_POINT('',(1.75,-6.125,-12.));
#5078 = LINE('',#5079,#5080);
#5079 = CARTESIAN_POINT('',(1.75,-1.298198816269,-12.));
#5080 = VECTOR('',#5081,1.);
#5081 = DIRECTION('',(-0.,-1.,-0.));
#5082 = ORIENTED_EDGE('',*,*,#5083,.F.);
#5083 = EDGE_CURVE('',#3206,#5076,#5084,.T.);
#5084 = LINE('',#5085,#5086);
#5085 = CARTESIAN_POINT('',(1.75,-6.125,-12.275));
#5086 = VECTOR('',#5087,1.);
#5087 = DIRECTION('',(0.,0.,1.));
#5088 = ORIENTED_EDGE('',*,*,#3205,.T.);
#5089 = PLANE('',#5090);
#5090 = AXIS2_PLACEMENT_3D('',#5091,#5092,#5093);
#5091 = CARTESIAN_POINT('',(1.75,-5.9125,-12.275));
#5092 = DIRECTION('',(1.,0.,0.));
#5093 = DIRECTION('',(0.,0.,-1.));
#5094 = ADVANCED_FACE('',(#5095),#5113,.T.);
#5095 = FACE_BOUND('',#5096,.T.);
#5096 = EDGE_LOOP('',(#5097,#5098,#5106,#5112));
#5097 = ORIENTED_EDGE('',*,*,#5083,.T.);
#5098 = ORIENTED_EDGE('',*,*,#5099,.T.);
#5099 = EDGE_CURVE('',#5076,#5100,#5102,.T.);
#5100 = VERTEX_POINT('',#5101);
#5101 = CARTESIAN_POINT('',(3.85,-6.125,-12.));
#5102 = LINE('',#5103,#5104);
#5103 = CARTESIAN_POINT('',(0.,-6.125,-12.));
#5104 = VECTOR('',#5105,1.);
#5105 = DIRECTION('',(1.,0.,0.));
#5106 = ORIENTED_EDGE('',*,*,#5107,.T.);
#5107 = EDGE_CURVE('',#5100,#3214,#5108,.T.);
#5108 = LINE('',#5109,#5110);
#5109 = CARTESIAN_POINT('',(3.85,-6.125,-12.275));
#5110 = VECTOR('',#5111,1.);
#5111 = DIRECTION('',(0.,0.,-1.));
#5112 = ORIENTED_EDGE('',*,*,#3213,.T.);
#5113 = PLANE('',#5114);
#5114 = AXIS2_PLACEMENT_3D('',#5115,#5116,#5117);
#5115 = CARTESIAN_POINT('',(2.8,-6.125,-12.275));
#5116 = DIRECTION('',(0.,1.,0.));
#5117 = DIRECTION('',(0.,-0.,1.));
#5118 = ADVANCED_FACE('',(#5119),#5131,.F.);
#5119 = FACE_BOUND('',#5120,.T.);
#5120 = EDGE_LOOP('',(#5121,#5122,#5123,#5124,#5130));
#5121 = ORIENTED_EDGE('',*,*,#1810,.T.);
#5122 = ORIENTED_EDGE('',*,*,#3221,.F.);
#5123 = ORIENTED_EDGE('',*,*,#5107,.F.);
#5124 = ORIENTED_EDGE('',*,*,#5125,.T.);
#5125 = EDGE_CURVE('',#5100,#3670,#5126,.T.);
#5126 = LINE('',#5127,#5128);
#5127 = CARTESIAN_POINT('',(3.85,-1.298198816269,-12.));
#5128 = VECTOR('',#5129,1.);
#5129 = DIRECTION('',(0.,1.,0.));
#5130 = ORIENTED_EDGE('',*,*,#3669,.F.);
#5131 = PLANE('',#5132);
#5132 = AXIS2_PLACEMENT_3D('',#5133,#5134,#5135);
#5133 = CARTESIAN_POINT('',(3.85,-5.8,-12.275));
#5134 = DIRECTION('',(1.,0.,0.));
#5135 = DIRECTION('',(0.,0.,-1.));
#5136 = ADVANCED_FACE('',(#5137),#5162,.T.);
#5137 = FACE_BOUND('',#5138,.T.);
#5138 = EDGE_LOOP('',(#5139,#5147,#5148,#5156));
#5139 = ORIENTED_EDGE('',*,*,#5140,.F.);
#5140 = EDGE_CURVE('',#3028,#5141,#5143,.T.);
#5141 = VERTEX_POINT('',#5142);
#5142 = CARTESIAN_POINT('',(3.8,-5.95,-12.));
#5143 = LINE('',#5144,#5145);
#5144 = CARTESIAN_POINT('',(3.8,-5.95,-12.37356831772));
#5145 = VECTOR('',#5146,1.);
#5146 = DIRECTION('',(0.,0.,1.));
#5147 = ORIENTED_EDGE('',*,*,#3027,.T.);
#5148 = ORIENTED_EDGE('',*,*,#5149,.F.);
#5149 = EDGE_CURVE('',#5150,#3017,#5152,.T.);
#5150 = VERTEX_POINT('',#5151);
#5151 = CARTESIAN_POINT('',(3.8,-5.65,-12.));
#5152 = LINE('',#5153,#5154);
#5153 = CARTESIAN_POINT('',(3.8,-5.65,-12.37356831772));
#5154 = VECTOR('',#5155,1.);
#5155 = DIRECTION('',(-0.,-0.,-1.));
#5156 = ORIENTED_EDGE('',*,*,#5157,.T.);
#5157 = EDGE_CURVE('',#5150,#5141,#5158,.T.);
#5158 = LINE('',#5159,#5160);
#5159 = CARTESIAN_POINT('',(3.8,-1.298198816269,-12.));
#5160 = VECTOR('',#5161,1.);
#5161 = DIRECTION('',(-0.,-1.,-0.));
#5162 = PLANE('',#5163);
#5163 = AXIS2_PLACEMENT_3D('',#5164,#5165,#5166);
#5164 = CARTESIAN_POINT('',(3.8,-5.8,-12.175));
#5165 = DIRECTION('',(1.,0.,0.));
#5166 = DIRECTION('',(0.,0.,-1.));
#5167 = ADVANCED_FACE('',(#5168),#5187,.T.);
#5168 = FACE_BOUND('',#5169,.T.);
#5169 = EDGE_LOOP('',(#5170,#5171,#5172,#5181));
#5170 = ORIENTED_EDGE('',*,*,#3058,.T.);
#5171 = ORIENTED_EDGE('',*,*,#5140,.T.);
#5172 = ORIENTED_EDGE('',*,*,#5173,.T.);
#5173 = EDGE_CURVE('',#5141,#5174,#5176,.T.);
#5174 = VERTEX_POINT('',#5175);
#5175 = CARTESIAN_POINT('',(3.65,-6.1,-12.));
#5176 = CIRCLE('',#5177,0.15);
#5177 = AXIS2_PLACEMENT_3D('',#5178,#5179,#5180);
#5178 = CARTESIAN_POINT('',(3.65,-5.95,-12.));
#5179 = DIRECTION('',(0.,0.,-1.));
#5180 = DIRECTION('',(1.,0.,0.));
#5181 = ORIENTED_EDGE('',*,*,#5182,.T.);
#5182 = EDGE_CURVE('',#5174,#3059,#5183,.T.);
#5183 = LINE('',#5184,#5185);
#5184 = CARTESIAN_POINT('',(3.65,-6.1,-12.175));
#5185 = VECTOR('',#5186,1.);
#5186 = DIRECTION('',(-0.,-0.,-1.));
#5187 = CYLINDRICAL_SURFACE('',#5188,0.15);
#5188 = AXIS2_PLACEMENT_3D('',#5189,#5190,#5191);
#5189 = CARTESIAN_POINT('',(3.65,-5.95,-12.37356831772));
#5190 = DIRECTION('',(0.,0.,1.));
#5191 = DIRECTION('',(1.,0.,-0.));
#5192 = ADVANCED_FACE('',(#5193),#5211,.F.);
#5193 = FACE_BOUND('',#5194,.T.);
#5194 = EDGE_LOOP('',(#5195,#5203,#5209,#5210));
#5195 = ORIENTED_EDGE('',*,*,#5196,.T.);
#5196 = EDGE_CURVE('',#5174,#5197,#5199,.T.);
#5197 = VERTEX_POINT('',#5198);
#5198 = CARTESIAN_POINT('',(1.95,-6.1,-12.));
#5199 = LINE('',#5200,#5201);
#5200 = CARTESIAN_POINT('',(0.,-6.1,-12.));
#5201 = VECTOR('',#5202,1.);
#5202 = DIRECTION('',(-1.,-0.,-0.));
#5203 = ORIENTED_EDGE('',*,*,#5204,.F.);
#5204 = EDGE_CURVE('',#3085,#5197,#5205,.T.);
#5205 = LINE('',#5206,#5207);
#5206 = CARTESIAN_POINT('',(1.95,-6.1,-12.37356831772));
#5207 = VECTOR('',#5208,1.);
#5208 = DIRECTION('',(0.,0.,1.));
#5209 = ORIENTED_EDGE('',*,*,#3084,.F.);
#5210 = ORIENTED_EDGE('',*,*,#5182,.F.);
#5211 = PLANE('',#5212);
#5212 = AXIS2_PLACEMENT_3D('',#5213,#5214,#5215);
#5213 = CARTESIAN_POINT('',(2.8,-6.1,-12.175));
#5214 = DIRECTION('',(0.,1.,0.));
#5215 = DIRECTION('',(0.,-0.,1.));
#5216 = ADVANCED_FACE('',(#5217),#5236,.T.);
#5217 = FACE_BOUND('',#5218,.T.);
#5218 = EDGE_LOOP('',(#5219,#5227,#5228,#5229));
#5219 = ORIENTED_EDGE('',*,*,#5220,.T.);
#5220 = EDGE_CURVE('',#5221,#3117,#5223,.T.);
#5221 = VERTEX_POINT('',#5222);
#5222 = CARTESIAN_POINT('',(1.8,-5.95,-12.));
#5223 = LINE('',#5224,#5225);
#5224 = CARTESIAN_POINT('',(1.8,-5.95,-12.175));
#5225 = VECTOR('',#5226,1.);
#5226 = DIRECTION('',(0.,0.,-1.));
#5227 = ORIENTED_EDGE('',*,*,#3116,.T.);
#5228 = ORIENTED_EDGE('',*,*,#5204,.T.);
#5229 = ORIENTED_EDGE('',*,*,#5230,.T.);
#5230 = EDGE_CURVE('',#5197,#5221,#5231,.T.);
#5231 = CIRCLE('',#5232,0.15);
#5232 = AXIS2_PLACEMENT_3D('',#5233,#5234,#5235);
#5233 = CARTESIAN_POINT('',(1.95,-5.95,-12.));
#5234 = DIRECTION('',(0.,0.,-1.));
#5235 = DIRECTION('',(1.,0.,0.));
#5236 = CYLINDRICAL_SURFACE('',#5237,0.15);
#5237 = AXIS2_PLACEMENT_3D('',#5238,#5239,#5240);
#5238 = CARTESIAN_POINT('',(1.95,-5.95,-12.37356831772));
#5239 = DIRECTION('',(0.,0.,1.));
#5240 = DIRECTION('',(1.,0.,-0.));
#5241 = ADVANCED_FACE('',(#5242),#5260,.F.);
#5242 = FACE_BOUND('',#5243,.T.);
#5243 = EDGE_LOOP('',(#5244,#5252,#5258,#5259));
#5244 = ORIENTED_EDGE('',*,*,#5245,.T.);
#5245 = EDGE_CURVE('',#5221,#5246,#5248,.T.);
#5246 = VERTEX_POINT('',#5247);
#5247 = CARTESIAN_POINT('',(1.8,-5.65,-12.));
#5248 = LINE('',#5249,#5250);
#5249 = CARTESIAN_POINT('',(1.8,-1.298198816269,-12.));
#5250 = VECTOR('',#5251,1.);
#5251 = DIRECTION('',(0.,1.,0.));
#5252 = ORIENTED_EDGE('',*,*,#5253,.F.);
#5253 = EDGE_CURVE('',#3143,#5246,#5254,.T.);
#5254 = LINE('',#5255,#5256);
#5255 = CARTESIAN_POINT('',(1.8,-5.65,-12.37356831772));
#5256 = VECTOR('',#5257,1.);
#5257 = DIRECTION('',(0.,0.,1.));
#5258 = ORIENTED_EDGE('',*,*,#3158,.F.);
#5259 = ORIENTED_EDGE('',*,*,#5220,.F.);
#5260 = PLANE('',#5261);
#5261 = AXIS2_PLACEMENT_3D('',#5262,#5263,#5264);
#5262 = CARTESIAN_POINT('',(1.8,-5.8,-12.175));
#5263 = DIRECTION('',(1.,0.,0.));
#5264 = DIRECTION('',(0.,0.,-1.));
#5265 = ADVANCED_FACE('',(#5266),#5284,.T.);
#5266 = FACE_BOUND('',#5267,.T.);
#5267 = EDGE_LOOP('',(#5268,#5276,#5282,#5283));
#5268 = ORIENTED_EDGE('',*,*,#5269,.F.);
#5269 = EDGE_CURVE('',#5270,#3190,#5272,.T.);
#5270 = VERTEX_POINT('',#5271);
#5271 = CARTESIAN_POINT('',(-1.75,-5.7,-12.));
#5272 = LINE('',#5273,#5274);
#5273 = CARTESIAN_POINT('',(-1.75,-5.7,-12.275));
#5274 = VECTOR('',#5275,1.);
#5275 = DIRECTION('',(0.,0.,-1.));
#5276 = ORIENTED_EDGE('',*,*,#5277,.T.);
#5277 = EDGE_CURVE('',#5270,#5068,#5278,.T.);
#5278 = LINE('',#5279,#5280);
#5279 = CARTESIAN_POINT('',(0.,-5.7,-12.));
#5280 = VECTOR('',#5281,1.);
#5281 = DIRECTION('',(1.,0.,0.));
#5282 = ORIENTED_EDGE('',*,*,#5067,.T.);
#5283 = ORIENTED_EDGE('',*,*,#3197,.T.);
#5284 = PLANE('',#5285);
#5285 = AXIS2_PLACEMENT_3D('',#5286,#5287,#5288);
#5286 = CARTESIAN_POINT('',(0.,-5.7,-12.275));
#5287 = DIRECTION('',(0.,1.,0.));
#5288 = DIRECTION('',(0.,-0.,1.));
#5289 = ADVANCED_FACE('',(#5290),#5316,.T.);
#5290 = FACE_BOUND('',#5291,.T.);
#5291 = EDGE_LOOP('',(#5292,#5300,#5306,#5307,#5308,#5309,#5315));
#5292 = ORIENTED_EDGE('',*,*,#5293,.F.);
#5293 = EDGE_CURVE('',#5294,#3757,#5296,.T.);
#5294 = VERTEX_POINT('',#5295);
#5295 = CARTESIAN_POINT('',(-1.75,-5.5,-12.));
#5296 = LINE('',#5297,#5298);
#5297 = CARTESIAN_POINT('',(-1.75,-1.298147720928,-12.));
#5298 = VECTOR('',#5299,1.);
#5299 = DIRECTION('',(0.,1.,0.));
#5300 = ORIENTED_EDGE('',*,*,#5301,.T.);
#5301 = EDGE_CURVE('',#5294,#5270,#5302,.T.);
#5302 = LINE('',#5303,#5304);
#5303 = CARTESIAN_POINT('',(-1.75,-1.298198816269,-12.));
#5304 = VECTOR('',#5305,1.);
#5305 = DIRECTION('',(-0.,-1.,-0.));
#5306 = ORIENTED_EDGE('',*,*,#5269,.T.);
#5307 = ORIENTED_EDGE('',*,*,#3189,.F.);
#5308 = ORIENTED_EDGE('',*,*,#4580,.T.);
#5309 = ORIENTED_EDGE('',*,*,#5310,.F.);
#5310 = EDGE_CURVE('',#3765,#4573,#5311,.T.);
#5311 = LINE('',#5312,#5313);
#5312 = CARTESIAN_POINT('',(-1.75,-1.298147720928,-12.));
#5313 = VECTOR('',#5314,1.);
#5314 = DIRECTION('',(0.,1.,0.));
#5315 = ORIENTED_EDGE('',*,*,#3764,.T.);
#5316 = PLANE('',#5317);
#5317 = AXIS2_PLACEMENT_3D('',#5318,#5319,#5320);
#5318 = CARTESIAN_POINT('',(-1.75,-5.4,-12.275));
#5319 = DIRECTION('',(1.,0.,0.));
#5320 = DIRECTION('',(0.,0.,-1.));
#5321 = ADVANCED_FACE('',(#5322),#5347,.F.);
#5322 = FACE_BOUND('',#5323,.T.);
#5323 = EDGE_LOOP('',(#5324,#5332,#5333,#5341));
#5324 = ORIENTED_EDGE('',*,*,#5325,.F.);
#5325 = EDGE_CURVE('',#4834,#5326,#5328,.T.);
#5326 = VERTEX_POINT('',#5327);
#5327 = CARTESIAN_POINT('',(-3.,-5.15,-12.));
#5328 = LINE('',#5329,#5330);
#5329 = CARTESIAN_POINT('',(-3.,-5.15,-7.55));
#5330 = VECTOR('',#5331,1.);
#5331 = DIRECTION('',(-0.,-0.,-1.));
#5332 = ORIENTED_EDGE('',*,*,#4858,.F.);
#5333 = ORIENTED_EDGE('',*,*,#5334,.T.);
#5334 = EDGE_CURVE('',#4851,#5335,#5337,.T.);
#5335 = VERTEX_POINT('',#5336);
#5336 = CARTESIAN_POINT('',(-3.,-5.1,-12.));
#5337 = LINE('',#5338,#5339);
#5338 = CARTESIAN_POINT('',(-3.,-5.1,-7.1));
#5339 = VECTOR('',#5340,1.);
#5340 = DIRECTION('',(-0.,-0.,-1.));
#5341 = ORIENTED_EDGE('',*,*,#5342,.F.);
#5342 = EDGE_CURVE('',#5326,#5335,#5343,.T.);
#5343 = LINE('',#5344,#5345);
#5344 = CARTESIAN_POINT('',(-3.,-1.298147720928,-12.));
#5345 = VECTOR('',#5346,1.);
#5346 = DIRECTION('',(0.,1.,0.));
#5347 = PLANE('',#5348);
#5348 = AXIS2_PLACEMENT_3D('',#5349,#5350,#5351);
#5349 = CARTESIAN_POINT('',(-3.,-4.6,-11.5));
#5350 = DIRECTION('',(1.,0.,0.));
#5351 = DIRECTION('',(0.,0.,-1.));
#5352 = ADVANCED_FACE('',(#5353),#5386,.F.);
#5353 = FACE_BOUND('',#5354,.T.);
#5354 = EDGE_LOOP('',(#5355,#5363,#5371,#5379,#5385));
#5355 = ORIENTED_EDGE('',*,*,#5356,.F.);
#5356 = EDGE_CURVE('',#5357,#4851,#5359,.T.);
#5357 = VERTEX_POINT('',#5358);
#5358 = CARTESIAN_POINT('',(-3.,-5.1,-2.2));
#5359 = LINE('',#5360,#5361);
#5360 = CARTESIAN_POINT('',(-3.,-5.1,-6.5));
#5361 = VECTOR('',#5362,1.);
#5362 = DIRECTION('',(0.,0.,-1.));
#5363 = ORIENTED_EDGE('',*,*,#5364,.F.);
#5364 = EDGE_CURVE('',#5365,#5357,#5367,.T.);
#5365 = VERTEX_POINT('',#5366);
#5366 = CARTESIAN_POINT('',(-3.65,-5.1,-2.2));
#5367 = LINE('',#5368,#5369);
#5368 = CARTESIAN_POINT('',(-3.325,-5.1,-2.2));
#5369 = VECTOR('',#5370,1.);
#5370 = DIRECTION('',(1.,0.,0.));
#5371 = ORIENTED_EDGE('',*,*,#5372,.F.);
#5372 = EDGE_CURVE('',#5373,#5365,#5375,.T.);
#5373 = VERTEX_POINT('',#5374);
#5374 = CARTESIAN_POINT('',(-3.65,-5.1,-12.));
#5375 = LINE('',#5376,#5377);
#5376 = CARTESIAN_POINT('',(-3.65,-5.1,-7.1));
#5377 = VECTOR('',#5378,1.);
#5378 = DIRECTION('',(0.,0.,1.));
#5379 = ORIENTED_EDGE('',*,*,#5380,.F.);
#5380 = EDGE_CURVE('',#5335,#5373,#5381,.T.);
#5381 = LINE('',#5382,#5383);
#5382 = CARTESIAN_POINT('',(0.,-5.1,-12.));
#5383 = VECTOR('',#5384,1.);
#5384 = DIRECTION('',(-1.,-0.,-0.));
#5385 = ORIENTED_EDGE('',*,*,#5334,.F.);
#5386 = PLANE('',#5387);
#5387 = AXIS2_PLACEMENT_3D('',#5388,#5389,#5390);
#5388 = CARTESIAN_POINT('',(-3.325,-5.1,-7.1));
#5389 = DIRECTION('',(0.,1.,0.));
#5390 = DIRECTION('',(0.,-0.,1.));
#5391 = ADVANCED_FACE('',(#5392),#5451,.T.);
#5392 = FACE_BOUND('',#5393,.T.);
#5393 = EDGE_LOOP('',(#5394,#5400,#5401,#5402,#5403,#5404,#5405,#5406,
    #5407,#5408,#5414,#5415,#5421,#5422,#5423,#5424,#5425,#5426,#5432,
    #5433,#5434,#5435,#5436,#5437,#5438,#5439,#5440,#5441,#5442,#5443,
    #5444,#5450));
#5394 = ORIENTED_EDGE('',*,*,#5395,.T.);
#5395 = EDGE_CURVE('',#3871,#3797,#5396,.T.);
#5396 = LINE('',#5397,#5398);
#5397 = CARTESIAN_POINT('',(4.,-5.15,-5.75));
#5398 = VECTOR('',#5399,1.);
#5399 = DIRECTION('',(-1.,-0.,-0.));
#5400 = ORIENTED_EDGE('',*,*,#3804,.T.);
#5401 = ORIENTED_EDGE('',*,*,#3598,.F.);
#5402 = ORIENTED_EDGE('',*,*,#3612,.T.);
#5403 = ORIENTED_EDGE('',*,*,#2192,.T.);
#5404 = ORIENTED_EDGE('',*,*,#3636,.T.);
#5405 = ORIENTED_EDGE('',*,*,#4005,.T.);
#5406 = ORIENTED_EDGE('',*,*,#3983,.T.);
#5407 = ORIENTED_EDGE('',*,*,#4629,.T.);
#5408 = ORIENTED_EDGE('',*,*,#5409,.T.);
#5409 = EDGE_CURVE('',#4622,#3749,#5410,.T.);
#5410 = LINE('',#5411,#5412);
#5411 = CARTESIAN_POINT('',(0.,-5.15,-12.));
#5412 = VECTOR('',#5413,1.);
#5413 = DIRECTION('',(-1.,-0.,-0.));
#5414 = ORIENTED_EDGE('',*,*,#3772,.T.);
#5415 = ORIENTED_EDGE('',*,*,#5416,.T.);
#5416 = EDGE_CURVE('',#3765,#4534,#5417,.T.);
#5417 = LINE('',#5418,#5419);
#5418 = CARTESIAN_POINT('',(0.,-5.15,-12.));
#5419 = VECTOR('',#5420,1.);
#5420 = DIRECTION('',(-1.,-0.,-0.));
#5421 = ORIENTED_EDGE('',*,*,#4533,.T.);
#5422 = ORIENTED_EDGE('',*,*,#2769,.F.);
#5423 = ORIENTED_EDGE('',*,*,#2738,.F.);
#5424 = ORIENTED_EDGE('',*,*,#4833,.T.);
#5425 = ORIENTED_EDGE('',*,*,#5325,.T.);
#5426 = ORIENTED_EDGE('',*,*,#5427,.T.);
#5427 = EDGE_CURVE('',#5326,#3246,#5428,.T.);
#5428 = LINE('',#5429,#5430);
#5429 = CARTESIAN_POINT('',(0.,-5.15,-12.));
#5430 = VECTOR('',#5431,1.);
#5431 = DIRECTION('',(-1.,-0.,-0.));
#5432 = ORIENTED_EDGE('',*,*,#3245,.T.);
#5433 = ORIENTED_EDGE('',*,*,#3293,.F.);
#5434 = ORIENTED_EDGE('',*,*,#3308,.F.);
#5435 = ORIENTED_EDGE('',*,*,#3339,.T.);
#5436 = ORIENTED_EDGE('',*,*,#3373,.T.);
#5437 = ORIENTED_EDGE('',*,*,#1360,.T.);
#5438 = ORIENTED_EDGE('',*,*,#3429,.F.);
#5439 = ORIENTED_EDGE('',*,*,#3462,.T.);
#5440 = ORIENTED_EDGE('',*,*,#3493,.F.);
#5441 = ORIENTED_EDGE('',*,*,#3526,.F.);
#5442 = ORIENTED_EDGE('',*,*,#3541,.F.);
#5443 = ORIENTED_EDGE('',*,*,#3901,.T.);
#5444 = ORIENTED_EDGE('',*,*,#5445,.F.);
#5445 = EDGE_CURVE('',#3869,#3902,#5446,.T.);
#5446 = LINE('',#5447,#5448);
#5447 = CARTESIAN_POINT('',(4.,-5.15,-4.25));
#5448 = VECTOR('',#5449,1.);
#5449 = DIRECTION('',(-1.,-0.,-0.));
#5450 = ORIENTED_EDGE('',*,*,#3868,.T.);
#5451 = PLANE('',#5452);
#5452 = AXIS2_PLACEMENT_3D('',#5453,#5454,#5455);
#5453 = CARTESIAN_POINT('',(4.,-5.15,-5.));
#5454 = DIRECTION('',(0.,1.,0.));
#5455 = DIRECTION('',(0.,-0.,1.));
#5456 = ADVANCED_FACE('',(#5457),#5508,.F.);
#5457 = FACE_BOUND('',#5458,.T.);
#5458 = EDGE_LOOP('',(#5459,#5467,#5475,#5481,#5482,#5483,#5484,#5485,
    #5486,#5487,#5488,#5489,#5490,#5491,#5492,#5493,#5499,#5500,#5501,
    #5502,#5503,#5504,#5505,#5506,#5507));
#5459 = ORIENTED_EDGE('',*,*,#5460,.T.);
#5460 = EDGE_CURVE('',#3788,#5461,#5463,.T.);
#5461 = VERTEX_POINT('',#5462);
#5462 = CARTESIAN_POINT('',(4.4,-5.45,-5.75));
#5463 = LINE('',#5464,#5465);
#5464 = CARTESIAN_POINT('',(4.,-5.45,-5.75));
#5465 = VECTOR('',#5466,1.);
#5466 = DIRECTION('',(1.,0.,0.));
#5467 = ORIENTED_EDGE('',*,*,#5468,.T.);
#5468 = EDGE_CURVE('',#5461,#5469,#5471,.T.);
#5469 = VERTEX_POINT('',#5470);
#5470 = CARTESIAN_POINT('',(4.4,-5.45,-4.25));
#5471 = LINE('',#5472,#5473);
#5472 = CARTESIAN_POINT('',(4.4,-5.45,-4.22));
#5473 = VECTOR('',#5474,1.);
#5474 = DIRECTION('',(0.,0.,1.));
#5475 = ORIENTED_EDGE('',*,*,#5476,.F.);
#5476 = EDGE_CURVE('',#3911,#5469,#5477,.T.);
#5477 = LINE('',#5478,#5479);
#5478 = CARTESIAN_POINT('',(4.,-5.45,-4.25));
#5479 = VECTOR('',#5480,1.);
#5480 = DIRECTION('',(1.,0.,0.));
#5481 = ORIENTED_EDGE('',*,*,#3918,.F.);
#5482 = ORIENTED_EDGE('',*,*,#3550,.F.);
#5483 = ORIENTED_EDGE('',*,*,#3509,.F.);
#5484 = ORIENTED_EDGE('',*,*,#3477,.F.);
#5485 = ORIENTED_EDGE('',*,*,#3454,.F.);
#5486 = ORIENTED_EDGE('',*,*,#3413,.F.);
#5487 = ORIENTED_EDGE('',*,*,#3399,.F.);
#5488 = ORIENTED_EDGE('',*,*,#3380,.F.);
#5489 = ORIENTED_EDGE('',*,*,#3356,.F.);
#5490 = ORIENTED_EDGE('',*,*,#3317,.F.);
#5491 = ORIENTED_EDGE('',*,*,#3276,.F.);
#5492 = ORIENTED_EDGE('',*,*,#3261,.F.);
#5493 = ORIENTED_EDGE('',*,*,#5494,.F.);
#5494 = EDGE_CURVE('',#3757,#3254,#5495,.T.);
#5495 = LINE('',#5496,#5497);
#5496 = CARTESIAN_POINT('',(0.,-5.45,-12.));
#5497 = VECTOR('',#5498,1.);
#5498 = DIRECTION('',(-1.,-0.,-0.));
#5499 = ORIENTED_EDGE('',*,*,#3756,.F.);
#5500 = ORIENTED_EDGE('',*,*,#3725,.F.);
#5501 = ORIENTED_EDGE('',*,*,#3934,.F.);
#5502 = ORIENTED_EDGE('',*,*,#4012,.F.);
#5503 = ORIENTED_EDGE('',*,*,#3653,.F.);
#5504 = ORIENTED_EDGE('',*,*,#4163,.F.);
#5505 = ORIENTED_EDGE('',*,*,#3620,.F.);
#5506 = ORIENTED_EDGE('',*,*,#3582,.F.);
#5507 = ORIENTED_EDGE('',*,*,#3787,.F.);
#5508 = PLANE('',#5509);
#5509 = AXIS2_PLACEMENT_3D('',#5510,#5511,#5512);
#5510 = CARTESIAN_POINT('',(4.,-5.45,-5.));
#5511 = DIRECTION('',(0.,1.,0.));
#5512 = DIRECTION('',(0.,-0.,1.));
#5513 = ADVANCED_FACE('',(#5514),#5533,.T.);
#5514 = FACE_BOUND('',#5515,.T.);
#5515 = EDGE_LOOP('',(#5516,#5517,#5518,#5526,#5532));
#5516 = ORIENTED_EDGE('',*,*,#3943,.T.);
#5517 = ORIENTED_EDGE('',*,*,#3709,.F.);
#5518 = ORIENTED_EDGE('',*,*,#5519,.F.);
#5519 = EDGE_CURVE('',#5520,#3702,#5522,.T.);
#5520 = VERTEX_POINT('',#5521);
#5521 = CARTESIAN_POINT('',(3.,-5.15,-11.));
#5522 = LINE('',#5523,#5524);
#5523 = CARTESIAN_POINT('',(3.,-5.15,-11.5));
#5524 = VECTOR('',#5525,1.);
#5525 = DIRECTION('',(0.,0.,-1.));
#5526 = ORIENTED_EDGE('',*,*,#5527,.F.);
#5527 = EDGE_CURVE('',#4020,#5520,#5528,.T.);
#5528 = LINE('',#5529,#5530);
#5529 = CARTESIAN_POINT('',(2.9,-5.15,-10.9));
#5530 = VECTOR('',#5531,1.);
#5531 = DIRECTION('',(0.707106781183,0.,-0.70710678119));
#5532 = ORIENTED_EDGE('',*,*,#4019,.T.);
#5533 = PLANE('',#5534);
#5534 = AXIS2_PLACEMENT_3D('',#5535,#5536,#5537);
#5535 = CARTESIAN_POINT('',(0.,-5.15,-7.55));
#5536 = DIRECTION('',(0.,1.,0.));
#5537 = DIRECTION('',(0.,-0.,1.));
#5538 = ADVANCED_FACE('',(#5539),#5565,.T.);
#5539 = FACE_BOUND('',#5540,.T.);
#5540 = EDGE_LOOP('',(#5541,#5549,#5557,#5563,#5564));
#5541 = ORIENTED_EDGE('',*,*,#5542,.F.);
#5542 = EDGE_CURVE('',#5543,#5520,#5545,.T.);
#5543 = VERTEX_POINT('',#5544);
#5544 = CARTESIAN_POINT('',(3.,-5.1,-11.));
#5545 = LINE('',#5546,#5547);
#5546 = CARTESIAN_POINT('',(3.,-4.6,-11.));
#5547 = VECTOR('',#5548,1.);
#5548 = DIRECTION('',(-0.,-1.,-0.));
#5549 = ORIENTED_EDGE('',*,*,#5550,.T.);
#5550 = EDGE_CURVE('',#5543,#5551,#5553,.T.);
#5551 = VERTEX_POINT('',#5552);
#5552 = CARTESIAN_POINT('',(3.,-4.,-11.));
#5553 = LINE('',#5554,#5555);
#5554 = CARTESIAN_POINT('',(3.,-3.7,-11.));
#5555 = VECTOR('',#5556,1.);
#5556 = DIRECTION('',(0.,1.,0.));
#5557 = ORIENTED_EDGE('',*,*,#5558,.F.);
#5558 = EDGE_CURVE('',#4028,#5551,#5559,.T.);
#5559 = LINE('',#5560,#5561);
#5560 = CARTESIAN_POINT('',(2.800000000001,-4.,-10.8));
#5561 = VECTOR('',#5562,1.);
#5562 = DIRECTION('',(0.707106781185,0.,-0.707106781188));
#5563 = ORIENTED_EDGE('',*,*,#4027,.T.);
#5564 = ORIENTED_EDGE('',*,*,#5527,.T.);
#5565 = PLANE('',#5566);
#5566 = AXIS2_PLACEMENT_3D('',#5567,#5568,#5569);
#5567 = CARTESIAN_POINT('',(2.9,-4.6,-10.9));
#5568 = DIRECTION('',(0.70710678119,0.,0.707106781183));
#5569 = DIRECTION('',(0.707106781183,0.,-0.70710678119));
#5570 = ADVANCED_FACE('',(#5571),#5591,.T.);
#5571 = FACE_BOUND('',#5572,.T.);
#5572 = EDGE_LOOP('',(#5573,#5574,#5582,#5588,#5589,#5590));
#5573 = ORIENTED_EDGE('',*,*,#5558,.T.);
#5574 = ORIENTED_EDGE('',*,*,#5575,.T.);
#5575 = EDGE_CURVE('',#5551,#5576,#5578,.T.);
#5576 = VERTEX_POINT('',#5577);
#5577 = CARTESIAN_POINT('',(3.,-4.,-12.));
#5578 = LINE('',#5579,#5580);
#5579 = CARTESIAN_POINT('',(3.,-4.,-6.5));
#5580 = VECTOR('',#5581,1.);
#5581 = DIRECTION('',(0.,0.,-1.));
#5582 = ORIENTED_EDGE('',*,*,#5583,.F.);
#5583 = EDGE_CURVE('',#4614,#5576,#5584,.T.);
#5584 = LINE('',#5585,#5586);
#5585 = CARTESIAN_POINT('',(0.,-4.,-12.));
#5586 = VECTOR('',#5587,1.);
#5587 = DIRECTION('',(1.,0.,0.));
#5588 = ORIENTED_EDGE('',*,*,#4613,.T.);
#5589 = ORIENTED_EDGE('',*,*,#3965,.T.);
#5590 = ORIENTED_EDGE('',*,*,#4035,.T.);
#5591 = PLANE('',#5592);
#5592 = AXIS2_PLACEMENT_3D('',#5593,#5594,#5595);
#5593 = CARTESIAN_POINT('',(2.5,-4.,-11.4));
#5594 = DIRECTION('',(0.,1.,0.));
#5595 = DIRECTION('',(0.,-0.,1.));
#5596 = ADVANCED_FACE('',(#5597),#5615,.T.);
#5597 = FACE_BOUND('',#5598,.T.);
#5598 = EDGE_LOOP('',(#5599,#5600,#5608,#5614));
#5599 = ORIENTED_EDGE('',*,*,#4091,.T.);
#5600 = ORIENTED_EDGE('',*,*,#5601,.F.);
#5601 = EDGE_CURVE('',#5602,#4092,#5604,.T.);
#5602 = VERTEX_POINT('',#5603);
#5603 = CARTESIAN_POINT('',(3.,-3.,-12.));
#5604 = LINE('',#5605,#5606);
#5605 = CARTESIAN_POINT('',(0.,-3.,-12.));
#5606 = VECTOR('',#5607,1.);
#5607 = DIRECTION('',(1.,0.,0.));
#5608 = ORIENTED_EDGE('',*,*,#5609,.T.);
#5609 = EDGE_CURVE('',#5602,#4051,#5610,.T.);
#5610 = LINE('',#5611,#5612);
#5611 = CARTESIAN_POINT('',(3.,-3.,-6.5));
#5612 = VECTOR('',#5613,1.);
#5613 = DIRECTION('',(0.,0.,1.));
#5614 = ORIENTED_EDGE('',*,*,#4050,.T.);
#5615 = PLANE('',#5616);
#5616 = AXIS2_PLACEMENT_3D('',#5617,#5618,#5619);
#5617 = CARTESIAN_POINT('',(3.75,-3.,-11.));
#5618 = DIRECTION('',(0.,1.,0.));
#5619 = DIRECTION('',(0.,-0.,1.));
#5620 = ADVANCED_FACE('',(#5621),#5632,.F.);
#5621 = FACE_BOUND('',#5622,.F.);
#5622 = EDGE_LOOP('',(#5623,#5624,#5630,#5631));
#5623 = ORIENTED_EDGE('',*,*,#4730,.T.);
#5624 = ORIENTED_EDGE('',*,*,#5625,.F.);
#5625 = EDGE_CURVE('',#4061,#4696,#5626,.T.);
#5626 = LINE('',#5627,#5628);
#5627 = CARTESIAN_POINT('',(3.,-3.7,-10.));
#5628 = VECTOR('',#5629,1.);
#5629 = DIRECTION('',(0.,1.,0.));
#5630 = ORIENTED_EDGE('',*,*,#4652,.T.);
#5631 = ORIENTED_EDGE('',*,*,#4140,.T.);
#5632 = CYLINDRICAL_SURFACE('',#5633,0.15);
#5633 = AXIS2_PLACEMENT_3D('',#5634,#5635,#5636);
#5634 = CARTESIAN_POINT('',(3.,-2.637387292123,-9.85));
#5635 = DIRECTION('',(0.,-1.,0.));
#5636 = DIRECTION('',(0.,0.,-1.));
#5637 = ADVANCED_FACE('',(#5638),#5667,.T.);
#5638 = FACE_BOUND('',#5639,.T.);
#5639 = EDGE_LOOP('',(#5640,#5649,#5657,#5664,#5665,#5666));
#5640 = ORIENTED_EDGE('',*,*,#5641,.F.);
#5641 = EDGE_CURVE('',#5642,#4252,#5644,.T.);
#5642 = VERTEX_POINT('',#5643);
#5643 = CARTESIAN_POINT('',(3.,-4.335365016152,-9.787701730019));
#5644 = CIRCLE('',#5645,0.3);
#5645 = AXIS2_PLACEMENT_3D('',#5646,#5647,#5648);
#5646 = CARTESIAN_POINT('',(2.968642160549,-4.513204160933,
    -9.548139787113));
#5647 = DIRECTION('',(-0.984807753012,0.173648177667,0.));
#5648 = DIRECTION('',(0.173648177667,0.984807753012,5.78241158658E-15));
#5649 = ORIENTED_EDGE('',*,*,#5650,.T.);
#5650 = EDGE_CURVE('',#5642,#5651,#5653,.T.);
#5651 = VERTEX_POINT('',#5652);
#5652 = CARTESIAN_POINT('',(3.,-4.335365016153,-7.281813417257));
#5653 = LINE('',#5654,#5655);
#5654 = CARTESIAN_POINT('',(3.,-4.335365016152,-6.5));
#5655 = VECTOR('',#5656,1.);
#5656 = DIRECTION('',(0.,0.,1.));
#5657 = ORIENTED_EDGE('',*,*,#5658,.F.);
#5658 = EDGE_CURVE('',#4188,#5651,#5659,.T.);
#5659 = CIRCLE('',#5660,0.300000000001);
#5660 = AXIS2_PLACEMENT_3D('',#5661,#5662,#5663);
#5661 = CARTESIAN_POINT('',(2.96864216055,-4.513204160933,
    -7.521375360165));
#5662 = DIRECTION('',(-0.984807753012,0.173648177667,-9.860761315263E-32
    ));
#5663 = DIRECTION('',(0.173648177667,0.984807753012,2.891205793284E-15)
  );
#5664 = ORIENTED_EDGE('',*,*,#4187,.T.);
#5665 = ORIENTED_EDGE('',*,*,#4155,.T.);
#5666 = ORIENTED_EDGE('',*,*,#4259,.T.);
#5667 = PLANE('',#5668);
#5668 = AXIS2_PLACEMENT_3D('',#5669,#5670,#5671);
#5669 = CARTESIAN_POINT('',(2.955810632829,-4.585975370814,
    -8.534757573639));
#5670 = DIRECTION('',(0.984807753012,-0.173648177666,0.));
#5671 = DIRECTION('',(0.173648177666,0.984807753012,0.));
#5672 = ADVANCED_FACE('',(#5673),#5693,.T.);
#5673 = FACE_BOUND('',#5674,.T.);
#5674 = EDGE_LOOP('',(#5675,#5676,#5685,#5691,#5692));
#5675 = ORIENTED_EDGE('',*,*,#5658,.T.);
#5676 = ORIENTED_EDGE('',*,*,#5677,.T.);
#5677 = EDGE_CURVE('',#5651,#5678,#5680,.T.);
#5678 = VERTEX_POINT('',#5679);
#5679 = CARTESIAN_POINT('',(3.,-4.214105410517,-7.521375360166));
#5680 = ( BOUNDED_CURVE() B_SPLINE_CURVE(3,(#5681,#5682,#5683,#5684),
.UNSPECIFIED.,.F.,.F.) B_SPLINE_CURVE_WITH_KNOTS((4,4),(2.216727152813,
3.141592653593),.PIECEWISE_BEZIER_KNOTS.) CURVE() 
GEOMETRIC_REPRESENTATION_ITEM() RATIONAL_B_SPLINE_CURVE((1.,
0.92997988808,0.92997988808,1.)) REPRESENTATION_ITEM('') );
#5681 = CARTESIAN_POINT('',(3.,-4.335365016153,-7.281813417257));
#5682 = CARTESIAN_POINT('',(3.,-4.257568574682,-7.339565714847));
#5683 = CARTESIAN_POINT('',(3.,-4.214105410517,-7.425432067436));
#5684 = CARTESIAN_POINT('',(3.,-4.214105410517,-7.521375360166));
#5685 = ORIENTED_EDGE('',*,*,#5686,.F.);
#5686 = EDGE_CURVE('',#4210,#5678,#5687,.T.);
#5687 = LINE('',#5688,#5689);
#5688 = CARTESIAN_POINT('',(2.873015450898,-4.191714608377,
    -7.521375360167));
#5689 = VECTOR('',#5690,1.);
#5690 = DIRECTION('',(0.984807753012,-0.173648177669,0.));
#5691 = ORIENTED_EDGE('',*,*,#4209,.T.);
#5692 = ORIENTED_EDGE('',*,*,#4195,.T.);
#5693 = CYLINDRICAL_SURFACE('',#5694,0.300000000001);
#5694 = AXIS2_PLACEMENT_3D('',#5695,#5696,#5697);
#5695 = CARTESIAN_POINT('',(2.65606725043,-4.458088770786,
    -7.521375360165));
#5696 = DIRECTION('',(0.984807753012,-0.173648177667,0.));
#5697 = DIRECTION('',(0.173648177667,0.984807753012,0.));
#5698 = ADVANCED_FACE('',(#5699),#5717,.T.);
#5699 = FACE_BOUND('',#5700,.T.);
#5700 = EDGE_LOOP('',(#5701,#5702,#5710,#5716));
#5701 = ORIENTED_EDGE('',*,*,#5686,.T.);
#5702 = ORIENTED_EDGE('',*,*,#5703,.T.);
#5703 = EDGE_CURVE('',#5678,#5704,#5706,.T.);
#5704 = VERTEX_POINT('',#5705);
#5705 = CARTESIAN_POINT('',(3.,-4.214105410518,-9.548139787113));
#5706 = LINE('',#5707,#5708);
#5707 = CARTESIAN_POINT('',(3.,-4.214105410518,-6.5));
#5708 = VECTOR('',#5709,1.);
#5709 = DIRECTION('',(0.,0.,-1.));
#5710 = ORIENTED_EDGE('',*,*,#5711,.F.);
#5711 = EDGE_CURVE('',#4219,#5704,#5712,.T.);
#5712 = LINE('',#5713,#5714);
#5713 = CARTESIAN_POINT('',(2.70816170373,-4.162646444882,
    -9.548139787113));
#5714 = VECTOR('',#5715,1.);
#5715 = DIRECTION('',(0.984807753012,-0.173648177667,0.));
#5716 = ORIENTED_EDGE('',*,*,#4218,.T.);
#5717 = PLANE('',#5718);
#5718 = AXIS2_PLACEMENT_3D('',#5719,#5720,#5721);
#5719 = CARTESIAN_POINT('',(2.873015450898,-4.191714608377,
    -8.534757573639));
#5720 = DIRECTION('',(0.173648177669,0.984807753012,0.));
#5721 = DIRECTION('',(-0.984807753012,0.173648177669,0.));
#5722 = ADVANCED_FACE('',(#5723),#5736,.T.);
#5723 = FACE_BOUND('',#5724,.T.);
#5724 = EDGE_LOOP('',(#5725,#5726,#5733,#5734,#5735));
#5725 = ORIENTED_EDGE('',*,*,#5711,.T.);
#5726 = ORIENTED_EDGE('',*,*,#5727,.T.);
#5727 = EDGE_CURVE('',#5704,#5642,#5728,.T.);
#5728 = ( BOUNDED_CURVE() B_SPLINE_CURVE(3,(#5729,#5730,#5731,#5732),
.UNSPECIFIED.,.F.,.F.) B_SPLINE_CURVE_WITH_KNOTS((4,4),(3.14159265359,
4.066458154359),.PIECEWISE_BEZIER_KNOTS.) CURVE() 
GEOMETRIC_REPRESENTATION_ITEM() RATIONAL_B_SPLINE_CURVE((1.,
0.929979888081,0.929979888081,1.)) REPRESENTATION_ITEM('') );
#5729 = CARTESIAN_POINT('',(3.,-4.214105410518,-9.548139787113));
#5730 = CARTESIAN_POINT('',(3.,-4.214105410518,-9.644083079842));
#5731 = CARTESIAN_POINT('',(3.,-4.257568574682,-9.729949432429));
#5732 = CARTESIAN_POINT('',(3.,-4.335365016152,-9.787701730019));
#5733 = ORIENTED_EDGE('',*,*,#5641,.T.);
#5734 = ORIENTED_EDGE('',*,*,#4251,.T.);
#5735 = ORIENTED_EDGE('',*,*,#4226,.T.);
#5736 = CYLINDRICAL_SURFACE('',#5737,0.3);
#5737 = AXIS2_PLACEMENT_3D('',#5738,#5739,#5740);
#5738 = CARTESIAN_POINT('',(2.65606725043,-4.458088770786,
    -9.548139787113));
#5739 = DIRECTION('',(0.984807753012,-0.173648177667,0.));
#5740 = DIRECTION('',(0.173648177667,0.984807753012,0.));
#5741 = ADVANCED_FACE('',(#5742),#5769,.F.);
#5742 = FACE_BOUND('',#5743,.F.);
#5743 = EDGE_LOOP('',(#5744,#5753,#5754,#5763));
#5744 = ORIENTED_EDGE('',*,*,#5745,.F.);
#5745 = EDGE_CURVE('',#4312,#5746,#5748,.T.);
#5746 = VERTEX_POINT('',#5747);
#5747 = CARTESIAN_POINT('',(4.8,-6.05,-11.75));
#5748 = CIRCLE('',#5749,0.15);
#5749 = AXIS2_PLACEMENT_3D('',#5750,#5751,#5752);
#5750 = CARTESIAN_POINT('',(4.95,-6.05,-11.75));
#5751 = DIRECTION('',(0.,0.,-1.));
#5752 = DIRECTION('',(-1.,0.,0.));
#5753 = ORIENTED_EDGE('',*,*,#4319,.T.);
#5754 = ORIENTED_EDGE('',*,*,#5755,.T.);
#5755 = EDGE_CURVE('',#4278,#5756,#5758,.T.);
#5756 = VERTEX_POINT('',#5757);
#5757 = CARTESIAN_POINT('',(4.8,-6.05,-10.25));
#5758 = CIRCLE('',#5759,0.15);
#5759 = AXIS2_PLACEMENT_3D('',#5760,#5761,#5762);
#5760 = CARTESIAN_POINT('',(4.95,-6.05,-10.25));
#5761 = DIRECTION('',(0.,0.,-1.));
#5762 = DIRECTION('',(-1.,0.,0.));
#5763 = ORIENTED_EDGE('',*,*,#5764,.T.);
#5764 = EDGE_CURVE('',#5756,#5746,#5765,.T.);
#5765 = LINE('',#5766,#5767);
#5766 = CARTESIAN_POINT('',(4.8,-6.05,-11.));
#5767 = VECTOR('',#5768,1.);
#5768 = DIRECTION('',(0.,0.,-1.));
#5769 = CYLINDRICAL_SURFACE('',#5770,0.15);
#5770 = AXIS2_PLACEMENT_3D('',#5771,#5772,#5773);
#5771 = CARTESIAN_POINT('',(4.95,-6.05,-10.22));
#5772 = DIRECTION('',(0.,0.,-1.));
#5773 = DIRECTION('',(-1.,0.,0.));
#5774 = ADVANCED_FACE('',(#5775),#5820,.T.);
#5775 = FACE_BOUND('',#5776,.T.);
#5776 = EDGE_LOOP('',(#5777,#5788,#5795,#5796,#5805,#5814));
#5777 = ORIENTED_EDGE('',*,*,#5778,.T.);
#5778 = EDGE_CURVE('',#5779,#5781,#5783,.T.);
#5779 = VERTEX_POINT('',#5780);
#5780 = CARTESIAN_POINT('',(4.8,-3.1,-12.));
#5781 = VERTEX_POINT('',#5782);
#5782 = CARTESIAN_POINT('',(4.5,-2.675735931288,-12.));
#5783 = CIRCLE('',#5784,0.45);
#5784 = AXIS2_PLACEMENT_3D('',#5785,#5786,#5787);
#5785 = CARTESIAN_POINT('',(4.35,-3.1,-12.));
#5786 = DIRECTION('',(0.,0.,1.));
#5787 = DIRECTION('',(1.,0.,-0.));
#5788 = ORIENTED_EDGE('',*,*,#5789,.F.);
#5789 = EDGE_CURVE('',#4706,#5781,#5790,.T.);
#5790 = CIRCLE('',#5791,0.45);
#5791 = AXIS2_PLACEMENT_3D('',#5792,#5793,#5794);
#5792 = CARTESIAN_POINT('',(4.35,-3.1,-12.));
#5793 = DIRECTION('',(0.,-0.,-1.));
#5794 = DIRECTION('',(1.,-3.854941057726E-15,0.));
#5795 = ORIENTED_EDGE('',*,*,#4705,.T.);
#5796 = ORIENTED_EDGE('',*,*,#5797,.T.);
#5797 = EDGE_CURVE('',#4698,#5798,#5800,.T.);
#5798 = VERTEX_POINT('',#5799);
#5799 = CARTESIAN_POINT('',(4.5,-2.675735931288,-10.));
#5800 = CIRCLE('',#5801,0.45);
#5801 = AXIS2_PLACEMENT_3D('',#5802,#5803,#5804);
#5802 = CARTESIAN_POINT('',(4.35,-3.1,-10.));
#5803 = DIRECTION('',(0.,-0.,-1.));
#5804 = DIRECTION('',(1.,-3.854941057726E-15,0.));
#5805 = ORIENTED_EDGE('',*,*,#5806,.T.);
#5806 = EDGE_CURVE('',#5798,#5807,#5809,.T.);
#5807 = VERTEX_POINT('',#5808);
#5808 = CARTESIAN_POINT('',(4.8,-3.1,-10.));
#5809 = CIRCLE('',#5810,0.45);
#5810 = AXIS2_PLACEMENT_3D('',#5811,#5812,#5813);
#5811 = CARTESIAN_POINT('',(4.35,-3.1,-10.));
#5812 = DIRECTION('',(0.,-0.,-1.));
#5813 = DIRECTION('',(1.,9.637352644316E-16,-0.));
#5814 = ORIENTED_EDGE('',*,*,#5815,.F.);
#5815 = EDGE_CURVE('',#5779,#5807,#5816,.T.);
#5816 = LINE('',#5817,#5818);
#5817 = CARTESIAN_POINT('',(4.8,-3.1,-11.));
#5818 = VECTOR('',#5819,1.);
#5819 = DIRECTION('',(0.,0.,1.));
#5820 = CYLINDRICAL_SURFACE('',#5821,0.45);
#5821 = AXIS2_PLACEMENT_3D('',#5822,#5823,#5824);
#5822 = CARTESIAN_POINT('',(4.35,-3.1,-12.04));
#5823 = DIRECTION('',(0.,0.,1.));
#5824 = DIRECTION('',(1.,0.,-0.));
#5825 = ADVANCED_FACE('',(#5826,#5830),#5834,.F.);
#5826 = FACE_BOUND('',#5827,.T.);
#5827 = EDGE_LOOP('',(#5828,#5829));
#5828 = ORIENTED_EDGE('',*,*,#21,.F.);
#5829 = ORIENTED_EDGE('',*,*,#1039,.F.);
#5830 = FACE_BOUND('',#5831,.T.);
#5831 = EDGE_LOOP('',(#5832,#5833));
#5832 = ORIENTED_EDGE('',*,*,#264,.T.);
#5833 = ORIENTED_EDGE('',*,*,#921,.T.);
#5834 = PLANE('',#5835);
#5835 = AXIS2_PLACEMENT_3D('',#5836,#5837,#5838);
#5836 = CARTESIAN_POINT('',(0.,-1.300001804819,-13.5));
#5837 = DIRECTION('',(0.,0.,1.));
#5838 = DIRECTION('',(1.,0.,-0.));
#5839 = ADVANCED_FACE('',(#5840),#5876,.F.);
#5840 = FACE_BOUND('',#5841,.F.);
#5841 = EDGE_LOOP('',(#5842,#5853,#5861,#5870));
#5842 = ORIENTED_EDGE('',*,*,#5843,.T.);
#5843 = EDGE_CURVE('',#5844,#5846,#5848,.T.);
#5844 = VERTEX_POINT('',#5845);
#5845 = CARTESIAN_POINT('',(-4.3,-6.1,-13.5));
#5846 = VERTEX_POINT('',#5847);
#5847 = CARTESIAN_POINT('',(-4.5,-6.1,-13.3));
#5848 = CIRCLE('',#5849,0.2);
#5849 = AXIS2_PLACEMENT_3D('',#5850,#5851,#5852);
#5850 = CARTESIAN_POINT('',(-4.3,-6.1,-13.3));
#5851 = DIRECTION('',(0.,1.,0.));
#5852 = DIRECTION('',(0.,0.,-1.));
#5853 = ORIENTED_EDGE('',*,*,#5854,.T.);
#5854 = EDGE_CURVE('',#5846,#5855,#5857,.T.);
#5855 = VERTEX_POINT('',#5856);
#5856 = CARTESIAN_POINT('',(-4.5,-3.1,-13.3));
#5857 = LINE('',#5858,#5859);
#5858 = CARTESIAN_POINT('',(-4.5,-4.6,-13.3));
#5859 = VECTOR('',#5860,1.);
#5860 = DIRECTION('',(0.,1.,0.));
#5861 = ORIENTED_EDGE('',*,*,#5862,.T.);
#5862 = EDGE_CURVE('',#5855,#5863,#5865,.T.);
#5863 = VERTEX_POINT('',#5864);
#5864 = CARTESIAN_POINT('',(-4.3,-3.1,-13.5));
#5865 = CIRCLE('',#5866,0.2);
#5866 = AXIS2_PLACEMENT_3D('',#5867,#5868,#5869);
#5867 = CARTESIAN_POINT('',(-4.3,-3.1,-13.3));
#5868 = DIRECTION('',(0.,-1.,0.));
#5869 = DIRECTION('',(0.,0.,-1.));
#5870 = ORIENTED_EDGE('',*,*,#5871,.T.);
#5871 = EDGE_CURVE('',#5863,#5844,#5872,.T.);
#5872 = LINE('',#5873,#5874);
#5873 = CARTESIAN_POINT('',(-4.3,-1.849416766277,-13.5));
#5874 = VECTOR('',#5875,1.);
#5875 = DIRECTION('',(-0.,-1.,-0.));
#5876 = CYLINDRICAL_SURFACE('',#5877,0.2);
#5877 = AXIS2_PLACEMENT_3D('',#5878,#5879,#5880);
#5878 = CARTESIAN_POINT('',(-4.3,-3.04,-13.3));
#5879 = DIRECTION('',(0.,-1.,0.));
#5880 = DIRECTION('',(0.,0.,-1.));
#5881 = ADVANCED_FACE('',(#5882),#5909,.F.);
#5882 = FACE_BOUND('',#5883,.F.);
#5883 = EDGE_LOOP('',(#5884,#5893,#5894,#5903));
#5884 = ORIENTED_EDGE('',*,*,#5885,.T.);
#5885 = EDGE_CURVE('',#5886,#4438,#5888,.T.);
#5886 = VERTEX_POINT('',#5887);
#5887 = CARTESIAN_POINT('',(-4.9,-5.9,-4.25));
#5888 = CIRCLE('',#5889,0.2);
#5889 = AXIS2_PLACEMENT_3D('',#5890,#5891,#5892);
#5890 = CARTESIAN_POINT('',(-5.1,-5.9,-4.25));
#5891 = DIRECTION('',(0.,0.,-1.));
#5892 = DIRECTION('',(1.,0.,0.));
#5893 = ORIENTED_EDGE('',*,*,#4445,.T.);
#5894 = ORIENTED_EDGE('',*,*,#5895,.T.);
#5895 = EDGE_CURVE('',#4402,#5896,#5898,.T.);
#5896 = VERTEX_POINT('',#5897);
#5897 = CARTESIAN_POINT('',(-4.9,-5.9,-5.75));
#5898 = CIRCLE('',#5899,0.2);
#5899 = AXIS2_PLACEMENT_3D('',#5900,#5901,#5902);
#5900 = CARTESIAN_POINT('',(-5.1,-5.9,-5.75));
#5901 = DIRECTION('',(0.,0.,1.));
#5902 = DIRECTION('',(1.,0.,-0.));
#5903 = ORIENTED_EDGE('',*,*,#5904,.F.);
#5904 = EDGE_CURVE('',#5886,#5896,#5905,.T.);
#5905 = LINE('',#5906,#5907);
#5906 = CARTESIAN_POINT('',(-4.9,-5.9,-8.775));
#5907 = VECTOR('',#5908,1.);
#5908 = DIRECTION('',(0.,0.,-1.));
#5909 = CYLINDRICAL_SURFACE('',#5910,0.2);
#5910 = AXIS2_PLACEMENT_3D('',#5911,#5912,#5913);
#5911 = CARTESIAN_POINT('',(-5.1,-5.9,-5.78));
#5912 = DIRECTION('',(0.,0.,1.));
#5913 = DIRECTION('',(1.,0.,-0.));
#5914 = ADVANCED_FACE('',(#5915),#5942,.F.);
#5915 = FACE_BOUND('',#5916,.F.);
#5916 = EDGE_LOOP('',(#5917,#5926,#5927,#5936));
#5917 = ORIENTED_EDGE('',*,*,#5918,.T.);
#5918 = EDGE_CURVE('',#5919,#4380,#5921,.T.);
#5919 = VERTEX_POINT('',#5920);
#5920 = CARTESIAN_POINT('',(-4.9,-5.9,-10.25));
#5921 = CIRCLE('',#5922,0.2);
#5922 = AXIS2_PLACEMENT_3D('',#5923,#5924,#5925);
#5923 = CARTESIAN_POINT('',(-5.1,-5.9,-10.25));
#5924 = DIRECTION('',(0.,0.,-1.));
#5925 = DIRECTION('',(1.,0.,0.));
#5926 = ORIENTED_EDGE('',*,*,#4387,.T.);
#5927 = ORIENTED_EDGE('',*,*,#5928,.F.);
#5928 = EDGE_CURVE('',#5929,#4344,#5931,.T.);
#5929 = VERTEX_POINT('',#5930);
#5930 = CARTESIAN_POINT('',(-4.9,-5.9,-11.75));
#5931 = CIRCLE('',#5932,0.2);
#5932 = AXIS2_PLACEMENT_3D('',#5933,#5934,#5935);
#5933 = CARTESIAN_POINT('',(-5.1,-5.9,-11.75));
#5934 = DIRECTION('',(0.,0.,-1.));
#5935 = DIRECTION('',(1.,0.,0.));
#5936 = ORIENTED_EDGE('',*,*,#5937,.F.);
#5937 = EDGE_CURVE('',#5919,#5929,#5938,.T.);
#5938 = LINE('',#5939,#5940);
#5939 = CARTESIAN_POINT('',(-4.9,-5.9,-8.775));
#5940 = VECTOR('',#5941,1.);
#5941 = DIRECTION('',(0.,0.,-1.));
#5942 = CYLINDRICAL_SURFACE('',#5943,0.2);
#5943 = AXIS2_PLACEMENT_3D('',#5944,#5945,#5946);
#5944 = CARTESIAN_POINT('',(-5.1,-5.9,-11.78));
#5945 = DIRECTION('',(0.,0.,1.));
#5946 = DIRECTION('',(1.,0.,-0.));
#5947 = ADVANCED_FACE('',(#5948),#6012,.T.);
#5948 = FACE_BOUND('',#5949,.T.);
#5949 = EDGE_LOOP('',(#5950,#5960,#5997,#6005));
#5950 = ORIENTED_EDGE('',*,*,#5951,.F.);
#5951 = EDGE_CURVE('',#5952,#5954,#5956,.T.);
#5952 = VERTEX_POINT('',#5953);
#5953 = CARTESIAN_POINT('',(2.999999999947,2.491987159002,
    -7.699999996134));
#5954 = VERTEX_POINT('',#5955);
#5955 = CARTESIAN_POINT('',(2.999999999991,4.5,-7.699999998067));
#5956 = LINE('',#5957,#5958);
#5957 = CARTESIAN_POINT('',(3.,3.495993579565,-7.699999996134));
#5958 = VECTOR('',#5959,1.);
#5959 = DIRECTION('',(0.,1.,0.));
#5960 = ORIENTED_EDGE('',*,*,#5961,.F.);
#5961 = EDGE_CURVE('',#5962,#5952,#5964,.T.);
#5962 = VERTEX_POINT('',#5963);
#5963 = CARTESIAN_POINT('',(-2.999999999961,2.49198715897,
    -7.699999991023));
#5964 = B_SPLINE_CURVE_WITH_KNOTS('',3,(#5965,#5966,#5967,#5968,#5969,
    #5970,#5971,#5972,#5973,#5974,#5975,#5976,#5977,#5978,#5979,#5980,
    #5981,#5982,#5983,#5984,#5985,#5986,#5987,#5988,#5989,#5990,#5991,
    #5992,#5993,#5994,#5995,#5996),.UNSPECIFIED.,.F.,.F.,(4,2,2,2,2,2,2,
    2,2,2,2,2,2,2,2,4),(0.,6.152579856394E-04,1.230515971279E-03,
    2.461031942558E-03,3.076289928197E-03,3.691547913837E-03,
    4.306805899476E-03,4.922063885116E-03,5.537321870755E-03,
    6.152579856394E-03,6.767837842034E-03,7.383095827673E-03,
    7.998353813313E-03,8.613611798952E-03,9.228869784592E-03,
    9.844127770231E-03),.UNSPECIFIED.);
#5965 = CARTESIAN_POINT('',(-2.999999999961,2.49198715897,
    -7.699999991023));
#5966 = CARTESIAN_POINT('',(-3.000000000379,2.491987158358,
    -7.909539797198));
#5967 = CARTESIAN_POINT('',(-2.978361098108,2.51857041524,
    -8.111900951889));
#5968 = CARTESIAN_POINT('',(-2.896930863309,2.61182375754,
    -8.505039625173));
#5969 = CARTESIAN_POINT('',(-2.836518466692,2.678691826971,
    -8.695415937178));
#5970 = CARTESIAN_POINT('',(-2.612074901195,2.903785869105,
    -9.224409495524));
#5971 = CARTESIAN_POINT('',(-2.40025255615,3.089894411523,
    -9.538201275171));
#5972 = CARTESIAN_POINT('',(-2.006169984671,3.348125885406,
    -9.938376880229));
#5973 = CARTESIAN_POINT('',(-1.85968814616,3.432543542244,
    -10.06184688422));
#5974 = CARTESIAN_POINT('',(-1.543893586605,3.585692089906,
    -10.27937071758));
#5975 = CARTESIAN_POINT('',(-1.374811194492,3.654652052425,
    -10.37381487051));
#5976 = CARTESIAN_POINT('',(-1.010582816631,3.771645505019,
    -10.53162747426));
#5977 = CARTESIAN_POINT('',(-0.816271152487,3.818942250205,
    -10.59396839016));
#5978 = CARTESIAN_POINT('',(-0.418271273831,3.882739708797,
    -10.67765021101));
#5979 = CARTESIAN_POINT('',(-0.209249336363,3.899835915408,
    -10.69978668998));
#5980 = CARTESIAN_POINT('',(0.203087542176,3.900161650764,
    -10.70021014603));
#5981 = CARTESIAN_POINT('',(0.407780179647,3.883999003472,
    -10.67929219591));
#5982 = CARTESIAN_POINT('',(0.811331704336,3.820140547077,
    -10.59554960743));
#5983 = CARTESIAN_POINT('',(1.002814440496,3.773734072126,
    -10.53440315287));
#5984 = CARTESIAN_POINT('',(1.367862148674,3.657274776581,
    -10.37739260799));
#5985 = CARTESIAN_POINT('',(1.540306868919,3.587236180688,
    -10.28151035634));
#5986 = CARTESIAN_POINT('',(1.856322180002,3.434366991239,
    -10.06448914871));
#5987 = CARTESIAN_POINT('',(2.002847893527,3.35015243875,-9.941419669244
    ));
#5988 = CARTESIAN_POINT('',(2.267066414106,3.177315049141,
    -9.673770932078));
#5989 = CARTESIAN_POINT('',(2.384794001435,3.088885640648,-9.52971980677
    ));
#5990 = CARTESIAN_POINT('',(2.593954744962,2.915451202022,-9.21872175913
    ));
#5991 = CARTESIAN_POINT('',(2.68562261052,2.829972992478,-9.050665529969
    ));
#5992 = CARTESIAN_POINT('',(2.835895434801,2.67936802757,-8.697277926587
    ));
#5993 = CARTESIAN_POINT('',(2.895903512805,2.612981376295,
    -8.509166535178));
#5994 = CARTESIAN_POINT('',(2.978377245558,2.518570588942,
    -8.112645877565));
#5995 = CARTESIAN_POINT('',(3.00000000027,2.491987158551,-7.909354660562
    ));
#5996 = CARTESIAN_POINT('',(2.999999999947,2.491987159002,
    -7.699999996134));
#5997 = ORIENTED_EDGE('',*,*,#5998,.T.);
#5998 = EDGE_CURVE('',#5962,#5999,#6001,.T.);
#5999 = VERTEX_POINT('',#6000);
#6000 = CARTESIAN_POINT('',(-2.999999999999,4.5,-7.699999994016));
#6001 = LINE('',#6002,#6003);
#6002 = CARTESIAN_POINT('',(-3.,3.49599357956,-7.699999988031));
#6003 = VECTOR('',#6004,1.);
#6004 = DIRECTION('',(0.,1.,0.));
#6005 = ORIENTED_EDGE('',*,*,#6006,.F.);
#6006 = EDGE_CURVE('',#5954,#5999,#6007,.T.);
#6007 = CIRCLE('',#6008,3.);
#6008 = AXIS2_PLACEMENT_3D('',#6009,#6010,#6011);
#6009 = CARTESIAN_POINT('',(0.,4.5,-7.7));
#6010 = DIRECTION('',(0.,1.,0.));
#6011 = DIRECTION('',(0.,-0.,1.));
#6012 = CYLINDRICAL_SURFACE('',#6013,3.);
#6013 = AXIS2_PLACEMENT_3D('',#6014,#6015,#6016);
#6014 = CARTESIAN_POINT('',(0.,2.45182690303,-7.7));
#6015 = DIRECTION('',(0.,1.,0.));
#6016 = DIRECTION('',(0.,-0.,1.));
#6017 = ADVANCED_FACE('',(#6018),#6045,.T.);
#6018 = FACE_BOUND('',#6019,.T.);
#6019 = EDGE_LOOP('',(#6020,#6021,#6022,#6030,#6038));
#6020 = ORIENTED_EDGE('',*,*,#2553,.T.);
#6021 = ORIENTED_EDGE('',*,*,#4501,.T.);
#6022 = ORIENTED_EDGE('',*,*,#6023,.F.);
#6023 = EDGE_CURVE('',#6024,#4502,#6026,.T.);
#6024 = VERTEX_POINT('',#6025);
#6025 = CARTESIAN_POINT('',(1.,-1.9,-12.));
#6026 = LINE('',#6027,#6028);
#6027 = CARTESIAN_POINT('',(1.,-1.298147720928,-12.));
#6028 = VECTOR('',#6029,1.);
#6029 = DIRECTION('',(-0.,-1.,-0.));
#6030 = ORIENTED_EDGE('',*,*,#6031,.T.);
#6031 = EDGE_CURVE('',#6024,#6032,#6034,.T.);
#6032 = VERTEX_POINT('',#6033);
#6033 = CARTESIAN_POINT('',(1.,-1.9,-10.23979157616));
#6034 = LINE('',#6035,#6036);
#6035 = CARTESIAN_POINT('',(1.,-1.9,-6.5));
#6036 = VECTOR('',#6037,1.);
#6037 = DIRECTION('',(0.,0.,1.));
#6038 = ORIENTED_EDGE('',*,*,#6039,.F.);
#6039 = EDGE_CURVE('',#2554,#6032,#6040,.T.);
#6040 = CIRCLE('',#6041,0.6);
#6041 = AXIS2_PLACEMENT_3D('',#6042,#6043,#6044);
#6042 = CARTESIAN_POINT('',(1.,-2.45,-10.));
#6043 = DIRECTION('',(1.,0.,0.));
#6044 = DIRECTION('',(0.,0.,-1.));
#6045 = PLANE('',#6046);
#6046 = AXIS2_PLACEMENT_3D('',#6047,#6048,#6049);
#6047 = CARTESIAN_POINT('',(1.,-2.2,-10.75));
#6048 = DIRECTION('',(1.,0.,0.));
#6049 = DIRECTION('',(0.,0.,-1.));
#6050 = ADVANCED_FACE('',(#6051),#6070,.T.);
#6051 = FACE_BOUND('',#6052,.T.);
#6052 = EDGE_LOOP('',(#6053,#6054,#6062,#6069));
#6053 = ORIENTED_EDGE('',*,*,#6039,.T.);
#6054 = ORIENTED_EDGE('',*,*,#6055,.T.);
#6055 = EDGE_CURVE('',#6032,#6056,#6058,.T.);
#6056 = VERTEX_POINT('',#6057);
#6057 = CARTESIAN_POINT('',(1.503435089264,-1.900000000001,
    -10.23979157617));
#6058 = LINE('',#6059,#6060);
#6059 = CARTESIAN_POINT('',(2.,-1.9,-10.23979157617));
#6060 = VECTOR('',#6061,1.);
#6061 = DIRECTION('',(1.,0.,0.));
#6062 = ORIENTED_EDGE('',*,*,#6063,.F.);
#6063 = EDGE_CURVE('',#2562,#6056,#6064,.T.);
#6064 = B_SPLINE_CURVE_WITH_KNOTS('',3,(#6065,#6066,#6067,#6068),
  .UNSPECIFIED.,.F.,.F.,(4,4),(0.,1.),.PIECEWISE_BEZIER_KNOTS.);
#6065 = CARTESIAN_POINT('',(1.490432551031,-2.038901207344,
    -10.43703293088));
#6066 = CARTESIAN_POINT('',(1.494766730442,-1.979926710933,
    -10.38155806261));
#6067 = CARTESIAN_POINT('',(1.499100909853,-1.932358173605,
    -10.31401017786));
#6068 = CARTESIAN_POINT('',(1.503435089264,-1.900000000001,
    -10.23979157617));
#6069 = ORIENTED_EDGE('',*,*,#2561,.T.);
#6070 = CYLINDRICAL_SURFACE('',#6071,0.6);
#6071 = AXIS2_PLACEMENT_3D('',#6072,#6073,#6074);
#6072 = CARTESIAN_POINT('',(-1.593459370097,-2.45,-10.));
#6073 = DIRECTION('',(1.,0.,0.));
#6074 = DIRECTION('',(0.,0.,-1.));
#6075 = ADVANCED_FACE('',(#6076),#6101,.T.);
#6076 = FACE_BOUND('',#6077,.T.);
#6077 = EDGE_LOOP('',(#6078,#6079,#6091,#6098,#6099,#6100));
#6078 = ORIENTED_EDGE('',*,*,#6063,.T.);
#6079 = ORIENTED_EDGE('',*,*,#6080,.T.);
#6080 = EDGE_CURVE('',#6056,#6081,#6083,.T.);
#6081 = VERTEX_POINT('',#6082);
#6082 = CARTESIAN_POINT('',(1.529845073364,-1.9,-9.760208423834));
#6083 = B_SPLINE_CURVE_WITH_KNOTS('',3,(#6084,#6085,#6086,#6087,#6088,
    #6089,#6090),.UNSPECIFIED.,.F.,.F.,(4,3,4),(6.948678705814E-17,
    1.803199864171E-04,4.803085334236E-04),.UNSPECIFIED.);
#6084 = CARTESIAN_POINT('',(1.503435089264,-1.900000000001,
    -10.23979157617));
#6085 = CARTESIAN_POINT('',(1.506380966336,-1.9,-10.17975714736));
#6086 = CARTESIAN_POINT('',(1.509702000821,-1.9,-10.11974110857));
#6087 = CARTESIAN_POINT('',(1.51316541505,-1.9,-10.05973431233));
#6088 = CARTESIAN_POINT('',(1.518927335705,-1.9,-9.959903805239));
#6089 = CARTESIAN_POINT('',(1.524944242157,-1.9,-9.860084906197));
#6090 = CARTESIAN_POINT('',(1.529845073364,-1.9,-9.760208423834));
#6091 = ORIENTED_EDGE('',*,*,#6092,.F.);
#6092 = EDGE_CURVE('',#4977,#6081,#6093,.T.);
#6093 = B_SPLINE_CURVE_WITH_KNOTS('',3,(#6094,#6095,#6096,#6097),
  .UNSPECIFIED.,.F.,.F.,(4,4),(0.,1.),.PIECEWISE_BEZIER_KNOTS.);
#6094 = CARTESIAN_POINT('',(1.532172471247,-1.918804245326,
    -9.72101779588));
#6095 = CARTESIAN_POINT('',(1.531396671953,-1.912065593199,
    -9.733848518948));
#6096 = CARTESIAN_POINT('',(1.530620872658,-1.905792025408,
    -9.746923495208));
#6097 = CARTESIAN_POINT('',(1.529845073364,-1.9,-9.760208423834));
#6098 = ORIENTED_EDGE('',*,*,#4976,.T.);
#6099 = ORIENTED_EDGE('',*,*,#4462,.T.);
#6100 = ORIENTED_EDGE('',*,*,#4487,.T.);
#6101 = B_SPLINE_SURFACE_WITH_KNOTS('',3,3,(
    (#6102,#6103,#6104,#6105)
    ,(#6106,#6107,#6108,#6109)
    ,(#6110,#6111,#6112,#6113)
    ,(#6114,#6115,#6116,#6117)
    ,(#6118,#6119,#6120,#6121)
    ,(#6122,#6123,#6124,#6125)
    ,(#6126,#6127,#6128,#6129)
    ,(#6130,#6131,#6132,#6133)
    ,(#6134,#6135,#6136,#6137)
    ,(#6138,#6139,#6140,#6141)
    ,(#6142,#6143,#6144,#6145)
    ,(#6146,#6147,#6148,#6149)
    ,(#6150,#6151,#6152,#6153
    )),.UNSPECIFIED.,.F.,.F.,.F.,(4,1,1,1,1,1,1,1,1,1,4),(4,4),(
    1.707636271213E-06,1.165029507841E-02,1.369199956478E-02,
    3.239581444848E-02,0.266197252849,0.499998691249,0.73380012965,
    0.96760156805,0.986305382934,0.988348079037,0.999999597539),(
    5.257613788778E-12,0.99998772014),.UNSPECIFIED.);
#6102 = CARTESIAN_POINT('',(1.533618278664,-2.214410209878,
    -9.862401087216));
#6103 = CARTESIAN_POINT('',(1.533618278664,-2.112418095912,
    -9.802831425999));
#6104 = CARTESIAN_POINT('',(1.533618278664,-2.010425981946,
    -9.743261764781));
#6105 = CARTESIAN_POINT('',(1.533618278664,-1.90843386798,
    -9.683692103564));
#6106 = CARTESIAN_POINT('',(1.533444979523,-2.213666986498,
    -9.863671921582));
#6107 = CARTESIAN_POINT('',(1.533444979523,-2.111353114485,
    -9.804652433113));
#6108 = CARTESIAN_POINT('',(1.533444979523,-2.009039242471,
    -9.745632944643));
#6109 = CARTESIAN_POINT('',(1.533444979523,-1.906725370458,
    -9.686613456173));
#6110 = CARTESIAN_POINT('',(1.533241305383,-2.212805806618,
    -9.865172660695));
#6111 = CARTESIAN_POINT('',(1.533241305383,-2.110119110493,
    -9.806802875909));
#6112 = CARTESIAN_POINT('',(1.533241305383,-2.007432414368,
    -9.748433091122));
#6113 = CARTESIAN_POINT('',(1.533241305383,-1.904745718243,
    -9.690063306335));
#6114 = CARTESIAN_POINT('',(1.53275936957,-2.210802511737,
    -9.868743035441));
#6115 = CARTESIAN_POINT('',(1.53275936957,-2.107248544246,-9.81191894611
    ));
#6116 = CARTESIAN_POINT('',(1.53275936957,-2.003694576754,
    -9.755094856779));
#6117 = CARTESIAN_POINT('',(1.53275936957,-1.900140609262,
    -9.698270767447));
#6118 = CARTESIAN_POINT('',(1.528972406231,-2.195471462259,
    -9.897027074192));
#6119 = CARTESIAN_POINT('',(1.528972406231,-2.085280338956,
    -9.852447780785));
#6120 = CARTESIAN_POINT('',(1.528972406231,-1.975089215653,
    -9.807868487379));
#6121 = CARTESIAN_POINT('',(1.528972406231,-1.86489809235,
    -9.763289193972));
#6122 = CARTESIAN_POINT('',(1.521737491193,-2.175815284217,
    -9.956114495135));
#6123 = CARTESIAN_POINT('',(1.521737491193,-2.057114559761,
    -9.937115473961));
#6124 = CARTESIAN_POINT('',(1.521737491193,-1.938413835305,
    -9.918116452787));
#6125 = CARTESIAN_POINT('',(1.521737491193,-1.819713110848,
    -9.899117431613));
#6126 = CARTESIAN_POINT('',(1.511302511139,-2.176150189756,
    -10.04593273055));
#6127 = CARTESIAN_POINT('',(1.511302511139,-2.057594453433,
    -10.06581804172));
#6128 = CARTESIAN_POINT('',(1.511302511139,-1.939038717109,
    -10.08570335288));
#6129 = CARTESIAN_POINT('',(1.511302511139,-1.820482980786,
    -10.10558866404));
#6130 = CARTESIAN_POINT('',(1.500867531085,-2.20513950395,
    -10.13094477226));
#6131 = CARTESIAN_POINT('',(1.500867531085,-2.099133893138,
    -10.18763370653));
#6132 = CARTESIAN_POINT('',(1.500867531085,-1.993128282326,
    -10.24432264079));
#6133 = CARTESIAN_POINT('',(1.500867531085,-1.887122671514,
    -10.30101157506));
#6134 = CARTESIAN_POINT('',(1.493632616046,-2.242999003923,
    -10.18038510913));
#6135 = CARTESIAN_POINT('',(1.493632616046,-2.15338362136,
    -10.25847787617));
#6136 = CARTESIAN_POINT('',(1.493632616046,-2.063768238797,
    -10.33657064321));
#6137 = CARTESIAN_POINT('',(1.493632616046,-1.974152856234,
    -10.41466341025));
#6138 = CARTESIAN_POINT('',(1.489845637955,-2.266719641574,
    -10.20211912256));
#6139 = CARTESIAN_POINT('',(1.489845637955,-2.187373456058,
    -10.28962103238));
#6140 = CARTESIAN_POINT('',(1.489845637955,-2.108027270543,
    -10.3771229422));
#6141 = CARTESIAN_POINT('',(1.489845637955,-2.028681085028,
    -10.46462485202));
#6142 = CARTESIAN_POINT('',(1.489363643785,-2.269778616543,
    -10.20484079444));
#6143 = CARTESIAN_POINT('',(1.489363643785,-2.191756730029,
    -10.29352097718));
#6144 = CARTESIAN_POINT('',(1.489363643785,-2.113734843515,
    -10.38220115991));
#6145 = CARTESIAN_POINT('',(1.489363643785,-2.035712957001,
    -10.47088134265));
#6146 = CARTESIAN_POINT('',(1.489159911262,-2.271082705407,
    -10.20597873868));
#6147 = CARTESIAN_POINT('',(1.489159911262,-2.193625388275,-10.295151563
    ));
#6148 = CARTESIAN_POINT('',(1.489159911262,-2.116168071143,
    -10.38432438732));
#6149 = CARTESIAN_POINT('',(1.489159911262,-2.038710754011,
    -10.47349721164));
#6150 = CARTESIAN_POINT('',(1.488986568383,-2.272200188677,
    -10.20693776094));
#6151 = CARTESIAN_POINT('',(1.488986568383,-2.195226655217,
    -10.2965257673));
#6152 = CARTESIAN_POINT('',(1.488986568383,-2.118253121757,
    -10.38611377366));
#6153 = CARTESIAN_POINT('',(1.488986568383,-2.041279588297,
    -10.47570178002));
#6154 = ADVANCED_FACE('',(#6155),#6181,.T.);
#6155 = FACE_BOUND('',#6156,.T.);
#6156 = EDGE_LOOP('',(#6157,#6158,#6166,#6175));
#6157 = ORIENTED_EDGE('',*,*,#6092,.T.);
#6158 = ORIENTED_EDGE('',*,*,#6159,.T.);
#6159 = EDGE_CURVE('',#6081,#6160,#6162,.T.);
#6160 = VERTEX_POINT('',#6161);
#6161 = CARTESIAN_POINT('',(1.,-1.9,-9.760208423834));
#6162 = LINE('',#6163,#6164);
#6163 = CARTESIAN_POINT('',(2.,-1.9,-9.760208423834));
#6164 = VECTOR('',#6165,1.);
#6165 = DIRECTION('',(-1.,-0.,-0.));
#6166 = ORIENTED_EDGE('',*,*,#6167,.F.);
#6167 = EDGE_CURVE('',#6168,#6160,#6170,.T.);
#6168 = VERTEX_POINT('',#6169);
#6169 = CARTESIAN_POINT('',(1.,-1.918804245326,-9.721017795879));
#6170 = CIRCLE('',#6171,0.6);
#6171 = AXIS2_PLACEMENT_3D('',#6172,#6173,#6174);
#6172 = CARTESIAN_POINT('',(1.,-2.45,-10.));
#6173 = DIRECTION('',(-1.,0.,-0.));
#6174 = DIRECTION('',(0.,9.251858538543E-14,-1.));
#6175 = ORIENTED_EDGE('',*,*,#6176,.F.);
#6176 = EDGE_CURVE('',#4977,#6168,#6177,.T.);
#6177 = LINE('',#6178,#6179);
#6178 = CARTESIAN_POINT('',(0.,-1.918804245326,-9.72101779588));
#6179 = VECTOR('',#6180,1.);
#6180 = DIRECTION('',(-1.,-0.,-0.));
#6181 = CYLINDRICAL_SURFACE('',#6182,0.6);
#6182 = AXIS2_PLACEMENT_3D('',#6183,#6184,#6185);
#6183 = CARTESIAN_POINT('',(-1.593459370097,-2.45,-10.));
#6184 = DIRECTION('',(1.,0.,0.));
#6185 = DIRECTION('',(0.,0.,-1.));
#6186 = ADVANCED_FACE('',(#6187),#6273,.T.);
#6187 = FACE_BOUND('',#6188,.T.);
#6188 = EDGE_LOOP('',(#6189,#6197,#6205,#6213,#6219,#6220,#6221,#6229,
    #6237,#6243,#6244,#6245,#6246,#6252,#6253,#6254,#6255,#6256,#6257,
    #6258,#6259,#6260,#6261,#6267,#6268,#6269,#6270,#6271,#6272));
#6189 = ORIENTED_EDGE('',*,*,#6190,.T.);
#6190 = EDGE_CURVE('',#5781,#6191,#6193,.T.);
#6191 = VERTEX_POINT('',#6192);
#6192 = CARTESIAN_POINT('',(4.5,-2.6,-12.));
#6193 = LINE('',#6194,#6195);
#6194 = CARTESIAN_POINT('',(4.5,-1.298147720928,-12.));
#6195 = VECTOR('',#6196,1.);
#6196 = DIRECTION('',(0.,1.,0.));
#6197 = ORIENTED_EDGE('',*,*,#6198,.T.);
#6198 = EDGE_CURVE('',#6191,#6199,#6201,.T.);
#6199 = VERTEX_POINT('',#6200);
#6200 = CARTESIAN_POINT('',(3.,-2.6,-12.));
#6201 = LINE('',#6202,#6203);
#6202 = CARTESIAN_POINT('',(0.,-2.6,-12.));
#6203 = VECTOR('',#6204,1.);
#6204 = DIRECTION('',(-1.,-0.,-0.));
#6205 = ORIENTED_EDGE('',*,*,#6206,.T.);
#6206 = EDGE_CURVE('',#6199,#6207,#6209,.T.);
#6207 = VERTEX_POINT('',#6208);
#6208 = CARTESIAN_POINT('',(3.,-1.9,-12.));
#6209 = LINE('',#6210,#6211);
#6210 = CARTESIAN_POINT('',(3.,-3.7,-12.));
#6211 = VECTOR('',#6212,1.);
#6212 = DIRECTION('',(0.,1.,0.));
#6213 = ORIENTED_EDGE('',*,*,#6214,.T.);
#6214 = EDGE_CURVE('',#6207,#6024,#6215,.T.);
#6215 = LINE('',#6216,#6217);
#6216 = CARTESIAN_POINT('',(2.,-1.9,-12.));
#6217 = VECTOR('',#6218,1.);
#6218 = DIRECTION('',(-1.,-0.,-0.));
#6219 = ORIENTED_EDGE('',*,*,#6023,.T.);
#6220 = ORIENTED_EDGE('',*,*,#4518,.T.);
#6221 = ORIENTED_EDGE('',*,*,#6222,.T.);
#6222 = EDGE_CURVE('',#4511,#6223,#6225,.T.);
#6223 = VERTEX_POINT('',#6224);
#6224 = CARTESIAN_POINT('',(-1.,-1.9,-12.));
#6225 = LINE('',#6226,#6227);
#6226 = CARTESIAN_POINT('',(-1.,-2.2,-12.));
#6227 = VECTOR('',#6228,1.);
#6228 = DIRECTION('',(0.,1.,0.));
#6229 = ORIENTED_EDGE('',*,*,#6230,.T.);
#6230 = EDGE_CURVE('',#6223,#6231,#6233,.T.);
#6231 = VERTEX_POINT('',#6232);
#6232 = CARTESIAN_POINT('',(-3.,-1.9,-12.));
#6233 = LINE('',#6234,#6235);
#6234 = CARTESIAN_POINT('',(-2.,-1.9,-12.));
#6235 = VECTOR('',#6236,1.);
#6236 = DIRECTION('',(-1.,-0.,-0.));
#6237 = ORIENTED_EDGE('',*,*,#6238,.F.);
#6238 = EDGE_CURVE('',#4812,#6231,#6239,.T.);
#6239 = LINE('',#6240,#6241);
#6240 = CARTESIAN_POINT('',(-3.,-3.7,-12.));
#6241 = VECTOR('',#6242,1.);
#6242 = DIRECTION('',(0.,1.,0.));
#6243 = ORIENTED_EDGE('',*,*,#4811,.T.);
#6244 = ORIENTED_EDGE('',*,*,#2698,.F.);
#6245 = ORIENTED_EDGE('',*,*,#4755,.T.);
#6246 = ORIENTED_EDGE('',*,*,#6247,.F.);
#6247 = EDGE_CURVE('',#4873,#4746,#6248,.T.);
#6248 = LINE('',#6249,#6250);
#6249 = CARTESIAN_POINT('',(-3.,-3.7,-12.));
#6250 = VECTOR('',#6251,1.);
#6251 = DIRECTION('',(0.,1.,0.));
#6252 = ORIENTED_EDGE('',*,*,#4872,.T.);
#6253 = ORIENTED_EDGE('',*,*,#4541,.T.);
#6254 = ORIENTED_EDGE('',*,*,#5416,.F.);
#6255 = ORIENTED_EDGE('',*,*,#5310,.T.);
#6256 = ORIENTED_EDGE('',*,*,#4572,.T.);
#6257 = ORIENTED_EDGE('',*,*,#4599,.T.);
#6258 = ORIENTED_EDGE('',*,*,#5409,.F.);
#6259 = ORIENTED_EDGE('',*,*,#4621,.T.);
#6260 = ORIENTED_EDGE('',*,*,#5583,.T.);
#6261 = ORIENTED_EDGE('',*,*,#6262,.T.);
#6262 = EDGE_CURVE('',#5576,#5602,#6263,.T.);
#6263 = LINE('',#6264,#6265);
#6264 = CARTESIAN_POINT('',(3.,-3.7,-12.));
#6265 = VECTOR('',#6266,1.);
#6266 = DIRECTION('',(0.,1.,0.));
#6267 = ORIENTED_EDGE('',*,*,#5601,.T.);
#6268 = ORIENTED_EDGE('',*,*,#4099,.T.);
#6269 = ORIENTED_EDGE('',*,*,#4670,.T.);
#6270 = ORIENTED_EDGE('',*,*,#2432,.T.);
#6271 = ORIENTED_EDGE('',*,*,#4713,.T.);
#6272 = ORIENTED_EDGE('',*,*,#5789,.T.);
#6273 = PLANE('',#6274);
#6274 = AXIS2_PLACEMENT_3D('',#6275,#6276,#6277);
#6275 = CARTESIAN_POINT('',(0.,-1.298147720928,-12.));
#6276 = DIRECTION('',(0.,0.,1.));
#6277 = DIRECTION('',(1.,0.,-0.));
#6278 = ADVANCED_FACE('',(#6279),#6321,.T.);
#6279 = FACE_BOUND('',#6280,.T.);
#6280 = EDGE_LOOP('',(#6281,#6282,#6283,#6284,#6285,#6286,#6287,#6288,
    #6289,#6297,#6305,#6313,#6319,#6320));
#6281 = ORIENTED_EDGE('',*,*,#4880,.T.);
#6282 = ORIENTED_EDGE('',*,*,#6247,.T.);
#6283 = ORIENTED_EDGE('',*,*,#4745,.T.);
#6284 = ORIENTED_EDGE('',*,*,#4777,.T.);
#6285 = ORIENTED_EDGE('',*,*,#2464,.F.);
#6286 = ORIENTED_EDGE('',*,*,#4793,.T.);
#6287 = ORIENTED_EDGE('',*,*,#4819,.T.);
#6288 = ORIENTED_EDGE('',*,*,#6238,.T.);
#6289 = ORIENTED_EDGE('',*,*,#6290,.T.);
#6290 = EDGE_CURVE('',#6231,#6291,#6293,.T.);
#6291 = VERTEX_POINT('',#6292);
#6292 = CARTESIAN_POINT('',(-3.,-1.9,-1.));
#6293 = LINE('',#6294,#6295);
#6294 = CARTESIAN_POINT('',(-3.,-1.9,-6.5));
#6295 = VECTOR('',#6296,1.);
#6296 = DIRECTION('',(0.,0.,1.));
#6297 = ORIENTED_EDGE('',*,*,#6298,.T.);
#6298 = EDGE_CURVE('',#6291,#6299,#6301,.T.);
#6299 = VERTEX_POINT('',#6300);
#6300 = CARTESIAN_POINT('',(-3.,-5.5,-1.));
#6301 = LINE('',#6302,#6303);
#6302 = CARTESIAN_POINT('',(-3.,-3.7,-1.));
#6303 = VECTOR('',#6304,1.);
#6304 = DIRECTION('',(-0.,-1.,-0.));
#6305 = ORIENTED_EDGE('',*,*,#6306,.T.);
#6306 = EDGE_CURVE('',#6299,#6307,#6309,.T.);
#6307 = VERTEX_POINT('',#6308);
#6308 = CARTESIAN_POINT('',(-3.,-5.5,-2.2));
#6309 = LINE('',#6310,#6311);
#6310 = CARTESIAN_POINT('',(-3.,-5.5,-6.5));
#6311 = VECTOR('',#6312,1.);
#6312 = DIRECTION('',(0.,0.,-1.));
#6313 = ORIENTED_EDGE('',*,*,#6314,.T.);
#6314 = EDGE_CURVE('',#6307,#5357,#6315,.T.);
#6315 = LINE('',#6316,#6317);
#6316 = CARTESIAN_POINT('',(-3.,-5.3,-2.2));
#6317 = VECTOR('',#6318,1.);
#6318 = DIRECTION('',(0.,1.,0.));
#6319 = ORIENTED_EDGE('',*,*,#5356,.T.);
#6320 = ORIENTED_EDGE('',*,*,#4850,.T.);
#6321 = PLANE('',#6322);
#6322 = AXIS2_PLACEMENT_3D('',#6323,#6324,#6325);
#6323 = CARTESIAN_POINT('',(-3.,-3.7,-6.5));
#6324 = DIRECTION('',(1.,0.,0.));
#6325 = DIRECTION('',(0.,0.,-1.));
#6326 = ADVANCED_FACE('',(#6327),#6361,.T.);
#6327 = FACE_BOUND('',#6328,.T.);
#6328 = EDGE_LOOP('',(#6329,#6337,#6346,#6354));
#6329 = ORIENTED_EDGE('',*,*,#6330,.F.);
#6330 = EDGE_CURVE('',#6331,#4938,#6333,.T.);
#6331 = VERTEX_POINT('',#6332);
#6332 = CARTESIAN_POINT('',(-1.,-1.918804245324,-9.721017795882));
#6333 = LINE('',#6334,#6335);
#6334 = CARTESIAN_POINT('',(0.,-1.918804245323,-9.721017795884));
#6335 = VECTOR('',#6336,1.);
#6336 = DIRECTION('',(-1.,-0.,-0.));
#6337 = ORIENTED_EDGE('',*,*,#6338,.T.);
#6338 = EDGE_CURVE('',#6331,#6339,#6341,.T.);
#6339 = VERTEX_POINT('',#6340);
#6340 = CARTESIAN_POINT('',(-1.,-1.9,-9.760208423834));
#6341 = CIRCLE('',#6342,0.6);
#6342 = AXIS2_PLACEMENT_3D('',#6343,#6344,#6345);
#6343 = CARTESIAN_POINT('',(-1.,-2.45,-10.));
#6344 = DIRECTION('',(-1.,-0.,0.));
#6345 = DIRECTION('',(0.,-3.97540796578E-14,-1.));
#6346 = ORIENTED_EDGE('',*,*,#6347,.T.);
#6347 = EDGE_CURVE('',#6339,#6348,#6350,.T.);
#6348 = VERTEX_POINT('',#6349);
#6349 = CARTESIAN_POINT('',(-1.529845073364,-1.9,-9.760208423834));
#6350 = LINE('',#6351,#6352);
#6351 = CARTESIAN_POINT('',(-2.,-1.9,-9.760208423834));
#6352 = VECTOR('',#6353,1.);
#6353 = DIRECTION('',(-1.,-0.,-0.));
#6354 = ORIENTED_EDGE('',*,*,#6355,.T.);
#6355 = EDGE_CURVE('',#6348,#4938,#6356,.T.);
#6356 = B_SPLINE_CURVE_WITH_KNOTS('',3,(#6357,#6358,#6359,#6360),
  .UNSPECIFIED.,.F.,.F.,(4,4),(0.,1.),.PIECEWISE_BEZIER_KNOTS.);
#6357 = CARTESIAN_POINT('',(-1.529845073364,-1.9,-9.760208423834));
#6358 = CARTESIAN_POINT('',(-1.530620872658,-1.905792025408,
    -9.746923495208));
#6359 = CARTESIAN_POINT('',(-1.531396671953,-1.912065593199,
    -9.733848518948));
#6360 = CARTESIAN_POINT('',(-1.532172471247,-1.918804245324,
    -9.721017795882));
#6361 = CYLINDRICAL_SURFACE('',#6362,0.6);
#6362 = AXIS2_PLACEMENT_3D('',#6363,#6364,#6365);
#6363 = CARTESIAN_POINT('',(-1.593459370097,-2.45,-10.));
#6364 = DIRECTION('',(1.,0.,0.));
#6365 = DIRECTION('',(0.,0.,-1.));
#6366 = ADVANCED_FACE('',(#6367),#6392,.F.);
#6367 = FACE_BOUND('',#6368,.F.);
#6368 = EDGE_LOOP('',(#6369,#6378,#6388,#6389,#6390,#6391));
#6369 = ORIENTED_EDGE('',*,*,#6370,.T.);
#6370 = EDGE_CURVE('',#2530,#6371,#6373,.T.);
#6371 = VERTEX_POINT('',#6372);
#6372 = CARTESIAN_POINT('',(-1.503435089264,-1.900000000001,
    -10.23979157617));
#6373 = B_SPLINE_CURVE_WITH_KNOTS('',3,(#6374,#6375,#6376,#6377),
  .UNSPECIFIED.,.F.,.F.,(4,4),(0.,1.),.PIECEWISE_BEZIER_KNOTS.);
#6374 = CARTESIAN_POINT('',(-1.490432551032,-2.038901207335,
    -10.43703293087));
#6375 = CARTESIAN_POINT('',(-1.494766730443,-1.979926710928,
    -10.3815580626));
#6376 = CARTESIAN_POINT('',(-1.499100909853,-1.932358173603,
    -10.31401017786));
#6377 = CARTESIAN_POINT('',(-1.503435089264,-1.900000000001,
    -10.23979157617));
#6378 = ORIENTED_EDGE('',*,*,#6379,.F.);
#6379 = EDGE_CURVE('',#6348,#6371,#6380,.T.);
#6380 = B_SPLINE_CURVE_WITH_KNOTS('',3,(#6381,#6382,#6383,#6384,#6385,
    #6386,#6387),.UNSPECIFIED.,.F.,.F.,(4,3,4),(1.389302603485E-17,
    1.803199879311E-04,4.803085337243E-04),.UNSPECIFIED.);
#6381 = CARTESIAN_POINT('',(-1.529845073364,-1.9,-9.760208423834));
#6382 = CARTESIAN_POINT('',(-1.526899248579,-1.9,-9.820242855709));
#6383 = CARTESIAN_POINT('',(-1.523578094052,-1.9,-9.880258889078));
#6384 = CARTESIAN_POINT('',(-1.52011459887,-1.9,-9.940265681154));
#6385 = CARTESIAN_POINT('',(-1.514352543618,-1.9,-10.04009617988));
#6386 = CARTESIAN_POINT('',(-1.508336007471,-1.9,-10.13991509866));
#6387 = CARTESIAN_POINT('',(-1.503435089264,-1.900000000001,
    -10.23979157617));
#6388 = ORIENTED_EDGE('',*,*,#6355,.T.);
#6389 = ORIENTED_EDGE('',*,*,#4945,.T.);
#6390 = ORIENTED_EDGE('',*,*,#4901,.T.);
#6391 = ORIENTED_EDGE('',*,*,#4918,.T.);
#6392 = B_SPLINE_SURFACE_WITH_KNOTS('',3,3,(
    (#6393,#6394,#6395,#6396)
    ,(#6397,#6398,#6399,#6400)
    ,(#6401,#6402,#6403,#6404)
    ,(#6405,#6406,#6407,#6408)
    ,(#6409,#6410,#6411,#6412)
    ,(#6413,#6414,#6415,#6416)
    ,(#6417,#6418,#6419,#6420)
    ,(#6421,#6422,#6423,#6424)
    ,(#6425,#6426,#6427,#6428)
    ,(#6429,#6430,#6431,#6432)
    ,(#6433,#6434,#6435,#6436)
    ,(#6437,#6438,#6439,#6440)
    ,(#6441,#6442,#6443,#6444
    )),.UNSPECIFIED.,.F.,.F.,.F.,(4,1,1,1,1,1,1,1,1,1,4),(4,4),(
    1.710061613709E-06,1.165029480392E-02,1.369199929133E-02,
    3.23958141802E-02,0.266197252645,0.499998691111,0.733800129576,
    0.967601568041,0.986305382931,0.988348079034,0.999999597687),(
    7.203418417312E-12,0.999987721986),.UNSPECIFIED.);
#6393 = CARTESIAN_POINT('',(-1.533618278541,-2.214410209344,
    -9.862401088113));
#6394 = CARTESIAN_POINT('',(-1.533618278541,-2.112418095258,
    -9.802831427296));
#6395 = CARTESIAN_POINT('',(-1.533618278541,-2.010425981172,
    -9.743261766479));
#6396 = CARTESIAN_POINT('',(-1.533618278541,-1.908433867086,
    -9.683692105662));
#6397 = CARTESIAN_POINT('',(-1.533444979442,-2.213666986155,
    -9.863671922178));
#6398 = CARTESIAN_POINT('',(-1.533444979442,-2.11135311401,
    -9.804652433967));
#6399 = CARTESIAN_POINT('',(-1.533444979442,-2.009039241866,
    -9.745632945756));
#6400 = CARTESIAN_POINT('',(-1.533444979442,-1.906725369722,
    -9.686613457545));
#6401 = CARTESIAN_POINT('',(-1.533241305342,-2.212805806449,
    -9.865172660993));
#6402 = CARTESIAN_POINT('',(-1.533241305342,-2.110119110253,
    -9.806802876335));
#6403 = CARTESIAN_POINT('',(-1.533241305342,-2.007432414057,
    -9.748433091677));
#6404 = CARTESIAN_POINT('',(-1.533241305342,-1.904745717862,
    -9.69006330702));
#6405 = CARTESIAN_POINT('',(-1.53275936957,-2.210802511737,
    -9.868743035441));
#6406 = CARTESIAN_POINT('',(-1.53275936957,-2.107248544246,
    -9.81191894611));
#6407 = CARTESIAN_POINT('',(-1.53275936957,-2.003694576756,
    -9.755094856779));
#6408 = CARTESIAN_POINT('',(-1.53275936957,-1.900140609265,
    -9.698270767449));
#6409 = CARTESIAN_POINT('',(-1.528972406231,-2.195471462259,
    -9.897027074192));
#6410 = CARTESIAN_POINT('',(-1.528972406231,-2.085280338957,
    -9.852447780786));
#6411 = CARTESIAN_POINT('',(-1.528972406231,-1.975089215655,
    -9.807868487379));
#6412 = CARTESIAN_POINT('',(-1.528972406231,-1.864898092353,
    -9.763289193973));
#6413 = CARTESIAN_POINT('',(-1.521737491193,-2.175815284216,
    -9.956114495135));
#6414 = CARTESIAN_POINT('',(-1.521737491193,-2.057114559761,
    -9.937115473961));
#6415 = CARTESIAN_POINT('',(-1.521737491193,-1.938413835306,
    -9.918116452787));
#6416 = CARTESIAN_POINT('',(-1.521737491193,-1.819713110851,
    -9.899117431613));
#6417 = CARTESIAN_POINT('',(-1.511302511139,-2.176150189755,
    -10.04593273055));
#6418 = CARTESIAN_POINT('',(-1.511302511139,-2.057594453434,
    -10.06581804172));
#6419 = CARTESIAN_POINT('',(-1.511302511139,-1.939038717112,
    -10.08570335288));
#6420 = CARTESIAN_POINT('',(-1.511302511139,-1.82048298079,
    -10.10558866404));
#6421 = CARTESIAN_POINT('',(-1.500867531085,-2.20513950395,
    -10.13094477226));
#6422 = CARTESIAN_POINT('',(-1.500867531085,-2.099133893139,
    -10.18763370653));
#6423 = CARTESIAN_POINT('',(-1.500867531085,-1.993128282328,
    -10.24432264079));
#6424 = CARTESIAN_POINT('',(-1.500867531085,-1.887122671517,
    -10.30101157506));
#6425 = CARTESIAN_POINT('',(-1.493632616046,-2.242999003922,
    -10.18038510913));
#6426 = CARTESIAN_POINT('',(-1.493632616046,-2.15338362136,
    -10.25847787617));
#6427 = CARTESIAN_POINT('',(-1.493632616046,-2.063768238798,
    -10.33657064321));
#6428 = CARTESIAN_POINT('',(-1.493632616046,-1.974152856236,
    -10.41466341024));
#6429 = CARTESIAN_POINT('',(-1.489845637955,-2.266719641573,
    -10.20211912256));
#6430 = CARTESIAN_POINT('',(-1.489845637955,-2.187373456059,
    -10.28962103238));
#6431 = CARTESIAN_POINT('',(-1.489845637955,-2.108027270545,
    -10.37712294219));
#6432 = CARTESIAN_POINT('',(-1.489845637955,-2.028681085031,
    -10.46462485201));
#6433 = CARTESIAN_POINT('',(-1.489363643782,-2.269778616556,
    -10.20484079445));
#6434 = CARTESIAN_POINT('',(-1.489363643782,-2.19175673005,
    -10.2935209772));
#6435 = CARTESIAN_POINT('',(-1.489363643782,-2.113734843543,
    -10.38220115994));
#6436 = CARTESIAN_POINT('',(-1.489363643782,-2.035712957036,
    -10.47088134268));
#6437 = CARTESIAN_POINT('',(-1.489159911258,-2.271082705434,
    -10.2059787387));
#6438 = CARTESIAN_POINT('',(-1.489159911258,-2.193625388316,
    -10.29515156303));
#6439 = CARTESIAN_POINT('',(-1.489159911258,-2.116168071197,
    -10.38432438736));
#6440 = CARTESIAN_POINT('',(-1.489159911258,-2.038710754078,
    -10.47349721169));
#6441 = CARTESIAN_POINT('',(-1.488986568376,-2.272200188719,
    -10.20693776098));
#6442 = CARTESIAN_POINT('',(-1.488986568376,-2.195226655278,
    -10.29652576735));
#6443 = CARTESIAN_POINT('',(-1.488986568376,-2.118253121838,
    -10.38611377372));
#6444 = CARTESIAN_POINT('',(-1.488986568376,-2.041279588397,
    -10.4757017801));
#6445 = ADVANCED_FACE('',(#6446),#6465,.T.);
#6446 = FACE_BOUND('',#6447,.T.);
#6447 = EDGE_LOOP('',(#6448,#6456,#6463,#6464));
#6448 = ORIENTED_EDGE('',*,*,#6449,.T.);
#6449 = EDGE_CURVE('',#6371,#6450,#6452,.T.);
#6450 = VERTEX_POINT('',#6451);
#6451 = CARTESIAN_POINT('',(-1.,-1.9,-10.23979157616));
#6452 = LINE('',#6453,#6454);
#6453 = CARTESIAN_POINT('',(-2.,-1.9,-10.23979157617));
#6454 = VECTOR('',#6455,1.);
#6455 = DIRECTION('',(1.,0.,0.));
#6456 = ORIENTED_EDGE('',*,*,#6457,.T.);
#6457 = EDGE_CURVE('',#6450,#2528,#6458,.T.);
#6458 = CIRCLE('',#6459,0.6);
#6459 = AXIS2_PLACEMENT_3D('',#6460,#6461,#6462);
#6460 = CARTESIAN_POINT('',(-1.,-2.45,-10.));
#6461 = DIRECTION('',(-1.,-0.,0.));
#6462 = DIRECTION('',(0.,-4.336808689942E-15,-1.));
#6463 = ORIENTED_EDGE('',*,*,#2527,.T.);
#6464 = ORIENTED_EDGE('',*,*,#6370,.T.);
#6465 = CYLINDRICAL_SURFACE('',#6466,0.6);
#6466 = AXIS2_PLACEMENT_3D('',#6467,#6468,#6469);
#6467 = CARTESIAN_POINT('',(-1.593459370097,-2.45,-10.));
#6468 = DIRECTION('',(1.,0.,0.));
#6469 = DIRECTION('',(0.,0.,-1.));
#6470 = ADVANCED_FACE('',(#6471),#6483,.F.);
#6471 = FACE_BOUND('',#6472,.T.);
#6472 = EDGE_LOOP('',(#6473,#6474,#6475,#6476,#6482));
#6473 = ORIENTED_EDGE('',*,*,#4510,.T.);
#6474 = ORIENTED_EDGE('',*,*,#2537,.T.);
#6475 = ORIENTED_EDGE('',*,*,#6457,.F.);
#6476 = ORIENTED_EDGE('',*,*,#6477,.T.);
#6477 = EDGE_CURVE('',#6450,#6223,#6478,.T.);
#6478 = LINE('',#6479,#6480);
#6479 = CARTESIAN_POINT('',(-1.,-1.9,-6.5));
#6480 = VECTOR('',#6481,1.);
#6481 = DIRECTION('',(-0.,-0.,-1.));
#6482 = ORIENTED_EDGE('',*,*,#6222,.F.);
#6483 = PLANE('',#6484);
#6484 = AXIS2_PLACEMENT_3D('',#6485,#6486,#6487);
#6485 = CARTESIAN_POINT('',(-1.,-2.2,-10.75));
#6486 = DIRECTION('',(1.,0.,0.));
#6487 = DIRECTION('',(0.,0.,-1.));
#6488 = ADVANCED_FACE('',(#6489),#6514,.T.);
#6489 = FACE_BOUND('',#6490,.T.);
#6490 = EDGE_LOOP('',(#6491,#6501,#6507,#6508));
#6491 = ORIENTED_EDGE('',*,*,#6492,.F.);
#6492 = EDGE_CURVE('',#6493,#6495,#6497,.T.);
#6493 = VERTEX_POINT('',#6494);
#6494 = CARTESIAN_POINT('',(1.,-2.034882040191,-9.5));
#6495 = VERTEX_POINT('',#6496);
#6496 = CARTESIAN_POINT('',(1.,-1.9,-9.5));
#6497 = LINE('',#6498,#6499);
#6498 = CARTESIAN_POINT('',(1.,0.376558896544,-9.5));
#6499 = VECTOR('',#6500,1.);
#6500 = DIRECTION('',(0.,1.,0.));
#6501 = ORIENTED_EDGE('',*,*,#6502,.F.);
#6502 = EDGE_CURVE('',#6168,#6493,#6503,.T.);
#6503 = LINE('',#6504,#6505);
#6504 = CARTESIAN_POINT('',(1.,-2.35,-8.9));
#6505 = VECTOR('',#6506,1.);
#6506 = DIRECTION('',(0.,-0.464970340201,0.885326257791));
#6507 = ORIENTED_EDGE('',*,*,#6167,.T.);
#6508 = ORIENTED_EDGE('',*,*,#6509,.T.);
#6509 = EDGE_CURVE('',#6160,#6495,#6510,.T.);
#6510 = LINE('',#6511,#6512);
#6511 = CARTESIAN_POINT('',(1.,-1.9,-6.5));
#6512 = VECTOR('',#6513,1.);
#6513 = DIRECTION('',(0.,0.,1.));
#6514 = PLANE('',#6515);
#6515 = AXIS2_PLACEMENT_3D('',#6516,#6517,#6518);
#6516 = CARTESIAN_POINT('',(1.,-2.2,-10.75));
#6517 = DIRECTION('',(1.,0.,0.));
#6518 = DIRECTION('',(0.,0.,-1.));
#6519 = ADVANCED_FACE('',(#6520),#6545,.F.);
#6520 = FACE_BOUND('',#6521,.T.);
#6521 = EDGE_LOOP('',(#6522,#6530,#6531,#6539));
#6522 = ORIENTED_EDGE('',*,*,#6523,.T.);
#6523 = EDGE_CURVE('',#6524,#6339,#6526,.T.);
#6524 = VERTEX_POINT('',#6525);
#6525 = CARTESIAN_POINT('',(-1.,-1.9,-9.5));
#6526 = LINE('',#6527,#6528);
#6527 = CARTESIAN_POINT('',(-1.,-1.9,-6.5));
#6528 = VECTOR('',#6529,1.);
#6529 = DIRECTION('',(-0.,-0.,-1.));
#6530 = ORIENTED_EDGE('',*,*,#6338,.F.);
#6531 = ORIENTED_EDGE('',*,*,#6532,.F.);
#6532 = EDGE_CURVE('',#6533,#6331,#6535,.T.);
#6533 = VERTEX_POINT('',#6534);
#6534 = CARTESIAN_POINT('',(-1.,-2.034882040191,-9.5));
#6535 = LINE('',#6536,#6537);
#6536 = CARTESIAN_POINT('',(-1.,-2.35,-8.9));
#6537 = VECTOR('',#6538,1.);
#6538 = DIRECTION('',(0.,0.464970340201,-0.885326257791));
#6539 = ORIENTED_EDGE('',*,*,#6540,.F.);
#6540 = EDGE_CURVE('',#6524,#6533,#6541,.T.);
#6541 = LINE('',#6542,#6543);
#6542 = CARTESIAN_POINT('',(-1.,0.376558896544,-9.5));
#6543 = VECTOR('',#6544,1.);
#6544 = DIRECTION('',(-0.,-1.,-0.));
#6545 = PLANE('',#6546);
#6546 = AXIS2_PLACEMENT_3D('',#6547,#6548,#6549);
#6547 = CARTESIAN_POINT('',(-1.,-2.2,-10.75));
#6548 = DIRECTION('',(1.,0.,0.));
#6549 = DIRECTION('',(0.,0.,-1.));
#6550 = ADVANCED_FACE('',(#6551),#6566,.T.);
#6551 = FACE_BOUND('',#6552,.T.);
#6552 = EDGE_LOOP('',(#6553,#6554,#6555,#6561,#6562,#6563,#6564,#6565));
#6553 = ORIENTED_EDGE('',*,*,#6176,.T.);
#6554 = ORIENTED_EDGE('',*,*,#6502,.T.);
#6555 = ORIENTED_EDGE('',*,*,#6556,.F.);
#6556 = EDGE_CURVE('',#6533,#6493,#6557,.T.);
#6557 = LINE('',#6558,#6559);
#6558 = CARTESIAN_POINT('',(-2.39808173319E-14,-2.034882040191,-9.5));
#6559 = VECTOR('',#6560,1.);
#6560 = DIRECTION('',(1.,0.,0.));
#6561 = ORIENTED_EDGE('',*,*,#6532,.T.);
#6562 = ORIENTED_EDGE('',*,*,#6330,.T.);
#6563 = ORIENTED_EDGE('',*,*,#4937,.T.);
#6564 = ORIENTED_EDGE('',*,*,#4959,.T.);
#6565 = ORIENTED_EDGE('',*,*,#4984,.T.);
#6566 = PLANE('',#6567);
#6567 = AXIS2_PLACEMENT_3D('',#6568,#6569,#6570);
#6568 = CARTESIAN_POINT('',(0.,-2.35,-8.9));
#6569 = DIRECTION('',(0.,0.885326257791,0.464970340201));
#6570 = DIRECTION('',(0.,-0.464970340201,0.885326257791));
#6571 = ADVANCED_FACE('',(#6572),#6597,.T.);
#6572 = FACE_BOUND('',#6573,.T.);
#6573 = EDGE_LOOP('',(#6574,#6582,#6590,#6596));
#6574 = ORIENTED_EDGE('',*,*,#6575,.F.);
#6575 = EDGE_CURVE('',#6576,#5954,#6578,.T.);
#6576 = VERTEX_POINT('',#6577);
#6577 = CARTESIAN_POINT('',(2.999999999981,4.5,-3.4));
#6578 = LINE('',#6579,#6580);
#6579 = CARTESIAN_POINT('',(2.999999999981,4.5,-5.474998292527));
#6580 = VECTOR('',#6581,1.);
#6581 = DIRECTION('',(-0.,-0.,-1.));
#6582 = ORIENTED_EDGE('',*,*,#6583,.T.);
#6583 = EDGE_CURVE('',#6576,#6584,#6586,.T.);
#6584 = VERTEX_POINT('',#6585);
#6585 = CARTESIAN_POINT('',(2.999999999885,2.491987159014,-3.4));
#6586 = LINE('',#6587,#6588);
#6587 = CARTESIAN_POINT('',(2.999999999981,2.3,-3.4));
#6588 = VECTOR('',#6589,1.);
#6589 = DIRECTION('',(-0.,-1.,-0.));
#6590 = ORIENTED_EDGE('',*,*,#6591,.F.);
#6591 = EDGE_CURVE('',#5952,#6584,#6592,.T.);
#6592 = LINE('',#6593,#6594);
#6593 = CARTESIAN_POINT('',(2.999999999789,2.491987159129,-3.228));
#6594 = VECTOR('',#6595,1.);
#6595 = DIRECTION('',(0.,0.,1.));
#6596 = ORIENTED_EDGE('',*,*,#5951,.T.);
#6597 = PLANE('',#6598);
#6598 = AXIS2_PLACEMENT_3D('',#6599,#6600,#6601);
#6599 = CARTESIAN_POINT('',(3.,3.495993579565,-5.549999998479));
#6600 = DIRECTION('',(1.,0.,0.));
#6601 = DIRECTION('',(0.,0.,-1.));
#6602 = ADVANCED_FACE('',(#6603),#6632,.T.);
#6603 = FACE_BOUND('',#6604,.T.);
#6604 = EDGE_LOOP('',(#6605,#6616,#6625));
#6605 = ORIENTED_EDGE('',*,*,#6606,.F.);
#6606 = EDGE_CURVE('',#6607,#6609,#6611,.T.);
#6607 = VERTEX_POINT('',#6608);
#6608 = CARTESIAN_POINT('',(4.5,-0.25,-13.25));
#6609 = VERTEX_POINT('',#6610);
#6610 = CARTESIAN_POINT('',(4.25,0.,-13.25));
#6611 = CIRCLE('',#6612,0.25);
#6612 = AXIS2_PLACEMENT_3D('',#6613,#6614,#6615);
#6613 = CARTESIAN_POINT('',(4.25,-0.25,-13.25));
#6614 = DIRECTION('',(0.,0.,1.));
#6615 = DIRECTION('',(-1.,-3.469446951954E-15,0.));
#6616 = ORIENTED_EDGE('',*,*,#6617,.F.);
#6617 = EDGE_CURVE('',#6618,#6607,#6620,.T.);
#6618 = VERTEX_POINT('',#6619);
#6619 = CARTESIAN_POINT('',(4.25,-0.25,-13.5));
#6620 = CIRCLE('',#6621,0.25);
#6621 = AXIS2_PLACEMENT_3D('',#6622,#6623,#6624);
#6622 = CARTESIAN_POINT('',(4.25,-0.25,-13.25));
#6623 = DIRECTION('',(0.,-1.,0.));
#6624 = DIRECTION('',(0.,0.,-1.));
#6625 = ORIENTED_EDGE('',*,*,#6626,.F.);
#6626 = EDGE_CURVE('',#6609,#6618,#6627,.T.);
#6627 = CIRCLE('',#6628,0.25);
#6628 = AXIS2_PLACEMENT_3D('',#6629,#6630,#6631);
#6629 = CARTESIAN_POINT('',(4.25,-0.25,-13.25));
#6630 = DIRECTION('',(-1.,-0.,0.));
#6631 = DIRECTION('',(0.,-6.288372600416E-15,-1.));
#6632 = SPHERICAL_SURFACE('',#6633,0.25);
#6633 = AXIS2_PLACEMENT_3D('',#6634,#6635,#6636);
#6634 = CARTESIAN_POINT('',(4.25,-0.25,-13.25));
#6635 = DIRECTION('',(1.011070936132E-14,1.,1.052357093271E-28));
#6636 = DIRECTION('',(1.040834085586E-14,0.,-1.));
#6637 = ADVANCED_FACE('',(#6638),#6670,.T.);
#6638 = FACE_BOUND('',#6639,.T.);
#6639 = EDGE_LOOP('',(#6640,#6650,#6658,#6664));
#6640 = ORIENTED_EDGE('',*,*,#6641,.F.);
#6641 = EDGE_CURVE('',#6642,#6644,#6646,.T.);
#6642 = VERTEX_POINT('',#6643);
#6643 = CARTESIAN_POINT('',(3.9,2.388061258337E-16,-12.));
#6644 = VERTEX_POINT('',#6645);
#6645 = CARTESIAN_POINT('',(3.9,1.066185819425E-16,-13.25));
#6646 = LINE('',#6647,#6648);
#6647 = CARTESIAN_POINT('',(3.9,4.776122516675E-16,-3.228));
#6648 = VECTOR('',#6649,1.);
#6649 = DIRECTION('',(0.,0.,-1.));
#6650 = ORIENTED_EDGE('',*,*,#6651,.T.);
#6651 = EDGE_CURVE('',#6642,#6652,#6654,.T.);
#6652 = VERTEX_POINT('',#6653);
#6653 = CARTESIAN_POINT('',(4.25,0.,-12.));
#6654 = LINE('',#6655,#6656);
#6655 = CARTESIAN_POINT('',(0.,0.,-12.));
#6656 = VECTOR('',#6657,1.);
#6657 = DIRECTION('',(1.,0.,0.));
#6658 = ORIENTED_EDGE('',*,*,#6659,.F.);
#6659 = EDGE_CURVE('',#6609,#6652,#6660,.T.);
#6660 = LINE('',#6661,#6662);
#6661 = CARTESIAN_POINT('',(4.25,0.,-11.975));
#6662 = VECTOR('',#6663,1.);
#6663 = DIRECTION('',(0.,0.,1.));
#6664 = ORIENTED_EDGE('',*,*,#6665,.F.);
#6665 = EDGE_CURVE('',#6644,#6609,#6666,.T.);
#6666 = LINE('',#6667,#6668);
#6667 = CARTESIAN_POINT('',(3.624206305259,0.,-13.25));
#6668 = VECTOR('',#6669,1.);
#6669 = DIRECTION('',(1.,0.,0.));
#6670 = PLANE('',#6671);
#6671 = AXIS2_PLACEMENT_3D('',#6672,#6673,#6674);
#6672 = CARTESIAN_POINT('',(4.075,0.,-12.625));
#6673 = DIRECTION('',(0.,1.,0.));
#6674 = DIRECTION('',(0.,-0.,1.));
#6675 = ADVANCED_FACE('',(#6676),#6728,.F.);
#6676 = FACE_BOUND('',#6677,.T.);
#6677 = EDGE_LOOP('',(#6678,#6688,#6697,#6705,#6714,#6722));
#6678 = ORIENTED_EDGE('',*,*,#6679,.F.);
#6679 = EDGE_CURVE('',#6680,#6682,#6684,.T.);
#6680 = VERTEX_POINT('',#6681);
#6681 = CARTESIAN_POINT('',(5.85,-6.5,-11.75));
#6682 = VERTEX_POINT('',#6683);
#6683 = CARTESIAN_POINT('',(4.95,-6.5,-11.75));
#6684 = LINE('',#6685,#6686);
#6685 = CARTESIAN_POINT('',(5.475,-6.5,-11.75));
#6686 = VECTOR('',#6687,1.);
#6687 = DIRECTION('',(-1.,-0.,-0.));
#6688 = ORIENTED_EDGE('',*,*,#6689,.T.);
#6689 = EDGE_CURVE('',#6680,#6690,#6692,.T.);
#6690 = VERTEX_POINT('',#6691);
#6691 = CARTESIAN_POINT('',(6.15,-6.5,-11.45));
#6692 = CIRCLE('',#6693,0.3);
#6693 = AXIS2_PLACEMENT_3D('',#6694,#6695,#6696);
#6694 = CARTESIAN_POINT('',(5.85,-6.5,-11.45));
#6695 = DIRECTION('',(0.,-1.,0.));
#6696 = DIRECTION('',(0.,0.,-1.));
#6697 = ORIENTED_EDGE('',*,*,#6698,.T.);
#6698 = EDGE_CURVE('',#6690,#6699,#6701,.T.);
#6699 = VERTEX_POINT('',#6700);
#6700 = CARTESIAN_POINT('',(6.15,-6.5,-10.55));
#6701 = LINE('',#6702,#6703);
#6702 = CARTESIAN_POINT('',(6.15,-6.5,-11.45));
#6703 = VECTOR('',#6704,1.);
#6704 = DIRECTION('',(0.,0.,1.));
#6705 = ORIENTED_EDGE('',*,*,#6706,.T.);
#6706 = EDGE_CURVE('',#6699,#6707,#6709,.T.);
#6707 = VERTEX_POINT('',#6708);
#6708 = CARTESIAN_POINT('',(5.85,-6.5,-10.25));
#6709 = CIRCLE('',#6710,0.3);
#6710 = AXIS2_PLACEMENT_3D('',#6711,#6712,#6713);
#6711 = CARTESIAN_POINT('',(5.85,-6.5,-10.55));
#6712 = DIRECTION('',(0.,-1.,0.));
#6713 = DIRECTION('',(0.,0.,-1.));
#6714 = ORIENTED_EDGE('',*,*,#6715,.F.);
#6715 = EDGE_CURVE('',#6716,#6707,#6718,.T.);
#6716 = VERTEX_POINT('',#6717);
#6717 = CARTESIAN_POINT('',(4.95,-6.5,-10.25));
#6718 = LINE('',#6719,#6720);
#6719 = CARTESIAN_POINT('',(5.475,-6.5,-10.25));
#6720 = VECTOR('',#6721,1.);
#6721 = DIRECTION('',(1.,0.,0.));
#6722 = ORIENTED_EDGE('',*,*,#6723,.F.);
#6723 = EDGE_CURVE('',#6682,#6716,#6724,.T.);
#6724 = LINE('',#6725,#6726);
#6725 = CARTESIAN_POINT('',(4.95,-6.5,-10.22));
#6726 = VECTOR('',#6727,1.);
#6727 = DIRECTION('',(0.,0.,1.));
#6728 = PLANE('',#6729);
#6729 = AXIS2_PLACEMENT_3D('',#6730,#6731,#6732);
#6730 = CARTESIAN_POINT('',(5.475,-6.5,-11.));
#6731 = DIRECTION('',(0.,1.,0.));
#6732 = DIRECTION('',(0.,-0.,1.));
#6733 = ADVANCED_FACE('',(#6734),#6753,.T.);
#6734 = FACE_BOUND('',#6735,.T.);
#6735 = EDGE_LOOP('',(#6736,#6737,#6745,#6752));
#6736 = ORIENTED_EDGE('',*,*,#5000,.T.);
#6737 = ORIENTED_EDGE('',*,*,#6738,.F.);
#6738 = EDGE_CURVE('',#6739,#5001,#6741,.T.);
#6739 = VERTEX_POINT('',#6740);
#6740 = CARTESIAN_POINT('',(3.65,-5.5,-12.));
#6741 = LINE('',#6742,#6743);
#6742 = CARTESIAN_POINT('',(3.65,-5.5,-6.675));
#6743 = VECTOR('',#6744,1.);
#6744 = DIRECTION('',(-0.,-0.,-1.));
#6745 = ORIENTED_EDGE('',*,*,#6746,.T.);
#6746 = EDGE_CURVE('',#6739,#5150,#6747,.T.);
#6747 = CIRCLE('',#6748,0.15);
#6748 = AXIS2_PLACEMENT_3D('',#6749,#6750,#6751);
#6749 = CARTESIAN_POINT('',(3.65,-5.65,-12.));
#6750 = DIRECTION('',(0.,0.,-1.));
#6751 = DIRECTION('',(1.,0.,0.));
#6752 = ORIENTED_EDGE('',*,*,#5149,.T.);
#6753 = CYLINDRICAL_SURFACE('',#6754,0.15);
#6754 = AXIS2_PLACEMENT_3D('',#6755,#6756,#6757);
#6755 = CARTESIAN_POINT('',(3.65,-5.65,-12.37356831772));
#6756 = DIRECTION('',(0.,0.,1.));
#6757 = DIRECTION('',(1.,0.,-0.));
#6758 = ADVANCED_FACE('',(#6759),#6770,.T.);
#6759 = FACE_BOUND('',#6760,.T.);
#6760 = EDGE_LOOP('',(#6761,#6762,#6768,#6769));
#6761 = ORIENTED_EDGE('',*,*,#5042,.T.);
#6762 = ORIENTED_EDGE('',*,*,#6763,.F.);
#6763 = EDGE_CURVE('',#5001,#5043,#6764,.T.);
#6764 = LINE('',#6765,#6766);
#6765 = CARTESIAN_POINT('',(0.425,-5.5,-12.35));
#6766 = VECTOR('',#6767,1.);
#6767 = DIRECTION('',(-1.,-0.,-0.));
#6768 = ORIENTED_EDGE('',*,*,#5010,.T.);
#6769 = ORIENTED_EDGE('',*,*,#5025,.T.);
#6770 = CYLINDRICAL_SURFACE('',#6771,0.15);
#6771 = AXIS2_PLACEMENT_3D('',#6772,#6773,#6774);
#6772 = CARTESIAN_POINT('',(1.916,-5.65,-12.35));
#6773 = DIRECTION('',(1.,0.,0.));
#6774 = DIRECTION('',(0.,0.,-1.));
#6775 = ADVANCED_FACE('',(#6776),#6795,.T.);
#6776 = FACE_BOUND('',#6777,.T.);
#6777 = EDGE_LOOP('',(#6778,#6779,#6780,#6789));
#6778 = ORIENTED_EDGE('',*,*,#5052,.T.);
#6779 = ORIENTED_EDGE('',*,*,#5253,.T.);
#6780 = ORIENTED_EDGE('',*,*,#6781,.T.);
#6781 = EDGE_CURVE('',#5246,#6782,#6784,.T.);
#6782 = VERTEX_POINT('',#6783);
#6783 = CARTESIAN_POINT('',(1.95,-5.5,-12.));
#6784 = CIRCLE('',#6785,0.15);
#6785 = AXIS2_PLACEMENT_3D('',#6786,#6787,#6788);
#6786 = CARTESIAN_POINT('',(1.95,-5.65,-12.));
#6787 = DIRECTION('',(0.,0.,-1.));
#6788 = DIRECTION('',(1.,0.,0.));
#6789 = ORIENTED_EDGE('',*,*,#6790,.F.);
#6790 = EDGE_CURVE('',#5043,#6782,#6791,.T.);
#6791 = LINE('',#6792,#6793);
#6792 = CARTESIAN_POINT('',(1.95,-5.5,-6.675));
#6793 = VECTOR('',#6794,1.);
#6794 = DIRECTION('',(0.,0.,1.));
#6795 = CYLINDRICAL_SURFACE('',#6796,0.15);
#6796 = AXIS2_PLACEMENT_3D('',#6797,#6798,#6799);
#6797 = CARTESIAN_POINT('',(1.95,-5.65,-12.37356831772));
#6798 = DIRECTION('',(0.,0.,1.));
#6799 = DIRECTION('',(1.,0.,-0.));
#6800 = ADVANCED_FACE('',(#6801),#6827,.F.);
#6801 = FACE_BOUND('',#6802,.T.);
#6802 = EDGE_LOOP('',(#6803,#6804,#6810,#6811,#6812,#6813,#6814,#6815,
    #6816,#6817,#6823,#6824,#6825,#6826));
#6803 = ORIENTED_EDGE('',*,*,#5301,.F.);
#6804 = ORIENTED_EDGE('',*,*,#6805,.F.);
#6805 = EDGE_CURVE('',#6782,#5294,#6806,.T.);
#6806 = LINE('',#6807,#6808);
#6807 = CARTESIAN_POINT('',(0.425,-5.5,-12.));
#6808 = VECTOR('',#6809,1.);
#6809 = DIRECTION('',(-1.,-0.,-0.));
#6810 = ORIENTED_EDGE('',*,*,#6781,.F.);
#6811 = ORIENTED_EDGE('',*,*,#5245,.F.);
#6812 = ORIENTED_EDGE('',*,*,#5230,.F.);
#6813 = ORIENTED_EDGE('',*,*,#5196,.F.);
#6814 = ORIENTED_EDGE('',*,*,#5173,.F.);
#6815 = ORIENTED_EDGE('',*,*,#5157,.F.);
#6816 = ORIENTED_EDGE('',*,*,#6746,.F.);
#6817 = ORIENTED_EDGE('',*,*,#6818,.F.);
#6818 = EDGE_CURVE('',#3670,#6739,#6819,.T.);
#6819 = LINE('',#6820,#6821);
#6820 = CARTESIAN_POINT('',(0.425,-5.5,-12.));
#6821 = VECTOR('',#6822,1.);
#6822 = DIRECTION('',(-1.,-0.,-0.));
#6823 = ORIENTED_EDGE('',*,*,#5125,.F.);
#6824 = ORIENTED_EDGE('',*,*,#5099,.F.);
#6825 = ORIENTED_EDGE('',*,*,#5075,.F.);
#6826 = ORIENTED_EDGE('',*,*,#5277,.F.);
#6827 = PLANE('',#6828);
#6828 = AXIS2_PLACEMENT_3D('',#6829,#6830,#6831);
#6829 = CARTESIAN_POINT('',(0.,-1.298198816269,-12.));
#6830 = DIRECTION('',(0.,0.,1.));
#6831 = DIRECTION('',(1.,0.,-0.));
#6832 = ADVANCED_FACE('',(#6833),#6855,.T.);
#6833 = FACE_BOUND('',#6834,.T.);
#6834 = EDGE_LOOP('',(#6835,#6843,#6849,#6850,#6851,#6852,#6853,#6854));
#6835 = ORIENTED_EDGE('',*,*,#6836,.F.);
#6836 = EDGE_CURVE('',#6837,#5373,#6839,.T.);
#6837 = VERTEX_POINT('',#6838);
#6838 = CARTESIAN_POINT('',(-3.65,-5.5,-12.));
#6839 = LINE('',#6840,#6841);
#6840 = CARTESIAN_POINT('',(-3.65,-5.3,-12.));
#6841 = VECTOR('',#6842,1.);
#6842 = DIRECTION('',(0.,1.,0.));
#6843 = ORIENTED_EDGE('',*,*,#6844,.F.);
#6844 = EDGE_CURVE('',#5294,#6837,#6845,.T.);
#6845 = LINE('',#6846,#6847);
#6846 = CARTESIAN_POINT('',(0.425,-5.5,-12.));
#6847 = VECTOR('',#6848,1.);
#6848 = DIRECTION('',(-1.,-0.,-0.));
#6849 = ORIENTED_EDGE('',*,*,#5293,.T.);
#6850 = ORIENTED_EDGE('',*,*,#5494,.T.);
#6851 = ORIENTED_EDGE('',*,*,#3253,.T.);
#6852 = ORIENTED_EDGE('',*,*,#5427,.F.);
#6853 = ORIENTED_EDGE('',*,*,#5342,.T.);
#6854 = ORIENTED_EDGE('',*,*,#5380,.T.);
#6855 = PLANE('',#6856);
#6856 = AXIS2_PLACEMENT_3D('',#6857,#6858,#6859);
#6857 = CARTESIAN_POINT('',(0.,-1.298147720928,-12.));
#6858 = DIRECTION('',(0.,0.,1.));
#6859 = DIRECTION('',(1.,0.,-0.));
#6860 = ADVANCED_FACE('',(#6861),#6879,.T.);
#6861 = FACE_BOUND('',#6862,.T.);
#6862 = EDGE_LOOP('',(#6863,#6871,#6872,#6873));
#6863 = ORIENTED_EDGE('',*,*,#6864,.F.);
#6864 = EDGE_CURVE('',#6837,#6865,#6867,.T.);
#6865 = VERTEX_POINT('',#6866);
#6866 = CARTESIAN_POINT('',(-3.65,-5.5,-2.2));
#6867 = LINE('',#6868,#6869);
#6868 = CARTESIAN_POINT('',(-3.65,-5.5,-6.675));
#6869 = VECTOR('',#6870,1.);
#6870 = DIRECTION('',(0.,0.,1.));
#6871 = ORIENTED_EDGE('',*,*,#6836,.T.);
#6872 = ORIENTED_EDGE('',*,*,#5372,.T.);
#6873 = ORIENTED_EDGE('',*,*,#6874,.T.);
#6874 = EDGE_CURVE('',#5365,#6865,#6875,.T.);
#6875 = LINE('',#6876,#6877);
#6876 = CARTESIAN_POINT('',(-3.65,-5.3,-2.2));
#6877 = VECTOR('',#6878,1.);
#6878 = DIRECTION('',(-0.,-1.,-0.));
#6879 = PLANE('',#6880);
#6880 = AXIS2_PLACEMENT_3D('',#6881,#6882,#6883);
#6881 = CARTESIAN_POINT('',(-3.65,-5.3,-7.1));
#6882 = DIRECTION('',(1.,0.,0.));
#6883 = DIRECTION('',(0.,0.,-1.));
#6884 = ADVANCED_FACE('',(#6885),#6896,.F.);
#6885 = FACE_BOUND('',#6886,.T.);
#6886 = EDGE_LOOP('',(#6887,#6888,#6889,#6890));
#6887 = ORIENTED_EDGE('',*,*,#6874,.F.);
#6888 = ORIENTED_EDGE('',*,*,#5364,.T.);
#6889 = ORIENTED_EDGE('',*,*,#6314,.F.);
#6890 = ORIENTED_EDGE('',*,*,#6891,.F.);
#6891 = EDGE_CURVE('',#6865,#6307,#6892,.T.);
#6892 = LINE('',#6893,#6894);
#6893 = CARTESIAN_POINT('',(0.425,-5.5,-2.2));
#6894 = VECTOR('',#6895,1.);
#6895 = DIRECTION('',(1.,0.,0.));
#6896 = PLANE('',#6897);
#6897 = AXIS2_PLACEMENT_3D('',#6898,#6899,#6900);
#6898 = CARTESIAN_POINT('',(-3.325,-5.3,-2.2));
#6899 = DIRECTION('',(0.,0.,1.));
#6900 = DIRECTION('',(1.,0.,-0.));
#6901 = ADVANCED_FACE('',(#6902),#6929,.F.);
#6902 = FACE_BOUND('',#6903,.F.);
#6903 = EDGE_LOOP('',(#6904,#6913,#6921,#6928));
#6904 = ORIENTED_EDGE('',*,*,#6905,.T.);
#6905 = EDGE_CURVE('',#5469,#6906,#6908,.T.);
#6906 = VERTEX_POINT('',#6907);
#6907 = CARTESIAN_POINT('',(4.486602540378,-5.5,-4.25));
#6908 = CIRCLE('',#6909,0.1);
#6909 = AXIS2_PLACEMENT_3D('',#6910,#6911,#6912);
#6910 = CARTESIAN_POINT('',(4.4,-5.55,-4.25));
#6911 = DIRECTION('',(0.,0.,-1.));
#6912 = DIRECTION('',(-1.,0.,0.));
#6913 = ORIENTED_EDGE('',*,*,#6914,.T.);
#6914 = EDGE_CURVE('',#6906,#6915,#6917,.T.);
#6915 = VERTEX_POINT('',#6916);
#6916 = CARTESIAN_POINT('',(4.486602540378,-5.5,-5.75));
#6917 = LINE('',#6918,#6919);
#6918 = CARTESIAN_POINT('',(4.486602540378,-5.5,-6.675));
#6919 = VECTOR('',#6920,1.);
#6920 = DIRECTION('',(-0.,-0.,-1.));
#6921 = ORIENTED_EDGE('',*,*,#6922,.T.);
#6922 = EDGE_CURVE('',#6915,#5461,#6923,.T.);
#6923 = CIRCLE('',#6924,0.1);
#6924 = AXIS2_PLACEMENT_3D('',#6925,#6926,#6927);
#6925 = CARTESIAN_POINT('',(4.4,-5.55,-5.75));
#6926 = DIRECTION('',(0.,0.,1.));
#6927 = DIRECTION('',(-1.,0.,0.));
#6928 = ORIENTED_EDGE('',*,*,#5468,.T.);
#6929 = CYLINDRICAL_SURFACE('',#6930,0.1);
#6930 = AXIS2_PLACEMENT_3D('',#6931,#6932,#6933);
#6931 = CARTESIAN_POINT('',(4.4,-5.55,-4.22));
#6932 = DIRECTION('',(0.,0.,-1.));
#6933 = DIRECTION('',(-1.,0.,0.));
#6934 = ADVANCED_FACE('',(#6935),#6987,.F.);
#6935 = FACE_BOUND('',#6936,.T.);
#6936 = EDGE_LOOP('',(#6937,#6947,#6955,#6964,#6972,#6981));
#6937 = ORIENTED_EDGE('',*,*,#6938,.F.);
#6938 = EDGE_CURVE('',#6939,#6941,#6943,.T.);
#6939 = VERTEX_POINT('',#6940);
#6940 = CARTESIAN_POINT('',(4.9,-6.5,-5.75));
#6941 = VERTEX_POINT('',#6942);
#6942 = CARTESIAN_POINT('',(4.9,-6.5,-4.25));
#6943 = LINE('',#6944,#6945);
#6944 = CARTESIAN_POINT('',(4.9,-6.5,-4.22));
#6945 = VECTOR('',#6946,1.);
#6946 = DIRECTION('',(0.,0.,1.));
#6947 = ORIENTED_EDGE('',*,*,#6948,.F.);
#6948 = EDGE_CURVE('',#6949,#6939,#6951,.T.);
#6949 = VERTEX_POINT('',#6950);
#6950 = CARTESIAN_POINT('',(5.85,-6.5,-5.75));
#6951 = LINE('',#6952,#6953);
#6952 = CARTESIAN_POINT('',(5.45,-6.5,-5.75));
#6953 = VECTOR('',#6954,1.);
#6954 = DIRECTION('',(-1.,-0.,-0.));
#6955 = ORIENTED_EDGE('',*,*,#6956,.T.);
#6956 = EDGE_CURVE('',#6949,#6957,#6959,.T.);
#6957 = VERTEX_POINT('',#6958);
#6958 = CARTESIAN_POINT('',(6.15,-6.5,-5.45));
#6959 = CIRCLE('',#6960,0.3);
#6960 = AXIS2_PLACEMENT_3D('',#6961,#6962,#6963);
#6961 = CARTESIAN_POINT('',(5.85,-6.5,-5.45));
#6962 = DIRECTION('',(0.,-1.,0.));
#6963 = DIRECTION('',(0.,0.,-1.));
#6964 = ORIENTED_EDGE('',*,*,#6965,.T.);
#6965 = EDGE_CURVE('',#6957,#6966,#6968,.T.);
#6966 = VERTEX_POINT('',#6967);
#6967 = CARTESIAN_POINT('',(6.15,-6.5,-4.55));
#6968 = LINE('',#6969,#6970);
#6969 = CARTESIAN_POINT('',(6.15,-6.5,-5.45));
#6970 = VECTOR('',#6971,1.);
#6971 = DIRECTION('',(0.,0.,1.));
#6972 = ORIENTED_EDGE('',*,*,#6973,.T.);
#6973 = EDGE_CURVE('',#6966,#6974,#6976,.T.);
#6974 = VERTEX_POINT('',#6975);
#6975 = CARTESIAN_POINT('',(5.85,-6.5,-4.25));
#6976 = CIRCLE('',#6977,0.3);
#6977 = AXIS2_PLACEMENT_3D('',#6978,#6979,#6980);
#6978 = CARTESIAN_POINT('',(5.85,-6.5,-4.55));
#6979 = DIRECTION('',(0.,-1.,0.));
#6980 = DIRECTION('',(0.,0.,-1.));
#6981 = ORIENTED_EDGE('',*,*,#6982,.F.);
#6982 = EDGE_CURVE('',#6941,#6974,#6983,.T.);
#6983 = LINE('',#6984,#6985);
#6984 = CARTESIAN_POINT('',(5.45,-6.5,-4.25));
#6985 = VECTOR('',#6986,1.);
#6986 = DIRECTION('',(1.,0.,0.));
#6987 = PLANE('',#6988);
#6988 = AXIS2_PLACEMENT_3D('',#6989,#6990,#6991);
#6989 = CARTESIAN_POINT('',(5.45,-6.5,-5.));
#6990 = DIRECTION('',(0.,1.,0.));
#6991 = DIRECTION('',(0.,-0.,1.));
#6992 = ADVANCED_FACE('',(#6993),#7004,.T.);
#6993 = FACE_BOUND('',#6994,.T.);
#6994 = EDGE_LOOP('',(#6995,#6996,#7002,#7003));
#6995 = ORIENTED_EDGE('',*,*,#3701,.F.);
#6996 = ORIENTED_EDGE('',*,*,#6997,.T.);
#6997 = EDGE_CURVE('',#3694,#5543,#6998,.T.);
#6998 = LINE('',#6999,#7000);
#6999 = CARTESIAN_POINT('',(3.,-5.1,-7.1));
#7000 = VECTOR('',#7001,1.);
#7001 = DIRECTION('',(0.,0.,1.));
#7002 = ORIENTED_EDGE('',*,*,#5542,.T.);
#7003 = ORIENTED_EDGE('',*,*,#5519,.T.);
#7004 = PLANE('',#7005);
#7005 = AXIS2_PLACEMENT_3D('',#7006,#7007,#7008);
#7006 = CARTESIAN_POINT('',(3.,-4.6,-11.5));
#7007 = DIRECTION('',(1.,0.,0.));
#7008 = DIRECTION('',(0.,0.,-1.));
#7009 = ADVANCED_FACE('',(#7010),#7044,.F.);
#7010 = FACE_BOUND('',#7011,.T.);
#7011 = EDGE_LOOP('',(#7012,#7022,#7030,#7038));
#7012 = ORIENTED_EDGE('',*,*,#7013,.T.);
#7013 = EDGE_CURVE('',#7014,#7016,#7018,.T.);
#7014 = VERTEX_POINT('',#7015);
#7015 = CARTESIAN_POINT('',(3.65,-5.1,-2.2));
#7016 = VERTEX_POINT('',#7017);
#7017 = CARTESIAN_POINT('',(3.65,-5.5,-2.2));
#7018 = LINE('',#7019,#7020);
#7019 = CARTESIAN_POINT('',(3.65,-5.3,-2.2));
#7020 = VECTOR('',#7021,1.);
#7021 = DIRECTION('',(-0.,-1.,-0.));
#7022 = ORIENTED_EDGE('',*,*,#7023,.F.);
#7023 = EDGE_CURVE('',#7024,#7016,#7026,.T.);
#7024 = VERTEX_POINT('',#7025);
#7025 = CARTESIAN_POINT('',(3.,-5.5,-2.2));
#7026 = LINE('',#7027,#7028);
#7027 = CARTESIAN_POINT('',(0.425,-5.5,-2.2));
#7028 = VECTOR('',#7029,1.);
#7029 = DIRECTION('',(1.,0.,0.));
#7030 = ORIENTED_EDGE('',*,*,#7031,.T.);
#7031 = EDGE_CURVE('',#7024,#7032,#7034,.T.);
#7032 = VERTEX_POINT('',#7033);
#7033 = CARTESIAN_POINT('',(3.,-5.1,-2.2));
#7034 = LINE('',#7035,#7036);
#7035 = CARTESIAN_POINT('',(3.,-3.7,-2.2));
#7036 = VECTOR('',#7037,1.);
#7037 = DIRECTION('',(0.,1.,0.));
#7038 = ORIENTED_EDGE('',*,*,#7039,.T.);
#7039 = EDGE_CURVE('',#7032,#7014,#7040,.T.);
#7040 = LINE('',#7041,#7042);
#7041 = CARTESIAN_POINT('',(3.75,-5.1,-2.2));
#7042 = VECTOR('',#7043,1.);
#7043 = DIRECTION('',(1.,0.,0.));
#7044 = PLANE('',#7045);
#7045 = AXIS2_PLACEMENT_3D('',#7046,#7047,#7048);
#7046 = CARTESIAN_POINT('',(3.325,-5.3,-2.2));
#7047 = DIRECTION('',(0.,0.,1.));
#7048 = DIRECTION('',(1.,0.,-0.));
#7049 = ADVANCED_FACE('',(#7050),#7075,.F.);
#7050 = FACE_BOUND('',#7051,.T.);
#7051 = EDGE_LOOP('',(#7052,#7053,#7061,#7069));
#7052 = ORIENTED_EDGE('',*,*,#7013,.F.);
#7053 = ORIENTED_EDGE('',*,*,#7054,.T.);
#7054 = EDGE_CURVE('',#7014,#7055,#7057,.T.);
#7055 = VERTEX_POINT('',#7056);
#7056 = CARTESIAN_POINT('',(3.65,-5.1,-4.2));
#7057 = LINE('',#7058,#7059);
#7058 = CARTESIAN_POINT('',(3.65,-5.1,-7.1));
#7059 = VECTOR('',#7060,1.);
#7060 = DIRECTION('',(-0.,-0.,-1.));
#7061 = ORIENTED_EDGE('',*,*,#7062,.T.);
#7062 = EDGE_CURVE('',#7055,#7063,#7065,.T.);
#7063 = VERTEX_POINT('',#7064);
#7064 = CARTESIAN_POINT('',(3.65,-5.5,-4.2));
#7065 = LINE('',#7066,#7067);
#7066 = CARTESIAN_POINT('',(3.65,-5.3,-4.2));
#7067 = VECTOR('',#7068,1.);
#7068 = DIRECTION('',(-0.,-1.,-0.));
#7069 = ORIENTED_EDGE('',*,*,#7070,.F.);
#7070 = EDGE_CURVE('',#7016,#7063,#7071,.T.);
#7071 = LINE('',#7072,#7073);
#7072 = CARTESIAN_POINT('',(3.65,-5.5,-6.675));
#7073 = VECTOR('',#7074,1.);
#7074 = DIRECTION('',(-0.,-0.,-1.));
#7075 = PLANE('',#7076);
#7076 = AXIS2_PLACEMENT_3D('',#7077,#7078,#7079);
#7077 = CARTESIAN_POINT('',(3.65,-5.3,-3.2));
#7078 = DIRECTION('',(1.,0.,0.));
#7079 = DIRECTION('',(0.,0.,-1.));
#7080 = ADVANCED_FACE('',(#7081),#7106,.F.);
#7081 = FACE_BOUND('',#7082,.T.);
#7082 = EDGE_LOOP('',(#7083,#7093,#7099,#7100));
#7083 = ORIENTED_EDGE('',*,*,#7084,.F.);
#7084 = EDGE_CURVE('',#7085,#7087,#7089,.T.);
#7085 = VERTEX_POINT('',#7086);
#7086 = CARTESIAN_POINT('',(4.5,-5.1,-10.));
#7087 = VERTEX_POINT('',#7088);
#7088 = CARTESIAN_POINT('',(4.5,-5.5,-10.));
#7089 = LINE('',#7090,#7091);
#7090 = CARTESIAN_POINT('',(4.5,-4.575,-10.));
#7091 = VECTOR('',#7092,1.);
#7092 = DIRECTION('',(-0.,-1.,-0.));
#7093 = ORIENTED_EDGE('',*,*,#7094,.T.);
#7094 = EDGE_CURVE('',#7085,#3686,#7095,.T.);
#7095 = LINE('',#7096,#7097);
#7096 = CARTESIAN_POINT('',(4.5,-5.1,-7.1));
#7097 = VECTOR('',#7098,1.);
#7098 = DIRECTION('',(-0.,-0.,-1.));
#7099 = ORIENTED_EDGE('',*,*,#3685,.F.);
#7100 = ORIENTED_EDGE('',*,*,#7101,.F.);
#7101 = EDGE_CURVE('',#7087,#3678,#7102,.T.);
#7102 = LINE('',#7103,#7104);
#7103 = CARTESIAN_POINT('',(4.5,-5.5,-6.675));
#7104 = VECTOR('',#7105,1.);
#7105 = DIRECTION('',(-0.,-0.,-1.));
#7106 = PLANE('',#7107);
#7107 = AXIS2_PLACEMENT_3D('',#7108,#7109,#7110);
#7108 = CARTESIAN_POINT('',(4.5,-4.575,-11.));
#7109 = DIRECTION('',(1.,0.,0.));
#7110 = DIRECTION('',(0.,0.,-1.));
#7111 = ADVANCED_FACE('',(#7112,#7118),#7170,.F.);
#7112 = FACE_BOUND('',#7113,.T.);
#7113 = EDGE_LOOP('',(#7114,#7115,#7116,#7117));
#7114 = ORIENTED_EDGE('',*,*,#5703,.F.);
#7115 = ORIENTED_EDGE('',*,*,#5677,.F.);
#7116 = ORIENTED_EDGE('',*,*,#5650,.F.);
#7117 = ORIENTED_EDGE('',*,*,#5727,.F.);
#7118 = FACE_BOUND('',#7119,.T.);
#7119 = EDGE_LOOP('',(#7120,#7128,#7134,#7135,#7136,#7137,#7138,#7139,
    #7140,#7146,#7147,#7155,#7163,#7169));
#7120 = ORIENTED_EDGE('',*,*,#7121,.T.);
#7121 = EDGE_CURVE('',#6199,#7122,#7124,.T.);
#7122 = VERTEX_POINT('',#7123);
#7123 = CARTESIAN_POINT('',(3.,-2.6,-10.));
#7124 = LINE('',#7125,#7126);
#7125 = CARTESIAN_POINT('',(3.,-2.6,-11.));
#7126 = VECTOR('',#7127,1.);
#7127 = DIRECTION('',(0.,0.,1.));
#7128 = ORIENTED_EDGE('',*,*,#7129,.T.);
#7129 = EDGE_CURVE('',#7122,#4696,#7130,.T.);
#7130 = LINE('',#7131,#7132);
#7131 = CARTESIAN_POINT('',(3.,-2.8,-10.));
#7132 = VECTOR('',#7133,1.);
#7133 = DIRECTION('',(-0.,-1.,-0.));
#7134 = ORIENTED_EDGE('',*,*,#5625,.F.);
#7135 = ORIENTED_EDGE('',*,*,#4060,.T.);
#7136 = ORIENTED_EDGE('',*,*,#5609,.F.);
#7137 = ORIENTED_EDGE('',*,*,#6262,.F.);
#7138 = ORIENTED_EDGE('',*,*,#5575,.F.);
#7139 = ORIENTED_EDGE('',*,*,#5550,.F.);
#7140 = ORIENTED_EDGE('',*,*,#7141,.T.);
#7141 = EDGE_CURVE('',#5543,#7032,#7142,.T.);
#7142 = LINE('',#7143,#7144);
#7143 = CARTESIAN_POINT('',(3.,-5.1,-7.1));
#7144 = VECTOR('',#7145,1.);
#7145 = DIRECTION('',(0.,0.,1.));
#7146 = ORIENTED_EDGE('',*,*,#7031,.F.);
#7147 = ORIENTED_EDGE('',*,*,#7148,.F.);
#7148 = EDGE_CURVE('',#7149,#7024,#7151,.T.);
#7149 = VERTEX_POINT('',#7150);
#7150 = CARTESIAN_POINT('',(3.,-5.5,-1.));
#7151 = LINE('',#7152,#7153);
#7152 = CARTESIAN_POINT('',(3.,-5.5,-6.675));
#7153 = VECTOR('',#7154,1.);
#7154 = DIRECTION('',(-0.,-0.,-1.));
#7155 = ORIENTED_EDGE('',*,*,#7156,.T.);
#7156 = EDGE_CURVE('',#7149,#7157,#7159,.T.);
#7157 = VERTEX_POINT('',#7158);
#7158 = CARTESIAN_POINT('',(3.,-1.9,-1.));
#7159 = LINE('',#7160,#7161);
#7160 = CARTESIAN_POINT('',(3.,-3.7,-1.));
#7161 = VECTOR('',#7162,1.);
#7162 = DIRECTION('',(0.,1.,0.));
#7163 = ORIENTED_EDGE('',*,*,#7164,.T.);
#7164 = EDGE_CURVE('',#7157,#6207,#7165,.T.);
#7165 = LINE('',#7166,#7167);
#7166 = CARTESIAN_POINT('',(3.,-1.9,-6.5));
#7167 = VECTOR('',#7168,1.);
#7168 = DIRECTION('',(-0.,-0.,-1.));
#7169 = ORIENTED_EDGE('',*,*,#6206,.F.);
#7170 = PLANE('',#7171);
#7171 = AXIS2_PLACEMENT_3D('',#7172,#7173,#7174);
#7172 = CARTESIAN_POINT('',(3.,-3.7,-6.5));
#7173 = DIRECTION('',(1.,0.,0.));
#7174 = DIRECTION('',(0.,0.,-1.));
#7175 = ADVANCED_FACE('',(#7176),#7195,.F.);
#7176 = FACE_BOUND('',#7177,.T.);
#7177 = EDGE_LOOP('',(#7178,#7186,#7192,#7193,#7194));
#7178 = ORIENTED_EDGE('',*,*,#7179,.T.);
#7179 = EDGE_CURVE('',#7122,#7180,#7182,.T.);
#7180 = VERTEX_POINT('',#7181);
#7181 = CARTESIAN_POINT('',(4.5,-2.6,-10.));
#7182 = LINE('',#7183,#7184);
#7183 = CARTESIAN_POINT('',(3.75,-2.6,-10.));
#7184 = VECTOR('',#7185,1.);
#7185 = DIRECTION('',(1.,0.,0.));
#7186 = ORIENTED_EDGE('',*,*,#7187,.F.);
#7187 = EDGE_CURVE('',#5798,#7180,#7188,.T.);
#7188 = LINE('',#7189,#7190);
#7189 = CARTESIAN_POINT('',(4.5,-2.8,-10.));
#7190 = VECTOR('',#7191,1.);
#7191 = DIRECTION('',(0.,1.,0.));
#7192 = ORIENTED_EDGE('',*,*,#5797,.F.);
#7193 = ORIENTED_EDGE('',*,*,#4695,.F.);
#7194 = ORIENTED_EDGE('',*,*,#7129,.F.);
#7195 = PLANE('',#7196);
#7196 = AXIS2_PLACEMENT_3D('',#7197,#7198,#7199);
#7197 = CARTESIAN_POINT('',(3.75,-2.8,-10.));
#7198 = DIRECTION('',(0.,0.,1.));
#7199 = DIRECTION('',(1.,0.,-0.));
#7200 = ADVANCED_FACE('',(#7201),#7249,.T.);
#7201 = FACE_BOUND('',#7202,.T.);
#7202 = EDGE_LOOP('',(#7203,#7211,#7219,#7225,#7226,#7234,#7242,#7248));
#7203 = ORIENTED_EDGE('',*,*,#7204,.F.);
#7204 = EDGE_CURVE('',#7205,#5807,#7207,.T.);
#7205 = VERTEX_POINT('',#7206);
#7206 = CARTESIAN_POINT('',(4.8,-5.75,-10.));
#7207 = LINE('',#7208,#7209);
#7208 = CARTESIAN_POINT('',(4.8,-4.425,-10.));
#7209 = VECTOR('',#7210,1.);
#7210 = DIRECTION('',(0.,1.,0.));
#7211 = ORIENTED_EDGE('',*,*,#7212,.T.);
#7212 = EDGE_CURVE('',#7205,#7213,#7215,.T.);
#7213 = VERTEX_POINT('',#7214);
#7214 = CARTESIAN_POINT('',(4.8,-6.,-10.25));
#7215 = LINE('',#7216,#7217);
#7216 = CARTESIAN_POINT('',(4.8,-5.875,-10.125));
#7217 = VECTOR('',#7218,1.);
#7218 = DIRECTION('',(-0.,-0.707106781185,-0.707106781188));
#7219 = ORIENTED_EDGE('',*,*,#7220,.F.);
#7220 = EDGE_CURVE('',#5756,#7213,#7221,.T.);
#7221 = LINE('',#7222,#7223);
#7222 = CARTESIAN_POINT('',(4.8,-6.025,-10.25));
#7223 = VECTOR('',#7224,1.);
#7224 = DIRECTION('',(0.,1.,0.));
#7225 = ORIENTED_EDGE('',*,*,#5764,.T.);
#7226 = ORIENTED_EDGE('',*,*,#7227,.T.);
#7227 = EDGE_CURVE('',#5746,#7228,#7230,.T.);
#7228 = VERTEX_POINT('',#7229);
#7229 = CARTESIAN_POINT('',(4.8,-5.999999999999,-11.75));
#7230 = LINE('',#7231,#7232);
#7231 = CARTESIAN_POINT('',(4.8,-6.025,-11.75));
#7232 = VECTOR('',#7233,1.);
#7233 = DIRECTION('',(0.,1.,0.));
#7234 = ORIENTED_EDGE('',*,*,#7235,.T.);
#7235 = EDGE_CURVE('',#7228,#7236,#7238,.T.);
#7236 = VERTEX_POINT('',#7237);
#7237 = CARTESIAN_POINT('',(4.8,-5.75,-12.));
#7238 = LINE('',#7239,#7240);
#7239 = CARTESIAN_POINT('',(4.8,-5.999999999999,-11.75));
#7240 = VECTOR('',#7241,1.);
#7241 = DIRECTION('',(0.,0.707106781185,-0.707106781188));
#7242 = ORIENTED_EDGE('',*,*,#7243,.T.);
#7243 = EDGE_CURVE('',#7236,#5779,#7244,.T.);
#7244 = LINE('',#7245,#7246);
#7245 = CARTESIAN_POINT('',(4.8,-1.298198816269,-12.));
#7246 = VECTOR('',#7247,1.);
#7247 = DIRECTION('',(0.,1.,0.));
#7248 = ORIENTED_EDGE('',*,*,#5815,.T.);
#7249 = PLANE('',#7250);
#7250 = AXIS2_PLACEMENT_3D('',#7251,#7252,#7253);
#7251 = CARTESIAN_POINT('',(4.8,-4.575,-11.));
#7252 = DIRECTION('',(1.,0.,0.));
#7253 = DIRECTION('',(0.,0.,-1.));
#7254 = ADVANCED_FACE('',(#7255),#7278,.T.);
#7255 = FACE_BOUND('',#7256,.T.);
#7256 = EDGE_LOOP('',(#7257,#7258,#7266,#7277));
#7257 = ORIENTED_EDGE('',*,*,#6626,.T.);
#7258 = ORIENTED_EDGE('',*,*,#7259,.T.);
#7259 = EDGE_CURVE('',#6618,#7260,#7262,.T.);
#7260 = VERTEX_POINT('',#7261);
#7261 = CARTESIAN_POINT('',(3.641428291207,-0.25,-13.5));
#7262 = LINE('',#7263,#7264);
#7263 = CARTESIAN_POINT('',(0.,-0.25,-13.5));
#7264 = VECTOR('',#7265,1.);
#7265 = DIRECTION('',(-1.,-0.,-0.));
#7266 = ORIENTED_EDGE('',*,*,#7267,.F.);
#7267 = EDGE_CURVE('',#6644,#7260,#7268,.T.);
#7268 = B_SPLINE_CURVE_WITH_KNOTS('',3,(#7269,#7270,#7271,#7272,#7273,
    #7274,#7275,#7276),.UNSPECIFIED.,.F.,.F.,(4,2,2,4),(
    9.21217650341E-21,1.203755945717E-04,2.407511891434E-04,
    4.815023782867E-04),.UNSPECIFIED.);
#7269 = CARTESIAN_POINT('',(3.9,1.066185819425E-16,-13.25));
#7270 = CARTESIAN_POINT('',(3.9,2.086877423798E-16,-13.29082750626));
#7271 = CARTESIAN_POINT('',(3.889724072451,-1.029832823294E-02,
    -13.32999733372));
#7272 = CARTESIAN_POINT('',(3.856238551676,-4.355186571734E-02,
    -13.39572450961));
#7273 = CARTESIAN_POINT('',(3.833689898218,-6.582612251548E-02,
    -13.42199762698));
#7274 = CARTESIAN_POINT('',(3.758870636656,-0.138894807971,
    -13.48274114301));
#7275 = CARTESIAN_POINT('',(3.700076626278,-0.195222678364,-13.5));
#7276 = CARTESIAN_POINT('',(3.641428291207,-0.25,-13.5));
#7277 = ORIENTED_EDGE('',*,*,#6665,.T.);
#7278 = CYLINDRICAL_SURFACE('',#7279,0.25);
#7279 = AXIS2_PLACEMENT_3D('',#7280,#7281,#7282);
#7280 = CARTESIAN_POINT('',(3.624206305259,-0.25,-13.25));
#7281 = DIRECTION('',(1.,0.,0.));
#7282 = DIRECTION('',(0.,0.,-1.));
#7283 = ADVANCED_FACE('',(#7284),#7316,.T.);
#7284 = FACE_BOUND('',#7285,.T.);
#7285 = EDGE_LOOP('',(#7286,#7295,#7308,#7315));
#7286 = ORIENTED_EDGE('',*,*,#7287,.T.);
#7287 = EDGE_CURVE('',#7260,#7288,#7290,.T.);
#7288 = VERTEX_POINT('',#7289);
#7289 = CARTESIAN_POINT('',(-3.641428291206,-0.25,-13.5));
#7290 = CIRCLE('',#7291,3.65);
#7291 = AXIS2_PLACEMENT_3D('',#7292,#7293,#7294);
#7292 = CARTESIAN_POINT('',(8.693427362938E-13,-2.7701365507E-14,-13.5)
  );
#7293 = DIRECTION('',(1.540197702485E-15,1.436737136555E-15,1.));
#7294 = DIRECTION('',(0.997651586632,-6.849315068496E-02,
    -1.438174028423E-15));
#7295 = ORIENTED_EDGE('',*,*,#7296,.F.);
#7296 = EDGE_CURVE('',#7297,#7288,#7299,.T.);
#7297 = VERTEX_POINT('',#7298);
#7298 = CARTESIAN_POINT('',(-3.9,1.135871182268E-16,-13.25));
#7299 = B_SPLINE_CURVE_WITH_KNOTS('',3,(#7300,#7301,#7302,#7303,#7304,
    #7305,#7306,#7307),.UNSPECIFIED.,.F.,.F.,(4,2,2,4),(9.3308848703E-21
    ,1.203755945717E-04,2.407511891434E-04,4.815023782867E-04),
  .UNSPECIFIED.);
#7300 = CARTESIAN_POINT('',(-3.9,1.135871182268E-16,-13.25));
#7301 = CARTESIAN_POINT('',(-3.9,2.24887247496E-16,-13.29082750626));
#7302 = CARTESIAN_POINT('',(-3.889724072451,-1.029832823294E-02,
    -13.32999733372));
#7303 = CARTESIAN_POINT('',(-3.856238551676,-4.355186571734E-02,
    -13.39572450961));
#7304 = CARTESIAN_POINT('',(-3.833689898218,-6.582612251548E-02,
    -13.42199762698));
#7305 = CARTESIAN_POINT('',(-3.758870636656,-0.138894807971,
    -13.48274114301));
#7306 = CARTESIAN_POINT('',(-3.700076626278,-0.195222678364,-13.5));
#7307 = CARTESIAN_POINT('',(-3.641428291206,-0.25,-13.5));
#7308 = ORIENTED_EDGE('',*,*,#7309,.F.);
#7309 = EDGE_CURVE('',#6644,#7297,#7310,.T.);
#7310 = CIRCLE('',#7311,3.9);
#7311 = AXIS2_PLACEMENT_3D('',#7312,#7313,#7314);
#7312 = CARTESIAN_POINT('',(0.,0.,-13.25));
#7313 = DIRECTION('',(0.,0.,1.));
#7314 = DIRECTION('',(-1.,8.881784197001E-16,0.));
#7315 = ORIENTED_EDGE('',*,*,#7267,.T.);
#7316 = TOROIDAL_SURFACE('',#7317,3.65,0.25);
#7317 = AXIS2_PLACEMENT_3D('',#7318,#7319,#7320);
#7318 = CARTESIAN_POINT('',(0.,-5.421010862428E-17,-13.25));
#7319 = DIRECTION('',(8.950217421649E-30,7.114816364483E-16,1.));
#7320 = DIRECTION('',(-1.594214034806E-45,-1.,7.114816364483E-16));
#7321 = ADVANCED_FACE('',(#7322),#7348,.T.);
#7322 = FACE_BOUND('',#7323,.T.);
#7323 = EDGE_LOOP('',(#7324,#7335,#7341,#7342));
#7324 = ORIENTED_EDGE('',*,*,#7325,.F.);
#7325 = EDGE_CURVE('',#7326,#7328,#7330,.T.);
#7326 = VERTEX_POINT('',#7327);
#7327 = CARTESIAN_POINT('',(-4.25,0.,-13.25));
#7328 = VERTEX_POINT('',#7329);
#7329 = CARTESIAN_POINT('',(-4.249999999998,-0.25,-13.5));
#7330 = CIRCLE('',#7331,0.25);
#7331 = AXIS2_PLACEMENT_3D('',#7332,#7333,#7334);
#7332 = CARTESIAN_POINT('',(-4.25,-0.25,-13.25));
#7333 = DIRECTION('',(-1.,0.,-2.453187080899E-11));
#7334 = DIRECTION('',(1.702240488079E-25,-1.,-6.938893903907E-15));
#7335 = ORIENTED_EDGE('',*,*,#7336,.F.);
#7336 = EDGE_CURVE('',#7297,#7326,#7337,.T.);
#7337 = LINE('',#7338,#7339);
#7338 = CARTESIAN_POINT('',(-4.075,0.,-13.25));
#7339 = VECTOR('',#7340,1.);
#7340 = DIRECTION('',(-1.,-0.,-0.));
#7341 = ORIENTED_EDGE('',*,*,#7296,.T.);
#7342 = ORIENTED_EDGE('',*,*,#7343,.T.);
#7343 = EDGE_CURVE('',#7288,#7328,#7344,.T.);
#7344 = LINE('',#7345,#7346);
#7345 = CARTESIAN_POINT('',(0.,-0.25,-13.5));
#7346 = VECTOR('',#7347,1.);
#7347 = DIRECTION('',(-1.,-0.,-0.));
#7348 = CYLINDRICAL_SURFACE('',#7349,0.25);
#7349 = AXIS2_PLACEMENT_3D('',#7350,#7351,#7352);
#7350 = CARTESIAN_POINT('',(-4.267221985948,-0.25,-13.25));
#7351 = DIRECTION('',(1.,0.,0.));
#7352 = DIRECTION('',(0.,0.,-1.));
#7353 = ADVANCED_FACE('',(#7354),#7381,.F.);
#7354 = FACE_BOUND('',#7355,.F.);
#7355 = EDGE_LOOP('',(#7356,#7366,#7373,#7374));
#7356 = ORIENTED_EDGE('',*,*,#7357,.T.);
#7357 = EDGE_CURVE('',#7358,#7360,#7362,.T.);
#7358 = VERTEX_POINT('',#7359);
#7359 = CARTESIAN_POINT('',(1.5,-1.967231557291,-13.9));
#7360 = VERTEX_POINT('',#7361);
#7361 = CARTESIAN_POINT('',(1.5,-1.967231557291,-13.5));
#7362 = LINE('',#7363,#7364);
#7363 = CARTESIAN_POINT('',(1.5,-1.967231557291,-13.7));
#7364 = VECTOR('',#7365,1.);
#7365 = DIRECTION('',(0.,0.,1.));
#7366 = ORIENTED_EDGE('',*,*,#7367,.F.);
#7367 = EDGE_CURVE('',#971,#7360,#7368,.T.);
#7368 = CIRCLE('',#7369,0.2);
#7369 = AXIS2_PLACEMENT_3D('',#7370,#7371,#7372);
#7370 = CARTESIAN_POINT('',(1.7,-1.967231557291,-13.5));
#7371 = DIRECTION('',(0.,0.,1.));
#7372 = DIRECTION('',(-1.,2.168404344971E-15,0.));
#7373 = ORIENTED_EDGE('',*,*,#979,.T.);
#7374 = ORIENTED_EDGE('',*,*,#7375,.F.);
#7375 = EDGE_CURVE('',#7358,#980,#7376,.T.);
#7376 = CIRCLE('',#7377,0.2);
#7377 = AXIS2_PLACEMENT_3D('',#7378,#7379,#7380);
#7378 = CARTESIAN_POINT('',(1.7,-1.967231557291,-13.9));
#7379 = DIRECTION('',(0.,0.,-1.));
#7380 = DIRECTION('',(-1.,0.,0.));
#7381 = CYLINDRICAL_SURFACE('',#7382,0.2);
#7382 = AXIS2_PLACEMENT_3D('',#7383,#7384,#7385);
#7383 = CARTESIAN_POINT('',(1.7,-1.967231557291,-13.48110002083));
#7384 = DIRECTION('',(0.,0.,-1.));
#7385 = DIRECTION('',(-1.,0.,0.));
#7386 = ADVANCED_FACE('',(#7387),#7414,.F.);
#7387 = FACE_BOUND('',#7388,.F.);
#7388 = EDGE_LOOP('',(#7389,#7390,#7399,#7407));
#7389 = ORIENTED_EDGE('',*,*,#208,.T.);
#7390 = ORIENTED_EDGE('',*,*,#7391,.F.);
#7391 = EDGE_CURVE('',#7392,#190,#7394,.T.);
#7392 = VERTEX_POINT('',#7393);
#7393 = CARTESIAN_POINT('',(-1.5,-1.967231557291,-13.5));
#7394 = CIRCLE('',#7395,0.2);
#7395 = AXIS2_PLACEMENT_3D('',#7396,#7397,#7398);
#7396 = CARTESIAN_POINT('',(-1.7,-1.967231557291,-13.5));
#7397 = DIRECTION('',(0.,0.,1.));
#7398 = DIRECTION('',(-1.,-2.168404344972E-15,0.));
#7399 = ORIENTED_EDGE('',*,*,#7400,.F.);
#7400 = EDGE_CURVE('',#7401,#7392,#7403,.T.);
#7401 = VERTEX_POINT('',#7402);
#7402 = CARTESIAN_POINT('',(-1.5,-1.967231557291,-13.9));
#7403 = LINE('',#7404,#7405);
#7404 = CARTESIAN_POINT('',(-1.5,-1.967231557292,-13.7));
#7405 = VECTOR('',#7406,1.);
#7406 = DIRECTION('',(0.,0.,1.));
#7407 = ORIENTED_EDGE('',*,*,#7408,.F.);
#7408 = EDGE_CURVE('',#200,#7401,#7409,.T.);
#7409 = CIRCLE('',#7410,0.2);
#7410 = AXIS2_PLACEMENT_3D('',#7411,#7412,#7413);
#7411 = CARTESIAN_POINT('',(-1.7,-1.967231557291,-13.9));
#7412 = DIRECTION('',(0.,0.,-1.));
#7413 = DIRECTION('',(-1.,0.,0.));
#7414 = CYLINDRICAL_SURFACE('',#7415,0.2);
#7415 = AXIS2_PLACEMENT_3D('',#7416,#7417,#7418);
#7416 = CARTESIAN_POINT('',(-1.7,-1.967231557291,-13.48110002083));
#7417 = DIRECTION('',(0.,0.,-1.));
#7418 = DIRECTION('',(-1.,0.,0.));
#7419 = ADVANCED_FACE('',(#7420),#7445,.F.);
#7420 = FACE_BOUND('',#7421,.T.);
#7421 = EDGE_LOOP('',(#7422,#7430,#7438,#7444));
#7422 = ORIENTED_EDGE('',*,*,#7423,.T.);
#7423 = EDGE_CURVE('',#7401,#7424,#7426,.T.);
#7424 = VERTEX_POINT('',#7425);
#7425 = CARTESIAN_POINT('',(-1.5,-2.9,-13.9));
#7426 = LINE('',#7427,#7428);
#7427 = CARTESIAN_POINT('',(-1.5,-1.849445565393,-13.9));
#7428 = VECTOR('',#7429,1.);
#7429 = DIRECTION('',(-0.,-1.,-0.));
#7430 = ORIENTED_EDGE('',*,*,#7431,.T.);
#7431 = EDGE_CURVE('',#7424,#7432,#7434,.T.);
#7432 = VERTEX_POINT('',#7433);
#7433 = CARTESIAN_POINT('',(-1.5,-2.9,-13.5));
#7434 = LINE('',#7435,#7436);
#7435 = CARTESIAN_POINT('',(-1.5,-2.9,-13.48110002083));
#7436 = VECTOR('',#7437,1.);
#7437 = DIRECTION('',(0.,0.,1.));
#7438 = ORIENTED_EDGE('',*,*,#7439,.T.);
#7439 = EDGE_CURVE('',#7432,#7392,#7440,.T.);
#7440 = LINE('',#7441,#7442);
#7441 = CARTESIAN_POINT('',(-1.5,-1.300001804819,-13.5));
#7442 = VECTOR('',#7443,1.);
#7443 = DIRECTION('',(0.,1.,0.));
#7444 = ORIENTED_EDGE('',*,*,#7400,.F.);
#7445 = PLANE('',#7446);
#7446 = AXIS2_PLACEMENT_3D('',#7447,#7448,#7449);
#7447 = CARTESIAN_POINT('',(-1.5,-2.433615778645,-13.7));
#7448 = DIRECTION('',(1.,0.,0.));
#7449 = DIRECTION('',(0.,0.,-1.));
#7450 = ADVANCED_FACE('',(#7451),#7478,.F.);
#7451 = FACE_BOUND('',#7452,.F.);
#7452 = EDGE_LOOP('',(#7453,#7454,#7463,#7471));
#7453 = ORIENTED_EDGE('',*,*,#7431,.T.);
#7454 = ORIENTED_EDGE('',*,*,#7455,.F.);
#7455 = EDGE_CURVE('',#7456,#7432,#7458,.T.);
#7456 = VERTEX_POINT('',#7457);
#7457 = CARTESIAN_POINT('',(-1.7,-3.1,-13.5));
#7458 = CIRCLE('',#7459,0.2);
#7459 = AXIS2_PLACEMENT_3D('',#7460,#7461,#7462);
#7460 = CARTESIAN_POINT('',(-1.7,-2.9,-13.5));
#7461 = DIRECTION('',(0.,0.,1.));
#7462 = DIRECTION('',(-1.,0.,0.));
#7463 = ORIENTED_EDGE('',*,*,#7464,.T.);
#7464 = EDGE_CURVE('',#7456,#7465,#7467,.T.);
#7465 = VERTEX_POINT('',#7466);
#7466 = CARTESIAN_POINT('',(-1.7,-3.1,-13.9));
#7467 = LINE('',#7468,#7469);
#7468 = CARTESIAN_POINT('',(-1.7,-3.1,-13.7));
#7469 = VECTOR('',#7470,1.);
#7470 = DIRECTION('',(-0.,-0.,-1.));
#7471 = ORIENTED_EDGE('',*,*,#7472,.F.);
#7472 = EDGE_CURVE('',#7424,#7465,#7473,.T.);
#7473 = CIRCLE('',#7474,0.2);
#7474 = AXIS2_PLACEMENT_3D('',#7475,#7476,#7477);
#7475 = CARTESIAN_POINT('',(-1.7,-2.9,-13.9));
#7476 = DIRECTION('',(0.,0.,-1.));
#7477 = DIRECTION('',(-1.,0.,0.));
#7478 = CYLINDRICAL_SURFACE('',#7479,0.2);
#7479 = AXIS2_PLACEMENT_3D('',#7480,#7481,#7482);
#7480 = CARTESIAN_POINT('',(-1.7,-2.9,-13.48110002083));
#7481 = DIRECTION('',(0.,0.,-1.));
#7482 = DIRECTION('',(-1.,0.,0.));
#7483 = ADVANCED_FACE('',(#7484),#7520,.T.);
#7484 = FACE_BOUND('',#7485,.T.);
#7485 = EDGE_LOOP('',(#7486,#7497,#7505,#7514));
#7486 = ORIENTED_EDGE('',*,*,#7487,.T.);
#7487 = EDGE_CURVE('',#7488,#7490,#7492,.T.);
#7488 = VERTEX_POINT('',#7489);
#7489 = CARTESIAN_POINT('',(-4.3,-6.1,-13.9));
#7490 = VERTEX_POINT('',#7491);
#7491 = CARTESIAN_POINT('',(-4.9,-6.1,-13.3));
#7492 = CIRCLE('',#7493,0.6);
#7493 = AXIS2_PLACEMENT_3D('',#7494,#7495,#7496);
#7494 = CARTESIAN_POINT('',(-4.3,-6.1,-13.3));
#7495 = DIRECTION('',(0.,1.,0.));
#7496 = DIRECTION('',(0.,0.,-1.));
#7497 = ORIENTED_EDGE('',*,*,#7498,.T.);
#7498 = EDGE_CURVE('',#7490,#7499,#7501,.T.);
#7499 = VERTEX_POINT('',#7500);
#7500 = CARTESIAN_POINT('',(-4.9,-3.1,-13.3));
#7501 = LINE('',#7502,#7503);
#7502 = CARTESIAN_POINT('',(-4.9,-4.6,-13.3));
#7503 = VECTOR('',#7504,1.);
#7504 = DIRECTION('',(0.,1.,0.));
#7505 = ORIENTED_EDGE('',*,*,#7506,.F.);
#7506 = EDGE_CURVE('',#7507,#7499,#7509,.T.);
#7507 = VERTEX_POINT('',#7508);
#7508 = CARTESIAN_POINT('',(-4.3,-3.1,-13.9));
#7509 = CIRCLE('',#7510,0.6);
#7510 = AXIS2_PLACEMENT_3D('',#7511,#7512,#7513);
#7511 = CARTESIAN_POINT('',(-4.3,-3.1,-13.3));
#7512 = DIRECTION('',(0.,1.,0.));
#7513 = DIRECTION('',(0.,0.,-1.));
#7514 = ORIENTED_EDGE('',*,*,#7515,.T.);
#7515 = EDGE_CURVE('',#7507,#7488,#7516,.T.);
#7516 = LINE('',#7517,#7518);
#7517 = CARTESIAN_POINT('',(-4.3,-1.849445565393,-13.9));
#7518 = VECTOR('',#7519,1.);
#7519 = DIRECTION('',(-0.,-1.,-0.));
#7520 = CYLINDRICAL_SURFACE('',#7521,0.6);
#7521 = AXIS2_PLACEMENT_3D('',#7522,#7523,#7524);
#7522 = CARTESIAN_POINT('',(-4.3,-3.04,-13.3));
#7523 = DIRECTION('',(0.,-1.,0.));
#7524 = DIRECTION('',(0.,0.,-1.));
#7525 = ADVANCED_FACE('',(#7526),#7554,.T.);
#7526 = FACE_BOUND('',#7527,.T.);
#7527 = EDGE_LOOP('',(#7528,#7539,#7548));
#7528 = ORIENTED_EDGE('',*,*,#7529,.F.);
#7529 = EDGE_CURVE('',#7530,#7532,#7534,.T.);
#7530 = VERTEX_POINT('',#7531);
#7531 = CARTESIAN_POINT('',(-1.11444840962E-03,-6.000015177342,
    -13.49999999981));
#7532 = VERTEX_POINT('',#7533);
#7533 = CARTESIAN_POINT('',(0.374139136971,-6.09999967723,
    -13.49999999985));
#7534 = ( BOUNDED_CURVE() B_SPLINE_CURVE(3,(#7535,#7536,#7537,#7538),
.UNSPECIFIED.,.F.,.F.) B_SPLINE_CURVE_WITH_KNOTS((4,4),(0.,1.),
.PIECEWISE_BEZIER_KNOTS.) CURVE() GEOMETRIC_REPRESENTATION_ITEM() 
RATIONAL_B_SPLINE_CURVE((1.,0.977269132847,0.977269132847,1.)) 
REPRESENTATION_ITEM('') );
#7535 = CARTESIAN_POINT('',(-1.11444840962E-03,-6.000015177342,
    -13.49999999981));
#7536 = CARTESIAN_POINT('',(0.131344517104,-5.999819090971,
    -13.49999999954));
#7537 = CARTESIAN_POINT('',(0.259338080146,-6.033922812379,
    -13.49999999954));
#7538 = CARTESIAN_POINT('',(0.374139136971,-6.09999967723,
    -13.49999999985));
#7539 = ORIENTED_EDGE('',*,*,#7540,.F.);
#7540 = EDGE_CURVE('',#7541,#7530,#7543,.T.);
#7541 = VERTEX_POINT('',#7542);
#7542 = CARTESIAN_POINT('',(-0.374142572537,-6.099996670388,
    -13.49999999993));
#7543 = ( BOUNDED_CURVE() B_SPLINE_CURVE(3,(#7544,#7545,#7546,#7547),
.UNSPECIFIED.,.F.,.F.) B_SPLINE_CURVE_WITH_KNOTS((4,4),(0.,1.),
.PIECEWISE_BEZIER_KNOTS.) CURVE() GEOMETRIC_REPRESENTATION_ITEM() 
RATIONAL_B_SPLINE_CURVE((1.,0.977524725404,0.977524725404,1.)) 
REPRESENTATION_ITEM('') );
#7544 = CARTESIAN_POINT('',(-0.374142572537,-6.099996670388,
    -13.49999999993));
#7545 = CARTESIAN_POINT('',(-0.260006533718,-6.034303836746,
    -13.4999999997));
#7546 = CARTESIAN_POINT('',(-0.132805529146,-6.00020863762,
    -13.4999999997));
#7547 = CARTESIAN_POINT('',(-1.11444840962E-03,-6.000015177342,
    -13.49999999981));
#7548 = ORIENTED_EDGE('',*,*,#7549,.T.);
#7549 = EDGE_CURVE('',#7541,#7532,#7550,.T.);
#7550 = LINE('',#7551,#7552);
#7551 = CARTESIAN_POINT('',(-1.5,-6.1,-13.49999999992));
#7552 = VECTOR('',#7553,1.);
#7553 = DIRECTION('',(1.,0.,0.));
#7554 = PLANE('',#7555);
#7555 = AXIS2_PLACEMENT_3D('',#7556,#7557,#7558);
#7556 = CARTESIAN_POINT('',(-0.950001254081,-1.849416766277,-13.5));
#7557 = DIRECTION('',(0.,0.,1.));
#7558 = DIRECTION('',(1.,0.,-0.));
#7559 = ADVANCED_FACE('',(#7560),#7585,.T.);
#7560 = FACE_BOUND('',#7561,.T.);
#7561 = EDGE_LOOP('',(#7562,#7570,#7578,#7584));
#7562 = ORIENTED_EDGE('',*,*,#7563,.F.);
#7563 = EDGE_CURVE('',#7564,#5855,#7566,.T.);
#7564 = VERTEX_POINT('',#7565);
#7565 = CARTESIAN_POINT('',(-4.5,-3.1,-13.25));
#7566 = LINE('',#7567,#7568);
#7567 = CARTESIAN_POINT('',(-4.5,-3.1,-8.875));
#7568 = VECTOR('',#7569,1.);
#7569 = DIRECTION('',(-0.,-0.,-1.));
#7570 = ORIENTED_EDGE('',*,*,#7571,.F.);
#7571 = EDGE_CURVE('',#7572,#7564,#7574,.T.);
#7572 = VERTEX_POINT('',#7573);
#7573 = CARTESIAN_POINT('',(-4.5,-6.1,-13.25));
#7574 = LINE('',#7575,#7576);
#7575 = CARTESIAN_POINT('',(-4.5,-6.37,-13.25));
#7576 = VECTOR('',#7577,1.);
#7577 = DIRECTION('',(0.,1.,0.));
#7578 = ORIENTED_EDGE('',*,*,#7579,.T.);
#7579 = EDGE_CURVE('',#7572,#5846,#7580,.T.);
#7580 = LINE('',#7581,#7582);
#7581 = CARTESIAN_POINT('',(-4.5,-6.1,-8.775));
#7582 = VECTOR('',#7583,1.);
#7583 = DIRECTION('',(0.,0.,-1.));
#7584 = ORIENTED_EDGE('',*,*,#5854,.T.);
#7585 = PLANE('',#7586);
#7586 = AXIS2_PLACEMENT_3D('',#7587,#7588,#7589);
#7587 = CARTESIAN_POINT('',(-4.5,-4.6,-8.775));
#7588 = DIRECTION('',(1.,0.,0.));
#7589 = DIRECTION('',(0.,0.,-1.));
#7590 = ADVANCED_FACE('',(#7591),#7616,.T.);
#7591 = FACE_BOUND('',#7592,.T.);
#7592 = EDGE_LOOP('',(#7593,#7601,#7609,#7615));
#7593 = ORIENTED_EDGE('',*,*,#7594,.T.);
#7594 = EDGE_CURVE('',#5844,#7595,#7597,.T.);
#7595 = VERTEX_POINT('',#7596);
#7596 = CARTESIAN_POINT('',(-4.25,-6.099999737702,-13.5));
#7597 = LINE('',#7598,#7599);
#7598 = CARTESIAN_POINT('',(-1.5,-6.1,-13.5));
#7599 = VECTOR('',#7600,1.);
#7600 = DIRECTION('',(1.,0.,0.));
#7601 = ORIENTED_EDGE('',*,*,#7602,.F.);
#7602 = EDGE_CURVE('',#7603,#7595,#7605,.T.);
#7603 = VERTEX_POINT('',#7604);
#7604 = CARTESIAN_POINT('',(-4.25,-3.1,-13.5));
#7605 = LINE('',#7606,#7607);
#7606 = CARTESIAN_POINT('',(-4.25,-6.37,-13.5));
#7607 = VECTOR('',#7608,1.);
#7608 = DIRECTION('',(-0.,-1.,-0.));
#7609 = ORIENTED_EDGE('',*,*,#7610,.T.);
#7610 = EDGE_CURVE('',#7603,#5863,#7611,.T.);
#7611 = LINE('',#7612,#7613);
#7612 = CARTESIAN_POINT('',(-0.950001254081,-3.1,-13.5));
#7613 = VECTOR('',#7614,1.);
#7614 = DIRECTION('',(-1.,-0.,-0.));
#7615 = ORIENTED_EDGE('',*,*,#5871,.T.);
#7616 = PLANE('',#7617);
#7617 = AXIS2_PLACEMENT_3D('',#7618,#7619,#7620);
#7618 = CARTESIAN_POINT('',(-0.950001254081,-1.849416766277,-13.5));
#7619 = DIRECTION('',(0.,0.,1.));
#7620 = DIRECTION('',(1.,0.,-0.));
#7621 = ADVANCED_FACE('',(#7622),#7641,.T.);
#7622 = FACE_BOUND('',#7623,.T.);
#7623 = EDGE_LOOP('',(#7624,#7633,#7634));
#7624 = ORIENTED_EDGE('',*,*,#7625,.F.);
#7625 = EDGE_CURVE('',#7326,#7626,#7628,.T.);
#7626 = VERTEX_POINT('',#7627);
#7627 = CARTESIAN_POINT('',(-4.5,-0.25,-13.25));
#7628 = CIRCLE('',#7629,0.25);
#7629 = AXIS2_PLACEMENT_3D('',#7630,#7631,#7632);
#7630 = CARTESIAN_POINT('',(-4.25,-0.25,-13.25));
#7631 = DIRECTION('',(0.,0.,1.));
#7632 = DIRECTION('',(-1.,7.155734338404E-15,0.));
#7633 = ORIENTED_EDGE('',*,*,#7325,.T.);
#7634 = ORIENTED_EDGE('',*,*,#7635,.F.);
#7635 = EDGE_CURVE('',#7626,#7328,#7636,.T.);
#7636 = CIRCLE('',#7637,0.25);
#7637 = AXIS2_PLACEMENT_3D('',#7638,#7639,#7640);
#7638 = CARTESIAN_POINT('',(-4.25,-0.25,-13.25));
#7639 = DIRECTION('',(-0.,-1.,0.));
#7640 = DIRECTION('',(3.469446951954E-15,-0.,1.));
#7641 = SPHERICAL_SURFACE('',#7642,0.25);
#7642 = AXIS2_PLACEMENT_3D('',#7643,#7644,#7645);
#7643 = CARTESIAN_POINT('',(-4.25,-0.25,-13.25));
#7644 = DIRECTION('',(-0.,-0.,-1.));
#7645 = DIRECTION('',(-1.,0.,0.));
#7646 = ADVANCED_FACE('',(#7647),#7672,.T.);
#7647 = FACE_BOUND('',#7648,.T.);
#7648 = EDGE_LOOP('',(#7649,#7657,#7665,#7671));
#7649 = ORIENTED_EDGE('',*,*,#7650,.F.);
#7650 = EDGE_CURVE('',#7651,#7326,#7653,.T.);
#7651 = VERTEX_POINT('',#7652);
#7652 = CARTESIAN_POINT('',(-4.25,0.,-12.));
#7653 = LINE('',#7654,#7655);
#7654 = CARTESIAN_POINT('',(-4.25,0.,-11.975));
#7655 = VECTOR('',#7656,1.);
#7656 = DIRECTION('',(0.,0.,-1.));
#7657 = ORIENTED_EDGE('',*,*,#7658,.T.);
#7658 = EDGE_CURVE('',#7651,#7659,#7661,.T.);
#7659 = VERTEX_POINT('',#7660);
#7660 = CARTESIAN_POINT('',(-3.9,0.,-12.));
#7661 = LINE('',#7662,#7663);
#7662 = CARTESIAN_POINT('',(0.,0.,-12.));
#7663 = VECTOR('',#7664,1.);
#7664 = DIRECTION('',(1.,0.,0.));
#7665 = ORIENTED_EDGE('',*,*,#7666,.F.);
#7666 = EDGE_CURVE('',#7297,#7659,#7667,.T.);
#7667 = LINE('',#7668,#7669);
#7668 = CARTESIAN_POINT('',(-3.9,0.,-3.228));
#7669 = VECTOR('',#7670,1.);
#7670 = DIRECTION('',(0.,0.,1.));
#7671 = ORIENTED_EDGE('',*,*,#7336,.T.);
#7672 = PLANE('',#7673);
#7673 = AXIS2_PLACEMENT_3D('',#7674,#7675,#7676);
#7674 = CARTESIAN_POINT('',(-4.075,0.,-12.625));
#7675 = DIRECTION('',(0.,1.,0.));
#7676 = DIRECTION('',(0.,-0.,1.));
#7677 = ADVANCED_FACE('',(#7678),#7703,.F.);
#7678 = FACE_BOUND('',#7679,.T.);
#7679 = EDGE_LOOP('',(#7680,#7681,#7689,#7697));
#7680 = ORIENTED_EDGE('',*,*,#5998,.F.);
#7681 = ORIENTED_EDGE('',*,*,#7682,.F.);
#7682 = EDGE_CURVE('',#7683,#5962,#7685,.T.);
#7683 = VERTEX_POINT('',#7684);
#7684 = CARTESIAN_POINT('',(-2.999999999873,2.491987159029,-3.4));
#7685 = LINE('',#7686,#7687);
#7686 = CARTESIAN_POINT('',(-2.999999999842,2.491987159065,-3.228));
#7687 = VECTOR('',#7688,1.);
#7688 = DIRECTION('',(0.,0.,-1.));
#7689 = ORIENTED_EDGE('',*,*,#7690,.T.);
#7690 = EDGE_CURVE('',#7683,#7691,#7693,.T.);
#7691 = VERTEX_POINT('',#7692);
#7692 = CARTESIAN_POINT('',(-2.999999999935,4.5,-3.4));
#7693 = LINE('',#7694,#7695);
#7694 = CARTESIAN_POINT('',(-2.999999999903,2.3,-3.4));
#7695 = VECTOR('',#7696,1.);
#7696 = DIRECTION('',(0.,1.,0.));
#7697 = ORIENTED_EDGE('',*,*,#7698,.F.);
#7698 = EDGE_CURVE('',#5999,#7691,#7699,.T.);
#7699 = LINE('',#7700,#7701);
#7700 = CARTESIAN_POINT('',(-2.999999999998,4.5,-5.474998292527));
#7701 = VECTOR('',#7702,1.);
#7702 = DIRECTION('',(0.,0.,1.));
#7703 = PLANE('',#7704);
#7704 = AXIS2_PLACEMENT_3D('',#7705,#7706,#7707);
#7705 = CARTESIAN_POINT('',(-3.,3.49599357956,-5.549999997057));
#7706 = DIRECTION('',(1.,0.,0.));
#7707 = DIRECTION('',(0.,0.,-1.));
#7708 = ADVANCED_FACE('',(#7709),#7765,.T.);
#7709 = FACE_BOUND('',#7710,.T.);
#7710 = EDGE_LOOP('',(#7711,#7720,#7728,#7735,#7736,#7737,#7738,#7747,
    #7755,#7762,#7763,#7764));
#7711 = ORIENTED_EDGE('',*,*,#7712,.T.);
#7712 = EDGE_CURVE('',#7659,#7713,#7715,.T.);
#7713 = VERTEX_POINT('',#7714);
#7714 = CARTESIAN_POINT('',(-3.898717737924,0.1,-12.));
#7715 = CIRCLE('',#7716,3.9);
#7716 = AXIS2_PLACEMENT_3D('',#7717,#7718,#7719);
#7717 = CARTESIAN_POINT('',(0.,0.,-12.));
#7718 = DIRECTION('',(0.,0.,-1.));
#7719 = DIRECTION('',(-1.,0.,0.));
#7720 = ORIENTED_EDGE('',*,*,#7721,.F.);
#7721 = EDGE_CURVE('',#7722,#7713,#7724,.T.);
#7722 = VERTEX_POINT('',#7723);
#7723 = CARTESIAN_POINT('',(-3.898717737924,0.1,-3.4));
#7724 = LINE('',#7725,#7726);
#7725 = CARTESIAN_POINT('',(-3.898717737924,0.1,-7.7));
#7726 = VECTOR('',#7727,1.);
#7727 = DIRECTION('',(-0.,-0.,-1.));
#7728 = ORIENTED_EDGE('',*,*,#7729,.T.);
#7729 = EDGE_CURVE('',#7722,#7683,#7730,.T.);
#7730 = CIRCLE('',#7731,3.9);
#7731 = AXIS2_PLACEMENT_3D('',#7732,#7733,#7734);
#7732 = CARTESIAN_POINT('',(0.,0.,-3.4));
#7733 = DIRECTION('',(0.,0.,-1.));
#7734 = DIRECTION('',(-1.,0.,0.));
#7735 = ORIENTED_EDGE('',*,*,#7682,.T.);
#7736 = ORIENTED_EDGE('',*,*,#5961,.T.);
#7737 = ORIENTED_EDGE('',*,*,#6591,.T.);
#7738 = ORIENTED_EDGE('',*,*,#7739,.T.);
#7739 = EDGE_CURVE('',#6584,#7740,#7742,.T.);
#7740 = VERTEX_POINT('',#7741);
#7741 = CARTESIAN_POINT('',(3.898717737924,9.999999999998E-02,-3.4));
#7742 = CIRCLE('',#7743,3.9);
#7743 = AXIS2_PLACEMENT_3D('',#7744,#7745,#7746);
#7744 = CARTESIAN_POINT('',(0.,0.,-3.4));
#7745 = DIRECTION('',(0.,0.,-1.));
#7746 = DIRECTION('',(-1.,0.,0.));
#7747 = ORIENTED_EDGE('',*,*,#7748,.F.);
#7748 = EDGE_CURVE('',#7749,#7740,#7751,.T.);
#7749 = VERTEX_POINT('',#7750);
#7750 = CARTESIAN_POINT('',(3.898717737924,0.1,-12.));
#7751 = LINE('',#7752,#7753);
#7752 = CARTESIAN_POINT('',(3.898717737924,0.1,-7.7));
#7753 = VECTOR('',#7754,1.);
#7754 = DIRECTION('',(0.,0.,1.));
#7755 = ORIENTED_EDGE('',*,*,#7756,.T.);
#7756 = EDGE_CURVE('',#7749,#6642,#7757,.T.);
#7757 = CIRCLE('',#7758,3.9);
#7758 = AXIS2_PLACEMENT_3D('',#7759,#7760,#7761);
#7759 = CARTESIAN_POINT('',(0.,0.,-12.));
#7760 = DIRECTION('',(0.,0.,-1.));
#7761 = DIRECTION('',(-1.,0.,0.));
#7762 = ORIENTED_EDGE('',*,*,#6641,.T.);
#7763 = ORIENTED_EDGE('',*,*,#7309,.T.);
#7764 = ORIENTED_EDGE('',*,*,#7666,.T.);
#7765 = CYLINDRICAL_SURFACE('',#7766,3.9);
#7766 = AXIS2_PLACEMENT_3D('',#7767,#7768,#7769);
#7767 = CARTESIAN_POINT('',(0.,0.,-3.228));
#7768 = DIRECTION('',(0.,0.,-1.));
#7769 = DIRECTION('',(-1.,0.,0.));
#7770 = ADVANCED_FACE('',(#7771),#7823,.F.);
#7771 = FACE_BOUND('',#7772,.T.);
#7772 = EDGE_LOOP('',(#7773,#7783,#7792,#7800,#7809,#7817));
#7773 = ORIENTED_EDGE('',*,*,#7774,.F.);
#7774 = EDGE_CURVE('',#7775,#7777,#7779,.T.);
#7775 = VERTEX_POINT('',#7776);
#7776 = CARTESIAN_POINT('',(-6.25,-6.5,-10.25));
#7777 = VERTEX_POINT('',#7778);
#7778 = CARTESIAN_POINT('',(-5.1,-6.5,-10.25));
#7779 = LINE('',#7780,#7781);
#7780 = CARTESIAN_POINT('',(-5.7,-6.5,-10.25));
#7781 = VECTOR('',#7782,1.);
#7782 = DIRECTION('',(1.,0.,0.));
#7783 = ORIENTED_EDGE('',*,*,#7784,.T.);
#7784 = EDGE_CURVE('',#7775,#7785,#7787,.T.);
#7785 = VERTEX_POINT('',#7786);
#7786 = CARTESIAN_POINT('',(-6.45,-6.5,-10.45));
#7787 = CIRCLE('',#7788,0.2);
#7788 = AXIS2_PLACEMENT_3D('',#7789,#7790,#7791);
#7789 = CARTESIAN_POINT('',(-6.25,-6.5,-10.45));
#7790 = DIRECTION('',(0.,-1.,0.));
#7791 = DIRECTION('',(0.,0.,1.));
#7792 = ORIENTED_EDGE('',*,*,#7793,.T.);
#7793 = EDGE_CURVE('',#7785,#7794,#7796,.T.);
#7794 = VERTEX_POINT('',#7795);
#7795 = CARTESIAN_POINT('',(-6.45,-6.5,-11.55));
#7796 = LINE('',#7797,#7798);
#7797 = CARTESIAN_POINT('',(-6.45,-6.5,-11.55));
#7798 = VECTOR('',#7799,1.);
#7799 = DIRECTION('',(-0.,-0.,-1.));
#7800 = ORIENTED_EDGE('',*,*,#7801,.T.);
#7801 = EDGE_CURVE('',#7794,#7802,#7804,.T.);
#7802 = VERTEX_POINT('',#7803);
#7803 = CARTESIAN_POINT('',(-6.25,-6.5,-11.75));
#7804 = CIRCLE('',#7805,0.2);
#7805 = AXIS2_PLACEMENT_3D('',#7806,#7807,#7808);
#7806 = CARTESIAN_POINT('',(-6.25,-6.5,-11.55));
#7807 = DIRECTION('',(0.,-1.,0.));
#7808 = DIRECTION('',(0.,0.,1.));
#7809 = ORIENTED_EDGE('',*,*,#7810,.F.);
#7810 = EDGE_CURVE('',#7811,#7802,#7813,.T.);
#7811 = VERTEX_POINT('',#7812);
#7812 = CARTESIAN_POINT('',(-5.1,-6.5,-11.75));
#7813 = LINE('',#7814,#7815);
#7814 = CARTESIAN_POINT('',(-5.7,-6.5,-11.75));
#7815 = VECTOR('',#7816,1.);
#7816 = DIRECTION('',(-1.,-0.,-0.));
#7817 = ORIENTED_EDGE('',*,*,#7818,.F.);
#7818 = EDGE_CURVE('',#7777,#7811,#7819,.T.);
#7819 = LINE('',#7820,#7821);
#7820 = CARTESIAN_POINT('',(-5.1,-6.5,-11.78));
#7821 = VECTOR('',#7822,1.);
#7822 = DIRECTION('',(-0.,-0.,-1.));
#7823 = PLANE('',#7824);
#7824 = AXIS2_PLACEMENT_3D('',#7825,#7826,#7827);
#7825 = CARTESIAN_POINT('',(-5.7,-6.5,-11.));
#7826 = DIRECTION('',(0.,1.,0.));
#7827 = DIRECTION('',(0.,-0.,1.));
#7828 = ADVANCED_FACE('',(#7829),#7855,.F.);
#7829 = FACE_BOUND('',#7830,.T.);
#7830 = EDGE_LOOP('',(#7831,#7840,#7841,#7847,#7848,#7849));
#7831 = ORIENTED_EDGE('',*,*,#7832,.F.);
#7832 = EDGE_CURVE('',#7811,#7833,#7835,.T.);
#7833 = VERTEX_POINT('',#7834);
#7834 = CARTESIAN_POINT('',(-4.5,-5.9,-11.75));
#7835 = CIRCLE('',#7836,0.6);
#7836 = AXIS2_PLACEMENT_3D('',#7837,#7838,#7839);
#7837 = CARTESIAN_POINT('',(-5.1,-5.9,-11.75));
#7838 = DIRECTION('',(0.,0.,1.));
#7839 = DIRECTION('',(1.,0.,-0.));
#7840 = ORIENTED_EDGE('',*,*,#7810,.T.);
#7841 = ORIENTED_EDGE('',*,*,#7842,.F.);
#7842 = EDGE_CURVE('',#4346,#7802,#7843,.T.);
#7843 = LINE('',#7844,#7845);
#7844 = CARTESIAN_POINT('',(-6.25,-6.1,-11.75));
#7845 = VECTOR('',#7846,1.);
#7846 = DIRECTION('',(0.,-1.,0.));
#7847 = ORIENTED_EDGE('',*,*,#4343,.F.);
#7848 = ORIENTED_EDGE('',*,*,#5928,.F.);
#7849 = ORIENTED_EDGE('',*,*,#7850,.T.);
#7850 = EDGE_CURVE('',#5929,#7833,#7851,.T.);
#7851 = LINE('',#7852,#7853);
#7852 = CARTESIAN_POINT('',(-4.481100020831,-5.9,-11.75));
#7853 = VECTOR('',#7854,1.);
#7854 = DIRECTION('',(1.,0.,0.));
#7855 = PLANE('',#7856);
#7856 = AXIS2_PLACEMENT_3D('',#7857,#7858,#7859);
#7857 = CARTESIAN_POINT('',(-4.8,-6.2,-11.75));
#7858 = DIRECTION('',(0.,0.,1.));
#7859 = DIRECTION('',(1.,0.,-0.));
#7860 = ADVANCED_FACE('',(#7861),#7887,.T.);
#7861 = FACE_BOUND('',#7862,.T.);
#7862 = EDGE_LOOP('',(#7863,#7864,#7865,#7871,#7872,#7881));
#7863 = ORIENTED_EDGE('',*,*,#5918,.T.);
#7864 = ORIENTED_EDGE('',*,*,#4379,.T.);
#7865 = ORIENTED_EDGE('',*,*,#7866,.T.);
#7866 = EDGE_CURVE('',#4371,#7775,#7867,.T.);
#7867 = LINE('',#7868,#7869);
#7868 = CARTESIAN_POINT('',(-6.25,-6.1,-10.25));
#7869 = VECTOR('',#7870,1.);
#7870 = DIRECTION('',(0.,-1.,0.));
#7871 = ORIENTED_EDGE('',*,*,#7774,.T.);
#7872 = ORIENTED_EDGE('',*,*,#7873,.F.);
#7873 = EDGE_CURVE('',#7874,#7777,#7876,.T.);
#7874 = VERTEX_POINT('',#7875);
#7875 = CARTESIAN_POINT('',(-4.5,-5.9,-10.25));
#7876 = CIRCLE('',#7877,0.6);
#7877 = AXIS2_PLACEMENT_3D('',#7878,#7879,#7880);
#7878 = CARTESIAN_POINT('',(-5.1,-5.9,-10.25));
#7879 = DIRECTION('',(0.,0.,-1.));
#7880 = DIRECTION('',(1.,0.,0.));
#7881 = ORIENTED_EDGE('',*,*,#7882,.T.);
#7882 = EDGE_CURVE('',#7874,#5919,#7883,.T.);
#7883 = LINE('',#7884,#7885);
#7884 = CARTESIAN_POINT('',(-4.481100020831,-5.9,-10.25));
#7885 = VECTOR('',#7886,1.);
#7886 = DIRECTION('',(-1.,0.,0.));
#7887 = PLANE('',#7888);
#7888 = AXIS2_PLACEMENT_3D('',#7889,#7890,#7891);
#7889 = CARTESIAN_POINT('',(-4.8,-6.2,-10.25));
#7890 = DIRECTION('',(0.,0.,1.));
#7891 = DIRECTION('',(1.,0.,-0.));
#7892 = ADVANCED_FACE('',(#7893),#8034,.F.);
#7893 = FACE_BOUND('',#7894,.T.);
#7894 = EDGE_LOOP('',(#7895,#7905,#7913,#7922,#7930,#7939,#7945,#7946,
    #7954,#7962,#7969,#7970,#7979,#7987,#7995,#8003,#8010,#8011,#8019,
    #8028));
#7895 = ORIENTED_EDGE('',*,*,#7896,.F.);
#7896 = EDGE_CURVE('',#7897,#7899,#7901,.T.);
#7897 = VERTEX_POINT('',#7898);
#7898 = CARTESIAN_POINT('',(-4.9,-4.,-5.25));
#7899 = VERTEX_POINT('',#7900);
#7900 = CARTESIAN_POINT('',(-4.9,-5.2,-5.25));
#7901 = LINE('',#7902,#7903);
#7902 = CARTESIAN_POINT('',(-4.9,-4.6,-5.25));
#7903 = VECTOR('',#7904,1.);
#7904 = DIRECTION('',(-0.,-1.,-0.));
#7905 = ORIENTED_EDGE('',*,*,#7906,.T.);
#7906 = EDGE_CURVE('',#7897,#7907,#7909,.T.);
#7907 = VERTEX_POINT('',#7908);
#7908 = CARTESIAN_POINT('',(-4.9,-4.,-4.45));
#7909 = LINE('',#7910,#7911);
#7910 = CARTESIAN_POINT('',(-4.9,-4.,-4.85));
#7911 = VECTOR('',#7912,1.);
#7912 = DIRECTION('',(0.,0.,1.));
#7913 = ORIENTED_EDGE('',*,*,#7914,.F.);
#7914 = EDGE_CURVE('',#7915,#7907,#7917,.T.);
#7915 = VERTEX_POINT('',#7916);
#7916 = CARTESIAN_POINT('',(-4.9,-3.8,-4.25));
#7917 = CIRCLE('',#7918,0.2);
#7918 = AXIS2_PLACEMENT_3D('',#7919,#7920,#7921);
#7919 = CARTESIAN_POINT('',(-4.9,-3.8,-4.45));
#7920 = DIRECTION('',(1.,0.,0.));
#7921 = DIRECTION('',(0.,0.,-1.));
#7922 = ORIENTED_EDGE('',*,*,#7923,.F.);
#7923 = EDGE_CURVE('',#7924,#7915,#7926,.T.);
#7924 = VERTEX_POINT('',#7925);
#7925 = CARTESIAN_POINT('',(-4.9,-3.3,-4.25));
#7926 = LINE('',#7927,#7928);
#7927 = CARTESIAN_POINT('',(-4.9,-3.55,-4.25));
#7928 = VECTOR('',#7929,1.);
#7929 = DIRECTION('',(-0.,-1.,-0.));
#7930 = ORIENTED_EDGE('',*,*,#7931,.F.);
#7931 = EDGE_CURVE('',#7932,#7924,#7934,.T.);
#7932 = VERTEX_POINT('',#7933);
#7933 = CARTESIAN_POINT('',(-4.9,-3.1,-4.45));
#7934 = CIRCLE('',#7935,0.2);
#7935 = AXIS2_PLACEMENT_3D('',#7936,#7937,#7938);
#7936 = CARTESIAN_POINT('',(-4.9,-3.3,-4.45));
#7937 = DIRECTION('',(1.,0.,-0.));
#7938 = DIRECTION('',(0.,0.,1.));
#7939 = ORIENTED_EDGE('',*,*,#7940,.F.);
#7940 = EDGE_CURVE('',#7499,#7932,#7941,.T.);
#7941 = LINE('',#7942,#7943);
#7942 = CARTESIAN_POINT('',(-4.9,-3.1,-8.875));
#7943 = VECTOR('',#7944,1.);
#7944 = DIRECTION('',(0.,0.,1.));
#7945 = ORIENTED_EDGE('',*,*,#7498,.F.);
#7946 = ORIENTED_EDGE('',*,*,#7947,.T.);
#7947 = EDGE_CURVE('',#7490,#7948,#7950,.T.);
#7948 = VERTEX_POINT('',#7949);
#7949 = CARTESIAN_POINT('',(-4.9,-6.1,-12.15));
#7950 = LINE('',#7951,#7952);
#7951 = CARTESIAN_POINT('',(-4.9,-6.1,-12.725));
#7952 = VECTOR('',#7953,1.);
#7953 = DIRECTION('',(0.,0.,1.));
#7954 = ORIENTED_EDGE('',*,*,#7955,.F.);
#7955 = EDGE_CURVE('',#7956,#7948,#7958,.T.);
#7956 = VERTEX_POINT('',#7957);
#7957 = CARTESIAN_POINT('',(-4.9,-5.9,-12.15));
#7958 = LINE('',#7959,#7960);
#7959 = CARTESIAN_POINT('',(-4.9,-6.,-12.15));
#7960 = VECTOR('',#7961,1.);
#7961 = DIRECTION('',(-0.,-1.,-0.));
#7962 = ORIENTED_EDGE('',*,*,#7963,.T.);
#7963 = EDGE_CURVE('',#7956,#5929,#7964,.T.);
#7964 = CIRCLE('',#7965,0.2);
#7965 = AXIS2_PLACEMENT_3D('',#7966,#7967,#7968);
#7966 = CARTESIAN_POINT('',(-4.9,-5.9,-11.95));
#7967 = DIRECTION('',(1.,0.,-0.));
#7968 = DIRECTION('',(0.,0.,1.));
#7969 = ORIENTED_EDGE('',*,*,#5937,.F.);
#7970 = ORIENTED_EDGE('',*,*,#7971,.T.);
#7971 = EDGE_CURVE('',#5919,#7972,#7974,.T.);
#7972 = VERTEX_POINT('',#7973);
#7973 = CARTESIAN_POINT('',(-4.9,-5.9,-9.85));
#7974 = CIRCLE('',#7975,0.2);
#7975 = AXIS2_PLACEMENT_3D('',#7976,#7977,#7978);
#7976 = CARTESIAN_POINT('',(-4.9,-5.9,-10.05));
#7977 = DIRECTION('',(1.,0.,-0.));
#7978 = DIRECTION('',(0.,0.,1.));
#7979 = ORIENTED_EDGE('',*,*,#7980,.T.);
#7980 = EDGE_CURVE('',#7972,#7981,#7983,.T.);
#7981 = VERTEX_POINT('',#7982);
#7982 = CARTESIAN_POINT('',(-4.9,-6.1,-9.85));
#7983 = LINE('',#7984,#7985);
#7984 = CARTESIAN_POINT('',(-4.9,-6.,-9.85));
#7985 = VECTOR('',#7986,1.);
#7986 = DIRECTION('',(-0.,-1.,-0.));
#7987 = ORIENTED_EDGE('',*,*,#7988,.T.);
#7988 = EDGE_CURVE('',#7981,#7989,#7991,.T.);
#7989 = VERTEX_POINT('',#7990);
#7990 = CARTESIAN_POINT('',(-4.9,-6.1,-6.15));
#7991 = LINE('',#7992,#7993);
#7992 = CARTESIAN_POINT('',(-4.9,-6.1,-8.));
#7993 = VECTOR('',#7994,1.);
#7994 = DIRECTION('',(0.,0.,1.));
#7995 = ORIENTED_EDGE('',*,*,#7996,.F.);
#7996 = EDGE_CURVE('',#7997,#7989,#7999,.T.);
#7997 = VERTEX_POINT('',#7998);
#7998 = CARTESIAN_POINT('',(-4.9,-5.9,-6.15));
#7999 = LINE('',#8000,#8001);
#8000 = CARTESIAN_POINT('',(-4.9,-4.6,-6.15));
#8001 = VECTOR('',#8002,1.);
#8002 = DIRECTION('',(-0.,-1.,-0.));
#8003 = ORIENTED_EDGE('',*,*,#8004,.F.);
#8004 = EDGE_CURVE('',#5896,#7997,#8005,.T.);
#8005 = CIRCLE('',#8006,0.2);
#8006 = AXIS2_PLACEMENT_3D('',#8007,#8008,#8009);
#8007 = CARTESIAN_POINT('',(-4.9,-5.9,-5.95));
#8008 = DIRECTION('',(-1.,0.,0.));
#8009 = DIRECTION('',(0.,0.,1.));
#8010 = ORIENTED_EDGE('',*,*,#5904,.F.);
#8011 = ORIENTED_EDGE('',*,*,#8012,.F.);
#8012 = EDGE_CURVE('',#8013,#5886,#8015,.T.);
#8013 = VERTEX_POINT('',#8014);
#8014 = CARTESIAN_POINT('',(-4.9,-5.4,-4.25));
#8015 = LINE('',#8016,#8017);
#8016 = CARTESIAN_POINT('',(-4.9,-4.6,-4.25));
#8017 = VECTOR('',#8018,1.);
#8018 = DIRECTION('',(-0.,-1.,-0.));
#8019 = ORIENTED_EDGE('',*,*,#8020,.F.);
#8020 = EDGE_CURVE('',#8021,#8013,#8023,.T.);
#8021 = VERTEX_POINT('',#8022);
#8022 = CARTESIAN_POINT('',(-4.9,-5.2,-4.45));
#8023 = CIRCLE('',#8024,0.2);
#8024 = AXIS2_PLACEMENT_3D('',#8025,#8026,#8027);
#8025 = CARTESIAN_POINT('',(-4.9,-5.4,-4.45));
#8026 = DIRECTION('',(1.,0.,0.));
#8027 = DIRECTION('',(0.,0.,-1.));
#8028 = ORIENTED_EDGE('',*,*,#8029,.F.);
#8029 = EDGE_CURVE('',#7899,#8021,#8030,.T.);
#8030 = LINE('',#8031,#8032);
#8031 = CARTESIAN_POINT('',(-4.9,-5.2,-4.85));
#8032 = VECTOR('',#8033,1.);
#8033 = DIRECTION('',(0.,0.,1.));
#8034 = PLANE('',#8035);
#8035 = AXIS2_PLACEMENT_3D('',#8036,#8037,#8038);
#8036 = CARTESIAN_POINT('',(-4.9,-4.6,-8.775));
#8037 = DIRECTION('',(1.,0.,0.));
#8038 = DIRECTION('',(0.,0.,-1.));
#8039 = ADVANCED_FACE('',(#8040),#8092,.F.);
#8040 = FACE_BOUND('',#8041,.T.);
#8041 = EDGE_LOOP('',(#8042,#8052,#8060,#8069,#8077,#8086));
#8042 = ORIENTED_EDGE('',*,*,#8043,.F.);
#8043 = EDGE_CURVE('',#8044,#8046,#8048,.T.);
#8044 = VERTEX_POINT('',#8045);
#8045 = CARTESIAN_POINT('',(-5.1,-6.5,-4.25));
#8046 = VERTEX_POINT('',#8047);
#8047 = CARTESIAN_POINT('',(-5.1,-6.5,-5.75));
#8048 = LINE('',#8049,#8050);
#8049 = CARTESIAN_POINT('',(-5.1,-6.5,-5.78));
#8050 = VECTOR('',#8051,1.);
#8051 = DIRECTION('',(-0.,-0.,-1.));
#8052 = ORIENTED_EDGE('',*,*,#8053,.F.);
#8053 = EDGE_CURVE('',#8054,#8044,#8056,.T.);
#8054 = VERTEX_POINT('',#8055);
#8055 = CARTESIAN_POINT('',(-6.25,-6.5,-4.25));
#8056 = LINE('',#8057,#8058);
#8057 = CARTESIAN_POINT('',(-5.7,-6.5,-4.25));
#8058 = VECTOR('',#8059,1.);
#8059 = DIRECTION('',(1.,0.,0.));
#8060 = ORIENTED_EDGE('',*,*,#8061,.T.);
#8061 = EDGE_CURVE('',#8054,#8062,#8064,.T.);
#8062 = VERTEX_POINT('',#8063);
#8063 = CARTESIAN_POINT('',(-6.45,-6.5,-4.45));
#8064 = CIRCLE('',#8065,0.2);
#8065 = AXIS2_PLACEMENT_3D('',#8066,#8067,#8068);
#8066 = CARTESIAN_POINT('',(-6.25,-6.5,-4.45));
#8067 = DIRECTION('',(0.,-1.,0.));
#8068 = DIRECTION('',(0.,0.,1.));
#8069 = ORIENTED_EDGE('',*,*,#8070,.T.);
#8070 = EDGE_CURVE('',#8062,#8071,#8073,.T.);
#8071 = VERTEX_POINT('',#8072);
#8072 = CARTESIAN_POINT('',(-6.45,-6.5,-5.55));
#8073 = LINE('',#8074,#8075);
#8074 = CARTESIAN_POINT('',(-6.45,-6.5,-5.55));
#8075 = VECTOR('',#8076,1.);
#8076 = DIRECTION('',(-0.,-0.,-1.));
#8077 = ORIENTED_EDGE('',*,*,#8078,.T.);
#8078 = EDGE_CURVE('',#8071,#8079,#8081,.T.);
#8079 = VERTEX_POINT('',#8080);
#8080 = CARTESIAN_POINT('',(-6.25,-6.5,-5.75));
#8081 = CIRCLE('',#8082,0.2);
#8082 = AXIS2_PLACEMENT_3D('',#8083,#8084,#8085);
#8083 = CARTESIAN_POINT('',(-6.25,-6.5,-5.55));
#8084 = DIRECTION('',(0.,-1.,0.));
#8085 = DIRECTION('',(0.,0.,1.));
#8086 = ORIENTED_EDGE('',*,*,#8087,.F.);
#8087 = EDGE_CURVE('',#8046,#8079,#8088,.T.);
#8088 = LINE('',#8089,#8090);
#8089 = CARTESIAN_POINT('',(-5.7,-6.5,-5.75));
#8090 = VECTOR('',#8091,1.);
#8091 = DIRECTION('',(-1.,-0.,-0.));
#8092 = PLANE('',#8093);
#8093 = AXIS2_PLACEMENT_3D('',#8094,#8095,#8096);
#8094 = CARTESIAN_POINT('',(-5.7,-6.5,-5.));
#8095 = DIRECTION('',(0.,1.,0.));
#8096 = DIRECTION('',(0.,-0.,1.));
#8097 = ADVANCED_FACE('',(#8098),#8124,.F.);
#8098 = FACE_BOUND('',#8099,.T.);
#8099 = EDGE_LOOP('',(#8100,#8109,#8110,#8116,#8117,#8118));
#8100 = ORIENTED_EDGE('',*,*,#8101,.F.);
#8101 = EDGE_CURVE('',#8046,#8102,#8104,.T.);
#8102 = VERTEX_POINT('',#8103);
#8103 = CARTESIAN_POINT('',(-4.5,-5.9,-5.75));
#8104 = CIRCLE('',#8105,0.6);
#8105 = AXIS2_PLACEMENT_3D('',#8106,#8107,#8108);
#8106 = CARTESIAN_POINT('',(-5.1,-5.9,-5.75));
#8107 = DIRECTION('',(0.,0.,1.));
#8108 = DIRECTION('',(1.,0.,-0.));
#8109 = ORIENTED_EDGE('',*,*,#8087,.T.);
#8110 = ORIENTED_EDGE('',*,*,#8111,.F.);
#8111 = EDGE_CURVE('',#4404,#8079,#8112,.T.);
#8112 = LINE('',#8113,#8114);
#8113 = CARTESIAN_POINT('',(-6.25,-6.1,-5.75));
#8114 = VECTOR('',#8115,1.);
#8115 = DIRECTION('',(0.,-1.,0.));
#8116 = ORIENTED_EDGE('',*,*,#4401,.F.);
#8117 = ORIENTED_EDGE('',*,*,#5895,.T.);
#8118 = ORIENTED_EDGE('',*,*,#8119,.T.);
#8119 = EDGE_CURVE('',#5896,#8102,#8120,.T.);
#8120 = LINE('',#8121,#8122);
#8121 = CARTESIAN_POINT('',(-4.481100020831,-5.9,-5.75));
#8122 = VECTOR('',#8123,1.);
#8123 = DIRECTION('',(1.,0.,0.));
#8124 = PLANE('',#8125);
#8125 = AXIS2_PLACEMENT_3D('',#8126,#8127,#8128);
#8126 = CARTESIAN_POINT('',(-4.8,-6.2,-5.75));
#8127 = DIRECTION('',(0.,0.,1.));
#8128 = DIRECTION('',(1.,0.,-0.));
#8129 = ADVANCED_FACE('',(#8130),#8164,.F.);
#8130 = FACE_BOUND('',#8131,.T.);
#8131 = EDGE_LOOP('',(#8132,#8142,#8150,#8158));
#8132 = ORIENTED_EDGE('',*,*,#8133,.F.);
#8133 = EDGE_CURVE('',#8134,#8136,#8138,.T.);
#8134 = VERTEX_POINT('',#8135);
#8135 = CARTESIAN_POINT('',(-5.,-4.1,-3.7));
#8136 = VERTEX_POINT('',#8137);
#8137 = CARTESIAN_POINT('',(-5.,-5.1,-3.7));
#8138 = LINE('',#8139,#8140);
#8139 = CARTESIAN_POINT('',(-5.,-4.6,-3.7));
#8140 = VECTOR('',#8141,1.);
#8141 = DIRECTION('',(-0.,-1.,-0.));
#8142 = ORIENTED_EDGE('',*,*,#8143,.F.);
#8143 = EDGE_CURVE('',#8144,#8134,#8146,.T.);
#8144 = VERTEX_POINT('',#8145);
#8145 = CARTESIAN_POINT('',(-5.,-4.1,-5.2));
#8146 = LINE('',#8147,#8148);
#8147 = CARTESIAN_POINT('',(-5.,-4.1,-4.45));
#8148 = VECTOR('',#8149,1.);
#8149 = DIRECTION('',(0.,0.,1.));
#8150 = ORIENTED_EDGE('',*,*,#8151,.T.);
#8151 = EDGE_CURVE('',#8144,#8152,#8154,.T.);
#8152 = VERTEX_POINT('',#8153);
#8153 = CARTESIAN_POINT('',(-5.,-5.1,-5.2));
#8154 = LINE('',#8155,#8156);
#8155 = CARTESIAN_POINT('',(-5.,-4.6,-5.2));
#8156 = VECTOR('',#8157,1.);
#8157 = DIRECTION('',(-0.,-1.,-0.));
#8158 = ORIENTED_EDGE('',*,*,#8159,.T.);
#8159 = EDGE_CURVE('',#8152,#8136,#8160,.T.);
#8160 = LINE('',#8161,#8162);
#8161 = CARTESIAN_POINT('',(-5.,-5.1,-4.45));
#8162 = VECTOR('',#8163,1.);
#8163 = DIRECTION('',(0.,0.,1.));
#8164 = PLANE('',#8165);
#8165 = AXIS2_PLACEMENT_3D('',#8166,#8167,#8168);
#8166 = CARTESIAN_POINT('',(-5.,-4.6,-4.45));
#8167 = DIRECTION('',(1.,0.,0.));
#8168 = DIRECTION('',(0.,0.,-1.));
#8169 = ADVANCED_FACE('',(#8170),#8204,.F.);
#8170 = FACE_BOUND('',#8171,.T.);
#8171 = EDGE_LOOP('',(#8172,#8182,#8190,#8198));
#8172 = ORIENTED_EDGE('',*,*,#8173,.F.);
#8173 = EDGE_CURVE('',#8174,#8176,#8178,.T.);
#8174 = VERTEX_POINT('',#8175);
#8175 = CARTESIAN_POINT('',(-5.,-2.,-3.7));
#8176 = VERTEX_POINT('',#8177);
#8177 = CARTESIAN_POINT('',(-5.,-3.,-3.7));
#8178 = LINE('',#8179,#8180);
#8179 = CARTESIAN_POINT('',(-5.,-2.5,-3.7));
#8180 = VECTOR('',#8181,1.);
#8181 = DIRECTION('',(-0.,-1.,-0.));
#8182 = ORIENTED_EDGE('',*,*,#8183,.F.);
#8183 = EDGE_CURVE('',#8184,#8174,#8186,.T.);
#8184 = VERTEX_POINT('',#8185);
#8185 = CARTESIAN_POINT('',(-5.,-2.,-5.2));
#8186 = LINE('',#8187,#8188);
#8187 = CARTESIAN_POINT('',(-5.,-2.,-4.45));
#8188 = VECTOR('',#8189,1.);
#8189 = DIRECTION('',(0.,0.,1.));
#8190 = ORIENTED_EDGE('',*,*,#8191,.T.);
#8191 = EDGE_CURVE('',#8184,#8192,#8194,.T.);
#8192 = VERTEX_POINT('',#8193);
#8193 = CARTESIAN_POINT('',(-5.,-3.,-5.2));
#8194 = LINE('',#8195,#8196);
#8195 = CARTESIAN_POINT('',(-5.,-2.5,-5.2));
#8196 = VECTOR('',#8197,1.);
#8197 = DIRECTION('',(-0.,-1.,-0.));
#8198 = ORIENTED_EDGE('',*,*,#8199,.T.);
#8199 = EDGE_CURVE('',#8192,#8176,#8200,.T.);
#8200 = LINE('',#8201,#8202);
#8201 = CARTESIAN_POINT('',(-5.,-3.,-4.45));
#8202 = VECTOR('',#8203,1.);
#8203 = DIRECTION('',(0.,0.,1.));
#8204 = PLANE('',#8205);
#8205 = AXIS2_PLACEMENT_3D('',#8206,#8207,#8208);
#8206 = CARTESIAN_POINT('',(-5.,-2.5,-4.45));
#8207 = DIRECTION('',(1.,0.,0.));
#8208 = DIRECTION('',(0.,0.,-1.));
#8209 = ADVANCED_FACE('',(#8210),#8239,.T.);
#8210 = FACE_BOUND('',#8211,.T.);
#8211 = EDGE_LOOP('',(#8212,#8223,#8232));
#8212 = ORIENTED_EDGE('',*,*,#8213,.F.);
#8213 = EDGE_CURVE('',#8214,#8216,#8218,.T.);
#8214 = VERTEX_POINT('',#8215);
#8215 = CARTESIAN_POINT('',(4.5,4.25,-0.25));
#8216 = VERTEX_POINT('',#8217);
#8217 = CARTESIAN_POINT('',(4.25,4.25,0.));
#8218 = CIRCLE('',#8219,0.25);
#8219 = AXIS2_PLACEMENT_3D('',#8220,#8221,#8222);
#8220 = CARTESIAN_POINT('',(4.25,4.25,-0.25));
#8221 = DIRECTION('',(0.,-1.,0.));
#8222 = DIRECTION('',(0.,0.,1.));
#8223 = ORIENTED_EDGE('',*,*,#8224,.F.);
#8224 = EDGE_CURVE('',#8225,#8214,#8227,.T.);
#8225 = VERTEX_POINT('',#8226);
#8226 = CARTESIAN_POINT('',(4.25,4.5,-0.25));
#8227 = CIRCLE('',#8228,0.25);
#8228 = AXIS2_PLACEMENT_3D('',#8229,#8230,#8231);
#8229 = CARTESIAN_POINT('',(4.25,4.25,-0.25));
#8230 = DIRECTION('',(0.,0.,-1.));
#8231 = DIRECTION('',(-1.,0.,0.));
#8232 = ORIENTED_EDGE('',*,*,#8233,.F.);
#8233 = EDGE_CURVE('',#8216,#8225,#8234,.T.);
#8234 = CIRCLE('',#8235,0.25);
#8235 = AXIS2_PLACEMENT_3D('',#8236,#8237,#8238);
#8236 = CARTESIAN_POINT('',(4.25,4.25,-0.25));
#8237 = DIRECTION('',(-1.,0.,0.));
#8238 = DIRECTION('',(0.,0.,1.));
#8239 = SPHERICAL_SURFACE('',#8240,0.25);
#8240 = AXIS2_PLACEMENT_3D('',#8241,#8242,#8243);
#8241 = CARTESIAN_POINT('',(4.25,4.25,-0.25));
#8242 = DIRECTION('',(-0.,0.,1.));
#8243 = DIRECTION('',(1.,0.,0.));
#8244 = ADVANCED_FACE('',(#8245),#8286,.T.);
#8245 = FACE_BOUND('',#8246,.T.);
#8246 = EDGE_LOOP('',(#8247,#8248,#8256,#8264,#8270,#8278,#8284,#8285));
#8247 = ORIENTED_EDGE('',*,*,#7698,.T.);
#8248 = ORIENTED_EDGE('',*,*,#8249,.T.);
#8249 = EDGE_CURVE('',#7691,#8250,#8252,.T.);
#8250 = VERTEX_POINT('',#8251);
#8251 = CARTESIAN_POINT('',(-4.25,4.5,-3.4));
#8252 = LINE('',#8253,#8254);
#8253 = CARTESIAN_POINT('',(-3.749999999981,4.5,-3.4));
#8254 = VECTOR('',#8255,1.);
#8255 = DIRECTION('',(-1.,-0.,-0.));
#8256 = ORIENTED_EDGE('',*,*,#8257,.F.);
#8257 = EDGE_CURVE('',#8258,#8250,#8260,.T.);
#8258 = VERTEX_POINT('',#8259);
#8259 = CARTESIAN_POINT('',(-4.25,4.5,-0.25));
#8260 = LINE('',#8261,#8262);
#8261 = CARTESIAN_POINT('',(-4.25,4.5,-0.187));
#8262 = VECTOR('',#8263,1.);
#8263 = DIRECTION('',(0.,0.,-1.));
#8264 = ORIENTED_EDGE('',*,*,#8265,.F.);
#8265 = EDGE_CURVE('',#8225,#8258,#8266,.T.);
#8266 = LINE('',#8267,#8268);
#8267 = CARTESIAN_POINT('',(4.42,4.5,-0.25));
#8268 = VECTOR('',#8269,1.);
#8269 = DIRECTION('',(-1.,0.,0.));
#8270 = ORIENTED_EDGE('',*,*,#8271,.F.);
#8271 = EDGE_CURVE('',#8272,#8225,#8274,.T.);
#8272 = VERTEX_POINT('',#8273);
#8273 = CARTESIAN_POINT('',(4.25,4.5,-3.4));
#8274 = LINE('',#8275,#8276);
#8275 = CARTESIAN_POINT('',(4.25,4.5,-0.187));
#8276 = VECTOR('',#8277,1.);
#8277 = DIRECTION('',(0.,0.,1.));
#8278 = ORIENTED_EDGE('',*,*,#8279,.T.);
#8279 = EDGE_CURVE('',#8272,#6576,#8280,.T.);
#8280 = LINE('',#8281,#8282);
#8281 = CARTESIAN_POINT('',(3.74999999998,4.5,-3.4));
#8282 = VECTOR('',#8283,1.);
#8283 = DIRECTION('',(-1.,-0.,-0.));
#8284 = ORIENTED_EDGE('',*,*,#6575,.T.);
#8285 = ORIENTED_EDGE('',*,*,#6006,.T.);
#8286 = PLANE('',#8287);
#8287 = AXIS2_PLACEMENT_3D('',#8288,#8289,#8290);
#8288 = CARTESIAN_POINT('',(0.,4.5,-5.474998292527));
#8289 = DIRECTION('',(0.,1.,0.));
#8290 = DIRECTION('',(0.,-0.,1.));
#8291 = ADVANCED_FACE('',(#8292),#8319,.T.);
#8292 = FACE_BOUND('',#8293,.T.);
#8293 = EDGE_LOOP('',(#8294,#8305,#8312));
#8294 = ORIENTED_EDGE('',*,*,#8295,.F.);
#8295 = EDGE_CURVE('',#8296,#8298,#8300,.T.);
#8296 = VERTEX_POINT('',#8297);
#8297 = CARTESIAN_POINT('',(-4.25,4.25,0.));
#8298 = VERTEX_POINT('',#8299);
#8299 = CARTESIAN_POINT('',(-4.5,4.25,-0.25));
#8300 = CIRCLE('',#8301,0.25);
#8301 = AXIS2_PLACEMENT_3D('',#8302,#8303,#8304);
#8302 = CARTESIAN_POINT('',(-4.25,4.25,-0.25));
#8303 = DIRECTION('',(0.,-1.,0.));
#8304 = DIRECTION('',(0.,0.,-1.));
#8305 = ORIENTED_EDGE('',*,*,#8306,.F.);
#8306 = EDGE_CURVE('',#8258,#8296,#8307,.T.);
#8307 = CIRCLE('',#8308,0.25);
#8308 = AXIS2_PLACEMENT_3D('',#8309,#8310,#8311);
#8309 = CARTESIAN_POINT('',(-4.25,4.25,-0.25));
#8310 = DIRECTION('',(1.,0.,-0.));
#8311 = DIRECTION('',(0.,0.,1.));
#8312 = ORIENTED_EDGE('',*,*,#8313,.F.);
#8313 = EDGE_CURVE('',#8298,#8258,#8314,.T.);
#8314 = CIRCLE('',#8315,0.25);
#8315 = AXIS2_PLACEMENT_3D('',#8316,#8317,#8318);
#8316 = CARTESIAN_POINT('',(-4.25,4.25,-0.25));
#8317 = DIRECTION('',(0.,0.,-1.));
#8318 = DIRECTION('',(-1.,0.,0.));
#8319 = SPHERICAL_SURFACE('',#8320,0.25);
#8320 = AXIS2_PLACEMENT_3D('',#8321,#8322,#8323);
#8321 = CARTESIAN_POINT('',(-4.25,4.25,-0.25));
#8322 = DIRECTION('',(-1.,0.,-6.938893903907E-15));
#8323 = DIRECTION('',(-6.938893903907E-15,0.,1.));
#8324 = ADVANCED_FACE('',(#8325),#8348,.F.);
#8325 = FACE_BOUND('',#8326,.T.);
#8326 = EDGE_LOOP('',(#8327,#8328,#8334,#8335,#8341,#8342));
#8327 = ORIENTED_EDGE('',*,*,#7156,.F.);
#8328 = ORIENTED_EDGE('',*,*,#8329,.F.);
#8329 = EDGE_CURVE('',#6299,#7149,#8330,.T.);
#8330 = LINE('',#8331,#8332);
#8331 = CARTESIAN_POINT('',(0.425,-5.5,-1.));
#8332 = VECTOR('',#8333,1.);
#8333 = DIRECTION('',(1.,0.,0.));
#8334 = ORIENTED_EDGE('',*,*,#6298,.F.);
#8335 = ORIENTED_EDGE('',*,*,#8336,.T.);
#8336 = EDGE_CURVE('',#6291,#299,#8337,.T.);
#8337 = LINE('',#8338,#8339);
#8338 = CARTESIAN_POINT('',(-2.,-1.9,-1.));
#8339 = VECTOR('',#8340,1.);
#8340 = DIRECTION('',(1.,0.,0.));
#8341 = ORIENTED_EDGE('',*,*,#306,.T.);
#8342 = ORIENTED_EDGE('',*,*,#8343,.T.);
#8343 = EDGE_CURVE('',#307,#7157,#8344,.T.);
#8344 = LINE('',#8345,#8346);
#8345 = CARTESIAN_POINT('',(2.,-1.9,-1.));
#8346 = VECTOR('',#8347,1.);
#8347 = DIRECTION('',(1.,0.,0.));
#8348 = PLANE('',#8349);
#8349 = AXIS2_PLACEMENT_3D('',#8350,#8351,#8352);
#8350 = CARTESIAN_POINT('',(0.,-3.7,-1.));
#8351 = DIRECTION('',(0.,0.,1.));
#8352 = DIRECTION('',(1.,0.,-0.));
#8353 = ADVANCED_FACE('',(#8354),#8371,.F.);
#8354 = FACE_BOUND('',#8355,.T.);
#8355 = EDGE_LOOP('',(#8356,#8357,#8358,#8364,#8365,#8366,#8367,#8368,
    #8369,#8370));
#8356 = ORIENTED_EDGE('',*,*,#8343,.F.);
#8357 = ORIENTED_EDGE('',*,*,#315,.T.);
#8358 = ORIENTED_EDGE('',*,*,#8359,.F.);
#8359 = EDGE_CURVE('',#6495,#316,#8360,.T.);
#8360 = LINE('',#8361,#8362);
#8361 = CARTESIAN_POINT('',(-2.39808173319E-14,-1.9,-9.5));
#8362 = VECTOR('',#8363,1.);
#8363 = DIRECTION('',(1.,0.,0.));
#8364 = ORIENTED_EDGE('',*,*,#6509,.F.);
#8365 = ORIENTED_EDGE('',*,*,#6159,.F.);
#8366 = ORIENTED_EDGE('',*,*,#6080,.F.);
#8367 = ORIENTED_EDGE('',*,*,#6055,.F.);
#8368 = ORIENTED_EDGE('',*,*,#6031,.F.);
#8369 = ORIENTED_EDGE('',*,*,#6214,.F.);
#8370 = ORIENTED_EDGE('',*,*,#7164,.F.);
#8371 = PLANE('',#8372);
#8372 = AXIS2_PLACEMENT_3D('',#8373,#8374,#8375);
#8373 = CARTESIAN_POINT('',(2.,-1.9,-6.5));
#8374 = DIRECTION('',(0.,1.,0.));
#8375 = DIRECTION('',(0.,-0.,1.));
#8376 = ADVANCED_FACE('',(#8377),#8394,.F.);
#8377 = FACE_BOUND('',#8378,.T.);
#8378 = EDGE_LOOP('',(#8379,#8380,#8381,#8382,#8383,#8389,#8390,#8391,
    #8392,#8393));
#8379 = ORIENTED_EDGE('',*,*,#6449,.F.);
#8380 = ORIENTED_EDGE('',*,*,#6379,.F.);
#8381 = ORIENTED_EDGE('',*,*,#6347,.F.);
#8382 = ORIENTED_EDGE('',*,*,#6523,.F.);
#8383 = ORIENTED_EDGE('',*,*,#8384,.F.);
#8384 = EDGE_CURVE('',#297,#6524,#8385,.T.);
#8385 = LINE('',#8386,#8387);
#8386 = CARTESIAN_POINT('',(-2.39808173319E-14,-1.9,-9.5));
#8387 = VECTOR('',#8388,1.);
#8388 = DIRECTION('',(1.,0.,0.));
#8389 = ORIENTED_EDGE('',*,*,#296,.T.);
#8390 = ORIENTED_EDGE('',*,*,#8336,.F.);
#8391 = ORIENTED_EDGE('',*,*,#6290,.F.);
#8392 = ORIENTED_EDGE('',*,*,#6230,.F.);
#8393 = ORIENTED_EDGE('',*,*,#6477,.F.);
#8394 = PLANE('',#8395);
#8395 = AXIS2_PLACEMENT_3D('',#8396,#8397,#8398);
#8396 = CARTESIAN_POINT('',(-2.,-1.9,-6.5));
#8397 = DIRECTION('',(0.,1.,0.));
#8398 = DIRECTION('',(0.,-0.,1.));
#8399 = ADVANCED_FACE('',(#8400,#8404),#8414,.T.);
#8400 = FACE_BOUND('',#8401,.T.);
#8401 = EDGE_LOOP('',(#8402,#8403));
#8402 = ORIENTED_EDGE('',*,*,#115,.T.);
#8403 = ORIENTED_EDGE('',*,*,#1002,.T.);
#8404 = FACE_BOUND('',#8405,.T.);
#8405 = EDGE_LOOP('',(#8406,#8407,#8408,#8409,#8410,#8411,#8412,#8413));
#8406 = ORIENTED_EDGE('',*,*,#6540,.T.);
#8407 = ORIENTED_EDGE('',*,*,#6556,.T.);
#8408 = ORIENTED_EDGE('',*,*,#6492,.T.);
#8409 = ORIENTED_EDGE('',*,*,#8359,.T.);
#8410 = ORIENTED_EDGE('',*,*,#323,.T.);
#8411 = ORIENTED_EDGE('',*,*,#905,.T.);
#8412 = ORIENTED_EDGE('',*,*,#357,.T.);
#8413 = ORIENTED_EDGE('',*,*,#8384,.T.);
#8414 = PLANE('',#8415);
#8415 = AXIS2_PLACEMENT_3D('',#8416,#8417,#8418);
#8416 = CARTESIAN_POINT('',(-2.39808173319E-14,0.376558896544,-9.5));
#8417 = DIRECTION('',(0.,0.,1.));
#8418 = DIRECTION('',(1.,0.,-0.));
#8419 = ADVANCED_FACE('',(#8420),#8445,.T.);
#8420 = FACE_BOUND('',#8421,.T.);
#8421 = EDGE_LOOP('',(#8422,#8430,#8431,#8439));
#8422 = ORIENTED_EDGE('',*,*,#8423,.T.);
#8423 = EDGE_CURVE('',#8424,#7749,#8426,.T.);
#8424 = VERTEX_POINT('',#8425);
#8425 = CARTESIAN_POINT('',(4.5,0.1,-12.));
#8426 = LINE('',#8427,#8428);
#8427 = CARTESIAN_POINT('',(0.,0.1,-12.));
#8428 = VECTOR('',#8429,1.);
#8429 = DIRECTION('',(-1.,-0.,-0.));
#8430 = ORIENTED_EDGE('',*,*,#7748,.T.);
#8431 = ORIENTED_EDGE('',*,*,#8432,.T.);
#8432 = EDGE_CURVE('',#7740,#8433,#8435,.T.);
#8433 = VERTEX_POINT('',#8434);
#8434 = CARTESIAN_POINT('',(4.5,9.999999999999E-02,-3.4));
#8435 = LINE('',#8436,#8437);
#8436 = CARTESIAN_POINT('',(3.74999999998,9.999999999996E-02,-3.4));
#8437 = VECTOR('',#8438,1.);
#8438 = DIRECTION('',(1.,0.,0.));
#8439 = ORIENTED_EDGE('',*,*,#8440,.F.);
#8440 = EDGE_CURVE('',#8424,#8433,#8441,.T.);
#8441 = LINE('',#8442,#8443);
#8442 = CARTESIAN_POINT('',(4.5,0.1,-6.125));
#8443 = VECTOR('',#8444,1.);
#8444 = DIRECTION('',(0.,0.,1.));
#8445 = PLANE('',#8446);
#8446 = AXIS2_PLACEMENT_3D('',#8447,#8448,#8449);
#8447 = CARTESIAN_POINT('',(4.199358868962,0.1,-7.7));
#8448 = DIRECTION('',(0.,1.,0.));
#8449 = DIRECTION('',(0.,-0.,1.));
#8450 = ADVANCED_FACE('',(#8451),#8472,.F.);
#8451 = FACE_BOUND('',#8452,.T.);
#8452 = EDGE_LOOP('',(#8453,#8462,#8468,#8469,#8470,#8471));
#8453 = ORIENTED_EDGE('',*,*,#8454,.F.);
#8454 = EDGE_CURVE('',#8455,#8272,#8457,.T.);
#8455 = VERTEX_POINT('',#8456);
#8456 = CARTESIAN_POINT('',(4.5,4.25,-3.4));
#8457 = CIRCLE('',#8458,0.25);
#8458 = AXIS2_PLACEMENT_3D('',#8459,#8460,#8461);
#8459 = CARTESIAN_POINT('',(4.25,4.25,-3.4));
#8460 = DIRECTION('',(0.,0.,1.));
#8461 = DIRECTION('',(-1.,0.,0.));
#8462 = ORIENTED_EDGE('',*,*,#8463,.F.);
#8463 = EDGE_CURVE('',#8433,#8455,#8464,.T.);
#8464 = LINE('',#8465,#8466);
#8465 = CARTESIAN_POINT('',(4.5,-1.,-3.4));
#8466 = VECTOR('',#8467,1.);
#8467 = DIRECTION('',(0.,1.,0.));
#8468 = ORIENTED_EDGE('',*,*,#8432,.F.);
#8469 = ORIENTED_EDGE('',*,*,#7739,.F.);
#8470 = ORIENTED_EDGE('',*,*,#6583,.F.);
#8471 = ORIENTED_EDGE('',*,*,#8279,.F.);
#8472 = PLANE('',#8473);
#8473 = AXIS2_PLACEMENT_3D('',#8474,#8475,#8476);
#8474 = CARTESIAN_POINT('',(3.74999999998,2.3,-3.4));
#8475 = DIRECTION('',(0.,0.,1.));
#8476 = DIRECTION('',(1.,0.,-0.));
#8477 = ADVANCED_FACE('',(#8478),#8489,.T.);
#8478 = FACE_BOUND('',#8479,.T.);
#8479 = EDGE_LOOP('',(#8480,#8486,#8487,#8488));
#8480 = ORIENTED_EDGE('',*,*,#8481,.F.);
#8481 = EDGE_CURVE('',#8455,#8214,#8482,.T.);
#8482 = LINE('',#8483,#8484);
#8483 = CARTESIAN_POINT('',(4.5,4.25,-6.125));
#8484 = VECTOR('',#8485,1.);
#8485 = DIRECTION('',(0.,0.,1.));
#8486 = ORIENTED_EDGE('',*,*,#8454,.T.);
#8487 = ORIENTED_EDGE('',*,*,#8271,.T.);
#8488 = ORIENTED_EDGE('',*,*,#8224,.T.);
#8489 = CYLINDRICAL_SURFACE('',#8490,0.25);
#8490 = AXIS2_PLACEMENT_3D('',#8491,#8492,#8493);
#8491 = CARTESIAN_POINT('',(4.25,4.25,-0.187));
#8492 = DIRECTION('',(0.,0.,-1.));
#8493 = DIRECTION('',(-1.,0.,0.));
#8494 = ADVANCED_FACE('',(#8495),#8521,.T.);
#8495 = FACE_BOUND('',#8496,.T.);
#8496 = EDGE_LOOP('',(#8497,#8498,#8506,#8515));
#8497 = ORIENTED_EDGE('',*,*,#6617,.T.);
#8498 = ORIENTED_EDGE('',*,*,#8499,.F.);
#8499 = EDGE_CURVE('',#8500,#6607,#8502,.T.);
#8500 = VERTEX_POINT('',#8501);
#8501 = CARTESIAN_POINT('',(4.5,-3.1,-13.25));
#8502 = LINE('',#8503,#8504);
#8503 = CARTESIAN_POINT('',(4.5,-1.,-13.25));
#8504 = VECTOR('',#8505,1.);
#8505 = DIRECTION('',(0.,1.,0.));
#8506 = ORIENTED_EDGE('',*,*,#8507,.T.);
#8507 = EDGE_CURVE('',#8500,#8508,#8510,.T.);
#8508 = VERTEX_POINT('',#8509);
#8509 = CARTESIAN_POINT('',(4.25,-3.1,-13.5));
#8510 = CIRCLE('',#8511,0.25);
#8511 = AXIS2_PLACEMENT_3D('',#8512,#8513,#8514);
#8512 = CARTESIAN_POINT('',(4.25,-3.1,-13.25));
#8513 = DIRECTION('',(0.,1.,0.));
#8514 = DIRECTION('',(0.,0.,-1.));
#8515 = ORIENTED_EDGE('',*,*,#8516,.T.);
#8516 = EDGE_CURVE('',#8508,#6618,#8517,.T.);
#8517 = LINE('',#8518,#8519);
#8518 = CARTESIAN_POINT('',(4.25,-1.300001804819,-13.5));
#8519 = VECTOR('',#8520,1.);
#8520 = DIRECTION('',(0.,1.,0.));
#8521 = CYLINDRICAL_SURFACE('',#8522,0.25);
#8522 = AXIS2_PLACEMENT_3D('',#8523,#8524,#8525);
#8523 = CARTESIAN_POINT('',(4.25,-0.193,-13.25));
#8524 = DIRECTION('',(0.,-1.,0.));
#8525 = DIRECTION('',(0.,0.,-1.));
#8526 = ADVANCED_FACE('',(#8527),#8546,.T.);
#8527 = FACE_BOUND('',#8528,.T.);
#8528 = EDGE_LOOP('',(#8529,#8530,#8539,#8545));
#8529 = ORIENTED_EDGE('',*,*,#6659,.T.);
#8530 = ORIENTED_EDGE('',*,*,#8531,.T.);
#8531 = EDGE_CURVE('',#6652,#8532,#8534,.T.);
#8532 = VERTEX_POINT('',#8533);
#8533 = CARTESIAN_POINT('',(4.5,-0.25,-12.));
#8534 = CIRCLE('',#8535,0.25);
#8535 = AXIS2_PLACEMENT_3D('',#8536,#8537,#8538);
#8536 = CARTESIAN_POINT('',(4.25,-0.25,-12.));
#8537 = DIRECTION('',(0.,0.,-1.));
#8538 = DIRECTION('',(-1.,0.,0.));
#8539 = ORIENTED_EDGE('',*,*,#8540,.F.);
#8540 = EDGE_CURVE('',#6607,#8532,#8541,.T.);
#8541 = LINE('',#8542,#8543);
#8542 = CARTESIAN_POINT('',(4.5,-0.25,-6.125));
#8543 = VECTOR('',#8544,1.);
#8544 = DIRECTION('',(0.,0.,1.));
#8545 = ORIENTED_EDGE('',*,*,#6606,.T.);
#8546 = CYLINDRICAL_SURFACE('',#8547,0.25);
#8547 = AXIS2_PLACEMENT_3D('',#8548,#8549,#8550);
#8548 = CARTESIAN_POINT('',(4.25,-0.25,-11.975));
#8549 = DIRECTION('',(0.,0.,-1.));
#8550 = DIRECTION('',(-1.,0.,0.));
#8551 = ADVANCED_FACE('',(#8552),#8564,.F.);
#8552 = FACE_BOUND('',#8553,.T.);
#8553 = EDGE_LOOP('',(#8554,#8555,#8556,#8562,#8563));
#8554 = ORIENTED_EDGE('',*,*,#7756,.F.);
#8555 = ORIENTED_EDGE('',*,*,#8423,.F.);
#8556 = ORIENTED_EDGE('',*,*,#8557,.F.);
#8557 = EDGE_CURVE('',#8532,#8424,#8558,.T.);
#8558 = LINE('',#8559,#8560);
#8559 = CARTESIAN_POINT('',(4.5,-1.,-12.));
#8560 = VECTOR('',#8561,1.);
#8561 = DIRECTION('',(0.,1.,0.));
#8562 = ORIENTED_EDGE('',*,*,#8531,.F.);
#8563 = ORIENTED_EDGE('',*,*,#6651,.F.);
#8564 = PLANE('',#8565);
#8565 = AXIS2_PLACEMENT_3D('',#8566,#8567,#8568);
#8566 = CARTESIAN_POINT('',(0.,-1.298198816269,-12.));
#8567 = DIRECTION('',(0.,0.,1.));
#8568 = DIRECTION('',(1.,0.,-0.));
#8569 = ADVANCED_FACE('',(#8570),#8605,.F.);
#8570 = FACE_BOUND('',#8571,.T.);
#8571 = EDGE_LOOP('',(#8572,#8573,#8574,#8580,#8581,#8590,#8598,#8604));
#8572 = ORIENTED_EDGE('',*,*,#5745,.F.);
#8573 = ORIENTED_EDGE('',*,*,#4311,.F.);
#8574 = ORIENTED_EDGE('',*,*,#8575,.T.);
#8575 = EDGE_CURVE('',#4303,#6680,#8576,.T.);
#8576 = LINE('',#8577,#8578);
#8577 = CARTESIAN_POINT('',(5.85,-6.2,-11.75));
#8578 = VECTOR('',#8579,1.);
#8579 = DIRECTION('',(0.,-1.,0.));
#8580 = ORIENTED_EDGE('',*,*,#6679,.T.);
#8581 = ORIENTED_EDGE('',*,*,#8582,.F.);
#8582 = EDGE_CURVE('',#8583,#6682,#8585,.T.);
#8583 = VERTEX_POINT('',#8584);
#8584 = CARTESIAN_POINT('',(4.5,-6.05,-11.75));
#8585 = CIRCLE('',#8586,0.45);
#8586 = AXIS2_PLACEMENT_3D('',#8587,#8588,#8589);
#8587 = CARTESIAN_POINT('',(4.95,-6.05,-11.75));
#8588 = DIRECTION('',(0.,0.,1.));
#8589 = DIRECTION('',(-1.,0.,0.));
#8590 = ORIENTED_EDGE('',*,*,#8591,.F.);
#8591 = EDGE_CURVE('',#8592,#8583,#8594,.T.);
#8592 = VERTEX_POINT('',#8593);
#8593 = CARTESIAN_POINT('',(4.5,-5.999999999999,-11.75));
#8594 = LINE('',#8595,#8596);
#8595 = CARTESIAN_POINT('',(4.5,-1.,-11.75));
#8596 = VECTOR('',#8597,1.);
#8597 = DIRECTION('',(-0.,-1.,-0.));
#8598 = ORIENTED_EDGE('',*,*,#8599,.T.);
#8599 = EDGE_CURVE('',#8592,#7228,#8600,.T.);
#8600 = LINE('',#8601,#8602);
#8601 = CARTESIAN_POINT('',(4.65,-5.999999999999,-11.75));
#8602 = VECTOR('',#8603,1.);
#8603 = DIRECTION('',(1.,0.,0.));
#8604 = ORIENTED_EDGE('',*,*,#7227,.F.);
#8605 = PLANE('',#8606);
#8606 = AXIS2_PLACEMENT_3D('',#8607,#8608,#8609);
#8607 = CARTESIAN_POINT('',(4.65,-6.025,-11.75));
#8608 = DIRECTION('',(0.,0.,1.));
#8609 = DIRECTION('',(1.,0.,-0.));
#8610 = ADVANCED_FACE('',(#8611),#8630,.T.);
#8611 = FACE_BOUND('',#8612,.T.);
#8612 = EDGE_LOOP('',(#8613,#8622,#8628,#8629));
#8613 = ORIENTED_EDGE('',*,*,#8614,.T.);
#8614 = EDGE_CURVE('',#6716,#8615,#8617,.T.);
#8615 = VERTEX_POINT('',#8616);
#8616 = CARTESIAN_POINT('',(4.5,-6.05,-10.25));
#8617 = CIRCLE('',#8618,0.45);
#8618 = AXIS2_PLACEMENT_3D('',#8619,#8620,#8621);
#8619 = CARTESIAN_POINT('',(4.95,-6.05,-10.25));
#8620 = DIRECTION('',(0.,0.,-1.));
#8621 = DIRECTION('',(-1.,0.,0.));
#8622 = ORIENTED_EDGE('',*,*,#8623,.F.);
#8623 = EDGE_CURVE('',#8583,#8615,#8624,.T.);
#8624 = LINE('',#8625,#8626);
#8625 = CARTESIAN_POINT('',(4.5,-6.05,-6.125));
#8626 = VECTOR('',#8627,1.);
#8627 = DIRECTION('',(0.,0.,1.));
#8628 = ORIENTED_EDGE('',*,*,#8582,.T.);
#8629 = ORIENTED_EDGE('',*,*,#6723,.T.);
#8630 = CYLINDRICAL_SURFACE('',#8631,0.45);
#8631 = AXIS2_PLACEMENT_3D('',#8632,#8633,#8634);
#8632 = CARTESIAN_POINT('',(4.95,-6.05,-10.22));
#8633 = DIRECTION('',(0.,0.,-1.));
#8634 = DIRECTION('',(-1.,0.,0.));
#8635 = ADVANCED_FACE('',(#8636),#8663,.T.);
#8636 = FACE_BOUND('',#8637,.T.);
#8637 = EDGE_LOOP('',(#8638,#8639,#8640,#8646,#8647,#8648,#8649,#8657));
#8638 = ORIENTED_EDGE('',*,*,#8614,.F.);
#8639 = ORIENTED_EDGE('',*,*,#6715,.T.);
#8640 = ORIENTED_EDGE('',*,*,#8641,.F.);
#8641 = EDGE_CURVE('',#4276,#6707,#8642,.T.);
#8642 = LINE('',#8643,#8644);
#8643 = CARTESIAN_POINT('',(5.85,-6.2,-10.25));
#8644 = VECTOR('',#8645,1.);
#8645 = DIRECTION('',(0.,-1.,0.));
#8646 = ORIENTED_EDGE('',*,*,#4275,.T.);
#8647 = ORIENTED_EDGE('',*,*,#5755,.T.);
#8648 = ORIENTED_EDGE('',*,*,#7220,.T.);
#8649 = ORIENTED_EDGE('',*,*,#8650,.T.);
#8650 = EDGE_CURVE('',#7213,#8651,#8653,.T.);
#8651 = VERTEX_POINT('',#8652);
#8652 = CARTESIAN_POINT('',(4.5,-6.,-10.25));
#8653 = LINE('',#8654,#8655);
#8654 = CARTESIAN_POINT('',(4.65,-6.,-10.25));
#8655 = VECTOR('',#8656,1.);
#8656 = DIRECTION('',(-1.,-0.,-0.));
#8657 = ORIENTED_EDGE('',*,*,#8658,.F.);
#8658 = EDGE_CURVE('',#8615,#8651,#8659,.T.);
#8659 = LINE('',#8660,#8661);
#8660 = CARTESIAN_POINT('',(4.5,-1.,-10.25));
#8661 = VECTOR('',#8662,1.);
#8662 = DIRECTION('',(0.,1.,0.));
#8663 = PLANE('',#8664);
#8664 = AXIS2_PLACEMENT_3D('',#8665,#8666,#8667);
#8665 = CARTESIAN_POINT('',(4.65,-6.025,-10.25));
#8666 = DIRECTION('',(0.,0.,1.));
#8667 = DIRECTION('',(1.,0.,-0.));
#8668 = ADVANCED_FACE('',(#8669),#8687,.F.);
#8669 = FACE_BOUND('',#8670,.T.);
#8670 = EDGE_LOOP('',(#8671,#8672,#8680,#8686));
#8671 = ORIENTED_EDGE('',*,*,#7212,.F.);
#8672 = ORIENTED_EDGE('',*,*,#8673,.F.);
#8673 = EDGE_CURVE('',#8674,#7205,#8676,.T.);
#8674 = VERTEX_POINT('',#8675);
#8675 = CARTESIAN_POINT('',(4.5,-5.75,-10.));
#8676 = LINE('',#8677,#8678);
#8677 = CARTESIAN_POINT('',(4.65,-5.75,-10.));
#8678 = VECTOR('',#8679,1.);
#8679 = DIRECTION('',(1.,0.,0.));
#8680 = ORIENTED_EDGE('',*,*,#8681,.F.);
#8681 = EDGE_CURVE('',#8651,#8674,#8682,.T.);
#8682 = LINE('',#8683,#8684);
#8683 = CARTESIAN_POINT('',(4.5,-5.999999999999,-10.25));
#8684 = VECTOR('',#8685,1.);
#8685 = DIRECTION('',(0.,0.707106781185,0.707106781188));
#8686 = ORIENTED_EDGE('',*,*,#8650,.F.);
#8687 = PLANE('',#8688);
#8688 = AXIS2_PLACEMENT_3D('',#8689,#8690,#8691);
#8689 = CARTESIAN_POINT('',(4.65,-5.875,-10.125));
#8690 = DIRECTION('',(0.,0.707106781188,-0.707106781185));
#8691 = DIRECTION('',(0.,0.707106781185,0.707106781188));
#8692 = ADVANCED_FACE('',(#8693),#8747,.T.);
#8693 = FACE_BOUND('',#8694,.T.);
#8694 = EDGE_LOOP('',(#8695,#8696,#8697,#8698,#8699,#8700,#8701,#8702,
    #8703,#8704,#8705,#8706,#8707,#8708,#8709,#8710,#8718,#8726,#8732,
    #8733,#8741));
#8695 = ORIENTED_EDGE('',*,*,#7101,.T.);
#8696 = ORIENTED_EDGE('',*,*,#3677,.F.);
#8697 = ORIENTED_EDGE('',*,*,#6818,.T.);
#8698 = ORIENTED_EDGE('',*,*,#6738,.T.);
#8699 = ORIENTED_EDGE('',*,*,#6763,.T.);
#8700 = ORIENTED_EDGE('',*,*,#6790,.T.);
#8701 = ORIENTED_EDGE('',*,*,#6805,.T.);
#8702 = ORIENTED_EDGE('',*,*,#6844,.T.);
#8703 = ORIENTED_EDGE('',*,*,#6864,.T.);
#8704 = ORIENTED_EDGE('',*,*,#6891,.T.);
#8705 = ORIENTED_EDGE('',*,*,#6306,.F.);
#8706 = ORIENTED_EDGE('',*,*,#8329,.T.);
#8707 = ORIENTED_EDGE('',*,*,#7148,.T.);
#8708 = ORIENTED_EDGE('',*,*,#7023,.T.);
#8709 = ORIENTED_EDGE('',*,*,#7070,.T.);
#8710 = ORIENTED_EDGE('',*,*,#8711,.T.);
#8711 = EDGE_CURVE('',#7063,#8712,#8714,.T.);
#8712 = VERTEX_POINT('',#8713);
#8713 = CARTESIAN_POINT('',(4.5,-5.5,-4.2));
#8714 = LINE('',#8715,#8716);
#8715 = CARTESIAN_POINT('',(4.075,-5.5,-4.2));
#8716 = VECTOR('',#8717,1.);
#8717 = DIRECTION('',(1.,0.,0.));
#8718 = ORIENTED_EDGE('',*,*,#8719,.T.);
#8719 = EDGE_CURVE('',#8712,#8720,#8722,.T.);
#8720 = VERTEX_POINT('',#8721);
#8721 = CARTESIAN_POINT('',(4.5,-5.5,-4.25));
#8722 = LINE('',#8723,#8724);
#8723 = CARTESIAN_POINT('',(4.5,-5.5,-6.675));
#8724 = VECTOR('',#8725,1.);
#8725 = DIRECTION('',(-0.,-0.,-1.));
#8726 = ORIENTED_EDGE('',*,*,#8727,.F.);
#8727 = EDGE_CURVE('',#6906,#8720,#8728,.T.);
#8728 = LINE('',#8729,#8730);
#8729 = CARTESIAN_POINT('',(4.6,-5.5,-4.25));
#8730 = VECTOR('',#8731,1.);
#8731 = DIRECTION('',(1.,0.,0.));
#8732 = ORIENTED_EDGE('',*,*,#6914,.T.);
#8733 = ORIENTED_EDGE('',*,*,#8734,.T.);
#8734 = EDGE_CURVE('',#6915,#8735,#8737,.T.);
#8735 = VERTEX_POINT('',#8736);
#8736 = CARTESIAN_POINT('',(4.5,-5.5,-5.75));
#8737 = LINE('',#8738,#8739);
#8738 = CARTESIAN_POINT('',(4.6,-5.5,-5.75));
#8739 = VECTOR('',#8740,1.);
#8740 = DIRECTION('',(1.,0.,0.));
#8741 = ORIENTED_EDGE('',*,*,#8742,.F.);
#8742 = EDGE_CURVE('',#7087,#8735,#8743,.T.);
#8743 = LINE('',#8744,#8745);
#8744 = CARTESIAN_POINT('',(4.5,-5.5,-6.125));
#8745 = VECTOR('',#8746,1.);
#8746 = DIRECTION('',(0.,0.,1.));
#8747 = PLANE('',#8748);
#8748 = AXIS2_PLACEMENT_3D('',#8749,#8750,#8751);
#8749 = CARTESIAN_POINT('',(0.425,-5.5,-6.675));
#8750 = DIRECTION('',(0.,1.,0.));
#8751 = DIRECTION('',(0.,-0.,1.));
#8752 = ADVANCED_FACE('',(#8753),#8786,.F.);
#8753 = FACE_BOUND('',#8754,.T.);
#8754 = EDGE_LOOP('',(#8755,#8756,#8757,#8763,#8764,#8773,#8779,#8780,
    #8781,#8782,#8783,#8784,#8785));
#8755 = ORIENTED_EDGE('',*,*,#1867,.T.);
#8756 = ORIENTED_EDGE('',*,*,#3853,.F.);
#8757 = ORIENTED_EDGE('',*,*,#8758,.T.);
#8758 = EDGE_CURVE('',#3845,#6949,#8759,.T.);
#8759 = LINE('',#8760,#8761);
#8760 = CARTESIAN_POINT('',(5.85,-6.2,-5.75));
#8761 = VECTOR('',#8762,1.);
#8762 = DIRECTION('',(0.,-1.,0.));
#8763 = ORIENTED_EDGE('',*,*,#6948,.T.);
#8764 = ORIENTED_EDGE('',*,*,#8765,.F.);
#8765 = EDGE_CURVE('',#8766,#6939,#8768,.T.);
#8766 = VERTEX_POINT('',#8767);
#8767 = CARTESIAN_POINT('',(4.5,-6.1,-5.75));
#8768 = CIRCLE('',#8769,0.4);
#8769 = AXIS2_PLACEMENT_3D('',#8770,#8771,#8772);
#8770 = CARTESIAN_POINT('',(4.9,-6.1,-5.75));
#8771 = DIRECTION('',(0.,0.,1.));
#8772 = DIRECTION('',(-1.,0.,0.));
#8773 = ORIENTED_EDGE('',*,*,#8774,.F.);
#8774 = EDGE_CURVE('',#8735,#8766,#8775,.T.);
#8775 = LINE('',#8776,#8777);
#8776 = CARTESIAN_POINT('',(4.5,-1.,-5.75));
#8777 = VECTOR('',#8778,1.);
#8778 = DIRECTION('',(-0.,-1.,-0.));
#8779 = ORIENTED_EDGE('',*,*,#8734,.F.);
#8780 = ORIENTED_EDGE('',*,*,#6922,.T.);
#8781 = ORIENTED_EDGE('',*,*,#5460,.F.);
#8782 = ORIENTED_EDGE('',*,*,#3796,.F.);
#8783 = ORIENTED_EDGE('',*,*,#5395,.F.);
#8784 = ORIENTED_EDGE('',*,*,#3886,.F.);
#8785 = ORIENTED_EDGE('',*,*,#1899,.F.);
#8786 = PLANE('',#8787);
#8787 = AXIS2_PLACEMENT_3D('',#8788,#8789,#8790);
#8788 = CARTESIAN_POINT('',(4.65,-5.825,-5.75));
#8789 = DIRECTION('',(0.,0.,1.));
#8790 = DIRECTION('',(1.,0.,-0.));
#8791 = ADVANCED_FACE('',(#8792),#8811,.T.);
#8792 = FACE_BOUND('',#8793,.T.);
#8793 = EDGE_LOOP('',(#8794,#8803,#8809,#8810));
#8794 = ORIENTED_EDGE('',*,*,#8795,.T.);
#8795 = EDGE_CURVE('',#6941,#8796,#8798,.T.);
#8796 = VERTEX_POINT('',#8797);
#8797 = CARTESIAN_POINT('',(4.5,-6.1,-4.25));
#8798 = CIRCLE('',#8799,0.4);
#8799 = AXIS2_PLACEMENT_3D('',#8800,#8801,#8802);
#8800 = CARTESIAN_POINT('',(4.9,-6.1,-4.25));
#8801 = DIRECTION('',(0.,0.,-1.));
#8802 = DIRECTION('',(-1.,0.,0.));
#8803 = ORIENTED_EDGE('',*,*,#8804,.F.);
#8804 = EDGE_CURVE('',#8766,#8796,#8805,.T.);
#8805 = LINE('',#8806,#8807);
#8806 = CARTESIAN_POINT('',(4.5,-6.1,-6.125));
#8807 = VECTOR('',#8808,1.);
#8808 = DIRECTION('',(0.,0.,1.));
#8809 = ORIENTED_EDGE('',*,*,#8765,.T.);
#8810 = ORIENTED_EDGE('',*,*,#6938,.T.);
#8811 = CYLINDRICAL_SURFACE('',#8812,0.4);
#8812 = AXIS2_PLACEMENT_3D('',#8813,#8814,#8815);
#8813 = CARTESIAN_POINT('',(4.9,-6.1,-4.22));
#8814 = DIRECTION('',(0.,0.,-1.));
#8815 = DIRECTION('',(-1.,0.,0.));
#8816 = ADVANCED_FACE('',(#8817),#8842,.T.);
#8817 = FACE_BOUND('',#8818,.T.);
#8818 = EDGE_LOOP('',(#8819,#8820,#8821,#8827,#8828,#8829,#8830,#8831,
    #8832,#8833,#8834,#8835,#8836));
#8819 = ORIENTED_EDGE('',*,*,#8795,.F.);
#8820 = ORIENTED_EDGE('',*,*,#6982,.T.);
#8821 = ORIENTED_EDGE('',*,*,#8822,.F.);
#8822 = EDGE_CURVE('',#3820,#6974,#8823,.T.);
#8823 = LINE('',#8824,#8825);
#8824 = CARTESIAN_POINT('',(5.85,-6.2,-4.25));
#8825 = VECTOR('',#8826,1.);
#8826 = DIRECTION('',(0.,-1.,0.));
#8827 = ORIENTED_EDGE('',*,*,#3819,.T.);
#8828 = ORIENTED_EDGE('',*,*,#1850,.T.);
#8829 = ORIENTED_EDGE('',*,*,#1892,.F.);
#8830 = ORIENTED_EDGE('',*,*,#3878,.F.);
#8831 = ORIENTED_EDGE('',*,*,#5445,.T.);
#8832 = ORIENTED_EDGE('',*,*,#3910,.T.);
#8833 = ORIENTED_EDGE('',*,*,#5476,.T.);
#8834 = ORIENTED_EDGE('',*,*,#6905,.T.);
#8835 = ORIENTED_EDGE('',*,*,#8727,.T.);
#8836 = ORIENTED_EDGE('',*,*,#8837,.F.);
#8837 = EDGE_CURVE('',#8796,#8720,#8838,.T.);
#8838 = LINE('',#8839,#8840);
#8839 = CARTESIAN_POINT('',(4.5,-1.,-4.25));
#8840 = VECTOR('',#8841,1.);
#8841 = DIRECTION('',(0.,1.,0.));
#8842 = PLANE('',#8843);
#8843 = AXIS2_PLACEMENT_3D('',#8844,#8845,#8846);
#8844 = CARTESIAN_POINT('',(4.6,-5.35,-4.25));
#8845 = DIRECTION('',(0.,0.,1.));
#8846 = DIRECTION('',(1.,0.,-0.));
#8847 = ADVANCED_FACE('',(#8848),#8866,.F.);
#8848 = FACE_BOUND('',#8849,.T.);
#8849 = EDGE_LOOP('',(#8850,#8851,#8859,#8865));
#8850 = ORIENTED_EDGE('',*,*,#7062,.F.);
#8851 = ORIENTED_EDGE('',*,*,#8852,.T.);
#8852 = EDGE_CURVE('',#7055,#8853,#8855,.T.);
#8853 = VERTEX_POINT('',#8854);
#8854 = CARTESIAN_POINT('',(4.5,-5.1,-4.2));
#8855 = LINE('',#8856,#8857);
#8856 = CARTESIAN_POINT('',(3.75,-5.1,-4.2));
#8857 = VECTOR('',#8858,1.);
#8858 = DIRECTION('',(1.,0.,0.));
#8859 = ORIENTED_EDGE('',*,*,#8860,.F.);
#8860 = EDGE_CURVE('',#8712,#8853,#8861,.T.);
#8861 = LINE('',#8862,#8863);
#8862 = CARTESIAN_POINT('',(4.5,-1.,-4.2));
#8863 = VECTOR('',#8864,1.);
#8864 = DIRECTION('',(0.,1.,0.));
#8865 = ORIENTED_EDGE('',*,*,#8711,.F.);
#8866 = PLANE('',#8867);
#8867 = AXIS2_PLACEMENT_3D('',#8868,#8869,#8870);
#8868 = CARTESIAN_POINT('',(4.075,-5.3,-4.2));
#8869 = DIRECTION('',(0.,0.,1.));
#8870 = DIRECTION('',(1.,0.,-0.));
#8871 = ADVANCED_FACE('',(#8872),#8887,.F.);
#8872 = FACE_BOUND('',#8873,.T.);
#8873 = EDGE_LOOP('',(#8874,#8880,#8881,#8882,#8883,#8884,#8885,#8886));
#8874 = ORIENTED_EDGE('',*,*,#8875,.F.);
#8875 = EDGE_CURVE('',#8853,#7085,#8876,.T.);
#8876 = LINE('',#8877,#8878);
#8877 = CARTESIAN_POINT('',(4.5,-5.1,-6.125));
#8878 = VECTOR('',#8879,1.);
#8879 = DIRECTION('',(0.,0.,-1.));
#8880 = ORIENTED_EDGE('',*,*,#8852,.F.);
#8881 = ORIENTED_EDGE('',*,*,#7054,.F.);
#8882 = ORIENTED_EDGE('',*,*,#7039,.F.);
#8883 = ORIENTED_EDGE('',*,*,#7141,.F.);
#8884 = ORIENTED_EDGE('',*,*,#6997,.F.);
#8885 = ORIENTED_EDGE('',*,*,#3693,.F.);
#8886 = ORIENTED_EDGE('',*,*,#7094,.F.);
#8887 = PLANE('',#8888);
#8888 = AXIS2_PLACEMENT_3D('',#8889,#8890,#8891);
#8889 = CARTESIAN_POINT('',(3.75,-5.1,-7.1));
#8890 = DIRECTION('',(0.,1.,0.));
#8891 = DIRECTION('',(0.,-0.,1.));
#8892 = ADVANCED_FACE('',(#8893),#8911,.T.);
#8893 = FACE_BOUND('',#8894,.T.);
#8894 = EDGE_LOOP('',(#8895,#8896,#8902,#8903,#8909,#8910));
#8895 = ORIENTED_EDGE('',*,*,#5806,.F.);
#8896 = ORIENTED_EDGE('',*,*,#8897,.F.);
#8897 = EDGE_CURVE('',#7085,#5798,#8898,.T.);
#8898 = LINE('',#8899,#8900);
#8899 = CARTESIAN_POINT('',(4.5,-1.,-10.));
#8900 = VECTOR('',#8901,1.);
#8901 = DIRECTION('',(0.,1.,0.));
#8902 = ORIENTED_EDGE('',*,*,#7084,.T.);
#8903 = ORIENTED_EDGE('',*,*,#8904,.F.);
#8904 = EDGE_CURVE('',#8674,#7087,#8905,.T.);
#8905 = LINE('',#8906,#8907);
#8906 = CARTESIAN_POINT('',(4.5,-1.,-10.));
#8907 = VECTOR('',#8908,1.);
#8908 = DIRECTION('',(0.,1.,0.));
#8909 = ORIENTED_EDGE('',*,*,#8673,.T.);
#8910 = ORIENTED_EDGE('',*,*,#7204,.T.);
#8911 = PLANE('',#8912);
#8912 = AXIS2_PLACEMENT_3D('',#8913,#8914,#8915);
#8913 = CARTESIAN_POINT('',(4.575,-2.875,-10.));
#8914 = DIRECTION('',(0.,0.,1.));
#8915 = DIRECTION('',(1.,0.,-0.));
#8916 = ADVANCED_FACE('',(#8917),#8928,.F.);
#8917 = FACE_BOUND('',#8918,.T.);
#8918 = EDGE_LOOP('',(#8919,#8920,#8921,#8922));
#8919 = ORIENTED_EDGE('',*,*,#7179,.F.);
#8920 = ORIENTED_EDGE('',*,*,#7121,.F.);
#8921 = ORIENTED_EDGE('',*,*,#6198,.F.);
#8922 = ORIENTED_EDGE('',*,*,#8923,.F.);
#8923 = EDGE_CURVE('',#7180,#6191,#8924,.T.);
#8924 = LINE('',#8925,#8926);
#8925 = CARTESIAN_POINT('',(4.5,-2.6,-6.125));
#8926 = VECTOR('',#8927,1.);
#8927 = DIRECTION('',(0.,0.,-1.));
#8928 = PLANE('',#8929);
#8929 = AXIS2_PLACEMENT_3D('',#8930,#8931,#8932);
#8930 = CARTESIAN_POINT('',(3.75,-2.6,-11.));
#8931 = DIRECTION('',(0.,1.,0.));
#8932 = DIRECTION('',(0.,-0.,1.));
#8933 = ADVANCED_FACE('',(#8934),#8952,.F.);
#8934 = FACE_BOUND('',#8935,.T.);
#8935 = EDGE_LOOP('',(#8936,#8937,#8945,#8951));
#8936 = ORIENTED_EDGE('',*,*,#7243,.F.);
#8937 = ORIENTED_EDGE('',*,*,#8938,.T.);
#8938 = EDGE_CURVE('',#7236,#8939,#8941,.T.);
#8939 = VERTEX_POINT('',#8940);
#8940 = CARTESIAN_POINT('',(4.5,-5.750000000001,-12.));
#8941 = LINE('',#8942,#8943);
#8942 = CARTESIAN_POINT('',(4.65,-5.75,-12.));
#8943 = VECTOR('',#8944,1.);
#8944 = DIRECTION('',(-1.,-0.,-0.));
#8945 = ORIENTED_EDGE('',*,*,#8946,.F.);
#8946 = EDGE_CURVE('',#5781,#8939,#8947,.T.);
#8947 = LINE('',#8948,#8949);
#8948 = CARTESIAN_POINT('',(4.5,-1.,-12.));
#8949 = VECTOR('',#8950,1.);
#8950 = DIRECTION('',(-0.,-1.,-0.));
#8951 = ORIENTED_EDGE('',*,*,#5778,.F.);
#8952 = PLANE('',#8953);
#8953 = AXIS2_PLACEMENT_3D('',#8954,#8955,#8956);
#8954 = CARTESIAN_POINT('',(0.,-1.298198816269,-12.));
#8955 = DIRECTION('',(0.,0.,1.));
#8956 = DIRECTION('',(1.,0.,-0.));
#8957 = ADVANCED_FACE('',(#8958),#8969,.F.);
#8958 = FACE_BOUND('',#8959,.T.);
#8959 = EDGE_LOOP('',(#8960,#8961,#8962,#8968));
#8960 = ORIENTED_EDGE('',*,*,#7235,.F.);
#8961 = ORIENTED_EDGE('',*,*,#8599,.F.);
#8962 = ORIENTED_EDGE('',*,*,#8963,.F.);
#8963 = EDGE_CURVE('',#8939,#8592,#8964,.T.);
#8964 = LINE('',#8965,#8966);
#8965 = CARTESIAN_POINT('',(4.5,-5.750000000001,-12.));
#8966 = VECTOR('',#8967,1.);
#8967 = DIRECTION('',(0.,-0.707106781184,0.707106781189));
#8968 = ORIENTED_EDGE('',*,*,#8938,.F.);
#8969 = PLANE('',#8970);
#8970 = AXIS2_PLACEMENT_3D('',#8971,#8972,#8973);
#8971 = CARTESIAN_POINT('',(4.65,-5.875,-11.875));
#8972 = DIRECTION('',(0.,0.707106781189,0.707106781184));
#8973 = DIRECTION('',(0.,-0.707106781184,0.707106781189));
#8974 = ADVANCED_FACE('',(#8975),#9014,.F.);
#8975 = FACE_BOUND('',#8976,.T.);
#8976 = EDGE_LOOP('',(#8977,#8978,#8979,#8980,#8981,#8987,#8993,#8994,
    #8995,#8996,#8997,#9005,#9011,#9012,#9013));
#8977 = ORIENTED_EDGE('',*,*,#189,.F.);
#8978 = ORIENTED_EDGE('',*,*,#7391,.F.);
#8979 = ORIENTED_EDGE('',*,*,#7439,.F.);
#8980 = ORIENTED_EDGE('',*,*,#7455,.F.);
#8981 = ORIENTED_EDGE('',*,*,#8982,.F.);
#8982 = EDGE_CURVE('',#7603,#7456,#8983,.T.);
#8983 = LINE('',#8984,#8985);
#8984 = CARTESIAN_POINT('',(0.,-3.1,-13.5));
#8985 = VECTOR('',#8986,1.);
#8986 = DIRECTION('',(1.,0.,0.));
#8987 = ORIENTED_EDGE('',*,*,#8988,.F.);
#8988 = EDGE_CURVE('',#7328,#7603,#8989,.T.);
#8989 = LINE('',#8990,#8991);
#8990 = CARTESIAN_POINT('',(-4.25,-6.37,-13.5));
#8991 = VECTOR('',#8992,1.);
#8992 = DIRECTION('',(-0.,-1.,-0.));
#8993 = ORIENTED_EDGE('',*,*,#7343,.F.);
#8994 = ORIENTED_EDGE('',*,*,#7287,.F.);
#8995 = ORIENTED_EDGE('',*,*,#7259,.F.);
#8996 = ORIENTED_EDGE('',*,*,#8516,.F.);
#8997 = ORIENTED_EDGE('',*,*,#8998,.F.);
#8998 = EDGE_CURVE('',#8999,#8508,#9001,.T.);
#8999 = VERTEX_POINT('',#9000);
#9000 = CARTESIAN_POINT('',(1.5,-3.1,-13.5));
#9001 = LINE('',#9002,#9003);
#9002 = CARTESIAN_POINT('',(3.,-3.1,-13.5));
#9003 = VECTOR('',#9004,1.);
#9004 = DIRECTION('',(1.,0.,0.));
#9005 = ORIENTED_EDGE('',*,*,#9006,.F.);
#9006 = EDGE_CURVE('',#7360,#8999,#9007,.T.);
#9007 = LINE('',#9008,#9009);
#9008 = CARTESIAN_POINT('',(1.5,-3.933615778646,-13.5));
#9009 = VECTOR('',#9010,1.);
#9010 = DIRECTION('',(-0.,-1.,-0.));
#9011 = ORIENTED_EDGE('',*,*,#7367,.F.);
#9012 = ORIENTED_EDGE('',*,*,#970,.F.);
#9013 = ORIENTED_EDGE('',*,*,#147,.F.);
#9014 = PLANE('',#9015);
#9015 = AXIS2_PLACEMENT_3D('',#9016,#9017,#9018);
#9016 = CARTESIAN_POINT('',(0.,-1.300001804819,-13.5));
#9017 = DIRECTION('',(0.,0.,1.));
#9018 = DIRECTION('',(1.,0.,-0.));
#9019 = ADVANCED_FACE('',(#9020),#9038,.T.);
#9020 = FACE_BOUND('',#9021,.T.);
#9021 = EDGE_LOOP('',(#9022,#9023,#9024,#9032));
#9022 = ORIENTED_EDGE('',*,*,#7357,.T.);
#9023 = ORIENTED_EDGE('',*,*,#9006,.T.);
#9024 = ORIENTED_EDGE('',*,*,#9025,.F.);
#9025 = EDGE_CURVE('',#9026,#8999,#9028,.T.);
#9026 = VERTEX_POINT('',#9027);
#9027 = CARTESIAN_POINT('',(1.5,-3.1,-13.9));
#9028 = LINE('',#9029,#9030);
#9029 = CARTESIAN_POINT('',(1.5,-3.1,-14.075));
#9030 = VECTOR('',#9031,1.);
#9031 = DIRECTION('',(0.,0.,1.));
#9032 = ORIENTED_EDGE('',*,*,#9033,.T.);
#9033 = EDGE_CURVE('',#9026,#7358,#9034,.T.);
#9034 = LINE('',#9035,#9036);
#9035 = CARTESIAN_POINT('',(1.5,-1.849445565393,-13.9));
#9036 = VECTOR('',#9037,1.);
#9037 = DIRECTION('',(0.,1.,0.));
#9038 = PLANE('',#9039);
#9039 = AXIS2_PLACEMENT_3D('',#9040,#9041,#9042);
#9040 = CARTESIAN_POINT('',(1.5,-3.933615778646,-13.7));
#9041 = DIRECTION('',(1.,0.,0.));
#9042 = DIRECTION('',(0.,0.,-1.));
#9043 = ADVANCED_FACE('',(#9044,#9048,#9052),#9092,.F.);
#9044 = FACE_BOUND('',#9045,.T.);
#9045 = EDGE_LOOP('',(#9046,#9047));
#9046 = ORIENTED_EDGE('',*,*,#281,.F.);
#9047 = ORIENTED_EDGE('',*,*,#929,.F.);
#9048 = FACE_BOUND('',#9049,.T.);
#9049 = EDGE_LOOP('',(#9050,#9051));
#9050 = ORIENTED_EDGE('',*,*,#222,.F.);
#9051 = ORIENTED_EDGE('',*,*,#946,.F.);
#9052 = FACE_BOUND('',#9053,.T.);
#9053 = EDGE_LOOP('',(#9054,#9065,#9071,#9072,#9078,#9079,#9080,#9081,
    #9082,#9083,#9084,#9085,#9086));
#9054 = ORIENTED_EDGE('',*,*,#9055,.F.);
#9055 = EDGE_CURVE('',#9056,#9058,#9060,.T.);
#9056 = VERTEX_POINT('',#9057);
#9057 = CARTESIAN_POINT('',(1.300000000276,-6.1,-13.9));
#9058 = VERTEX_POINT('',#9059);
#9059 = CARTESIAN_POINT('',(1.5,-5.9,-13.9));
#9060 = CIRCLE('',#9061,0.2);
#9061 = AXIS2_PLACEMENT_3D('',#9062,#9063,#9064);
#9062 = CARTESIAN_POINT('',(1.3,-5.9,-13.9));
#9063 = DIRECTION('',(0.,0.,1.));
#9064 = DIRECTION('',(1.,0.,-0.));
#9065 = ORIENTED_EDGE('',*,*,#9066,.T.);
#9066 = EDGE_CURVE('',#9056,#7488,#9067,.T.);
#9067 = LINE('',#9068,#9069);
#9068 = CARTESIAN_POINT('',(-1.5,-6.1,-13.9));
#9069 = VECTOR('',#9070,1.);
#9070 = DIRECTION('',(-1.,-0.,-0.));
#9071 = ORIENTED_EDGE('',*,*,#7515,.F.);
#9072 = ORIENTED_EDGE('',*,*,#9073,.F.);
#9073 = EDGE_CURVE('',#7465,#7507,#9074,.T.);
#9074 = LINE('',#9075,#9076);
#9075 = CARTESIAN_POINT('',(-0.949942689223,-3.1,-13.9));
#9076 = VECTOR('',#9077,1.);
#9077 = DIRECTION('',(-1.,-0.,-0.));
#9078 = ORIENTED_EDGE('',*,*,#7472,.F.);
#9079 = ORIENTED_EDGE('',*,*,#7423,.F.);
#9080 = ORIENTED_EDGE('',*,*,#7408,.F.);
#9081 = ORIENTED_EDGE('',*,*,#199,.F.);
#9082 = ORIENTED_EDGE('',*,*,#166,.F.);
#9083 = ORIENTED_EDGE('',*,*,#987,.F.);
#9084 = ORIENTED_EDGE('',*,*,#7375,.F.);
#9085 = ORIENTED_EDGE('',*,*,#9033,.F.);
#9086 = ORIENTED_EDGE('',*,*,#9087,.T.);
#9087 = EDGE_CURVE('',#9026,#9058,#9088,.T.);
#9088 = LINE('',#9089,#9090);
#9089 = CARTESIAN_POINT('',(1.5,-4.8,-13.9));
#9090 = VECTOR('',#9091,1.);
#9091 = DIRECTION('',(-0.,-1.,-0.));
#9092 = PLANE('',#9093);
#9093 = AXIS2_PLACEMENT_3D('',#9094,#9095,#9096);
#9094 = CARTESIAN_POINT('',(-0.949942689223,-1.849445565393,-13.9));
#9095 = DIRECTION('',(0.,0.,1.));
#9096 = DIRECTION('',(1.,0.,-0.));
#9097 = ADVANCED_FACE('',(#9098),#9124,.T.);
#9098 = FACE_BOUND('',#9099,.T.);
#9099 = EDGE_LOOP('',(#9100,#9108,#9117,#9123));
#9100 = ORIENTED_EDGE('',*,*,#9101,.T.);
#9101 = EDGE_CURVE('',#9058,#9102,#9104,.T.);
#9102 = VERTEX_POINT('',#9103);
#9103 = CARTESIAN_POINT('',(1.5,-5.9,-13.5));
#9104 = LINE('',#9105,#9106);
#9105 = CARTESIAN_POINT('',(1.5,-5.9,-14.075));
#9106 = VECTOR('',#9107,1.);
#9107 = DIRECTION('',(0.,0.,1.));
#9108 = ORIENTED_EDGE('',*,*,#9109,.T.);
#9109 = EDGE_CURVE('',#9102,#9110,#9112,.T.);
#9110 = VERTEX_POINT('',#9111);
#9111 = CARTESIAN_POINT('',(1.300000000276,-6.1,-13.5));
#9112 = CIRCLE('',#9113,0.2);
#9113 = AXIS2_PLACEMENT_3D('',#9114,#9115,#9116);
#9114 = CARTESIAN_POINT('',(1.3,-5.9,-13.5));
#9115 = DIRECTION('',(0.,0.,-1.));
#9116 = DIRECTION('',(1.,0.,0.));
#9117 = ORIENTED_EDGE('',*,*,#9118,.T.);
#9118 = EDGE_CURVE('',#9110,#9056,#9119,.T.);
#9119 = LINE('',#9120,#9121);
#9120 = CARTESIAN_POINT('',(1.300000000552,-6.1,-13.7));
#9121 = VECTOR('',#9122,1.);
#9122 = DIRECTION('',(-0.,-0.,-1.));
#9123 = ORIENTED_EDGE('',*,*,#9055,.T.);
#9124 = CYLINDRICAL_SURFACE('',#9125,0.2);
#9125 = AXIS2_PLACEMENT_3D('',#9126,#9127,#9128);
#9126 = CARTESIAN_POINT('',(1.3,-5.9,-13.91889997917));
#9127 = DIRECTION('',(0.,0.,1.));
#9128 = DIRECTION('',(1.,0.,-0.));
#9129 = ADVANCED_FACE('',(#9130),#9177,.T.);
#9130 = FACE_BOUND('',#9131,.T.);
#9131 = EDGE_LOOP('',(#9132,#9143,#9152,#9161,#9168,#9169,#9170));
#9132 = ORIENTED_EDGE('',*,*,#9133,.F.);
#9133 = EDGE_CURVE('',#9134,#9136,#9138,.T.);
#9134 = VERTEX_POINT('',#9135);
#9135 = CARTESIAN_POINT('',(0.37267799625,-6.416666666666,-13.25));
#9136 = VERTEX_POINT('',#9137);
#9137 = CARTESIAN_POINT('',(0.559013406063,-6.250002423854,
    -13.4999999999));
#9138 = CIRCLE('',#9139,0.25);
#9139 = AXIS2_PLACEMENT_3D('',#9140,#9141,#9142);
#9140 = CARTESIAN_POINT('',(0.559016994375,-6.25,-13.25));
#9141 = DIRECTION('',(0.666666666663,-0.745355992503,-4.779157637597E-13
    ));
#9142 = DIRECTION('',(-3.208144300885E-13,3.54246131635E-13,-1.));
#9143 = ORIENTED_EDGE('',*,*,#9144,.T.);
#9144 = EDGE_CURVE('',#9134,#9145,#9147,.T.);
#9145 = VERTEX_POINT('',#9146);
#9146 = CARTESIAN_POINT('',(-0.37267799625,-6.416666666667,-13.25));
#9147 = CIRCLE('',#9148,0.5);
#9148 = AXIS2_PLACEMENT_3D('',#9149,#9150,#9151);
#9149 = CARTESIAN_POINT('',(0.,-6.75,-13.25));
#9150 = DIRECTION('',(0.,0.,1.));
#9151 = DIRECTION('',(1.,0.,-0.));
#9152 = ORIENTED_EDGE('',*,*,#9153,.F.);
#9153 = EDGE_CURVE('',#9154,#9145,#9156,.T.);
#9154 = VERTEX_POINT('',#9155);
#9155 = CARTESIAN_POINT('',(-0.559014284814,-6.250002423508,
    -13.49999999995));
#9156 = CIRCLE('',#9157,0.25);
#9157 = AXIS2_PLACEMENT_3D('',#9158,#9159,#9160);
#9158 = CARTESIAN_POINT('',(-0.559016994377,-6.250000000002,-13.25));
#9159 = DIRECTION('',(-0.666666666664,-0.745355992502,0.));
#9160 = DIRECTION('',(-0.745355992502,0.666666666664,-6.938893903907E-15
    ));
#9161 = ORIENTED_EDGE('',*,*,#9162,.T.);
#9162 = EDGE_CURVE('',#9154,#7541,#9163,.T.);
#9163 = ( BOUNDED_CURVE() B_SPLINE_CURVE(3,(#9164,#9165,#9166,#9167),
.UNSPECIFIED.,.F.,.F.) B_SPLINE_CURVE_WITH_KNOTS((4,4),(0.,1.),
.PIECEWISE_BEZIER_KNOTS.) CURVE() GEOMETRIC_REPRESENTATION_ITEM() 
RATIONAL_B_SPLINE_CURVE((1.,0.991549539043,0.991549539043,1.)) 
REPRESENTATION_ITEM('') );
#9164 = CARTESIAN_POINT('',(-0.559014284814,-6.250002423508,
    -13.49999999995));
#9165 = CARTESIAN_POINT('',(-0.505655595659,-6.190348236763,
    -13.49999999994));
#9166 = CARTESIAN_POINT('',(-0.44350799985,-6.139919405665,
    -13.49999999994));
#9167 = CARTESIAN_POINT('',(-0.374142572537,-6.099996670388,
    -13.49999999993));
#9168 = ORIENTED_EDGE('',*,*,#7540,.T.);
#9169 = ORIENTED_EDGE('',*,*,#7529,.T.);
#9170 = ORIENTED_EDGE('',*,*,#9171,.T.);
#9171 = EDGE_CURVE('',#7532,#9136,#9172,.T.);
#9172 = ( BOUNDED_CURVE() B_SPLINE_CURVE(3,(#9173,#9174,#9175,#9176),
.UNSPECIFIED.,.F.,.F.) B_SPLINE_CURVE_WITH_KNOTS((4,4),(0.,1.),
.PIECEWISE_BEZIER_KNOTS.) CURVE() GEOMETRIC_REPRESENTATION_ITEM() 
RATIONAL_B_SPLINE_CURVE((1.,0.991549915635,0.991549915635,1.)) 
REPRESENTATION_ITEM('') );
#9173 = CARTESIAN_POINT('',(0.374139136971,-6.09999967723,
    -13.49999999985));
#9174 = CARTESIAN_POINT('',(0.443500889637,-6.139923526719,
    -13.49999999969));
#9175 = CARTESIAN_POINT('',(0.505646764648,-6.19035038483,
    -13.49999999969));
#9176 = CARTESIAN_POINT('',(0.559013406063,-6.250002423854,
    -13.4999999999));
#9177 = TOROIDAL_SURFACE('',#9178,0.75,0.25);
#9178 = AXIS2_PLACEMENT_3D('',#9179,#9180,#9181);
#9179 = CARTESIAN_POINT('',(-1.192622389734E-15,-6.75,-13.25));
#9180 = DIRECTION('',(0.,0.,1.));
#9181 = DIRECTION('',(1.,0.,-0.));
#9182 = ADVANCED_FACE('',(#9183),#9209,.T.);
#9183 = FACE_BOUND('',#9184,.T.);
#9184 = EDGE_LOOP('',(#9185,#9193,#9202,#9208));
#9185 = ORIENTED_EDGE('',*,*,#9186,.F.);
#9186 = EDGE_CURVE('',#9187,#8013,#9189,.T.);
#9187 = VERTEX_POINT('',#9188);
#9188 = CARTESIAN_POINT('',(-4.5,-5.4,-4.25));
#9189 = LINE('',#9190,#9191);
#9190 = CARTESIAN_POINT('',(-4.7,-5.4,-4.25));
#9191 = VECTOR('',#9192,1.);
#9192 = DIRECTION('',(-1.,-0.,-0.));
#9193 = ORIENTED_EDGE('',*,*,#9194,.T.);
#9194 = EDGE_CURVE('',#9187,#9195,#9197,.T.);
#9195 = VERTEX_POINT('',#9196);
#9196 = CARTESIAN_POINT('',(-4.5,-5.2,-4.45));
#9197 = CIRCLE('',#9198,0.2);
#9198 = AXIS2_PLACEMENT_3D('',#9199,#9200,#9201);
#9199 = CARTESIAN_POINT('',(-4.5,-5.4,-4.45));
#9200 = DIRECTION('',(-1.,-0.,-0.));
#9201 = DIRECTION('',(0.,0.,-1.));
#9202 = ORIENTED_EDGE('',*,*,#9203,.F.);
#9203 = EDGE_CURVE('',#8021,#9195,#9204,.T.);
#9204 = LINE('',#9205,#9206);
#9205 = CARTESIAN_POINT('',(-4.7,-5.2,-4.45));
#9206 = VECTOR('',#9207,1.);
#9207 = DIRECTION('',(1.,0.,0.));
#9208 = ORIENTED_EDGE('',*,*,#8020,.T.);
#9209 = CYLINDRICAL_SURFACE('',#9210,0.2);
#9210 = AXIS2_PLACEMENT_3D('',#9211,#9212,#9213);
#9211 = CARTESIAN_POINT('',(-4.918899979169,-5.4,-4.45));
#9212 = DIRECTION('',(1.,0.,0.));
#9213 = DIRECTION('',(0.,0.,-1.));
#9214 = ADVANCED_FACE('',(#9215),#9233,.T.);
#9215 = FACE_BOUND('',#9216,.T.);
#9216 = EDGE_LOOP('',(#9217,#9218,#9226,#9232));
#9217 = ORIENTED_EDGE('',*,*,#9203,.T.);
#9218 = ORIENTED_EDGE('',*,*,#9219,.T.);
#9219 = EDGE_CURVE('',#9195,#9220,#9222,.T.);
#9220 = VERTEX_POINT('',#9221);
#9221 = CARTESIAN_POINT('',(-4.5,-5.2,-5.25));
#9222 = LINE('',#9223,#9224);
#9223 = CARTESIAN_POINT('',(-4.5,-5.2,-6.125));
#9224 = VECTOR('',#9225,1.);
#9225 = DIRECTION('',(0.,0.,-1.));
#9226 = ORIENTED_EDGE('',*,*,#9227,.F.);
#9227 = EDGE_CURVE('',#7899,#9220,#9228,.T.);
#9228 = LINE('',#9229,#9230);
#9229 = CARTESIAN_POINT('',(-4.7,-5.2,-5.25));
#9230 = VECTOR('',#9231,1.);
#9231 = DIRECTION('',(1.,0.,0.));
#9232 = ORIENTED_EDGE('',*,*,#8029,.T.);
#9233 = PLANE('',#9234);
#9234 = AXIS2_PLACEMENT_3D('',#9235,#9236,#9237);
#9235 = CARTESIAN_POINT('',(-4.7,-5.2,-4.85));
#9236 = DIRECTION('',(0.,1.,0.));
#9237 = DIRECTION('',(0.,-0.,1.));
#9238 = ADVANCED_FACE('',(#9239),#9257,.T.);
#9239 = FACE_BOUND('',#9240,.T.);
#9240 = EDGE_LOOP('',(#9241,#9242,#9250,#9256));
#9241 = ORIENTED_EDGE('',*,*,#9227,.T.);
#9242 = ORIENTED_EDGE('',*,*,#9243,.T.);
#9243 = EDGE_CURVE('',#9220,#9244,#9246,.T.);
#9244 = VERTEX_POINT('',#9245);
#9245 = CARTESIAN_POINT('',(-4.5,-4.,-5.25));
#9246 = LINE('',#9247,#9248);
#9247 = CARTESIAN_POINT('',(-4.5,-1.,-5.25));
#9248 = VECTOR('',#9249,1.);
#9249 = DIRECTION('',(0.,1.,0.));
#9250 = ORIENTED_EDGE('',*,*,#9251,.T.);
#9251 = EDGE_CURVE('',#9244,#7897,#9252,.T.);
#9252 = LINE('',#9253,#9254);
#9253 = CARTESIAN_POINT('',(-4.7,-4.,-5.25));
#9254 = VECTOR('',#9255,1.);
#9255 = DIRECTION('',(-1.,-0.,-0.));
#9256 = ORIENTED_EDGE('',*,*,#7896,.T.);
#9257 = PLANE('',#9258);
#9258 = AXIS2_PLACEMENT_3D('',#9259,#9260,#9261);
#9259 = CARTESIAN_POINT('',(-4.7,-4.6,-5.25));
#9260 = DIRECTION('',(0.,0.,1.));
#9261 = DIRECTION('',(1.,0.,-0.));
#9262 = ADVANCED_FACE('',(#9263),#9281,.F.);
#9263 = FACE_BOUND('',#9264,.T.);
#9264 = EDGE_LOOP('',(#9265,#9266,#9267,#9275));
#9265 = ORIENTED_EDGE('',*,*,#7906,.F.);
#9266 = ORIENTED_EDGE('',*,*,#9251,.F.);
#9267 = ORIENTED_EDGE('',*,*,#9268,.T.);
#9268 = EDGE_CURVE('',#9244,#9269,#9271,.T.);
#9269 = VERTEX_POINT('',#9270);
#9270 = CARTESIAN_POINT('',(-4.5,-4.,-4.45));
#9271 = LINE('',#9272,#9273);
#9272 = CARTESIAN_POINT('',(-4.5,-4.,-6.125));
#9273 = VECTOR('',#9274,1.);
#9274 = DIRECTION('',(0.,0.,1.));
#9275 = ORIENTED_EDGE('',*,*,#9276,.F.);
#9276 = EDGE_CURVE('',#7907,#9269,#9277,.T.);
#9277 = LINE('',#9278,#9279);
#9278 = CARTESIAN_POINT('',(-4.918899979169,-4.,-4.45));
#9279 = VECTOR('',#9280,1.);
#9280 = DIRECTION('',(1.,0.,0.));
#9281 = PLANE('',#9282);
#9282 = AXIS2_PLACEMENT_3D('',#9283,#9284,#9285);
#9283 = CARTESIAN_POINT('',(-4.7,-4.,-4.85));
#9284 = DIRECTION('',(0.,1.,0.));
#9285 = DIRECTION('',(0.,-0.,1.));
#9286 = ADVANCED_FACE('',(#9287),#9306,.T.);
#9287 = FACE_BOUND('',#9288,.T.);
#9288 = EDGE_LOOP('',(#9289,#9290,#9299,#9305));
#9289 = ORIENTED_EDGE('',*,*,#9276,.T.);
#9290 = ORIENTED_EDGE('',*,*,#9291,.T.);
#9291 = EDGE_CURVE('',#9269,#9292,#9294,.T.);
#9292 = VERTEX_POINT('',#9293);
#9293 = CARTESIAN_POINT('',(-4.5,-3.8,-4.25));
#9294 = CIRCLE('',#9295,0.2);
#9295 = AXIS2_PLACEMENT_3D('',#9296,#9297,#9298);
#9296 = CARTESIAN_POINT('',(-4.5,-3.8,-4.45));
#9297 = DIRECTION('',(-1.,-0.,-0.));
#9298 = DIRECTION('',(0.,0.,-1.));
#9299 = ORIENTED_EDGE('',*,*,#9300,.F.);
#9300 = EDGE_CURVE('',#7915,#9292,#9301,.T.);
#9301 = LINE('',#9302,#9303);
#9302 = CARTESIAN_POINT('',(-4.7,-3.8,-4.25));
#9303 = VECTOR('',#9304,1.);
#9304 = DIRECTION('',(1.,0.,0.));
#9305 = ORIENTED_EDGE('',*,*,#7914,.T.);
#9306 = CYLINDRICAL_SURFACE('',#9307,0.2);
#9307 = AXIS2_PLACEMENT_3D('',#9308,#9309,#9310);
#9308 = CARTESIAN_POINT('',(-4.918899979169,-3.8,-4.45));
#9309 = DIRECTION('',(1.,0.,0.));
#9310 = DIRECTION('',(0.,0.,-1.));
#9311 = ADVANCED_FACE('',(#9312),#9330,.T.);
#9312 = FACE_BOUND('',#9313,.T.);
#9313 = EDGE_LOOP('',(#9314,#9315,#9323,#9329));
#9314 = ORIENTED_EDGE('',*,*,#9300,.T.);
#9315 = ORIENTED_EDGE('',*,*,#9316,.T.);
#9316 = EDGE_CURVE('',#9292,#9317,#9319,.T.);
#9317 = VERTEX_POINT('',#9318);
#9318 = CARTESIAN_POINT('',(-4.5,-3.3,-4.25));
#9319 = LINE('',#9320,#9321);
#9320 = CARTESIAN_POINT('',(-4.5,-1.,-4.25));
#9321 = VECTOR('',#9322,1.);
#9322 = DIRECTION('',(0.,1.,0.));
#9323 = ORIENTED_EDGE('',*,*,#9324,.F.);
#9324 = EDGE_CURVE('',#7924,#9317,#9325,.T.);
#9325 = LINE('',#9326,#9327);
#9326 = CARTESIAN_POINT('',(-4.481100020831,-3.3,-4.25));
#9327 = VECTOR('',#9328,1.);
#9328 = DIRECTION('',(1.,0.,0.));
#9329 = ORIENTED_EDGE('',*,*,#7923,.T.);
#9330 = PLANE('',#9331);
#9331 = AXIS2_PLACEMENT_3D('',#9332,#9333,#9334);
#9332 = CARTESIAN_POINT('',(-4.7,-3.55,-4.25));
#9333 = DIRECTION('',(0.,0.,1.));
#9334 = DIRECTION('',(1.,0.,-0.));
#9335 = ADVANCED_FACE('',(#9336),#9355,.T.);
#9336 = FACE_BOUND('',#9337,.T.);
#9337 = EDGE_LOOP('',(#9338,#9339,#9348,#9354));
#9338 = ORIENTED_EDGE('',*,*,#9324,.T.);
#9339 = ORIENTED_EDGE('',*,*,#9340,.T.);
#9340 = EDGE_CURVE('',#9317,#9341,#9343,.T.);
#9341 = VERTEX_POINT('',#9342);
#9342 = CARTESIAN_POINT('',(-4.5,-3.1,-4.45));
#9343 = CIRCLE('',#9344,0.2);
#9344 = AXIS2_PLACEMENT_3D('',#9345,#9346,#9347);
#9345 = CARTESIAN_POINT('',(-4.5,-3.3,-4.45));
#9346 = DIRECTION('',(-1.,0.,0.));
#9347 = DIRECTION('',(0.,0.,1.));
#9348 = ORIENTED_EDGE('',*,*,#9349,.F.);
#9349 = EDGE_CURVE('',#7932,#9341,#9350,.T.);
#9350 = LINE('',#9351,#9352);
#9351 = CARTESIAN_POINT('',(-4.7,-3.1,-4.45));
#9352 = VECTOR('',#9353,1.);
#9353 = DIRECTION('',(1.,0.,0.));
#9354 = ORIENTED_EDGE('',*,*,#7931,.T.);
#9355 = CYLINDRICAL_SURFACE('',#9356,0.2);
#9356 = AXIS2_PLACEMENT_3D('',#9357,#9358,#9359);
#9357 = CARTESIAN_POINT('',(-4.481100020831,-3.3,-4.45));
#9358 = DIRECTION('',(-1.,0.,0.));
#9359 = DIRECTION('',(0.,0.,1.));
#9360 = ADVANCED_FACE('',(#9361),#9378,.T.);
#9361 = FACE_BOUND('',#9362,.T.);
#9362 = EDGE_LOOP('',(#9363,#9364,#9370,#9371,#9372,#9373,#9374,#9375,
    #9376,#9377));
#9363 = ORIENTED_EDGE('',*,*,#9349,.T.);
#9364 = ORIENTED_EDGE('',*,*,#9365,.T.);
#9365 = EDGE_CURVE('',#9341,#7564,#9366,.T.);
#9366 = LINE('',#9367,#9368);
#9367 = CARTESIAN_POINT('',(-4.5,-3.1,-6.125));
#9368 = VECTOR('',#9369,1.);
#9369 = DIRECTION('',(0.,0.,-1.));
#9370 = ORIENTED_EDGE('',*,*,#7563,.T.);
#9371 = ORIENTED_EDGE('',*,*,#5862,.T.);
#9372 = ORIENTED_EDGE('',*,*,#7610,.F.);
#9373 = ORIENTED_EDGE('',*,*,#8982,.T.);
#9374 = ORIENTED_EDGE('',*,*,#7464,.T.);
#9375 = ORIENTED_EDGE('',*,*,#9073,.T.);
#9376 = ORIENTED_EDGE('',*,*,#7506,.T.);
#9377 = ORIENTED_EDGE('',*,*,#7940,.T.);
#9378 = PLANE('',#9379);
#9379 = AXIS2_PLACEMENT_3D('',#9380,#9381,#9382);
#9380 = CARTESIAN_POINT('',(-4.7,-3.1,-8.875));
#9381 = DIRECTION('',(0.,1.,0.));
#9382 = DIRECTION('',(0.,-0.,1.));
#9383 = ADVANCED_FACE('',(#9384),#9419,.T.);
#9384 = FACE_BOUND('',#9385,.T.);
#9385 = EDGE_LOOP('',(#9386,#9387,#9388,#9396,#9405,#9411,#9412,#9418));
#9386 = ORIENTED_EDGE('',*,*,#8988,.T.);
#9387 = ORIENTED_EDGE('',*,*,#7602,.T.);
#9388 = ORIENTED_EDGE('',*,*,#9389,.T.);
#9389 = EDGE_CURVE('',#7595,#9390,#9392,.T.);
#9390 = VERTEX_POINT('',#9391);
#9391 = CARTESIAN_POINT('',(-4.250000000004,-6.249999981118,-13.5));
#9392 = LINE('',#9393,#9394);
#9393 = CARTESIAN_POINT('',(-4.25,-1.300001804819,-13.5));
#9394 = VECTOR('',#9395,1.);
#9395 = DIRECTION('',(-0.,-1.,-0.));
#9396 = ORIENTED_EDGE('',*,*,#9397,.T.);
#9397 = EDGE_CURVE('',#9390,#9398,#9400,.T.);
#9398 = VERTEX_POINT('',#9399);
#9399 = CARTESIAN_POINT('',(-4.5,-6.249999990557,-13.25));
#9400 = CIRCLE('',#9401,0.25);
#9401 = AXIS2_PLACEMENT_3D('',#9402,#9403,#9404);
#9402 = CARTESIAN_POINT('',(-4.25,-6.249999981118,-13.25));
#9403 = DIRECTION('',(0.,1.,0.));
#9404 = DIRECTION('',(0.,-0.,1.));
#9405 = ORIENTED_EDGE('',*,*,#9406,.T.);
#9406 = EDGE_CURVE('',#9398,#7572,#9407,.T.);
#9407 = LINE('',#9408,#9409);
#9408 = CARTESIAN_POINT('',(-4.5,-6.37,-13.25));
#9409 = VECTOR('',#9410,1.);
#9410 = DIRECTION('',(0.,1.,0.));
#9411 = ORIENTED_EDGE('',*,*,#7571,.T.);
#9412 = ORIENTED_EDGE('',*,*,#9413,.T.);
#9413 = EDGE_CURVE('',#7564,#7626,#9414,.T.);
#9414 = LINE('',#9415,#9416);
#9415 = CARTESIAN_POINT('',(-4.5,-1.,-13.25));
#9416 = VECTOR('',#9417,1.);
#9417 = DIRECTION('',(0.,1.,0.));
#9418 = ORIENTED_EDGE('',*,*,#7635,.T.);
#9419 = CYLINDRICAL_SURFACE('',#9420,0.25);
#9420 = AXIS2_PLACEMENT_3D('',#9421,#9422,#9423);
#9421 = CARTESIAN_POINT('',(-4.25,-6.37,-13.25));
#9422 = DIRECTION('',(0.,1.,0.));
#9423 = DIRECTION('',(0.,-0.,1.));
#9424 = ADVANCED_FACE('',(#9425),#9444,.T.);
#9425 = FACE_BOUND('',#9426,.T.);
#9426 = EDGE_LOOP('',(#9427,#9435,#9442,#9443));
#9427 = ORIENTED_EDGE('',*,*,#9428,.T.);
#9428 = EDGE_CURVE('',#7626,#9429,#9431,.T.);
#9429 = VERTEX_POINT('',#9430);
#9430 = CARTESIAN_POINT('',(-4.5,-0.25,-12.));
#9431 = LINE('',#9432,#9433);
#9432 = CARTESIAN_POINT('',(-4.5,-0.25,-6.125));
#9433 = VECTOR('',#9434,1.);
#9434 = DIRECTION('',(0.,0.,1.));
#9435 = ORIENTED_EDGE('',*,*,#9436,.T.);
#9436 = EDGE_CURVE('',#9429,#7651,#9437,.T.);
#9437 = CIRCLE('',#9438,0.25);
#9438 = AXIS2_PLACEMENT_3D('',#9439,#9440,#9441);
#9439 = CARTESIAN_POINT('',(-4.25,-0.25,-12.));
#9440 = DIRECTION('',(0.,0.,-1.));
#9441 = DIRECTION('',(-1.,0.,0.));
#9442 = ORIENTED_EDGE('',*,*,#7650,.T.);
#9443 = ORIENTED_EDGE('',*,*,#7625,.T.);
#9444 = CYLINDRICAL_SURFACE('',#9445,0.25);
#9445 = AXIS2_PLACEMENT_3D('',#9446,#9447,#9448);
#9446 = CARTESIAN_POINT('',(-4.25,-0.25,-11.975));
#9447 = DIRECTION('',(0.,0.,-1.));
#9448 = DIRECTION('',(-1.,0.,0.));
#9449 = ADVANCED_FACE('',(#9450),#9469,.F.);
#9450 = FACE_BOUND('',#9451,.T.);
#9451 = EDGE_LOOP('',(#9452,#9453,#9461,#9467,#9468));
#9452 = ORIENTED_EDGE('',*,*,#9436,.F.);
#9453 = ORIENTED_EDGE('',*,*,#9454,.T.);
#9454 = EDGE_CURVE('',#9429,#9455,#9457,.T.);
#9455 = VERTEX_POINT('',#9456);
#9456 = CARTESIAN_POINT('',(-4.5,0.1,-12.));
#9457 = LINE('',#9458,#9459);
#9458 = CARTESIAN_POINT('',(-4.5,-1.,-12.));
#9459 = VECTOR('',#9460,1.);
#9460 = DIRECTION('',(0.,1.,0.));
#9461 = ORIENTED_EDGE('',*,*,#9462,.F.);
#9462 = EDGE_CURVE('',#7713,#9455,#9463,.T.);
#9463 = LINE('',#9464,#9465);
#9464 = CARTESIAN_POINT('',(-4.199358868962,0.1,-12.));
#9465 = VECTOR('',#9466,1.);
#9466 = DIRECTION('',(-1.,-0.,-0.));
#9467 = ORIENTED_EDGE('',*,*,#7712,.F.);
#9468 = ORIENTED_EDGE('',*,*,#7658,.F.);
#9469 = PLANE('',#9470);
#9470 = AXIS2_PLACEMENT_3D('',#9471,#9472,#9473);
#9471 = CARTESIAN_POINT('',(0.,-1.298198816269,-12.));
#9472 = DIRECTION('',(0.,0.,1.));
#9473 = DIRECTION('',(1.,0.,-0.));
#9474 = ADVANCED_FACE('',(#9475),#9493,.T.);
#9475 = FACE_BOUND('',#9476,.T.);
#9476 = EDGE_LOOP('',(#9477,#9478,#9479,#9487));
#9477 = ORIENTED_EDGE('',*,*,#7721,.T.);
#9478 = ORIENTED_EDGE('',*,*,#9462,.T.);
#9479 = ORIENTED_EDGE('',*,*,#9480,.T.);
#9480 = EDGE_CURVE('',#9455,#9481,#9483,.T.);
#9481 = VERTEX_POINT('',#9482);
#9482 = CARTESIAN_POINT('',(-4.5,0.1,-3.4));
#9483 = LINE('',#9484,#9485);
#9484 = CARTESIAN_POINT('',(-4.5,0.1,-6.125));
#9485 = VECTOR('',#9486,1.);
#9486 = DIRECTION('',(0.,0.,1.));
#9487 = ORIENTED_EDGE('',*,*,#9488,.T.);
#9488 = EDGE_CURVE('',#9481,#7722,#9489,.T.);
#9489 = LINE('',#9490,#9491);
#9490 = CARTESIAN_POINT('',(-3.749999999981,0.1,-3.4));
#9491 = VECTOR('',#9492,1.);
#9492 = DIRECTION('',(1.,0.,0.));
#9493 = PLANE('',#9494);
#9494 = AXIS2_PLACEMENT_3D('',#9495,#9496,#9497);
#9495 = CARTESIAN_POINT('',(-4.199358868962,0.1,-7.7));
#9496 = DIRECTION('',(0.,1.,0.));
#9497 = DIRECTION('',(0.,-0.,1.));
#9498 = ADVANCED_FACE('',(#9499),#9520,.F.);
#9499 = FACE_BOUND('',#9500,.T.);
#9500 = EDGE_LOOP('',(#9501,#9502,#9510,#9517,#9518,#9519));
#9501 = ORIENTED_EDGE('',*,*,#9488,.F.);
#9502 = ORIENTED_EDGE('',*,*,#9503,.T.);
#9503 = EDGE_CURVE('',#9481,#9504,#9506,.T.);
#9504 = VERTEX_POINT('',#9505);
#9505 = CARTESIAN_POINT('',(-4.5,4.25,-3.4));
#9506 = LINE('',#9507,#9508);
#9507 = CARTESIAN_POINT('',(-4.5,-1.,-3.4));
#9508 = VECTOR('',#9509,1.);
#9509 = DIRECTION('',(0.,1.,0.));
#9510 = ORIENTED_EDGE('',*,*,#9511,.F.);
#9511 = EDGE_CURVE('',#8250,#9504,#9512,.T.);
#9512 = CIRCLE('',#9513,0.25);
#9513 = AXIS2_PLACEMENT_3D('',#9514,#9515,#9516);
#9514 = CARTESIAN_POINT('',(-4.25,4.25,-3.4));
#9515 = DIRECTION('',(0.,0.,1.));
#9516 = DIRECTION('',(-1.,0.,0.));
#9517 = ORIENTED_EDGE('',*,*,#8249,.F.);
#9518 = ORIENTED_EDGE('',*,*,#7690,.F.);
#9519 = ORIENTED_EDGE('',*,*,#7729,.F.);
#9520 = PLANE('',#9521);
#9521 = AXIS2_PLACEMENT_3D('',#9522,#9523,#9524);
#9522 = CARTESIAN_POINT('',(-3.749999999981,2.3,-3.4));
#9523 = DIRECTION('',(0.,0.,1.));
#9524 = DIRECTION('',(1.,0.,-0.));
#9525 = ADVANCED_FACE('',(#9526),#9537,.T.);
#9526 = FACE_BOUND('',#9527,.T.);
#9527 = EDGE_LOOP('',(#9528,#9529,#9530,#9536));
#9528 = ORIENTED_EDGE('',*,*,#8257,.T.);
#9529 = ORIENTED_EDGE('',*,*,#9511,.T.);
#9530 = ORIENTED_EDGE('',*,*,#9531,.T.);
#9531 = EDGE_CURVE('',#9504,#8298,#9532,.T.);
#9532 = LINE('',#9533,#9534);
#9533 = CARTESIAN_POINT('',(-4.5,4.25,-6.125));
#9534 = VECTOR('',#9535,1.);
#9535 = DIRECTION('',(0.,0.,1.));
#9536 = ORIENTED_EDGE('',*,*,#8313,.T.);
#9537 = CYLINDRICAL_SURFACE('',#9538,0.25);
#9538 = AXIS2_PLACEMENT_3D('',#9539,#9540,#9541);
#9539 = CARTESIAN_POINT('',(-4.25,4.25,-0.187));
#9540 = DIRECTION('',(0.,0.,-1.));
#9541 = DIRECTION('',(-1.,0.,0.));
#9542 = ADVANCED_FACE('',(#9543),#9579,.F.);
#9543 = FACE_BOUND('',#9544,.T.);
#9544 = EDGE_LOOP('',(#9545,#9546,#9547,#9548,#9549,#9555,#9556,#9562,
    #9563,#9564,#9565,#9573));
#9545 = ORIENTED_EDGE('',*,*,#7947,.F.);
#9546 = ORIENTED_EDGE('',*,*,#7487,.F.);
#9547 = ORIENTED_EDGE('',*,*,#9066,.F.);
#9548 = ORIENTED_EDGE('',*,*,#9118,.F.);
#9549 = ORIENTED_EDGE('',*,*,#9550,.T.);
#9550 = EDGE_CURVE('',#9110,#7532,#9551,.T.);
#9551 = LINE('',#9552,#9553);
#9552 = CARTESIAN_POINT('',(0.,-6.1,-13.5));
#9553 = VECTOR('',#9554,1.);
#9554 = DIRECTION('',(-1.,-0.,-0.));
#9555 = ORIENTED_EDGE('',*,*,#7549,.F.);
#9556 = ORIENTED_EDGE('',*,*,#9557,.T.);
#9557 = EDGE_CURVE('',#7541,#7595,#9558,.T.);
#9558 = LINE('',#9559,#9560);
#9559 = CARTESIAN_POINT('',(0.,-6.099999650269,-13.5));
#9560 = VECTOR('',#9561,1.);
#9561 = DIRECTION('',(-1.,-0.,-0.));
#9562 = ORIENTED_EDGE('',*,*,#7594,.F.);
#9563 = ORIENTED_EDGE('',*,*,#5843,.T.);
#9564 = ORIENTED_EDGE('',*,*,#7579,.F.);
#9565 = ORIENTED_EDGE('',*,*,#9566,.T.);
#9566 = EDGE_CURVE('',#7572,#9567,#9569,.T.);
#9567 = VERTEX_POINT('',#9568);
#9568 = CARTESIAN_POINT('',(-4.5,-6.1,-12.15));
#9569 = LINE('',#9570,#9571);
#9570 = CARTESIAN_POINT('',(-4.5,-6.1,-6.125));
#9571 = VECTOR('',#9572,1.);
#9572 = DIRECTION('',(0.,0.,1.));
#9573 = ORIENTED_EDGE('',*,*,#9574,.F.);
#9574 = EDGE_CURVE('',#7948,#9567,#9575,.T.);
#9575 = LINE('',#9576,#9577);
#9576 = CARTESIAN_POINT('',(-4.7,-6.1,-12.15));
#9577 = VECTOR('',#9578,1.);
#9578 = DIRECTION('',(1.,0.,0.));
#9579 = PLANE('',#9580);
#9580 = AXIS2_PLACEMENT_3D('',#9581,#9582,#9583);
#9581 = CARTESIAN_POINT('',(-4.7,-6.1,-12.725));
#9582 = DIRECTION('',(0.,1.,0.));
#9583 = DIRECTION('',(0.,-0.,1.));
#9584 = ADVANCED_FACE('',(#9585),#9603,.T.);
#9585 = FACE_BOUND('',#9586,.T.);
#9586 = EDGE_LOOP('',(#9587,#9588,#9596,#9602));
#9587 = ORIENTED_EDGE('',*,*,#9574,.T.);
#9588 = ORIENTED_EDGE('',*,*,#9589,.T.);
#9589 = EDGE_CURVE('',#9567,#9590,#9592,.T.);
#9590 = VERTEX_POINT('',#9591);
#9591 = CARTESIAN_POINT('',(-4.5,-5.9,-12.15));
#9592 = LINE('',#9593,#9594);
#9593 = CARTESIAN_POINT('',(-4.5,-1.,-12.15));
#9594 = VECTOR('',#9595,1.);
#9595 = DIRECTION('',(0.,1.,0.));
#9596 = ORIENTED_EDGE('',*,*,#9597,.T.);
#9597 = EDGE_CURVE('',#9590,#7956,#9598,.T.);
#9598 = LINE('',#9599,#9600);
#9599 = CARTESIAN_POINT('',(-4.481100020831,-5.9,-12.15));
#9600 = VECTOR('',#9601,1.);
#9601 = DIRECTION('',(-1.,0.,0.));
#9602 = ORIENTED_EDGE('',*,*,#7955,.T.);
#9603 = PLANE('',#9604);
#9604 = AXIS2_PLACEMENT_3D('',#9605,#9606,#9607);
#9605 = CARTESIAN_POINT('',(-4.7,-6.,-12.15));
#9606 = DIRECTION('',(0.,0.,1.));
#9607 = DIRECTION('',(1.,0.,-0.));
#9608 = ADVANCED_FACE('',(#9609),#9621,.F.);
#9609 = FACE_BOUND('',#9610,.F.);
#9610 = EDGE_LOOP('',(#9611,#9612,#9619,#9620));
#9611 = ORIENTED_EDGE('',*,*,#7850,.T.);
#9612 = ORIENTED_EDGE('',*,*,#9613,.F.);
#9613 = EDGE_CURVE('',#9590,#7833,#9614,.T.);
#9614 = CIRCLE('',#9615,0.2);
#9615 = AXIS2_PLACEMENT_3D('',#9616,#9617,#9618);
#9616 = CARTESIAN_POINT('',(-4.5,-5.9,-11.95));
#9617 = DIRECTION('',(1.,0.,-0.));
#9618 = DIRECTION('',(0.,0.,1.));
#9619 = ORIENTED_EDGE('',*,*,#9597,.T.);
#9620 = ORIENTED_EDGE('',*,*,#7963,.T.);
#9621 = CYLINDRICAL_SURFACE('',#9622,0.2);
#9622 = AXIS2_PLACEMENT_3D('',#9623,#9624,#9625);
#9623 = CARTESIAN_POINT('',(-4.481100020831,-5.9,-11.95));
#9624 = DIRECTION('',(-1.,0.,0.));
#9625 = DIRECTION('',(0.,0.,1.));
#9626 = ADVANCED_FACE('',(#9627),#9638,.T.);
#9627 = FACE_BOUND('',#9628,.T.);
#9628 = EDGE_LOOP('',(#9629,#9630,#9636,#9637));
#9629 = ORIENTED_EDGE('',*,*,#7832,.T.);
#9630 = ORIENTED_EDGE('',*,*,#9631,.T.);
#9631 = EDGE_CURVE('',#7833,#7874,#9632,.T.);
#9632 = LINE('',#9633,#9634);
#9633 = CARTESIAN_POINT('',(-4.5,-5.9,-6.125));
#9634 = VECTOR('',#9635,1.);
#9635 = DIRECTION('',(0.,0.,1.));
#9636 = ORIENTED_EDGE('',*,*,#7873,.T.);
#9637 = ORIENTED_EDGE('',*,*,#7818,.T.);
#9638 = CYLINDRICAL_SURFACE('',#9639,0.6);
#9639 = AXIS2_PLACEMENT_3D('',#9640,#9641,#9642);
#9640 = CARTESIAN_POINT('',(-5.1,-5.9,-11.78));
#9641 = DIRECTION('',(0.,0.,1.));
#9642 = DIRECTION('',(1.,0.,-0.));
#9643 = ADVANCED_FACE('',(#9644),#9663,.F.);
#9644 = FACE_BOUND('',#9645,.F.);
#9645 = EDGE_LOOP('',(#9646,#9654,#9661,#9662));
#9646 = ORIENTED_EDGE('',*,*,#9647,.F.);
#9647 = EDGE_CURVE('',#9648,#7972,#9650,.T.);
#9648 = VERTEX_POINT('',#9649);
#9649 = CARTESIAN_POINT('',(-4.5,-5.9,-9.85));
#9650 = LINE('',#9651,#9652);
#9651 = CARTESIAN_POINT('',(-4.7,-5.9,-9.85));
#9652 = VECTOR('',#9653,1.);
#9653 = DIRECTION('',(-1.,-0.,-0.));
#9654 = ORIENTED_EDGE('',*,*,#9655,.F.);
#9655 = EDGE_CURVE('',#7874,#9648,#9656,.T.);
#9656 = CIRCLE('',#9657,0.2);
#9657 = AXIS2_PLACEMENT_3D('',#9658,#9659,#9660);
#9658 = CARTESIAN_POINT('',(-4.5,-5.9,-10.05));
#9659 = DIRECTION('',(1.,0.,-0.));
#9660 = DIRECTION('',(0.,0.,1.));
#9661 = ORIENTED_EDGE('',*,*,#7882,.T.);
#9662 = ORIENTED_EDGE('',*,*,#7971,.T.);
#9663 = CYLINDRICAL_SURFACE('',#9664,0.2);
#9664 = AXIS2_PLACEMENT_3D('',#9665,#9666,#9667);
#9665 = CARTESIAN_POINT('',(-4.481100020831,-5.9,-10.05));
#9666 = DIRECTION('',(-1.,0.,0.));
#9667 = DIRECTION('',(0.,0.,1.));
#9668 = ADVANCED_FACE('',(#9669),#9687,.F.);
#9669 = FACE_BOUND('',#9670,.T.);
#9670 = EDGE_LOOP('',(#9671,#9672,#9673,#9681));
#9671 = ORIENTED_EDGE('',*,*,#7980,.F.);
#9672 = ORIENTED_EDGE('',*,*,#9647,.F.);
#9673 = ORIENTED_EDGE('',*,*,#9674,.T.);
#9674 = EDGE_CURVE('',#9648,#9675,#9677,.T.);
#9675 = VERTEX_POINT('',#9676);
#9676 = CARTESIAN_POINT('',(-4.5,-6.1,-9.85));
#9677 = LINE('',#9678,#9679);
#9678 = CARTESIAN_POINT('',(-4.5,-1.,-9.85));
#9679 = VECTOR('',#9680,1.);
#9680 = DIRECTION('',(-0.,-1.,-0.));
#9681 = ORIENTED_EDGE('',*,*,#9682,.T.);
#9682 = EDGE_CURVE('',#9675,#7981,#9683,.T.);
#9683 = LINE('',#9684,#9685);
#9684 = CARTESIAN_POINT('',(-4.7,-6.1,-9.85));
#9685 = VECTOR('',#9686,1.);
#9686 = DIRECTION('',(-1.,-0.,-0.));
#9687 = PLANE('',#9688);
#9688 = AXIS2_PLACEMENT_3D('',#9689,#9690,#9691);
#9689 = CARTESIAN_POINT('',(-4.7,-6.,-9.85));
#9690 = DIRECTION('',(0.,0.,1.));
#9691 = DIRECTION('',(1.,0.,-0.));
#9692 = ADVANCED_FACE('',(#9693),#9711,.F.);
#9693 = FACE_BOUND('',#9694,.T.);
#9694 = EDGE_LOOP('',(#9695,#9696,#9697,#9705));
#9695 = ORIENTED_EDGE('',*,*,#7988,.F.);
#9696 = ORIENTED_EDGE('',*,*,#9682,.F.);
#9697 = ORIENTED_EDGE('',*,*,#9698,.T.);
#9698 = EDGE_CURVE('',#9675,#9699,#9701,.T.);
#9699 = VERTEX_POINT('',#9700);
#9700 = CARTESIAN_POINT('',(-4.5,-6.1,-6.15));
#9701 = LINE('',#9702,#9703);
#9702 = CARTESIAN_POINT('',(-4.5,-6.1,-6.125));
#9703 = VECTOR('',#9704,1.);
#9704 = DIRECTION('',(0.,0.,1.));
#9705 = ORIENTED_EDGE('',*,*,#9706,.F.);
#9706 = EDGE_CURVE('',#7989,#9699,#9707,.T.);
#9707 = LINE('',#9708,#9709);
#9708 = CARTESIAN_POINT('',(-4.7,-6.1,-6.15));
#9709 = VECTOR('',#9710,1.);
#9710 = DIRECTION('',(1.,0.,0.));
#9711 = PLANE('',#9712);
#9712 = AXIS2_PLACEMENT_3D('',#9713,#9714,#9715);
#9713 = CARTESIAN_POINT('',(-4.7,-6.1,-8.));
#9714 = DIRECTION('',(0.,1.,0.));
#9715 = DIRECTION('',(0.,-0.,1.));
#9716 = ADVANCED_FACE('',(#9717),#9735,.T.);
#9717 = FACE_BOUND('',#9718,.T.);
#9718 = EDGE_LOOP('',(#9719,#9720,#9728,#9734));
#9719 = ORIENTED_EDGE('',*,*,#9706,.T.);
#9720 = ORIENTED_EDGE('',*,*,#9721,.T.);
#9721 = EDGE_CURVE('',#9699,#9722,#9724,.T.);
#9722 = VERTEX_POINT('',#9723);
#9723 = CARTESIAN_POINT('',(-4.5,-5.9,-6.15));
#9724 = LINE('',#9725,#9726);
#9725 = CARTESIAN_POINT('',(-4.5,-1.,-6.15));
#9726 = VECTOR('',#9727,1.);
#9727 = DIRECTION('',(0.,1.,0.));
#9728 = ORIENTED_EDGE('',*,*,#9729,.T.);
#9729 = EDGE_CURVE('',#9722,#7997,#9730,.T.);
#9730 = LINE('',#9731,#9732);
#9731 = CARTESIAN_POINT('',(-4.481100020831,-5.9,-6.15));
#9732 = VECTOR('',#9733,1.);
#9733 = DIRECTION('',(-1.,0.,0.));
#9734 = ORIENTED_EDGE('',*,*,#7996,.T.);
#9735 = PLANE('',#9736);
#9736 = AXIS2_PLACEMENT_3D('',#9737,#9738,#9739);
#9737 = CARTESIAN_POINT('',(-4.7,-6.,-6.15));
#9738 = DIRECTION('',(0.,0.,1.));
#9739 = DIRECTION('',(1.,0.,-0.));
#9740 = ADVANCED_FACE('',(#9741),#9753,.F.);
#9741 = FACE_BOUND('',#9742,.F.);
#9742 = EDGE_LOOP('',(#9743,#9744,#9751,#9752));
#9743 = ORIENTED_EDGE('',*,*,#8119,.T.);
#9744 = ORIENTED_EDGE('',*,*,#9745,.F.);
#9745 = EDGE_CURVE('',#9722,#8102,#9746,.T.);
#9746 = CIRCLE('',#9747,0.2);
#9747 = AXIS2_PLACEMENT_3D('',#9748,#9749,#9750);
#9748 = CARTESIAN_POINT('',(-4.5,-5.9,-5.95));
#9749 = DIRECTION('',(1.,0.,-0.));
#9750 = DIRECTION('',(0.,0.,1.));
#9751 = ORIENTED_EDGE('',*,*,#9729,.T.);
#9752 = ORIENTED_EDGE('',*,*,#8004,.F.);
#9753 = CYLINDRICAL_SURFACE('',#9754,0.2);
#9754 = AXIS2_PLACEMENT_3D('',#9755,#9756,#9757);
#9755 = CARTESIAN_POINT('',(-4.481100020831,-5.9,-5.95));
#9756 = DIRECTION('',(-1.,0.,0.));
#9757 = DIRECTION('',(0.,0.,1.));
#9758 = ADVANCED_FACE('',(#9759),#9778,.T.);
#9759 = FACE_BOUND('',#9760,.T.);
#9760 = EDGE_LOOP('',(#9761,#9762,#9770,#9777));
#9761 = ORIENTED_EDGE('',*,*,#8101,.T.);
#9762 = ORIENTED_EDGE('',*,*,#9763,.T.);
#9763 = EDGE_CURVE('',#8102,#9764,#9766,.T.);
#9764 = VERTEX_POINT('',#9765);
#9765 = CARTESIAN_POINT('',(-4.5,-5.9,-4.25));
#9766 = LINE('',#9767,#9768);
#9767 = CARTESIAN_POINT('',(-4.5,-5.9,-6.125));
#9768 = VECTOR('',#9769,1.);
#9769 = DIRECTION('',(0.,0.,1.));
#9770 = ORIENTED_EDGE('',*,*,#9771,.T.);
#9771 = EDGE_CURVE('',#9764,#8044,#9772,.T.);
#9772 = CIRCLE('',#9773,0.6);
#9773 = AXIS2_PLACEMENT_3D('',#9774,#9775,#9776);
#9774 = CARTESIAN_POINT('',(-5.1,-5.9,-4.25));
#9775 = DIRECTION('',(0.,0.,-1.));
#9776 = DIRECTION('',(1.,0.,0.));
#9777 = ORIENTED_EDGE('',*,*,#8043,.T.);
#9778 = CYLINDRICAL_SURFACE('',#9779,0.6);
#9779 = AXIS2_PLACEMENT_3D('',#9780,#9781,#9782);
#9780 = CARTESIAN_POINT('',(-5.1,-5.9,-5.78));
#9781 = DIRECTION('',(0.,0.,1.));
#9782 = DIRECTION('',(1.,0.,-0.));
#9783 = ADVANCED_FACE('',(#9784),#9804,.T.);
#9784 = FACE_BOUND('',#9785,.T.);
#9785 = EDGE_LOOP('',(#9786,#9787,#9788,#9794,#9795,#9796,#9802,#9803));
#9786 = ORIENTED_EDGE('',*,*,#5885,.T.);
#9787 = ORIENTED_EDGE('',*,*,#4437,.T.);
#9788 = ORIENTED_EDGE('',*,*,#9789,.T.);
#9789 = EDGE_CURVE('',#4429,#8054,#9790,.T.);
#9790 = LINE('',#9791,#9792);
#9791 = CARTESIAN_POINT('',(-6.25,-6.1,-4.25));
#9792 = VECTOR('',#9793,1.);
#9793 = DIRECTION('',(0.,-1.,0.));
#9794 = ORIENTED_EDGE('',*,*,#8053,.T.);
#9795 = ORIENTED_EDGE('',*,*,#9771,.F.);
#9796 = ORIENTED_EDGE('',*,*,#9797,.T.);
#9797 = EDGE_CURVE('',#9764,#9187,#9798,.T.);
#9798 = LINE('',#9799,#9800);
#9799 = CARTESIAN_POINT('',(-4.5,-1.,-4.25));
#9800 = VECTOR('',#9801,1.);
#9801 = DIRECTION('',(0.,1.,0.));
#9802 = ORIENTED_EDGE('',*,*,#9186,.T.);
#9803 = ORIENTED_EDGE('',*,*,#8012,.T.);
#9804 = PLANE('',#9805);
#9805 = AXIS2_PLACEMENT_3D('',#9806,#9807,#9808);
#9806 = CARTESIAN_POINT('',(-4.7,-5.65,-4.25));
#9807 = DIRECTION('',(0.,0.,1.));
#9808 = DIRECTION('',(1.,0.,-0.));
#9809 = ADVANCED_FACE('',(#9810),#9835,.F.);
#9810 = FACE_BOUND('',#9811,.T.);
#9811 = EDGE_LOOP('',(#9812,#9813,#9821,#9829));
#9812 = ORIENTED_EDGE('',*,*,#8151,.F.);
#9813 = ORIENTED_EDGE('',*,*,#9814,.F.);
#9814 = EDGE_CURVE('',#9815,#8144,#9817,.T.);
#9815 = VERTEX_POINT('',#9816);
#9816 = CARTESIAN_POINT('',(-4.5,-4.1,-5.2));
#9817 = LINE('',#9818,#9819);
#9818 = CARTESIAN_POINT('',(-4.75,-4.1,-5.2));
#9819 = VECTOR('',#9820,1.);
#9820 = DIRECTION('',(-1.,-0.,-0.));
#9821 = ORIENTED_EDGE('',*,*,#9822,.T.);
#9822 = EDGE_CURVE('',#9815,#9823,#9825,.T.);
#9823 = VERTEX_POINT('',#9824);
#9824 = CARTESIAN_POINT('',(-4.5,-5.1,-5.2));
#9825 = LINE('',#9826,#9827);
#9826 = CARTESIAN_POINT('',(-4.5,-1.,-5.2));
#9827 = VECTOR('',#9828,1.);
#9828 = DIRECTION('',(-0.,-1.,-0.));
#9829 = ORIENTED_EDGE('',*,*,#9830,.T.);
#9830 = EDGE_CURVE('',#9823,#8152,#9831,.T.);
#9831 = LINE('',#9832,#9833);
#9832 = CARTESIAN_POINT('',(-4.75,-5.1,-5.2));
#9833 = VECTOR('',#9834,1.);
#9834 = DIRECTION('',(-1.,-0.,-0.));
#9835 = PLANE('',#9836);
#9836 = AXIS2_PLACEMENT_3D('',#9837,#9838,#9839);
#9837 = CARTESIAN_POINT('',(-4.75,-4.6,-5.2));
#9838 = DIRECTION('',(0.,0.,1.));
#9839 = DIRECTION('',(1.,0.,-0.));
#9840 = ADVANCED_FACE('',(#9841),#9859,.F.);
#9841 = FACE_BOUND('',#9842,.T.);
#9842 = EDGE_LOOP('',(#9843,#9844,#9845,#9853));
#9843 = ORIENTED_EDGE('',*,*,#8159,.F.);
#9844 = ORIENTED_EDGE('',*,*,#9830,.F.);
#9845 = ORIENTED_EDGE('',*,*,#9846,.T.);
#9846 = EDGE_CURVE('',#9823,#9847,#9849,.T.);
#9847 = VERTEX_POINT('',#9848);
#9848 = CARTESIAN_POINT('',(-4.5,-5.1,-3.7));
#9849 = LINE('',#9850,#9851);
#9850 = CARTESIAN_POINT('',(-4.5,-5.1,-6.125));
#9851 = VECTOR('',#9852,1.);
#9852 = DIRECTION('',(0.,0.,1.));
#9853 = ORIENTED_EDGE('',*,*,#9854,.F.);
#9854 = EDGE_CURVE('',#8136,#9847,#9855,.T.);
#9855 = LINE('',#9856,#9857);
#9856 = CARTESIAN_POINT('',(-4.75,-5.1,-3.7));
#9857 = VECTOR('',#9858,1.);
#9858 = DIRECTION('',(1.,0.,0.));
#9859 = PLANE('',#9860);
#9860 = AXIS2_PLACEMENT_3D('',#9861,#9862,#9863);
#9861 = CARTESIAN_POINT('',(-4.75,-5.1,-4.45));
#9862 = DIRECTION('',(0.,1.,0.));
#9863 = DIRECTION('',(0.,-0.,1.));
#9864 = ADVANCED_FACE('',(#9865),#9883,.T.);
#9865 = FACE_BOUND('',#9866,.T.);
#9866 = EDGE_LOOP('',(#9867,#9868,#9876,#9882));
#9867 = ORIENTED_EDGE('',*,*,#9854,.T.);
#9868 = ORIENTED_EDGE('',*,*,#9869,.T.);
#9869 = EDGE_CURVE('',#9847,#9870,#9872,.T.);
#9870 = VERTEX_POINT('',#9871);
#9871 = CARTESIAN_POINT('',(-4.5,-4.1,-3.7));
#9872 = LINE('',#9873,#9874);
#9873 = CARTESIAN_POINT('',(-4.5,-1.,-3.7));
#9874 = VECTOR('',#9875,1.);
#9875 = DIRECTION('',(0.,1.,0.));
#9876 = ORIENTED_EDGE('',*,*,#9877,.F.);
#9877 = EDGE_CURVE('',#8134,#9870,#9878,.T.);
#9878 = LINE('',#9879,#9880);
#9879 = CARTESIAN_POINT('',(-4.75,-4.1,-3.7));
#9880 = VECTOR('',#9881,1.);
#9881 = DIRECTION('',(1.,0.,0.));
#9882 = ORIENTED_EDGE('',*,*,#8133,.T.);
#9883 = PLANE('',#9884);
#9884 = AXIS2_PLACEMENT_3D('',#9885,#9886,#9887);
#9885 = CARTESIAN_POINT('',(-4.75,-4.6,-3.7));
#9886 = DIRECTION('',(0.,0.,1.));
#9887 = DIRECTION('',(1.,0.,-0.));
#9888 = ADVANCED_FACE('',(#9889),#9900,.T.);
#9889 = FACE_BOUND('',#9890,.T.);
#9890 = EDGE_LOOP('',(#9891,#9892,#9898,#9899));
#9891 = ORIENTED_EDGE('',*,*,#9877,.T.);
#9892 = ORIENTED_EDGE('',*,*,#9893,.T.);
#9893 = EDGE_CURVE('',#9870,#9815,#9894,.T.);
#9894 = LINE('',#9895,#9896);
#9895 = CARTESIAN_POINT('',(-4.5,-4.1,-6.125));
#9896 = VECTOR('',#9897,1.);
#9897 = DIRECTION('',(0.,0.,-1.));
#9898 = ORIENTED_EDGE('',*,*,#9814,.T.);
#9899 = ORIENTED_EDGE('',*,*,#8143,.T.);
#9900 = PLANE('',#9901);
#9901 = AXIS2_PLACEMENT_3D('',#9902,#9903,#9904);
#9902 = CARTESIAN_POINT('',(-4.75,-4.1,-4.45));
#9903 = DIRECTION('',(0.,1.,0.));
#9904 = DIRECTION('',(0.,-0.,1.));
#9905 = ADVANCED_FACE('',(#9906),#9931,.F.);
#9906 = FACE_BOUND('',#9907,.T.);
#9907 = EDGE_LOOP('',(#9908,#9909,#9917,#9925));
#9908 = ORIENTED_EDGE('',*,*,#8191,.F.);
#9909 = ORIENTED_EDGE('',*,*,#9910,.F.);
#9910 = EDGE_CURVE('',#9911,#8184,#9913,.T.);
#9911 = VERTEX_POINT('',#9912);
#9912 = CARTESIAN_POINT('',(-4.5,-2.,-5.2));
#9913 = LINE('',#9914,#9915);
#9914 = CARTESIAN_POINT('',(-4.75,-2.,-5.2));
#9915 = VECTOR('',#9916,1.);
#9916 = DIRECTION('',(-1.,-0.,-0.));
#9917 = ORIENTED_EDGE('',*,*,#9918,.T.);
#9918 = EDGE_CURVE('',#9911,#9919,#9921,.T.);
#9919 = VERTEX_POINT('',#9920);
#9920 = CARTESIAN_POINT('',(-4.5,-3.,-5.2));
#9921 = LINE('',#9922,#9923);
#9922 = CARTESIAN_POINT('',(-4.5,-1.,-5.2));
#9923 = VECTOR('',#9924,1.);
#9924 = DIRECTION('',(-0.,-1.,-0.));
#9925 = ORIENTED_EDGE('',*,*,#9926,.T.);
#9926 = EDGE_CURVE('',#9919,#8192,#9927,.T.);
#9927 = LINE('',#9928,#9929);
#9928 = CARTESIAN_POINT('',(-4.75,-3.,-5.2));
#9929 = VECTOR('',#9930,1.);
#9930 = DIRECTION('',(-1.,-0.,-0.));
#9931 = PLANE('',#9932);
#9932 = AXIS2_PLACEMENT_3D('',#9933,#9934,#9935);
#9933 = CARTESIAN_POINT('',(-4.75,-2.5,-5.2));
#9934 = DIRECTION('',(0.,0.,1.));
#9935 = DIRECTION('',(1.,0.,-0.));
#9936 = ADVANCED_FACE('',(#9937),#9955,.F.);
#9937 = FACE_BOUND('',#9938,.T.);
#9938 = EDGE_LOOP('',(#9939,#9940,#9941,#9949));
#9939 = ORIENTED_EDGE('',*,*,#8199,.F.);
#9940 = ORIENTED_EDGE('',*,*,#9926,.F.);
#9941 = ORIENTED_EDGE('',*,*,#9942,.T.);
#9942 = EDGE_CURVE('',#9919,#9943,#9945,.T.);
#9943 = VERTEX_POINT('',#9944);
#9944 = CARTESIAN_POINT('',(-4.5,-3.,-3.7));
#9945 = LINE('',#9946,#9947);
#9946 = CARTESIAN_POINT('',(-4.5,-3.,-6.125));
#9947 = VECTOR('',#9948,1.);
#9948 = DIRECTION('',(0.,0.,1.));
#9949 = ORIENTED_EDGE('',*,*,#9950,.F.);
#9950 = EDGE_CURVE('',#8176,#9943,#9951,.T.);
#9951 = LINE('',#9952,#9953);
#9952 = CARTESIAN_POINT('',(-4.75,-3.,-3.7));
#9953 = VECTOR('',#9954,1.);
#9954 = DIRECTION('',(1.,0.,0.));
#9955 = PLANE('',#9956);
#9956 = AXIS2_PLACEMENT_3D('',#9957,#9958,#9959);
#9957 = CARTESIAN_POINT('',(-4.75,-3.,-4.45));
#9958 = DIRECTION('',(0.,1.,0.));
#9959 = DIRECTION('',(0.,-0.,1.));
#9960 = ADVANCED_FACE('',(#9961),#9979,.T.);
#9961 = FACE_BOUND('',#9962,.T.);
#9962 = EDGE_LOOP('',(#9963,#9964,#9972,#9978));
#9963 = ORIENTED_EDGE('',*,*,#9950,.T.);
#9964 = ORIENTED_EDGE('',*,*,#9965,.T.);
#9965 = EDGE_CURVE('',#9943,#9966,#9968,.T.);
#9966 = VERTEX_POINT('',#9967);
#9967 = CARTESIAN_POINT('',(-4.5,-2.,-3.7));
#9968 = LINE('',#9969,#9970);
#9969 = CARTESIAN_POINT('',(-4.5,-1.,-3.7));
#9970 = VECTOR('',#9971,1.);
#9971 = DIRECTION('',(0.,1.,0.));
#9972 = ORIENTED_EDGE('',*,*,#9973,.F.);
#9973 = EDGE_CURVE('',#8174,#9966,#9974,.T.);
#9974 = LINE('',#9975,#9976);
#9975 = CARTESIAN_POINT('',(-4.75,-2.,-3.7));
#9976 = VECTOR('',#9977,1.);
#9977 = DIRECTION('',(1.,0.,0.));
#9978 = ORIENTED_EDGE('',*,*,#8173,.T.);
#9979 = PLANE('',#9980);
#9980 = AXIS2_PLACEMENT_3D('',#9981,#9982,#9983);
#9981 = CARTESIAN_POINT('',(-4.75,-2.5,-3.7));
#9982 = DIRECTION('',(0.,0.,1.));
#9983 = DIRECTION('',(1.,0.,-0.));
#9984 = ADVANCED_FACE('',(#9985),#9996,.T.);
#9985 = FACE_BOUND('',#9986,.T.);
#9986 = EDGE_LOOP('',(#9987,#9988,#9994,#9995));
#9987 = ORIENTED_EDGE('',*,*,#9973,.T.);
#9988 = ORIENTED_EDGE('',*,*,#9989,.T.);
#9989 = EDGE_CURVE('',#9966,#9911,#9990,.T.);
#9990 = LINE('',#9991,#9992);
#9991 = CARTESIAN_POINT('',(-4.5,-2.,-6.125));
#9992 = VECTOR('',#9993,1.);
#9993 = DIRECTION('',(0.,0.,-1.));
#9994 = ORIENTED_EDGE('',*,*,#9910,.T.);
#9995 = ORIENTED_EDGE('',*,*,#8183,.T.);
#9996 = PLANE('',#9997);
#9997 = AXIS2_PLACEMENT_3D('',#9998,#9999,#10000);
#9998 = CARTESIAN_POINT('',(-4.75,-2.,-4.45));
#9999 = DIRECTION('',(0.,1.,0.));
#10000 = DIRECTION('',(0.,-0.,1.));
#10001 = ADVANCED_FACE('',(#10002),#10028,.T.);
#10002 = FACE_BOUND('',#10003,.T.);
#10003 = EDGE_LOOP('',(#10004,#10015,#10021,#10022));
#10004 = ORIENTED_EDGE('',*,*,#10005,.F.);
#10005 = EDGE_CURVE('',#10006,#10008,#10010,.T.);
#10006 = VERTEX_POINT('',#10007);
#10007 = CARTESIAN_POINT('',(4.5,-6.25,-0.25));
#10008 = VERTEX_POINT('',#10009);
#10009 = CARTESIAN_POINT('',(4.25,-6.249999999998,-5.421010862428E-17));
#10010 = CIRCLE('',#10011,0.25);
#10011 = AXIS2_PLACEMENT_3D('',#10012,#10013,#10014);
#10012 = CARTESIAN_POINT('',(4.25,-6.25,-0.25));
#10013 = DIRECTION('',(0.,-1.,2.453187080899E-11));
#10014 = DIRECTION('',(-1.,-8.511202440396E-26,-3.469446951954E-15));
#10015 = ORIENTED_EDGE('',*,*,#10016,.F.);
#10016 = EDGE_CURVE('',#8214,#10006,#10017,.T.);
#10017 = LINE('',#10018,#10019);
#10018 = CARTESIAN_POINT('',(4.5,-1.,-0.25));
#10019 = VECTOR('',#10020,1.);
#10020 = DIRECTION('',(-0.,-1.,-0.));
#10021 = ORIENTED_EDGE('',*,*,#8213,.T.);
#10022 = ORIENTED_EDGE('',*,*,#10023,.F.);
#10023 = EDGE_CURVE('',#10008,#8216,#10024,.T.);
#10024 = LINE('',#10025,#10026);
#10025 = CARTESIAN_POINT('',(4.25,-1.,0.));
#10026 = VECTOR('',#10027,1.);
#10027 = DIRECTION('',(0.,1.,0.));
#10028 = CYLINDRICAL_SURFACE('',#10029,0.25);
#10029 = AXIS2_PLACEMENT_3D('',#10030,#10031,#10032);
#10030 = CARTESIAN_POINT('',(4.25,-6.46,-0.25));
#10031 = DIRECTION('',(0.,1.,0.));
#10032 = DIRECTION('',(0.,-0.,1.));
#10033 = ADVANCED_FACE('',(#10034),#10045,.T.);
#10034 = FACE_BOUND('',#10035,.T.);
#10035 = EDGE_LOOP('',(#10036,#10037,#10043,#10044));
#10036 = ORIENTED_EDGE('',*,*,#8306,.T.);
#10037 = ORIENTED_EDGE('',*,*,#10038,.F.);
#10038 = EDGE_CURVE('',#8216,#8296,#10039,.T.);
#10039 = LINE('',#10040,#10041);
#10040 = CARTESIAN_POINT('',(0.,4.25,0.));
#10041 = VECTOR('',#10042,1.);
#10042 = DIRECTION('',(-1.,-0.,-0.));
#10043 = ORIENTED_EDGE('',*,*,#8233,.T.);
#10044 = ORIENTED_EDGE('',*,*,#8265,.T.);
#10045 = CYLINDRICAL_SURFACE('',#10046,0.25);
#10046 = AXIS2_PLACEMENT_3D('',#10047,#10048,#10049);
#10047 = CARTESIAN_POINT('',(4.42,4.25,-0.25));
#10048 = DIRECTION('',(-1.,0.,0.));
#10049 = DIRECTION('',(0.,0.,1.));
#10050 = ADVANCED_FACE('',(#10051),#10077,.T.);
#10051 = FACE_BOUND('',#10052,.T.);
#10052 = EDGE_LOOP('',(#10053,#10054,#10062,#10071));
#10053 = ORIENTED_EDGE('',*,*,#8295,.T.);
#10054 = ORIENTED_EDGE('',*,*,#10055,.T.);
#10055 = EDGE_CURVE('',#8298,#10056,#10058,.T.);
#10056 = VERTEX_POINT('',#10057);
#10057 = CARTESIAN_POINT('',(-4.5,-6.25,-0.25));
#10058 = LINE('',#10059,#10060);
#10059 = CARTESIAN_POINT('',(-4.5,-1.,-0.25));
#10060 = VECTOR('',#10061,1.);
#10061 = DIRECTION('',(-0.,-1.,-0.));
#10062 = ORIENTED_EDGE('',*,*,#10063,.T.);
#10063 = EDGE_CURVE('',#10056,#10064,#10066,.T.);
#10064 = VERTEX_POINT('',#10065);
#10065 = CARTESIAN_POINT('',(-4.249999998673,-6.25,0.));
#10066 = CIRCLE('',#10067,0.25);
#10067 = AXIS2_PLACEMENT_3D('',#10068,#10069,#10070);
#10068 = CARTESIAN_POINT('',(-4.25,-6.249999999999,-0.25));
#10069 = DIRECTION('',(0.,1.,0.));
#10070 = DIRECTION('',(0.,0.,-1.));
#10071 = ORIENTED_EDGE('',*,*,#10072,.F.);
#10072 = EDGE_CURVE('',#8296,#10064,#10073,.T.);
#10073 = LINE('',#10074,#10075);
#10074 = CARTESIAN_POINT('',(-4.25,-1.,0.));
#10075 = VECTOR('',#10076,1.);
#10076 = DIRECTION('',(-0.,-1.,-0.));
#10077 = CYLINDRICAL_SURFACE('',#10078,0.25);
#10078 = AXIS2_PLACEMENT_3D('',#10079,#10080,#10081);
#10079 = CARTESIAN_POINT('',(-4.25,4.46,-0.25));
#10080 = DIRECTION('',(0.,-1.,0.));
#10081 = DIRECTION('',(0.,0.,-1.));
#10082 = ADVANCED_FACE('',(#10083,#10103),#10134,.T.);
#10083 = FACE_BOUND('',#10084,.T.);
#10084 = EDGE_LOOP('',(#10085,#10086,#10087,#10088,#10089,#10090,#10091,
    #10092,#10093,#10094,#10095,#10096,#10097,#10098,#10099,#10100,
    #10101,#10102));
#10085 = ORIENTED_EDGE('',*,*,#8946,.T.);
#10086 = ORIENTED_EDGE('',*,*,#8963,.T.);
#10087 = ORIENTED_EDGE('',*,*,#8591,.T.);
#10088 = ORIENTED_EDGE('',*,*,#8623,.T.);
#10089 = ORIENTED_EDGE('',*,*,#8658,.T.);
#10090 = ORIENTED_EDGE('',*,*,#8681,.T.);
#10091 = ORIENTED_EDGE('',*,*,#8904,.T.);
#10092 = ORIENTED_EDGE('',*,*,#8742,.T.);
#10093 = ORIENTED_EDGE('',*,*,#8774,.T.);
#10094 = ORIENTED_EDGE('',*,*,#8804,.T.);
#10095 = ORIENTED_EDGE('',*,*,#8837,.T.);
#10096 = ORIENTED_EDGE('',*,*,#8719,.F.);
#10097 = ORIENTED_EDGE('',*,*,#8860,.T.);
#10098 = ORIENTED_EDGE('',*,*,#8875,.T.);
#10099 = ORIENTED_EDGE('',*,*,#8897,.T.);
#10100 = ORIENTED_EDGE('',*,*,#7187,.T.);
#10101 = ORIENTED_EDGE('',*,*,#8923,.T.);
#10102 = ORIENTED_EDGE('',*,*,#6190,.F.);
#10103 = FACE_BOUND('',#10104,.T.);
#10104 = EDGE_LOOP('',(#10105,#10106,#10107,#10108,#10109,#10110,#10111,
    #10119,#10127,#10133));
#10105 = ORIENTED_EDGE('',*,*,#8540,.T.);
#10106 = ORIENTED_EDGE('',*,*,#8557,.T.);
#10107 = ORIENTED_EDGE('',*,*,#8440,.T.);
#10108 = ORIENTED_EDGE('',*,*,#8463,.T.);
#10109 = ORIENTED_EDGE('',*,*,#8481,.T.);
#10110 = ORIENTED_EDGE('',*,*,#10016,.T.);
#10111 = ORIENTED_EDGE('',*,*,#10112,.F.);
#10112 = EDGE_CURVE('',#10113,#10006,#10115,.T.);
#10113 = VERTEX_POINT('',#10114);
#10114 = CARTESIAN_POINT('',(4.5,-6.25,-14.9));
#10115 = LINE('',#10116,#10117);
#10116 = CARTESIAN_POINT('',(4.5,-6.25,-1.5E-02));
#10117 = VECTOR('',#10118,1.);
#10118 = DIRECTION('',(0.,0.,1.));
#10119 = ORIENTED_EDGE('',*,*,#10120,.T.);
#10120 = EDGE_CURVE('',#10113,#10121,#10123,.T.);
#10121 = VERTEX_POINT('',#10122);
#10122 = CARTESIAN_POINT('',(4.5,-3.1,-14.9));
#10123 = LINE('',#10124,#10125);
#10124 = CARTESIAN_POINT('',(4.5,-4.8,-14.9));
#10125 = VECTOR('',#10126,1.);
#10126 = DIRECTION('',(0.,1.,0.));
#10127 = ORIENTED_EDGE('',*,*,#10128,.F.);
#10128 = EDGE_CURVE('',#8500,#10121,#10129,.T.);
#10129 = LINE('',#10130,#10131);
#10130 = CARTESIAN_POINT('',(4.5,-3.1,-14.075));
#10131 = VECTOR('',#10132,1.);
#10132 = DIRECTION('',(-0.,-0.,-1.));
#10133 = ORIENTED_EDGE('',*,*,#8499,.T.);
#10134 = PLANE('',#10135);
#10135 = AXIS2_PLACEMENT_3D('',#10136,#10137,#10138);
#10136 = CARTESIAN_POINT('',(4.5,-1.,-6.125));
#10137 = DIRECTION('',(1.,0.,0.));
#10138 = DIRECTION('',(0.,0.,-1.));
#10139 = ADVANCED_FACE('',(#10140),#10160,.T.);
#10140 = FACE_BOUND('',#10141,.T.);
#10141 = EDGE_LOOP('',(#10142,#10150,#10151,#10152,#10153,#10154));
#10142 = ORIENTED_EDGE('',*,*,#10143,.T.);
#10143 = EDGE_CURVE('',#10144,#9026,#10146,.T.);
#10144 = VERTEX_POINT('',#10145);
#10145 = CARTESIAN_POINT('',(1.5,-3.1,-14.9));
#10146 = LINE('',#10147,#10148);
#10147 = CARTESIAN_POINT('',(1.5,-3.1,-14.075));
#10148 = VECTOR('',#10149,1.);
#10149 = DIRECTION('',(0.,0.,1.));
#10150 = ORIENTED_EDGE('',*,*,#9025,.T.);
#10151 = ORIENTED_EDGE('',*,*,#8998,.T.);
#10152 = ORIENTED_EDGE('',*,*,#8507,.F.);
#10153 = ORIENTED_EDGE('',*,*,#10128,.T.);
#10154 = ORIENTED_EDGE('',*,*,#10155,.T.);
#10155 = EDGE_CURVE('',#10121,#10144,#10156,.T.);
#10156 = LINE('',#10157,#10158);
#10157 = CARTESIAN_POINT('',(3.,-3.1,-14.9));
#10158 = VECTOR('',#10159,1.);
#10159 = DIRECTION('',(-1.,-0.,-0.));
#10160 = PLANE('',#10161);
#10161 = AXIS2_PLACEMENT_3D('',#10162,#10163,#10164);
#10162 = CARTESIAN_POINT('',(3.,-3.1,-14.075));
#10163 = DIRECTION('',(0.,1.,0.));
#10164 = DIRECTION('',(0.,-0.,1.));
#10165 = ADVANCED_FACE('',(#10166),#10202,.F.);
#10166 = FACE_BOUND('',#10167,.T.);
#10167 = EDGE_LOOP('',(#10168,#10169,#10177,#10185,#10194,#10200,#10201)
  );
#10168 = ORIENTED_EDGE('',*,*,#10143,.F.);
#10169 = ORIENTED_EDGE('',*,*,#10170,.T.);
#10170 = EDGE_CURVE('',#10144,#10171,#10173,.T.);
#10171 = VERTEX_POINT('',#10172);
#10172 = CARTESIAN_POINT('',(1.5,-6.5,-14.9));
#10173 = LINE('',#10174,#10175);
#10174 = CARTESIAN_POINT('',(1.5,-4.8,-14.9));
#10175 = VECTOR('',#10176,1.);
#10176 = DIRECTION('',(-0.,-1.,-0.));
#10177 = ORIENTED_EDGE('',*,*,#10178,.F.);
#10178 = EDGE_CURVE('',#10179,#10171,#10181,.T.);
#10179 = VERTEX_POINT('',#10180);
#10180 = CARTESIAN_POINT('',(1.5,-6.5,-13.25));
#10181 = LINE('',#10182,#10183);
#10182 = CARTESIAN_POINT('',(1.5,-6.5,-14.075));
#10183 = VECTOR('',#10184,1.);
#10184 = DIRECTION('',(0.,0.,-1.));
#10185 = ORIENTED_EDGE('',*,*,#10186,.F.);
#10186 = EDGE_CURVE('',#10187,#10179,#10189,.T.);
#10187 = VERTEX_POINT('',#10188);
#10188 = CARTESIAN_POINT('',(1.5,-6.249999944335,-13.5));
#10189 = CIRCLE('',#10190,0.25);
#10190 = AXIS2_PLACEMENT_3D('',#10191,#10192,#10193);
#10191 = CARTESIAN_POINT('',(1.5,-6.25,-13.25));
#10192 = DIRECTION('',(-1.,0.,0.));
#10193 = DIRECTION('',(0.,0.,1.));
#10194 = ORIENTED_EDGE('',*,*,#10195,.T.);
#10195 = EDGE_CURVE('',#10187,#9102,#10196,.T.);
#10196 = LINE('',#10197,#10198);
#10197 = CARTESIAN_POINT('',(1.5,-1.300001804819,-13.5));
#10198 = VECTOR('',#10199,1.);
#10199 = DIRECTION('',(0.,1.,0.));
#10200 = ORIENTED_EDGE('',*,*,#9101,.F.);
#10201 = ORIENTED_EDGE('',*,*,#9087,.F.);
#10202 = PLANE('',#10203);
#10203 = AXIS2_PLACEMENT_3D('',#10204,#10205,#10206);
#10204 = CARTESIAN_POINT('',(1.5,-4.8,-14.075));
#10205 = DIRECTION('',(1.,0.,0.));
#10206 = DIRECTION('',(0.,0.,-1.));
#10207 = ADVANCED_FACE('',(#10208),#10220,.F.);
#10208 = FACE_BOUND('',#10209,.F.);
#10209 = EDGE_LOOP('',(#10210,#10211,#10212,#10213,#10214));
#10210 = ORIENTED_EDGE('',*,*,#10195,.T.);
#10211 = ORIENTED_EDGE('',*,*,#9109,.T.);
#10212 = ORIENTED_EDGE('',*,*,#9550,.T.);
#10213 = ORIENTED_EDGE('',*,*,#9171,.T.);
#10214 = ORIENTED_EDGE('',*,*,#10215,.T.);
#10215 = EDGE_CURVE('',#9136,#10187,#10216,.T.);
#10216 = LINE('',#10217,#10218);
#10217 = CARTESIAN_POINT('',(1.518819660113,-6.249999888671,-13.5));
#10218 = VECTOR('',#10219,1.);
#10219 = DIRECTION('',(1.,0.,0.));
#10220 = PLANE('',#10221);
#10221 = AXIS2_PLACEMENT_3D('',#10222,#10223,#10224);
#10222 = CARTESIAN_POINT('',(0.,-1.300001804819,-13.5));
#10223 = DIRECTION('',(0.,0.,1.));
#10224 = DIRECTION('',(1.,0.,-0.));
#10225 = ADVANCED_FACE('',(#10226),#10245,.T.);
#10226 = FACE_BOUND('',#10227,.T.);
#10227 = EDGE_LOOP('',(#10228,#10237,#10244));
#10228 = ORIENTED_EDGE('',*,*,#10229,.F.);
#10229 = EDGE_CURVE('',#10230,#9136,#10232,.T.);
#10230 = VERTEX_POINT('',#10231);
#10231 = CARTESIAN_POINT('',(0.559016994375,-6.5,-13.25));
#10232 = CIRCLE('',#10233,0.25);
#10233 = AXIS2_PLACEMENT_3D('',#10234,#10235,#10236);
#10234 = CARTESIAN_POINT('',(0.559016994375,-6.25,-13.25));
#10235 = DIRECTION('',(1.,0.,-0.));
#10236 = DIRECTION('',(0.,0.,1.));
#10237 = ORIENTED_EDGE('',*,*,#10238,.F.);
#10238 = EDGE_CURVE('',#9134,#10230,#10239,.T.);
#10239 = CIRCLE('',#10240,0.25);
#10240 = AXIS2_PLACEMENT_3D('',#10241,#10242,#10243);
#10241 = CARTESIAN_POINT('',(0.559016994375,-6.25,-13.25));
#10242 = DIRECTION('',(0.,0.,1.));
#10243 = DIRECTION('',(-1.,-3.469446951954E-15,0.));
#10244 = ORIENTED_EDGE('',*,*,#9133,.T.);
#10245 = SPHERICAL_SURFACE('',#10246,0.25);
#10246 = AXIS2_PLACEMENT_3D('',#10247,#10248,#10249);
#10247 = CARTESIAN_POINT('',(0.559016994375,-6.25,-13.25));
#10248 = DIRECTION('',(0.99998726689,5.046390604565E-03,
    -4.073515314257E-13));
#10249 = DIRECTION('',(-5.046390604565E-03,0.99998726689,
    2.359223927328E-13));
#10250 = ADVANCED_FACE('',(#10251),#10277,.F.);
#10251 = FACE_BOUND('',#10252,.F.);
#10252 = EDGE_LOOP('',(#10253,#10261,#10270,#10276));
#10253 = ORIENTED_EDGE('',*,*,#10254,.T.);
#10254 = EDGE_CURVE('',#9145,#10255,#10257,.T.);
#10255 = VERTEX_POINT('',#10256);
#10256 = CARTESIAN_POINT('',(-0.37267799625,-6.416666666667,-12.));
#10257 = LINE('',#10258,#10259);
#10258 = CARTESIAN_POINT('',(-0.372677996251,-6.416666666668,-13.275));
#10259 = VECTOR('',#10260,1.);
#10260 = DIRECTION('',(0.,0.,1.));
#10261 = ORIENTED_EDGE('',*,*,#10262,.F.);
#10262 = EDGE_CURVE('',#10263,#10255,#10265,.T.);
#10263 = VERTEX_POINT('',#10264);
#10264 = CARTESIAN_POINT('',(0.37267799625,-6.416666666666,-12.));
#10265 = CIRCLE('',#10266,0.5);
#10266 = AXIS2_PLACEMENT_3D('',#10267,#10268,#10269);
#10267 = CARTESIAN_POINT('',(0.,-6.75,-12.));
#10268 = DIRECTION('',(0.,0.,1.));
#10269 = DIRECTION('',(1.,0.,-0.));
#10270 = ORIENTED_EDGE('',*,*,#10271,.T.);
#10271 = EDGE_CURVE('',#10263,#9134,#10272,.T.);
#10272 = LINE('',#10273,#10274);
#10273 = CARTESIAN_POINT('',(0.372677996249,-6.416666666666,-11.975));
#10274 = VECTOR('',#10275,1.);
#10275 = DIRECTION('',(0.,0.,-1.));
#10276 = ORIENTED_EDGE('',*,*,#9144,.T.);
#10277 = CYLINDRICAL_SURFACE('',#10278,0.5);
#10278 = AXIS2_PLACEMENT_3D('',#10279,#10280,#10281);
#10279 = CARTESIAN_POINT('',(0.,-6.75,-13.275));
#10280 = DIRECTION('',(0.,0.,1.));
#10281 = DIRECTION('',(1.,0.,-0.));
#10282 = ADVANCED_FACE('',(#10283),#10302,.T.);
#10283 = FACE_BOUND('',#10284,.T.);
#10284 = EDGE_LOOP('',(#10285,#10294,#10295));
#10285 = ORIENTED_EDGE('',*,*,#10286,.F.);
#10286 = EDGE_CURVE('',#9154,#10287,#10289,.T.);
#10287 = VERTEX_POINT('',#10288);
#10288 = CARTESIAN_POINT('',(-0.559014284551,-6.499999999985,-13.25));
#10289 = CIRCLE('',#10290,0.25);
#10290 = AXIS2_PLACEMENT_3D('',#10291,#10292,#10293);
#10291 = CARTESIAN_POINT('',(-0.559011574726,-6.25,-13.25));
#10292 = DIRECTION('',(-1.,0.,0.));
#10293 = DIRECTION('',(0.,0.,1.));
#10294 = ORIENTED_EDGE('',*,*,#9153,.T.);
#10295 = ORIENTED_EDGE('',*,*,#10296,.F.);
#10296 = EDGE_CURVE('',#10287,#9145,#10297,.T.);
#10297 = CIRCLE('',#10298,0.25);
#10298 = AXIS2_PLACEMENT_3D('',#10299,#10300,#10301);
#10299 = CARTESIAN_POINT('',(-0.559016994375,-6.25,-13.25));
#10300 = DIRECTION('',(0.,0.,1.));
#10301 = DIRECTION('',(1.,0.,-0.));
#10302 = SPHERICAL_SURFACE('',#10303,0.25);
#10303 = AXIS2_PLACEMENT_3D('',#10304,#10305,#10306);
#10304 = CARTESIAN_POINT('',(-0.559016994375,-6.25,-13.25));
#10305 = DIRECTION('',(-7.348456809315E-16,-0.999955586393,
    -9.424714410903E-03));
#10306 = DIRECTION('',(0.,9.424714410903E-03,-0.999955586393));
#10307 = ADVANCED_FACE('',(#10308),#10319,.F.);
#10308 = FACE_BOUND('',#10309,.F.);
#10309 = EDGE_LOOP('',(#10310,#10311,#10312,#10313));
#10310 = ORIENTED_EDGE('',*,*,#9162,.T.);
#10311 = ORIENTED_EDGE('',*,*,#9557,.T.);
#10312 = ORIENTED_EDGE('',*,*,#9389,.T.);
#10313 = ORIENTED_EDGE('',*,*,#10314,.T.);
#10314 = EDGE_CURVE('',#9390,#9154,#10315,.T.);
#10315 = LINE('',#10316,#10317);
#10316 = CARTESIAN_POINT('',(-0.485197334262,-6.249999981118,-13.5));
#10317 = VECTOR('',#10318,1.);
#10318 = DIRECTION('',(1.,0.,0.));
#10319 = PLANE('',#10320);
#10320 = AXIS2_PLACEMENT_3D('',#10321,#10322,#10323);
#10321 = CARTESIAN_POINT('',(0.,-1.300001804819,-13.5));
#10322 = DIRECTION('',(0.,0.,1.));
#10323 = DIRECTION('',(1.,0.,-0.));
#10324 = ADVANCED_FACE('',(#10325,#10331,#10337),#10372,.F.);
#10325 = FACE_BOUND('',#10326,.T.);
#10326 = EDGE_LOOP('',(#10327,#10328,#10329,#10330));
#10327 = ORIENTED_EDGE('',*,*,#9965,.F.);
#10328 = ORIENTED_EDGE('',*,*,#9942,.F.);
#10329 = ORIENTED_EDGE('',*,*,#9918,.F.);
#10330 = ORIENTED_EDGE('',*,*,#9989,.F.);
#10331 = FACE_BOUND('',#10332,.T.);
#10332 = EDGE_LOOP('',(#10333,#10334,#10335,#10336));
#10333 = ORIENTED_EDGE('',*,*,#9869,.F.);
#10334 = ORIENTED_EDGE('',*,*,#9846,.F.);
#10335 = ORIENTED_EDGE('',*,*,#9822,.F.);
#10336 = ORIENTED_EDGE('',*,*,#9893,.F.);
#10337 = FACE_BOUND('',#10338,.T.);
#10338 = EDGE_LOOP('',(#10339,#10340,#10341,#10342,#10343,#10344,#10345,
    #10346,#10347,#10348,#10349,#10350,#10356,#10357,#10358,#10359,
    #10360,#10361,#10362,#10363,#10364,#10365,#10366,#10367,#10368,
    #10369,#10370,#10371));
#10339 = ORIENTED_EDGE('',*,*,#9763,.F.);
#10340 = ORIENTED_EDGE('',*,*,#9745,.F.);
#10341 = ORIENTED_EDGE('',*,*,#9721,.F.);
#10342 = ORIENTED_EDGE('',*,*,#9698,.F.);
#10343 = ORIENTED_EDGE('',*,*,#9674,.F.);
#10344 = ORIENTED_EDGE('',*,*,#9655,.F.);
#10345 = ORIENTED_EDGE('',*,*,#9631,.F.);
#10346 = ORIENTED_EDGE('',*,*,#9613,.F.);
#10347 = ORIENTED_EDGE('',*,*,#9589,.F.);
#10348 = ORIENTED_EDGE('',*,*,#9566,.F.);
#10349 = ORIENTED_EDGE('',*,*,#9406,.F.);
#10350 = ORIENTED_EDGE('',*,*,#10351,.F.);
#10351 = EDGE_CURVE('',#10056,#9398,#10352,.T.);
#10352 = LINE('',#10353,#10354);
#10353 = CARTESIAN_POINT('',(-4.5,-6.249999999999,-6.125));
#10354 = VECTOR('',#10355,1.);
#10355 = DIRECTION('',(0.,0.,-1.));
#10356 = ORIENTED_EDGE('',*,*,#10055,.F.);
#10357 = ORIENTED_EDGE('',*,*,#9531,.F.);
#10358 = ORIENTED_EDGE('',*,*,#9503,.F.);
#10359 = ORIENTED_EDGE('',*,*,#9480,.F.);
#10360 = ORIENTED_EDGE('',*,*,#9454,.F.);
#10361 = ORIENTED_EDGE('',*,*,#9428,.F.);
#10362 = ORIENTED_EDGE('',*,*,#9413,.F.);
#10363 = ORIENTED_EDGE('',*,*,#9365,.F.);
#10364 = ORIENTED_EDGE('',*,*,#9340,.F.);
#10365 = ORIENTED_EDGE('',*,*,#9316,.F.);
#10366 = ORIENTED_EDGE('',*,*,#9291,.F.);
#10367 = ORIENTED_EDGE('',*,*,#9268,.F.);
#10368 = ORIENTED_EDGE('',*,*,#9243,.F.);
#10369 = ORIENTED_EDGE('',*,*,#9219,.F.);
#10370 = ORIENTED_EDGE('',*,*,#9194,.F.);
#10371 = ORIENTED_EDGE('',*,*,#9797,.F.);
#10372 = PLANE('',#10373);
#10373 = AXIS2_PLACEMENT_3D('',#10374,#10375,#10376);
#10374 = CARTESIAN_POINT('',(-4.5,-1.,-6.125));
#10375 = DIRECTION('',(1.,0.,0.));
#10376 = DIRECTION('',(0.,0.,-1.));
#10377 = ADVANCED_FACE('',(#10378),#10397,.T.);
#10378 = FACE_BOUND('',#10379,.T.);
#10379 = EDGE_LOOP('',(#10380,#10389,#10396));
#10380 = ORIENTED_EDGE('',*,*,#10381,.F.);
#10381 = EDGE_CURVE('',#10382,#9390,#10384,.T.);
#10382 = VERTEX_POINT('',#10383);
#10383 = CARTESIAN_POINT('',(-4.250000000005,-6.5,-13.25));
#10384 = CIRCLE('',#10385,0.25);
#10385 = AXIS2_PLACEMENT_3D('',#10386,#10387,#10388);
#10386 = CARTESIAN_POINT('',(-4.25000000001,-6.25,-13.25));
#10387 = DIRECTION('',(1.,0.,0.));
#10388 = DIRECTION('',(-0.,3.469446951954E-15,1.));
#10389 = ORIENTED_EDGE('',*,*,#10390,.F.);
#10390 = EDGE_CURVE('',#9398,#10382,#10391,.T.);
#10391 = CIRCLE('',#10392,0.25);
#10392 = AXIS2_PLACEMENT_3D('',#10393,#10394,#10395);
#10393 = CARTESIAN_POINT('',(-4.25,-6.25,-13.25));
#10394 = DIRECTION('',(0.,0.,1.));
#10395 = DIRECTION('',(-1.,0.,0.));
#10396 = ORIENTED_EDGE('',*,*,#9397,.F.);
#10397 = SPHERICAL_SURFACE('',#10398,0.25);
#10398 = AXIS2_PLACEMENT_3D('',#10399,#10400,#10401);
#10399 = CARTESIAN_POINT('',(-4.25,-6.25,-13.25));
#10400 = DIRECTION('',(-1.,1.120044901847E-10,-9.391792898938E-11));
#10401 = DIRECTION('',(9.391792898938E-11,6.938893903907E-15,-1.));
#10402 = ADVANCED_FACE('',(#10403),#10422,.T.);
#10403 = FACE_BOUND('',#10404,.T.);
#10404 = EDGE_LOOP('',(#10405,#10414,#10415));
#10405 = ORIENTED_EDGE('',*,*,#10406,.F.);
#10406 = EDGE_CURVE('',#10006,#10407,#10409,.T.);
#10407 = VERTEX_POINT('',#10408);
#10408 = CARTESIAN_POINT('',(4.25,-6.5,-0.25));
#10409 = CIRCLE('',#10410,0.25);
#10410 = AXIS2_PLACEMENT_3D('',#10411,#10412,#10413);
#10411 = CARTESIAN_POINT('',(4.25,-6.25,-0.25));
#10412 = DIRECTION('',(0.,0.,-1.));
#10413 = DIRECTION('',(-1.,0.,0.));
#10414 = ORIENTED_EDGE('',*,*,#10005,.T.);
#10415 = ORIENTED_EDGE('',*,*,#10416,.F.);
#10416 = EDGE_CURVE('',#10407,#10008,#10417,.T.);
#10417 = CIRCLE('',#10418,0.25);
#10418 = AXIS2_PLACEMENT_3D('',#10419,#10420,#10421);
#10419 = CARTESIAN_POINT('',(4.25,-6.25,-0.25));
#10420 = DIRECTION('',(-1.,0.,-0.));
#10421 = DIRECTION('',(0.,3.469446951954E-15,-1.));
#10422 = SPHERICAL_SURFACE('',#10423,0.25);
#10423 = AXIS2_PLACEMENT_3D('',#10424,#10425,#10426);
#10424 = CARTESIAN_POINT('',(4.25,-6.25,-0.25));
#10425 = DIRECTION('',(5.922716418532E-15,4.109710085112E-29,1.));
#10426 = DIRECTION('',(6.938893903907E-15,-1.,0.));
#10427 = ADVANCED_FACE('',(#10428,#10432),#10443,.T.);
#10428 = FACE_BOUND('',#10429,.T.);
#10429 = EDGE_LOOP('',(#10430,#10431));
#10430 = ORIENTED_EDGE('',*,*,#340,.T.);
#10431 = ORIENTED_EDGE('',*,*,#897,.T.);
#10432 = FACE_BOUND('',#10433,.T.);
#10433 = EDGE_LOOP('',(#10434,#10435,#10441,#10442));
#10434 = ORIENTED_EDGE('',*,*,#10072,.T.);
#10435 = ORIENTED_EDGE('',*,*,#10436,.F.);
#10436 = EDGE_CURVE('',#10008,#10064,#10437,.T.);
#10437 = LINE('',#10438,#10439);
#10438 = CARTESIAN_POINT('',(-4.42,-6.25,0.));
#10439 = VECTOR('',#10440,1.);
#10440 = DIRECTION('',(-1.,-0.,-0.));
#10441 = ORIENTED_EDGE('',*,*,#10023,.T.);
#10442 = ORIENTED_EDGE('',*,*,#10038,.T.);
#10443 = PLANE('',#10444);
#10444 = AXIS2_PLACEMENT_3D('',#10445,#10446,#10447);
#10445 = CARTESIAN_POINT('',(0.,-1.,0.));
#10446 = DIRECTION('',(0.,0.,1.));
#10447 = DIRECTION('',(1.,0.,-0.));
#10448 = ADVANCED_FACE('',(#10449),#10468,.T.);
#10449 = FACE_BOUND('',#10450,.T.);
#10450 = EDGE_LOOP('',(#10451,#10460,#10467));
#10451 = ORIENTED_EDGE('',*,*,#10452,.F.);
#10452 = EDGE_CURVE('',#10453,#10056,#10455,.T.);
#10453 = VERTEX_POINT('',#10454);
#10454 = CARTESIAN_POINT('',(-4.249999999997,-6.5,-0.25));
#10455 = CIRCLE('',#10456,0.25);
#10456 = AXIS2_PLACEMENT_3D('',#10457,#10458,#10459);
#10457 = CARTESIAN_POINT('',(-4.25,-6.25,-0.25));
#10458 = DIRECTION('',(0.,0.,-1.));
#10459 = DIRECTION('',(-1.,0.,0.));
#10460 = ORIENTED_EDGE('',*,*,#10461,.F.);
#10461 = EDGE_CURVE('',#10064,#10453,#10462,.T.);
#10462 = CIRCLE('',#10463,0.25);
#10463 = AXIS2_PLACEMENT_3D('',#10464,#10465,#10466);
#10464 = CARTESIAN_POINT('',(-4.25,-6.25,-0.25));
#10465 = DIRECTION('',(1.,0.,0.));
#10466 = DIRECTION('',(0.,0.,-1.));
#10467 = ORIENTED_EDGE('',*,*,#10063,.F.);
#10468 = SPHERICAL_SURFACE('',#10469,0.25);
#10469 = AXIS2_PLACEMENT_3D('',#10470,#10471,#10472);
#10470 = CARTESIAN_POINT('',(-4.25,-6.25,-0.25));
#10471 = DIRECTION('',(0.,-0.,1.));
#10472 = DIRECTION('',(-1.,0.,0.));
#10473 = ADVANCED_FACE('',(#10474,#10478),#10482,.F.);
#10474 = FACE_BOUND('',#10475,.T.);
#10475 = EDGE_LOOP('',(#10476,#10477));
#10476 = ORIENTED_EDGE('',*,*,#840,.F.);
#10477 = ORIENTED_EDGE('',*,*,#475,.F.);
#10478 = FACE_BOUND('',#10479,.T.);
#10479 = EDGE_LOOP('',(#10480,#10481));
#10480 = ORIENTED_EDGE('',*,*,#881,.T.);
#10481 = ORIENTED_EDGE('',*,*,#399,.T.);
#10482 = PLANE('',#10483);
#10483 = AXIS2_PLACEMENT_3D('',#10484,#10485,#10486);
#10484 = CARTESIAN_POINT('',(0.,-6.,-5.));
#10485 = DIRECTION('',(0.,1.,0.));
#10486 = DIRECTION('',(0.,-0.,1.));
#10487 = ADVANCED_FACE('',(#10488),#10507,.T.);
#10488 = FACE_BOUND('',#10489,.T.);
#10489 = EDGE_LOOP('',(#10490,#10499,#10500,#10501));
#10490 = ORIENTED_EDGE('',*,*,#10491,.T.);
#10491 = EDGE_CURVE('',#10492,#10113,#10494,.T.);
#10492 = VERTEX_POINT('',#10493);
#10493 = CARTESIAN_POINT('',(4.25,-6.5,-14.9));
#10494 = CIRCLE('',#10495,0.25);
#10495 = AXIS2_PLACEMENT_3D('',#10496,#10497,#10498);
#10496 = CARTESIAN_POINT('',(4.25,-6.25,-14.9));
#10497 = DIRECTION('',(0.,0.,1.));
#10498 = DIRECTION('',(-1.,0.,0.));
#10499 = ORIENTED_EDGE('',*,*,#10112,.T.);
#10500 = ORIENTED_EDGE('',*,*,#10406,.T.);
#10501 = ORIENTED_EDGE('',*,*,#10502,.T.);
#10502 = EDGE_CURVE('',#10407,#10492,#10503,.T.);
#10503 = LINE('',#10504,#10505);
#10504 = CARTESIAN_POINT('',(4.25,-6.5,-6.125));
#10505 = VECTOR('',#10506,1.);
#10506 = DIRECTION('',(-0.,-0.,-1.));
#10507 = CYLINDRICAL_SURFACE('',#10508,0.25);
#10508 = AXIS2_PLACEMENT_3D('',#10509,#10510,#10511);
#10509 = CARTESIAN_POINT('',(4.25,-6.25,-1.5E-02));
#10510 = DIRECTION('',(0.,0.,-1.));
#10511 = DIRECTION('',(-1.,0.,0.));
#10512 = ADVANCED_FACE('',(#10513),#10525,.F.);
#10513 = FACE_BOUND('',#10514,.T.);
#10514 = EDGE_LOOP('',(#10515,#10516,#10517,#10518,#10519));
#10515 = ORIENTED_EDGE('',*,*,#10170,.F.);
#10516 = ORIENTED_EDGE('',*,*,#10155,.F.);
#10517 = ORIENTED_EDGE('',*,*,#10120,.F.);
#10518 = ORIENTED_EDGE('',*,*,#10491,.F.);
#10519 = ORIENTED_EDGE('',*,*,#10520,.T.);
#10520 = EDGE_CURVE('',#10492,#10171,#10521,.T.);
#10521 = LINE('',#10522,#10523);
#10522 = CARTESIAN_POINT('',(0.,-6.5,-14.9));
#10523 = VECTOR('',#10524,1.);
#10524 = DIRECTION('',(-1.,-0.,-0.));
#10525 = PLANE('',#10526);
#10526 = AXIS2_PLACEMENT_3D('',#10527,#10528,#10529);
#10527 = CARTESIAN_POINT('',(3.,-4.8,-14.9));
#10528 = DIRECTION('',(0.,0.,1.));
#10529 = DIRECTION('',(1.,0.,-0.));
#10530 = ADVANCED_FACE('',(#10531),#10542,.T.);
#10531 = FACE_BOUND('',#10532,.T.);
#10532 = EDGE_LOOP('',(#10533,#10534,#10535,#10536));
#10533 = ORIENTED_EDGE('',*,*,#10229,.T.);
#10534 = ORIENTED_EDGE('',*,*,#10215,.T.);
#10535 = ORIENTED_EDGE('',*,*,#10186,.T.);
#10536 = ORIENTED_EDGE('',*,*,#10537,.T.);
#10537 = EDGE_CURVE('',#10179,#10230,#10538,.T.);
#10538 = LINE('',#10539,#10540);
#10539 = CARTESIAN_POINT('',(0.,-6.5,-13.25));
#10540 = VECTOR('',#10541,1.);
#10541 = DIRECTION('',(-1.,-0.,-0.));
#10542 = CYLINDRICAL_SURFACE('',#10543,0.25);
#10543 = AXIS2_PLACEMENT_3D('',#10544,#10545,#10546);
#10544 = CARTESIAN_POINT('',(1.518819660113,-6.25,-13.25));
#10545 = DIRECTION('',(-1.,0.,0.));
#10546 = DIRECTION('',(0.,0.,1.));
#10547 = ADVANCED_FACE('',(#10548),#10567,.T.);
#10548 = FACE_BOUND('',#10549,.T.);
#10549 = EDGE_LOOP('',(#10550,#10558,#10565,#10566));
#10550 = ORIENTED_EDGE('',*,*,#10551,.T.);
#10551 = EDGE_CURVE('',#10230,#10552,#10554,.T.);
#10552 = VERTEX_POINT('',#10553);
#10553 = CARTESIAN_POINT('',(0.559016994375,-6.5,-12.));
#10554 = LINE('',#10555,#10556);
#10555 = CARTESIAN_POINT('',(0.559016994375,-6.5,-6.125));
#10556 = VECTOR('',#10557,1.);
#10557 = DIRECTION('',(0.,0.,1.));
#10558 = ORIENTED_EDGE('',*,*,#10559,.T.);
#10559 = EDGE_CURVE('',#10552,#10263,#10560,.T.);
#10560 = CIRCLE('',#10561,0.25);
#10561 = AXIS2_PLACEMENT_3D('',#10562,#10563,#10564);
#10562 = CARTESIAN_POINT('',(0.559016994375,-6.25,-12.));
#10563 = DIRECTION('',(0.,0.,-1.));
#10564 = DIRECTION('',(-1.,0.,0.));
#10565 = ORIENTED_EDGE('',*,*,#10271,.T.);
#10566 = ORIENTED_EDGE('',*,*,#10238,.T.);
#10567 = CYLINDRICAL_SURFACE('',#10568,0.25);
#10568 = AXIS2_PLACEMENT_3D('',#10569,#10570,#10571);
#10569 = CARTESIAN_POINT('',(0.559016994375,-6.25,-11.975));
#10570 = DIRECTION('',(0.,0.,-1.));
#10571 = DIRECTION('',(-1.,0.,0.));
#10572 = ADVANCED_FACE('',(#10573),#10592,.F.);
#10573 = FACE_BOUND('',#10574,.T.);
#10574 = EDGE_LOOP('',(#10575,#10584,#10585,#10586));
#10575 = ORIENTED_EDGE('',*,*,#10576,.F.);
#10576 = EDGE_CURVE('',#10255,#10577,#10579,.T.);
#10577 = VERTEX_POINT('',#10578);
#10578 = CARTESIAN_POINT('',(-0.559016994375,-6.5,-12.));
#10579 = CIRCLE('',#10580,0.25);
#10580 = AXIS2_PLACEMENT_3D('',#10581,#10582,#10583);
#10581 = CARTESIAN_POINT('',(-0.559016994375,-6.25,-12.));
#10582 = DIRECTION('',(0.,0.,-1.));
#10583 = DIRECTION('',(1.,0.,0.));
#10584 = ORIENTED_EDGE('',*,*,#10262,.F.);
#10585 = ORIENTED_EDGE('',*,*,#10559,.F.);
#10586 = ORIENTED_EDGE('',*,*,#10587,.T.);
#10587 = EDGE_CURVE('',#10552,#10577,#10588,.T.);
#10588 = LINE('',#10589,#10590);
#10589 = CARTESIAN_POINT('',(0.,-6.5,-12.));
#10590 = VECTOR('',#10591,1.);
#10591 = DIRECTION('',(-1.,-0.,-0.));
#10592 = PLANE('',#10593);
#10593 = AXIS2_PLACEMENT_3D('',#10594,#10595,#10596);
#10594 = CARTESIAN_POINT('',(0.,-1.298198816269,-12.));
#10595 = DIRECTION('',(0.,0.,1.));
#10596 = DIRECTION('',(1.,0.,-0.));
#10597 = ADVANCED_FACE('',(#10598),#10609,.T.);
#10598 = FACE_BOUND('',#10599,.T.);
#10599 = EDGE_LOOP('',(#10600,#10601,#10602,#10608));
#10600 = ORIENTED_EDGE('',*,*,#10254,.T.);
#10601 = ORIENTED_EDGE('',*,*,#10576,.T.);
#10602 = ORIENTED_EDGE('',*,*,#10603,.T.);
#10603 = EDGE_CURVE('',#10577,#10287,#10604,.T.);
#10604 = LINE('',#10605,#10606);
#10605 = CARTESIAN_POINT('',(-0.559016994375,-6.5,-6.125));
#10606 = VECTOR('',#10607,1.);
#10607 = DIRECTION('',(-0.,-0.,-1.));
#10608 = ORIENTED_EDGE('',*,*,#10296,.T.);
#10609 = CYLINDRICAL_SURFACE('',#10610,0.25);
#10610 = AXIS2_PLACEMENT_3D('',#10611,#10612,#10613);
#10611 = CARTESIAN_POINT('',(-0.559016994375,-6.25,-13.275));
#10612 = DIRECTION('',(0.,0.,1.));
#10613 = DIRECTION('',(1.,0.,-0.));
#10614 = ADVANCED_FACE('',(#10615),#10626,.T.);
#10615 = FACE_BOUND('',#10616,.T.);
#10616 = EDGE_LOOP('',(#10617,#10618,#10619,#10620));
#10617 = ORIENTED_EDGE('',*,*,#10381,.T.);
#10618 = ORIENTED_EDGE('',*,*,#10314,.T.);
#10619 = ORIENTED_EDGE('',*,*,#10286,.T.);
#10620 = ORIENTED_EDGE('',*,*,#10621,.T.);
#10621 = EDGE_CURVE('',#10287,#10382,#10622,.T.);
#10622 = LINE('',#10623,#10624);
#10623 = CARTESIAN_POINT('',(-0.485197334262,-6.5,-13.25));
#10624 = VECTOR('',#10625,1.);
#10625 = DIRECTION('',(-1.,0.,0.));
#10626 = CYLINDRICAL_SURFACE('',#10627,0.25);
#10627 = AXIS2_PLACEMENT_3D('',#10628,#10629,#10630);
#10628 = CARTESIAN_POINT('',(-0.485197334262,-6.25,-13.25));
#10629 = DIRECTION('',(-1.,0.,0.));
#10630 = DIRECTION('',(0.,0.,1.));
#10631 = ADVANCED_FACE('',(#10632),#10643,.T.);
#10632 = FACE_BOUND('',#10633,.T.);
#10633 = EDGE_LOOP('',(#10634,#10640,#10641,#10642));
#10634 = ORIENTED_EDGE('',*,*,#10635,.T.);
#10635 = EDGE_CURVE('',#10382,#10453,#10636,.T.);
#10636 = LINE('',#10637,#10638);
#10637 = CARTESIAN_POINT('',(-4.25000000001,-6.5,-6.125));
#10638 = VECTOR('',#10639,1.);
#10639 = DIRECTION('',(0.,0.,1.));
#10640 = ORIENTED_EDGE('',*,*,#10452,.T.);
#10641 = ORIENTED_EDGE('',*,*,#10351,.T.);
#10642 = ORIENTED_EDGE('',*,*,#10390,.T.);
#10643 = CYLINDRICAL_SURFACE('',#10644,0.25);
#10644 = AXIS2_PLACEMENT_3D('',#10645,#10646,#10647);
#10645 = CARTESIAN_POINT('',(-4.25,-6.25,-1.5E-02));
#10646 = DIRECTION('',(0.,0.,-1.));
#10647 = DIRECTION('',(-1.,0.,0.));
#10648 = ADVANCED_FACE('',(#10649),#10660,.T.);
#10649 = FACE_BOUND('',#10650,.T.);
#10650 = EDGE_LOOP('',(#10651,#10652,#10658,#10659));
#10651 = ORIENTED_EDGE('',*,*,#10461,.T.);
#10652 = ORIENTED_EDGE('',*,*,#10653,.T.);
#10653 = EDGE_CURVE('',#10453,#10407,#10654,.T.);
#10654 = LINE('',#10655,#10656);
#10655 = CARTESIAN_POINT('',(0.,-6.5,-0.25));
#10656 = VECTOR('',#10657,1.);
#10657 = DIRECTION('',(1.,0.,0.));
#10658 = ORIENTED_EDGE('',*,*,#10416,.T.);
#10659 = ORIENTED_EDGE('',*,*,#10436,.T.);
#10660 = CYLINDRICAL_SURFACE('',#10661,0.25);
#10661 = AXIS2_PLACEMENT_3D('',#10662,#10663,#10664);
#10662 = CARTESIAN_POINT('',(-4.42,-6.25,-0.25));
#10663 = DIRECTION('',(1.,0.,0.));
#10664 = DIRECTION('',(0.,0.,-1.));
#10665 = ADVANCED_FACE('',(#10666,#10670,#10674),#10686,.F.);
#10666 = FACE_BOUND('',#10667,.T.);
#10667 = EDGE_LOOP('',(#10668,#10669));
#10668 = ORIENTED_EDGE('',*,*,#858,.F.);
#10669 = ORIENTED_EDGE('',*,*,#433,.F.);
#10670 = FACE_BOUND('',#10671,.T.);
#10671 = EDGE_LOOP('',(#10672,#10673));
#10672 = ORIENTED_EDGE('',*,*,#873,.F.);
#10673 = ORIENTED_EDGE('',*,*,#382,.F.);
#10674 = FACE_BOUND('',#10675,.T.);
#10675 = EDGE_LOOP('',(#10676,#10677,#10678,#10679,#10680,#10681,#10682,
    #10683,#10684,#10685));
#10676 = ORIENTED_EDGE('',*,*,#10653,.F.);
#10677 = ORIENTED_EDGE('',*,*,#10635,.F.);
#10678 = ORIENTED_EDGE('',*,*,#10621,.F.);
#10679 = ORIENTED_EDGE('',*,*,#10603,.F.);
#10680 = ORIENTED_EDGE('',*,*,#10587,.F.);
#10681 = ORIENTED_EDGE('',*,*,#10551,.F.);
#10682 = ORIENTED_EDGE('',*,*,#10537,.F.);
#10683 = ORIENTED_EDGE('',*,*,#10178,.T.);
#10684 = ORIENTED_EDGE('',*,*,#10520,.F.);
#10685 = ORIENTED_EDGE('',*,*,#10502,.F.);
#10686 = PLANE('',#10687);
#10687 = AXIS2_PLACEMENT_3D('',#10688,#10689,#10690);
#10688 = CARTESIAN_POINT('',(0.,-6.5,-6.125));
#10689 = DIRECTION('',(0.,1.,0.));
#10690 = DIRECTION('',(0.,-0.,1.));
#10691 = ADVANCED_FACE('',(#10692),#10696,.F.);
#10692 = FACE_BOUND('',#10693,.T.);
#10693 = EDGE_LOOP('',(#10694,#10695));
#10694 = ORIENTED_EDGE('',*,*,#814,.T.);
#10695 = ORIENTED_EDGE('',*,*,#498,.T.);
#10696 = PLANE('',#10697);
#10697 = AXIS2_PLACEMENT_3D('',#10698,#10699,#10700);
#10698 = CARTESIAN_POINT('',(0.,-7.3,-9.5));
#10699 = DIRECTION('',(0.,1.,0.));
#10700 = DIRECTION('',(0.,-0.,1.));
#10701 = ADVANCED_FACE('',(#10702),#10706,.T.);
#10702 = FACE_BOUND('',#10703,.T.);
#10703 = EDGE_LOOP('',(#10704,#10705));
#10704 = ORIENTED_EDGE('',*,*,#542,.T.);
#10705 = ORIENTED_EDGE('',*,*,#798,.T.);
#10706 = PLANE('',#10707);
#10707 = AXIS2_PLACEMENT_3D('',#10708,#10709,#10710);
#10708 = CARTESIAN_POINT('',(0.,-7.3,-5.));
#10709 = DIRECTION('',(0.,-1.,0.));
#10710 = DIRECTION('',(0.,0.,-1.));
#10711 = ADVANCED_FACE('',(#10712),#10723,.T.);
#10712 = FACE_BOUND('',#10713,.T.);
#10713 = EDGE_LOOP('',(#10714,#10715,#10721,#10722));
#10714 = ORIENTED_EDGE('',*,*,#6973,.F.);
#10715 = ORIENTED_EDGE('',*,*,#10716,.F.);
#10716 = EDGE_CURVE('',#3828,#6966,#10717,.T.);
#10717 = LINE('',#10718,#10719);
#10718 = CARTESIAN_POINT('',(6.15,-6.2,-4.55));
#10719 = VECTOR('',#10720,1.);
#10720 = DIRECTION('',(0.,-1.,0.));
#10721 = ORIENTED_EDGE('',*,*,#3827,.T.);
#10722 = ORIENTED_EDGE('',*,*,#8822,.T.);
#10723 = CYLINDRICAL_SURFACE('',#10724,0.3);
#10724 = AXIS2_PLACEMENT_3D('',#10725,#10726,#10727);
#10725 = CARTESIAN_POINT('',(5.85,-6.2,-4.55));
#10726 = DIRECTION('',(0.,-1.,0.));
#10727 = DIRECTION('',(0.,0.,-1.));
#10728 = ADVANCED_FACE('',(#10729),#10740,.T.);
#10729 = FACE_BOUND('',#10730,.T.);
#10730 = EDGE_LOOP('',(#10731,#10732,#10738,#10739));
#10731 = ORIENTED_EDGE('',*,*,#6965,.F.);
#10732 = ORIENTED_EDGE('',*,*,#10733,.F.);
#10733 = EDGE_CURVE('',#3837,#6957,#10734,.T.);
#10734 = LINE('',#10735,#10736);
#10735 = CARTESIAN_POINT('',(6.15,-6.2,-5.45));
#10736 = VECTOR('',#10737,1.);
#10737 = DIRECTION('',(0.,-1.,0.));
#10738 = ORIENTED_EDGE('',*,*,#3836,.T.);
#10739 = ORIENTED_EDGE('',*,*,#10716,.T.);
#10740 = PLANE('',#10741);
#10741 = AXIS2_PLACEMENT_3D('',#10742,#10743,#10744);
#10742 = CARTESIAN_POINT('',(6.15,-6.2,-5.45));
#10743 = DIRECTION('',(1.,0.,0.));
#10744 = DIRECTION('',(0.,0.,-1.));
#10745 = ADVANCED_FACE('',(#10746),#10752,.T.);
#10746 = FACE_BOUND('',#10747,.T.);
#10747 = EDGE_LOOP('',(#10748,#10749,#10750,#10751));
#10748 = ORIENTED_EDGE('',*,*,#6956,.F.);
#10749 = ORIENTED_EDGE('',*,*,#8758,.F.);
#10750 = ORIENTED_EDGE('',*,*,#3844,.T.);
#10751 = ORIENTED_EDGE('',*,*,#10733,.T.);
#10752 = CYLINDRICAL_SURFACE('',#10753,0.3);
#10753 = AXIS2_PLACEMENT_3D('',#10754,#10755,#10756);
#10754 = CARTESIAN_POINT('',(5.85,-6.2,-5.45));
#10755 = DIRECTION('',(0.,-1.,0.));
#10756 = DIRECTION('',(0.,0.,-1.));
#10757 = ADVANCED_FACE('',(#10758),#10769,.T.);
#10758 = FACE_BOUND('',#10759,.T.);
#10759 = EDGE_LOOP('',(#10760,#10761,#10767,#10768));
#10760 = ORIENTED_EDGE('',*,*,#6706,.F.);
#10761 = ORIENTED_EDGE('',*,*,#10762,.F.);
#10762 = EDGE_CURVE('',#4286,#6699,#10763,.T.);
#10763 = LINE('',#10764,#10765);
#10764 = CARTESIAN_POINT('',(6.15,-6.2,-10.55));
#10765 = VECTOR('',#10766,1.);
#10766 = DIRECTION('',(0.,-1.,0.));
#10767 = ORIENTED_EDGE('',*,*,#4285,.T.);
#10768 = ORIENTED_EDGE('',*,*,#8641,.T.);
#10769 = CYLINDRICAL_SURFACE('',#10770,0.3);
#10770 = AXIS2_PLACEMENT_3D('',#10771,#10772,#10773);
#10771 = CARTESIAN_POINT('',(5.85,-6.2,-10.55));
#10772 = DIRECTION('',(0.,-1.,0.));
#10773 = DIRECTION('',(0.,0.,-1.));
#10774 = ADVANCED_FACE('',(#10775),#10786,.T.);
#10775 = FACE_BOUND('',#10776,.T.);
#10776 = EDGE_LOOP('',(#10777,#10778,#10784,#10785));
#10777 = ORIENTED_EDGE('',*,*,#6698,.F.);
#10778 = ORIENTED_EDGE('',*,*,#10779,.F.);
#10779 = EDGE_CURVE('',#4295,#6690,#10780,.T.);
#10780 = LINE('',#10781,#10782);
#10781 = CARTESIAN_POINT('',(6.15,-6.2,-11.45));
#10782 = VECTOR('',#10783,1.);
#10783 = DIRECTION('',(0.,-1.,0.));
#10784 = ORIENTED_EDGE('',*,*,#4294,.T.);
#10785 = ORIENTED_EDGE('',*,*,#10762,.T.);
#10786 = PLANE('',#10787);
#10787 = AXIS2_PLACEMENT_3D('',#10788,#10789,#10790);
#10788 = CARTESIAN_POINT('',(6.15,-6.2,-11.45));
#10789 = DIRECTION('',(1.,0.,0.));
#10790 = DIRECTION('',(0.,0.,-1.));
#10791 = ADVANCED_FACE('',(#10792),#10798,.T.);
#10792 = FACE_BOUND('',#10793,.T.);
#10793 = EDGE_LOOP('',(#10794,#10795,#10796,#10797));
#10794 = ORIENTED_EDGE('',*,*,#6689,.F.);
#10795 = ORIENTED_EDGE('',*,*,#8575,.F.);
#10796 = ORIENTED_EDGE('',*,*,#4302,.T.);
#10797 = ORIENTED_EDGE('',*,*,#10779,.T.);
#10798 = CYLINDRICAL_SURFACE('',#10799,0.3);
#10799 = AXIS2_PLACEMENT_3D('',#10800,#10801,#10802);
#10800 = CARTESIAN_POINT('',(5.85,-6.2,-11.45));
#10801 = DIRECTION('',(0.,-1.,0.));
#10802 = DIRECTION('',(0.,0.,-1.));
#10803 = ADVANCED_FACE('',(#10804),#10815,.T.);
#10804 = FACE_BOUND('',#10805,.T.);
#10805 = EDGE_LOOP('',(#10806,#10807,#10813,#10814));
#10806 = ORIENTED_EDGE('',*,*,#8078,.F.);
#10807 = ORIENTED_EDGE('',*,*,#10808,.F.);
#10808 = EDGE_CURVE('',#4412,#8071,#10809,.T.);
#10809 = LINE('',#10810,#10811);
#10810 = CARTESIAN_POINT('',(-6.45,-6.1,-5.55));
#10811 = VECTOR('',#10812,1.);
#10812 = DIRECTION('',(0.,-1.,0.));
#10813 = ORIENTED_EDGE('',*,*,#4411,.T.);
#10814 = ORIENTED_EDGE('',*,*,#8111,.T.);
#10815 = CYLINDRICAL_SURFACE('',#10816,0.2);
#10816 = AXIS2_PLACEMENT_3D('',#10817,#10818,#10819);
#10817 = CARTESIAN_POINT('',(-6.25,-6.1,-5.55));
#10818 = DIRECTION('',(0.,-1.,0.));
#10819 = DIRECTION('',(0.,0.,-1.));
#10820 = ADVANCED_FACE('',(#10821),#10832,.T.);
#10821 = FACE_BOUND('',#10822,.T.);
#10822 = EDGE_LOOP('',(#10823,#10824,#10830,#10831));
#10823 = ORIENTED_EDGE('',*,*,#8070,.F.);
#10824 = ORIENTED_EDGE('',*,*,#10825,.F.);
#10825 = EDGE_CURVE('',#4421,#8062,#10826,.T.);
#10826 = LINE('',#10827,#10828);
#10827 = CARTESIAN_POINT('',(-6.45,-6.1,-4.45));
#10828 = VECTOR('',#10829,1.);
#10829 = DIRECTION('',(0.,-1.,0.));
#10830 = ORIENTED_EDGE('',*,*,#4420,.T.);
#10831 = ORIENTED_EDGE('',*,*,#10808,.T.);
#10832 = PLANE('',#10833);
#10833 = AXIS2_PLACEMENT_3D('',#10834,#10835,#10836);
#10834 = CARTESIAN_POINT('',(-6.45,-6.1,-5.55));
#10835 = DIRECTION('',(-1.,0.,0.));
#10836 = DIRECTION('',(0.,0.,1.));
#10837 = ADVANCED_FACE('',(#10838),#10844,.T.);
#10838 = FACE_BOUND('',#10839,.T.);
#10839 = EDGE_LOOP('',(#10840,#10841,#10842,#10843));
#10840 = ORIENTED_EDGE('',*,*,#8061,.F.);
#10841 = ORIENTED_EDGE('',*,*,#9789,.F.);
#10842 = ORIENTED_EDGE('',*,*,#4428,.T.);
#10843 = ORIENTED_EDGE('',*,*,#10825,.T.);
#10844 = CYLINDRICAL_SURFACE('',#10845,0.2);
#10845 = AXIS2_PLACEMENT_3D('',#10846,#10847,#10848);
#10846 = CARTESIAN_POINT('',(-6.25,-6.1,-4.45));
#10847 = DIRECTION('',(0.,-1.,0.));
#10848 = DIRECTION('',(0.,0.,-1.));
#10849 = ADVANCED_FACE('',(#10850),#10861,.T.);
#10850 = FACE_BOUND('',#10851,.T.);
#10851 = EDGE_LOOP('',(#10852,#10853,#10859,#10860));
#10852 = ORIENTED_EDGE('',*,*,#7801,.F.);
#10853 = ORIENTED_EDGE('',*,*,#10854,.F.);
#10854 = EDGE_CURVE('',#4354,#7794,#10855,.T.);
#10855 = LINE('',#10856,#10857);
#10856 = CARTESIAN_POINT('',(-6.45,-6.1,-11.55));
#10857 = VECTOR('',#10858,1.);
#10858 = DIRECTION('',(0.,-1.,0.));
#10859 = ORIENTED_EDGE('',*,*,#4353,.T.);
#10860 = ORIENTED_EDGE('',*,*,#7842,.T.);
#10861 = CYLINDRICAL_SURFACE('',#10862,0.2);
#10862 = AXIS2_PLACEMENT_3D('',#10863,#10864,#10865);
#10863 = CARTESIAN_POINT('',(-6.25,-6.1,-11.55));
#10864 = DIRECTION('',(0.,-1.,0.));
#10865 = DIRECTION('',(0.,0.,-1.));
#10866 = ADVANCED_FACE('',(#10867),#10878,.T.);
#10867 = FACE_BOUND('',#10868,.T.);
#10868 = EDGE_LOOP('',(#10869,#10870,#10876,#10877));
#10869 = ORIENTED_EDGE('',*,*,#7793,.F.);
#10870 = ORIENTED_EDGE('',*,*,#10871,.F.);
#10871 = EDGE_CURVE('',#4363,#7785,#10872,.T.);
#10872 = LINE('',#10873,#10874);
#10873 = CARTESIAN_POINT('',(-6.45,-6.1,-10.45));
#10874 = VECTOR('',#10875,1.);
#10875 = DIRECTION('',(0.,-1.,0.));
#10876 = ORIENTED_EDGE('',*,*,#4362,.T.);
#10877 = ORIENTED_EDGE('',*,*,#10854,.T.);
#10878 = PLANE('',#10879);
#10879 = AXIS2_PLACEMENT_3D('',#10880,#10881,#10882);
#10880 = CARTESIAN_POINT('',(-6.45,-6.1,-11.55));
#10881 = DIRECTION('',(-1.,0.,0.));
#10882 = DIRECTION('',(0.,0.,1.));
#10883 = ADVANCED_FACE('',(#10884),#10890,.T.);
#10884 = FACE_BOUND('',#10885,.T.);
#10885 = EDGE_LOOP('',(#10886,#10887,#10888,#10889));
#10886 = ORIENTED_EDGE('',*,*,#7784,.F.);
#10887 = ORIENTED_EDGE('',*,*,#7866,.F.);
#10888 = ORIENTED_EDGE('',*,*,#4370,.T.);
#10889 = ORIENTED_EDGE('',*,*,#10871,.T.);
#10890 = CYLINDRICAL_SURFACE('',#10891,0.2);
#10891 = AXIS2_PLACEMENT_3D('',#10892,#10893,#10894);
#10892 = CARTESIAN_POINT('',(-6.25,-6.1,-10.45));
#10893 = DIRECTION('',(0.,-1.,0.));
#10894 = DIRECTION('',(0.,0.,-1.));
#10895 = ADVANCED_FACE('',(#10896,#10900),#10904,.T.);
#10896 = FACE_BOUND('',#10897,.T.);
#10897 = EDGE_LOOP('',(#10898,#10899));
#10898 = ORIENTED_EDGE('',*,*,#774,.F.);
#10899 = ORIENTED_EDGE('',*,*,#585,.F.);
#10900 = FACE_BOUND('',#10901,.T.);
#10901 = EDGE_LOOP('',(#10902,#10903));
#10902 = ORIENTED_EDGE('',*,*,#651,.F.);
#10903 = ORIENTED_EDGE('',*,*,#692,.F.);
#10904 = PLANE('',#10905);
#10905 = AXIS2_PLACEMENT_3D('',#10906,#10907,#10908);
#10906 = CARTESIAN_POINT('',(-2.39808173319E-14,0.376558896544,-9.5));
#10907 = DIRECTION('',(0.,0.,1.));
#10908 = DIRECTION('',(1.,0.,-0.));
#10909 = ORIENTED_CLOSED_SHELL('',*,#10910,.F.);
#10910 = CLOSED_SHELL('',(#10911,#10953,#10995,#11037,#11079,#11121,
    #11243,#11276,#11300,#11324,#11348,#11372,#11390,#11404,#11418,
    #11432,#11448));
#10911 = ADVANCED_FACE('',(#10912),#10948,.F.);
#10912 = FACE_BOUND('',#10913,.F.);
#10913 = EDGE_LOOP('',(#10914,#10925,#10933,#10942));
#10914 = ORIENTED_EDGE('',*,*,#10915,.T.);
#10915 = EDGE_CURVE('',#10916,#10918,#10920,.T.);
#10916 = VERTEX_POINT('',#10917);
#10917 = CARTESIAN_POINT('',(-1.5,0.,-12.));
#10918 = VERTEX_POINT('',#10919);
#10919 = CARTESIAN_POINT('',(1.5,1.836970198721E-16,-12.));
#10920 = CIRCLE('',#10921,1.5);
#10921 = AXIS2_PLACEMENT_3D('',#10922,#10923,#10924);
#10922 = CARTESIAN_POINT('',(0.,0.,-12.));
#10923 = DIRECTION('',(0.,0.,-1.));
#10924 = DIRECTION('',(-1.,0.,0.));
#10925 = ORIENTED_EDGE('',*,*,#10926,.T.);
#10926 = EDGE_CURVE('',#10918,#10927,#10929,.T.);
#10927 = VERTEX_POINT('',#10928);
#10928 = CARTESIAN_POINT('',(1.500000000001,2.650121828086E-16,-12.35));
#10929 = LINE('',#10930,#10931);
#10930 = CARTESIAN_POINT('',(1.5,1.836970198721E-16,-11.97643168228));
#10931 = VECTOR('',#10932,1.);
#10932 = DIRECTION('',(0.,0.,-1.));
#10933 = ORIENTED_EDGE('',*,*,#10934,.T.);
#10934 = EDGE_CURVE('',#10927,#10935,#10937,.T.);
#10935 = VERTEX_POINT('',#10936);
#10936 = CARTESIAN_POINT('',(-1.500000000001,8.131516293641E-17,-12.35)
  );
#10937 = CIRCLE('',#10938,1.5);
#10938 = AXIS2_PLACEMENT_3D('',#10939,#10940,#10941);
#10939 = CARTESIAN_POINT('',(0.,0.,-12.35));
#10940 = DIRECTION('',(0.,0.,1.));
#10941 = DIRECTION('',(-1.,0.,0.));
#10942 = ORIENTED_EDGE('',*,*,#10943,.F.);
#10943 = EDGE_CURVE('',#10916,#10935,#10944,.T.);
#10944 = LINE('',#10945,#10946);
#10945 = CARTESIAN_POINT('',(-1.5,0.,-11.97643168228));
#10946 = VECTOR('',#10947,1.);
#10947 = DIRECTION('',(0.,0.,-1.));
#10948 = CYLINDRICAL_SURFACE('',#10949,1.5);
#10949 = AXIS2_PLACEMENT_3D('',#10950,#10951,#10952);
#10950 = CARTESIAN_POINT('',(0.,0.,-11.97643168228));
#10951 = DIRECTION('',(0.,0.,-1.));
#10952 = DIRECTION('',(-1.,0.,0.));
#10953 = ADVANCED_FACE('',(#10954),#10990,.T.);
#10954 = FACE_BOUND('',#10955,.T.);
#10955 = EDGE_LOOP('',(#10956,#10966,#10975,#10983));
#10956 = ORIENTED_EDGE('',*,*,#10957,.T.);
#10957 = EDGE_CURVE('',#10958,#10960,#10962,.T.);
#10958 = VERTEX_POINT('',#10959);
#10959 = CARTESIAN_POINT('',(1.525,0.,-12.55));
#10960 = VERTEX_POINT('',#10961);
#10961 = CARTESIAN_POINT('',(1.525,0.,-12.));
#10962 = LINE('',#10963,#10964);
#10963 = CARTESIAN_POINT('',(1.525,0.,-12.56722198595));
#10964 = VECTOR('',#10965,1.);
#10965 = DIRECTION('',(0.,0.,1.));
#10966 = ORIENTED_EDGE('',*,*,#10967,.T.);
#10967 = EDGE_CURVE('',#10960,#10968,#10970,.T.);
#10968 = VERTEX_POINT('',#10969);
#10969 = CARTESIAN_POINT('',(-1.525,1.8675863687E-16,-12.));
#10970 = CIRCLE('',#10971,1.525);
#10971 = AXIS2_PLACEMENT_3D('',#10972,#10973,#10974);
#10972 = CARTESIAN_POINT('',(0.,0.,-12.));
#10973 = DIRECTION('',(0.,0.,-1.));
#10974 = DIRECTION('',(1.,0.,0.));
#10975 = ORIENTED_EDGE('',*,*,#10976,.F.);
#10976 = EDGE_CURVE('',#10977,#10968,#10979,.T.);
#10977 = VERTEX_POINT('',#10978);
#10978 = CARTESIAN_POINT('',(-1.525,1.8675863687E-16,-12.55));
#10979 = LINE('',#10980,#10981);
#10980 = CARTESIAN_POINT('',(-1.525,1.8675863687E-16,-12.56722198595));
#10981 = VECTOR('',#10982,1.);
#10982 = DIRECTION('',(0.,0.,1.));
#10983 = ORIENTED_EDGE('',*,*,#10984,.T.);
#10984 = EDGE_CURVE('',#10977,#10958,#10985,.T.);
#10985 = CIRCLE('',#10986,1.525);
#10986 = AXIS2_PLACEMENT_3D('',#10987,#10988,#10989);
#10987 = CARTESIAN_POINT('',(0.,0.,-12.55));
#10988 = DIRECTION('',(0.,0.,1.));
#10989 = DIRECTION('',(1.,0.,-0.));
#10990 = CYLINDRICAL_SURFACE('',#10991,1.525);
#10991 = AXIS2_PLACEMENT_3D('',#10992,#10993,#10994);
#10992 = CARTESIAN_POINT('',(0.,0.,-12.56722198595));
#10993 = DIRECTION('',(0.,0.,1.));
#10994 = DIRECTION('',(1.,0.,-0.));
#10995 = ADVANCED_FACE('',(#10996),#11032,.T.);
#10996 = FACE_BOUND('',#10997,.T.);
#10997 = EDGE_LOOP('',(#10998,#11008,#11017,#11025));
#10998 = ORIENTED_EDGE('',*,*,#10999,.T.);
#10999 = EDGE_CURVE('',#11000,#11002,#11004,.T.);
#11000 = VERTEX_POINT('',#11001);
#11001 = CARTESIAN_POINT('',(1.025,0.,-12.5));
#11002 = VERTEX_POINT('',#11003);
#11003 = CARTESIAN_POINT('',(1.025,0.,-10.2));
#11004 = LINE('',#11005,#11006);
#11005 = CARTESIAN_POINT('',(1.025,0.,-12.546));
#11006 = VECTOR('',#11007,1.);
#11007 = DIRECTION('',(0.,0.,1.));
#11008 = ORIENTED_EDGE('',*,*,#11009,.F.);
#11009 = EDGE_CURVE('',#11010,#11002,#11012,.T.);
#11010 = VERTEX_POINT('',#11011);
#11011 = CARTESIAN_POINT('',(-1.025,1.255262969126E-16,-10.2));
#11012 = CIRCLE('',#11013,1.025);
#11013 = AXIS2_PLACEMENT_3D('',#11014,#11015,#11016);
#11014 = CARTESIAN_POINT('',(0.,0.,-10.2));
#11015 = DIRECTION('',(0.,0.,1.));
#11016 = DIRECTION('',(1.,0.,-0.));
#11017 = ORIENTED_EDGE('',*,*,#11018,.F.);
#11018 = EDGE_CURVE('',#11019,#11010,#11021,.T.);
#11019 = VERTEX_POINT('',#11020);
#11020 = CARTESIAN_POINT('',(-1.025,1.255262969126E-16,-12.5));
#11021 = LINE('',#11022,#11023);
#11022 = CARTESIAN_POINT('',(-1.025,1.255262969126E-16,-12.546));
#11023 = VECTOR('',#11024,1.);
#11024 = DIRECTION('',(0.,0.,1.));
#11025 = ORIENTED_EDGE('',*,*,#11026,.T.);
#11026 = EDGE_CURVE('',#11019,#11000,#11027,.T.);
#11027 = CIRCLE('',#11028,1.025);
#11028 = AXIS2_PLACEMENT_3D('',#11029,#11030,#11031);
#11029 = CARTESIAN_POINT('',(0.,0.,-12.5));
#11030 = DIRECTION('',(0.,0.,1.));
#11031 = DIRECTION('',(1.,0.,-0.));
#11032 = CYLINDRICAL_SURFACE('',#11033,1.025);
#11033 = AXIS2_PLACEMENT_3D('',#11034,#11035,#11036);
#11034 = CARTESIAN_POINT('',(0.,0.,-12.546));
#11035 = DIRECTION('',(0.,0.,1.));
#11036 = DIRECTION('',(1.,0.,-0.));
#11037 = ADVANCED_FACE('',(#11038),#11074,.T.);
#11038 = FACE_BOUND('',#11039,.T.);
#11039 = EDGE_LOOP('',(#11040,#11050,#11059,#11067));
#11040 = ORIENTED_EDGE('',*,*,#11041,.T.);
#11041 = EDGE_CURVE('',#11042,#11044,#11046,.T.);
#11042 = VERTEX_POINT('',#11043);
#11043 = CARTESIAN_POINT('',(1.025,0.,-13.84934979733));
#11044 = VERTEX_POINT('',#11045);
#11045 = CARTESIAN_POINT('',(1.025,0.,-12.55));
#11046 = LINE('',#11047,#11048);
#11047 = CARTESIAN_POINT('',(1.025,0.,-13.519));
#11048 = VECTOR('',#11049,1.);
#11049 = DIRECTION('',(0.,0.,1.));
#11050 = ORIENTED_EDGE('',*,*,#11051,.T.);
#11051 = EDGE_CURVE('',#11044,#11052,#11054,.T.);
#11052 = VERTEX_POINT('',#11053);
#11053 = CARTESIAN_POINT('',(-1.025,1.255262969126E-16,-12.55));
#11054 = CIRCLE('',#11055,1.025);
#11055 = AXIS2_PLACEMENT_3D('',#11056,#11057,#11058);
#11056 = CARTESIAN_POINT('',(0.,0.,-12.55));
#11057 = DIRECTION('',(0.,0.,-1.));
#11058 = DIRECTION('',(1.,0.,0.));
#11059 = ORIENTED_EDGE('',*,*,#11060,.F.);
#11060 = EDGE_CURVE('',#11061,#11052,#11063,.T.);
#11061 = VERTEX_POINT('',#11062);
#11062 = CARTESIAN_POINT('',(-1.025,1.255262969126E-16,-13.84934979733)
  );
#11063 = LINE('',#11064,#11065);
#11064 = CARTESIAN_POINT('',(-1.025,1.255262969126E-16,-13.519));
#11065 = VECTOR('',#11066,1.);
#11066 = DIRECTION('',(0.,0.,1.));
#11067 = ORIENTED_EDGE('',*,*,#11068,.T.);
#11068 = EDGE_CURVE('',#11061,#11042,#11069,.T.);
#11069 = CIRCLE('',#11070,1.025);
#11070 = AXIS2_PLACEMENT_3D('',#11071,#11072,#11073);
#11071 = CARTESIAN_POINT('',(0.,0.,-13.84934979733));
#11072 = DIRECTION('',(0.,0.,1.));
#11073 = DIRECTION('',(1.,0.,-0.));
#11074 = CYLINDRICAL_SURFACE('',#11075,1.025);
#11075 = AXIS2_PLACEMENT_3D('',#11076,#11077,#11078);
#11076 = CARTESIAN_POINT('',(0.,0.,-13.519));
#11077 = DIRECTION('',(0.,0.,1.));
#11078 = DIRECTION('',(1.,0.,-0.));
#11079 = ADVANCED_FACE('',(#11080),#11116,.F.);
#11080 = FACE_BOUND('',#11081,.F.);
#11081 = EDGE_LOOP('',(#11082,#11093,#11101,#11110));
#11082 = ORIENTED_EDGE('',*,*,#11083,.T.);
#11083 = EDGE_CURVE('',#11084,#11086,#11088,.T.);
#11084 = VERTEX_POINT('',#11085);
#11085 = CARTESIAN_POINT('',(-1.,0.,-10.2));
#11086 = VERTEX_POINT('',#11087);
#11087 = CARTESIAN_POINT('',(1.,1.224646799147E-16,-10.2));
#11088 = CIRCLE('',#11089,1.);
#11089 = AXIS2_PLACEMENT_3D('',#11090,#11091,#11092);
#11090 = CARTESIAN_POINT('',(0.,0.,-10.2));
#11091 = DIRECTION('',(0.,0.,-1.));
#11092 = DIRECTION('',(-1.,0.,0.));
#11093 = ORIENTED_EDGE('',*,*,#11094,.T.);
#11094 = EDGE_CURVE('',#11086,#11095,#11097,.T.);
#11095 = VERTEX_POINT('',#11096);
#11096 = CARTESIAN_POINT('',(1.,1.224646799147E-16,-13.84934979733));
#11097 = LINE('',#11098,#11099);
#11098 = CARTESIAN_POINT('',(1.,1.224646799147E-16,-10.12701300405));
#11099 = VECTOR('',#11100,1.);
#11100 = DIRECTION('',(0.,0.,-1.));
#11101 = ORIENTED_EDGE('',*,*,#11102,.F.);
#11102 = EDGE_CURVE('',#11103,#11095,#11105,.T.);
#11103 = VERTEX_POINT('',#11104);
#11104 = CARTESIAN_POINT('',(-1.,0.,-13.84934979733));
#11105 = CIRCLE('',#11106,1.);
#11106 = AXIS2_PLACEMENT_3D('',#11107,#11108,#11109);
#11107 = CARTESIAN_POINT('',(0.,0.,-13.84934979733));
#11108 = DIRECTION('',(0.,0.,-1.));
#11109 = DIRECTION('',(-1.,0.,0.));
#11110 = ORIENTED_EDGE('',*,*,#11111,.F.);
#11111 = EDGE_CURVE('',#11084,#11103,#11112,.T.);
#11112 = LINE('',#11113,#11114);
#11113 = CARTESIAN_POINT('',(-1.,0.,-10.12701300405));
#11114 = VECTOR('',#11115,1.);
#11115 = DIRECTION('',(0.,0.,-1.));
#11116 = CYLINDRICAL_SURFACE('',#11117,1.);
#11117 = AXIS2_PLACEMENT_3D('',#11118,#11119,#11120);
#11118 = CARTESIAN_POINT('',(0.,0.,-10.12701300405));
#11119 = DIRECTION('',(0.,0.,-1.));
#11120 = DIRECTION('',(-1.,0.,0.));
#11121 = ADVANCED_FACE('',(#11122),#11238,.F.);
#11122 = FACE_BOUND('',#11123,.F.);
#11123 = EDGE_LOOP('',(#11124,#11125,#11134,#11143,#11231));
#11124 = ORIENTED_EDGE('',*,*,#10934,.F.);
#11125 = ORIENTED_EDGE('',*,*,#11126,.T.);
#11126 = EDGE_CURVE('',#10927,#11127,#11129,.T.);
#11127 = VERTEX_POINT('',#11128);
#11128 = CARTESIAN_POINT('',(1.35,1.608261795765E-11,-12.5));
#11129 = CIRCLE('',#11130,0.15);
#11130 = AXIS2_PLACEMENT_3D('',#11131,#11132,#11133);
#11131 = CARTESIAN_POINT('',(1.350000000001,2.466424808214E-16,-12.35));
#11132 = DIRECTION('',(-1.224646799147E-16,1.,0.));
#11133 = DIRECTION('',(-1.,-1.224646799147E-16,0.));
#11134 = ORIENTED_EDGE('',*,*,#11135,.T.);
#11135 = EDGE_CURVE('',#11127,#11136,#11138,.T.);
#11136 = VERTEX_POINT('',#11137);
#11137 = CARTESIAN_POINT('',(1.349753480678,2.619145967995E-02,
    -12.4999999999));
#11138 = B_SPLINE_CURVE_WITH_KNOTS('',3,(#11139,#11140,#11141,#11142),
  .UNSPECIFIED.,.F.,.F.,(4,4),(0.,6.378178255709E-03),
  .PIECEWISE_BEZIER_KNOTS.);
#11139 = CARTESIAN_POINT('',(1.35,1.608261795765E-11,-12.5));
#11140 = CARTESIAN_POINT('',(1.35,8.223932934813E-03,-12.5));
#11141 = CARTESIAN_POINT('',(1.349923797309,1.715983789588E-02,
    -12.50000000005));
#11142 = CARTESIAN_POINT('',(1.349753480678,2.619145967995E-02,
    -12.4999999999));
#11143 = ORIENTED_EDGE('',*,*,#11144,.T.);
#11144 = EDGE_CURVE('',#11136,#11145,#11147,.T.);
#11145 = VERTEX_POINT('',#11146);
#11146 = CARTESIAN_POINT('',(-1.35,-2.392021043046E-16,-12.5));
#11147 = B_SPLINE_CURVE_WITH_KNOTS('',3,(#11148,#11149,#11150,#11151,
    #11152,#11153,#11154,#11155,#11156,#11157,#11158,#11159,#11160,
    #11161,#11162,#11163,#11164,#11165,#11166,#11167,#11168,#11169,
    #11170,#11171,#11172,#11173,#11174,#11175,#11176,#11177,#11178,
    #11179,#11180,#11181,#11182,#11183,#11184,#11185,#11186,#11187,
    #11188,#11189,#11190,#11191,#11192,#11193,#11194,#11195,#11196,
    #11197,#11198,#11199,#11200,#11201,#11202,#11203,#11204,#11205,
    #11206,#11207,#11208,#11209,#11210,#11211,#11212,#11213,#11214,
    #11215,#11216,#11217,#11218,#11219,#11220,#11221,#11222,#11223,
    #11224,#11225,#11226,#11227,#11228,#11229,#11230),.UNSPECIFIED.,.F.,
  .F.,(4,2,2,2,2,2,2,1,2,2,1,2,2,2,2,1,1,2,2,2,2,2,2,2,2,2,2,2,2,2,1,1,2
    ,2,2,2,2,1,2,2,2,2,2,2,4),(6.378178255709E-03,0.130580905974,
    0.192682269833,0.223732951762,0.254783633692,0.316884997551,
    0.34793567948,0.355698349963,0.359579685204,0.361520352824,
    0.363461020445,0.37898636141,0.394511702375,0.396452369995,
    0.398393037616,0.402274372857,0.410037043339,0.441087725269,
    0.503189089128,0.534239771057,0.538121106299,0.54200244154,
    0.549765112022,0.565290452987,0.580815793952,0.596341134916,
    0.627391816846,0.642917157811,0.644857825431,0.646798493052,
    0.650679828293,0.658442498775,0.689493180705,0.720543862634,
    0.751594544564,0.782645226493,0.790407896976,0.798170567458,
    0.813695908423,0.844746590352,0.875797272282,0.891322613247,
    0.906847954211,0.937898636141,1.),.UNSPECIFIED.);
#11148 = CARTESIAN_POINT('',(1.349753480678,2.619145967995E-02,
    -12.4999999999));
#11149 = CARTESIAN_POINT('',(1.346436892629,0.202064885654,
    -12.49999999495));
#11150 = CARTESIAN_POINT('',(1.308264808793,0.377231608194,
    -12.49999992264));
#11151 = CARTESIAN_POINT('',(1.203006602579,0.619215716055,
    -12.49999992099));
#11152 = CARTESIAN_POINT('',(1.160002696955,0.696430689523,-12.499999934
    ));
#11153 = CARTESIAN_POINT('',(1.084850734979,0.804875192866,
    -12.49999996174));
#11154 = CARTESIAN_POINT('',(1.058030306949,0.839796136699,
    -12.49999997208));
#11155 = CARTESIAN_POINT('',(1.001106951133,0.906849346666,
    -12.49999998979));
#11156 = CARTESIAN_POINT('',(0.972121856231,0.937899692716,
    -12.49999999706));
#11157 = CARTESIAN_POINT('',(0.873969432227,1.032897166971,
    -12.50000000389));
#11158 = CARTESIAN_POINT('',(0.802189982562,1.089653185271,
    -12.50000008666));
#11159 = CARTESIAN_POINT('',(0.687121553535,1.16325276275,
    -12.49999978512));
#11160 = CARTESIAN_POINT('',(0.647383907793,1.185935404788,
    -12.49999961366));
#11161 = CARTESIAN_POINT('',(0.596345986475,1.211445226011,
    -12.49999983906));
#11162 = CARTESIAN_POINT('',(0.580933435098,1.218891037837,
    -12.49999991916));
#11163 = CARTESIAN_POINT('',(0.565378037813,1.226022100448,
    -12.49999997387));
#11164 = CARTESIAN_POINT('',(0.557577283343,1.229534856933,
    -12.49999999161));
#11165 = CARTESIAN_POINT('',(0.553915772452,1.231163446952,
    -12.49999999671));
#11166 = CARTESIAN_POINT('',(0.552421109268,1.231826221146,
    -12.49999999816));
#11167 = CARTESIAN_POINT('',(0.544814724933,1.235192727085,
    -12.50000000245));
#11168 = CARTESIAN_POINT('',(0.529304869655,1.2420807708,-12.49999999902
    ));
#11169 = CARTESIAN_POINT('',(0.488716504276,1.25862293561,
    -12.50000000024));
#11170 = CARTESIAN_POINT('',(0.461905109441,1.269045672648,
    -12.50000000452));
#11171 = CARTESIAN_POINT('',(0.423955771411,1.281789099083,
    -12.49999998144));
#11172 = CARTESIAN_POINT('',(0.419630976358,1.283218348316,
    -12.49999997844));
#11173 = CARTESIAN_POINT('',(0.410763375738,1.286097173256,
    -12.49999997137));
#11174 = CARTESIAN_POINT('',(0.409353411189,1.286542936578,
    -12.49999997007));
#11175 = CARTESIAN_POINT('',(0.401827539209,1.288931914219,
    -12.49999996349));
#11176 = CARTESIAN_POINT('',(0.38674749083,1.293621044116,
    -12.49999994956));
#11177 = CARTESIAN_POINT('',(0.331154358115,1.30983408241,
    -12.49999989292));
#11178 = CARTESIAN_POINT('',(0.279777525754,1.321578229188,
    -12.49999985104));
#11179 = CARTESIAN_POINT('',(0.155419092514,1.34388658662,
    -12.49999984001));
#11180 = CARTESIAN_POINT('',(7.128259529915E-02,1.350905805731,
    -12.49999999324));
#11181 = CARTESIAN_POINT('',(-5.529349133309E-02,1.349462083945,
    -12.50000000314));
#11182 = CARTESIAN_POINT('',(-9.745064787247E-02,1.347107392728,
    -12.50000006137));
#11183 = CARTESIAN_POINT('',(-0.144663517152,1.342363258168,
    -12.49999994851));
#11184 = CARTESIAN_POINT('',(-0.149906421747,1.341807048468,
    -12.49999993178));
#11185 = CARTESIAN_POINT('',(-0.16038568762,1.340636531083,
    -12.49999988617));
#11186 = CARTESIAN_POINT('',(-0.160683453162,1.340593529448,
    -12.49999988429));
#11187 = CARTESIAN_POINT('',(-0.168445395458,1.339668060998,
    -12.49999985864));
#11188 = CARTESIAN_POINT('',(-0.175023803939,1.338848686406,
    -12.49999984402));
#11189 = CARTESIAN_POINT('',(-0.198943992016,1.335597291373,
    -12.49999981346));
#11190 = CARTESIAN_POINT('',(-0.220480411723,1.332397492046,
    -12.49999981204));
#11191 = CARTESIAN_POINT('',(-0.274416331443,1.322318099616,
    -12.49999984837));
#11192 = CARTESIAN_POINT('',(-0.309441708743,1.314635365871,
    -12.49999988992));
#11193 = CARTESIAN_POINT('',(-0.371411633359,1.298440614,-12.49999993955
    ));
#11194 = CARTESIAN_POINT('',(-0.399402487065,1.289959358997,
    -12.49999995428));
#11195 = CARTESIAN_POINT('',(-0.474681680883,1.264981173422,
    -12.4999999836));
#11196 = CARTESIAN_POINT('',(-0.513287081647,1.249058005805,
    -12.49999998586));
#11197 = CARTESIAN_POINT('',(-0.555249036689,1.230708235002,
    -12.49999997966));
#11198 = CARTESIAN_POINT('',(-0.566578424066,1.225486619398,
    -12.49999997537));
#11199 = CARTESIAN_POINT('',(-0.576437169725,1.220859130543,
    -12.49999996534));
#11200 = CARTESIAN_POINT('',(-0.57749244922,1.220362154989,
    -12.49999996415));
#11201 = CARTESIAN_POINT('',(-0.579523017829,1.219403200481,
    -12.4999999616));
#11202 = CARTESIAN_POINT('',(-0.583417000643,1.217556331887,
    -12.49999995644));
#11203 = CARTESIAN_POINT('',(-0.591910423516,1.21347881052,
    -12.49999994454));
#11204 = CARTESIAN_POINT('',(-0.60874674077,1.205248655628,
    -12.49999991897));
#11205 = CARTESIAN_POINT('',(-0.668828054368,1.174294978523,
    -12.4999998132));
#11206 = CARTESIAN_POINT('',(-0.718446930325,1.144125872409,
    -12.49999975161));
#11207 = CARTESIAN_POINT('',(-0.791698613178,1.094691267368,
    -12.4999997869));
#11208 = CARTESIAN_POINT('',(-0.826047272419,1.068666624048,
    -12.4999998853));
#11209 = CARTESIAN_POINT('',(-0.883565674453,1.02149032077,
    -12.49999998047));
#11210 = CARTESIAN_POINT('',(-0.914747067442,0.993998136753,
    -12.4999999835));
#11211 = CARTESIAN_POINT('',(-0.980100740137,0.929648042964,
    -12.49999997394));
#11212 = CARTESIAN_POINT('',(-1.014276856009,0.892782157289,
    -12.49999996136));
#11213 = CARTESIAN_POINT('',(-1.057276566551,0.839896811286,
    -12.49999985004));
#11214 = CARTESIAN_POINT('',(-1.065298268394,0.829685968528,
    -12.49999982156));
#11215 = CARTESIAN_POINT('',(-1.078280953723,0.812783032079,
    -12.49999978127));
#11216 = CARTESIAN_POINT('',(-1.097659880609,0.786918114794,
    -12.49999972825));
#11217 = CARTESIAN_POINT('',(-1.116677188234,0.759499307382,
    -12.49999971346));
#11218 = CARTESIAN_POINT('',(-1.154011873429,0.702543382875,
    -12.49999974367));
#11219 = CARTESIAN_POINT('',(-1.177431028662,0.662908029934,
    -12.49999986689));
#11220 = CARTESIAN_POINT('',(-1.224872596285,0.570147861555,
    -12.5000000063));
#11221 = CARTESIAN_POINT('',(-1.243594363851,0.527054892201,
    -12.49999999776));
#11222 = CARTESIAN_POINT('',(-1.266243037142,0.46866993467,
    -12.49999999653));
#11223 = CARTESIAN_POINT('',(-1.272884441293,0.450243629664,
    -12.49999999507));
#11224 = CARTESIAN_POINT('',(-1.284656246462,0.415609428153,
    -12.49999997563));
#11225 = CARTESIAN_POINT('',(-1.2914859307,0.394120048809,
    -12.49999995361));
#11226 = CARTESIAN_POINT('',(-1.309032965233,0.333463617207,
    -12.49999989462));
#11227 = CARTESIAN_POINT('',(-1.318820360674,0.292471602105,
    -12.49999985942));
#11228 = CARTESIAN_POINT('',(-1.342318299222,0.168385216815,
    -12.49999984462));
#11229 = CARTESIAN_POINT('',(-1.350146372431,8.417922200571E-02,-12.5));
#11230 = CARTESIAN_POINT('',(-1.35,-2.392021043046E-16,-12.5));
#11231 = ORIENTED_EDGE('',*,*,#11232,.F.);
#11232 = EDGE_CURVE('',#10935,#11145,#11233,.T.);
#11233 = CIRCLE('',#11234,0.15);
#11234 = AXIS2_PLACEMENT_3D('',#11235,#11236,#11237);
#11235 = CARTESIAN_POINT('',(-1.350000000001,8.131516293641E-17,-12.35)
  );
#11236 = DIRECTION('',(0.,-1.,-0.));
#11237 = DIRECTION('',(0.,0.,-1.));
#11238 = TOROIDAL_SURFACE('',#11239,1.350000000001,0.15);
#11239 = AXIS2_PLACEMENT_3D('',#11240,#11241,#11242);
#11240 = CARTESIAN_POINT('',(0.,8.131516293641E-17,-12.35));
#11241 = DIRECTION('',(0.,0.,-1.));
#11242 = DIRECTION('',(-1.,0.,0.));
#11243 = ADVANCED_FACE('',(#11244),#11271,.F.);
#11244 = FACE_BOUND('',#11245,.F.);
#11245 = EDGE_LOOP('',(#11246,#11247,#11254,#11255,#11264));
#11246 = ORIENTED_EDGE('',*,*,#11126,.F.);
#11247 = ORIENTED_EDGE('',*,*,#11248,.F.);
#11248 = EDGE_CURVE('',#10935,#10927,#11249,.T.);
#11249 = CIRCLE('',#11250,1.5);
#11250 = AXIS2_PLACEMENT_3D('',#11251,#11252,#11253);
#11251 = CARTESIAN_POINT('',(0.,0.,-12.35));
#11252 = DIRECTION('',(0.,0.,1.));
#11253 = DIRECTION('',(-1.,0.,0.));
#11254 = ORIENTED_EDGE('',*,*,#11232,.T.);
#11255 = ORIENTED_EDGE('',*,*,#11256,.T.);
#11256 = EDGE_CURVE('',#11145,#11257,#11259,.T.);
#11257 = VERTEX_POINT('',#11258);
#11258 = CARTESIAN_POINT('',(-1.349749694586,-2.61913632515E-02,-12.5));
#11259 = ( BOUNDED_CURVE() B_SPLINE_CURVE(3,(#11260,#11261,#11262,#11263
),.UNSPECIFIED.,.F.,.F.) B_SPLINE_CURVE_WITH_KNOTS((4,4),(0.,
6.175903863747E-03),.PIECEWISE_BEZIER_KNOTS.) CURVE() 
GEOMETRIC_REPRESENTATION_ITEM() RATIONAL_B_SPLINE_CURVE((1.,
0.999968629882,0.999968629882,1.)) REPRESENTATION_ITEM('') );
#11260 = CARTESIAN_POINT('',(-1.35,-2.392021043046E-16,-12.5));
#11261 = CARTESIAN_POINT('',(-1.35,-8.731115343211E-03,-12.5));
#11262 = CARTESIAN_POINT('',(-1.349915300019,-1.746181984225E-02,-12.5)
  );
#11263 = CARTESIAN_POINT('',(-1.349749694586,-2.61913632515E-02,-12.5));
#11264 = ORIENTED_EDGE('',*,*,#11265,.T.);
#11265 = EDGE_CURVE('',#11257,#11127,#11266,.T.);
#11266 = ( BOUNDED_CURVE() B_SPLINE_CURVE(3,(#11267,#11268,#11269,#11270
),.UNSPECIFIED.,.F.,.F.) B_SPLINE_CURVE_WITH_KNOTS((4,4),(
6.175903863747E-03,1.),.PIECEWISE_BEZIER_KNOTS.) CURVE() 
GEOMETRIC_REPRESENTATION_ITEM() RATIONAL_B_SPLINE_CURVE((1.,
0.339800623294,0.339800623294,1.)) REPRESENTATION_ITEM('') );
#11267 = CARTESIAN_POINT('',(-1.349749694586,-2.61913632515E-02,-12.5));
#11268 = CARTESIAN_POINT('',(-1.298362719148,-2.674180147606,-12.5));
#11269 = CARTESIAN_POINT('',(1.35,-2.648487344187,-12.5));
#11270 = CARTESIAN_POINT('',(1.35,1.608261795765E-11,-12.5));
#11271 = TOROIDAL_SURFACE('',#11272,1.350000000001,0.15);
#11272 = AXIS2_PLACEMENT_3D('',#11273,#11274,#11275);
#11273 = CARTESIAN_POINT('',(0.,8.131516293641E-17,-12.35));
#11274 = DIRECTION('',(0.,0.,-1.));
#11275 = DIRECTION('',(-1.,0.,0.));
#11276 = ADVANCED_FACE('',(#11277),#11295,.F.);
#11277 = FACE_BOUND('',#11278,.F.);
#11278 = EDGE_LOOP('',(#11279,#11280,#11287,#11288));
#11279 = ORIENTED_EDGE('',*,*,#11094,.F.);
#11280 = ORIENTED_EDGE('',*,*,#11281,.T.);
#11281 = EDGE_CURVE('',#11086,#11084,#11282,.T.);
#11282 = CIRCLE('',#11283,1.);
#11283 = AXIS2_PLACEMENT_3D('',#11284,#11285,#11286);
#11284 = CARTESIAN_POINT('',(0.,0.,-10.2));
#11285 = DIRECTION('',(0.,0.,-1.));
#11286 = DIRECTION('',(-1.,0.,0.));
#11287 = ORIENTED_EDGE('',*,*,#11111,.T.);
#11288 = ORIENTED_EDGE('',*,*,#11289,.F.);
#11289 = EDGE_CURVE('',#11095,#11103,#11290,.T.);
#11290 = CIRCLE('',#11291,1.);
#11291 = AXIS2_PLACEMENT_3D('',#11292,#11293,#11294);
#11292 = CARTESIAN_POINT('',(0.,0.,-13.84934979733));
#11293 = DIRECTION('',(0.,0.,-1.));
#11294 = DIRECTION('',(-1.,0.,0.));
#11295 = CYLINDRICAL_SURFACE('',#11296,1.);
#11296 = AXIS2_PLACEMENT_3D('',#11297,#11298,#11299);
#11297 = CARTESIAN_POINT('',(0.,0.,-10.12701300405));
#11298 = DIRECTION('',(0.,0.,-1.));
#11299 = DIRECTION('',(-1.,0.,0.));
#11300 = ADVANCED_FACE('',(#11301),#11319,.T.);
#11301 = FACE_BOUND('',#11302,.T.);
#11302 = EDGE_LOOP('',(#11303,#11310,#11311,#11318));
#11303 = ORIENTED_EDGE('',*,*,#11304,.T.);
#11304 = EDGE_CURVE('',#11052,#11044,#11305,.T.);
#11305 = CIRCLE('',#11306,1.025);
#11306 = AXIS2_PLACEMENT_3D('',#11307,#11308,#11309);
#11307 = CARTESIAN_POINT('',(0.,0.,-12.55));
#11308 = DIRECTION('',(0.,0.,-1.));
#11309 = DIRECTION('',(1.,0.,0.));
#11310 = ORIENTED_EDGE('',*,*,#11041,.F.);
#11311 = ORIENTED_EDGE('',*,*,#11312,.T.);
#11312 = EDGE_CURVE('',#11042,#11061,#11313,.T.);
#11313 = CIRCLE('',#11314,1.025);
#11314 = AXIS2_PLACEMENT_3D('',#11315,#11316,#11317);
#11315 = CARTESIAN_POINT('',(0.,0.,-13.84934979733));
#11316 = DIRECTION('',(0.,0.,1.));
#11317 = DIRECTION('',(1.,0.,-0.));
#11318 = ORIENTED_EDGE('',*,*,#11060,.T.);
#11319 = CYLINDRICAL_SURFACE('',#11320,1.025);
#11320 = AXIS2_PLACEMENT_3D('',#11321,#11322,#11323);
#11321 = CARTESIAN_POINT('',(0.,0.,-13.519));
#11322 = DIRECTION('',(0.,0.,1.));
#11323 = DIRECTION('',(1.,0.,-0.));
#11324 = ADVANCED_FACE('',(#11325),#11343,.T.);
#11325 = FACE_BOUND('',#11326,.T.);
#11326 = EDGE_LOOP('',(#11327,#11334,#11335,#11342));
#11327 = ORIENTED_EDGE('',*,*,#11328,.F.);
#11328 = EDGE_CURVE('',#11002,#11010,#11329,.T.);
#11329 = CIRCLE('',#11330,1.025);
#11330 = AXIS2_PLACEMENT_3D('',#11331,#11332,#11333);
#11331 = CARTESIAN_POINT('',(0.,0.,-10.2));
#11332 = DIRECTION('',(0.,0.,1.));
#11333 = DIRECTION('',(1.,0.,-0.));
#11334 = ORIENTED_EDGE('',*,*,#10999,.F.);
#11335 = ORIENTED_EDGE('',*,*,#11336,.T.);
#11336 = EDGE_CURVE('',#11000,#11019,#11337,.T.);
#11337 = CIRCLE('',#11338,1.025);
#11338 = AXIS2_PLACEMENT_3D('',#11339,#11340,#11341);
#11339 = CARTESIAN_POINT('',(0.,0.,-12.5));
#11340 = DIRECTION('',(0.,0.,1.));
#11341 = DIRECTION('',(1.,0.,-0.));
#11342 = ORIENTED_EDGE('',*,*,#11018,.T.);
#11343 = CYLINDRICAL_SURFACE('',#11344,1.025);
#11344 = AXIS2_PLACEMENT_3D('',#11345,#11346,#11347);
#11345 = CARTESIAN_POINT('',(0.,0.,-12.546));
#11346 = DIRECTION('',(0.,0.,1.));
#11347 = DIRECTION('',(1.,0.,-0.));
#11348 = ADVANCED_FACE('',(#11349),#11367,.T.);
#11349 = FACE_BOUND('',#11350,.T.);
#11350 = EDGE_LOOP('',(#11351,#11358,#11359,#11366));
#11351 = ORIENTED_EDGE('',*,*,#11352,.T.);
#11352 = EDGE_CURVE('',#10968,#10960,#11353,.T.);
#11353 = CIRCLE('',#11354,1.525);
#11354 = AXIS2_PLACEMENT_3D('',#11355,#11356,#11357);
#11355 = CARTESIAN_POINT('',(0.,0.,-12.));
#11356 = DIRECTION('',(0.,0.,-1.));
#11357 = DIRECTION('',(1.,0.,0.));
#11358 = ORIENTED_EDGE('',*,*,#10957,.F.);
#11359 = ORIENTED_EDGE('',*,*,#11360,.T.);
#11360 = EDGE_CURVE('',#10958,#10977,#11361,.T.);
#11361 = CIRCLE('',#11362,1.525);
#11362 = AXIS2_PLACEMENT_3D('',#11363,#11364,#11365);
#11363 = CARTESIAN_POINT('',(0.,0.,-12.55));
#11364 = DIRECTION('',(0.,0.,1.));
#11365 = DIRECTION('',(1.,0.,-0.));
#11366 = ORIENTED_EDGE('',*,*,#10976,.T.);
#11367 = CYLINDRICAL_SURFACE('',#11368,1.525);
#11368 = AXIS2_PLACEMENT_3D('',#11369,#11370,#11371);
#11369 = CARTESIAN_POINT('',(0.,0.,-12.56722198595));
#11370 = DIRECTION('',(0.,0.,1.));
#11371 = DIRECTION('',(1.,0.,-0.));
#11372 = ADVANCED_FACE('',(#11373),#11385,.F.);
#11373 = FACE_BOUND('',#11374,.F.);
#11374 = EDGE_LOOP('',(#11375,#11376,#11383,#11384));
#11375 = ORIENTED_EDGE('',*,*,#10926,.F.);
#11376 = ORIENTED_EDGE('',*,*,#11377,.T.);
#11377 = EDGE_CURVE('',#10918,#10916,#11378,.T.);
#11378 = CIRCLE('',#11379,1.5);
#11379 = AXIS2_PLACEMENT_3D('',#11380,#11381,#11382);
#11380 = CARTESIAN_POINT('',(0.,0.,-12.));
#11381 = DIRECTION('',(0.,0.,-1.));
#11382 = DIRECTION('',(-1.,0.,0.));
#11383 = ORIENTED_EDGE('',*,*,#10943,.T.);
#11384 = ORIENTED_EDGE('',*,*,#11248,.T.);
#11385 = CYLINDRICAL_SURFACE('',#11386,1.5);
#11386 = AXIS2_PLACEMENT_3D('',#11387,#11388,#11389);
#11387 = CARTESIAN_POINT('',(0.,0.,-11.97643168228));
#11388 = DIRECTION('',(0.,0.,-1.));
#11389 = DIRECTION('',(-1.,0.,0.));
#11390 = ADVANCED_FACE('',(#11391,#11395),#11399,.F.);
#11391 = FACE_BOUND('',#11392,.F.);
#11392 = EDGE_LOOP('',(#11393,#11394));
#11393 = ORIENTED_EDGE('',*,*,#11102,.T.);
#11394 = ORIENTED_EDGE('',*,*,#11289,.T.);
#11395 = FACE_BOUND('',#11396,.F.);
#11396 = EDGE_LOOP('',(#11397,#11398));
#11397 = ORIENTED_EDGE('',*,*,#11312,.T.);
#11398 = ORIENTED_EDGE('',*,*,#11068,.T.);
#11399 = PLANE('',#11400);
#11400 = AXIS2_PLACEMENT_3D('',#11401,#11402,#11403);
#11401 = CARTESIAN_POINT('',(0.,0.,-13.84934979733));
#11402 = DIRECTION('',(0.,0.,1.));
#11403 = DIRECTION('',(1.,0.,-0.));
#11404 = ADVANCED_FACE('',(#11405,#11409),#11413,.T.);
#11405 = FACE_BOUND('',#11406,.F.);
#11406 = EDGE_LOOP('',(#11407,#11408));
#11407 = ORIENTED_EDGE('',*,*,#11083,.F.);
#11408 = ORIENTED_EDGE('',*,*,#11281,.F.);
#11409 = FACE_BOUND('',#11410,.F.);
#11410 = EDGE_LOOP('',(#11411,#11412));
#11411 = ORIENTED_EDGE('',*,*,#11328,.F.);
#11412 = ORIENTED_EDGE('',*,*,#11009,.F.);
#11413 = PLANE('',#11414);
#11414 = AXIS2_PLACEMENT_3D('',#11415,#11416,#11417);
#11415 = CARTESIAN_POINT('',(0.,0.,-10.2));
#11416 = DIRECTION('',(0.,0.,1.));
#11417 = DIRECTION('',(1.,0.,-0.));
#11418 = ADVANCED_FACE('',(#11419,#11423),#11427,.F.);
#11419 = FACE_BOUND('',#11420,.F.);
#11420 = EDGE_LOOP('',(#11421,#11422));
#11421 = ORIENTED_EDGE('',*,*,#11051,.T.);
#11422 = ORIENTED_EDGE('',*,*,#11304,.T.);
#11423 = FACE_BOUND('',#11424,.F.);
#11424 = EDGE_LOOP('',(#11425,#11426));
#11425 = ORIENTED_EDGE('',*,*,#11360,.T.);
#11426 = ORIENTED_EDGE('',*,*,#10984,.T.);
#11427 = PLANE('',#11428);
#11428 = AXIS2_PLACEMENT_3D('',#11429,#11430,#11431);
#11429 = CARTESIAN_POINT('',(0.,0.,-12.55));
#11430 = DIRECTION('',(0.,0.,1.));
#11431 = DIRECTION('',(1.,0.,-0.));
#11432 = ADVANCED_FACE('',(#11433,#11437),#11443,.T.);
#11433 = FACE_BOUND('',#11434,.F.);
#11434 = EDGE_LOOP('',(#11435,#11436));
#11435 = ORIENTED_EDGE('',*,*,#11336,.T.);
#11436 = ORIENTED_EDGE('',*,*,#11026,.T.);
#11437 = FACE_BOUND('',#11438,.F.);
#11438 = EDGE_LOOP('',(#11439,#11440,#11441,#11442));
#11439 = ORIENTED_EDGE('',*,*,#11256,.F.);
#11440 = ORIENTED_EDGE('',*,*,#11144,.F.);
#11441 = ORIENTED_EDGE('',*,*,#11135,.F.);
#11442 = ORIENTED_EDGE('',*,*,#11265,.F.);
#11443 = PLANE('',#11444);
#11444 = AXIS2_PLACEMENT_3D('',#11445,#11446,#11447);
#11445 = CARTESIAN_POINT('',(0.,0.,-12.5));
#11446 = DIRECTION('',(0.,0.,1.));
#11447 = DIRECTION('',(1.,0.,-0.));
#11448 = ADVANCED_FACE('',(#11449,#11453),#11457,.T.);
#11449 = FACE_BOUND('',#11450,.F.);
#11450 = EDGE_LOOP('',(#11451,#11452));
#11451 = ORIENTED_EDGE('',*,*,#10915,.F.);
#11452 = ORIENTED_EDGE('',*,*,#11377,.F.);
#11453 = FACE_BOUND('',#11454,.F.);
#11454 = EDGE_LOOP('',(#11455,#11456));
#11455 = ORIENTED_EDGE('',*,*,#10967,.T.);
#11456 = ORIENTED_EDGE('',*,*,#11352,.T.);
#11457 = PLANE('',#11458);
#11458 = AXIS2_PLACEMENT_3D('',#11459,#11460,#11461);
#11459 = CARTESIAN_POINT('',(0.,-1.298198816269,-12.));
#11460 = DIRECTION('',(0.,0.,1.));
#11461 = DIRECTION('',(1.,0.,-0.));
#11462 = ORIENTED_CLOSED_SHELL('',*,#11463,.F.);
#11463 = CLOSED_SHELL('',(#11464,#11506,#11592,#11656,#11674));
#11464 = ADVANCED_FACE('',(#11465),#11501,.T.);
#11465 = FACE_BOUND('',#11466,.T.);
#11466 = EDGE_LOOP('',(#11467,#11477,#11486,#11494));
#11467 = ORIENTED_EDGE('',*,*,#11468,.T.);
#11468 = EDGE_CURVE('',#11469,#11471,#11473,.T.);
#11469 = VERTEX_POINT('',#11470);
#11470 = CARTESIAN_POINT('',(1.5,0.,-10.2));
#11471 = VERTEX_POINT('',#11472);
#11472 = CARTESIAN_POINT('',(1.5,1.833280682395E-16,-9.9));
#11473 = LINE('',#11474,#11475);
#11474 = CARTESIAN_POINT('',(1.5,0.,-10.22356831772));
#11475 = VECTOR('',#11476,1.);
#11476 = DIRECTION('',(0.,0.,1.));
#11477 = ORIENTED_EDGE('',*,*,#11478,.T.);
#11478 = EDGE_CURVE('',#11471,#11479,#11481,.T.);
#11479 = VERTEX_POINT('',#11480);
#11480 = CARTESIAN_POINT('',(-1.5,0.,-9.9));
#11481 = CIRCLE('',#11482,1.5);
#11482 = AXIS2_PLACEMENT_3D('',#11483,#11484,#11485);
#11483 = CARTESIAN_POINT('',(0.,0.,-9.9));
#11484 = DIRECTION('',(0.,0.,-1.));
#11485 = DIRECTION('',(1.412194329052E-02,-0.999900280387,0.));
#11486 = ORIENTED_EDGE('',*,*,#11487,.F.);
#11487 = EDGE_CURVE('',#11488,#11479,#11490,.T.);
#11488 = VERTEX_POINT('',#11489);
#11489 = CARTESIAN_POINT('',(-1.5,1.836970198721E-16,-10.2));
#11490 = LINE('',#11491,#11492);
#11491 = CARTESIAN_POINT('',(-1.5,1.836970198721E-16,-10.22356831772));
#11492 = VECTOR('',#11493,1.);
#11493 = DIRECTION('',(0.,0.,1.));
#11494 = ORIENTED_EDGE('',*,*,#11495,.T.);
#11495 = EDGE_CURVE('',#11488,#11469,#11496,.T.);
#11496 = CIRCLE('',#11497,1.5);
#11497 = AXIS2_PLACEMENT_3D('',#11498,#11499,#11500);
#11498 = CARTESIAN_POINT('',(0.,0.,-10.2));
#11499 = DIRECTION('',(0.,0.,1.));
#11500 = DIRECTION('',(1.,0.,-0.));
#11501 = CYLINDRICAL_SURFACE('',#11502,1.5);
#11502 = AXIS2_PLACEMENT_3D('',#11503,#11504,#11505);
#11503 = CARTESIAN_POINT('',(0.,0.,-10.22356831772));
#11504 = DIRECTION('',(0.,0.,1.));
#11505 = DIRECTION('',(1.,0.,-0.));
#11506 = ADVANCED_FACE('',(#11507),#11587,.F.);
#11507 = FACE_BOUND('',#11508,.F.);
#11508 = EDGE_LOOP('',(#11509,#11516,#11525,#11550,#11559,#11580));
#11509 = ORIENTED_EDGE('',*,*,#11510,.T.);
#11510 = EDGE_CURVE('',#11479,#11471,#11511,.T.);
#11511 = CIRCLE('',#11512,1.5);
#11512 = AXIS2_PLACEMENT_3D('',#11513,#11514,#11515);
#11513 = CARTESIAN_POINT('',(0.,0.,-9.9));
#11514 = DIRECTION('',(0.,0.,-1.));
#11515 = DIRECTION('',(1.412194329052E-02,-0.999900280387,0.));
#11516 = ORIENTED_EDGE('',*,*,#11517,.T.);
#11517 = EDGE_CURVE('',#11471,#11518,#11520,.T.);
#11518 = VERTEX_POINT('',#11519);
#11519 = CARTESIAN_POINT('',(1.199999875505,-9.522998302468E-12,-10.2));
#11520 = CIRCLE('',#11521,0.3);
#11521 = AXIS2_PLACEMENT_3D('',#11522,#11523,#11524);
#11522 = CARTESIAN_POINT('',(1.2,1.469576158977E-16,-9.9));
#11523 = DIRECTION('',(-1.224646799147E-16,1.,0.));
#11524 = DIRECTION('',(-1.,-1.224646799147E-16,0.));
#11525 = ORIENTED_EDGE('',*,*,#11526,.F.);
#11526 = EDGE_CURVE('',#11527,#11518,#11529,.T.);
#11527 = VERTEX_POINT('',#11528);
#11528 = CARTESIAN_POINT('',(-8.422827864861E-14,1.2,-10.2));
#11529 = B_SPLINE_CURVE_WITH_KNOTS('',3,(#11530,#11531,#11532,#11533,
    #11534,#11535,#11536,#11537,#11538,#11539,#11540,#11541,#11542,
    #11543,#11544,#11545,#11546,#11547,#11548,#11549),.UNSPECIFIED.,.F.,
  .F.,(4,2,2,1,1,2,2,2,1,1,2,4),(0.,0.124421485463,0.139974171146,
    0.155526856829,0.186632228195,0.248842970927,0.37326445639,
    0.388817142073,0.404369827756,0.435475199122,0.497685941854,
    0.500003169578),.UNSPECIFIED.);
#11530 = CARTESIAN_POINT('',(-8.422827864861E-14,1.2,-10.2));
#11531 = CARTESIAN_POINT('',(0.151710905242,1.2,-10.2));
#11532 = CARTESIAN_POINT('',(0.298291210437,1.172174677193,-10.2));
#11533 = CARTESIAN_POINT('',(0.457422128729,1.109567700876,-10.2));
#11534 = CARTESIAN_POINT('',(0.477598559286,1.101087822877,-10.2));
#11535 = CARTESIAN_POINT('',(0.514776608869,1.084274040824,-10.2));
#11536 = CARTESIAN_POINT('',(0.569700922085,1.05773996749,-10.2));
#11537 = CARTESIAN_POINT('',(0.691958324807,0.986633327921,-10.2));
#11538 = CARTESIAN_POINT('',(0.786637250372,0.909923976654,-10.2));
#11539 = CARTESIAN_POINT('',(0.962510922957,0.73549087003,-10.2));
#11540 = CARTESIAN_POINT('',(1.051509766283,0.601252767889,-10.2));
#11541 = CARTESIAN_POINT('',(1.120890283551,0.428992007433,-10.2));
#11542 = CARTESIAN_POINT('',(1.127113351732,0.412337411107,-10.2));
#11543 = CARTESIAN_POINT('',(1.139532581869,0.376804238971,-10.2));
#11544 = CARTESIAN_POINT('',(1.156860254766,0.323239495163,-10.2));
#11545 = CARTESIAN_POINT('',(1.188183285363,0.19640019372,-10.2));
#11546 = CARTESIAN_POINT('',(1.199417529599,8.450096523922E-02,-10.2));
#11547 = CARTESIAN_POINT('',(1.199987923194,5.656897992745E-03,-10.2));
#11548 = CARTESIAN_POINT('',(1.199998735022,2.827492127925E-03,-10.2));
#11549 = CARTESIAN_POINT('',(1.199999875505,-9.522998302468E-12,-10.2));
#11550 = ORIENTED_EDGE('',*,*,#11551,.F.);
#11551 = EDGE_CURVE('',#11552,#11527,#11554,.T.);
#11552 = VERTEX_POINT('',#11553);
#11553 = CARTESIAN_POINT('',(-1.694635938902E-02,1.199882419174,-10.2));
#11554 = B_SPLINE_CURVE_WITH_KNOTS('',3,(#11555,#11556,#11557,#11558),
  .UNSPECIFIED.,.F.,.F.,(4,4),(0.995371906199,1.),
  .PIECEWISE_BEZIER_KNOTS.);
#11555 = CARTESIAN_POINT('',(-1.694635938902E-02,1.199882419174,-10.2));
#11556 = CARTESIAN_POINT('',(-1.130518031957E-02,1.199961500619,-10.2));
#11557 = CARTESIAN_POINT('',(-5.65638405175E-03,1.2,-10.2));
#11558 = CARTESIAN_POINT('',(-8.422827864861E-14,1.2,-10.2));
#11559 = ORIENTED_EDGE('',*,*,#11560,.F.);
#11560 = EDGE_CURVE('',#11561,#11552,#11563,.T.);
#11561 = VERTEX_POINT('',#11562);
#11562 = CARTESIAN_POINT('',(-1.199999875506,9.522162280949E-12,-10.2));
#11563 = B_SPLINE_CURVE_WITH_KNOTS('',3,(#11564,#11565,#11566,#11567,
    #11568,#11569,#11570,#11571,#11572,#11573,#11574,#11575,#11576,
    #11577,#11578,#11579),.UNSPECIFIED.,.F.,.F.,(4,2,2,1,2,2,2,1,4),(
    0.500003169548,0.622107441374,0.653212813443,0.684318185512,
    0.746528929649,0.870950417924,0.902055789992,0.933161162061,
    0.995371906199),.UNSPECIFIED.);
#11564 = CARTESIAN_POINT('',(-1.199999875506,9.522162280949E-12,-10.2));
#11565 = CARTESIAN_POINT('',(-1.200059972276,0.148992206866,-10.2));
#11566 = CARTESIAN_POINT('',(-1.173265934189,0.29267061185,-10.2));
#11567 = CARTESIAN_POINT('',(-1.105934885208,0.467282353483,-10.2));
#11568 = CARTESIAN_POINT('',(-1.088565561859,0.506825029473,-10.2));
#11569 = CARTESIAN_POINT('',(-1.051956709274,0.579268146456,-10.2));
#11570 = CARTESIAN_POINT('',(-0.991789829136,0.684561777142,-10.2));
#11571 = CARTESIAN_POINT('',(-0.91586214522,0.77974227346,-10.2));
#11572 = CARTESIAN_POINT('',(-0.742992372351,0.95661908694,-10.2));
#11573 = CARTESIAN_POINT('',(-0.609085946307,1.047012327193,-10.2));
#11574 = CARTESIAN_POINT('',(-0.418548772662,1.125386530457,-10.2));
#11575 = CARTESIAN_POINT('',(-0.384780591932,1.137319691827,-10.2));
#11576 = CARTESIAN_POINT('',(-0.313064618302,1.159223700704,-10.2));
#11577 = CARTESIAN_POINT('',(-0.204462398414,1.186862465759,-10.2));
#11578 = CARTESIAN_POINT('',(-9.27754002013E-02,1.198849486027,-10.2));
#11579 = CARTESIAN_POINT('',(-1.694635938902E-02,1.199882419174,-10.2));
#11580 = ORIENTED_EDGE('',*,*,#11581,.F.);
#11581 = EDGE_CURVE('',#11479,#11561,#11582,.T.);
#11582 = CIRCLE('',#11583,0.3);
#11583 = AXIS2_PLACEMENT_3D('',#11584,#11585,#11586);
#11584 = CARTESIAN_POINT('',(-1.2,0.,-9.9));
#11585 = DIRECTION('',(0.,-1.,-0.));
#11586 = DIRECTION('',(0.,0.,-1.));
#11587 = TOROIDAL_SURFACE('',#11588,1.2,0.3);
#11588 = AXIS2_PLACEMENT_3D('',#11589,#11590,#11591);
#11589 = CARTESIAN_POINT('',(7.115076756936E-17,0.,-9.9));
#11590 = DIRECTION('',(0.,0.,-1.));
#11591 = DIRECTION('',(-1.,0.,0.));
#11592 = ADVANCED_FACE('',(#11593),#11651,.F.);
#11593 = FACE_BOUND('',#11594,.F.);
#11594 = EDGE_LOOP('',(#11595,#11596,#11597,#11598,#11623,#11632));
#11595 = ORIENTED_EDGE('',*,*,#11517,.F.);
#11596 = ORIENTED_EDGE('',*,*,#11478,.T.);
#11597 = ORIENTED_EDGE('',*,*,#11581,.T.);
#11598 = ORIENTED_EDGE('',*,*,#11599,.F.);
#11599 = EDGE_CURVE('',#11600,#11561,#11602,.T.);
#11600 = VERTEX_POINT('',#11601);
#11601 = CARTESIAN_POINT('',(2.771491803416E-16,-1.2,-10.2));
#11602 = B_SPLINE_CURVE_WITH_KNOTS('',3,(#11603,#11604,#11605,#11606,
    #11607,#11608,#11609,#11610,#11611,#11612,#11613,#11614,#11615,
    #11616,#11617,#11618,#11619,#11620,#11621,#11622),.UNSPECIFIED.,.F.,
  .F.,(4,2,2,1,1,2,2,2,1,1,2,4),(0.,0.124421488275,0.139974174309,
    0.155526860344,0.186632232412,0.24884297655,0.373264464824,
    0.388817150859,0.404369836893,0.435475208962,0.497685953099,
    0.500003169548),.UNSPECIFIED.);
#11603 = CARTESIAN_POINT('',(2.771491803416E-16,-1.2,-10.2));
#11604 = CARTESIAN_POINT('',(-0.15171090867,-1.2,-10.2));
#11605 = CARTESIAN_POINT('',(-0.298291217062,-1.172174675935,-10.2));
#11606 = CARTESIAN_POINT('',(-0.457422138688,-1.109567696789,-10.2));
#11607 = CARTESIAN_POINT('',(-0.477598570321,-1.101087818116,-10.2));
#11608 = CARTESIAN_POINT('',(-0.514776620516,-1.084274035327,-10.2));
#11609 = CARTESIAN_POINT('',(-0.569700934611,-1.057739960829,-10.2));
#11610 = CARTESIAN_POINT('',(-0.691958339118,-0.986633318131,-10.2));
#11611 = CARTESIAN_POINT('',(-0.786637265756,-0.909923963468,-10.2));
#11612 = CARTESIAN_POINT('',(-0.962510939878,-0.735490849104,-10.2));
#11613 = CARTESIAN_POINT('',(-1.051509781177,-0.601252742728,-10.2));
#11614 = CARTESIAN_POINT('',(-1.120890295799,-0.428991975546,-10.2));
#11615 = CARTESIAN_POINT('',(-1.127113362605,-0.412337381499,-10.2));
#11616 = CARTESIAN_POINT('',(-1.139532592043,-0.376804208361,-10.2));
#11617 = CARTESIAN_POINT('',(-1.156860263831,-0.323239463037,-10.2));
#11618 = CARTESIAN_POINT('',(-1.188183291432,-0.196400157974,-10.2));
#11619 = CARTESIAN_POINT('',(-1.199417532394,-8.450092624565E-02,-10.2)
  );
#11620 = CARTESIAN_POINT('',(-1.199987923299,-5.656870528656E-03,-10.2)
  );
#11621 = CARTESIAN_POINT('',(-1.199998735028,-2.827478404521E-03,-10.2)
  );
#11622 = CARTESIAN_POINT('',(-1.199999875506,9.522162280949E-12,-10.2));
#11623 = ORIENTED_EDGE('',*,*,#11624,.F.);
#11624 = EDGE_CURVE('',#11625,#11600,#11627,.T.);
#11625 = VERTEX_POINT('',#11626);
#11626 = CARTESIAN_POINT('',(1.694647104843E-02,-1.199884500737,
    -10.19999999998));
#11627 = B_SPLINE_CURVE_WITH_KNOTS('',3,(#11628,#11629,#11630,#11631),
  .UNSPECIFIED.,.F.,.F.,(4,4),(0.995371883707,1.),
  .PIECEWISE_BEZIER_KNOTS.);
#11628 = CARTESIAN_POINT('',(1.694647104843E-02,-1.199884500737,
    -10.19999999998));
#11629 = CARTESIAN_POINT('',(1.130523522326E-02,-1.199961500244,-10.2));
#11630 = CARTESIAN_POINT('',(5.656411540471E-03,-1.2,-10.2));
#11631 = CARTESIAN_POINT('',(2.771491803416E-16,-1.2,-10.2));
#11632 = ORIENTED_EDGE('',*,*,#11633,.F.);
#11633 = EDGE_CURVE('',#11518,#11625,#11634,.T.);
#11634 = B_SPLINE_CURVE_WITH_KNOTS('',3,(#11635,#11636,#11637,#11638,
    #11639,#11640,#11641,#11642,#11643,#11644,#11645,#11646,#11647,
    #11648,#11649,#11650),.UNSPECIFIED.,.F.,.F.,(4,2,2,1,2,2,2,1,4),(
    0.500003169578,0.622107427317,0.653212798683,0.684318170049,
    0.74652891278,0.870950398244,0.90205576961,0.933161140975,
    0.995371883707),.UNSPECIFIED.);
#11635 = CARTESIAN_POINT('',(1.199999875505,-9.522998302468E-12,-10.2));
#11636 = CARTESIAN_POINT('',(1.200059972234,-0.148992187834,-10.2));
#11637 = CARTESIAN_POINT('',(1.173265940346,-0.292670578742,-10.2));
#11638 = CARTESIAN_POINT('',(1.105934905625,-0.4672823049,-10.2));
#11639 = CARTESIAN_POINT('',(1.088565585841,-0.506824977662,-10.2));
#11640 = CARTESIAN_POINT('',(1.051956737407,-0.579268095141,-10.2));
#11641 = CARTESIAN_POINT('',(0.991789863733,-0.684561726723,-10.2));
#11642 = CARTESIAN_POINT('',(0.915862186994,-0.779742224394,-10.2));
#11643 = CARTESIAN_POINT('',(0.742992429427,-0.95661904119,-10.2));
#11644 = CARTESIAN_POINT('',(0.609086009317,-1.047012290117,-10.2));
#11645 = CARTESIAN_POINT('',(0.418548847323,-1.125386502536,-10.2));
#11646 = CARTESIAN_POINT('',(0.384780661164,-1.137319668265,-10.2));
#11647 = CARTESIAN_POINT('',(0.313064690053,-1.159223681206,-10.2));
#11648 = CARTESIAN_POINT('',(0.20446247399,-1.186862452591,-10.2));
#11649 = CARTESIAN_POINT('',(9.277547974143E-02,-1.198849479897,-10.2));
#11650 = CARTESIAN_POINT('',(1.694647104843E-02,-1.199884500737,
    -10.19999999998));
#11651 = TOROIDAL_SURFACE('',#11652,1.2,0.3);
#11652 = AXIS2_PLACEMENT_3D('',#11653,#11654,#11655);
#11653 = CARTESIAN_POINT('',(7.115076756936E-17,0.,-9.9));
#11654 = DIRECTION('',(0.,0.,-1.));
#11655 = DIRECTION('',(-1.,0.,0.));
#11656 = ADVANCED_FACE('',(#11657),#11669,.T.);
#11657 = FACE_BOUND('',#11658,.T.);
#11658 = EDGE_LOOP('',(#11659,#11660,#11661,#11668));
#11659 = ORIENTED_EDGE('',*,*,#11510,.T.);
#11660 = ORIENTED_EDGE('',*,*,#11468,.F.);
#11661 = ORIENTED_EDGE('',*,*,#11662,.T.);
#11662 = EDGE_CURVE('',#11469,#11488,#11663,.T.);
#11663 = CIRCLE('',#11664,1.5);
#11664 = AXIS2_PLACEMENT_3D('',#11665,#11666,#11667);
#11665 = CARTESIAN_POINT('',(0.,0.,-10.2));
#11666 = DIRECTION('',(0.,0.,1.));
#11667 = DIRECTION('',(1.,0.,-0.));
#11668 = ORIENTED_EDGE('',*,*,#11487,.T.);
#11669 = CYLINDRICAL_SURFACE('',#11670,1.5);
#11670 = AXIS2_PLACEMENT_3D('',#11671,#11672,#11673);
#11671 = CARTESIAN_POINT('',(0.,0.,-10.22356831772));
#11672 = DIRECTION('',(0.,0.,1.));
#11673 = DIRECTION('',(1.,0.,-0.));
#11674 = ADVANCED_FACE('',(#11675,#11683),#11687,.F.);
#11675 = FACE_BOUND('',#11676,.F.);
#11676 = EDGE_LOOP('',(#11677,#11678,#11679,#11680,#11681,#11682));
#11677 = ORIENTED_EDGE('',*,*,#11599,.T.);
#11678 = ORIENTED_EDGE('',*,*,#11560,.T.);
#11679 = ORIENTED_EDGE('',*,*,#11551,.T.);
#11680 = ORIENTED_EDGE('',*,*,#11526,.T.);
#11681 = ORIENTED_EDGE('',*,*,#11633,.T.);
#11682 = ORIENTED_EDGE('',*,*,#11624,.T.);
#11683 = FACE_BOUND('',#11684,.F.);
#11684 = EDGE_LOOP('',(#11685,#11686));
#11685 = ORIENTED_EDGE('',*,*,#11662,.T.);
#11686 = ORIENTED_EDGE('',*,*,#11495,.T.);
#11687 = PLANE('',#11688);
#11688 = AXIS2_PLACEMENT_3D('',#11689,#11690,#11691);
#11689 = CARTESIAN_POINT('',(0.,0.,-10.2));
#11690 = DIRECTION('',(0.,0.,1.));
#11691 = DIRECTION('',(1.,0.,-0.));
#11692 = ORIENTED_CLOSED_SHELL('',*,#11693,.F.);
#11693 = CLOSED_SHELL('',(#11694,#11736,#11770,#11794,#11812));
#11694 = ADVANCED_FACE('',(#11695),#11731,.F.);
#11695 = FACE_BOUND('',#11696,.F.);
#11696 = EDGE_LOOP('',(#11697,#11708,#11716,#11725));
#11697 = ORIENTED_EDGE('',*,*,#11698,.T.);
#11698 = EDGE_CURVE('',#11699,#11701,#11703,.T.);
#11699 = VERTEX_POINT('',#11700);
#11700 = CARTESIAN_POINT('',(-0.65,8.136543496444E-17,-13.7));
#11701 = VERTEX_POINT('',#11702);
#11702 = CARTESIAN_POINT('',(0.65,0.,-13.7));
#11703 = CIRCLE('',#11704,0.65);
#11704 = AXIS2_PLACEMENT_3D('',#11705,#11706,#11707);
#11705 = CARTESIAN_POINT('',(0.,0.,-13.7));
#11706 = DIRECTION('',(0.,0.,-1.));
#11707 = DIRECTION('',(-1.,0.,0.));
#11708 = ORIENTED_EDGE('',*,*,#11709,.T.);
#11709 = EDGE_CURVE('',#11701,#11710,#11712,.T.);
#11710 = VERTEX_POINT('',#11711);
#11711 = CARTESIAN_POINT('',(0.65,7.960204194458E-17,-13.84934979733));
#11712 = LINE('',#11713,#11714);
#11713 = CARTESIAN_POINT('',(0.65,7.960204194458E-17,-13.68373309483));
#11714 = VECTOR('',#11715,1.);
#11715 = DIRECTION('',(0.,0.,-1.));
#11716 = ORIENTED_EDGE('',*,*,#11717,.F.);
#11717 = EDGE_CURVE('',#11718,#11710,#11720,.T.);
#11718 = VERTEX_POINT('',#11719);
#11719 = CARTESIAN_POINT('',(-0.65,0.,-13.84934979733));
#11720 = CIRCLE('',#11721,0.65);
#11721 = AXIS2_PLACEMENT_3D('',#11722,#11723,#11724);
#11722 = CARTESIAN_POINT('',(0.,0.,-13.84934979733));
#11723 = DIRECTION('',(0.,0.,-1.));
#11724 = DIRECTION('',(-1.,0.,0.));
#11725 = ORIENTED_EDGE('',*,*,#11726,.F.);
#11726 = EDGE_CURVE('',#11699,#11718,#11727,.T.);
#11727 = LINE('',#11728,#11729);
#11728 = CARTESIAN_POINT('',(-0.65,0.,-13.68373309483));
#11729 = VECTOR('',#11730,1.);
#11730 = DIRECTION('',(0.,0.,-1.));
#11731 = CYLINDRICAL_SURFACE('',#11732,0.65);
#11732 = AXIS2_PLACEMENT_3D('',#11733,#11734,#11735);
#11733 = CARTESIAN_POINT('',(0.,0.,-13.68373309483));
#11734 = DIRECTION('',(0.,0.,-1.));
#11735 = DIRECTION('',(-1.,0.,0.));
#11736 = ADVANCED_FACE('',(#11737),#11765,.F.);
#11737 = FACE_BOUND('',#11738,.F.);
#11738 = EDGE_LOOP('',(#11739,#11740,#11749,#11758));
#11739 = ORIENTED_EDGE('',*,*,#11698,.F.);
#11740 = ORIENTED_EDGE('',*,*,#11741,.T.);
#11741 = EDGE_CURVE('',#11699,#11742,#11744,.T.);
#11742 = VERTEX_POINT('',#11743);
#11743 = CARTESIAN_POINT('',(-0.678798393481,8.31288279843E-17,
    -13.84934979733));
#11744 = CIRCLE('',#11745,0.401666666667);
#11745 = AXIS2_PLACEMENT_3D('',#11746,#11747,#11748);
#11746 = CARTESIAN_POINT('',(-1.051666666667,1.287920217104E-16,-13.7));
#11747 = DIRECTION('',(1.224646799147E-16,1.,0.));
#11748 = DIRECTION('',(-1.,1.224646799147E-16,0.));
#11749 = ORIENTED_EDGE('',*,*,#11750,.F.);
#11750 = EDGE_CURVE('',#11751,#11742,#11753,.T.);
#11751 = VERTEX_POINT('',#11752);
#11752 = CARTESIAN_POINT('',(0.678798393481,0.,-13.84934979733));
#11753 = CIRCLE('',#11754,0.678798393481);
#11754 = AXIS2_PLACEMENT_3D('',#11755,#11756,#11757);
#11755 = CARTESIAN_POINT('',(0.,0.,-13.84934979733));
#11756 = DIRECTION('',(0.,0.,1.));
#11757 = DIRECTION('',(1.,0.,-0.));
#11758 = ORIENTED_EDGE('',*,*,#11759,.F.);
#11759 = EDGE_CURVE('',#11701,#11751,#11760,.T.);
#11760 = CIRCLE('',#11761,0.401666666667);
#11761 = AXIS2_PLACEMENT_3D('',#11762,#11763,#11764);
#11762 = CARTESIAN_POINT('',(1.051666666667,0.,-13.7));
#11763 = DIRECTION('',(0.,-1.,0.));
#11764 = DIRECTION('',(0.,0.,-1.));
#11765 = TOROIDAL_SURFACE('',#11766,1.051666666667,0.401666666667);
#11766 = AXIS2_PLACEMENT_3D('',#11767,#11768,#11769);
#11767 = CARTESIAN_POINT('',(4.156441399215E-17,0.,-13.7));
#11768 = DIRECTION('',(-0.,0.,1.));
#11769 = DIRECTION('',(1.,0.,0.));
#11770 = ADVANCED_FACE('',(#11771),#11789,.F.);
#11771 = FACE_BOUND('',#11772,.F.);
#11772 = EDGE_LOOP('',(#11773,#11774,#11781,#11782));
#11773 = ORIENTED_EDGE('',*,*,#11741,.F.);
#11774 = ORIENTED_EDGE('',*,*,#11775,.F.);
#11775 = EDGE_CURVE('',#11701,#11699,#11776,.T.);
#11776 = CIRCLE('',#11777,0.65);
#11777 = AXIS2_PLACEMENT_3D('',#11778,#11779,#11780);
#11778 = CARTESIAN_POINT('',(0.,0.,-13.7));
#11779 = DIRECTION('',(0.,0.,-1.));
#11780 = DIRECTION('',(-1.,0.,0.));
#11781 = ORIENTED_EDGE('',*,*,#11759,.T.);
#11782 = ORIENTED_EDGE('',*,*,#11783,.F.);
#11783 = EDGE_CURVE('',#11742,#11751,#11784,.T.);
#11784 = CIRCLE('',#11785,0.678798393481);
#11785 = AXIS2_PLACEMENT_3D('',#11786,#11787,#11788);
#11786 = CARTESIAN_POINT('',(0.,0.,-13.84934979733));
#11787 = DIRECTION('',(0.,0.,1.));
#11788 = DIRECTION('',(1.,0.,-0.));
#11789 = TOROIDAL_SURFACE('',#11790,1.051666666667,0.401666666667);
#11790 = AXIS2_PLACEMENT_3D('',#11791,#11792,#11793);
#11791 = CARTESIAN_POINT('',(4.156441399215E-17,0.,-13.7));
#11792 = DIRECTION('',(-0.,0.,1.));
#11793 = DIRECTION('',(1.,0.,0.));
#11794 = ADVANCED_FACE('',(#11795),#11807,.F.);
#11795 = FACE_BOUND('',#11796,.F.);
#11796 = EDGE_LOOP('',(#11797,#11798,#11799,#11800));
#11797 = ORIENTED_EDGE('',*,*,#11709,.F.);
#11798 = ORIENTED_EDGE('',*,*,#11775,.T.);
#11799 = ORIENTED_EDGE('',*,*,#11726,.T.);
#11800 = ORIENTED_EDGE('',*,*,#11801,.F.);
#11801 = EDGE_CURVE('',#11710,#11718,#11802,.T.);
#11802 = CIRCLE('',#11803,0.65);
#11803 = AXIS2_PLACEMENT_3D('',#11804,#11805,#11806);
#11804 = CARTESIAN_POINT('',(0.,0.,-13.84934979733));
#11805 = DIRECTION('',(0.,0.,-1.));
#11806 = DIRECTION('',(-1.,0.,0.));
#11807 = CYLINDRICAL_SURFACE('',#11808,0.65);
#11808 = AXIS2_PLACEMENT_3D('',#11809,#11810,#11811);
#11809 = CARTESIAN_POINT('',(0.,0.,-13.68373309483));
#11810 = DIRECTION('',(0.,0.,-1.));
#11811 = DIRECTION('',(-1.,0.,0.));
#11812 = ADVANCED_FACE('',(#11813,#11817),#11821,.F.);
#11813 = FACE_BOUND('',#11814,.F.);
#11814 = EDGE_LOOP('',(#11815,#11816));
#11815 = ORIENTED_EDGE('',*,*,#11717,.T.);
#11816 = ORIENTED_EDGE('',*,*,#11801,.T.);
#11817 = FACE_BOUND('',#11818,.F.);
#11818 = EDGE_LOOP('',(#11819,#11820));
#11819 = ORIENTED_EDGE('',*,*,#11750,.T.);
#11820 = ORIENTED_EDGE('',*,*,#11783,.T.);
#11821 = PLANE('',#11822);
#11822 = AXIS2_PLACEMENT_3D('',#11823,#11824,#11825);
#11823 = CARTESIAN_POINT('',(0.,0.,-13.84934979733));
#11824 = DIRECTION('',(0.,0.,1.));
#11825 = DIRECTION('',(1.,0.,-0.));
#11826 = ( GEOMETRIC_REPRESENTATION_CONTEXT(3) 
GLOBAL_UNCERTAINTY_ASSIGNED_CONTEXT((#11830)) 
GLOBAL_UNIT_ASSIGNED_CONTEXT((#11827,#11828,#11829)) 
REPRESENTATION_CONTEXT('Context #1',
  '3D Context with UNIT and UNCERTAINTY') );
#11827 = ( LENGTH_UNIT() NAMED_UNIT(*) SI_UNIT(.MILLI.,.METRE.) );
#11828 = ( NAMED_UNIT(*) PLANE_ANGLE_UNIT() SI_UNIT($,.RADIAN.) );
#11829 = ( NAMED_UNIT(*) SI_UNIT($,.STERADIAN.) SOLID_ANGLE_UNIT() );
#11830 = UNCERTAINTY_MEASURE_WITH_UNIT(LENGTH_MEASURE(2.E-05),#11827,
  'distance_accuracy_value','confusion accuracy');
#11831 = PRODUCT_RELATED_PRODUCT_CATEGORY('part',$,(#7));
#11832 = MECHANICAL_DESIGN_GEOMETRIC_PRESENTATION_REPRESENTATION('',(
    #11833,#11844,#11852,#11859,#11866,#11873,#11880,#11887,#11894,
    #11901,#11908,#11915,#11922,#11929,#11936,#11943,#11950,#11957,
    #11964,#11971,#11978,#11985,#11992,#11999,#12006,#12013,#12020,
    #12027,#12034,#12041,#12048,#12055,#12062,#12069,#12076,#12083,
    #12090,#12097,#12104,#12111,#12118,#12125,#12132,#12139,#12146,
    #12153,#12160,#12167,#12174,#12181,#12188,#12195,#12202,#12209,
    #12216,#12223,#12230,#12237,#12244,#12251,#12258,#12265,#12272,
    #12279,#12286,#12293,#12300,#12307,#12314,#12321,#12328,#12335,
    #12342,#12349,#12356,#12363,#12370,#12377,#12384,#12391,#12398,
    #12405,#12412,#12419,#12426,#12433,#12440,#12447,#12454,#12461,
    #12468,#12475,#12482,#12489,#12496,#12503,#12510,#12517,#12524,
    #12531,#12538,#12545,#12552,#12559),#11826);
#11833 = STYLED_ITEM('color',(#11834),#15);
#11834 = PRESENTATION_STYLE_ASSIGNMENT((#11835,#11841));
#11835 = SURFACE_STYLE_USAGE(.BOTH.,#11836);
#11836 = SURFACE_SIDE_STYLE('',(#11837));
#11837 = SURFACE_STYLE_FILL_AREA(#11838);
#11838 = FILL_AREA_STYLE('',(#11839));
#11839 = FILL_AREA_STYLE_COLOUR('',#11840);
#11840 = COLOUR_RGB('',0.168627456984,0.180392163476,0.199999998682);
#11841 = CURVE_STYLE('',#11842,POSITIVE_LENGTH_MEASURE(0.1),#11843);
#11842 = DRAUGHTING_PRE_DEFINED_CURVE_FONT('continuous');
#11843 = COLOUR_RGB('',9.803921802644E-02,9.803921802644E-02,
  9.803921802644E-02);
#11844 = OVER_RIDING_STYLED_ITEM('overriding color',(#11845),#59,#11833
  );
#11845 = PRESENTATION_STYLE_ASSIGNMENT((#11846));
#11846 = SURFACE_STYLE_USAGE(.BOTH.,#11847);
#11847 = SURFACE_SIDE_STYLE('',(#11848));
#11848 = SURFACE_STYLE_FILL_AREA(#11849);
#11849 = FILL_AREA_STYLE('',(#11850));
#11850 = FILL_AREA_STYLE_COLOUR('',#11851);
#11851 = COLOUR_RGB('',0.83529413669,0.858823546443,0.913725491704);
#11852 = OVER_RIDING_STYLED_ITEM('overriding color',(#11853),#143,#11833
  );
#11853 = PRESENTATION_STYLE_ASSIGNMENT((#11854));
#11854 = SURFACE_STYLE_USAGE(.BOTH.,#11855);
#11855 = SURFACE_SIDE_STYLE('',(#11856));
#11856 = SURFACE_STYLE_FILL_AREA(#11857);
#11857 = FILL_AREA_STYLE('',(#11858));
#11858 = FILL_AREA_STYLE_COLOUR('',#11851);
#11859 = OVER_RIDING_STYLED_ITEM('overriding color',(#11860),#185,#11833
  );
#11860 = PRESENTATION_STYLE_ASSIGNMENT((#11861));
#11861 = SURFACE_STYLE_USAGE(.BOTH.,#11862);
#11862 = SURFACE_SIDE_STYLE('',(#11863));
#11863 = SURFACE_STYLE_FILL_AREA(#11864);
#11864 = FILL_AREA_STYLE('',(#11865));
#11865 = FILL_AREA_STYLE_COLOUR('',#11851);
#11866 = OVER_RIDING_STYLED_ITEM('overriding color',(#11867),#218,#11833
  );
#11867 = PRESENTATION_STYLE_ASSIGNMENT((#11868));
#11868 = SURFACE_STYLE_USAGE(.BOTH.,#11869);
#11869 = SURFACE_SIDE_STYLE('',(#11870));
#11870 = SURFACE_STYLE_FILL_AREA(#11871);
#11871 = FILL_AREA_STYLE('',(#11872));
#11872 = FILL_AREA_STYLE_COLOUR('',#11851);
#11873 = OVER_RIDING_STYLED_ITEM('overriding color',(#11874),#250,#11833
  );
#11874 = PRESENTATION_STYLE_ASSIGNMENT((#11875));
#11875 = SURFACE_STYLE_USAGE(.BOTH.,#11876);
#11876 = SURFACE_SIDE_STYLE('',(#11877));
#11877 = SURFACE_STYLE_FILL_AREA(#11878);
#11878 = FILL_AREA_STYLE('',(#11879));
#11879 = FILL_AREA_STYLE_COLOUR('',#11851);
#11880 = OVER_RIDING_STYLED_ITEM('overriding color',(#11881),#562,#11833
  );
#11881 = PRESENTATION_STYLE_ASSIGNMENT((#11882));
#11882 = SURFACE_STYLE_USAGE(.BOTH.,#11883);
#11883 = SURFACE_SIDE_STYLE('',(#11884));
#11884 = SURFACE_STYLE_FILL_AREA(#11885);
#11885 = FILL_AREA_STYLE('',(#11886));
#11886 = FILL_AREA_STYLE_COLOUR('',#11851);
#11887 = OVER_RIDING_STYLED_ITEM('overriding color',(#11888),#738,#11833
  );
#11888 = PRESENTATION_STYLE_ASSIGNMENT((#11889));
#11889 = SURFACE_STYLE_USAGE(.BOTH.,#11890);
#11890 = SURFACE_SIDE_STYLE('',(#11891));
#11891 = SURFACE_STYLE_FILL_AREA(#11892);
#11892 = FILL_AREA_STYLE('',(#11893));
#11893 = FILL_AREA_STYLE_COLOUR('',#11851);
#11894 = OVER_RIDING_STYLED_ITEM('overriding color',(#11895),#767,#11833
  );
#11895 = PRESENTATION_STYLE_ASSIGNMENT((#11896));
#11896 = SURFACE_STYLE_USAGE(.BOTH.,#11897);
#11897 = SURFACE_SIDE_STYLE('',(#11898));
#11898 = SURFACE_STYLE_FILL_AREA(#11899);
#11899 = FILL_AREA_STYLE('',(#11900));
#11900 = FILL_AREA_STYLE_COLOUR('',#11851);
#11901 = OVER_RIDING_STYLED_ITEM('overriding color',(#11902),#917,#11833
  );
#11902 = PRESENTATION_STYLE_ASSIGNMENT((#11903));
#11903 = SURFACE_STYLE_USAGE(.BOTH.,#11904);
#11904 = SURFACE_SIDE_STYLE('',(#11905));
#11905 = SURFACE_STYLE_FILL_AREA(#11906);
#11906 = FILL_AREA_STYLE('',(#11907));
#11907 = FILL_AREA_STYLE_COLOUR('',#11851);
#11908 = OVER_RIDING_STYLED_ITEM('overriding color',(#11909),#941,#11833
  );
#11909 = PRESENTATION_STYLE_ASSIGNMENT((#11910));
#11910 = SURFACE_STYLE_USAGE(.BOTH.,#11911);
#11911 = SURFACE_SIDE_STYLE('',(#11912));
#11912 = SURFACE_STYLE_FILL_AREA(#11913);
#11913 = FILL_AREA_STYLE('',(#11914));
#11914 = FILL_AREA_STYLE_COLOUR('',#11851);
#11915 = OVER_RIDING_STYLED_ITEM('overriding color',(#11916),#1016,
  #11833);
#11916 = PRESENTATION_STYLE_ASSIGNMENT((#11917));
#11917 = SURFACE_STYLE_USAGE(.BOTH.,#11918);
#11918 = SURFACE_SIDE_STYLE('',(#11919));
#11919 = SURFACE_STYLE_FILL_AREA(#11920);
#11920 = FILL_AREA_STYLE('',(#11921));
#11921 = FILL_AREA_STYLE_COLOUR('',#11851);
#11922 = OVER_RIDING_STYLED_ITEM('overriding color',(#11923),#1491,
  #11833);
#11923 = PRESENTATION_STYLE_ASSIGNMENT((#11924));
#11924 = SURFACE_STYLE_USAGE(.BOTH.,#11925);
#11925 = SURFACE_SIDE_STYLE('',(#11926));
#11926 = SURFACE_STYLE_FILL_AREA(#11927);
#11927 = FILL_AREA_STYLE('',(#11928));
#11928 = FILL_AREA_STYLE_COLOUR('',#11851);
#11929 = OVER_RIDING_STYLED_ITEM('overriding color',(#11930),#1605,
  #11833);
#11930 = PRESENTATION_STYLE_ASSIGNMENT((#11931));
#11931 = SURFACE_STYLE_USAGE(.BOTH.,#11932);
#11932 = SURFACE_SIDE_STYLE('',(#11933));
#11933 = SURFACE_STYLE_FILL_AREA(#11934);
#11934 = FILL_AREA_STYLE('',(#11935));
#11935 = FILL_AREA_STYLE_COLOUR('',#11851);
#11936 = OVER_RIDING_STYLED_ITEM('overriding color',(#11937),#1836,
  #11833);
#11937 = PRESENTATION_STYLE_ASSIGNMENT((#11938));
#11938 = SURFACE_STYLE_USAGE(.BOTH.,#11939);
#11939 = SURFACE_SIDE_STYLE('',(#11940));
#11940 = SURFACE_STYLE_FILL_AREA(#11941);
#11941 = FILL_AREA_STYLE('',(#11942));
#11942 = FILL_AREA_STYLE_COLOUR('',#11851);
#11943 = OVER_RIDING_STYLED_ITEM('overriding color',(#11944),#1878,
  #11833);
#11944 = PRESENTATION_STYLE_ASSIGNMENT((#11945));
#11945 = SURFACE_STYLE_USAGE(.BOTH.,#11946);
#11946 = SURFACE_SIDE_STYLE('',(#11947));
#11947 = SURFACE_STYLE_FILL_AREA(#11948);
#11948 = FILL_AREA_STYLE('',(#11949));
#11949 = FILL_AREA_STYLE_COLOUR('',#11851);
#11950 = OVER_RIDING_STYLED_ITEM('overriding color',(#11951),#2096,
  #11833);
#11951 = PRESENTATION_STYLE_ASSIGNMENT((#11952));
#11952 = SURFACE_STYLE_USAGE(.BOTH.,#11953);
#11953 = SURFACE_SIDE_STYLE('',(#11954));
#11954 = SURFACE_STYLE_FILL_AREA(#11955);
#11955 = FILL_AREA_STYLE('',(#11956));
#11956 = FILL_AREA_STYLE_COLOUR('',#11851);
#11957 = OVER_RIDING_STYLED_ITEM('overriding color',(#11958),#2171,
  #11833);
#11958 = PRESENTATION_STYLE_ASSIGNMENT((#11959));
#11959 = SURFACE_STYLE_USAGE(.BOTH.,#11960);
#11960 = SURFACE_SIDE_STYLE('',(#11961));
#11961 = SURFACE_STYLE_FILL_AREA(#11962);
#11962 = FILL_AREA_STYLE('',(#11963));
#11963 = FILL_AREA_STYLE_COLOUR('',#11851);
#11964 = OVER_RIDING_STYLED_ITEM('overriding color',(#11965),#2450,
  #11833);
#11965 = PRESENTATION_STYLE_ASSIGNMENT((#11966));
#11966 = SURFACE_STYLE_USAGE(.BOTH.,#11967);
#11967 = SURFACE_SIDE_STYLE('',(#11968));
#11968 = SURFACE_STYLE_FILL_AREA(#11969);
#11969 = FILL_AREA_STYLE('',(#11970));
#11970 = FILL_AREA_STYLE_COLOUR('',#11851);
#11971 = OVER_RIDING_STYLED_ITEM('overriding color',(#11972),#2821,
  #11833);
#11972 = PRESENTATION_STYLE_ASSIGNMENT((#11973));
#11973 = SURFACE_STYLE_USAGE(.BOTH.,#11974);
#11974 = SURFACE_SIDE_STYLE('',(#11975));
#11975 = SURFACE_STYLE_FILL_AREA(#11976);
#11976 = FILL_AREA_STYLE('',(#11977));
#11977 = FILL_AREA_STYLE_COLOUR('',#11851);
#11978 = OVER_RIDING_STYLED_ITEM('overriding color',(#11979),#3815,
  #11833);
#11979 = PRESENTATION_STYLE_ASSIGNMENT((#11980));
#11980 = SURFACE_STYLE_USAGE(.BOTH.,#11981);
#11981 = SURFACE_SIDE_STYLE('',(#11982));
#11982 = SURFACE_STYLE_FILL_AREA(#11983);
#11983 = FILL_AREA_STYLE('',(#11984));
#11984 = FILL_AREA_STYLE_COLOUR('',#11851);
#11985 = OVER_RIDING_STYLED_ITEM('overriding color',(#11986),#3864,
  #11833);
#11986 = PRESENTATION_STYLE_ASSIGNMENT((#11987));
#11987 = SURFACE_STYLE_USAGE(.BOTH.,#11988);
#11988 = SURFACE_SIDE_STYLE('',(#11989));
#11989 = SURFACE_STYLE_FILL_AREA(#11990);
#11990 = FILL_AREA_STYLE('',(#11991));
#11991 = FILL_AREA_STYLE_COLOUR('',#11851);
#11992 = OVER_RIDING_STYLED_ITEM('overriding color',(#11993),#4174,
  #11833);
#11993 = PRESENTATION_STYLE_ASSIGNMENT((#11994));
#11994 = SURFACE_STYLE_USAGE(.BOTH.,#11995);
#11995 = SURFACE_SIDE_STYLE('',(#11996));
#11996 = SURFACE_STYLE_FILL_AREA(#11997);
#11997 = FILL_AREA_STYLE('',(#11998));
#11998 = FILL_AREA_STYLE_COLOUR('',#11851);
#11999 = OVER_RIDING_STYLED_ITEM('overriding color',(#12000),#4205,
  #11833);
#12000 = PRESENTATION_STYLE_ASSIGNMENT((#12001));
#12001 = SURFACE_STYLE_USAGE(.BOTH.,#12002);
#12002 = SURFACE_SIDE_STYLE('',(#12003));
#12003 = SURFACE_STYLE_FILL_AREA(#12004);
#12004 = FILL_AREA_STYLE('',(#12005));
#12005 = FILL_AREA_STYLE_COLOUR('',#11851);
#12006 = OVER_RIDING_STYLED_ITEM('overriding color',(#12007),#4271,
  #11833);
#12007 = PRESENTATION_STYLE_ASSIGNMENT((#12008));
#12008 = SURFACE_STYLE_USAGE(.BOTH.,#12009);
#12009 = SURFACE_SIDE_STYLE('',(#12010));
#12010 = SURFACE_STYLE_FILL_AREA(#12011);
#12011 = FILL_AREA_STYLE('',(#12012));
#12012 = FILL_AREA_STYLE_COLOUR('',#11851);
#12013 = OVER_RIDING_STYLED_ITEM('overriding color',(#12014),#4329,
  #11833);
#12014 = PRESENTATION_STYLE_ASSIGNMENT((#12015));
#12015 = SURFACE_STYLE_USAGE(.BOTH.,#12016);
#12016 = SURFACE_SIDE_STYLE('',(#12017));
#12017 = SURFACE_STYLE_FILL_AREA(#12018);
#12018 = FILL_AREA_STYLE('',(#12019));
#12019 = FILL_AREA_STYLE_COLOUR('',#11851);
#12020 = OVER_RIDING_STYLED_ITEM('overriding color',(#12021),#4339,
  #11833);
#12021 = PRESENTATION_STYLE_ASSIGNMENT((#12022));
#12022 = SURFACE_STYLE_USAGE(.BOTH.,#12023);
#12023 = SURFACE_SIDE_STYLE('',(#12024));
#12024 = SURFACE_STYLE_FILL_AREA(#12025);
#12025 = FILL_AREA_STYLE('',(#12026));
#12026 = FILL_AREA_STYLE_COLOUR('',#11851);
#12027 = OVER_RIDING_STYLED_ITEM('overriding color',(#12028),#4397,
  #11833);
#12028 = PRESENTATION_STYLE_ASSIGNMENT((#12029));
#12029 = SURFACE_STYLE_USAGE(.BOTH.,#12030);
#12030 = SURFACE_SIDE_STYLE('',(#12031));
#12031 = SURFACE_STYLE_FILL_AREA(#12032);
#12032 = FILL_AREA_STYLE('',(#12033));
#12033 = FILL_AREA_STYLE_COLOUR('',#11851);
#12034 = OVER_RIDING_STYLED_ITEM('overriding color',(#12035),#4680,
  #11833);
#12035 = PRESENTATION_STYLE_ASSIGNMENT((#12036));
#12036 = SURFACE_STYLE_USAGE(.BOTH.,#12037);
#12037 = SURFACE_SIDE_STYLE('',(#12038));
#12038 = SURFACE_STYLE_FILL_AREA(#12039);
#12039 = FILL_AREA_STYLE('',(#12040));
#12040 = FILL_AREA_STYLE_COLOUR('',#11851);
#12041 = OVER_RIDING_STYLED_ITEM('overriding color',(#12042),#4955,
  #11833);
#12042 = PRESENTATION_STYLE_ASSIGNMENT((#12043));
#12043 = SURFACE_STYLE_USAGE(.BOTH.,#12044);
#12044 = SURFACE_SIDE_STYLE('',(#12045));
#12045 = SURFACE_STYLE_FILL_AREA(#12046);
#12046 = FILL_AREA_STYLE('',(#12047));
#12047 = FILL_AREA_STYLE_COLOUR('',#11851);
#12048 = OVER_RIDING_STYLED_ITEM('overriding color',(#12049),#5391,
  #11833);
#12049 = PRESENTATION_STYLE_ASSIGNMENT((#12050));
#12050 = SURFACE_STYLE_USAGE(.BOTH.,#12051);
#12051 = SURFACE_SIDE_STYLE('',(#12052));
#12052 = SURFACE_STYLE_FILL_AREA(#12053);
#12053 = FILL_AREA_STYLE('',(#12054));
#12054 = FILL_AREA_STYLE_COLOUR('',#11851);
#12055 = OVER_RIDING_STYLED_ITEM('overriding color',(#12056),#5672,
  #11833);
#12056 = PRESENTATION_STYLE_ASSIGNMENT((#12057));
#12057 = SURFACE_STYLE_USAGE(.BOTH.,#12058);
#12058 = SURFACE_SIDE_STYLE('',(#12059));
#12059 = SURFACE_STYLE_FILL_AREA(#12060);
#12060 = FILL_AREA_STYLE('',(#12061));
#12061 = FILL_AREA_STYLE_COLOUR('',#11851);
#12062 = OVER_RIDING_STYLED_ITEM('overriding color',(#12063),#5698,
  #11833);
#12063 = PRESENTATION_STYLE_ASSIGNMENT((#12064));
#12064 = SURFACE_STYLE_USAGE(.BOTH.,#12065);
#12065 = SURFACE_SIDE_STYLE('',(#12066));
#12066 = SURFACE_STYLE_FILL_AREA(#12067);
#12067 = FILL_AREA_STYLE('',(#12068));
#12068 = FILL_AREA_STYLE_COLOUR('',#11851);
#12069 = OVER_RIDING_STYLED_ITEM('overriding color',(#12070),#5741,
  #11833);
#12070 = PRESENTATION_STYLE_ASSIGNMENT((#12071));
#12071 = SURFACE_STYLE_USAGE(.BOTH.,#12072);
#12072 = SURFACE_SIDE_STYLE('',(#12073));
#12073 = SURFACE_STYLE_FILL_AREA(#12074);
#12074 = FILL_AREA_STYLE('',(#12075));
#12075 = FILL_AREA_STYLE_COLOUR('',#11851);
#12076 = OVER_RIDING_STYLED_ITEM('overriding color',(#12077),#5774,
  #11833);
#12077 = PRESENTATION_STYLE_ASSIGNMENT((#12078));
#12078 = SURFACE_STYLE_USAGE(.BOTH.,#12079);
#12079 = SURFACE_SIDE_STYLE('',(#12080));
#12080 = SURFACE_STYLE_FILL_AREA(#12081);
#12081 = FILL_AREA_STYLE('',(#12082));
#12082 = FILL_AREA_STYLE_COLOUR('',#11851);
#12083 = OVER_RIDING_STYLED_ITEM('overriding color',(#12084),#5881,
  #11833);
#12084 = PRESENTATION_STYLE_ASSIGNMENT((#12085));
#12085 = SURFACE_STYLE_USAGE(.BOTH.,#12086);
#12086 = SURFACE_SIDE_STYLE('',(#12087));
#12087 = SURFACE_STYLE_FILL_AREA(#12088);
#12088 = FILL_AREA_STYLE('',(#12089));
#12089 = FILL_AREA_STYLE_COLOUR('',#11851);
#12090 = OVER_RIDING_STYLED_ITEM('overriding color',(#12091),#5914,
  #11833);
#12091 = PRESENTATION_STYLE_ASSIGNMENT((#12092));
#12092 = SURFACE_STYLE_USAGE(.BOTH.,#12093);
#12093 = SURFACE_SIDE_STYLE('',(#12094));
#12094 = SURFACE_STYLE_FILL_AREA(#12095);
#12095 = FILL_AREA_STYLE('',(#12096));
#12096 = FILL_AREA_STYLE_COLOUR('',#11851);
#12097 = OVER_RIDING_STYLED_ITEM('overriding color',(#12098),#6550,
  #11833);
#12098 = PRESENTATION_STYLE_ASSIGNMENT((#12099));
#12099 = SURFACE_STYLE_USAGE(.BOTH.,#12100);
#12100 = SURFACE_SIDE_STYLE('',(#12101));
#12101 = SURFACE_STYLE_FILL_AREA(#12102);
#12102 = FILL_AREA_STYLE('',(#12103));
#12103 = FILL_AREA_STYLE_COLOUR('',#11851);
#12104 = OVER_RIDING_STYLED_ITEM('overriding color',(#12105),#6675,
  #11833);
#12105 = PRESENTATION_STYLE_ASSIGNMENT((#12106));
#12106 = SURFACE_STYLE_USAGE(.BOTH.,#12107);
#12107 = SURFACE_SIDE_STYLE('',(#12108));
#12108 = SURFACE_STYLE_FILL_AREA(#12109);
#12109 = FILL_AREA_STYLE('',(#12110));
#12110 = FILL_AREA_STYLE_COLOUR('',#11851);
#12111 = OVER_RIDING_STYLED_ITEM('overriding color',(#12112),#6934,
  #11833);
#12112 = PRESENTATION_STYLE_ASSIGNMENT((#12113));
#12113 = SURFACE_STYLE_USAGE(.BOTH.,#12114);
#12114 = SURFACE_SIDE_STYLE('',(#12115));
#12115 = SURFACE_STYLE_FILL_AREA(#12116);
#12116 = FILL_AREA_STYLE('',(#12117));
#12117 = FILL_AREA_STYLE_COLOUR('',#11851);
#12118 = OVER_RIDING_STYLED_ITEM('overriding color',(#12119),#7200,
  #11833);
#12119 = PRESENTATION_STYLE_ASSIGNMENT((#12120));
#12120 = SURFACE_STYLE_USAGE(.BOTH.,#12121);
#12121 = SURFACE_SIDE_STYLE('',(#12122));
#12122 = SURFACE_STYLE_FILL_AREA(#12123);
#12123 = FILL_AREA_STYLE('',(#12124));
#12124 = FILL_AREA_STYLE_COLOUR('',#11851);
#12125 = OVER_RIDING_STYLED_ITEM('overriding color',(#12126),#7386,
  #11833);
#12126 = PRESENTATION_STYLE_ASSIGNMENT((#12127));
#12127 = SURFACE_STYLE_USAGE(.BOTH.,#12128);
#12128 = SURFACE_SIDE_STYLE('',(#12129));
#12129 = SURFACE_STYLE_FILL_AREA(#12130);
#12130 = FILL_AREA_STYLE('',(#12131));
#12131 = FILL_AREA_STYLE_COLOUR('',#11851);
#12132 = OVER_RIDING_STYLED_ITEM('overriding color',(#12133),#7419,
  #11833);
#12133 = PRESENTATION_STYLE_ASSIGNMENT((#12134));
#12134 = SURFACE_STYLE_USAGE(.BOTH.,#12135);
#12135 = SURFACE_SIDE_STYLE('',(#12136));
#12136 = SURFACE_STYLE_FILL_AREA(#12137);
#12137 = FILL_AREA_STYLE('',(#12138));
#12138 = FILL_AREA_STYLE_COLOUR('',#11851);
#12139 = OVER_RIDING_STYLED_ITEM('overriding color',(#12140),#7450,
  #11833);
#12140 = PRESENTATION_STYLE_ASSIGNMENT((#12141));
#12141 = SURFACE_STYLE_USAGE(.BOTH.,#12142);
#12142 = SURFACE_SIDE_STYLE('',(#12143));
#12143 = SURFACE_STYLE_FILL_AREA(#12144);
#12144 = FILL_AREA_STYLE('',(#12145));
#12145 = FILL_AREA_STYLE_COLOUR('',#11851);
#12146 = OVER_RIDING_STYLED_ITEM('overriding color',(#12147),#7483,
  #11833);
#12147 = PRESENTATION_STYLE_ASSIGNMENT((#12148));
#12148 = SURFACE_STYLE_USAGE(.BOTH.,#12149);
#12149 = SURFACE_SIDE_STYLE('',(#12150));
#12150 = SURFACE_STYLE_FILL_AREA(#12151);
#12151 = FILL_AREA_STYLE('',(#12152));
#12152 = FILL_AREA_STYLE_COLOUR('',#11851);
#12153 = OVER_RIDING_STYLED_ITEM('overriding color',(#12154),#7770,
  #11833);
#12154 = PRESENTATION_STYLE_ASSIGNMENT((#12155));
#12155 = SURFACE_STYLE_USAGE(.BOTH.,#12156);
#12156 = SURFACE_SIDE_STYLE('',(#12157));
#12157 = SURFACE_STYLE_FILL_AREA(#12158);
#12158 = FILL_AREA_STYLE('',(#12159));
#12159 = FILL_AREA_STYLE_COLOUR('',#11851);
#12160 = OVER_RIDING_STYLED_ITEM('overriding color',(#12161),#7828,
  #11833);
#12161 = PRESENTATION_STYLE_ASSIGNMENT((#12162));
#12162 = SURFACE_STYLE_USAGE(.BOTH.,#12163);
#12163 = SURFACE_SIDE_STYLE('',(#12164));
#12164 = SURFACE_STYLE_FILL_AREA(#12165);
#12165 = FILL_AREA_STYLE('',(#12166));
#12166 = FILL_AREA_STYLE_COLOUR('',#11851);
#12167 = OVER_RIDING_STYLED_ITEM('overriding color',(#12168),#7860,
  #11833);
#12168 = PRESENTATION_STYLE_ASSIGNMENT((#12169));
#12169 = SURFACE_STYLE_USAGE(.BOTH.,#12170);
#12170 = SURFACE_SIDE_STYLE('',(#12171));
#12171 = SURFACE_STYLE_FILL_AREA(#12172);
#12172 = FILL_AREA_STYLE('',(#12173));
#12173 = FILL_AREA_STYLE_COLOUR('',#11851);
#12174 = OVER_RIDING_STYLED_ITEM('overriding color',(#12175),#7892,
  #11833);
#12175 = PRESENTATION_STYLE_ASSIGNMENT((#12176));
#12176 = SURFACE_STYLE_USAGE(.BOTH.,#12177);
#12177 = SURFACE_SIDE_STYLE('',(#12178));
#12178 = SURFACE_STYLE_FILL_AREA(#12179);
#12179 = FILL_AREA_STYLE('',(#12180));
#12180 = FILL_AREA_STYLE_COLOUR('',#11851);
#12181 = OVER_RIDING_STYLED_ITEM('overriding color',(#12182),#8039,
  #11833);
#12182 = PRESENTATION_STYLE_ASSIGNMENT((#12183));
#12183 = SURFACE_STYLE_USAGE(.BOTH.,#12184);
#12184 = SURFACE_SIDE_STYLE('',(#12185));
#12185 = SURFACE_STYLE_FILL_AREA(#12186);
#12186 = FILL_AREA_STYLE('',(#12187));
#12187 = FILL_AREA_STYLE_COLOUR('',#11851);
#12188 = OVER_RIDING_STYLED_ITEM('overriding color',(#12189),#8097,
  #11833);
#12189 = PRESENTATION_STYLE_ASSIGNMENT((#12190));
#12190 = SURFACE_STYLE_USAGE(.BOTH.,#12191);
#12191 = SURFACE_SIDE_STYLE('',(#12192));
#12192 = SURFACE_STYLE_FILL_AREA(#12193);
#12193 = FILL_AREA_STYLE('',(#12194));
#12194 = FILL_AREA_STYLE_COLOUR('',#11851);
#12195 = OVER_RIDING_STYLED_ITEM('overriding color',(#12196),#8569,
  #11833);
#12196 = PRESENTATION_STYLE_ASSIGNMENT((#12197));
#12197 = SURFACE_STYLE_USAGE(.BOTH.,#12198);
#12198 = SURFACE_SIDE_STYLE('',(#12199));
#12199 = SURFACE_STYLE_FILL_AREA(#12200);
#12200 = FILL_AREA_STYLE('',(#12201));
#12201 = FILL_AREA_STYLE_COLOUR('',#11851);
#12202 = OVER_RIDING_STYLED_ITEM('overriding color',(#12203),#8610,
  #11833);
#12203 = PRESENTATION_STYLE_ASSIGNMENT((#12204));
#12204 = SURFACE_STYLE_USAGE(.BOTH.,#12205);
#12205 = SURFACE_SIDE_STYLE('',(#12206));
#12206 = SURFACE_STYLE_FILL_AREA(#12207);
#12207 = FILL_AREA_STYLE('',(#12208));
#12208 = FILL_AREA_STYLE_COLOUR('',#11851);
#12209 = OVER_RIDING_STYLED_ITEM('overriding color',(#12210),#8635,
  #11833);
#12210 = PRESENTATION_STYLE_ASSIGNMENT((#12211));
#12211 = SURFACE_STYLE_USAGE(.BOTH.,#12212);
#12212 = SURFACE_SIDE_STYLE('',(#12213));
#12213 = SURFACE_STYLE_FILL_AREA(#12214);
#12214 = FILL_AREA_STYLE('',(#12215));
#12215 = FILL_AREA_STYLE_COLOUR('',#11851);
#12216 = OVER_RIDING_STYLED_ITEM('overriding color',(#12217),#8668,
  #11833);
#12217 = PRESENTATION_STYLE_ASSIGNMENT((#12218));
#12218 = SURFACE_STYLE_USAGE(.BOTH.,#12219);
#12219 = SURFACE_SIDE_STYLE('',(#12220));
#12220 = SURFACE_STYLE_FILL_AREA(#12221);
#12221 = FILL_AREA_STYLE('',(#12222));
#12222 = FILL_AREA_STYLE_COLOUR('',#11851);
#12223 = OVER_RIDING_STYLED_ITEM('overriding color',(#12224),#8752,
  #11833);
#12224 = PRESENTATION_STYLE_ASSIGNMENT((#12225));
#12225 = SURFACE_STYLE_USAGE(.BOTH.,#12226);
#12226 = SURFACE_SIDE_STYLE('',(#12227));
#12227 = SURFACE_STYLE_FILL_AREA(#12228);
#12228 = FILL_AREA_STYLE('',(#12229));
#12229 = FILL_AREA_STYLE_COLOUR('',#11851);
#12230 = OVER_RIDING_STYLED_ITEM('overriding color',(#12231),#8791,
  #11833);
#12231 = PRESENTATION_STYLE_ASSIGNMENT((#12232));
#12232 = SURFACE_STYLE_USAGE(.BOTH.,#12233);
#12233 = SURFACE_SIDE_STYLE('',(#12234));
#12234 = SURFACE_STYLE_FILL_AREA(#12235);
#12235 = FILL_AREA_STYLE('',(#12236));
#12236 = FILL_AREA_STYLE_COLOUR('',#11851);
#12237 = OVER_RIDING_STYLED_ITEM('overriding color',(#12238),#8816,
  #11833);
#12238 = PRESENTATION_STYLE_ASSIGNMENT((#12239));
#12239 = SURFACE_STYLE_USAGE(.BOTH.,#12240);
#12240 = SURFACE_SIDE_STYLE('',(#12241));
#12241 = SURFACE_STYLE_FILL_AREA(#12242);
#12242 = FILL_AREA_STYLE('',(#12243));
#12243 = FILL_AREA_STYLE_COLOUR('',#11851);
#12244 = OVER_RIDING_STYLED_ITEM('overriding color',(#12245),#8892,
  #11833);
#12245 = PRESENTATION_STYLE_ASSIGNMENT((#12246));
#12246 = SURFACE_STYLE_USAGE(.BOTH.,#12247);
#12247 = SURFACE_SIDE_STYLE('',(#12248));
#12248 = SURFACE_STYLE_FILL_AREA(#12249);
#12249 = FILL_AREA_STYLE('',(#12250));
#12250 = FILL_AREA_STYLE_COLOUR('',#11851);
#12251 = OVER_RIDING_STYLED_ITEM('overriding color',(#12252),#8933,
  #11833);
#12252 = PRESENTATION_STYLE_ASSIGNMENT((#12253));
#12253 = SURFACE_STYLE_USAGE(.BOTH.,#12254);
#12254 = SURFACE_SIDE_STYLE('',(#12255));
#12255 = SURFACE_STYLE_FILL_AREA(#12256);
#12256 = FILL_AREA_STYLE('',(#12257));
#12257 = FILL_AREA_STYLE_COLOUR('',#11851);
#12258 = OVER_RIDING_STYLED_ITEM('overriding color',(#12259),#8957,
  #11833);
#12259 = PRESENTATION_STYLE_ASSIGNMENT((#12260));
#12260 = SURFACE_STYLE_USAGE(.BOTH.,#12261);
#12261 = SURFACE_SIDE_STYLE('',(#12262));
#12262 = SURFACE_STYLE_FILL_AREA(#12263);
#12263 = FILL_AREA_STYLE('',(#12264));
#12264 = FILL_AREA_STYLE_COLOUR('',#11851);
#12265 = OVER_RIDING_STYLED_ITEM('overriding color',(#12266),#9043,
  #11833);
#12266 = PRESENTATION_STYLE_ASSIGNMENT((#12267));
#12267 = SURFACE_STYLE_USAGE(.BOTH.,#12268);
#12268 = SURFACE_SIDE_STYLE('',(#12269));
#12269 = SURFACE_STYLE_FILL_AREA(#12270);
#12270 = FILL_AREA_STYLE('',(#12271));
#12271 = FILL_AREA_STYLE_COLOUR('',#11851);
#12272 = OVER_RIDING_STYLED_ITEM('overriding color',(#12273),#9097,
  #11833);
#12273 = PRESENTATION_STYLE_ASSIGNMENT((#12274));
#12274 = SURFACE_STYLE_USAGE(.BOTH.,#12275);
#12275 = SURFACE_SIDE_STYLE('',(#12276));
#12276 = SURFACE_STYLE_FILL_AREA(#12277);
#12277 = FILL_AREA_STYLE('',(#12278));
#12278 = FILL_AREA_STYLE_COLOUR('',#11851);
#12279 = OVER_RIDING_STYLED_ITEM('overriding color',(#12280),#9182,
  #11833);
#12280 = PRESENTATION_STYLE_ASSIGNMENT((#12281));
#12281 = SURFACE_STYLE_USAGE(.BOTH.,#12282);
#12282 = SURFACE_SIDE_STYLE('',(#12283));
#12283 = SURFACE_STYLE_FILL_AREA(#12284);
#12284 = FILL_AREA_STYLE('',(#12285));
#12285 = FILL_AREA_STYLE_COLOUR('',#11851);
#12286 = OVER_RIDING_STYLED_ITEM('overriding color',(#12287),#9214,
  #11833);
#12287 = PRESENTATION_STYLE_ASSIGNMENT((#12288));
#12288 = SURFACE_STYLE_USAGE(.BOTH.,#12289);
#12289 = SURFACE_SIDE_STYLE('',(#12290));
#12290 = SURFACE_STYLE_FILL_AREA(#12291);
#12291 = FILL_AREA_STYLE('',(#12292));
#12292 = FILL_AREA_STYLE_COLOUR('',#11851);
#12293 = OVER_RIDING_STYLED_ITEM('overriding color',(#12294),#9238,
  #11833);
#12294 = PRESENTATION_STYLE_ASSIGNMENT((#12295));
#12295 = SURFACE_STYLE_USAGE(.BOTH.,#12296);
#12296 = SURFACE_SIDE_STYLE('',(#12297));
#12297 = SURFACE_STYLE_FILL_AREA(#12298);
#12298 = FILL_AREA_STYLE('',(#12299));
#12299 = FILL_AREA_STYLE_COLOUR('',#11851);
#12300 = OVER_RIDING_STYLED_ITEM('overriding color',(#12301),#9262,
  #11833);
#12301 = PRESENTATION_STYLE_ASSIGNMENT((#12302));
#12302 = SURFACE_STYLE_USAGE(.BOTH.,#12303);
#12303 = SURFACE_SIDE_STYLE('',(#12304));
#12304 = SURFACE_STYLE_FILL_AREA(#12305);
#12305 = FILL_AREA_STYLE('',(#12306));
#12306 = FILL_AREA_STYLE_COLOUR('',#11851);
#12307 = OVER_RIDING_STYLED_ITEM('overriding color',(#12308),#9286,
  #11833);
#12308 = PRESENTATION_STYLE_ASSIGNMENT((#12309));
#12309 = SURFACE_STYLE_USAGE(.BOTH.,#12310);
#12310 = SURFACE_SIDE_STYLE('',(#12311));
#12311 = SURFACE_STYLE_FILL_AREA(#12312);
#12312 = FILL_AREA_STYLE('',(#12313));
#12313 = FILL_AREA_STYLE_COLOUR('',#11851);
#12314 = OVER_RIDING_STYLED_ITEM('overriding color',(#12315),#9311,
  #11833);
#12315 = PRESENTATION_STYLE_ASSIGNMENT((#12316));
#12316 = SURFACE_STYLE_USAGE(.BOTH.,#12317);
#12317 = SURFACE_SIDE_STYLE('',(#12318));
#12318 = SURFACE_STYLE_FILL_AREA(#12319);
#12319 = FILL_AREA_STYLE('',(#12320));
#12320 = FILL_AREA_STYLE_COLOUR('',#11851);
#12321 = OVER_RIDING_STYLED_ITEM('overriding color',(#12322),#9335,
  #11833);
#12322 = PRESENTATION_STYLE_ASSIGNMENT((#12323));
#12323 = SURFACE_STYLE_USAGE(.BOTH.,#12324);
#12324 = SURFACE_SIDE_STYLE('',(#12325));
#12325 = SURFACE_STYLE_FILL_AREA(#12326);
#12326 = FILL_AREA_STYLE('',(#12327));
#12327 = FILL_AREA_STYLE_COLOUR('',#11851);
#12328 = OVER_RIDING_STYLED_ITEM('overriding color',(#12329),#9360,
  #11833);
#12329 = PRESENTATION_STYLE_ASSIGNMENT((#12330));
#12330 = SURFACE_STYLE_USAGE(.BOTH.,#12331);
#12331 = SURFACE_SIDE_STYLE('',(#12332));
#12332 = SURFACE_STYLE_FILL_AREA(#12333);
#12333 = FILL_AREA_STYLE('',(#12334));
#12334 = FILL_AREA_STYLE_COLOUR('',#11851);
#12335 = OVER_RIDING_STYLED_ITEM('overriding color',(#12336),#9542,
  #11833);
#12336 = PRESENTATION_STYLE_ASSIGNMENT((#12337));
#12337 = SURFACE_STYLE_USAGE(.BOTH.,#12338);
#12338 = SURFACE_SIDE_STYLE('',(#12339));
#12339 = SURFACE_STYLE_FILL_AREA(#12340);
#12340 = FILL_AREA_STYLE('',(#12341));
#12341 = FILL_AREA_STYLE_COLOUR('',#11851);
#12342 = OVER_RIDING_STYLED_ITEM('overriding color',(#12343),#9584,
  #11833);
#12343 = PRESENTATION_STYLE_ASSIGNMENT((#12344));
#12344 = SURFACE_STYLE_USAGE(.BOTH.,#12345);
#12345 = SURFACE_SIDE_STYLE('',(#12346));
#12346 = SURFACE_STYLE_FILL_AREA(#12347);
#12347 = FILL_AREA_STYLE('',(#12348));
#12348 = FILL_AREA_STYLE_COLOUR('',#11851);
#12349 = OVER_RIDING_STYLED_ITEM('overriding color',(#12350),#9608,
  #11833);
#12350 = PRESENTATION_STYLE_ASSIGNMENT((#12351));
#12351 = SURFACE_STYLE_USAGE(.BOTH.,#12352);
#12352 = SURFACE_SIDE_STYLE('',(#12353));
#12353 = SURFACE_STYLE_FILL_AREA(#12354);
#12354 = FILL_AREA_STYLE('',(#12355));
#12355 = FILL_AREA_STYLE_COLOUR('',#11851);
#12356 = OVER_RIDING_STYLED_ITEM('overriding color',(#12357),#9626,
  #11833);
#12357 = PRESENTATION_STYLE_ASSIGNMENT((#12358));
#12358 = SURFACE_STYLE_USAGE(.BOTH.,#12359);
#12359 = SURFACE_SIDE_STYLE('',(#12360));
#12360 = SURFACE_STYLE_FILL_AREA(#12361);
#12361 = FILL_AREA_STYLE('',(#12362));
#12362 = FILL_AREA_STYLE_COLOUR('',#11851);
#12363 = OVER_RIDING_STYLED_ITEM('overriding color',(#12364),#9643,
  #11833);
#12364 = PRESENTATION_STYLE_ASSIGNMENT((#12365));
#12365 = SURFACE_STYLE_USAGE(.BOTH.,#12366);
#12366 = SURFACE_SIDE_STYLE('',(#12367));
#12367 = SURFACE_STYLE_FILL_AREA(#12368);
#12368 = FILL_AREA_STYLE('',(#12369));
#12369 = FILL_AREA_STYLE_COLOUR('',#11851);
#12370 = OVER_RIDING_STYLED_ITEM('overriding color',(#12371),#9668,
  #11833);
#12371 = PRESENTATION_STYLE_ASSIGNMENT((#12372));
#12372 = SURFACE_STYLE_USAGE(.BOTH.,#12373);
#12373 = SURFACE_SIDE_STYLE('',(#12374));
#12374 = SURFACE_STYLE_FILL_AREA(#12375);
#12375 = FILL_AREA_STYLE('',(#12376));
#12376 = FILL_AREA_STYLE_COLOUR('',#11851);
#12377 = OVER_RIDING_STYLED_ITEM('overriding color',(#12378),#9692,
  #11833);
#12378 = PRESENTATION_STYLE_ASSIGNMENT((#12379));
#12379 = SURFACE_STYLE_USAGE(.BOTH.,#12380);
#12380 = SURFACE_SIDE_STYLE('',(#12381));
#12381 = SURFACE_STYLE_FILL_AREA(#12382);
#12382 = FILL_AREA_STYLE('',(#12383));
#12383 = FILL_AREA_STYLE_COLOUR('',#11851);
#12384 = OVER_RIDING_STYLED_ITEM('overriding color',(#12385),#9716,
  #11833);
#12385 = PRESENTATION_STYLE_ASSIGNMENT((#12386));
#12386 = SURFACE_STYLE_USAGE(.BOTH.,#12387);
#12387 = SURFACE_SIDE_STYLE('',(#12388));
#12388 = SURFACE_STYLE_FILL_AREA(#12389);
#12389 = FILL_AREA_STYLE('',(#12390));
#12390 = FILL_AREA_STYLE_COLOUR('',#11851);
#12391 = OVER_RIDING_STYLED_ITEM('overriding color',(#12392),#9740,
  #11833);
#12392 = PRESENTATION_STYLE_ASSIGNMENT((#12393));
#12393 = SURFACE_STYLE_USAGE(.BOTH.,#12394);
#12394 = SURFACE_SIDE_STYLE('',(#12395));
#12395 = SURFACE_STYLE_FILL_AREA(#12396);
#12396 = FILL_AREA_STYLE('',(#12397));
#12397 = FILL_AREA_STYLE_COLOUR('',#11851);
#12398 = OVER_RIDING_STYLED_ITEM('overriding color',(#12399),#9758,
  #11833);
#12399 = PRESENTATION_STYLE_ASSIGNMENT((#12400));
#12400 = SURFACE_STYLE_USAGE(.BOTH.,#12401);
#12401 = SURFACE_SIDE_STYLE('',(#12402));
#12402 = SURFACE_STYLE_FILL_AREA(#12403);
#12403 = FILL_AREA_STYLE('',(#12404));
#12404 = FILL_AREA_STYLE_COLOUR('',#11851);
#12405 = OVER_RIDING_STYLED_ITEM('overriding color',(#12406),#9783,
  #11833);
#12406 = PRESENTATION_STYLE_ASSIGNMENT((#12407));
#12407 = SURFACE_STYLE_USAGE(.BOTH.,#12408);
#12408 = SURFACE_SIDE_STYLE('',(#12409));
#12409 = SURFACE_STYLE_FILL_AREA(#12410);
#12410 = FILL_AREA_STYLE('',(#12411));
#12411 = FILL_AREA_STYLE_COLOUR('',#11851);
#12412 = OVER_RIDING_STYLED_ITEM('overriding color',(#12413),#10711,
  #11833);
#12413 = PRESENTATION_STYLE_ASSIGNMENT((#12414));
#12414 = SURFACE_STYLE_USAGE(.BOTH.,#12415);
#12415 = SURFACE_SIDE_STYLE('',(#12416));
#12416 = SURFACE_STYLE_FILL_AREA(#12417);
#12417 = FILL_AREA_STYLE('',(#12418));
#12418 = FILL_AREA_STYLE_COLOUR('',#11851);
#12419 = OVER_RIDING_STYLED_ITEM('overriding color',(#12420),#10728,
  #11833);
#12420 = PRESENTATION_STYLE_ASSIGNMENT((#12421));
#12421 = SURFACE_STYLE_USAGE(.BOTH.,#12422);
#12422 = SURFACE_SIDE_STYLE('',(#12423));
#12423 = SURFACE_STYLE_FILL_AREA(#12424);
#12424 = FILL_AREA_STYLE('',(#12425));
#12425 = FILL_AREA_STYLE_COLOUR('',#11851);
#12426 = OVER_RIDING_STYLED_ITEM('overriding color',(#12427),#10745,
  #11833);
#12427 = PRESENTATION_STYLE_ASSIGNMENT((#12428));
#12428 = SURFACE_STYLE_USAGE(.BOTH.,#12429);
#12429 = SURFACE_SIDE_STYLE('',(#12430));
#12430 = SURFACE_STYLE_FILL_AREA(#12431);
#12431 = FILL_AREA_STYLE('',(#12432));
#12432 = FILL_AREA_STYLE_COLOUR('',#11851);
#12433 = OVER_RIDING_STYLED_ITEM('overriding color',(#12434),#10757,
  #11833);
#12434 = PRESENTATION_STYLE_ASSIGNMENT((#12435));
#12435 = SURFACE_STYLE_USAGE(.BOTH.,#12436);
#12436 = SURFACE_SIDE_STYLE('',(#12437));
#12437 = SURFACE_STYLE_FILL_AREA(#12438);
#12438 = FILL_AREA_STYLE('',(#12439));
#12439 = FILL_AREA_STYLE_COLOUR('',#11851);
#12440 = OVER_RIDING_STYLED_ITEM('overriding color',(#12441),#10774,
  #11833);
#12441 = PRESENTATION_STYLE_ASSIGNMENT((#12442));
#12442 = SURFACE_STYLE_USAGE(.BOTH.,#12443);
#12443 = SURFACE_SIDE_STYLE('',(#12444));
#12444 = SURFACE_STYLE_FILL_AREA(#12445);
#12445 = FILL_AREA_STYLE('',(#12446));
#12446 = FILL_AREA_STYLE_COLOUR('',#11851);
#12447 = OVER_RIDING_STYLED_ITEM('overriding color',(#12448),#10791,
  #11833);
#12448 = PRESENTATION_STYLE_ASSIGNMENT((#12449));
#12449 = SURFACE_STYLE_USAGE(.BOTH.,#12450);
#12450 = SURFACE_SIDE_STYLE('',(#12451));
#12451 = SURFACE_STYLE_FILL_AREA(#12452);
#12452 = FILL_AREA_STYLE('',(#12453));
#12453 = FILL_AREA_STYLE_COLOUR('',#11851);
#12454 = OVER_RIDING_STYLED_ITEM('overriding color',(#12455),#10803,
  #11833);
#12455 = PRESENTATION_STYLE_ASSIGNMENT((#12456));
#12456 = SURFACE_STYLE_USAGE(.BOTH.,#12457);
#12457 = SURFACE_SIDE_STYLE('',(#12458));
#12458 = SURFACE_STYLE_FILL_AREA(#12459);
#12459 = FILL_AREA_STYLE('',(#12460));
#12460 = FILL_AREA_STYLE_COLOUR('',#11851);
#12461 = OVER_RIDING_STYLED_ITEM('overriding color',(#12462),#10820,
  #11833);
#12462 = PRESENTATION_STYLE_ASSIGNMENT((#12463));
#12463 = SURFACE_STYLE_USAGE(.BOTH.,#12464);
#12464 = SURFACE_SIDE_STYLE('',(#12465));
#12465 = SURFACE_STYLE_FILL_AREA(#12466);
#12466 = FILL_AREA_STYLE('',(#12467));
#12467 = FILL_AREA_STYLE_COLOUR('',#11851);
#12468 = OVER_RIDING_STYLED_ITEM('overriding color',(#12469),#10837,
  #11833);
#12469 = PRESENTATION_STYLE_ASSIGNMENT((#12470));
#12470 = SURFACE_STYLE_USAGE(.BOTH.,#12471);
#12471 = SURFACE_SIDE_STYLE('',(#12472));
#12472 = SURFACE_STYLE_FILL_AREA(#12473);
#12473 = FILL_AREA_STYLE('',(#12474));
#12474 = FILL_AREA_STYLE_COLOUR('',#11851);
#12475 = OVER_RIDING_STYLED_ITEM('overriding color',(#12476),#10849,
  #11833);
#12476 = PRESENTATION_STYLE_ASSIGNMENT((#12477));
#12477 = SURFACE_STYLE_USAGE(.BOTH.,#12478);
#12478 = SURFACE_SIDE_STYLE('',(#12479));
#12479 = SURFACE_STYLE_FILL_AREA(#12480);
#12480 = FILL_AREA_STYLE('',(#12481));
#12481 = FILL_AREA_STYLE_COLOUR('',#11851);
#12482 = OVER_RIDING_STYLED_ITEM('overriding color',(#12483),#10866,
  #11833);
#12483 = PRESENTATION_STYLE_ASSIGNMENT((#12484));
#12484 = SURFACE_STYLE_USAGE(.BOTH.,#12485);
#12485 = SURFACE_SIDE_STYLE('',(#12486));
#12486 = SURFACE_STYLE_FILL_AREA(#12487);
#12487 = FILL_AREA_STYLE('',(#12488));
#12488 = FILL_AREA_STYLE_COLOUR('',#11851);
#12489 = OVER_RIDING_STYLED_ITEM('overriding color',(#12490),#10883,
  #11833);
#12490 = PRESENTATION_STYLE_ASSIGNMENT((#12491));
#12491 = SURFACE_STYLE_USAGE(.BOTH.,#12492);
#12492 = SURFACE_SIDE_STYLE('',(#12493));
#12493 = SURFACE_STYLE_FILL_AREA(#12494);
#12494 = FILL_AREA_STYLE('',(#12495));
#12495 = FILL_AREA_STYLE_COLOUR('',#11851);
#12496 = OVER_RIDING_STYLED_ITEM('overriding color',(#12497),#11037,
  #11833);
#12497 = PRESENTATION_STYLE_ASSIGNMENT((#12498));
#12498 = SURFACE_STYLE_USAGE(.BOTH.,#12499);
#12499 = SURFACE_SIDE_STYLE('',(#12500));
#12500 = SURFACE_STYLE_FILL_AREA(#12501);
#12501 = FILL_AREA_STYLE('',(#12502));
#12502 = FILL_AREA_STYLE_COLOUR('',#11851);
#12503 = OVER_RIDING_STYLED_ITEM('overriding color',(#12504),#11079,
  #11833);
#12504 = PRESENTATION_STYLE_ASSIGNMENT((#12505));
#12505 = SURFACE_STYLE_USAGE(.BOTH.,#12506);
#12506 = SURFACE_SIDE_STYLE('',(#12507));
#12507 = SURFACE_STYLE_FILL_AREA(#12508);
#12508 = FILL_AREA_STYLE('',(#12509));
#12509 = FILL_AREA_STYLE_COLOUR('',#11851);
#12510 = OVER_RIDING_STYLED_ITEM('overriding color',(#12511),#11276,
  #11833);
#12511 = PRESENTATION_STYLE_ASSIGNMENT((#12512));
#12512 = SURFACE_STYLE_USAGE(.BOTH.,#12513);
#12513 = SURFACE_SIDE_STYLE('',(#12514));
#12514 = SURFACE_STYLE_FILL_AREA(#12515);
#12515 = FILL_AREA_STYLE('',(#12516));
#12516 = FILL_AREA_STYLE_COLOUR('',#11851);
#12517 = OVER_RIDING_STYLED_ITEM('overriding color',(#12518),#11300,
  #11833);
#12518 = PRESENTATION_STYLE_ASSIGNMENT((#12519));
#12519 = SURFACE_STYLE_USAGE(.BOTH.,#12520);
#12520 = SURFACE_SIDE_STYLE('',(#12521));
#12521 = SURFACE_STYLE_FILL_AREA(#12522);
#12522 = FILL_AREA_STYLE('',(#12523));
#12523 = FILL_AREA_STYLE_COLOUR('',#11851);
#12524 = OVER_RIDING_STYLED_ITEM('overriding color',(#12525),#11390,
  #11833);
#12525 = PRESENTATION_STYLE_ASSIGNMENT((#12526));
#12526 = SURFACE_STYLE_USAGE(.BOTH.,#12527);
#12527 = SURFACE_SIDE_STYLE('',(#12528));
#12528 = SURFACE_STYLE_FILL_AREA(#12529);
#12529 = FILL_AREA_STYLE('',(#12530));
#12530 = FILL_AREA_STYLE_COLOUR('',#11851);
#12531 = OVER_RIDING_STYLED_ITEM('overriding color',(#12532),#11694,
  #11833);
#12532 = PRESENTATION_STYLE_ASSIGNMENT((#12533));
#12533 = SURFACE_STYLE_USAGE(.BOTH.,#12534);
#12534 = SURFACE_SIDE_STYLE('',(#12535));
#12535 = SURFACE_STYLE_FILL_AREA(#12536);
#12536 = FILL_AREA_STYLE('',(#12537));
#12537 = FILL_AREA_STYLE_COLOUR('',#11851);
#12538 = OVER_RIDING_STYLED_ITEM('overriding color',(#12539),#11736,
  #11833);
#12539 = PRESENTATION_STYLE_ASSIGNMENT((#12540));
#12540 = SURFACE_STYLE_USAGE(.BOTH.,#12541);
#12541 = SURFACE_SIDE_STYLE('',(#12542));
#12542 = SURFACE_STYLE_FILL_AREA(#12543);
#12543 = FILL_AREA_STYLE('',(#12544));
#12544 = FILL_AREA_STYLE_COLOUR('',#11851);
#12545 = OVER_RIDING_STYLED_ITEM('overriding color',(#12546),#11770,
  #11833);
#12546 = PRESENTATION_STYLE_ASSIGNMENT((#12547));
#12547 = SURFACE_STYLE_USAGE(.BOTH.,#12548);
#12548 = SURFACE_SIDE_STYLE('',(#12549));
#12549 = SURFACE_STYLE_FILL_AREA(#12550);
#12550 = FILL_AREA_STYLE('',(#12551));
#12551 = FILL_AREA_STYLE_COLOUR('',#11851);
#12552 = OVER_RIDING_STYLED_ITEM('overriding color',(#12553),#11794,
  #11833);
#12553 = PRESENTATION_STYLE_ASSIGNMENT((#12554));
#12554 = SURFACE_STYLE_USAGE(.BOTH.,#12555);
#12555 = SURFACE_SIDE_STYLE('',(#12556));
#12556 = SURFACE_STYLE_FILL_AREA(#12557);
#12557 = FILL_AREA_STYLE('',(#12558));
#12558 = FILL_AREA_STYLE_COLOUR('',#11851);
#12559 = OVER_RIDING_STYLED_ITEM('overriding color',(#12560),#11812,
  #11833);
#12560 = PRESENTATION_STYLE_ASSIGNMENT((#12561));
#12561 = SURFACE_STYLE_USAGE(.BOTH.,#12562);
#12562 = SURFACE_SIDE_STYLE('',(#12563));
#12563 = SURFACE_STYLE_FILL_AREA(#12564);
#12564 = FILL_AREA_STYLE('',(#12565));
#12565 = FILL_AREA_STYLE_COLOUR('',#11851);
ENDSEC;
END-ISO-10303-21;
