ISO-10303-21;
HEADER;
FILE_DESCRIPTION (( 'STEP AP214' ),
    '1' );
FILE_NAME ('55947066-05ED-4386-89A2-42E2E6D1152C.STEP',
    '2026-02-17T09:38:01',
    ( '' ),
    ( '' ),
    'SwSTEP 2.0',
    'SolidWorks 2022',
    '' );
FILE_SCHEMA (( 'AUTOMOTIVE_DESIGN' ));
ENDSEC;

DATA;
#1 = CARTESIAN_POINT ( 'NONE',  ( -4.041451884327381450, 9.509836809708342997, 7.000000000000000888 ) ) ;
#2 =( NAMED_UNIT ( * ) SI_UNIT ( $, .STERADIAN. ) SOLID_ANGLE_UNIT ( ) );
#3 =( GEOMETRIC_REPRESENTATION_CONTEXT ( 3 ) GLOBAL_UNCERTAINTY_ASSIGNED_CONTEXT ( ( #2574 ) ) GLOBAL_UNIT_ASSIGNED_CONTEXT ( ( #1568, #2811, #5532 ) ) REPRESENTATION_CONTEXT ( 'NONE', 'WORKASPACE' ) );
#4 = EDGE_CURVE ( 'NONE', #3088, #2031, #149, .T. ) ;
#5 = DIRECTION ( 'NONE',  ( -0.0000000000000000000, -1.000000000000000000, -0.0000000000000000000 ) ) ;
#6 = VECTOR ( 'NONE', #5814, 1000.000000000000000 ) ;
#7 = ORIENTED_EDGE ( 'NONE', *, *, #3450, .T. ) ;
#8 = CARTESIAN_POINT ( 'NONE',  ( 1.192820323027555807, -15.50000000000000000, -4.399999999999999467 ) ) ;
#9 = DIRECTION ( 'NONE',  ( -2.891205793294679805E-16, 1.000000000000000000, 0.0000000000000000000 ) ) ;
#10 = CARTESIAN_POINT ( 'NONE',  ( 0.0000000000000000000, -1.500000000000000000, 0.0000000000000000000 ) ) ;
#11 = EDGE_CURVE ( 'NONE', #699, #3448, #4752, .T. ) ;
#12 = COLOUR_RGB ( '',1.000000000000000000, 1.000000000000000000, 1.000000000000000000 ) ;
#13 = DIRECTION ( 'NONE',  ( -2.891205793294679805E-16, 1.000000000000000000, 0.0000000000000000000 ) ) ;
#14 = VERTEX_POINT ( 'NONE', #175 ) ;
#15 = ORIENTED_EDGE ( 'NONE', *, *, #2801, .T. ) ;
#16 = ORIENTED_EDGE ( 'NONE', *, *, #256, .F. ) ;
#17 =( NAMED_UNIT ( * ) SI_UNIT ( $, .STERADIAN. ) SOLID_ANGLE_UNIT ( ) );
#18 = CARTESIAN_POINT ( 'NONE',  ( -0.5000000000000013323, -16.69999999999999929, -0.4000000000000001887 ) ) ;
#19 = LINE ( 'NONE', #4919, #1729 ) ;
#20 = B_SPLINE_CURVE_WITH_KNOTS ( 'NONE', 3,
 ( #2280, #4101, #40, #2647 ),
 .UNSPECIFIED., .F., .F.,
 ( 4, 4 ),
 ( 0.01684633503357353679, 0.02091410365672650984 ),
 .UNSPECIFIED. ) ;
#21 = CARTESIAN_POINT ( 'NONE',  ( 0.5000000000000013323, -19.69999999999999929, 4.399999999999999467 ) ) ;
#22 = AXIS2_PLACEMENT_3D ( 'NONE', #5657, #5253, #805 ) ;
#23 = CYLINDRICAL_SURFACE ( 'NONE', #4823, 6.000000000000000888 ) ;
#24 = ORIENTED_EDGE ( 'NONE', *, *, #5873, .T. ) ;
#25 = CARTESIAN_POINT ( 'NONE',  ( 5.800000000000001599, -16.69999999999999929, -4.399999999999999467 ) ) ;
#26 = VERTEX_POINT ( 'NONE', #4322 ) ;
#27 = PRESENTATION_LAYER_ASSIGNMENT (  '', '', ( #2867 ) ) ;
#28 = PRESENTATION_LAYER_ASSIGNMENT (  '', '', ( #1448 ) ) ;
#29 = EDGE_CURVE ( 'NONE', #5835, #3752, #5181, .T. ) ;
#30 = LINE ( 'NONE', #1831, #2118 ) ;
#31 = CARTESIAN_POINT ( 'NONE',  ( 7.409328454600195180, 4.390320771151005275, 1.166666666666667629 ) ) ;
#32 = ADVANCED_FACE ( 'NONE', ( #1945 ), #1591, .F. ) ;
#33 = VECTOR ( 'NONE', #3534, 1000.000000000000000 ) ;
#34 = CARTESIAN_POINT ( 'NONE',  ( -5.800000000000001599, -16.69999999999999929, 4.399999999999999467 ) ) ;
#35 = CARTESIAN_POINT ( 'NONE',  ( 0.0000000000000000000, 2.199999999999999734, -6.000000000000000888 ) ) ;
#36 = VECTOR ( 'NONE', #5416, 1000.000000000000000 ) ;
#37 = CARTESIAN_POINT ( 'NONE',  ( 0.0000000000000000000, 16.50000000000000000, 0.0000000000000000000 ) ) ;
#38 = ORIENTED_EDGE ( 'NONE', *, *, #4944, .F. ) ;
#39 = EDGE_CURVE ( 'NONE', #2380, #4859, #5602, .T. ) ;
#40 = CARTESIAN_POINT ( 'NONE',  ( 1.349728080771686933, 4.500000000000000000, -7.000000000000000000 ) ) ;
#41 = SURFACE_STYLE_USAGE ( .BOTH. , #1374 ) ;
#42 = PRESENTATION_STYLE_ASSIGNMENT (( #2685 ) ) ;
#43 = DIRECTION ( 'NONE',  ( -0.0000000000000000000, -1.000000000000000000, -0.0000000000000000000 ) ) ;
#44 = ORIENTED_EDGE ( 'NONE', *, *, #1171, .T. ) ;
#45 = ADVANCED_FACE ( 'NONE', ( #3075 ), #740, .T. ) ;
#46 = LINE ( 'NONE', #1854, #2846 ) ;
#47 = SURFACE_SIDE_STYLE ('',( #1530 ) ) ;
#48 = DIRECTION ( 'NONE',  ( 0.0000000000000000000, 0.0000000000000000000, 1.000000000000000000 ) ) ;
#49 = VECTOR ( 'NONE', #1815, 1000.000000000000000 ) ;
#50 = PLANE ( 'NONE',  #1023 ) ;
#51 = SURFACE_STYLE_USAGE ( .BOTH. , #933 ) ;
#52 = ORIENTED_EDGE ( 'NONE', *, *, #1431, .F. ) ;
#53 = ADVANCED_FACE ( 'NONE', ( #5065 ), #958, .F. ) ;
#54 = COLOUR_RGB ( '',0.0000000000000000000, 0.0000000000000000000, 0.7529411764705882248 ) ;
#55 = CARTESIAN_POINT ( 'NONE',  ( 0.5000000000000013323, -16.69999999999999929, 5.200000000000000178 ) ) ;
#56 = PLANE ( 'NONE',  #1231 ) ;
#57 = SURFACE_SIDE_STYLE ('',( #2669 ) ) ;
#58 = VERTEX_POINT ( 'NONE', #5033 ) ;
#59 = PRESENTATION_LAYER_ASSIGNMENT (  '', '', ( #5355 ) ) ;
#60 = EDGE_CURVE ( 'NONE', #2380, #5095, #3445, .T. ) ;
#61 = CARTESIAN_POINT ( 'NONE',  ( 0.0000000000000000000, 16.50000000000000000, 0.0000000000000000000 ) ) ;
#62 = CARTESIAN_POINT ( 'NONE',  ( 0.5000000000000013323, -19.69999999999999929, 0.4000000000000001887 ) ) ;
#63 = CARTESIAN_POINT ( 'NONE',  ( -6.492820323027555851, -15.50000000000000000, -0.4000000000000001887 ) ) ;
#64 = DIRECTION ( 'NONE',  ( 0.0000000000000000000, 0.0000000000000000000, 1.000000000000000000 ) ) ;
#65 = ORIENTED_EDGE ( 'NONE', *, *, #121, .F. ) ;
#66 = CARTESIAN_POINT ( 'NONE',  ( 8.082903768654761123, 2.490163190291658335, -7.215013330229419547E-16 ) ) ;
#67 = SURFACE_STYLE_FILL_AREA ( #4502 ) ;
#68 = DIRECTION ( 'NONE',  ( 0.0000000000000000000, -1.000000000000000000, 0.0000000000000000000 ) ) ;
#69 = CARTESIAN_POINT ( 'NONE',  ( -1.346054828430689687, 4.473535340926809489, -7.000000000000000888 ) ) ;
#70 = ADVANCED_FACE ( 'NONE', ( #1794 ), #3351, .T. ) ;
#71 = FILL_AREA_STYLE ('',( #134 ) ) ;
#72 = ORIENTED_EDGE ( 'NONE', *, *, #4469, .T. ) ;
#73 = ORIENTED_EDGE ( 'NONE', *, *, #4417, .T. ) ;
#74 = SURFACE_STYLE_USAGE ( .BOTH. , #477 ) ;
#75 =( LENGTH_UNIT ( ) NAMED_UNIT ( * ) SI_UNIT ( .MILLI., .METRE. ) );
#76 = VECTOR ( 'NONE', #1078, 1000.000000000000000 ) ;
#77 = CARTESIAN_POINT ( 'NONE',  ( 4.799999999999999822, -19.69999999999999929, 4.399999999999999467 ) ) ;
#78 = EDGE_CURVE ( 'NONE', #1600, #2016, #5493, .T. ) ;
#79 = VERTEX_POINT ( 'NONE', #3636 ) ;
#80 = VECTOR ( 'NONE', #2813, 1000.000000000000000 ) ;
#81 = CARTESIAN_POINT ( 'NONE',  ( 4.041451884327378785, 4.209836809708341399, 6.999999999999998224 ) ) ;
#82 = EDGE_LOOP ( 'NONE', ( #1435, #2522, #24 ) ) ;
#83 = UNCERTAINTY_MEASURE_WITH_UNIT (LENGTH_MEASURE( 1.000000000000000082E-05 ), #3198, 'distance_accuracy_value', 'NONE');
#84 = FILL_AREA_STYLE ('',( #4262 ) ) ;
#85 = MECHANICAL_DESIGN_GEOMETRIC_PRESENTATION_REPRESENTATION (  '', ( #2447 ), #188 ) ;
#86 = EDGE_CURVE ( 'NONE', #3717, #5339, #5433, .T. ) ;
#87 = DIRECTION ( 'NONE',  ( 0.0000000000000000000, 0.0000000000000000000, -1.000000000000000000 ) ) ;
#88 =( NAMED_UNIT ( * ) PLANE_ANGLE_UNIT ( ) SI_UNIT ( $, .RADIAN. ) );
#89 = ADVANCED_FACE ( 'NONE', ( #4598 ), #3581, .F. ) ;
#90 = PLANE ( 'NONE',  #4149 ) ;
#91 = COLOUR_RGB ( '',1.000000000000000000, 1.000000000000000000, 1.000000000000000000 ) ;
#92 = CONICAL_SURFACE ( 'NONE', #4528, 5.000000000000000888, 0.7853981633974511656 ) ;
#93 = LINE ( 'NONE', #526, #5041 ) ;
#94 = CARTESIAN_POINT ( 'NONE',  ( 8.082903768654761123, 7.790163190291658601, -7.215013330229419547E-16 ) ) ;
#95 = SURFACE_SIDE_STYLE ('',( #1457 ) ) ;
#96 = EDGE_CURVE ( 'NONE', #4110, #3643, #3239, .T. ) ;
#97 = STYLED_ITEM ( 'NONE', ( #5448 ), #2692 ) ;
#98 = ORIENTED_EDGE ( 'NONE', *, *, #200, .T. ) ;
#99 = STYLED_ITEM ( 'NONE', ( #1024 ), #3266 ) ;
#100 = DIRECTION ( 'NONE',  ( -0.0000000000000000000, -1.000000000000000000, -0.0000000000000000000 ) ) ;
#101 = CARTESIAN_POINT ( 'NONE',  ( 4.715027198381942064, 4.390320771151005275, -5.833333333333334814 ) ) ;
#102 = DIRECTION ( 'NONE',  ( 0.4999999999999998335, 0.0000000000000000000, -0.8660254037844387076 ) ) ;
#103 = EDGE_LOOP ( 'NONE', ( #1542, #4934, #4887, #5459 ) ) ;
#104 = EDGE_CURVE ( 'NONE', #117, #5439, #1462, .T. ) ;
#105 = DIRECTION ( 'NONE',  ( -1.000000000000000000, 0.0000000000000000000, 0.0000000000000000000 ) ) ;
#106 = VECTOR ( 'NONE', #2273, 1000.000000000000000 ) ;
#107 = DIRECTION ( 'NONE',  ( 0.0000000000000000000, 0.0000000000000000000, 1.000000000000000000 ) ) ;
#108 = PRESENTATION_STYLE_ASSIGNMENT (( #4600 ) ) ;
#109 = ORIENTED_EDGE ( 'NONE', *, *, #5034, .F. ) ;
#110 = MECHANICAL_DESIGN_GEOMETRIC_PRESENTATION_REPRESENTATION (  '', ( #2365 ), #4951 ) ;
#111 = ORIENTED_EDGE ( 'NONE', *, *, #876, .T. ) ;
#112 = ORIENTED_EDGE ( 'NONE', *, *, #3679, .F. ) ;
#113 = B_SPLINE_CURVE_WITH_KNOTS ( 'NONE', 3,
 ( #3948, #3499, #5305, #5691 ),
 .UNSPECIFIED., .F., .F.,
 ( 4, 4 ),
 ( 2.309401076760173324E-07, 0.004041682824435056248 ),
 .UNSPECIFIED. ) ;
#114 = ADVANCED_FACE ( 'NONE', ( #3330 ), #508, .T. ) ;
#115 = CARTESIAN_POINT ( 'NONE',  ( 0.0000000000000000000, 2.199999999999999734, 0.0000000000000000000 ) ) ;
#116 =( NAMED_UNIT ( * ) PLANE_ANGLE_UNIT ( ) SI_UNIT ( $, .RADIAN. ) );
#117 = VERTEX_POINT ( 'NONE', #1494 ) ;
#118 = PRESENTATION_LAYER_ASSIGNMENT (  '', '', ( #3333 ) ) ;
#119 = MECHANICAL_DESIGN_GEOMETRIC_PRESENTATION_REPRESENTATION (  '', ( #790 ), #5140 ) ;
#120 = SURFACE_SIDE_STYLE ('',( #2879 ) ) ;
#121 = EDGE_CURVE ( 'NONE', #4535, #2023, #2344, .T. ) ;
#122 = LINE ( 'NONE', #2328, #3997 ) ;
#123 = LINE ( 'NONE', #4646, #495 ) ;
#124 = LINE ( 'NONE', #5049, #2648 ) ;
#125 = PRESENTATION_STYLE_ASSIGNMENT (( #4304 ) ) ;
#126 = LINE ( 'NONE', #220, #1013 ) ;
#127 = ORIENTED_EDGE ( 'NONE', *, *, #2908, .F. ) ;
#128 = VECTOR ( 'NONE', #3710, 1000.000000000000000 ) ;
#129 = ADVANCED_FACE ( 'NONE', ( #4197 ), #3832, .T. ) ;
#130 = MECHANICAL_DESIGN_GEOMETRIC_PRESENTATION_REPRESENTATION (  '', ( #2489 ), #4195 ) ;
#131 = SURFACE_STYLE_USAGE ( .BOTH. , #5605 ) ;
#132 = SURFACE_STYLE_FILL_AREA ( #632 ) ;
#133 = SURFACE_SIDE_STYLE ('',( #4192 ) ) ;
#134 = FILL_AREA_STYLE_COLOUR ( '', #952 ) ;
#135 = VERTEX_POINT ( 'NONE', #2374 ) ;
#136 = ORIENTED_EDGE ( 'NONE', *, *, #2223, .F. ) ;
#137 = ORIENTED_EDGE ( 'NONE', *, *, #4031, .F. ) ;
#138 = PRESENTATION_STYLE_ASSIGNMENT (( #167 ) ) ;
#139 = CARTESIAN_POINT ( 'NONE',  ( 0.5000000000000013323, -19.69999999999999929, -5.200000000000000178 ) ) ;
#140 = SURFACE_SIDE_STYLE ('',( #3805 ) ) ;
#141 = DIRECTION ( 'NONE',  ( 0.0000000000000000000, 0.0000000000000000000, 1.000000000000000000 ) ) ;
#142 = PLANE ( 'NONE',  #5687 ) ;
#143 = PRESENTATION_STYLE_ASSIGNMENT (( #2869 ) ) ;
#144 = EDGE_LOOP ( 'NONE', ( #3065, #5428 ) ) ;
#145 = EDGE_CURVE ( 'NONE', #1579, #3879, #1150, .T. ) ;
#146 = VECTOR ( 'NONE', #1043, 1000.000000000000000 ) ;
#147 = VERTEX_POINT ( 'NONE', #1585 ) ;
#148 = SURFACE_STYLE_USAGE ( .BOTH. , #5153 ) ;
#149 = LINE ( 'NONE', #1505, #241 ) ;
#150 =( LENGTH_UNIT ( ) NAMED_UNIT ( * ) SI_UNIT ( .MILLI., .METRE. ) );
#151 = DIRECTION ( 'NONE',  ( 0.5000000000000021094, -0.8660254037844374864, -0.0000000000000000000 ) ) ;
#152 = CYLINDRICAL_SURFACE ( 'NONE', #3390, 6.150000000000000355 ) ;
#153 = FACE_BOUND ( 'NONE', #723, .T. ) ;
#154 = VERTEX_POINT ( 'NONE', #2000 ) ;
#155 = FACE_OUTER_BOUND ( 'NONE', #5595, .T. ) ;
#156 = DIRECTION ( 'NONE',  ( 0.0000000000000000000, 0.0000000000000000000, 1.000000000000000000 ) ) ;
#157 = CARTESIAN_POINT ( 'NONE',  ( 8.082903768654761123, 9.509836809708341221, -7.554090729571645684E-16 ) ) ;
#158 = AXIS2_PLACEMENT_3D ( 'NONE', #1073, #602, #2366 ) ;
#159 = ORIENTED_EDGE ( 'NONE', *, *, #1634, .T. ) ;
#160 =( GEOMETRIC_REPRESENTATION_CONTEXT ( 3 ) GLOBAL_UNCERTAINTY_ASSIGNED_CONTEXT ( ( #2796 ) ) GLOBAL_UNIT_ASSIGNED_CONTEXT ( ( #3061, #3472, #1190 ) ) REPRESENTATION_CONTEXT ( 'NONE', 'WORKASPACE' ) );
#161 = CARTESIAN_POINT ( 'NONE',  ( 4.041451884327378785, 9.509836809708341221, 6.999999999999998224 ) ) ;
#162 = CARTESIAN_POINT ( 'NONE',  ( -4.799999999999998934, -19.69999999999999929, -5.200000000000000178 ) ) ;
#163 = CARTESIAN_POINT ( 'NONE',  ( 0.0000000000000000000, 2.199999999999999734, 0.0000000000000000000 ) ) ;
#164 = PLANE ( 'NONE',  #304 ) ;
#165 = ORIENTED_EDGE ( 'NONE', *, *, #1368, .T. ) ;
#166 = VERTEX_POINT ( 'NONE', #4753 ) ;
#167 = SURFACE_STYLE_USAGE ( .BOTH. , #4224 ) ;
#168 = FACE_OUTER_BOUND ( 'NONE', #5852, .T. ) ;
#169 = DIRECTION ( 'NONE',  ( -0.5000000000000021094, -0.8660254037844374864, 0.0000000000000000000 ) ) ;
#170 = EDGE_CURVE ( 'NONE', #821, #1113, #3803, .T. ) ;
#171 = DIRECTION ( 'NONE',  ( 0.0000000000000000000, 1.000000000000000000, 0.0000000000000000000 ) ) ;
#172 = ORIENTED_EDGE ( 'NONE', *, *, #4331, .F. ) ;
#173 = ORIENTED_EDGE ( 'NONE', *, *, #396, .T. ) ;
#174 = FACE_OUTER_BOUND ( 'NONE', #2444, .T. ) ;
#175 = CARTESIAN_POINT ( 'NONE',  ( 0.0000000000000000000, -1.500000000000000000, 8.500000000000000000 ) ) ;
#176 = CARTESIAN_POINT ( 'NONE',  ( 0.5000000000000013323, -19.69999999999999929, -4.399999999999999467 ) ) ;
#177 = SURFACE_STYLE_FILL_AREA ( #3343 ) ;
#178 = DIRECTION ( 'NONE',  ( 0.0000000000000000000, 0.0000000000000000000, 1.000000000000000000 ) ) ;
#179 = PRESENTATION_LAYER_ASSIGNMENT (  '', '', ( #1304 ) ) ;
#180 = MECHANICAL_DESIGN_GEOMETRIC_PRESENTATION_REPRESENTATION (  '', ( #3967 ), #3769 ) ;
#181 = ORIENTED_EDGE ( 'NONE', *, *, #1720, .T. ) ;
#182 = CARTESIAN_POINT ( 'NONE',  ( 5.800000000000001599, -16.69999999999999929, 5.200000000000000178 ) ) ;
#183 = COLOUR_RGB ( '',1.000000000000000000, 1.000000000000000000, 1.000000000000000000 ) ;
#184 = DIRECTION ( 'NONE',  ( -0.0000000000000000000, -1.000000000000000000, -0.0000000000000000000 ) ) ;
#185 = VECTOR ( 'NONE', #5823, 1000.000000000000000 ) ;
#186 = EDGE_CURVE ( 'NONE', #925, #821, #2863, .T. ) ;
#187 = CARTESIAN_POINT ( 'NONE',  ( 0.0000000000000000000, 21.19999999999999574, 0.0000000000000000000 ) ) ;
#188 =( GEOMETRIC_REPRESENTATION_CONTEXT ( 3 ) GLOBAL_UNCERTAINTY_ASSIGNED_CONTEXT ( ( #4812 ) ) GLOBAL_UNIT_ASSIGNED_CONTEXT ( ( #3400, #3459, #1175 ) ) REPRESENTATION_CONTEXT ( 'NONE', 'WORKASPACE' ) );
#189 = ORIENTED_EDGE ( 'NONE', *, *, #2062, .T. ) ;
#190 = SURFACE_STYLE_FILL_AREA ( #2790 ) ;
#191 =( NAMED_UNIT ( * ) PLANE_ANGLE_UNIT ( ) SI_UNIT ( $, .RADIAN. ) );
#192 = PLANE ( 'NONE',  #1511 ) ;
#193 =( GEOMETRIC_REPRESENTATION_CONTEXT ( 3 ) GLOBAL_UNCERTAINTY_ASSIGNED_CONTEXT ( ( #4059 ) ) GLOBAL_UNIT_ASSIGNED_CONTEXT ( ( #3033, #2495, #5700 ) ) REPRESENTATION_CONTEXT ( 'NONE', 'WORKASPACE' ) );
#194 = CARTESIAN_POINT ( 'NONE',  ( 4.799999999999998934, -16.69999999999999929, 5.200000000000000178 ) ) ;
#195 = EDGE_LOOP ( 'NONE', ( #1792, #1348, #2606 ) ) ;
#196 = MECHANICAL_DESIGN_GEOMETRIC_PRESENTATION_REPRESENTATION (  '', ( #5578 ), #853 ) ;
#197 = EDGE_LOOP ( 'NONE', ( #4513, #3446, #4888, #2926 ) ) ;
#198 = CARTESIAN_POINT ( 'NONE',  ( 6.062177826491071286, 2.199999999999999734, -3.500000000000001332 ) ) ;
#199 = ADVANCED_FACE ( 'NONE', ( #3359 ), #5174, .T. ) ;
#200 = EDGE_CURVE ( 'NONE', #4441, #2122, #4855, .T. ) ;
#201 = PRESENTATION_STYLE_ASSIGNMENT (( #4253 ) ) ;
#202 = DIRECTION ( 'NONE',  ( 0.0000000000000000000, 0.0000000000000000000, 1.000000000000000000 ) ) ;
#203 = PRESENTATION_LAYER_ASSIGNMENT (  '', '', ( #675 ) ) ;
#204 = CARTESIAN_POINT ( 'NONE',  ( -8.082903768654761123, 9.799999999999998934, -3.472943553460108938E-15 ) ) ;
#205 = ORIENTED_EDGE ( 'NONE', *, *, #5302, .F. ) ;
#206 = VECTOR ( 'NONE', #985, 1000.000000000000000 ) ;
#207 =( LENGTH_UNIT ( ) NAMED_UNIT ( * ) SI_UNIT ( .MILLI., .METRE. ) );
#208 = LINE ( 'NONE', #4205, #2651 ) ;
#209 = DIRECTION ( 'NONE',  ( 0.0000000000000000000, 1.000000000000000000, 0.0000000000000000000 ) ) ;
#210 = MECHANICAL_DESIGN_GEOMETRIC_PRESENTATION_REPRESENTATION (  '', ( #4745 ), #2662 ) ;
#211 =( NAMED_UNIT ( * ) SI_UNIT ( $, .STERADIAN. ) SOLID_ANGLE_UNIT ( ) );
#212 = EDGE_LOOP ( 'NONE', ( #5103, #5234, #3687 ) ) ;
#213 = CARTESIAN_POINT ( 'NONE',  ( -9.800000000000002487, -16.69999999999999929, 8.500000000000000000 ) ) ;
#214 = PRESENTATION_STYLE_ASSIGNMENT (( #2484 ) ) ;
#215 = ADVANCED_FACE ( 'NONE', ( #1198 ), #5237, .F. ) ;
#216 = AXIS2_PLACEMENT_3D ( 'NONE', #5079, #4680, #4181 ) ;
#217 = DIRECTION ( 'NONE',  ( -0.0000000000000000000, -0.0000000000000000000, -1.000000000000000000 ) ) ;
#218 = UNCERTAINTY_MEASURE_WITH_UNIT (LENGTH_MEASURE( 1.000000000000000082E-05 ), #467, 'distance_accuracy_value', 'NONE');
#219 = SURFACE_SIDE_STYLE ('',( #2487 ) ) ;
#220 = CARTESIAN_POINT ( 'NONE',  ( -9.800000000000002487, -1.499999999999999556, 8.500000000000000000 ) ) ;
#221 = VECTOR ( 'NONE', #3054, 1000.000000000000000 ) ;
#222 = AXIS2_PLACEMENT_3D ( 'NONE', #5278, #302, #3854 ) ;
#223 = EDGE_CURVE ( 'NONE', #4073, #262, #2500, .T. ) ;
#224 = VERTEX_POINT ( 'NONE', #1702 ) ;
#225 = LINE ( 'NONE', #5197, #4040 ) ;
#226 = VECTOR ( 'NONE', #1595, 1000.000000000000000 ) ;
#227 = PRESENTATION_LAYER_ASSIGNMENT (  '', '', ( #2768 ) ) ;
#228 = ORIENTED_EDGE ( 'NONE', *, *, #1341, .F. ) ;
#229 = ADVANCED_FACE ( 'NONE', ( #3514 ), #5671, .F. ) ;
#230 = VECTOR ( 'NONE', #4069, 1000.000000000000000 ) ;
#231 = ORIENTED_EDGE ( 'NONE', *, *, #4554, .T. ) ;
#232 =( NAMED_UNIT ( * ) SI_UNIT ( $, .STERADIAN. ) SOLID_ANGLE_UNIT ( ) );
#233 = AXIS2_PLACEMENT_3D ( 'NONE', #5011, #1863, #379 ) ;
#234 = LINE ( 'NONE', #1168, #572 ) ;
#235 = ORIENTED_EDGE ( 'NONE', *, *, #406, .T. ) ;
#236 = ADVANCED_FACE ( 'NONE', ( #1843 ), #5432, .T. ) ;
#237 = VERTEX_POINT ( 'NONE', #3228 ) ;
#238 = ORIENTED_EDGE ( 'NONE', *, *, #3942, .T. ) ;
#239 = DIRECTION ( 'NONE',  ( 0.0000000000000000000, 0.0000000000000000000, 1.000000000000000000 ) ) ;
#240 = LINE ( 'NONE', #1235, #4066 ) ;
#241 = VECTOR ( 'NONE', #2474, 1000.000000000000000 ) ;
#242 = DIRECTION ( 'NONE',  ( 0.8660254037844374864, 0.5000000000000021094, -0.0000000000000000000 ) ) ;
#243 = ORIENTED_EDGE ( 'NONE', *, *, #413, .T. ) ;
#244 = CARTESIAN_POINT ( 'NONE',  ( 8.300000000000000711, -15.50000000000000000, 7.000000000000000888 ) ) ;
#245 = LINE ( 'NONE', #1988, #5422 ) ;
#246 = LINE ( 'NONE', #2053, #5869 ) ;
#247 = PRESENTATION_LAYER_ASSIGNMENT (  '', '', ( #1752 ) ) ;
#248 = EDGE_CURVE ( 'NONE', #3800, #4846, #872, .T. ) ;
#249 = ORIENTED_EDGE ( 'NONE', *, *, #1438, .F. ) ;
#250 = DIRECTION ( 'NONE',  ( 0.0000000000000000000, 0.0000000000000000000, 1.000000000000000000 ) ) ;
#251 = SURFACE_STYLE_USAGE ( .BOTH. , #4364 ) ;
#252 = FILL_AREA_STYLE_COLOUR ( '', #2837 ) ;
#253 = ORIENTED_EDGE ( 'NONE', *, *, #990, .F. ) ;
#254 = STYLED_ITEM ( 'NONE', ( #1460 ), #735 ) ;
#255 = VERTEX_POINT ( 'NONE', #2193 ) ;
#256 = EDGE_CURVE ( 'NONE', #5808, #1931, #1186, .T. ) ;
#257 = DIRECTION ( 'NONE',  ( -0.0000000000000000000, -1.000000000000000000, -0.0000000000000000000 ) ) ;
#258 = DIRECTION ( 'NONE',  ( 0.0000000000000000000, 1.000000000000000000, 0.0000000000000000000 ) ) ;
#259 = FACE_OUTER_BOUND ( 'NONE', #1473, .T. ) ;
#260 = ORIENTED_EDGE ( 'NONE', *, *, #3619, .F. ) ;
#261 = EDGE_LOOP ( 'NONE', ( #2588, #2961, #5263, #5180 ) ) ;
#262 = VERTEX_POINT ( 'NONE', #3130 ) ;
#263 = CARTESIAN_POINT ( 'NONE',  ( 6.492820323027555851, -15.50000000000000000, 5.200000000000000178 ) ) ;
#264 = EDGE_CURVE ( 'NONE', #3469, #4985, #3203, .T. ) ;
#265 = CARTESIAN_POINT ( 'NONE',  ( -0.6726747950249428731, 4.500000000000000000, 6.999999999999999112 ) ) ;
#266 = CARTESIAN_POINT ( 'NONE',  ( 6.492820323027555851, -15.50000000000000000, 0.4000000000000001887 ) ) ;
#267 = FACE_OUTER_BOUND ( 'NONE', #3503, .T. ) ;
#268 = SURFACE_STYLE_USAGE ( .BOTH. , #5189 ) ;
#269 = EDGE_CURVE ( 'NONE', #2402, #574, #2252, .T. ) ;
#270 = EDGE_CURVE ( 'NONE', #4480, #4698, #5452, .T. ) ;
#271 = CARTESIAN_POINT ( 'NONE',  ( -5.800000000000001599, -16.69999999999999929, 0.4000000000000001887 ) ) ;
#272 = CONICAL_SURFACE ( 'NONE', #5673, 7.000000000000000888, 1.308996938995750092 ) ;
#273 = PRESENTATION_LAYER_ASSIGNMENT (  '', '', ( #3967 ) ) ;
#274 = LINE ( 'NONE', #5826, #2550 ) ;
#275 = VERTEX_POINT ( 'NONE', #4532 ) ;
#276 = LINE ( 'NONE', #5698, #4991 ) ;
#277 = EDGE_CURVE ( 'NONE', #1114, #2168, #20, .T. ) ;
#278 = PRESENTATION_LAYER_ASSIGNMENT (  '', '', ( #361 ) ) ;
#279 = CARTESIAN_POINT ( 'NONE',  ( -4.041451884327384114, 7.790163190291657713, -7.000000000000000000 ) ) ;
#280 = VECTOR ( 'NONE', #5685, 1000.000000000000000 ) ;
#281 = VERTEX_POINT ( 'NONE', #472 ) ;
#282 = ORIENTED_EDGE ( 'NONE', *, *, #1270, .F. ) ;
#283 = CARTESIAN_POINT ( 'NONE',  ( -4.799999999999998934, -19.69999999999999929, 4.399999999999999467 ) ) ;
#284 = PRESENTATION_LAYER_ASSIGNMENT (  '', '', ( #937 ) ) ;
#285 = STYLED_ITEM ( 'NONE', ( #627 ), #1883 ) ;
#286 = DIRECTION ( 'NONE',  ( 0.0000000000000000000, 0.0000000000000000000, 1.000000000000000000 ) ) ;
#287 = SURFACE_SIDE_STYLE ('',( #1648 ) ) ;
#288 = UNCERTAINTY_MEASURE_WITH_UNIT (LENGTH_MEASURE( 1.000000000000000082E-05 ), #3032, 'distance_accuracy_value', 'NONE');
#289 = PLANE ( 'NONE',  #3015 ) ;
#290 = PLANE ( 'NONE',  #576 ) ;
#291 = AXIS2_PLACEMENT_3D ( 'NONE', #3173, #4995, #444 ) ;
#292 = VERTEX_POINT ( 'NONE', #1401 ) ;
#293 = EDGE_LOOP ( 'NONE', ( #875, #3666, #172, #4401, #2431, #3612 ) ) ;
#294 = ADVANCED_FACE ( 'NONE', ( #1755 ), #424, .T. ) ;
#295 = DIRECTION ( 'NONE',  ( 0.0000000000000000000, -0.0000000000000000000, 1.000000000000000000 ) ) ;
#296 = CARTESIAN_POINT ( 'NONE',  ( -5.800000000000000711, -19.69999999999999929, -5.200000000000000178 ) ) ;
#297 = CARTESIAN_POINT ( 'NONE',  ( 0.0000000000000000000, -1.500000000000000000, -8.500000000000000000 ) ) ;
#298 = SURFACE_SIDE_STYLE ('',( #4408 ) ) ;
#299 = CIRCLE ( 'NONE', #1041, 6.000000000000000888 ) ;
#300 = SURFACE_SIDE_STYLE ('',( #775 ) ) ;
#301 = EDGE_CURVE ( 'NONE', #3879, #4164, #5460, .T. ) ;
#302 = DIRECTION ( 'NONE',  ( -0.0000000000000000000, -1.000000000000000000, -0.0000000000000000000 ) ) ;
#303 = DIRECTION ( 'NONE',  ( 0.8660254037844374864, 0.5000000000000021094, -0.0000000000000000000 ) ) ;
#304 = AXIS2_PLACEMENT_3D ( 'NONE', #1879, #3773, #571 ) ;
#305 = SURFACE_SIDE_STYLE ('',( #5329 ) ) ;
#306 =( LENGTH_UNIT ( ) NAMED_UNIT ( * ) SI_UNIT ( .MILLI., .METRE. ) );
#307 = EDGE_CURVE ( 'NONE', #4203, #3201, #4261, .T. ) ;
#308 = FILL_AREA_STYLE_COLOUR ( '', #1674 ) ;
#309 = FILL_AREA_STYLE ('',( #2519 ) ) ;
#310 =( GEOMETRIC_REPRESENTATION_CONTEXT ( 3 ) GLOBAL_UNCERTAINTY_ASSIGNED_CONTEXT ( ( #1095 ) ) GLOBAL_UNIT_ASSIGNED_CONTEXT ( ( #5238, #3904, #3451 ) ) REPRESENTATION_CONTEXT ( 'NONE', 'WORKASPACE' ) );
#311 = ORIENTED_EDGE ( 'NONE', *, *, #4637, .F. ) ;
#312 = CARTESIAN_POINT ( 'NONE',  ( 6.492820323027555851, -15.50000000000000000, 0.4000000000000001887 ) ) ;
#313 = VECTOR ( 'NONE', #3516, 1000.000000000000000 ) ;
#314 = CARTESIAN_POINT ( 'NONE',  ( 9.799999999999998934, -16.69999999999999929, -8.500000000000000000 ) ) ;
#315 = LINE ( 'NONE', #3039, #2868 ) ;
#316 = ORIENTED_EDGE ( 'NONE', *, *, #1534, .T. ) ;
#317 = ORIENTED_EDGE ( 'NONE', *, *, #269, .T. ) ;
#318 = VECTOR ( 'NONE', #5658, 1000.000000000000000 ) ;
#319 = DIRECTION ( 'NONE',  ( 0.0000000000000000000, 0.0000000000000000000, 1.000000000000000000 ) ) ;
#320 = DIRECTION ( 'NONE',  ( 0.5000000000000021094, -0.8660254037844374864, -0.0000000000000000000 ) ) ;
#321 = CARTESIAN_POINT ( 'NONE',  ( 4.799999999999999822, -19.69999999999999929, 5.200000000000000178 ) ) ;
#322 = DIRECTION ( 'NONE',  ( 0.0000000000000000000, 0.7071067811865474617, 0.7071067811865474617 ) ) ;
#323 = FILL_AREA_STYLE ('',( #2541 ) ) ;
#324 = UNCERTAINTY_MEASURE_WITH_UNIT (LENGTH_MEASURE( 1.000000000000000082E-05 ), #5344, 'distance_accuracy_value', 'NONE');
#325 = CARTESIAN_POINT ( 'NONE',  ( 4.799999999999999822, -19.69999999999999929, -4.399999999999999467 ) ) ;
#326 = EDGE_CURVE ( 'NONE', #2619, #3752, #1845, .T. ) ;
#327 =( LENGTH_UNIT ( ) NAMED_UNIT ( * ) SI_UNIT ( .MILLI., .METRE. ) );
#328 = FILL_AREA_STYLE_COLOUR ( '', #4061 ) ;
#329 = FACE_OUTER_BOUND ( 'NONE', #1584, .T. ) ;
#330 = ORIENTED_EDGE ( 'NONE', *, *, #5374, .T. ) ;
#331 = SURFACE_STYLE_FILL_AREA ( #2552 ) ;
#332 = SURFACE_STYLE_FILL_AREA ( #3473 ) ;
#333 = PRESENTATION_LAYER_ASSIGNMENT (  '', '', ( #2891 ) ) ;
#334 = EDGE_LOOP ( 'NONE', ( #1527, #1103, #5010, #787, #330, #636 ) ) ;
#335 =( LENGTH_UNIT ( ) NAMED_UNIT ( * ) SI_UNIT ( .MILLI., .METRE. ) );
#336 = COLOUR_RGB ( '',0.6392156862745097534, 0.6666666666666666297, 0.6784313725490196401 ) ;
#337 = PRESENTATION_STYLE_ASSIGNMENT (( #2613 ) ) ;
#338 = LINE ( 'NONE', #3577, #313 ) ;
#339 = CARTESIAN_POINT ( 'NONE',  ( 4.799999999999998934, -16.69999999999999929, 0.4000000000000001887 ) ) ;
#340 = ORIENTED_EDGE ( 'NONE', *, *, #2160, .F. ) ;
#341 = ORIENTED_EDGE ( 'NONE', *, *, #5426, .T. ) ;
#342 = VECTOR ( 'NONE', #2075, 1000.000000000000000 ) ;
#343 = FILL_AREA_STYLE ('',( #2204 ) ) ;
#344 = ADVANCED_FACE ( 'NONE', ( #3262 ), #5574, .F. ) ;
#345 = DIRECTION ( 'NONE',  ( 0.0000000000000000000, 0.0000000000000000000, -1.000000000000000000 ) ) ;
#346 = PRESENTATION_STYLE_ASSIGNMENT (( #1177 ) ) ;
#347 = DIRECTION ( 'NONE',  ( 0.0000000000000000000, 1.000000000000000000, 0.0000000000000000000 ) ) ;
#348 =( LENGTH_UNIT ( ) NAMED_UNIT ( * ) SI_UNIT ( .MILLI., .METRE. ) );
#349 = CARTESIAN_POINT ( 'NONE',  ( 0.5000000000000013323, -19.69999999999999929, -0.4000000000000001887 ) ) ;
#350 = DIRECTION ( 'NONE',  ( 0.0000000000000000000, 0.0000000000000000000, 1.000000000000000000 ) ) ;
#351 = DIRECTION ( 'NONE',  ( -1.000000000000000000, 0.0000000000000000000, 0.0000000000000000000 ) ) ;
#352 = CARTESIAN_POINT ( 'NONE',  ( 1.192820323027555807, -15.50000000000000000, -0.4000000000000001887 ) ) ;
#353 = PLANE ( 'NONE',  #3241 ) ;
#354 = STYLED_ITEM ( 'NONE', ( #4959 ), #2237 ) ;
#355 = AXIS2_PLACEMENT_3D ( 'NONE', #2105, #347, #2151 ) ;
#356 = ORIENTED_EDGE ( 'NONE', *, *, #876, .F. ) ;
#357 = VERTEX_POINT ( 'NONE', #2884 ) ;
#358 = EDGE_CURVE ( 'NONE', #154, #583, #2854, .T. ) ;
#359 =( NAMED_UNIT ( * ) PLANE_ANGLE_UNIT ( ) SI_UNIT ( $, .RADIAN. ) );
#360 = PLANE ( 'NONE',  #786 ) ;
#361 = STYLED_ITEM ( 'NONE', ( #143 ), #2563 ) ;
#362 = VECTOR ( 'NONE', #2325, 1000.000000000000000 ) ;
#363 = SURFACE_SIDE_STYLE ('',( #2197 ) ) ;
#364 = ORIENTED_EDGE ( 'NONE', *, *, #269, .F. ) ;
#365 = ORIENTED_EDGE ( 'NONE', *, *, #4827, .T. ) ;
#366 = STYLED_ITEM ( 'NONE', ( #2553 ), #2655 ) ;
#367 = ORIENTED_EDGE ( 'NONE', *, *, #3663, .F. ) ;
#368 = STYLED_ITEM ( 'NONE', ( #681 ), #1693 ) ;
#369 = CARTESIAN_POINT ( 'NONE',  ( -7.511572993685797128E-16, 7.500000000000000000, -7.000000000000000888 ) ) ;
#370 = DIRECTION ( 'NONE',  ( 0.0000000000000000000, 1.000000000000000000, 0.0000000000000000000 ) ) ;
#371 = CIRCLE ( 'NONE', #4075, 6.000000000000000888 ) ;
#372 = LINE ( 'NONE', #77, #2942 ) ;
#373 = LINE ( 'NONE', #5850, #1887 ) ;
#374 = PRESENTATION_STYLE_ASSIGNMENT (( #2960 ) ) ;
#375 = EDGE_LOOP ( 'NONE', ( #1935, #2251, #1679, #1924, #2350, #1556 ) ) ;
#376 = ADVANCED_FACE ( 'NONE', ( #5636, #4686 ), #600, .F. ) ;
#377 = CIRCLE ( 'NONE', #2091, 7.500000000000000000 ) ;
#378 = UNCERTAINTY_MEASURE_WITH_UNIT (LENGTH_MEASURE( 1.000000000000000082E-05 ), #3593, 'distance_accuracy_value', 'NONE');
#379 = DIRECTION ( 'NONE',  ( -1.000000000000000000, 0.0000000000000000000, -0.0000000000000000000 ) ) ;
#380 = PRESENTATION_STYLE_ASSIGNMENT (( #2604 ) ) ;
#381 = DIRECTION ( 'NONE',  ( -1.000000000000000000, 0.0000000000000000000, 0.0000000000000000000 ) ) ;
#382 = VECTOR ( 'NONE', #2441, 1000.000000000000000 ) ;
#383 = CARTESIAN_POINT ( 'NONE',  ( 2.696525454875338568, 2.309977214966187020, -7.000000000000000888 ) ) ;
#384 = ORIENTED_EDGE ( 'NONE', *, *, #5113, .T. ) ;
#385 = VECTOR ( 'NONE', #2618, 1000.000000000000000 ) ;
#386 = CARTESIAN_POINT ( 'NONE',  ( -5.800000000000000711, -19.69999999999999929, 4.399999999999999467 ) ) ;
#387 = SURFACE_STYLE_USAGE ( .BOTH. , #4445 ) ;
#388 = DIRECTION ( 'NONE',  ( 0.0000000000000000000, 1.000000000000000000, 0.0000000000000000000 ) ) ;
#389 = EDGE_CURVE ( 'NONE', #135, #4910, #5115, .T. ) ;
#390 = VECTOR ( 'NONE', #5060, 1000.000000000000000 ) ;
#391 = PRODUCT_RELATED_PRODUCT_CATEGORY ( 'part', '', ( #4145 ) ) ;
#392 =( NAMED_UNIT ( * ) PLANE_ANGLE_UNIT ( ) SI_UNIT ( $, .RADIAN. ) );
#393 = CARTESIAN_POINT ( 'NONE',  ( -9.800000000000002487, -16.69999999999999929, -8.500000000000000000 ) ) ;
#394 = FILL_AREA_STYLE_COLOUR ( '', #4892 ) ;
#395 =( GEOMETRIC_REPRESENTATION_CONTEXT ( 3 ) GLOBAL_UNCERTAINTY_ASSIGNED_CONTEXT ( ( #4002 ) ) GLOBAL_UNIT_ASSIGNED_CONTEXT ( ( #2359, #5568, #2910 ) ) REPRESENTATION_CONTEXT ( 'NONE', 'WORKASPACE' ) );
#396 = EDGE_CURVE ( 'NONE', #717, #1128, #5167, .T. ) ;
#397 = LINE ( 'NONE', #2687, #4542 ) ;
#398 = VECTOR ( 'NONE', #4899, 1000.000000000000000 ) ;
#399 = EDGE_LOOP ( 'NONE', ( #5212, #3716, #2065, #5741 ) ) ;
#400 = SURFACE_SIDE_STYLE ('',( #2623 ) ) ;
#401 = DIRECTION ( 'NONE',  ( -0.0000000000000000000, -0.0000000000000000000, -1.000000000000000000 ) ) ;
#402 = PRESENTATION_LAYER_ASSIGNMENT (  '', '', ( #2192 ) ) ;
#403 = CARTESIAN_POINT ( 'NONE',  ( 0.0000000000000000000, 16.80000000000000071, 0.0000000000000000000 ) ) ;
#404 = AXIS2_PLACEMENT_3D ( 'NONE', #3179, #4561, #5515 ) ;
#405 = DIRECTION ( 'NONE',  ( 1.000000000000000000, 2.891205793294679805E-16, -0.0000000000000000000 ) ) ;
#406 = EDGE_CURVE ( 'NONE', #1077, #2464, #4875, .T. ) ;
#407 = PRESENTATION_STYLE_ASSIGNMENT (( #3495 ) ) ;
#408 = ORIENTED_EDGE ( 'NONE', *, *, #5277, .F. ) ;
#409 = VECTOR ( 'NONE', #4810, 1000.000000000000000 ) ;
#410 = CARTESIAN_POINT ( 'NONE',  ( 6.492820323027555851, -15.50000000000000000, 4.399999999999999467 ) ) ;
#411 =( NAMED_UNIT ( * ) SI_UNIT ( $, .STERADIAN. ) SOLID_ANGLE_UNIT ( ) );
#412 = DIRECTION ( 'NONE',  ( 0.0000000000000000000, 1.000000000000000000, 0.0000000000000000000 ) ) ;
#413 = EDGE_CURVE ( 'NONE', #262, #2652, #3002, .T. ) ;
#414 = LINE ( 'NONE', #3673, #1118 ) ;
#415 = ORIENTED_EDGE ( 'NONE', *, *, #1164, .F. ) ;
#416 = MECHANICAL_DESIGN_GEOMETRIC_PRESENTATION_REPRESENTATION (  '', ( #1272 ), #5338 ) ;
#417 = LINE ( 'NONE', #1750, #2667 ) ;
#418 = SURFACE_STYLE_FILL_AREA ( #4041 ) ;
#419 = SURFACE_STYLE_FILL_AREA ( #5364 ) ;
#420 = VERTEX_POINT ( 'NONE', #5732 ) ;
#421 = PRESENTATION_STYLE_ASSIGNMENT (( #3681 ) ) ;
#422 = DIRECTION ( 'NONE',  ( -0.8660254037844385966, 0.0000000000000000000, -0.5000000000000002220 ) ) ;
#423 = ORIENTED_EDGE ( 'NONE', *, *, #2646, .T. ) ;
#424 = CONICAL_SURFACE ( 'NONE', #513, 7.000000000000000888, 1.308996938995750092 ) ;
#425 = EDGE_LOOP ( 'NONE', ( #2066, #4854, #1340, #5144 ) ) ;
#426 = SURFACE_STYLE_FILL_AREA ( #509 ) ;
#427 = STYLED_ITEM ( 'NONE', ( #3705 ), #577 ) ;
#428 = SURFACE_SIDE_STYLE ('',( #2694 ) ) ;
#429 = CARTESIAN_POINT ( 'NONE',  ( -6.735753140545636342, 2.199999999999999734, -2.333333333333333925 ) ) ;
#430 = CARTESIAN_POINT ( 'NONE',  ( -4.799999999999998934, -19.69999999999999929, 0.4000000000000001887 ) ) ;
#431 = CARTESIAN_POINT ( 'NONE',  ( 5.800000000000001599, -19.69999999999999929, -4.399999999999999467 ) ) ;
#432 = ORIENTED_EDGE ( 'NONE', *, *, #4735, .F. ) ;
#433 = STYLED_ITEM ( 'NONE', ( #1873 ), #703 ) ;
#434 = ORIENTED_EDGE ( 'NONE', *, *, #2077, .F. ) ;
#435 = EDGE_CURVE ( 'NONE', #2030, #4081, #4784, .T. ) ;
#436 = UNCERTAINTY_MEASURE_WITH_UNIT (LENGTH_MEASURE( 1.000000000000000082E-05 ), #1468, 'distance_accuracy_value', 'NONE');
#437 = LINE ( 'NONE', #2239, #3822 ) ;
#438 = SURFACE_STYLE_FILL_AREA ( #5359 ) ;
#439 =( NAMED_UNIT ( * ) PLANE_ANGLE_UNIT ( ) SI_UNIT ( $, .RADIAN. ) );
#440 = ORIENTED_EDGE ( 'NONE', *, *, #3444, .F. ) ;
#441 = EDGE_CURVE ( 'NONE', #4859, #5095, #3483, .T. ) ;
#442 = LINE ( 'NONE', #3539, #5078 ) ;
#443 = LINE ( 'NONE', #34, #4961 ) ;
#444 = DIRECTION ( 'NONE',  ( 0.0000000000000000000, 0.0000000000000000000, 1.000000000000000000 ) ) ;
#445 =( NAMED_UNIT ( * ) PLANE_ANGLE_UNIT ( ) SI_UNIT ( $, .RADIAN. ) );
#446 = ORIENTED_EDGE ( 'NONE', *, *, #1650, .T. ) ;
#447 =( LENGTH_UNIT ( ) NAMED_UNIT ( * ) SI_UNIT ( .MILLI., .METRE. ) );
#448 = ADVANCED_FACE ( 'NONE', ( #1189 ), #4889, .T. ) ;
#449 = SURFACE_SIDE_STYLE ('',( #5057 ) ) ;
#450 = COLOUR_RGB ( '',1.000000000000000000, 1.000000000000000000, 1.000000000000000000 ) ;
#451 = SURFACE_SIDE_STYLE ('',( #3631 ) ) ;
#452 = ORIENTED_EDGE ( 'NONE', *, *, #1720, .F. ) ;
#453 = ORIENTED_EDGE ( 'NONE', *, *, #5322, .F. ) ;
#454 = VERTEX_POINT ( 'NONE', #2517 ) ;
#455 = CONICAL_SURFACE ( 'NONE', #3116, 7.000000000000000888, 1.308996938995750092 ) ;
#456 = SURFACE_SIDE_STYLE ('',( #2803 ) ) ;
#457 = CARTESIAN_POINT ( 'NONE',  ( -4.799999999999998934, -16.69999999999999929, -4.399999999999999467 ) ) ;
#458 = PRESENTATION_LAYER_ASSIGNMENT (  '', '', ( #3683 ) ) ;
#459 = ORIENTED_EDGE ( 'NONE', *, *, #4358, .T. ) ;
#460 = ORIENTED_EDGE ( 'NONE', *, *, #5240, .F. ) ;
#461 = DIRECTION ( 'NONE',  ( 0.0000000000000000000, 1.000000000000000000, 0.0000000000000000000 ) ) ;
#462 = DIRECTION ( 'NONE',  ( 1.000000000000000000, 0.0000000000000000000, -1.073081856240828073E-16 ) ) ;
#463 = CARTESIAN_POINT ( 'NONE',  ( -6.735753140545635453, 4.500000000000000000, -2.333333333333334370 ) ) ;
#464 = DIRECTION ( 'NONE',  ( 0.0000000000000000000, 1.000000000000000000, 0.0000000000000000000 ) ) ;
#465 = AXIS2_PLACEMENT_3D ( 'NONE', #1232, #2564, #319 ) ;
#466 = SURFACE_SIDE_STYLE ('',( #418 ) ) ;
#467 =( LENGTH_UNIT ( ) NAMED_UNIT ( * ) SI_UNIT ( .MILLI., .METRE. ) );
#468 = CIRCLE ( 'NONE', #1807, 7.000000000000000888 ) ;
#469 = EDGE_CURVE ( 'NONE', #2403, #5612, #1639, .T. ) ;
#470 = AXIS2_PLACEMENT_3D ( 'NONE', #3806, #5555, #1499 ) ;
#471 = VERTEX_POINT ( 'NONE', #3860 ) ;
#472 = CARTESIAN_POINT ( 'NONE',  ( 0.0000000000000000000, 4.500000000000000888, 7.500000000000002665 ) ) ;
#473 = PRESENTATION_LAYER_ASSIGNMENT (  '', '', ( #3416 ) ) ;
#474 = ADVANCED_FACE ( 'NONE', ( #5666 ), #3442, .T. ) ;
#475 = VERTEX_POINT ( 'NONE', #4904 ) ;
#476 = ORIENTED_EDGE ( 'NONE', *, *, #5391, .T. ) ;
#477 = SURFACE_SIDE_STYLE ('',( #426 ) ) ;
#478 = VECTOR ( 'NONE', #3824, 1000.000000000000000 ) ;
#479 = DIRECTION ( 'NONE',  ( 0.0000000000000000000, 0.0000000000000000000, 1.000000000000000000 ) ) ;
#480 = FILL_AREA_STYLE ('',( #4053 ) ) ;
#481 = DIRECTION ( 'NONE',  ( -0.0000000000000000000, -1.000000000000000000, -0.0000000000000000000 ) ) ;
#482 = LINE ( 'NONE', #3998, #4720 ) ;
#483 = DIRECTION ( 'NONE',  ( 2.891205793294679312E-16, -1.000000000000000000, -0.0000000000000000000 ) ) ;
#484 = ORIENTED_EDGE ( 'NONE', *, *, #3669, .F. ) ;
#485 = STYLED_ITEM ( 'NONE', ( #3184 ), #5438 ) ;
#486 = UNCERTAINTY_MEASURE_WITH_UNIT (LENGTH_MEASURE( 1.000000000000000082E-05 ), #207, 'distance_accuracy_value', 'NONE');
#487 = DIRECTION ( 'NONE',  ( 0.0000000000000000000, 1.000000000000000000, 0.0000000000000000000 ) ) ;
#488 = FILL_AREA_STYLE ('',( #891 ) ) ;
#489 = CARTESIAN_POINT ( 'NONE',  ( 1.192820323027555807, -15.50000000000000000, 4.399999999999999467 ) ) ;
#490 = DIRECTION ( 'NONE',  ( 0.0000000000000000000, -1.000000000000000000, 0.0000000000000000000 ) ) ;
#491 = B_SPLINE_CURVE_WITH_KNOTS ( 'NONE', 3,
 ( #5170, #5141, #1102, #279 ),
 .UNSPECIFIED., .F., .F.,
 ( 4, 4 ),
 ( 0.004041682824435051044, 0.008083134708762431189 ),
 .UNSPECIFIED. ) ;
#492 = MECHANICAL_DESIGN_GEOMETRIC_PRESENTATION_REPRESENTATION (  '', ( #2192 ), #2488 ) ;
#493 = CIRCLE ( 'NONE', #5616, 7.000000000000000888 ) ;
#494 = CARTESIAN_POINT ( 'NONE',  ( 0.0000000000000000000, 2.199999999999999734, 0.0000000000000000000 ) ) ;
#495 = VECTOR ( 'NONE', #5165, 1000.000000000000000 ) ;
#496 = CLOSED_SHELL ( 'NONE', ( #691, #525, #1350, #2115, #956, #1790, #45, #1624 ) ) ;
#497 = ORIENTED_EDGE ( 'NONE', *, *, #3679, .T. ) ;
#498 = CARTESIAN_POINT ( 'NONE',  ( 7.409328454600196956, 2.309679228848994903, -1.166666666666667185 ) ) ;
#499 =( NAMED_UNIT ( * ) PLANE_ANGLE_UNIT ( ) SI_UNIT ( $, .RADIAN. ) );
#500 = EDGE_CURVE ( 'NONE', #2143, #4441, #442, .T. ) ;
#501 = EDGE_CURVE ( 'NONE', #281, #3395, #4992, .T. ) ;
#502 = CARTESIAN_POINT ( 'NONE',  ( -6.062177826491073063, 7.500000000000000000, 3.499999999999998224 ) ) ;
#503 = STYLED_ITEM ( 'NONE', ( #4023 ), #45 ) ;
#504 = DIRECTION ( 'NONE',  ( 0.0000000000000000000, 0.0000000000000000000, 1.000000000000000000 ) ) ;
#505 =( NAMED_UNIT ( * ) PLANE_ANGLE_UNIT ( ) SI_UNIT ( $, .RADIAN. ) );
#506 = ORIENTED_EDGE ( 'NONE', *, *, #2857, .F. ) ;
#507 = EDGE_LOOP ( 'NONE', ( #159, #3004, #4490, #4943 ) ) ;
#508 = CONICAL_SURFACE ( 'NONE', #1467, 7.000000000000000888, 1.308996938995750092 ) ;
#509 = FILL_AREA_STYLE ('',( #3607 ) ) ;
#510 =( NAMED_UNIT ( * ) PLANE_ANGLE_UNIT ( ) SI_UNIT ( $, .RADIAN. ) );
#511 = DIRECTION ( 'NONE',  ( -0.8660254037844374864, 0.5000000000000021094, 0.0000000000000000000 ) ) ;
#512 = CARTESIAN_POINT ( 'NONE',  ( -2.694073211445876748, 9.673386656429828534, -6.999999999999999112 ) ) ;
#513 = AXIS2_PLACEMENT_3D ( 'NONE', #4132, #4451, #5025 ) ;
#514 = LINE ( 'NONE', #4230, #1787 ) ;
#515 = EDGE_LOOP ( 'NONE', ( #4700, #4630, #3999, #2830, #5558, #3278 ) ) ;
#516 =( NAMED_UNIT ( * ) PLANE_ANGLE_UNIT ( ) SI_UNIT ( $, .RADIAN. ) );
#517 = EDGE_LOOP ( 'NONE', ( #1818, #2207, #452, #1229, #1279, #4690 ) ) ;
#518 = PRESENTATION_LAYER_ASSIGNMENT (  '', '', ( #4037 ) ) ;
#519 = PLANE ( 'NONE',  #4000 ) ;
#520 = CARTESIAN_POINT ( 'NONE',  ( 8.300000000000000711, -15.50000000000000000, -7.000000000000000888 ) ) ;
#521 = CARTESIAN_POINT ( 'NONE',  ( 2.696525454875336791, 9.690022785033812980, -7.000000000000000888 ) ) ;
#522 = DIRECTION ( 'NONE',  ( 0.5000000000000021094, 0.8660254037844374864, 0.0000000000000000000 ) ) ;
#523 = AXIS2_PLACEMENT_3D ( 'NONE', #3099, #4883, #816 ) ;
#524 = FILL_AREA_STYLE_COLOUR ( '', #4314 ) ;
#525 = ADVANCED_FACE ( 'NONE', ( #4443 ), #3620, .F. ) ;
#526 = CARTESIAN_POINT ( 'NONE',  ( 0.5000000000000013323, -19.69999999999999929, 5.200000000000000178 ) ) ;
#527 = DIRECTION ( 'NONE',  ( 0.0000000000000000000, 1.000000000000000000, 0.0000000000000000000 ) ) ;
#528 = DIRECTION ( 'NONE',  ( 0.5000000000000021094, 0.8660254037844374864, 0.0000000000000000000 ) ) ;
#529 = FACE_OUTER_BOUND ( 'NONE', #2689, .T. ) ;
#530 = EDGE_CURVE ( 'NONE', #3643, #1478, #2301, .T. ) ;
#531 = VERTEX_POINT ( 'NONE', #1424 ) ;
#532 = DIRECTION ( 'NONE',  ( -0.0000000000000000000, -0.0000000000000000000, -1.000000000000000000 ) ) ;
#533 = LINE ( 'NONE', #2337, #106 ) ;
#534 = UNCERTAINTY_MEASURE_WITH_UNIT (LENGTH_MEASURE( 1.000000000000000082E-05 ), #4410, 'distance_accuracy_value', 'NONE');
#535 = ORIENTED_EDGE ( 'NONE', *, *, #4116, .T. ) ;
#536 = EDGE_LOOP ( 'NONE', ( #3387, #5641, #3352, #2054 ) ) ;
#537 = CARTESIAN_POINT ( 'NONE',  ( -4.799999999999998934, -19.69999999999999929, 5.200000000000000178 ) ) ;
#538 = LINE ( 'NONE', #2342, #586 ) ;
#539 = AXIS2_PLACEMENT_3D ( 'NONE', #5663, #3408, #2364 ) ;
#540 = FACE_OUTER_BOUND ( 'NONE', #1614, .T. ) ;
#541 = SURFACE_SIDE_STYLE ('',( #1440 ) ) ;
#542 = LINE ( 'NONE', #2004, #206 ) ;
#543 = CARTESIAN_POINT ( 'NONE',  ( 0.0000000000000000000, 4.500000000000000000, 0.0000000000000000000 ) ) ;
#544 = VERTEX_POINT ( 'NONE', #5047 ) ;
#545 = ADVANCED_FACE ( 'NONE', ( #5506 ), #5841, .T. ) ;
#546 = CIRCLE ( 'NONE', #840, 6.000000000000000888 ) ;
#547 = VERTEX_POINT ( 'NONE', #4211 ) ;
#548 = CIRCLE ( 'NONE', #2080, 6.000000000000000888 ) ;
#549 = VERTEX_POINT ( 'NONE', #4643 ) ;
#550 = FILL_AREA_STYLE ('',( #991 ) ) ;
#551 = VECTOR ( 'NONE', #1357, 1000.000000000000000 ) ;
#552 = COLOUR_RGB ( '',1.000000000000000000, 1.000000000000000000, 1.000000000000000000 ) ;
#553 = DIRECTION ( 'NONE',  ( 0.0000000000000000000, 1.000000000000000000, 0.0000000000000000000 ) ) ;
#554 = CARTESIAN_POINT ( 'NONE',  ( -6.062177826491071286, 9.799999999999998934, 3.499999999999997335 ) ) ;
#555 = CARTESIAN_POINT ( 'NONE',  ( 8.082903768654761123, 4.500000000000000000, -6.684807919321537843E-16 ) ) ;
#556 = VERTEX_POINT ( 'NONE', #4581 ) ;
#557 = ADVANCED_FACE ( 'NONE', ( #155 ), #5133, .F. ) ;
#558 = COLOUR_RGB ( '',1.000000000000000000, 1.000000000000000000, 1.000000000000000000 ) ;
#559 = LINE ( 'NONE', #2909, #4319 ) ;
#560 = DIRECTION ( 'NONE',  ( -0.0000000000000000000, -1.000000000000000000, -0.0000000000000000000 ) ) ;
#561 = DIRECTION ( 'NONE',  ( 0.0000000000000000000, 0.0000000000000000000, 1.000000000000000000 ) ) ;
#562 = COLOUR_RGB ( '',0.6392156862745097534, 0.6666666666666666297, 0.6784313725490196401 ) ;
#563 =( NAMED_UNIT ( * ) SI_UNIT ( $, .STERADIAN. ) SOLID_ANGLE_UNIT ( ) );
#564 = EDGE_CURVE ( 'NONE', #2243, #2220, #559, .T. ) ;
#565 = ORIENTED_EDGE ( 'NONE', *, *, #5479, .T. ) ;
#566 =( GEOMETRIC_REPRESENTATION_CONTEXT ( 3 ) GLOBAL_UNCERTAINTY_ASSIGNED_CONTEXT ( ( #5793 ) ) GLOBAL_UNIT_ASSIGNED_CONTEXT ( ( #1382, #1414, #5463 ) ) REPRESENTATION_CONTEXT ( 'NONE', 'WORKASPACE' ) );
#567 = SURFACE_STYLE_USAGE ( .BOTH. , #5169 ) ;
#568 = FILL_AREA_STYLE_COLOUR ( '', #4556 ) ;
#569 = CARTESIAN_POINT ( 'NONE',  ( 0.5000000000000013323, -16.69999999999999929, -4.399999999999999467 ) ) ;
#570 = PLANE ( 'NONE',  #4924 ) ;
#571 = DIRECTION ( 'NONE',  ( 1.000000000000000000, 0.0000000000000000000, -0.0000000000000000000 ) ) ;
#572 = VECTOR ( 'NONE', #4794, 1000.000000000000000 ) ;
#573 = VERTEX_POINT ( 'NONE', #4679 ) ;
#574 = VERTEX_POINT ( 'NONE', #3763 ) ;
#575 = DIRECTION ( 'NONE',  ( 1.000000000000000000, -0.0000000000000000000, -0.0000000000000000000 ) ) ;
#576 = AXIS2_PLACEMENT_3D ( 'NONE', #1201, #4758, #2035 ) ;
#577 = ADVANCED_FACE ( 'NONE', ( #1897 ), #996, .F. ) ;
#578 = DIRECTION ( 'NONE',  ( 0.0000000000000000000, 1.000000000000000000, 0.0000000000000000000 ) ) ;
#579 = FILL_AREA_STYLE ('',( #2377 ) ) ;
#580 = FACE_OUTER_BOUND ( 'NONE', #1090, .T. ) ;
#581 = ORIENTED_EDGE ( 'NONE', *, *, #3947, .F. ) ;
#582 = CIRCLE ( 'NONE', #216, 7.000000000000000888 ) ;
#583 = VERTEX_POINT ( 'NONE', #1180 ) ;
#584 = ORIENTED_EDGE ( 'NONE', *, *, #3669, .T. ) ;
#585 = ADVANCED_FACE ( 'NONE', ( #267 ), #3888, .T. ) ;
#586 = VECTOR ( 'NONE', #4928, 1000.000000000000000 ) ;
#587 = CYLINDRICAL_SURFACE ( 'NONE', #769, 6.000000000000000888 ) ;
#588 = CARTESIAN_POINT ( 'NONE',  ( 0.0000000000000000000, 7.500000000000000000, 0.0000000000000000000 ) ) ;
#589 = LINE ( 'NONE', #3786, #2633 ) ;
#590 = EDGE_LOOP ( 'NONE', ( #1288, #1263, #1644, #3951, #1784, #5172 ) ) ;
#591 = MECHANICAL_DESIGN_GEOMETRIC_PRESENTATION_REPRESENTATION (  '', ( #3429 ), #2017 ) ;
#592 = CARTESIAN_POINT ( 'NONE',  ( 5.800000000000001599, -19.69999999999999929, 0.4000000000000001887 ) ) ;
#593 = SURFACE_STYLE_FILL_AREA ( #4150 ) ;
#594 = ADVANCED_FACE ( 'NONE', ( #5689 ), #1660, .T. ) ;
#595 = DIRECTION ( 'NONE',  ( 2.891205793294679312E-16, -1.000000000000000000, -0.0000000000000000000 ) ) ;
#596 = CARTESIAN_POINT ( 'NONE',  ( 0.0000000000000000000, 9.799999999999998934, 0.0000000000000000000 ) ) ;
#597 = COLOUR_RGB ( '',0.6392156862745097534, 0.6666666666666666297, 0.6784313725490196401 ) ;
#598 = CARTESIAN_POINT ( 'NONE',  ( -6.062177826491073063, 2.199999999999999734, -3.499999999999999556 ) ) ;
#599 = ORIENTED_EDGE ( 'NONE', *, *, #1513, .F. ) ;
#600 = PLANE ( 'NONE',  #5536 ) ;
#601 = STYLED_ITEM ( 'NONE', ( #658 ), #4913 ) ;
#602 = DIRECTION ( 'NONE',  ( -0.0000000000000000000, -1.000000000000000000, -0.0000000000000000000 ) ) ;
#603 = EDGE_CURVE ( 'NONE', #2031, #3730, #3024, .T. ) ;
#604 = PLANE ( 'NONE',  #1920 ) ;
#605 = DIRECTION ( 'NONE',  ( -0.8660254037844379305, 0.5000000000000012212, 0.0000000000000000000 ) ) ;
#606 = DIRECTION ( 'NONE',  ( -0.5000000000000021094, 0.8660254037844374864, 0.0000000000000000000 ) ) ;
#607 = UNCERTAINTY_MEASURE_WITH_UNIT (LENGTH_MEASURE( 1.000000000000000082E-05 ), #447, 'distance_accuracy_value', 'NONE');
#608 = EDGE_LOOP ( 'NONE', ( #5023, #5818, #1888, #3367 ) ) ;
#609 = CARTESIAN_POINT ( 'NONE',  ( 0.0000000000000000000, 5.499999999999999112, 6.250000000000000000 ) ) ;
#610 = MANIFOLD_SOLID_BREP ( 'Linear austragen4', #4569 ) ;
#611 =( NAMED_UNIT ( * ) PLANE_ANGLE_UNIT ( ) SI_UNIT ( $, .RADIAN. ) );
#612 =( LENGTH_UNIT ( ) NAMED_UNIT ( * ) SI_UNIT ( .MILLI., .METRE. ) );
#613 = CARTESIAN_POINT ( 'NONE',  ( -4.041451884327383226, 9.509836809708341221, -7.000000000000000000 ) ) ;
#614 = ORIENTED_EDGE ( 'NONE', *, *, #469, .T. ) ;
#615 = STYLED_ITEM ( 'NONE', ( #732 ), #229 ) ;
#616 = ORIENTED_EDGE ( 'NONE', *, *, #5769, .T. ) ;
#617 = CARTESIAN_POINT ( 'NONE',  ( -7.511572993685797128E-16, 7.500000000000000000, -7.000000000000000888 ) ) ;
#618 = FACE_OUTER_BOUND ( 'NONE', #4173, .T. ) ;
#619 = DIRECTION ( 'NONE',  ( 0.5000000000000021094, -0.8660254037844374864, -0.0000000000000000000 ) ) ;
#620 = DIRECTION ( 'NONE',  ( -0.8660254037844385966, 0.0000000000000000000, 0.5000000000000001110 ) ) ;
#621 = ORIENTED_EDGE ( 'NONE', *, *, #3298, .T. ) ;
#622 = FILL_AREA_STYLE_COLOUR ( '', #989 ) ;
#623 = DIRECTION ( 'NONE',  ( 1.000000000000000000, 2.891205793294679805E-16, -0.0000000000000000000 ) ) ;
#624 = UNCERTAINTY_MEASURE_WITH_UNIT (LENGTH_MEASURE( 1.000000000000000082E-05 ), #2521, 'distance_accuracy_value', 'NONE');
#625 = CARTESIAN_POINT ( 'NONE',  ( 4.799999999999998934, -16.69999999999999929, -0.4000000000000001887 ) ) ;
#626 = DIRECTION ( 'NONE',  ( -0.0000000000000000000, -1.000000000000000000, -0.0000000000000000000 ) ) ;
#627 = PRESENTATION_STYLE_ASSIGNMENT (( #5192 ) ) ;
#628 = ORIENTED_EDGE ( 'NONE', *, *, #4909, .T. ) ;
#629 = PRESENTATION_LAYER_ASSIGNMENT (  '', '', ( #2319 ) ) ;
#630 = CARTESIAN_POINT ( 'NONE',  ( 4.041451884327377897, 2.199999999999999734, -7.000000000000000888 ) ) ;
#631 = FILL_AREA_STYLE_COLOUR ( '', #2580 ) ;
#632 = FILL_AREA_STYLE ('',( #2986 ) ) ;
#633 =( LENGTH_UNIT ( ) NAMED_UNIT ( * ) SI_UNIT ( .MILLI., .METRE. ) );
#634 = VERTEX_POINT ( 'NONE', #777 ) ;
#635 = ADVANCED_FACE ( 'NONE', ( #3528 ), #4030, .F. ) ;
#636 = ORIENTED_EDGE ( 'NONE', *, *, #1714, .F. ) ;
#637 = CARTESIAN_POINT ( 'NONE',  ( -0.3853810126192686036, 4.832500505871085039, 6.241085710775005957 ) ) ;
#638 = CIRCLE ( 'NONE', #5651, 7.500000000000000000 ) ;
#639 = DIRECTION ( 'NONE',  ( 0.0000000000000000000, 1.000000000000000000, 0.0000000000000000000 ) ) ;
#640 = B_SPLINE_CURVE_WITH_KNOTS ( 'NONE', 3,
 ( #1433, #3558, #980, #2794 ),
 .UNSPECIFIED., .F., .F.,
 ( 4, 4 ),
 ( 2.309401076759585959E-07, 0.004041682824435056248 ),
 .UNSPECIFIED. ) ;
#641 = UNCERTAINTY_MEASURE_WITH_UNIT (LENGTH_MEASURE( 1.000000000000000082E-05 ), #2396, 'distance_accuracy_value', 'NONE');
#642 = CYLINDRICAL_SURFACE ( 'NONE', #4813, 6.250000000000000000 ) ;
#643 = SURFACE_STYLE_USAGE ( .BOTH. , #3335 ) ;
#644 = EDGE_LOOP ( 'NONE', ( #3401, #4215, #5810, #1346 ) ) ;
#645 = VERTEX_POINT ( 'NONE', #5040 ) ;
#646 =( NAMED_UNIT ( * ) PLANE_ANGLE_UNIT ( ) SI_UNIT ( $, .RADIAN. ) );
#647 =( NAMED_UNIT ( * ) PLANE_ANGLE_UNIT ( ) SI_UNIT ( $, .RADIAN. ) );
#648 = EDGE_CURVE ( 'NONE', #5287, #471, #672, .T. ) ;
#649 = FACE_OUTER_BOUND ( 'NONE', #4724, .T. ) ;
#650 = DIRECTION ( 'NONE',  ( 0.0000000000000000000, 1.000000000000000000, 0.0000000000000000000 ) ) ;
#652 = MANIFOLD_SOLID_BREP ( 'Fase2', #2029 ) ;
#651 = CIRCLE ( 'NONE', #3389, 6.250000000000000000 ) ;
#653 = MECHANICAL_DESIGN_GEOMETRIC_PRESENTATION_REPRESENTATION (  '', ( #3488 ), #4058 ) ;
#654 = VERTEX_POINT ( 'NONE', #2351 ) ;
#655 =( NAMED_UNIT ( * ) SI_UNIT ( $, .STERADIAN. ) SOLID_ANGLE_UNIT ( ) );
#656 = PLANE ( 'NONE',  #3616 ) ;
#657 = MECHANICAL_DESIGN_GEOMETRIC_PRESENTATION_REPRESENTATION (  '', ( #929 ), #3971 ) ;
#658 = PRESENTATION_STYLE_ASSIGNMENT (( #2881 ) ) ;
#659 = SURFACE_STYLE_USAGE ( .BOTH. , #1097 ) ;
#660 = DIRECTION ( 'NONE',  ( 0.0000000000000000000, 1.000000000000000000, 0.0000000000000000000 ) ) ;
#661 = PRESENTATION_LAYER_ASSIGNMENT (  '', '', ( #3398 ) ) ;
#662 = VECTOR ( 'NONE', #4406, 1000.000000000000000 ) ;
#663 = ORIENTED_EDGE ( 'NONE', *, *, #3523, .T. ) ;
#664 = DIRECTION ( 'NONE',  ( 0.0000000000000000000, 0.0000000000000000000, 1.000000000000000000 ) ) ;
#665 = MECHANICAL_DESIGN_GEOMETRIC_PRESENTATION_REPRESENTATION (  '', ( #1226 ), #2836 ) ;
#666 = EDGE_CURVE ( 'NONE', #5402, #4373, #4676, .T. ) ;
#667 = ADVANCED_FACE ( 'NONE', ( #1704 ), #1851, .T. ) ;
#668 = CARTESIAN_POINT ( 'NONE',  ( 4.107179676972443794, -15.50000000000000000, -0.4000000000000001887 ) ) ;
#669 = ORIENTED_EDGE ( 'NONE', *, *, #4806, .T. ) ;
#670 = PRESENTATION_LAYER_ASSIGNMENT (  '', '', ( #2934 ) ) ;
#671 = VERTEX_POINT ( 'NONE', #733 ) ;
#672 = LINE ( 'NONE', #4144, #2896 ) ;
#673 =( LENGTH_UNIT ( ) NAMED_UNIT ( * ) SI_UNIT ( .MILLI., .METRE. ) );
#674 = PLANE ( 'NONE',  #2288 ) ;
#675 = STYLED_ITEM ( 'NONE', ( #2724 ), #3079 ) ;
#676 = SURFACE_STYLE_USAGE ( .BOTH. , #3840 ) ;
#677 = EDGE_LOOP ( 'NONE', ( #1952, #3189, #5839, #4346 ) ) ;
#678 = ORIENTED_EDGE ( 'NONE', *, *, #5702, .T. ) ;
#679 =( GEOMETRIC_REPRESENTATION_CONTEXT ( 3 ) GLOBAL_UNCERTAINTY_ASSIGNED_CONTEXT ( ( #2049 ) ) GLOBAL_UNIT_ASSIGNED_CONTEXT ( ( #5408, #903, #3995 ) ) REPRESENTATION_CONTEXT ( 'NONE', 'WORKASPACE' ) );
#680 = ADVANCED_FACE ( 'NONE', ( #5266, #4370 ), #5290, .T. ) ;
#681 = PRESENTATION_STYLE_ASSIGNMENT (( #2479 ) ) ;
#682 = MECHANICAL_DESIGN_GEOMETRIC_PRESENTATION_REPRESENTATION (  '', ( #3045 ), #1903 ) ;
#683 = EDGE_LOOP ( 'NONE', ( #708, #5121, #3774, #2279, #497, #3552 ) ) ;
#684 = CARTESIAN_POINT ( 'NONE',  ( -4.041451884327381450, 2.490163190291657447, 7.000000000000000888 ) ) ;
#685 = AXIS2_PLACEMENT_3D ( 'NONE', #4551, #4582, #3791 ) ;
#686 = SURFACE_STYLE_FILL_AREA ( #3026 ) ;
#687 = UNCERTAINTY_MEASURE_WITH_UNIT (LENGTH_MEASURE( 1.000000000000000082E-05 ), #5606, 'distance_accuracy_value', 'NONE');
#688 = FACE_OUTER_BOUND ( 'NONE', #375, .T. ) ;
#689 =( GEOMETRIC_REPRESENTATION_CONTEXT ( 3 ) GLOBAL_UNCERTAINTY_ASSIGNED_CONTEXT ( ( #2525 ) ) GLOBAL_UNIT_ASSIGNED_CONTEXT ( ( #150, #5127, #1054 ) ) REPRESENTATION_CONTEXT ( 'NONE', 'WORKASPACE' ) );
#690 = ORIENTED_EDGE ( 'NONE', *, *, #3195, .T. ) ;
#691 = ADVANCED_FACE ( 'NONE', ( #4791 ), #1257, .F. ) ;
#692 = LINE ( 'NONE', #3926, #4222 ) ;
#693 = COLOUR_RGB ( '',1.000000000000000000, 1.000000000000000000, 1.000000000000000000 ) ;
#694 = CARTESIAN_POINT ( 'NONE',  ( -6.062177826491073951, 9.799999999999998934, -3.500000000000000444 ) ) ;
#695 = DIRECTION ( 'NONE',  ( -0.8660254037844374864, 0.5000000000000021094, 0.0000000000000000000 ) ) ;
#696 = COLOUR_RGB ( '',0.6392156862745097534, 0.6666666666666666297, 0.6784313725490196401 ) ;
#697 = FACE_OUTER_BOUND ( 'NONE', #3554, .T. ) ;
#698 = ORIENTED_EDGE ( 'NONE', *, *, #1519, .T. ) ;
#699 = VERTEX_POINT ( 'NONE', #2614 ) ;
#700 = ADVANCED_FACE ( 'NONE', ( #4424 ), #5803, .F. ) ;
#701 = EDGE_CURVE ( 'NONE', #1285, #4675, #2760, .T. ) ;
#702 = FILL_AREA_STYLE_COLOUR ( '', #4754 ) ;
#703 = MANIFOLD_SOLID_BREP ( 'Lineares Muster1[6]', #496 ) ;
#704 = LINE ( 'NONE', #4255, #5870 ) ;
#705 = VECTOR ( 'NONE', #5821, 1000.000000000000000 ) ;
#706 = CARTESIAN_POINT ( 'NONE',  ( -9.800000000000002487, -1.499999999999999556, -8.500000000000000000 ) ) ;
#707 = ORIENTED_EDGE ( 'NONE', *, *, #3978, .T. ) ;
#708 = ORIENTED_EDGE ( 'NONE', *, *, #145, .F. ) ;
#709 = ADVANCED_FACE ( 'NONE', ( #5429 ), #4158, .T. ) ;
#710 = CLOSED_SHELL ( 'NONE', ( #3847, #1643, #3409, #2237, #5843, #1093, #1307, #3900 ) ) ;
#711 = EDGE_CURVE ( 'NONE', #5195, #970, #1932, .T. ) ;
#712 = CARTESIAN_POINT ( 'NONE',  ( 4.799999999999998934, -16.69999999999999929, -0.4000000000000001887 ) ) ;
#713 =( NAMED_UNIT ( * ) PLANE_ANGLE_UNIT ( ) SI_UNIT ( $, .RADIAN. ) );
#714 = FACE_OUTER_BOUND ( 'NONE', #3802, .T. ) ;
#715 = FILL_AREA_STYLE_COLOUR ( '', #4825 ) ;
#716 =( LENGTH_UNIT ( ) NAMED_UNIT ( * ) SI_UNIT ( .MILLI., .METRE. ) );
#717 = VERTEX_POINT ( 'NONE', #5514 ) ;
#718 = CARTESIAN_POINT ( 'NONE',  ( -1.346054828429412709, 2.226464659073123187, 7.000000000000000000 ) ) ;
#719 =( NAMED_UNIT ( * ) SI_UNIT ( $, .STERADIAN. ) SOLID_ANGLE_UNIT ( ) );
#720 =( NAMED_UNIT ( * ) PLANE_ANGLE_UNIT ( ) SI_UNIT ( $, .RADIAN. ) );
#721 = CARTESIAN_POINT ( 'NONE',  ( -5.800000000000001599, -15.50000000000000000, 0.4000000000000001887 ) ) ;
#722 = SURFACE_STYLE_USAGE ( .BOTH. , #2636 ) ;
#723 = EDGE_LOOP ( 'NONE', ( #3787, #1049 ) ) ;
#724 = AXIS2_PLACEMENT_3D ( 'NONE', #61, #1955, #2785 ) ;
#725 = ORIENTED_EDGE ( 'NONE', *, *, #2581, .F. ) ;
#726 = CARTESIAN_POINT ( 'NONE',  ( 0.0000000000000000000, 9.799999999999998934, 0.0000000000000000000 ) ) ;
#727 = CARTESIAN_POINT ( 'NONE',  ( 5.800000000000001599, -19.69999999999999929, -0.4000000000000001887 ) ) ;
#728 = PRESENTATION_LAYER_ASSIGNMENT (  '', '', ( #1941 ) ) ;
#729 = ADVANCED_FACE ( 'NONE', ( #3263 ), #1129, .T. ) ;
#730 = ORIENTED_EDGE ( 'NONE', *, *, #1650, .F. ) ;
#731 = ORIENTED_EDGE ( 'NONE', *, *, #940, .T. ) ;
#732 = PRESENTATION_STYLE_ASSIGNMENT (( #4368 ) ) ;
#733 = CARTESIAN_POINT ( 'NONE',  ( 4.107179676972443794, -15.50000000000000000, -5.200000000000000178 ) ) ;
#734 = FACE_OUTER_BOUND ( 'NONE', #850, .T. ) ;
#735 = MANIFOLD_SOLID_BREP ( 'Linear austragen3', #3254 ) ;
#736 = FACE_OUTER_BOUND ( 'NONE', #1968, .T. ) ;
#737 = DIRECTION ( 'NONE',  ( 1.000000000000000000, 0.0000000000000000000, 0.0000000000000000000 ) ) ;
#738 = EDGE_LOOP ( 'NONE', ( #2446, #1563, #1027, #2561 ) ) ;
#739 = EDGE_LOOP ( 'NONE', ( #231, #5269, #2199 ) ) ;
#740 = PLANE ( 'NONE',  #2883 ) ;
#741 = CARTESIAN_POINT ( 'NONE',  ( 0.0000000000000000000, 16.50000000000000000, 0.0000000000000000000 ) ) ;
#742 = DIRECTION ( 'NONE',  ( -0.5000000000000021094, -0.8660254037844374864, 0.0000000000000000000 ) ) ;
#743 = AXIS2_PLACEMENT_3D ( 'NONE', #5306, #2966, #1243 ) ;
#744 = CARTESIAN_POINT ( 'NONE',  ( -6.062177826491073063, 2.199999999999999734, 3.499999999999998224 ) ) ;
#745 = CARTESIAN_POINT ( 'NONE',  ( -0.5000000000000004441, -19.69999999999999929, -4.399999999999999467 ) ) ;
#746 = CARTESIAN_POINT ( 'NONE',  ( 1.192820323027555807, -15.50000000000000000, -4.399999999999999467 ) ) ;
#747 = DIRECTION ( 'NONE',  ( -0.0000000000000000000, -1.000000000000000000, -0.0000000000000000000 ) ) ;
#748 = DIRECTION ( 'NONE',  ( -0.0000000000000000000, -1.000000000000000000, -0.0000000000000000000 ) ) ;
#749 = VECTOR ( 'NONE', #5853, 1000.000000000000000 ) ;
#750 = DIRECTION ( 'NONE',  ( 0.0000000000000000000, 0.0000000000000000000, 1.000000000000000000 ) ) ;
#751 = PRESENTATION_STYLE_ASSIGNMENT (( #722 ) ) ;
#752 = DIRECTION ( 'NONE',  ( 0.0000000000000000000, 1.000000000000000000, 0.0000000000000000000 ) ) ;
#753 = FILL_AREA_STYLE_COLOUR ( '', #4595 ) ;
#754 = DIRECTION ( 'NONE',  ( 0.0000000000000000000, 0.0000000000000000000, 1.000000000000000000 ) ) ;
#755 = SURFACE_STYLE_USAGE ( .BOTH. , #2610 ) ;
#756 = COLOUR_RGB ( '',1.000000000000000000, 1.000000000000000000, 1.000000000000000000 ) ;
#757 = EDGE_LOOP ( 'NONE', ( #565, #3013, #3850 ) ) ;
#758 = ORIENTED_EDGE ( 'NONE', *, *, #1615, .F. ) ;
#759 =( LENGTH_UNIT ( ) NAMED_UNIT ( * ) SI_UNIT ( .MILLI., .METRE. ) );
#760 = VECTOR ( 'NONE', #4872, 1000.000000000000000 ) ;
#761 = ADVANCED_FACE ( 'NONE', ( #1002 ), #4217, .F. ) ;
#762 = CARTESIAN_POINT ( 'NONE',  ( 0.5000000000000013323, -19.69999999999999929, 0.4000000000000001887 ) ) ;
#763 = PRODUCT_DEFINITION_CONTEXT ( 'detailed design', #4127, 'design' ) ;
#764 = CARTESIAN_POINT ( 'NONE',  ( 4.041451884327378785, 9.509836809708341221, -7.000000000000000888 ) ) ;
#765 = VECTOR ( 'NONE', #1928, 1000.000000000000000 ) ;
#766 = EDGE_LOOP ( 'NONE', ( #5527, #2765, #4873 ) ) ;
#767 = VERTEX_POINT ( 'NONE', #2460 ) ;
#768 = EDGE_CURVE ( 'NONE', #5670, #5097, #225, .T. ) ;
#769 = AXIS2_PLACEMENT_3D ( 'NONE', #1949, #2478, #87 ) ;
#770 = CARTESIAN_POINT ( 'NONE',  ( 5.800000000000001599, -19.69999999999999929, 5.200000000000000178 ) ) ;
#771 = LINE ( 'NONE', #5217, #3317 ) ;
#772 = DIRECTION ( 'NONE',  ( 0.0000000000000000000, 1.000000000000000000, 0.0000000000000000000 ) ) ;
#773 = CARTESIAN_POINT ( 'NONE',  ( 4.107179676972443794, -15.50000000000000000, 0.4000000000000001887 ) ) ;
#774 = MECHANICAL_DESIGN_GEOMETRIC_PRESENTATION_REPRESENTATION (  '', ( #3608 ), #679 ) ;
#775 = SURFACE_STYLE_FILL_AREA ( #5816 ) ;
#776 = EDGE_CURVE ( 'NONE', #970, #574, #692, .T. ) ;
#777 = CARTESIAN_POINT ( 'NONE',  ( 2.602085213965210642E-15, 4.500000000000000000, 6.999999999999999112 ) ) ;
#778 =( GEOMETRIC_REPRESENTATION_CONTEXT ( 3 ) GLOBAL_UNCERTAINTY_ASSIGNED_CONTEXT ( ( #3405 ) ) GLOBAL_UNIT_ASSIGNED_CONTEXT ( ( #1651, #3482, #5647 ) ) REPRESENTATION_CONTEXT ( 'NONE', 'WORKASPACE' ) );
#779 = FILL_AREA_STYLE_COLOUR ( '', #5824 ) ;
#780 = CARTESIAN_POINT ( 'NONE',  ( -8.082903768654761123, 2.490163190291658335, -3.473544504145886111E-15 ) ) ;
#781 = ORIENTED_EDGE ( 'NONE', *, *, #4936, .F. ) ;
#782 = MECHANICAL_DESIGN_GEOMETRIC_PRESENTATION_REPRESENTATION (  '', ( #1247 ), #3711 ) ;
#783 = CARTESIAN_POINT ( 'NONE',  ( -4.107179676972443794, -15.50000000000000000, -5.200000000000000178 ) ) ;
#784 = CARTESIAN_POINT ( 'NONE',  ( -7.409328454600197844, 9.690320771151004209, -1.166666666666669627 ) ) ;
#785 = PRESENTATION_STYLE_ASSIGNMENT (( #1278 ) ) ;
#786 = AXIS2_PLACEMENT_3D ( 'NONE', #845, #2558, #5804 ) ;
#787 = ORIENTED_EDGE ( 'NONE', *, *, #5864, .F. ) ;
#788 = PLANE ( 'NONE',  #3187 ) ;
#789 = EDGE_CURVE ( 'NONE', #2388, #1814, #276, .T. ) ;
#790 = STYLED_ITEM ( 'NONE', ( #978 ), #4515 ) ;
#791 = DIRECTION ( 'NONE',  ( -0.0000000000000000000, -1.000000000000000000, -0.0000000000000000000 ) ) ;
#792 = B_SPLINE_CURVE_WITH_KNOTS ( 'NONE', 3,
 ( #1283, #2649, #2196, #4343 ),
 .UNSPECIFIED., .F., .F.,
 ( 4, 4 ),
 ( 0.004041682824435056248, 0.008083134708762439863 ),
 .UNSPECIFIED. ) ;
#793 = DIRECTION ( 'NONE',  ( -0.0000000000000000000, -1.000000000000000000, -0.0000000000000000000 ) ) ;
#794 = COLOUR_RGB ( '',1.000000000000000000, 1.000000000000000000, 1.000000000000000000 ) ;
#795 = ORIENTED_EDGE ( 'NONE', *, *, #2727, .T. ) ;
#796 = VERTEX_POINT ( 'NONE', #3443 ) ;
#797 = ADVANCED_FACE ( 'NONE', ( #4416 ), #823, .T. ) ;
#798 = AXIS2_PLACEMENT_3D ( 'NONE', #3258, #997, #4613 ) ;
#799 = PLANE ( 'NONE',  #4260 ) ;
#800 = DIRECTION ( 'NONE',  ( 0.0000000000000000000, 0.0000000000000000000, 1.000000000000000000 ) ) ;
#801 = CARTESIAN_POINT ( 'NONE',  ( 8.082903768654761123, 7.790163190291658601, -7.215013330229419547E-16 ) ) ;
#802 = CARTESIAN_POINT ( 'NONE',  ( 0.0000000000000000000, 4.500000000000000888, 7.500000000000002665 ) ) ;
#803 = PLANE ( 'NONE',  #4609 ) ;
#804 = CARTESIAN_POINT ( 'NONE',  ( 0.0000000000000000000, 0.0000000000000000000, 0.0000000000000000000 ) ) ;
#805 = DIRECTION ( 'NONE',  ( 0.0000000000000000000, 0.0000000000000000000, 1.000000000000000000 ) ) ;
#806 = CARTESIAN_POINT ( 'NONE',  ( 6.492820323027555851, -15.50000000000000000, 5.200000000000000178 ) ) ;
#807 = CARTESIAN_POINT ( 'NONE',  ( -0.6726747950258281650, 2.200000000000000178, -7.000000000000003553 ) ) ;
#808 = ORIENTED_EDGE ( 'NONE', *, *, #2908, .T. ) ;
#809 = EDGE_CURVE ( 'NONE', #3395, #5716, #3095, .T. ) ;
#810 = MECHANICAL_DESIGN_GEOMETRIC_PRESENTATION_REPRESENTATION (  '', ( #615 ), #4884 ) ;
#811 = PRESENTATION_STYLE_ASSIGNMENT (( #3060 ) ) ;
#812 = FILL_AREA_STYLE ('',( #3474 ) ) ;
#813 = ORIENTED_EDGE ( 'NONE', *, *, #96, .T. ) ;
#814 =( NAMED_UNIT ( * ) PLANE_ANGLE_UNIT ( ) SI_UNIT ( $, .RADIAN. ) );
#815 = VERTEX_POINT ( 'NONE', #3954 ) ;
#816 = DIRECTION ( 'NONE',  ( -2.891205793294679805E-16, 1.000000000000000000, 0.0000000000000000000 ) ) ;
#817 = DIRECTION ( 'NONE',  ( -0.0000000000000000000, -0.0000000000000000000, -1.000000000000000000 ) ) ;
#818 = CARTESIAN_POINT ( 'NONE',  ( -5.800000000000001599, -15.50000000000000000, -0.4000000000000001887 ) ) ;
#819 = MECHANICAL_DESIGN_GEOMETRIC_PRESENTATION_REPRESENTATION (  '', ( #433 ), #3748 ) ;
#820 = EDGE_LOOP ( 'NONE', ( #5260, #2286, #3475 ) ) ;
#821 = VERTEX_POINT ( 'NONE', #727 ) ;
#822 = ORIENTED_EDGE ( 'NONE', *, *, #1609, .F. ) ;
#823 = CONICAL_SURFACE ( 'NONE', #3180, 7.000000000000000000, 0.7853981633974499443 ) ;
#824 = CARTESIAN_POINT ( 'NONE',  ( 0.5000000000000013323, -19.69999999999999929, 4.399999999999999467 ) ) ;
#825 = SURFACE_STYLE_FILL_AREA ( #2232 ) ;
#826 = CARTESIAN_POINT ( 'NONE',  ( -1.346054828429409378, 4.473535340926875215, 7.000000000000000000 ) ) ;
#827 = CARTESIAN_POINT ( 'NONE',  ( 0.0000000000000000000, 4.500000000000000000, 0.0000000000000000000 ) ) ;
#828 = ORIENTED_EDGE ( 'NONE', *, *, #4670, .F. ) ;
#829 = CARTESIAN_POINT ( 'NONE',  ( 7.347880794884120722E-16, 2.199999999999999734, 6.000000000000000888 ) ) ;
#830 =( GEOMETRIC_REPRESENTATION_CONTEXT ( 3 ) GLOBAL_UNCERTAINTY_ASSIGNED_CONTEXT ( ( #3009 ) ) GLOBAL_UNIT_ASSIGNED_CONTEXT ( ( #4997, #1280, #1339 ) ) REPRESENTATION_CONTEXT ( 'NONE', 'WORKASPACE' ) );
#831 = EDGE_CURVE ( 'NONE', #2016, #671, #2518, .T. ) ;
#832 = CARTESIAN_POINT ( 'NONE',  ( 6.123233995736767268E-16, 21.19999999999999574, 5.000000000000000888 ) ) ;
#833 = SURFACE_STYLE_FILL_AREA ( #2109 ) ;
#834 =( LENGTH_UNIT ( ) NAMED_UNIT ( * ) SI_UNIT ( .MILLI., .METRE. ) );
#835 = CARTESIAN_POINT ( 'NONE',  ( -0.5773502691896266192, 4.500000000000000000, 6.223276200416198556 ) ) ;
#836 = ORIENTED_EDGE ( 'NONE', *, *, #3415, .F. ) ;
#837 = AXIS2_PLACEMENT_3D ( 'NONE', #3362, #4793, #5580 ) ;
#838 = ADVANCED_FACE ( 'NONE', ( #3031 ), #4809, .T. ) ;
#839 = CARTESIAN_POINT ( 'NONE',  ( 0.0000000000000000000, 11.50000000000000000, 0.0000000000000000000 ) ) ;
#840 = AXIS2_PLACEMENT_3D ( 'NONE', #1865, #892, #2752 ) ;
#841 = CARTESIAN_POINT ( 'NONE',  ( 4.041451884327378785, 2.490163190291658335, 6.999999999999998224 ) ) ;
#842 = ORIENTED_EDGE ( 'NONE', *, *, #3298, .F. ) ;
#843 = FILL_AREA_STYLE ('',( #4074 ) ) ;
#844 = EDGE_CURVE ( 'NONE', #3297, #2030, #5220, .T. ) ;
#845 = CARTESIAN_POINT ( 'NONE',  ( 0.0000000000000000000, 21.50000000000000000, 0.0000000000000000000 ) ) ;
#846 = AXIS2_PLACEMENT_3D ( 'NONE', #543, #2064, #3873 ) ;
#847 = AXIS2_PLACEMENT_3D ( 'NONE', #5059, #405, #2660 ) ;
#848 = ORIENTED_EDGE ( 'NONE', *, *, #469, .F. ) ;
#849 =( GEOMETRIC_REPRESENTATION_CONTEXT ( 3 ) GLOBAL_UNCERTAINTY_ASSIGNED_CONTEXT ( ( #2152 ) ) GLOBAL_UNIT_ASSIGNED_CONTEXT ( ( #1869, #1336, #5392 ) ) REPRESENTATION_CONTEXT ( 'NONE', 'WORKASPACE' ) );
#850 = EDGE_LOOP ( 'NONE', ( #5388, #1216, #3537, #2954 ) ) ;
#851 = FACE_OUTER_BOUND ( 'NONE', #2783, .T. ) ;
#852 = PLANE ( 'NONE',  #5413 ) ;
#853 =( GEOMETRIC_REPRESENTATION_CONTEXT ( 3 ) GLOBAL_UNCERTAINTY_ASSIGNED_CONTEXT ( ( #2210 ) ) GLOBAL_UNIT_ASSIGNED_CONTEXT ( ( #3992, #3941, #3582 ) ) REPRESENTATION_CONTEXT ( 'NONE', 'WORKASPACE' ) );
#854 = CARTESIAN_POINT ( 'NONE',  ( 0.0000000000000000000, 16.50000000000000000, 4.699999999999999289 ) ) ;
#855 = CARTESIAN_POINT ( 'NONE',  ( 4.041451884327378785, 7.790163190291658601, 6.999999999999998224 ) ) ;
#856 = FILL_AREA_STYLE ('',( #4923 ) ) ;
#857 = CARTESIAN_POINT ( 'NONE',  ( -4.041451884327381450, 9.509836809708342997, 7.000000000000000888 ) ) ;
#858 = AXIS2_PLACEMENT_3D ( 'NONE', #5042, #968, #2297 ) ;
#859 = PRESENTATION_STYLE_ASSIGNMENT (( #1296 ) ) ;
#860 = ADVANCED_FACE ( 'NONE', ( #3761 ), #1861, .T. ) ;
#861 = LINE ( 'NONE', #4438, #1442 ) ;
#862 = CARTESIAN_POINT ( 'NONE',  ( -8.572527594031473190E-16, 0.0000000000000000000, -7.000000000000000000 ) ) ;
#863 = CARTESIAN_POINT ( 'NONE',  ( -8.082903768654761123, 4.209836809708341399, -3.476453858126656522E-15 ) ) ;
#864 = LINE ( 'NONE', #4579, #5106 ) ;
#865 = B_SPLINE_CURVE_WITH_KNOTS ( 'NONE', 3,
 ( #1121, #5564, #718, #4327, #5629, #684 ),
 .UNSPECIFIED., .F., .F.,
 ( 4, 2, 4 ),
 ( 0.02091410365795285872, 0.02294139008977152949, 0.02496867652159019679 ),
 .UNSPECIFIED. ) ;
#866 = ORIENTED_EDGE ( 'NONE', *, *, #4788, .T. ) ;
#867 = DIRECTION ( 'NONE',  ( 0.0000000000000000000, 0.0000000000000000000, -1.000000000000000000 ) ) ;
#868 = VECTOR ( 'NONE', #2215, 1000.000000000000000 ) ;
#869 =( NAMED_UNIT ( * ) PLANE_ANGLE_UNIT ( ) SI_UNIT ( $, .RADIAN. ) );
#870 = PRESENTATION_STYLE_ASSIGNMENT (( #4499 ) ) ;
#871 = ORIENTED_EDGE ( 'NONE', *, *, #4611, .F. ) ;
#872 = LINE ( 'NONE', #3153, #5529 ) ;
#873 = LINE ( 'NONE', #5318, #1334 ) ;
#874 = VERTEX_POINT ( 'NONE', #213 ) ;
#875 = ORIENTED_EDGE ( 'NONE', *, *, #1634, .F. ) ;
#876 = EDGE_CURVE ( 'NONE', #2243, #5670, #5161, .T. ) ;
#877 = VECTOR ( 'NONE', #1086, 1000.000000000000000 ) ;
#878 = MECHANICAL_DESIGN_GEOMETRIC_PRESENTATION_REPRESENTATION (  '', ( #2684 ), #4655 ) ;
#879 = EDGE_LOOP ( 'NONE', ( #3042, #1509, #2769, #4457 ) ) ;
#880 = FILL_AREA_STYLE ('',( #2624 ) ) ;
#881 = SURFACE_STYLE_USAGE ( .BOTH. , #3524 ) ;
#882 = VECTOR ( 'NONE', #2609, 1000.000000000000000 ) ;
#883 = SURFACE_SIDE_STYLE ('',( #2744 ) ) ;
#884 = DIRECTION ( 'NONE',  ( 0.0000000000000000000, 0.0000000000000000000, 1.000000000000000000 ) ) ;
#885 = ORIENTED_EDGE ( 'NONE', *, *, #2839, .T. ) ;
#886 = EDGE_CURVE ( 'NONE', #4916, #4200, #865, .T. ) ;
#887 = MECHANICAL_DESIGN_GEOMETRIC_PRESENTATION_REPRESENTATION (  '', ( #3248 ), #4662 ) ;
#888 = ORIENTED_EDGE ( 'NONE', *, *, #5588, .F. ) ;
#889 = SURFACE_STYLE_FILL_AREA ( #3082 ) ;
#890 = CARTESIAN_POINT ( 'NONE',  ( -4.799999999999998934, -16.69999999999999929, -0.4000000000000001887 ) ) ;
#891 = FILL_AREA_STYLE_COLOUR ( '', #4738 ) ;
#892 = DIRECTION ( 'NONE',  ( 0.0000000000000000000, 1.000000000000000000, 0.0000000000000000000 ) ) ;
#893 = ORIENTED_EDGE ( 'NONE', *, *, #963, .F. ) ;
#894 = AXIS2_PLACEMENT_3D ( 'NONE', #4083, #2770, #1821 ) ;
#895 =( NAMED_UNIT ( * ) SI_UNIT ( $, .STERADIAN. ) SOLID_ANGLE_UNIT ( ) );
#896 = CARTESIAN_POINT ( 'NONE',  ( 6.492820323027555851, -15.50000000000000000, 0.4000000000000001887 ) ) ;
#897 = ORIENTED_EDGE ( 'NONE', *, *, #5639, .F. ) ;
#898 = DIRECTION ( 'NONE',  ( 0.0000000000000000000, 1.000000000000000000, 0.0000000000000000000 ) ) ;
#899 = PLANE ( 'NONE',  #5400 ) ;
#900 = ORIENTED_EDGE ( 'NONE', *, *, #2174, .F. ) ;
#901 = AXIS2_PLACEMENT_3D ( 'NONE', #1580, #2941, #3770 ) ;
#902 = LINE ( 'NONE', #1912, #1616 ) ;
#903 =( NAMED_UNIT ( * ) PLANE_ANGLE_UNIT ( ) SI_UNIT ( $, .RADIAN. ) );
#904 = PLANE ( 'NONE',  #5781 ) ;
#905 = B_SPLINE_CURVE_WITH_KNOTS ( 'NONE', 3,
 ( #1074, #4160, #101, #2462 ),
 .UNSPECIFIED., .F., .F.,
 ( 4, 4 ),
 ( 0.004041682824435056248, 0.008083134708762438128 ),
 .UNSPECIFIED. ) ;
#906 = EDGE_LOOP ( 'NONE', ( #1909, #2097, #4232 ) ) ;
#907 = STYLED_ITEM ( 'NONE', ( #5733 ), #797 ) ;
#908 = ORIENTED_EDGE ( 'NONE', *, *, #5656, .F. ) ;
#909 = EDGE_CURVE ( 'NONE', #4164, #275, #5750, .T. ) ;
#910 = UNCERTAINTY_MEASURE_WITH_UNIT (LENGTH_MEASURE( 1.000000000000000082E-05 ), #3148, 'distance_accuracy_value', 'NONE');
#911 =( LENGTH_UNIT ( ) NAMED_UNIT ( * ) SI_UNIT ( .MILLI., .METRE. ) );
#912 = DIRECTION ( 'NONE',  ( -0.5000000000000021094, -0.8660254037844374864, 0.0000000000000000000 ) ) ;
#913 = ORIENTED_EDGE ( 'NONE', *, *, #3575, .F. ) ;
#914 = SURFACE_STYLE_USAGE ( .BOTH. , #2185 ) ;
#915 = FACE_OUTER_BOUND ( 'NONE', #1204, .T. ) ;
#916 = DIRECTION ( 'NONE',  ( 0.0000000000000000000, 0.0000000000000000000, 1.000000000000000000 ) ) ;
#917 = CARTESIAN_POINT ( 'NONE',  ( 0.5000000000000013323, -19.69999999999999929, -0.4000000000000001887 ) ) ;
#918 = DIRECTION ( 'NONE',  ( 0.0000000000000000000, 1.000000000000000000, -0.0000000000000000000 ) ) ;
#919 = ORIENTED_EDGE ( 'NONE', *, *, #39, .T. ) ;
#920 = SURFACE_SIDE_STYLE ('',( #67 ) ) ;
#921 = EDGE_CURVE ( 'NONE', #2876, #14, #2482, .T. ) ;
#922 = CARTESIAN_POINT ( 'NONE',  ( 4.107179676972443794, -15.50000000000000000, 5.200000000000000178 ) ) ;
#923 = AXIS2_PLACEMENT_3D ( 'NONE', #3468, #3893, #4385 ) ;
#924 = PRESENTATION_LAYER_ASSIGNMENT (  '', '', ( #3488 ) ) ;
#925 = VERTEX_POINT ( 'NONE', #2047 ) ;
#926 = ORIENTED_EDGE ( 'NONE', *, *, #5045, .F. ) ;
#927 = DIRECTION ( 'NONE',  ( 0.0000000000000000000, 0.0000000000000000000, -1.000000000000000000 ) ) ;
#928 = STYLED_ITEM ( 'NONE', ( #5561 ), #2327 ) ;
#929 = STYLED_ITEM ( 'NONE', ( #1864 ), #1458 ) ;
#930 = CARTESIAN_POINT ( 'NONE',  ( 0.5773502691896270633, 5.500000000000000000, 6.223276200416199444 ) ) ;
#931 = LINE ( 'NONE', #3662, #6 ) ;
#932 = PRESENTATION_STYLE_ASSIGNMENT (( #2661 ) ) ;
#933 = SURFACE_SIDE_STYLE ('',( #2807 ) ) ;
#934 = EDGE_CURVE ( 'NONE', #3182, #2388, #3852, .T. ) ;
#935 = VERTEX_POINT ( 'NONE', #5535 ) ;
#936 = CARTESIAN_POINT ( 'NONE',  ( -2.694073211444690585, 7.626613343570052272, 6.999999999999997335 ) ) ;
#937 = STYLED_ITEM ( 'NONE', ( #785 ), #2639 ) ;
#938 = DIRECTION ( 'NONE',  ( -0.0000000000000000000, -1.000000000000000000, -0.0000000000000000000 ) ) ;
#939 = DIRECTION ( 'NONE',  ( -0.0000000000000000000, -0.0000000000000000000, -1.000000000000000000 ) ) ;
#940 = EDGE_CURVE ( 'NONE', #2016, #255, #1480, .T. ) ;
#941 =( LENGTH_UNIT ( ) NAMED_UNIT ( * ) SI_UNIT ( .MILLI., .METRE. ) );
#942 = DIRECTION ( 'NONE',  ( 0.0000000000000000000, 1.000000000000000000, 0.0000000000000000000 ) ) ;
#943 = CARTESIAN_POINT ( 'NONE',  ( -4.107179676972443794, -15.50000000000000000, 5.200000000000000178 ) ) ;
#944 = LINE ( 'NONE', #4125, #1036 ) ;
#945 = AXIS2_PLACEMENT_3D ( 'NONE', #1508, #3310, #4177 ) ;
#946 = DIRECTION ( 'NONE',  ( 0.0000000000000000000, -0.0000000000000000000, -1.000000000000000000 ) ) ;
#947 = VECTOR ( 'NONE', #4664, 1000.000000000000000 ) ;
#948 = VERTEX_POINT ( 'NONE', #4435 ) ;
#949 = CARTESIAN_POINT ( 'NONE',  ( 6.062177826491071286, 2.199999999999999734, -3.500000000000001332 ) ) ;
#950 = DIRECTION ( 'NONE',  ( 1.000000000000000000, 2.891205793294679805E-16, -0.0000000000000000000 ) ) ;
#951 = DIRECTION ( 'NONE',  ( -0.0000000000000000000, -0.0000000000000000000, -1.000000000000000000 ) ) ;
#952 = COLOUR_RGB ( '',1.000000000000000000, 1.000000000000000000, 1.000000000000000000 ) ;
#953 = DIRECTION ( 'NONE',  ( 0.0000000000000000000, 0.0000000000000000000, 1.000000000000000000 ) ) ;
#954 = CARTESIAN_POINT ( 'NONE',  ( -8.082903768654761123, 4.209836809708341399, -3.476453858126656522E-15 ) ) ;
#955 = ORIENTED_EDGE ( 'NONE', *, *, #3112, .F. ) ;
#956 = ADVANCED_FACE ( 'NONE', ( #3050 ), #803, .F. ) ;
#957 = VERTEX_POINT ( 'NONE', #4378 ) ;
#958 = PLANE ( 'NONE',  #2784 ) ;
#959 = CARTESIAN_POINT ( 'NONE',  ( -4.041451884327381450, 7.790163190291657713, 7.000000000000000888 ) ) ;
#960 = DIRECTION ( 'NONE',  ( -0.8660254037844374864, 0.5000000000000021094, 0.0000000000000000000 ) ) ;
#961 = DIRECTION ( 'NONE',  ( -0.0000000000000000000, -0.0000000000000000000, -1.000000000000000000 ) ) ;
#962 = VERTEX_POINT ( 'NONE', #1208 ) ;
#963 = EDGE_CURVE ( 'NONE', #2871, #2243, #4801, .T. ) ;
#964 = ORIENTED_EDGE ( 'NONE', *, *, #2734, .T. ) ;
#965 =( LENGTH_UNIT ( ) NAMED_UNIT ( * ) SI_UNIT ( .MILLI., .METRE. ) );
#966 = AXIS2_PLACEMENT_3D ( 'NONE', #1796, #2171, #5434 ) ;
#967 = FACE_OUTER_BOUND ( 'NONE', #1120, .T. ) ;
#968 = DIRECTION ( 'NONE',  ( -0.0000000000000000000, 1.000000000000000000, 0.0000000000000000000 ) ) ;
#969 = CARTESIAN_POINT ( 'NONE',  ( 0.0000000000000000000, 4.500000000000000000, 0.0000000000000000000 ) ) ;
#970 = VERTEX_POINT ( 'NONE', #5252 ) ;
#971 = VECTOR ( 'NONE', #1577, 1000.000000000000000 ) ;
#972 = DIRECTION ( 'NONE',  ( 0.0000000000000000000, 0.0000000000000000000, 1.000000000000000000 ) ) ;
#973 = MECHANICAL_DESIGN_GEOMETRIC_PRESENTATION_REPRESENTATION (  '', ( #2389 ), #3922 ) ;
#974 = FACE_OUTER_BOUND ( 'NONE', #3380, .T. ) ;
#975 = VECTOR ( 'NONE', #560, 1000.000000000000000 ) ;
#976 = ADVANCED_FACE ( 'NONE', ( #5354, #4897 ), #2663, .F. ) ;
#977 = VERTEX_POINT ( 'NONE', #4355 ) ;
#978 = PRESENTATION_STYLE_ASSIGNMENT (( #1786 ) ) ;
#979 = EDGE_CURVE ( 'NONE', #5628, #2929, #5660, .T. ) ;
#980 = CARTESIAN_POINT ( 'NONE',  ( -6.735753140545633677, 9.799999999999998934, 2.333333333333330373 ) ) ;
#981 = VERTEX_POINT ( 'NONE', #3916 ) ;
#982 = ORIENTED_EDGE ( 'NONE', *, *, #5249, .F. ) ;
#983 = EDGE_CURVE ( 'NONE', #3522, #2373, #3110, .T. ) ;
#984 =( NAMED_UNIT ( * ) PLANE_ANGLE_UNIT ( ) SI_UNIT ( $, .RADIAN. ) );
#985 = DIRECTION ( 'NONE',  ( -1.000000000000000000, 0.0000000000000000000, 0.0000000000000000000 ) ) ;
#986 = VECTOR ( 'NONE', #867, 1000.000000000000000 ) ;
#987 = ORIENTED_EDGE ( 'NONE', *, *, #5216, .F. ) ;
#988 = VERTEX_POINT ( 'NONE', #4925 ) ;
#989 = COLOUR_RGB ( '',1.000000000000000000, 1.000000000000000000, 1.000000000000000000 ) ;
#990 = EDGE_CURVE ( 'NONE', #4691, #4203, #1994, .T. ) ;
#991 = FILL_AREA_STYLE_COLOUR ( '', #2378 ) ;
#992 = CARTESIAN_POINT ( 'NONE',  ( -0.1926883477387780763, 5.166253991689936598, 7.500000000000000888 ) ) ;
#993 = CARTESIAN_POINT ( 'NONE',  ( 0.0000000000000000000, 21.19999999999999574, 0.0000000000000000000 ) ) ;
#994 = CARTESIAN_POINT ( 'NONE',  ( -6.062177826491073951, 9.799999999999998934, -3.500000000000000444 ) ) ;
#995 =( GEOMETRIC_REPRESENTATION_CONTEXT ( 3 ) GLOBAL_UNCERTAINTY_ASSIGNED_CONTEXT ( ( #5062 ) ) GLOBAL_UNIT_ASSIGNED_CONTEXT ( ( #1523, #2885, #5547 ) ) REPRESENTATION_CONTEXT ( 'NONE', 'WORKASPACE' ) );
#996 = PLANE ( 'NONE',  #5637 ) ;
#997 = DIRECTION ( 'NONE',  ( 0.0000000000000000000, 1.000000000000000000, 0.0000000000000000000 ) ) ;
#998 = CARTESIAN_POINT ( 'NONE',  ( -0.5000000000000013323, -15.50000000000000000, 4.399999999999999467 ) ) ;
#999 = DIRECTION ( 'NONE',  ( 0.0000000000000000000, 0.0000000000000000000, -1.000000000000000000 ) ) ;
#1000 = ORIENTED_EDGE ( 'NONE', *, *, #2423, .T. ) ;
#1001 = EDGE_CURVE ( 'NONE', #531, #3453, #1776, .T. ) ;
#1002 = FACE_OUTER_BOUND ( 'NONE', #3595, .T. ) ;
#1003 = LINE ( 'NONE', #2056, #5243 ) ;
#1004 = DIRECTION ( 'NONE',  ( 0.0000000000000000000, -1.000000000000000000, -0.0000000000000000000 ) ) ;
#1005 = AXIS2_PLACEMENT_3D ( 'NONE', #1813, #2680, #4968 ) ;
#1006 = DIRECTION ( 'NONE',  ( 0.0000000000000000000, 1.000000000000000000, 0.0000000000000000000 ) ) ;
#1007 = SURFACE_STYLE_FILL_AREA ( #71 ) ;
#1008 = UNCERTAINTY_MEASURE_WITH_UNIT (LENGTH_MEASURE( 1.000000000000000082E-05 ), #3285, 'distance_accuracy_value', 'NONE');
#1009 = ORIENTED_EDGE ( 'NONE', *, *, #270, .T. ) ;
#1010 = ORIENTED_EDGE ( 'NONE', *, *, #2353, .T. ) ;
#1011 = EDGE_CURVE ( 'NONE', #3411, #4481, #3434, .T. ) ;
#1012 = CARTESIAN_POINT ( 'NONE',  ( 0.0000000000000000000, 7.500000000000000000, 0.0000000000000000000 ) ) ;
#1013 = VECTOR ( 'NONE', #5634, 1000.000000000000000 ) ;
#1014 = AXIS2_PLACEMENT_3D ( 'NONE', #2865, #257, #2984 ) ;
#1015 = CARTESIAN_POINT ( 'NONE',  ( 5.800000000000001599, -19.69999999999999929, 0.4000000000000001887 ) ) ;
#1016 = CARTESIAN_POINT ( 'NONE',  ( 5.800000000000001599, -16.69999999999999929, 0.4000000000000001887 ) ) ;
#1017 = EDGE_LOOP ( 'NONE', ( #5528, #3256, #1253, #5840, #3477, #4746 ) ) ;
#1018 = VERTEX_POINT ( 'NONE', #25 ) ;
#1019 = MECHANICAL_DESIGN_GEOMETRIC_PRESENTATION_REPRESENTATION (  '', ( #5196 ), #5108 ) ;
#1020 = CARTESIAN_POINT ( 'NONE',  ( 5.800000000000001599, -19.69999999999999929, -4.399999999999999467 ) ) ;
#1021 = EDGE_CURVE ( 'NONE', #3800, #573, #3164, .T. ) ;
#1022 = DIRECTION ( 'NONE',  ( -0.0000000000000000000, -1.000000000000000000, -0.0000000000000000000 ) ) ;
#1023 = AXIS2_PLACEMENT_3D ( 'NONE', #1825, #1857, #3138 ) ;
#1024 = PRESENTATION_STYLE_ASSIGNMENT (( #5157 ) ) ;
#1025 = DIRECTION ( 'NONE',  ( 0.0000000000000000000, 0.0000000000000000000, 1.000000000000000000 ) ) ;
#1026 = LINE ( 'NONE', #3818, #80 ) ;
#1027 = ORIENTED_EDGE ( 'NONE', *, *, #5362, .F. ) ;
#1028 =( LENGTH_UNIT ( ) NAMED_UNIT ( * ) SI_UNIT ( .MILLI., .METRE. ) );
#1029 = ADVANCED_FACE ( 'NONE', ( #4489 ), #4984, .F. ) ;
#1030 =( GEOMETRIC_REPRESENTATION_CONTEXT ( 3 ) GLOBAL_UNCERTAINTY_ASSIGNED_CONTEXT ( ( #4776 ) ) GLOBAL_UNIT_ASSIGNED_CONTEXT ( ( #1611, #3981, #4334 ) ) REPRESENTATION_CONTEXT ( 'NONE', 'WORKASPACE' ) );
#1031 = CIRCLE ( 'NONE', #2729, 7.500000000000000000 ) ;
#1032 = DIRECTION ( 'NONE',  ( 0.0000000000000000000, 0.0000000000000000000, 1.000000000000000000 ) ) ;
#1033 = DIRECTION ( 'NONE',  ( 0.0000000000000000000, 1.000000000000000000, 0.0000000000000000000 ) ) ;
#1034 = DIRECTION ( 'NONE',  ( -0.0000000000000000000, -0.0000000000000000000, -1.000000000000000000 ) ) ;
#1035 = CARTESIAN_POINT ( 'NONE',  ( -1.192820323027555807, -15.50000000000000000, 5.200000000000000178 ) ) ;
#1036 = VECTOR ( 'NONE', #4011, 1000.000000000000000 ) ;
#1037 = EDGE_LOOP ( 'NONE', ( #4209, #2621, #4273, #5309 ) ) ;
#1038 = STYLED_ITEM ( 'NONE', ( #3661 ), #3046 ) ;
#1039 = SURFACE_STYLE_FILL_AREA ( #3382 ) ;
#1040 =( NAMED_UNIT ( * ) PLANE_ANGLE_UNIT ( ) SI_UNIT ( $, .RADIAN. ) );
#1041 = AXIS2_PLACEMENT_3D ( 'NONE', #4399, #2470, #1139 ) ;
#1042 = ORIENTED_EDGE ( 'NONE', *, *, #3124, .T. ) ;
#1043 = DIRECTION ( 'NONE',  ( 0.0000000000000000000, 1.000000000000000000, 0.0000000000000000000 ) ) ;
#1044 = AXIS2_PLACEMENT_3D ( 'NONE', #4938, #4095, #2673 ) ;
#1045 = DIRECTION ( 'NONE',  ( 0.8660254037844374864, 0.5000000000000021094, -0.0000000000000000000 ) ) ;
#1046 = CARTESIAN_POINT ( 'NONE',  ( 4.107179676972443794, -15.50000000000000000, 4.399999999999999467 ) ) ;
#1047 = DIRECTION ( 'NONE',  ( 0.8660254037844374864, 0.5000000000000021094, -0.0000000000000000000 ) ) ;
#1048 = FILL_AREA_STYLE ('',( #2443 ) ) ;
#1049 = ORIENTED_EDGE ( 'NONE', *, *, #396, .F. ) ;
#1050 = VECTOR ( 'NONE', #5107, 1000.000000000000000 ) ;
#1051 = ORIENTED_EDGE ( 'NONE', *, *, #3273, .T. ) ;
#1052 =( NAMED_UNIT ( * ) SI_UNIT ( $, .STERADIAN. ) SOLID_ANGLE_UNIT ( ) );
#1053 = ORIENTED_EDGE ( 'NONE', *, *, #3517, .T. ) ;
#1054 =( NAMED_UNIT ( * ) SI_UNIT ( $, .STERADIAN. ) SOLID_ANGLE_UNIT ( ) );
#1055 = AXIS2_PLACEMENT_3D ( 'NONE', #762, #4426, #5745 ) ;
#1056 = EDGE_CURVE ( 'NONE', #2560, #1113, #2776, .T. ) ;
#1057 = CARTESIAN_POINT ( 'NONE',  ( -0.5773502691896266192, 4.500000000000000000, 7.477744758058185504 ) ) ;
#1058 = CARTESIAN_POINT ( 'NONE',  ( 4.041451884327379673, 2.490163190291658335, -7.000000000000000888 ) ) ;
#1059 = CARTESIAN_POINT ( 'NONE',  ( -6.062177826491073063, 2.199999999999999734, -3.499999999999999556 ) ) ;
#1060 = ORIENTED_EDGE ( 'NONE', *, *, #5092, .F. ) ;
#1061 =( NAMED_UNIT ( * ) PLANE_ANGLE_UNIT ( ) SI_UNIT ( $, .RADIAN. ) );
#1062 = VECTOR ( 'NONE', #3369, 1000.000000000000000 ) ;
#1063 = CIRCLE ( 'NONE', #2678, 7.000000000000000888 ) ;
#1064 = SURFACE_STYLE_FILL_AREA ( #5136 ) ;
#1065 = B_SPLINE_CURVE_WITH_KNOTS ( 'NONE', 3,
 ( #4606, #521, #5075, #1981 ),
 .UNSPECIFIED., .F., .F.,
 ( 4, 4 ),
 ( 0.01684633503357353679, 0.02091410365672650984 ),
 .UNSPECIFIED. ) ;
#1066 = DIRECTION ( 'NONE',  ( 0.0000000000000000000, 1.000000000000000000, 0.0000000000000000000 ) ) ;
#1067 = AXIS2_PLACEMENT_3D ( 'NONE', #839, #388, #5177 ) ;
#1068 = COLOUR_RGB ( '',1.000000000000000000, 1.000000000000000000, 1.000000000000000000 ) ;
#1069 = FILL_AREA_STYLE ('',( #2397 ) ) ;
#1070 = ORIENTED_EDGE ( 'NONE', *, *, #4437, .F. ) ;
#1071 = PRESENTATION_LAYER_ASSIGNMENT (  '', '', ( #2117 ) ) ;
#1072 =( NAMED_UNIT ( * ) SI_UNIT ( $, .STERADIAN. ) SOLID_ANGLE_UNIT ( ) );
#1073 = CARTESIAN_POINT ( 'NONE',  ( 0.0000000000000000000, 0.0000000000000000000, 0.0000000000000000000 ) ) ;
#1074 = CARTESIAN_POINT ( 'NONE',  ( 6.062177826491071286, 4.500000000000000000, -3.500000000000000888 ) ) ;
#1075 = EDGE_CURVE ( 'NONE', #4134, #117, #3471, .T. ) ;
#1076 = VERTEX_POINT ( 'NONE', #2318 ) ;
#1077 = VERTEX_POINT ( 'NONE', #3247 ) ;
#1078 = DIRECTION ( 'NONE',  ( 2.891205793294679312E-16, -1.000000000000000000, -0.0000000000000000000 ) ) ;
#1079 = DIRECTION ( 'NONE',  ( 1.000000000000000000, 0.0000000000000000000, -0.0000000000000000000 ) ) ;
#1080 = CARTESIAN_POINT ( 'NONE',  ( -0.5000000000000004441, -19.69999999999999929, -4.399999999999999467 ) ) ;
#1081 = CARTESIAN_POINT ( 'NONE',  ( -9.800000000000002487, -1.499999999999999556, 8.500000000000000000 ) ) ;
#1082 = ORIENTED_EDGE ( 'NONE', *, *, #1590, .T. ) ;
#1083 = EDGE_LOOP ( 'NONE', ( #2732, #1082, #367 ) ) ;
#1084 = CARTESIAN_POINT ( 'NONE',  ( 1.349728080771689598, 7.500000000000000000, -7.000000000000000888 ) ) ;
#1085 = STYLED_ITEM ( 'NONE', ( #2458 ), #344 ) ;
#1086 = DIRECTION ( 'NONE',  ( 0.5000000000000021094, 0.8660254037844374864, 0.0000000000000000000 ) ) ;
#1087 = DIRECTION ( 'NONE',  ( 0.0000000000000000000, 1.000000000000000000, 0.0000000000000000000 ) ) ;
#1088 = CARTESIAN_POINT ( 'NONE',  ( -0.5000000000000013323, -16.69999999999999929, 0.4000000000000001887 ) ) ;
#1089 = DIRECTION ( 'NONE',  ( -0.5000000000000021094, -0.8660254037844374864, 0.0000000000000000000 ) ) ;
#1090 = EDGE_LOOP ( 'NONE', ( #4289, #1610, #5609, #5866 ) ) ;
#1091 = B_SPLINE_CURVE_WITH_KNOTS ( 'NONE', 3,
 ( #2190, #2250, #4941, #2219 ),
 .UNSPECIFIED., .F., .F.,
 ( 4, 4 ),
 ( 2.309401076756360087E-07, 0.004041682824435054514 ),
 .UNSPECIFIED. ) ;
#1092 = CARTESIAN_POINT ( 'NONE',  ( 6.062177826491069510, 2.199999999999999734, 3.500000000000001332 ) ) ;
#1093 = ADVANCED_FACE ( 'NONE', ( #1497 ), #4227, .F. ) ;
#1094 = FILL_AREA_STYLE_COLOUR ( '', #5134 ) ;
#1095 = UNCERTAINTY_MEASURE_WITH_UNIT (LENGTH_MEASURE( 1.000000000000000082E-05 ), #5238, 'distance_accuracy_value', 'NONE');
#1096 = DIRECTION ( 'NONE',  ( 0.0000000000000000000, -0.0000000000000000000, 1.000000000000000000 ) ) ;
#1097 = SURFACE_SIDE_STYLE ('',( #4743 ) ) ;
#1098 = PRESENTATION_LAYER_ASSIGNMENT (  '', '', ( #4797 ) ) ;
#1099 = ORIENTED_EDGE ( 'NONE', *, *, #2498, .T. ) ;
#1100 = EDGE_CURVE ( 'NONE', #796, #5768, #2468, .T. ) ;
#1101 = DIRECTION ( 'NONE',  ( 0.0000000000000000000, 0.0000000000000000000, -1.000000000000000000 ) ) ;
#1102 = CARTESIAN_POINT ( 'NONE',  ( -4.715027198381948281, 7.609679228848994725, -5.833333333333332149 ) ) ;
#1103 = ORIENTED_EDGE ( 'NONE', *, *, #5471, .F. ) ;
#1104 = ORIENTED_EDGE ( 'NONE', *, *, #1385, .F. ) ;
#1105 = FILL_AREA_STYLE_COLOUR ( '', #3559 ) ;
#1106 = ADVANCED_FACE ( 'NONE', ( #168 ), #4716, .T. ) ;
#1107 = PRESENTATION_LAYER_ASSIGNMENT (  '', '', ( #1768 ) ) ;
#1108 = CARTESIAN_POINT ( 'NONE',  ( -4.041451884327381450, 7.790163190291657713, 7.000000000000000888 ) ) ;
#1109 = SURFACE_STYLE_FILL_AREA ( #5675 ) ;
#1110 = UNCERTAINTY_MEASURE_WITH_UNIT (LENGTH_MEASURE( 1.000000000000000082E-05 ), #335, 'distance_accuracy_value', 'NONE');
#1111 = DIRECTION ( 'NONE',  ( -0.5000000000000021094, 0.8660254037844374864, 0.0000000000000000000 ) ) ;
#1112 = CARTESIAN_POINT ( 'NONE',  ( 0.0000000000000000000, 4.500000000000000000, 0.0000000000000000000 ) ) ;
#1113 = VERTEX_POINT ( 'NONE', #2407 ) ;
#1114 = VERTEX_POINT ( 'NONE', #2924 ) ;
#1115 = ORIENTED_EDGE ( 'NONE', *, *, #78, .T. ) ;
#1116 = FILL_AREA_STYLE ('',( #3943 ) ) ;
#1117 =( NAMED_UNIT ( * ) PLANE_ANGLE_UNIT ( ) SI_UNIT ( $, .RADIAN. ) );
#1118 = VECTOR ( 'NONE', #4093, 1000.000000000000000 ) ;
#1119 = STYLED_ITEM ( 'NONE', ( #407 ), #956 ) ;
#1120 = EDGE_LOOP ( 'NONE', ( #1000, #1943, #136, #2339 ) ) ;
#1121 = CARTESIAN_POINT ( 'NONE',  ( 2.253471898105739434E-15, 2.199999999999999734, 7.000000000000000888 ) ) ;
#1122 =( NAMED_UNIT ( * ) SI_UNIT ( $, .STERADIAN. ) SOLID_ANGLE_UNIT ( ) );
#1123 = LINE ( 'NONE', #2048, #2472 ) ;
#1124 = STYLED_ITEM ( 'NONE', ( #5888 ), #1350 ) ;
#1125 = LINE ( 'NONE', #2427, #1266 ) ;
#1126 = ADVANCED_FACE ( 'NONE', ( #3838 ), #5767, .T. ) ;
#1127 = MECHANICAL_DESIGN_GEOMETRIC_PRESENTATION_REPRESENTATION (  '', ( #368 ), #5572 ) ;
#1128 = VERTEX_POINT ( 'NONE', #5646 ) ;
#1129 = CYLINDRICAL_SURFACE ( 'NONE', #158, 5.000000000000000888 ) ;
#1130 = FACE_BOUND ( 'NONE', #4201, .T. ) ;
#1131 = VECTOR ( 'NONE', #5785, 1000.000000000000000 ) ;
#1132 = CARTESIAN_POINT ( 'NONE',  ( -6.492820323027555851, -15.50000000000000000, 5.200000000000000178 ) ) ;
#1133 = EDGE_CURVE ( 'NONE', #3752, #2619, #5102, .T. ) ;
#1134 = ORIENTED_EDGE ( 'NONE', *, *, #4848, .T. ) ;
#1135 = ORIENTED_EDGE ( 'NONE', *, *, #5052, .T. ) ;
#1136 = DIRECTION ( 'NONE',  ( 0.0000000000000000000, 0.0000000000000000000, -1.000000000000000000 ) ) ;
#1137 = DIRECTION ( 'NONE',  ( 0.0000000000000000000, 1.000000000000000000, 0.0000000000000000000 ) ) ;
#1138 = VECTOR ( 'NONE', #4054, 1000.000000000000000 ) ;
#1139 = DIRECTION ( 'NONE',  ( 0.0000000000000000000, 0.0000000000000000000, 1.000000000000000000 ) ) ;
#1140 = ADVANCED_FACE ( 'NONE', ( #5239, #4661 ), #1586, .F. ) ;
#1141 = ORIENTED_EDGE ( 'NONE', *, *, #4461, .F. ) ;
#1142 = EDGE_LOOP ( 'NONE', ( #1555, #5563, #2838, #4277, #5748, #3819 ) ) ;
#1143 =( NAMED_UNIT ( * ) SI_UNIT ( $, .STERADIAN. ) SOLID_ANGLE_UNIT ( ) );
#1144 = MECHANICAL_DESIGN_GEOMETRIC_PRESENTATION_REPRESENTATION (  '', ( #1242 ), #2099 ) ;
#1145 = DIRECTION ( 'NONE',  ( 0.0000000000000000000, 1.000000000000000000, 0.0000000000000000000 ) ) ;
#1146 = LINE ( 'NONE', #5752, #5310 ) ;
#1147 = AXIS2_PLACEMENT_3D ( 'NONE', #4212, #4238, #156 ) ;
#1148 = ORIENTED_EDGE ( 'NONE', *, *, #2886, .T. ) ;
#1149 = CARTESIAN_POINT ( 'NONE',  ( 0.0000000000000000000, 4.500000000000000000, 0.0000000000000000000 ) ) ;
#1150 = B_SPLINE_CURVE_WITH_KNOTS ( 'NONE', 3,
 ( #4692, #2466, #1557, #198 ),
 .UNSPECIFIED., .F., .F.,
 ( 4, 4 ),
 ( 2.309401076756360087E-07, 0.004041682824435057116 ),
 .UNSPECIFIED. ) ;
#1151 = DIRECTION ( 'NONE',  ( -0.0000000000000000000, -1.000000000000000000, -0.0000000000000000000 ) ) ;
#1152 = AXIS2_PLACEMENT_3D ( 'NONE', #3701, #2780, #5590 ) ;
#1153 = PRESENTATION_LAYER_ASSIGNMENT (  '', '', ( #3426 ) ) ;
#1154 = ORIENTED_EDGE ( 'NONE', *, *, #1979, .T. ) ;
#1155 = DIRECTION ( 'NONE',  ( 0.0000000000000000000, -1.000000000000000000, 0.0000000000000000000 ) ) ;
#1156 = CARTESIAN_POINT ( 'NONE',  ( 0.0000000000000000000, 4.500000000000000000, 0.0000000000000000000 ) ) ;
#1157 = SURFACE_STYLE_USAGE ( .BOTH. , #1641 ) ;
#1158 = DIRECTION ( 'NONE',  ( 0.0000000000000000000, 0.0000000000000000000, 1.000000000000000000 ) ) ;
#1159 = COLOUR_RGB ( '',1.000000000000000000, 1.000000000000000000, 1.000000000000000000 ) ;
#1160 = SURFACE_STYLE_USAGE ( .BOTH. , #5232 ) ;
#1161 = ORIENTED_EDGE ( 'NONE', *, *, #4503, .T. ) ;
#1162 = MECHANICAL_DESIGN_GEOMETRIC_PRESENTATION_REPRESENTATION (  '', ( #3720 ), #3918 ) ;
#1163 = ORIENTED_EDGE ( 'NONE', *, *, #1714, .T. ) ;
#1164 = EDGE_CURVE ( 'NONE', #3227, #154, #3332, .T. ) ;
#1165 = ADVANCED_FACE ( 'NONE', ( #3749 ), #642, .F. ) ;
#1166 = DIRECTION ( 'NONE',  ( -0.0000000000000000000, -1.000000000000000000, -0.0000000000000000000 ) ) ;
#1167 = AXIS2_PLACEMENT_3D ( 'NONE', #2995, #303, #3436 ) ;
#1168 = CARTESIAN_POINT ( 'NONE',  ( 5.800000000000001599, -16.69999999999999929, -5.200000000000000178 ) ) ;
#1169 = PLANE ( 'NONE',  #2346 ) ;
#1170 = EDGE_LOOP ( 'NONE', ( #628, #4450, #1566 ) ) ;
#1171 = EDGE_CURVE ( 'NONE', #5612, #654, #704, .T. ) ;
#1172 = DIRECTION ( 'NONE',  ( 0.0000000000000000000, 0.0000000000000000000, -1.000000000000000000 ) ) ;
#1173 =( LENGTH_UNIT ( ) NAMED_UNIT ( * ) SI_UNIT ( .MILLI., .METRE. ) );
#1174 = CARTESIAN_POINT ( 'NONE',  ( -4.715027198381944729, 2.309679228848994903, 5.833333333333333037 ) ) ;
#1175 =( NAMED_UNIT ( * ) SI_UNIT ( $, .STERADIAN. ) SOLID_ANGLE_UNIT ( ) );
#1176 = COLOUR_RGB ( '',1.000000000000000000, 1.000000000000000000, 1.000000000000000000 ) ;
#1177 = SURFACE_STYLE_USAGE ( .BOTH. , #298 ) ;
#1178 = CARTESIAN_POINT ( 'NONE',  ( -2.694073211444691918, 9.673386656429945774, 7.000000000000001776 ) ) ;
#1179 = COLOUR_RGB ( '',0.0000000000000000000, 0.0000000000000000000, 0.7529411764705882248 ) ;
#1180 = CARTESIAN_POINT ( 'NONE',  ( -0.5000000000000013323, -16.69999999999999929, -5.200000000000000178 ) ) ;
#1181 = CARTESIAN_POINT ( 'NONE',  ( -8.300000000000004263, -15.50000000000000000, 7.000000000000000888 ) ) ;
#1182 = CARTESIAN_POINT ( 'NONE',  ( 0.5000000000000013323, -19.69999999999999929, -4.399999999999999467 ) ) ;
#1183 = DIRECTION ( 'NONE',  ( 0.0000000000000000000, 1.000000000000000000, 0.0000000000000000000 ) ) ;
#1184 = LINE ( 'NONE', #2605, #5285 ) ;
#1185 = VERTEX_POINT ( 'NONE', #4316 ) ;
#1186 = CIRCLE ( 'NONE', #2601, 6.250000000000000000 ) ;
#1187 = EDGE_CURVE ( 'NONE', #1653, #988, #1620, .T. ) ;
#1188 = ORIENTED_EDGE ( 'NONE', *, *, #2391, .T. ) ;
#1189 = FACE_OUTER_BOUND ( 'NONE', #2799, .T. ) ;
#1190 =( NAMED_UNIT ( * ) SI_UNIT ( $, .STERADIAN. ) SOLID_ANGLE_UNIT ( ) );
#1191 =( LENGTH_UNIT ( ) NAMED_UNIT ( * ) SI_UNIT ( .MILLI., .METRE. ) );
#1192 = PRESENTATION_STYLE_ASSIGNMENT (( #4419 ) ) ;
#1193 = UNCERTAINTY_MEASURE_WITH_UNIT (LENGTH_MEASURE( 1.000000000000000082E-05 ), #5158, 'distance_accuracy_value', 'NONE');
#1194 = ORIENTED_EDGE ( 'NONE', *, *, #60, .T. ) ;
#1195 = ADVANCED_FACE ( 'NONE', ( #736 ), #5553, .T. ) ;
#1196 = LINE ( 'NONE', #5264, #4601 ) ;
#1197 = VERTEX_POINT ( 'NONE', #5710 ) ;
#1198 = FACE_OUTER_BOUND ( 'NONE', #3901, .T. ) ;
#1199 = FILL_AREA_STYLE_COLOUR ( '', #4898 ) ;
#1200 =( NAMED_UNIT ( * ) PLANE_ANGLE_UNIT ( ) SI_UNIT ( $, .RADIAN. ) );
#1201 = CARTESIAN_POINT ( 'NONE',  ( -8.082903768654761123, 9.799999999999998934, -3.472943553460108938E-15 ) ) ;
#1202 = ORIENTED_EDGE ( 'NONE', *, *, #1948, .T. ) ;
#1203 = EDGE_CURVE ( 'NONE', #4157, #3411, #5806, .T. ) ;
#1204 = EDGE_LOOP ( 'NONE', ( #5160, #5551, #5552, #725, #5809 ) ) ;
#1205 = PRESENTATION_STYLE_ASSIGNMENT (( #4861 ) ) ;
#1206 = AXIS2_PLACEMENT_3D ( 'NONE', #4869, #4412, #350 ) ;
#1207 = CARTESIAN_POINT ( 'NONE',  ( -4.799999999999998934, -19.69999999999999929, 0.4000000000000001887 ) ) ;
#1208 = CARTESIAN_POINT ( 'NONE',  ( -4.107179676972443794, -15.50000000000000000, 0.4000000000000001887 ) ) ;
#1209 = DIRECTION ( 'NONE',  ( -0.0000000000000000000, -1.000000000000000000, -0.0000000000000000000 ) ) ;
#1210 = SURFACE_STYLE_USAGE ( .BOTH. , #2106 ) ;
#1211 = UNCERTAINTY_MEASURE_WITH_UNIT (LENGTH_MEASURE( 1.000000000000000082E-05 ), #3107, 'distance_accuracy_value', 'NONE');
#1212 = VECTOR ( 'NONE', #1215, 1000.000000000000000 ) ;
#1213 = PRESENTATION_LAYER_ASSIGNMENT (  '', '', ( #1119 ) ) ;
#1214 = CARTESIAN_POINT ( 'NONE',  ( 4.041451884327378785, 4.209836809708341399, 6.999999999999998224 ) ) ;
#1215 = DIRECTION ( 'NONE',  ( -1.000000000000000000, 0.0000000000000000000, 0.0000000000000000000 ) ) ;
#1216 = ORIENTED_EDGE ( 'NONE', *, *, #831, .F. ) ;
#1217 = AXIS2_PLACEMENT_3D ( 'NONE', #2905, #2449, #4265 ) ;
#1218 = VECTOR ( 'NONE', #5418, 1000.000000000000114 ) ;
#1219 = FILL_AREA_STYLE ('',( #308 ) ) ;
#1220 = PRESENTATION_STYLE_ASSIGNMENT (( #1157 ) ) ;
#1221 =( GEOMETRIC_REPRESENTATION_CONTEXT ( 3 ) GLOBAL_UNCERTAINTY_ASSIGNED_CONTEXT ( ( #4839 ) ) GLOBAL_UNIT_ASSIGNED_CONTEXT ( ( #1532, #2925, #4697 ) ) REPRESENTATION_CONTEXT ( 'NONE', 'WORKASPACE' ) );
#1222 = AXIS2_PLACEMENT_3D ( 'NONE', #4178, #5592, #1025 ) ;
#1223 = EDGE_LOOP ( 'NONE', ( #5603, #2059, #5124, #4088 ) ) ;
#1224 = CARTESIAN_POINT ( 'NONE',  ( 0.0000000000000000000, 5.500000000000000000, 0.0000000000000000000 ) ) ;
#1225 = ORIENTED_EDGE ( 'NONE', *, *, #2353, .F. ) ;
#1226 = STYLED_ITEM ( 'NONE', ( #2367 ), #2625 ) ;
#1227 = CARTESIAN_POINT ( 'NONE',  ( 5.755839955992558669E-16, 16.50000000000000000, -4.699999999999999289 ) ) ;
#1228 = PRESENTATION_LAYER_ASSIGNMENT (  '', '', ( #5578 ) ) ;
#1229 = ORIENTED_EDGE ( 'NONE', *, *, #277, .F. ) ;
#1230 = VERTEX_POINT ( 'NONE', #764 ) ;
#1231 = AXIS2_PLACEMENT_3D ( 'NONE', #3646, #4546, #5417 ) ;
#1232 = CARTESIAN_POINT ( 'NONE',  ( 0.0000000000000000000, 10.99999999999999112, 0.0000000000000000000 ) ) ;
#1233 = CARTESIAN_POINT ( 'NONE',  ( 5.800000000000001599, -19.69999999999999929, -4.399999999999999467 ) ) ;
#1234 = CARTESIAN_POINT ( 'NONE',  ( 0.0000000000000000000, 10.99999999999999112, -6.000000000000000888 ) ) ;
#1235 = CARTESIAN_POINT ( 'NONE',  ( 0.5000000000000013323, -19.69999999999999929, 0.4000000000000001887 ) ) ;
#1236 = PLANE ( 'NONE',  #2078 ) ;
#1237 = CARTESIAN_POINT ( 'NONE',  ( -1.346054828429409378, 9.773535340926875037, 7.000000000000000000 ) ) ;
#1238 = DIRECTION ( 'NONE',  ( -0.0000000000000000000, -1.000000000000000000, -0.0000000000000000000 ) ) ;
#1239 = DIRECTION ( 'NONE',  ( -1.000000000000000000, 0.0000000000000000000, 0.0000000000000000000 ) ) ;
#1240 = EDGE_CURVE ( 'NONE', #4698, #1692, #4398, .T. ) ;
#1241 = DIRECTION ( 'NONE',  ( 0.0000000000000000000, 1.000000000000000000, 0.0000000000000000000 ) ) ;
#1242 = STYLED_ITEM ( 'NONE', ( #4050 ), #3900 ) ;
#1243 = DIRECTION ( 'NONE',  ( 1.000000000000000000, 0.0000000000000000000, -0.0000000000000000000 ) ) ;
#1244 = DIRECTION ( 'NONE',  ( 0.5000000000000001110, 0.0000000000000000000, 0.8660254037844385966 ) ) ;
#1245 = CYLINDRICAL_SURFACE ( 'NONE', #1971, 7.500000000000000000 ) ;
#1246 = ORIENTED_EDGE ( 'NONE', *, *, #3704, .T. ) ;
#1247 = STYLED_ITEM ( 'NONE', ( #2486 ), #4188 ) ;
#1248 = SURFACE_SIDE_STYLE ('',( #3506 ) ) ;
#1249 = DIRECTION ( 'NONE',  ( 0.0000000000000000000, 1.000000000000000000, 0.0000000000000000000 ) ) ;
#1250 = SURFACE_STYLE_FILL_AREA ( #3898 ) ;
#1251 =( LENGTH_UNIT ( ) NAMED_UNIT ( * ) SI_UNIT ( .MILLI., .METRE. ) );
#1252 = MECHANICAL_DESIGN_GEOMETRIC_PRESENTATION_REPRESENTATION (  '', ( #5231 ), #5046 ) ;
#1253 = ORIENTED_EDGE ( 'NONE', *, *, #2734, .F. ) ;
#1254 = ORIENTED_EDGE ( 'NONE', *, *, #5391, .F. ) ;
#1255 = FILL_AREA_STYLE ('',( #2557 ) ) ;
#1256 = VECTOR ( 'NONE', #951, 1000.000000000000000 ) ;
#1257 = PLANE ( 'NONE',  #523 ) ;
#1258 = PLANE ( 'NONE',  #2379 ) ;
#1259 = DIRECTION ( 'NONE',  ( 2.891205793294679312E-16, -1.000000000000000000, -0.0000000000000000000 ) ) ;
#1260 = CARTESIAN_POINT ( 'NONE',  ( -4.041451884327384114, 2.490163190291657447, -7.000000000000000000 ) ) ;
#1261 = COLOUR_RGB ( '',1.000000000000000000, 1.000000000000000000, 1.000000000000000000 ) ;
#1262 = AXIS2_PLACEMENT_3D ( 'NONE', #3508, #1723, #754 ) ;
#1263 = ORIENTED_EDGE ( 'NONE', *, *, #3010, .F. ) ;
#1264 = ORIENTED_EDGE ( 'NONE', *, *, #2686, .T. ) ;
#1265 = AXIS2_PLACEMENT_3D ( 'NONE', #2428, #1578, #2455 ) ;
#1266 = VECTOR ( 'NONE', #4152, 1000.000000000000000 ) ;
#1267 = CARTESIAN_POINT ( 'NONE',  ( 4.041451884327378785, 9.799999999999998934, -7.000000000000000888 ) ) ;
#1268 = PRESENTATION_STYLE_ASSIGNMENT (( #5324 ) ) ;
#1269 = DIRECTION ( 'NONE',  ( -1.000000000000000000, 0.0000000000000000000, 0.0000000000000000000 ) ) ;
#1270 = EDGE_CURVE ( 'NONE', #357, #4903, #792, .T. ) ;
#1271 = LINE ( 'NONE', #3083, #398 ) ;
#1272 = STYLED_ITEM ( 'NONE', ( #3207 ), #53 ) ;
#1273 = CARTESIAN_POINT ( 'NONE',  ( -4.041451884327384114, 2.490163190291657447, -7.000000000000000000 ) ) ;
#1274 = ORIENTED_EDGE ( 'NONE', *, *, #4090, .T. ) ;
#1275 = ADVANCED_FACE ( 'NONE', ( #3070 ), #289, .F. ) ;
#1276 = PLANE ( 'NONE',  #5317 ) ;
#1277 = FILL_AREA_STYLE_COLOUR ( '', #1068 ) ;
#1278 = SURFACE_STYLE_USAGE ( .BOTH. , #4907 ) ;
#1279 = ORIENTED_EDGE ( 'NONE', *, *, #2137, .T. ) ;
#1280 =( NAMED_UNIT ( * ) PLANE_ANGLE_UNIT ( ) SI_UNIT ( $, .RADIAN. ) );
#1281 = ORIENTED_EDGE ( 'NONE', *, *, #2229, .T. ) ;
#1282 = MECHANICAL_DESIGN_GEOMETRIC_PRESENTATION_REPRESENTATION (  '', ( #4037 ), #3365 ) ;
#1283 = CARTESIAN_POINT ( 'NONE',  ( -6.062177826491071286, 4.500000000000000000, 3.499999999999997335 ) ) ;
#1284 =( GEOMETRIC_REPRESENTATION_CONTEXT ( 3 ) GLOBAL_UNCERTAINTY_ASSIGNED_CONTEXT ( ( #5458 ) ) GLOBAL_UNIT_ASSIGNED_CONTEXT ( ( #1342, #499, #5026 ) ) REPRESENTATION_CONTEXT ( 'NONE', 'WORKASPACE' ) );
#1285 = VERTEX_POINT ( 'NONE', #4383 ) ;
#1286 = ORIENTED_EDGE ( 'NONE', *, *, #4840, .F. ) ;
#1287 = EDGE_CURVE ( 'NONE', #14, #1666, #2074, .T. ) ;
#1288 = ORIENTED_EDGE ( 'NONE', *, *, #1726, .F. ) ;
#1289 = CARTESIAN_POINT ( 'NONE',  ( -4.041451884327384114, 7.790163190291657713, -7.000000000000000000 ) ) ;
#1290 = LINE ( 'NONE', #1383, #4464 ) ;
#1291 = DIRECTION ( 'NONE',  ( 0.0000000000000000000, 1.000000000000000000, 0.0000000000000000000 ) ) ;
#1292 = LINE ( 'NONE', #1877, #1603 ) ;
#1293 = CARTESIAN_POINT ( 'NONE',  ( -4.041451884327380562, 9.799999999999998934, 7.000000000000000888 ) ) ;
#1294 = CARTESIAN_POINT ( 'NONE',  ( 4.041451884327377897, 7.500000000000000000, -7.000000000000000888 ) ) ;
#1295 = EDGE_LOOP ( 'NONE', ( #5258, #4789, #5137, #4429, #1246, #3269 ) ) ;
#1296 = SURFACE_STYLE_USAGE ( .BOTH. , #2630 ) ;
#1297 = CIRCLE ( 'NONE', #1206, 4.699999999999997513 ) ;
#1298 = CARTESIAN_POINT ( 'NONE',  ( -7.409328454600197844, 7.609679228848995614, -1.166666666666668739 ) ) ;
#1299 = ADVANCED_FACE ( 'NONE', ( #1605 ), #5759, .F. ) ;
#1300 = B_SPLINE_CURVE_WITH_KNOTS ( 'NONE', 3,
 ( #5255, #5728, #2545, #1214 ),
 .UNSPECIFIED., .F., .F.,
 ( 4, 4 ),
 ( 0.01097194826854108740, 0.01504699182226790742 ),
 .UNSPECIFIED. ) ;
#1301 = LINE ( 'NONE', #3146, #5877 ) ;
#1302 = VERTEX_POINT ( 'NONE', #3407 ) ;
#1303 = CARTESIAN_POINT ( 'NONE',  ( -9.800000000000002487, -16.69999999999999929, -8.500000000000000000 ) ) ;
#1304 = STYLED_ITEM ( 'NONE', ( #751 ), #2115 ) ;
#1305 = PLANE ( 'NONE',  #4749 ) ;
#1306 = SURFACE_SIDE_STYLE ('',( #2709 ) ) ;
#1307 = ADVANCED_FACE ( 'NONE', ( #1690 ), #4779, .T. ) ;
#1308 = CARTESIAN_POINT ( 'NONE',  ( 6.062177826491071286, 7.500000000000000000, -3.500000000000001332 ) ) ;
#1309 = COLOUR_RGB ( '',1.000000000000000000, 1.000000000000000000, 1.000000000000000000 ) ;
#1310 = AXIS2_PLACEMENT_3D ( 'NONE', #2875, #5185, #2904 ) ;
#1311 = ORIENTED_EDGE ( 'NONE', *, *, #3124, .F. ) ;
#1312 = CARTESIAN_POINT ( 'NONE',  ( 2.696525454876883554, 9.690022785033605146, 6.999999999999998224 ) ) ;
#1313 =( LENGTH_UNIT ( ) NAMED_UNIT ( * ) SI_UNIT ( .MILLI., .METRE. ) );
#1314 =( LENGTH_UNIT ( ) NAMED_UNIT ( * ) SI_UNIT ( .MILLI., .METRE. ) );
#1315 = PRESENTATION_LAYER_ASSIGNMENT (  '', '', ( #5291 ) ) ;
#1316 = PRESENTATION_LAYER_ASSIGNMENT (  '', '', ( #3877 ) ) ;
#1317 = CARTESIAN_POINT ( 'NONE',  ( -8.300000000000004263, -16.69999999999999929, -7.000000000000000888 ) ) ;
#1318 = VECTOR ( 'NONE', #5087, 1000.000000000000000 ) ;
#1319 = VERTEX_POINT ( 'NONE', #3086 ) ;
#1320 = AXIS2_PLACEMENT_3D ( 'NONE', #2859, #605, #5640 ) ;
#1321 = LINE ( 'NONE', #3047, #1419 ) ;
#1322 = CARTESIAN_POINT ( 'NONE',  ( 0.1927936049961099518, 4.833928319227626780, 6.250000000000000888 ) ) ;
#1323 = CIRCLE ( 'NONE', #465, 6.000000000000000888 ) ;
#1324 = DIRECTION ( 'NONE',  ( 0.5000000000000021094, -0.8660254037844374864, -0.0000000000000000000 ) ) ;
#1325 = FACE_OUTER_BOUND ( 'NONE', #4669, .T. ) ;
#1326 = ORIENTED_EDGE ( 'NONE', *, *, #5146, .T. ) ;
#1327 = ORIENTED_EDGE ( 'NONE', *, *, #4369, .F. ) ;
#1328 = VECTOR ( 'NONE', #1450, 1000.000000000000000 ) ;
#1329 = UNCERTAINTY_MEASURE_WITH_UNIT (LENGTH_MEASURE( 1.000000000000000082E-05 ), #5861, 'distance_accuracy_value', 'NONE');
#1330 = FACE_OUTER_BOUND ( 'NONE', #4109, .T. ) ;
#1331 = LINE ( 'NONE', #2704, #4521 ) ;
#1332 = DIRECTION ( 'NONE',  ( 0.0000000000000000000, 1.000000000000000000, 0.0000000000000000000 ) ) ;
#1333 = ADVANCED_FACE ( 'NONE', ( #4413 ), #3027, .F. ) ;
#1334 = VECTOR ( 'NONE', #2282, 1000.000000000000000 ) ;
#1335 = FACE_OUTER_BOUND ( 'NONE', #1862, .T. ) ;
#1336 =( NAMED_UNIT ( * ) PLANE_ANGLE_UNIT ( ) SI_UNIT ( $, .RADIAN. ) );
#1337 = CARTESIAN_POINT ( 'NONE',  ( -6.062177826491073063, 7.500000000000000000, -3.499999999999999556 ) ) ;
#1338 = VECTOR ( 'NONE', #184, 1000.000000000000000 ) ;
#1339 =( NAMED_UNIT ( * ) SI_UNIT ( $, .STERADIAN. ) SOLID_ANGLE_UNIT ( ) );
#1340 = ORIENTED_EDGE ( 'NONE', *, *, #1240, .F. ) ;
#1341 = EDGE_CURVE ( 'NONE', #957, #2876, #1331, .T. ) ;
#1342 =( LENGTH_UNIT ( ) NAMED_UNIT ( * ) SI_UNIT ( .MILLI., .METRE. ) );
#1343 = FILL_AREA_STYLE_COLOUR ( '', #696 ) ;
#1344 = MECHANICAL_DESIGN_GEOMETRIC_PRESENTATION_REPRESENTATION (  '', ( #3426 ), #310 ) ;
#1345 = DIRECTION ( 'NONE',  ( 1.000000000000000000, -0.0000000000000000000, -0.0000000000000000000 ) ) ;
#1346 = ORIENTED_EDGE ( 'NONE', *, *, #1705, .F. ) ;
#1347 = COLOUR_RGB ( '',1.000000000000000000, 1.000000000000000000, 1.000000000000000000 ) ;
#1348 = ORIENTED_EDGE ( 'NONE', *, *, #4637, .T. ) ;
#1349 = DIRECTION ( 'NONE',  ( 0.0000000000000000000, 1.000000000000000000, 0.0000000000000000000 ) ) ;
#1350 = ADVANCED_FACE ( 'NONE', ( #3145 ), #5858, .F. ) ;
#1351 = B_SPLINE_CURVE_WITH_KNOTS ( 'NONE', 3,
 ( #554, #1451, #3817, #1540 ),
 .UNSPECIFIED., .F., .F.,
 ( 4, 4 ),
 ( 0.004041682824435056248, 0.008083134708762439863 ),
 .UNSPECIFIED. ) ;
#1352 = DIRECTION ( 'NONE',  ( 0.0000000000000000000, 0.0000000000000000000, 1.000000000000000000 ) ) ;
#1353 = VECTOR ( 'NONE', #3957, 1000.000000000000000 ) ;
#1354 = DIRECTION ( 'NONE',  ( -0.5000000000000021094, -0.8660254037844374864, 0.0000000000000000000 ) ) ;
#1355 = CIRCLE ( 'NONE', #1642, 7.000000000000000888 ) ;
#1356 = LINE ( 'NONE', #1824, #2463 ) ;
#1357 = DIRECTION ( 'NONE',  ( -0.0000000000000000000, -0.0000000000000000000, -1.000000000000000000 ) ) ;
#1358 = PRESENTATION_LAYER_ASSIGNMENT (  '', '', ( #3248 ) ) ;
#1359 = ORIENTED_EDGE ( 'NONE', *, *, #5626, .F. ) ;
#1360 = VECTOR ( 'NONE', #1420, 1000.000000000000000 ) ;
#1361 = LINE ( 'NONE', #3166, #705 ) ;
#1362 = SURFACE_STYLE_USAGE ( .BOTH. , #57 ) ;
#1363 = CLOSED_SHELL ( 'NONE', ( #1693, #5368, #32, #5485, #4460, #5565, #709, #2639 ) ) ;
#1364 = CARTESIAN_POINT ( 'NONE',  ( 4.041451884327378785, 2.490163190291658335, 6.999999999999998224 ) ) ;
#1365 = DIRECTION ( 'NONE',  ( 0.5000000000000021094, -0.8660254037844374864, -0.0000000000000000000 ) ) ;
#1366 =( NAMED_UNIT ( * ) PLANE_ANGLE_UNIT ( ) SI_UNIT ( $, .RADIAN. ) );
#1367 =( NAMED_UNIT ( * ) PLANE_ANGLE_UNIT ( ) SI_UNIT ( $, .RADIAN. ) );
#1368 = EDGE_CURVE ( 'NONE', #1185, #5265, #3618, .T. ) ;
#1369 = PRESENTATION_LAYER_ASSIGNMENT (  '', '', ( #2037 ) ) ;
#1370 = ORIENTED_EDGE ( 'NONE', *, *, #4282, .F. ) ;
#1371 = PRODUCT_CONTEXT ( 'NONE', #2693, 'mechanical' ) ;
#1372 = ORIENTED_EDGE ( 'NONE', *, *, #4235, .T. ) ;
#1373 =( NAMED_UNIT ( * ) SI_UNIT ( $, .STERADIAN. ) SOLID_ANGLE_UNIT ( ) );
#1374 = SURFACE_SIDE_STYLE ('',( #3601 ) ) ;
#1375 = CARTESIAN_POINT ( 'NONE',  ( -7.409328454600197844, 7.609679228848994725, 1.166666666666663188 ) ) ;
#1376 = CARTESIAN_POINT ( 'NONE',  ( 4.041451884327378785, 9.799999999999998934, 6.999999999999998224 ) ) ;
#1377 = ORIENTED_EDGE ( 'NONE', *, *, #530, .T. ) ;
#1378 = VERTEX_POINT ( 'NONE', #1833 ) ;
#1379 = ORIENTED_EDGE ( 'NONE', *, *, #1744, .T. ) ;
#1380 = CARTESIAN_POINT ( 'NONE',  ( -5.800000000000001599, -16.69999999999999929, 5.200000000000000178 ) ) ;
#1381 = AXIS2_PLACEMENT_3D ( 'NONE', #1995, #1905, #2026 ) ;
#1382 =( LENGTH_UNIT ( ) NAMED_UNIT ( * ) SI_UNIT ( .MILLI., .METRE. ) );
#1383 = CARTESIAN_POINT ( 'NONE',  ( -4.799999999999998934, -19.69999999999999929, 0.4000000000000001887 ) ) ;
#1384 = DIRECTION ( 'NONE',  ( 0.0000000000000000000, 0.0000000000000000000, 1.000000000000000000 ) ) ;
#1385 = EDGE_CURVE ( 'NONE', #292, #4761, #3756, .T. ) ;
#1386 = DIRECTION ( 'NONE',  ( -0.5000000000000021094, 0.8660254037844374864, 0.0000000000000000000 ) ) ;
#1387 = ORIENTED_EDGE ( 'NONE', *, *, #2209, .F. ) ;
#1388 =( GEOMETRIC_REPRESENTATION_CONTEXT ( 3 ) GLOBAL_UNCERTAINTY_ASSIGNED_CONTEXT ( ( #4163 ) ) GLOBAL_UNIT_ASSIGNED_CONTEXT ( ( #1028, #1061, #655 ) ) REPRESENTATION_CONTEXT ( 'NONE', 'WORKASPACE' ) );
#1389 = VERTEX_POINT ( 'NONE', #3191 ) ;
#1390 = UNCERTAINTY_MEASURE_WITH_UNIT (LENGTH_MEASURE( 1.000000000000000082E-05 ), #327, 'distance_accuracy_value', 'NONE');
#1391 = DIRECTION ( 'NONE',  ( -0.0000000000000000000, -0.0000000000000000000, -1.000000000000000000 ) ) ;
#1392 = CARTESIAN_POINT ( 'NONE',  ( 1.192820323027555807, -15.50000000000000000, 5.200000000000000178 ) ) ;
#1393 = CARTESIAN_POINT ( 'NONE',  ( 5.800000000000001599, -16.69999999999999929, 5.200000000000000178 ) ) ;
#1394 = DIRECTION ( 'NONE',  ( 1.000000000000000000, 0.0000000000000000000, -0.0000000000000000000 ) ) ;
#1395 = DIRECTION ( 'NONE',  ( 0.0000000000000000000, 1.000000000000000000, 0.0000000000000000000 ) ) ;
#1396 = LINE ( 'NONE', #3197, #3982 ) ;
#1397 = PLANE ( 'NONE',  #4960 ) ;
#1398 = EDGE_CURVE ( 'NONE', #5083, #5587, #3295, .T. ) ;
#1399 = ORIENTED_EDGE ( 'NONE', *, *, #3504, .T. ) ;
#1400 = ORIENTED_EDGE ( 'NONE', *, *, #29, .T. ) ;
#1401 = CARTESIAN_POINT ( 'NONE',  ( -6.062177826491073951, 4.500000000000000000, -3.500000000000000444 ) ) ;
#1402 = CARTESIAN_POINT ( 'NONE',  ( 2.696525454876883554, 7.609977214966393788, 6.999999999999998224 ) ) ;
#1403 = CARTESIAN_POINT ( 'NONE',  ( 8.082903768654761123, 9.799999999999998934, -6.684807919321537843E-16 ) ) ;
#1404 = AXIS2_PLACEMENT_3D ( 'NONE', #1834, #490, #5476 ) ;
#1405 = CARTESIAN_POINT ( 'NONE',  ( 0.0000000000000000000, 4.500000000000000000, 0.0000000000000000000 ) ) ;
#1406 = SURFACE_STYLE_USAGE ( .BOTH. , #2764 ) ;
#1407 = ORIENTED_EDGE ( 'NONE', *, *, #789, .F. ) ;
#1408 = ORIENTED_EDGE ( 'NONE', *, *, #3374, .T. ) ;
#1409 = ORIENTED_EDGE ( 'NONE', *, *, #1836, .F. ) ;
#1410 = DIRECTION ( 'NONE',  ( 0.0000000000000000000, 1.000000000000000000, -0.0000000000000000000 ) ) ;
#1411 = CONICAL_SURFACE ( 'NONE', #2638, 7.000000000000000888, 1.308996938995750092 ) ;
#1412 = EDGE_CURVE ( 'NONE', #717, #3202, #5475, .T. ) ;
#1413 = DIRECTION ( 'NONE',  ( -1.000000000000000000, 0.0000000000000000000, 0.0000000000000000000 ) ) ;
#1414 =( NAMED_UNIT ( * ) PLANE_ANGLE_UNIT ( ) SI_UNIT ( $, .RADIAN. ) );
#1415 = COLOUR_RGB ( '',0.6392156862745097534, 0.6666666666666666297, 0.6784313725490196401 ) ;
#1416 = PRESENTATION_LAYER_ASSIGNMENT (  '', '', ( #2447 ) ) ;
#1417 = ORIENTED_EDGE ( 'NONE', *, *, #4874, .F. ) ;
#1418 = PRESENTATION_STYLE_ASSIGNMENT (( #5674 ) ) ;
#1419 = VECTOR ( 'NONE', #401, 1000.000000000000000 ) ;
#1420 = DIRECTION ( 'NONE',  ( -0.0000000000000000000, -1.000000000000000000, -0.0000000000000000000 ) ) ;
#1421 = CARTESIAN_POINT ( 'NONE',  ( 0.5000000000000013323, -19.69999999999999929, 0.4000000000000001887 ) ) ;
#1422 = ORIENTED_EDGE ( 'NONE', *, *, #4090, .F. ) ;
#1423 = VECTOR ( 'NONE', #5377, 1000.000000000000000 ) ;
#1424 = CARTESIAN_POINT ( 'NONE',  ( 0.0000000000000000000, 11.50000000000000000, -4.000000000000000888 ) ) ;
#1425 = ADVANCED_FACE ( 'NONE', ( #4547 ), #455, .T. ) ;
#1426 = CARTESIAN_POINT ( 'NONE',  ( 4.041451884327378785, 4.209836809708341399, 6.999999999999998224 ) ) ;
#1427 = CARTESIAN_POINT ( 'NONE',  ( 0.0000000000000000000, 5.499999999999999112, 7.500000000000000000 ) ) ;
#1428 = CIRCLE ( 'NONE', #5219, 7.000000000000000888 ) ;
#1429 = ORIENTED_EDGE ( 'NONE', *, *, #5322, .T. ) ;
#1430 = CARTESIAN_POINT ( 'NONE',  ( 0.0000000000000000000, 7.000000000000000000, 0.0000000000000000000 ) ) ;
#1431 = EDGE_CURVE ( 'NONE', #3723, #3393, #2750, .T. ) ;
#1432 = CARTESIAN_POINT ( 'NONE',  ( -8.300000000000004263, -15.50000000000000000, -7.000000000000000888 ) ) ;
#1433 = CARTESIAN_POINT ( 'NONE',  ( -8.082903768654761123, 9.509836809708341221, -3.476453858126656522E-15 ) ) ;
#1434 = UNCERTAINTY_MEASURE_WITH_UNIT (LENGTH_MEASURE( 1.000000000000000082E-05 ), #4652, 'distance_accuracy_value', 'NONE');
#1435 = ORIENTED_EDGE ( 'NONE', *, *, #4518, .T. ) ;
#1436 = EDGE_LOOP ( 'NONE', ( #98, #2110, #4567, #2156, #2416, #5585 ) ) ;
#1437 = DIRECTION ( 'NONE',  ( -1.000000000000000000, 0.0000000000000000000, 0.0000000000000000000 ) ) ;
#1438 = EDGE_CURVE ( 'NONE', #5097, #5519, #2298, .T. ) ;
#1439 = DIRECTION ( 'NONE',  ( 0.0000000000000000000, 1.000000000000000000, 0.0000000000000000000 ) ) ;
#1440 = SURFACE_STYLE_FILL_AREA ( #579 ) ;
#1441 = FILL_AREA_STYLE ('',( #1469 ) ) ;
#1442 = VECTOR ( 'NONE', #5035, 1000.000000000000000 ) ;
#1443 = CARTESIAN_POINT ( 'NONE',  ( -8.300000000000004263, -16.69999999999999929, 7.000000000000000888 ) ) ;
#1444 = EDGE_LOOP ( 'NONE', ( #3908, #1148, #2491, #5457 ) ) ;
#1445 = DIRECTION ( 'NONE',  ( 0.0000000000000000000, 0.0000000000000000000, 1.000000000000000000 ) ) ;
#1446 = ORIENTED_EDGE ( 'NONE', *, *, #3713, .F. ) ;
#1447 = MECHANICAL_DESIGN_GEOMETRIC_PRESENTATION_REPRESENTATION (  '', ( #3917 ), #3627 ) ;
#1448 = STYLED_ITEM ( 'NONE', ( #2461 ), #4525 ) ;
#1449 = DIRECTION ( 'NONE',  ( -1.000000000000000000, 0.0000000000000000000, 0.0000000000000000000 ) ) ;
#1450 = DIRECTION ( 'NONE',  ( 2.891205793294679312E-16, -1.000000000000000000, -0.0000000000000000000 ) ) ;
#1451 = CARTESIAN_POINT ( 'NONE',  ( -5.388602512436507119, 9.799999999999998934, 4.666666666666665186 ) ) ;
#1452 = FACE_OUTER_BOUND ( 'NONE', #683, .T. ) ;
#1453 = COLOUR_RGB ( '',1.000000000000000000, 1.000000000000000000, 1.000000000000000000 ) ;
#1454 = CARTESIAN_POINT ( 'NONE',  ( 6.123233995736767268E-16, 0.0000000000000000000, 5.000000000000000888 ) ) ;
#1455 = CARTESIAN_POINT ( 'NONE',  ( -8.300000000000004263, -16.69999999999999929, 7.000000000000000888 ) ) ;
#1456 = COLOUR_RGB ( '',1.000000000000000000, 1.000000000000000000, 1.000000000000000000 ) ;
#1457 = SURFACE_STYLE_FILL_AREA ( #2757 ) ;
#1458 = ADVANCED_FACE ( 'NONE', ( #5043 ), #4932, .T. ) ;
#1459 = EDGE_LOOP ( 'NONE', ( #1537, #1274, #476, #1417 ) ) ;
#1460 = PRESENTATION_STYLE_ASSIGNMENT (( #567 ) ) ;
#1461 = CARTESIAN_POINT ( 'NONE',  ( 4.041451884327378785, 2.490163190291658335, 6.999999999999998224 ) ) ;
#1462 = CIRCLE ( 'NONE', #4781, 7.000000000000000888 ) ;
#1463 = FACE_OUTER_BOUND ( 'NONE', #5179, .T. ) ;
#1464 = PRESENTATION_STYLE_ASSIGNMENT (( #1406 ) ) ;
#1465 = VERTEX_POINT ( 'NONE', #3311 ) ;
#1466 = ORIENTED_EDGE ( 'NONE', *, *, #2543, .T. ) ;
#1467 = AXIS2_PLACEMENT_3D ( 'NONE', #5145, #3776, #1136 ) ;
#1468 =( LENGTH_UNIT ( ) NAMED_UNIT ( * ) SI_UNIT ( .MILLI., .METRE. ) );
#1469 = FILL_AREA_STYLE_COLOUR ( '', #5489 ) ;
#1470 = STYLED_ITEM ( 'NONE', ( #3257 ), #557 ) ;
#1471 = LINE ( 'NONE', #1081, #5473 ) ;
#1472 = ORIENTED_EDGE ( 'NONE', *, *, #3764, .F. ) ;
#1473 = EDGE_LOOP ( 'NONE', ( #4007, #707, #1387 ) ) ;
#1474 = EDGE_LOOP ( 'NONE', ( #2920, #4882, #3874 ) ) ;
#1475 = CYLINDRICAL_SURFACE ( 'NONE', #5236, 8.000000000000000000 ) ;
#1476 = FILL_AREA_STYLE_COLOUR ( '', #756 ) ;
#1477 = CARTESIAN_POINT ( 'NONE',  ( -5.388602512436508896, 9.799999999999998934, -4.666666666666666963 ) ) ;
#1478 = VERTEX_POINT ( 'NONE', #1569 ) ;
#1479 = COLOUR_RGB ( '',1.000000000000000000, 1.000000000000000000, 1.000000000000000000 ) ;
#1480 = LINE ( 'NONE', #5104, #1689 ) ;
#1481 = FACE_OUTER_BOUND ( 'NONE', #879, .T. ) ;
#1482 = CARTESIAN_POINT ( 'NONE',  ( -5.388602512436508896, 4.500000000000000000, -4.666666666666666963 ) ) ;
#1483 = CARTESIAN_POINT ( 'NONE',  ( -0.5000000000000004441, -19.69999999999999929, 0.4000000000000001887 ) ) ;
#1484 =( NAMED_UNIT ( * ) PLANE_ANGLE_UNIT ( ) SI_UNIT ( $, .RADIAN. ) );
#1485 = SURFACE_STYLE_FILL_AREA ( #1069 ) ;
#1486 = ORIENTED_EDGE ( 'NONE', *, *, #5271, .T. ) ;
#1487 = DIRECTION ( 'NONE',  ( 0.0000000000000000000, 1.000000000000000000, 0.0000000000000000000 ) ) ;
#1488 = DIRECTION ( 'NONE',  ( -0.8660254037844374864, 0.5000000000000021094, 0.0000000000000000000 ) ) ;
#1489 = CARTESIAN_POINT ( 'NONE',  ( 5.000000000000000888, 16.50000000000000000, 0.0000000000000000000 ) ) ;
#1490 = STYLED_ITEM ( 'NONE', ( #5427 ), #5846 ) ;
#1491 = DIRECTION ( 'NONE',  ( 0.0000000000000000000, 0.0000000000000000000, -1.000000000000000000 ) ) ;
#1492 = ORIENTED_EDGE ( 'NONE', *, *, #4104, .F. ) ;
#1493 = ORIENTED_EDGE ( 'NONE', *, *, #3635, .T. ) ;
#1494 = CARTESIAN_POINT ( 'NONE',  ( 6.062177826491067734, 4.500000000000000000, 3.499999999999999556 ) ) ;
#1495 = ADVANCED_FACE ( 'NONE', ( #5624 ), #152, .F. ) ;
#1496 = AXIS2_PLACEMENT_3D ( 'NONE', #3549, #791, #5371 ) ;
#1497 = FACE_OUTER_BOUND ( 'NONE', #4313, .T. ) ;
#1498 =( LENGTH_UNIT ( ) NAMED_UNIT ( * ) SI_UNIT ( .MILLI., .METRE. ) );
#1499 = DIRECTION ( 'NONE',  ( 0.0000000000000000000, 0.0000000000000000000, 1.000000000000000000 ) ) ;
#1500 = SURFACE_STYLE_FILL_AREA ( #1048 ) ;
#1501 = ORIENTED_EDGE ( 'NONE', *, *, #4417, .F. ) ;
#1502 =( GEOMETRIC_REPRESENTATION_CONTEXT ( 3 ) GLOBAL_UNCERTAINTY_ASSIGNED_CONTEXT ( ( #4411 ) ) GLOBAL_UNIT_ASSIGNED_CONTEXT ( ( #3915, #1658, #4833 ) ) REPRESENTATION_CONTEXT ( 'NONE', 'WORKASPACE' ) );
#1503 = VERTEX_POINT ( 'NONE', #1088 ) ;
#1504 = CARTESIAN_POINT ( 'NONE',  ( 0.0000000000000000000, 5.499999999999999112, 8.500000000000003553 ) ) ;
#1505 = CARTESIAN_POINT ( 'NONE',  ( 8.300000000000000711, -15.50000000000000000, -7.000000000000000888 ) ) ;
#1506 =( GEOMETRIC_REPRESENTATION_CONTEXT ( 3 ) GLOBAL_UNCERTAINTY_ASSIGNED_CONTEXT ( ( #3113 ) ) GLOBAL_UNIT_ASSIGNED_CONTEXT ( ( #716, #3884, #2510 ) ) REPRESENTATION_CONTEXT ( 'NONE', 'WORKASPACE' ) );
#1507 = AXIS2_PLACEMENT_3D ( 'NONE', #2598, #2509, #5789 ) ;
#1508 = CARTESIAN_POINT ( 'NONE',  ( -4.041451884327383226, 4.500000000000000000, -7.000000000000000000 ) ) ;
#1509 = ORIENTED_EDGE ( 'NONE', *, *, #2727, .F. ) ;
#1510 = CARTESIAN_POINT ( 'NONE',  ( 8.082903768654761123, 2.490163190291658335, -7.215013330229419547E-16 ) ) ;
#1511 = AXIS2_PLACEMENT_3D ( 'NONE', #1489, #1004, #1101 ) ;
#1512 =( NAMED_UNIT ( * ) SI_UNIT ( $, .STERADIAN. ) SOLID_ANGLE_UNIT ( ) );
#1513 = EDGE_CURVE ( 'NONE', #3336, #531, #5129, .T. ) ;
#1514 = CARTESIAN_POINT ( 'NONE',  ( 0.0000000000000000000, 9.799999999999998934, 0.0000000000000000000 ) ) ;
#1515 = CARTESIAN_POINT ( 'NONE',  ( -4.107179676972443794, -15.50000000000000000, 5.200000000000000178 ) ) ;
#1516 = FACE_OUTER_BOUND ( 'NONE', #1625, .T. ) ;
#1517 = VECTOR ( 'NONE', #4917, 1000.000000000000000 ) ;
#1518 = CARTESIAN_POINT ( 'NONE',  ( -4.041451884327384114, 2.490163190291657447, -7.000000000000000000 ) ) ;
#1519 = EDGE_CURVE ( 'NONE', #5218, #4691, #1351, .T. ) ;
#1520 = ORIENTED_EDGE ( 'NONE', *, *, #4437, .T. ) ;
#1521 = DIRECTION ( 'NONE',  ( 0.5000000000000021094, -0.8660254037844374864, -0.0000000000000000000 ) ) ;
#1522 = AXIS2_PLACEMENT_3D ( 'NONE', #3209, #960, #2771 ) ;
#1523 =( LENGTH_UNIT ( ) NAMED_UNIT ( * ) SI_UNIT ( .MILLI., .METRE. ) );
#1524 = FACE_OUTER_BOUND ( 'NONE', #2778, .T. ) ;
#1525 = VECTOR ( 'NONE', #961, 1000.000000000000000 ) ;
#1526 = ORIENTED_EDGE ( 'NONE', *, *, #5367, .F. ) ;
#1527 = ORIENTED_EDGE ( 'NONE', *, *, #3342, .F. ) ;
#1528 = VECTOR ( 'NONE', #1345, 1000.000000000000000 ) ;
#1529 = DIRECTION ( 'NONE',  ( 0.0000000000000000000, -0.0000000000000000000, 1.000000000000000000 ) ) ;
#1530 = SURFACE_STYLE_FILL_AREA ( #5581 ) ;
#1531 = LINE ( 'NONE', #3779, #1525 ) ;
#1532 =( LENGTH_UNIT ( ) NAMED_UNIT ( * ) SI_UNIT ( .MILLI., .METRE. ) );
#1533 = VERTEX_POINT ( 'NONE', #5503 ) ;
#1534 = EDGE_CURVE ( 'NONE', #3469, #3073, #4705, .T. ) ;
#1535 = ORIENTED_EDGE ( 'NONE', *, *, #5873, .F. ) ;
#1536 = SURFACE_STYLE_FILL_AREA ( #2142 ) ;
#1537 = ORIENTED_EDGE ( 'NONE', *, *, #4783, .T. ) ;
#1538 = PLANE ( 'NONE',  #2677 ) ;
#1539 = CARTESIAN_POINT ( 'NONE',  ( -5.800000000000001599, -16.69999999999999929, -0.4000000000000001887 ) ) ;
#1540 = CARTESIAN_POINT ( 'NONE',  ( -4.041451884327381450, 9.509836809708342997, 7.000000000000000888 ) ) ;
#1541 = DIRECTION ( 'NONE',  ( -0.0000000000000000000, -1.000000000000000000, -0.0000000000000000000 ) ) ;
#1542 = ORIENTED_EDGE ( 'NONE', *, *, #3314, .F. ) ;
#1543 = CIRCLE ( 'NONE', #5504, 5.000000000000000888 ) ;
#1544 = CARTESIAN_POINT ( 'NONE',  ( -8.300000000000004263, -16.69999999999999929, -7.000000000000000888 ) ) ;
#1545 = CARTESIAN_POINT ( 'NONE',  ( 0.5000000000000013323, -16.69999999999999929, 0.4000000000000001887 ) ) ;
#1546 = MECHANICAL_DESIGN_GEOMETRIC_PRESENTATION_REPRESENTATION (  '', ( #1919 ), #4008 ) ;
#1547 = AXIS2_PLACEMENT_3D ( 'NONE', #494, #1395, #4529 ) ;
#1548 = ORIENTED_EDGE ( 'NONE', *, *, #1836, .T. ) ;
#1549 =( NAMED_UNIT ( * ) PLANE_ANGLE_UNIT ( ) SI_UNIT ( $, .RADIAN. ) );
#1550 = VECTOR ( 'NONE', #595, 1000.000000000000000 ) ;
#1551 = FILL_AREA_STYLE_COLOUR ( '', #4131 ) ;
#1552 = PRESENTATION_STYLE_ASSIGNMENT (( #131 ) ) ;
#1553 =( NAMED_UNIT ( * ) PLANE_ANGLE_UNIT ( ) SI_UNIT ( $, .RADIAN. ) );
#1554 = DIRECTION ( 'NONE',  ( -0.5000000000000021094, 0.8660254037844374864, 0.0000000000000000000 ) ) ;
#1555 = ORIENTED_EDGE ( 'NONE', *, *, #3855, .F. ) ;
#1556 = ORIENTED_EDGE ( 'NONE', *, *, #3921, .T. ) ;
#1557 = CARTESIAN_POINT ( 'NONE',  ( 5.388602512436506231, 2.199999999999999734, -4.666666666666666963 ) ) ;
#1558 = DIRECTION ( 'NONE',  ( 2.891205793294679312E-16, -1.000000000000000000, -0.0000000000000000000 ) ) ;
#1559 = DIRECTION ( 'NONE',  ( 0.0000000000000000000, 0.0000000000000000000, -1.000000000000000000 ) ) ;
#1560 =( NAMED_UNIT ( * ) PLANE_ANGLE_UNIT ( ) SI_UNIT ( $, .RADIAN. ) );
#1561 = DIRECTION ( 'NONE',  ( 0.0000000000000000000, 1.000000000000000000, 0.0000000000000000000 ) ) ;
#1562 = SURFACE_SIDE_STYLE ('',( #1500 ) ) ;
#1563 = ORIENTED_EDGE ( 'NONE', *, *, #3450, .F. ) ;
#1564 = ORIENTED_EDGE ( 'NONE', *, *, #5302, .T. ) ;
#1565 = PRESENTATION_STYLE_ASSIGNMENT (( #4853 ) ) ;
#1566 = ORIENTED_EDGE ( 'NONE', *, *, #1398, .T. ) ;
#1567 = AXIS2_PLACEMENT_3D ( 'NONE', #1992, #3323, #3830 ) ;
#1568 =( LENGTH_UNIT ( ) NAMED_UNIT ( * ) SI_UNIT ( .MILLI., .METRE. ) );
#1569 = CARTESIAN_POINT ( 'NONE',  ( -4.799999999999998934, -16.69999999999999929, 5.200000000000000178 ) ) ;
#1570 = FILL_AREA_STYLE_COLOUR ( '', #1598 ) ;
#1571 = ORIENTED_EDGE ( 'NONE', *, *, #4448, .T. ) ;
#1572 = FILL_AREA_STYLE ('',( #2571 ) ) ;
#1573 = CARTESIAN_POINT ( 'NONE',  ( -4.799999999999998934, -19.69999999999999929, 5.200000000000000178 ) ) ;
#1574 = EDGE_CURVE ( 'NONE', #3139, #3372, #548, .T. ) ;
#1575 = UNCERTAINTY_MEASURE_WITH_UNIT (LENGTH_MEASURE( 1.000000000000000082E-05 ), #3324, 'distance_accuracy_value', 'NONE');
#1576 = ADVANCED_FACE ( 'NONE', ( #2812 ), #3498, .T. ) ;
#1577 = DIRECTION ( 'NONE',  ( -1.000000000000000000, 0.0000000000000000000, 0.0000000000000000000 ) ) ;
#1578 = DIRECTION ( 'NONE',  ( 0.0000000000000000000, -1.000000000000000000, 0.0000000000000000000 ) ) ;
#1579 = VERTEX_POINT ( 'NONE', #1058 ) ;
#1580 = CARTESIAN_POINT ( 'NONE',  ( 0.0000000000000000000, 7.500000000000000000, 0.0000000000000000000 ) ) ;
#1581 = CARTESIAN_POINT ( 'NONE',  ( 9.797174393178825657E-16, 7.000000000000000000, 8.000000000000000000 ) ) ;
#1582 = CARTESIAN_POINT ( 'NONE',  ( 0.0000000000000000000, 7.500000000000000000, 0.0000000000000000000 ) ) ;
#1583 = ORIENTED_EDGE ( 'NONE', *, *, #1780, .F. ) ;
#1584 = EDGE_LOOP ( 'NONE', ( #5649, #1409, #3037, #2747 ) ) ;
#1585 = CARTESIAN_POINT ( 'NONE',  ( -4.041451884327384114, 7.790163190291657713, -7.000000000000000000 ) ) ;
#1586 = PLANE ( 'NONE',  #2153 ) ;
#1587 = DIRECTION ( 'NONE',  ( 8.659560562354931626E-17, 0.7071067811865474617, -0.7071067811865474617 ) ) ;
#1588 = EDGE_LOOP ( 'NONE', ( #3357, #446 ) ) ;
#1589 = ORIENTED_EDGE ( 'NONE', *, *, #1203, .F. ) ;
#1590 = EDGE_CURVE ( 'NONE', #1230, #1319, #1065, .T. ) ;
#1591 = PLANE ( 'NONE',  #2978 ) ;
#1592 = AXIS2_PLACEMENT_3D ( 'NONE', #5601, #660, #1607 ) ;
#1593 = COLOUR_RGB ( '',1.000000000000000000, 1.000000000000000000, 1.000000000000000000 ) ;
#1594 = CARTESIAN_POINT ( 'NONE',  ( 0.0000000000000000000, 9.799999999999998934, 0.0000000000000000000 ) ) ;
#1595 = DIRECTION ( 'NONE',  ( -0.0000000000000000000, -1.000000000000000000, -0.0000000000000000000 ) ) ;
#1596 = CARTESIAN_POINT ( 'NONE',  ( -8.300000000000004263, -15.50000000000000000, 7.000000000000000888 ) ) ;
#1597 = SURFACE_STYLE_FILL_AREA ( #1682 ) ;
#1598 = COLOUR_RGB ( '',1.000000000000000000, 1.000000000000000000, 1.000000000000000000 ) ;
#1599 = COLOUR_RGB ( '',1.000000000000000000, 1.000000000000000000, 1.000000000000000000 ) ;
#1600 = VERTEX_POINT ( 'NONE', #3785 ) ;
#1601 = DIRECTION ( 'NONE',  ( -1.000000000000000000, 0.0000000000000000000, 0.0000000000000000000 ) ) ;
#1602 = MECHANICAL_DESIGN_GEOMETRIC_PRESENTATION_REPRESENTATION (  '', ( #5291 ), #1506 ) ;
#1603 = VECTOR ( 'NONE', #504, 1000.000000000000000 ) ;
#1604 = CARTESIAN_POINT ( 'NONE',  ( 1.192820323027555807, -15.50000000000000000, 5.200000000000000178 ) ) ;
#1605 = FACE_OUTER_BOUND ( 'NONE', #590, .T. ) ;
#1606 = B_SPLINE_CURVE_WITH_KNOTS ( 'NONE', 3,
 ( #502, #3656, #1375, #4478 ),
 .UNSPECIFIED., .F., .F.,
 ( 4, 4 ),
 ( 0.004041682824435059718, 0.008083134708762439863 ),
 .UNSPECIFIED. ) ;
#1607 = DIRECTION ( 'NONE',  ( 0.0000000000000000000, 0.0000000000000000000, 1.000000000000000000 ) ) ;
#1608 = ADVANCED_FACE ( 'NONE', ( #1950 ), #92, .T. ) ;
#1609 = EDGE_CURVE ( 'NONE', #3372, #3139, #4156, .T. ) ;
#1610 = ORIENTED_EDGE ( 'NONE', *, *, #86, .F. ) ;
#1611 =( LENGTH_UNIT ( ) NAMED_UNIT ( * ) SI_UNIT ( .MILLI., .METRE. ) );
#1612 = STYLED_ITEM ( 'NONE', ( #4052 ), #2937 ) ;
#1613 = FILL_AREA_STYLE ('',( #252 ) ) ;
#1614 = EDGE_LOOP ( 'NONE', ( #4500, #813, #1377, #4251, #2862, #4657 ) ) ;
#1615 = EDGE_CURVE ( 'NONE', #4916, #275, #5381, .T. ) ;
#1616 = VECTOR ( 'NONE', #4570, 1000.000000000000000 ) ;
#1617 = ORIENTED_EDGE ( 'NONE', *, *, #2710, .T. ) ;
#1618 = FILL_AREA_STYLE_COLOUR ( '', #2701 ) ;
#1619 = CARTESIAN_POINT ( 'NONE',  ( 2.253471898105739434E-15, 7.500000000000000000, 7.000000000000000888 ) ) ;
#1620 = LINE ( 'NONE', #5176, #5562 ) ;
#1621 = VECTOR ( 'NONE', #3944, 1000.000000000000000 ) ;
#1622 = CARTESIAN_POINT ( 'NONE',  ( 0.0000000000000000000, 2.199999999999999734, 0.0000000000000000000 ) ) ;
#1623 = ORIENTED_EDGE ( 'NONE', *, *, #5155, .F. ) ;
#1624 = ADVANCED_FACE ( 'NONE', ( #2843 ), #5533, .F. ) ;
#1625 = EDGE_LOOP ( 'NONE', ( #3074, #4497, #3866, #3111 ) ) ;
#1626 = MECHANICAL_DESIGN_GEOMETRIC_PRESENTATION_REPRESENTATION (  '', ( #3416 ), #778 ) ;
#1627 = SURFACE_SIDE_STYLE ('',( #5540 ) ) ;
#1628 = DIRECTION ( 'NONE',  ( 0.0000000000000000000, 1.000000000000000000, 0.0000000000000000000 ) ) ;
#1629 = EDGE_CURVE ( 'NONE', #1743, #4824, #240, .T. ) ;
#1630 = DIRECTION ( 'NONE',  ( -0.5000000000000021094, 0.8660254037844374864, 0.0000000000000000000 ) ) ;
#1631 = DIRECTION ( 'NONE',  ( 0.0000000000000000000, 0.0000000000000000000, 1.000000000000000000 ) ) ;
#1632 = FILL_AREA_STYLE_COLOUR ( '', #2375 ) ;
#1633 = CARTESIAN_POINT ( 'NONE',  ( -9.800000000000002487, -16.69999999999999929, 8.500000000000000000 ) ) ;
#1634 = EDGE_CURVE ( 'NONE', #4846, #925, #5753, .T. ) ;
#1635 = DIRECTION ( 'NONE',  ( 0.0000000000000000000, 0.0000000000000000000, -1.000000000000000000 ) ) ;
#1636 = CARTESIAN_POINT ( 'NONE',  ( -1.346054828430687467, 2.226464659073189800, -6.999999999999998224 ) ) ;
#1637 = EDGE_LOOP ( 'NONE', ( #1548, #5619, #1571, #3005, #16, #5053 ) ) ;
#1638 = ORIENTED_EDGE ( 'NONE', *, *, #4848, .F. ) ;
#1639 = LINE ( 'NONE', #2055, #5436 ) ;
#1640 =( GEOMETRIC_REPRESENTATION_CONTEXT ( 3 ) GLOBAL_UNCERTAINTY_ASSIGNED_CONTEXT ( ( #83 ) ) GLOBAL_UNIT_ASSIGNED_CONTEXT ( ( #3198, #445, #3678 ) ) REPRESENTATION_CONTEXT ( 'NONE', 'WORKASPACE' ) );
#1641 = SURFACE_SIDE_STYLE ('',( #3927 ) ) ;
#1642 = AXIS2_PLACEMENT_3D ( 'NONE', #4994, #4124, #916 ) ;
#1643 = ADVANCED_FACE ( 'NONE', ( #2150 ), #2127, .F. ) ;
#1644 = ORIENTED_EDGE ( 'NONE', *, *, #2203, .F. ) ;
#1645 = MECHANICAL_DESIGN_GEOMETRIC_PRESENTATION_REPRESENTATION (  '', ( #3719 ), #5513 ) ;
#1646 =( GEOMETRIC_REPRESENTATION_CONTEXT ( 3 ) GLOBAL_UNCERTAINTY_ASSIGNED_CONTEXT ( ( #486 ) ) GLOBAL_UNIT_ASSIGNED_CONTEXT ( ( #207, #4636, #2418 ) ) REPRESENTATION_CONTEXT ( 'NONE', 'WORKASPACE' ) );
#1647 = ORIENTED_EDGE ( 'NONE', *, *, #326, .T. ) ;
#1648 = SURFACE_STYLE_FILL_AREA ( #3985 ) ;
#1649 = UNCERTAINTY_MEASURE_WITH_UNIT (LENGTH_MEASURE( 1.000000000000000082E-05 ), #4259, 'distance_accuracy_value', 'NONE');
#1650 = EDGE_CURVE ( 'NONE', #948, #4422, #2832, .T. ) ;
#1651 =( LENGTH_UNIT ( ) NAMED_UNIT ( * ) SI_UNIT ( .MILLI., .METRE. ) );
#1652 = ORIENTED_EDGE ( 'NONE', *, *, #4292, .F. ) ;
#1653 = VERTEX_POINT ( 'NONE', #4864 ) ;
#1654 = CARTESIAN_POINT ( 'NONE',  ( 0.0000000000000000000, 4.500000000000000000, 0.0000000000000000000 ) ) ;
#1655 = EDGE_CURVE ( 'NONE', #3658, #2612, #2991, .T. ) ;
#1656 = SURFACE_SIDE_STYLE ('',( #3912 ) ) ;
#1657 = SURFACE_SIDE_STYLE ('',( #1597 ) ) ;
#1658 =( NAMED_UNIT ( * ) PLANE_ANGLE_UNIT ( ) SI_UNIT ( $, .RADIAN. ) );
#1659 = MECHANICAL_DESIGN_GEOMETRIC_PRESENTATION_REPRESENTATION (  '', ( #1752 ), #4980 ) ;
#1660 = CYLINDRICAL_SURFACE ( 'NONE', #4687, 6.000000000000000888 ) ;
#1661 = DIRECTION ( 'NONE',  ( 0.0000000000000000000, 0.0000000000000000000, -1.000000000000000000 ) ) ;
#1662 = LINE ( 'NONE', #3084, #5518 ) ;
#1663 = DIRECTION ( 'NONE',  ( 1.000000000000000000, -0.0000000000000000000, 0.0000000000000000000 ) ) ;
#1664 = SURFACE_STYLE_USAGE ( .BOTH. , #5330 ) ;
#1665 = CARTESIAN_POINT ( 'NONE',  ( 1.349728080771689598, 2.199999999999999734, -7.000000000000000888 ) ) ;
#1666 = VERTEX_POINT ( 'NONE', #297 ) ;
#1667 =( GEOMETRIC_REPRESENTATION_CONTEXT ( 3 ) GLOBAL_UNCERTAINTY_ASSIGNED_CONTEXT ( ( #1008 ) ) GLOBAL_UNIT_ASSIGNED_CONTEXT ( ( #3285, #5105, #4710 ) ) REPRESENTATION_CONTEXT ( 'NONE', 'WORKASPACE' ) );
#1668 = ADVANCED_FACE ( 'NONE', ( #2536, #4832 ), #4353, .T. ) ;
#1669 = DIRECTION ( 'NONE',  ( -0.0000000000000000000, -0.0000000000000000000, -1.000000000000000000 ) ) ;
#1670 = VECTOR ( 'NONE', #532, 1000.000000000000000 ) ;
#1671 = SURFACE_SIDE_STYLE ('',( #332 ) ) ;
#1672 =( LENGTH_UNIT ( ) NAMED_UNIT ( * ) SI_UNIT ( .MILLI., .METRE. ) );
#1673 = ORIENTED_EDGE ( 'NONE', *, *, #3713, .T. ) ;
#1674 = COLOUR_RGB ( '',0.0000000000000000000, 0.0000000000000000000, 0.7529411764705882248 ) ;
#1675 = ORIENTED_EDGE ( 'NONE', *, *, #3626, .T. ) ;
#1676 = DIRECTION ( 'NONE',  ( 0.0000000000000000000, 0.0000000000000000000, 1.000000000000000000 ) ) ;
#1677 = FILL_AREA_STYLE ('',( #2096 ) ) ;
#1678 = ORIENTED_EDGE ( 'NONE', *, *, #4072, .F. ) ;
#1679 = ORIENTED_EDGE ( 'NONE', *, *, #5362, .T. ) ;
#1680 = PLANE ( 'NONE',  #4165 ) ;
#1681 = CARTESIAN_POINT ( 'NONE',  ( 6.735753140545631901, 7.499999999999999112, 2.333333333333333481 ) ) ;
#1682 = FILL_AREA_STYLE ('',( #715 ) ) ;
#1683 = DIRECTION ( 'NONE',  ( 0.0000000000000000000, 0.0000000000000000000, -1.000000000000000000 ) ) ;
#1684 = CARTESIAN_POINT ( 'NONE',  ( -0.6726747950249428731, 9.800000000000000711, 6.999999999999999112 ) ) ;
#1685 = CARTESIAN_POINT ( 'NONE',  ( 1.192820323027555807, -15.50000000000000000, 0.4000000000000001887 ) ) ;
#1686 = UNCERTAINTY_MEASURE_WITH_UNIT (LENGTH_MEASURE( 1.000000000000000082E-05 ), #3296, 'distance_accuracy_value', 'NONE');
#1687 = CARTESIAN_POINT ( 'NONE',  ( -9.800000000000002487, -16.69999999999999929, -8.500000000000000000 ) ) ;
#1688 = AXIS2_PLACEMENT_3D ( 'NONE', #969, #464, #3192 ) ;
#1689 = VECTOR ( 'NONE', #3313, 1000.000000000000000 ) ;
#1690 = FACE_OUTER_BOUND ( 'NONE', #5664, .T. ) ;
#1691 = CARTESIAN_POINT ( 'NONE',  ( -2.694073211445876304, 2.326613343570171466, -7.000000000000000888 ) ) ;
#1692 = VERTEX_POINT ( 'NONE', #321 ) ;
#1693 = ADVANCED_FACE ( 'NONE', ( #3491 ), #3970, .F. ) ;
#1694 = VECTOR ( 'NONE', #4990, 1000.000000000000000 ) ;
#1695 = PRESENTATION_LAYER_ASSIGNMENT (  '', '', ( #929 ) ) ;
#1696 = FILL_AREA_STYLE_COLOUR ( '', #1179 ) ;
#1697 = SURFACE_SIDE_STYLE ('',( #5763 ) ) ;
#1698 = MECHANICAL_DESIGN_GEOMETRIC_PRESENTATION_REPRESENTATION (  '', ( #4252 ), #5015 ) ;
#1699 = ORIENTED_EDGE ( 'NONE', *, *, #4728, .T. ) ;
#1700 = FACE_OUTER_BOUND ( 'NONE', #1748, .T. ) ;
#1701 = ORIENTED_EDGE ( 'NONE', *, *, #5541, .T. ) ;
#1702 = CARTESIAN_POINT ( 'NONE',  ( 7.531577814756222064E-16, 7.500000000000000000, 6.150000000000000355 ) ) ;
#1703 = MECHANICAL_DESIGN_GEOMETRIC_PRESENTATION_REPRESENTATION (  '', ( #3398 ), #1030 ) ;
#1704 = FACE_OUTER_BOUND ( 'NONE', #3057, .T. ) ;
#1705 = EDGE_CURVE ( 'NONE', #3073, #2876, #1292, .T. ) ;
#1706 = COLOUR_RGB ( '',1.000000000000000000, 1.000000000000000000, 1.000000000000000000 ) ;
#1707 = VERTEX_POINT ( 'NONE', #4563 ) ;
#1708 = ORIENTED_EDGE ( 'NONE', *, *, #5045, .T. ) ;
#1709 = CIRCLE ( 'NONE', #5681, 6.000000000000000888 ) ;
#1710 = CARTESIAN_POINT ( 'NONE',  ( -6.062177826491073063, 7.500000000000000000, 3.499999999999998224 ) ) ;
#1711 = SURFACE_SIDE_STYLE ('',( #5786 ) ) ;
#1712 = FACE_OUTER_BOUND ( 'NONE', #1083, .T. ) ;
#1713 = FILL_AREA_STYLE_COLOUR ( '', #4347 ) ;
#1714 = EDGE_CURVE ( 'NONE', #5083, #547, #4962, .T. ) ;
#1715 = CIRCLE ( 'NONE', #470, 7.000000000000000888 ) ;
#1716 = LINE ( 'NONE', #325, #4280 ) ;
#1717 = PRESENTATION_LAYER_ASSIGNMENT (  '', '', ( #4745 ) ) ;
#1718 = DIRECTION ( 'NONE',  ( 0.0000000000000000000, 0.0000000000000000000, 1.000000000000000000 ) ) ;
#1719 = FILL_AREA_STYLE ('',( #5795 ) ) ;
#1720 = EDGE_CURVE ( 'NONE', #2168, #5411, #2617, .T. ) ;
#1721 = PLANE ( 'NONE',  #1782 ) ;
#1722 = ORIENTED_EDGE ( 'NONE', *, *, #2710, .F. ) ;
#1723 = DIRECTION ( 'NONE',  ( 0.0000000000000000000, 1.000000000000000000, 0.0000000000000000000 ) ) ;
#1724 = CARTESIAN_POINT ( 'NONE',  ( 0.5000000000000013323, -19.69999999999999929, 5.200000000000000178 ) ) ;
#1725 = PRESENTATION_LAYER_ASSIGNMENT (  '', '', ( #4772 ) ) ;
#1726 = EDGE_CURVE ( 'NONE', #4045, #2023, #373, .T. ) ;
#1727 = FILL_AREA_STYLE_COLOUR ( '', #5556 ) ;
#1728 = EDGE_LOOP ( 'NONE', ( #1141, #1472, #2312, #5090 ) ) ;
#1729 = VECTOR ( 'NONE', #5813, 1000.000000000000000 ) ;
#1730 =( NAMED_UNIT ( * ) SI_UNIT ( $, .STERADIAN. ) SOLID_ANGLE_UNIT ( ) );
#1731 = VECTOR ( 'NONE', #817, 1000.000000000000000 ) ;
#1732 = SURFACE_STYLE_USAGE ( .BOTH. , #2589 ) ;
#1733 = LINE ( 'NONE', #3603, #385 ) ;
#1734 = EDGE_LOOP ( 'NONE', ( #4122, #4537 ) ) ;
#1735 = STYLED_ITEM ( 'NONE', ( #2187 ), #4639 ) ;
#1736 = EDGE_LOOP ( 'NONE', ( #5579, #1281, #2870, #5696 ) ) ;
#1737 = EDGE_LOOP ( 'NONE', ( #5077, #2828, #1359, #5069 ) ) ;
#1738 = VECTOR ( 'NONE', #1241, 1000.000000000000000 ) ;
#1739 = CARTESIAN_POINT ( 'NONE',  ( 2.253471898105739434E-15, 7.500000000000000000, 7.000000000000000888 ) ) ;
#1740 = FILL_AREA_STYLE ('',( #4325 ) ) ;
#1741 = LINE ( 'NONE', #5455, #2736 ) ;
#1742 = FACE_OUTER_BOUND ( 'NONE', #2759, .T. ) ;
#1743 = VERTEX_POINT ( 'NONE', #1847 ) ;
#1744 = EDGE_CURVE ( 'NONE', #1128, #767, #1741, .T. ) ;
#1745 = PLANE ( 'NONE',  #4844 ) ;
#1746 = DIRECTION ( 'NONE',  ( 0.0000000000000000000, 0.0000000000000000000, 1.000000000000000000 ) ) ;
#1747 = CARTESIAN_POINT ( 'NONE',  ( 4.041451884327379673, 2.490163190291658335, -7.000000000000000888 ) ) ;
#1748 = EDGE_LOOP ( 'NONE', ( #2299, #3306, #1773, #4782, #3245, #3001 ) ) ;
#1749 = EDGE_CURVE ( 'NONE', #5716, #2023, #2256, .T. ) ;
#1750 = CARTESIAN_POINT ( 'NONE',  ( -4.107179676972443794, -15.50000000000000000, 0.4000000000000001887 ) ) ;
#1751 = CARTESIAN_POINT ( 'NONE',  ( -5.800000000000001599, -16.69999999999999929, -0.4000000000000001887 ) ) ;
#1752 = STYLED_ITEM ( 'NONE', ( #811 ), #474 ) ;
#1753 = ORIENTED_EDGE ( 'NONE', *, *, #2475, .F. ) ;
#1754 = VECTOR ( 'NONE', #1601, 1000.000000000000000 ) ;
#1755 = FACE_OUTER_BOUND ( 'NONE', #1170, .T. ) ;
#1756 =( LENGTH_UNIT ( ) NAMED_UNIT ( * ) SI_UNIT ( .MILLI., .METRE. ) );
#1757 = COLOUR_RGB ( '',1.000000000000000000, 1.000000000000000000, 1.000000000000000000 ) ;
#1758 = ORIENTED_EDGE ( 'NONE', *, *, #2949, .T. ) ;
#1759 = ORIENTED_EDGE ( 'NONE', *, *, #4827, .F. ) ;
#1760 = DIRECTION ( 'NONE',  ( -0.0000000000000000000, -0.0000000000000000000, -1.000000000000000000 ) ) ;
#1761 = PLANE ( 'NONE',  #5389 ) ;
#1762 =( LENGTH_UNIT ( ) NAMED_UNIT ( * ) SI_UNIT ( .MILLI., .METRE. ) );
#1763 = CARTESIAN_POINT ( 'NONE',  ( 0.0000000000000000000, 5.500000000000000000, -6.250000000000000000 ) ) ;
#1764 = CARTESIAN_POINT ( 'NONE',  ( 0.0000000000000000000, 9.799999999999998934, 0.0000000000000000000 ) ) ;
#1765 = ORIENTED_EDGE ( 'NONE', *, *, #2900, .F. ) ;
#1766 = ADVANCED_FACE ( 'NONE', ( #2763 ), #570, .F. ) ;
#1767 = ORIENTED_EDGE ( 'NONE', *, *, #5194, .T. ) ;
#1768 = STYLED_ITEM ( 'NONE', ( #3511 ), #5854 ) ;
#1769 = DIRECTION ( 'NONE',  ( -8.659560562354948882E-17, -0.7071067811865463515, -0.7071067811865487940 ) ) ;
#1770 = CARTESIAN_POINT ( 'NONE',  ( 6.062177826491067734, 4.500000000000000000, 3.499999999999999556 ) ) ;
#1771 = CARTESIAN_POINT ( 'NONE',  ( 0.0000000000000000000, 2.199999999999999734, 0.0000000000000000000 ) ) ;
#1772 = CARTESIAN_POINT ( 'NONE',  ( -4.799999999999998934, -19.69999999999999929, 0.4000000000000001887 ) ) ;
#1773 = ORIENTED_EDGE ( 'NONE', *, *, #5756, .F. ) ;
#1774 = EDGE_CURVE ( 'NONE', #4926, #5218, #640, .T. ) ;
#1775 = AXIS2_PLACEMENT_3D ( 'NONE', #1582, #2401, #4250 ) ;
#1776 = CIRCLE ( 'NONE', #2822, 4.000000000000000888 ) ;
#1777 = DIRECTION ( 'NONE',  ( 1.000000000000000000, -0.0000000000000000000, -0.0000000000000000000 ) ) ;
#1778 = SURFACE_STYLE_USAGE ( .BOTH. , #1306 ) ;
#1779 = CARTESIAN_POINT ( 'NONE',  ( 0.0000000000000000000, 2.199999999999999734, 0.0000000000000000000 ) ) ;
#1780 = EDGE_CURVE ( 'NONE', #2738, #2516, #1907, .T. ) ;
#1781 = EDGE_CURVE ( 'NONE', #1113, #2840, #3715, .T. ) ;
#1782 = AXIS2_PLACEMENT_3D ( 'NONE', #1393, #4064, #912 ) ;
#1783 = CARTESIAN_POINT ( 'NONE',  ( 4.715027198381942952, 2.309679228848994015, 5.833333333333330373 ) ) ;
#1784 = ORIENTED_EDGE ( 'NONE', *, *, #809, .T. ) ;
#1785 = SURFACE_STYLE_USAGE ( .BOTH. , #449 ) ;
#1786 = SURFACE_STYLE_USAGE ( .BOTH. , #3133 ) ;
#1787 = VECTOR ( 'NONE', #171, 1000.000000000000000 ) ;
#1788 = AXIS2_PLACEMENT_3D ( 'NONE', #3253, #209, #2781 ) ;
#1789 = ORIENTED_EDGE ( 'NONE', *, *, #2646, .F. ) ;
#1790 = ADVANCED_FACE ( 'NONE', ( #1463 ), #3267, .F. ) ;
#1791 = COLOUR_RGB ( '',0.6392156862745097534, 0.6666666666666666297, 0.6784313725490196401 ) ;
#1792 = ORIENTED_EDGE ( 'NONE', *, *, #3845, .T. ) ;
#1793 = PRESENTATION_LAYER_ASSIGNMENT (  '', '', ( #285 ) ) ;
#1794 = FACE_OUTER_BOUND ( 'NONE', #195, .T. ) ;
#1795 = DIRECTION ( 'NONE',  ( 0.5000000000000021094, -0.8660254037844374864, -0.0000000000000000000 ) ) ;
#1796 = CARTESIAN_POINT ( 'NONE',  ( 0.0000000000000000000, 11.50000000000000000, 0.0000000000000000000 ) ) ;
#1797 = AXIS2_PLACEMENT_3D ( 'NONE', #741, #4586, #561 ) ;
#1798 = DIRECTION ( 'NONE',  ( -0.0000000000000000000, -0.0000000000000000000, -1.000000000000000000 ) ) ;
#1799 = ORIENTED_EDGE ( 'NONE', *, *, #4708, .T. ) ;
#1800 = ORIENTED_EDGE ( 'NONE', *, *, #789, .T. ) ;
#1801 = PRESENTATION_STYLE_ASSIGNMENT (( #3375 ) ) ;
#1802 = ADVANCED_FACE ( 'NONE', ( #3799 ), #4750, .T. ) ;
#1803 = UNCERTAINTY_MEASURE_WITH_UNIT (LENGTH_MEASURE( 1.000000000000000082E-05 ), #2005, 'distance_accuracy_value', 'NONE');
#1804 = DIRECTION ( 'NONE',  ( 0.0000000000000000000, 0.0000000000000000000, 1.000000000000000000 ) ) ;
#1805 = PLANE ( 'NONE',  #5214 ) ;
#1806 = DIRECTION ( 'NONE',  ( 0.0000000000000000000, 0.0000000000000000000, -1.000000000000000000 ) ) ;
#1807 = AXIS2_PLACEMENT_3D ( 'NONE', #5300, #4375, #4831 ) ;
#1808 = PLANE ( 'NONE',  #685 ) ;
#1809 = EDGE_CURVE ( 'NONE', #2652, #5375, #4335, .T. ) ;
#1810 = CARTESIAN_POINT ( 'NONE',  ( -8.082903768654761123, 4.209836809708341399, -3.476453858126656522E-15 ) ) ;
#1811 = CARTESIAN_POINT ( 'NONE',  ( 7.347880794884120722E-16, 10.99999999999999112, 6.000000000000000888 ) ) ;
#1812 = ORIENTED_EDGE ( 'NONE', *, *, #3028, .T. ) ;
#1813 = CARTESIAN_POINT ( 'NONE',  ( 0.0000000000000000000, 0.0000000000000000000, 0.0000000000000000000 ) ) ;
#1814 = VERTEX_POINT ( 'NONE', #668 ) ;
#1815 = DIRECTION ( 'NONE',  ( -0.0000000000000000000, -0.0000000000000000000, -1.000000000000000000 ) ) ;
#1816 =( NAMED_UNIT ( * ) SI_UNIT ( $, .STERADIAN. ) SOLID_ANGLE_UNIT ( ) );
#1817 = PRESENTATION_STYLE_ASSIGNMENT (( #4077 ) ) ;
#1818 = ORIENTED_EDGE ( 'NONE', *, *, #2034, .F. ) ;
#1819 = EDGE_LOOP ( 'NONE', ( #4531, #4395, #1501, #3328 ) ) ;
#1820 = COLOUR_RGB ( '',1.000000000000000000, 1.000000000000000000, 1.000000000000000000 ) ;
#1821 = DIRECTION ( 'NONE',  ( 0.0000000000000000000, 0.0000000000000000000, 1.000000000000000000 ) ) ;
#1822 = SURFACE_STYLE_USAGE ( .BOTH. , #456 ) ;
#1823 = COLOUR_RGB ( '',0.6392156862745097534, 0.6666666666666666297, 0.6784313725490196401 ) ;
#1824 = CARTESIAN_POINT ( 'NONE',  ( 0.5000000000000013323, -16.69999999999999929, 5.200000000000000178 ) ) ;
#1825 = CARTESIAN_POINT ( 'NONE',  ( -0.5000000000000013323, -15.50000000000000000, -4.399999999999999467 ) ) ;
#1826 = EDGE_LOOP ( 'NONE', ( #1767, #4737, #453, #2264 ) ) ;
#1827 = MECHANICAL_DESIGN_GEOMETRIC_PRESENTATION_REPRESENTATION (  '', ( #2117 ), #2292 ) ;
#1828 = EDGE_LOOP ( 'NONE', ( #888, #2988 ) ) ;
#1829 = AXIS2_PLACEMENT_3D ( 'NONE', #1899, #1033, #1096 ) ;
#1830 = ADVANCED_FACE ( 'NONE', ( #697, #3356 ), #5608, .T. ) ;
#1831 = CARTESIAN_POINT ( 'NONE',  ( -5.800000000000000711, -19.69999999999999929, -4.399999999999999467 ) ) ;
#1832 = CARTESIAN_POINT ( 'NONE',  ( 8.082903768654761123, 4.209836809708341399, -7.554090729571645684E-16 ) ) ;
#1833 = CARTESIAN_POINT ( 'NONE',  ( -4.799999999999998934, -16.69999999999999929, 0.4000000000000001887 ) ) ;
#1834 = CARTESIAN_POINT ( 'NONE',  ( 0.0000000000000000000, 9.799999999999998934, 0.0000000000000000000 ) ) ;
#1835 = DIRECTION ( 'NONE',  ( 0.0000000000000000000, 1.000000000000000000, -0.0000000000000000000 ) ) ;
#1836 = EDGE_CURVE ( 'NONE', #166, #2008, #1031, .T. ) ;
#1837 = LINE ( 'NONE', #896, #2773 ) ;
#1838 = CARTESIAN_POINT ( 'NONE',  ( -0.5000000000000004441, -19.69999999999999929, 5.200000000000000178 ) ) ;
#1839 = MECHANICAL_DESIGN_GEOMETRIC_PRESENTATION_REPRESENTATION (  '', ( #5731 ), #2214 ) ;
#1840 = EDGE_CURVE ( 'NONE', #5628, #147, #491, .T. ) ;
#1841 = APPLICATION_PROTOCOL_DEFINITION ( 'draft international standard', 'automotive_design', 1998, #4127 ) ;
#1842 = ORIENTED_EDGE ( 'NONE', *, *, #3978, .F. ) ;
#1843 = FACE_OUTER_BOUND ( 'NONE', #4333, .T. ) ;
#1844 = PRESENTATION_STYLE_ASSIGNMENT (( #41 ) ) ;
#1845 = CIRCLE ( 'NONE', #2404, 8.000000000000000000 ) ;
#1846 =( NAMED_UNIT ( * ) PLANE_ANGLE_UNIT ( ) SI_UNIT ( $, .RADIAN. ) );
#1847 = CARTESIAN_POINT ( 'NONE',  ( 0.5000000000000013323, -19.69999999999999929, 0.4000000000000001887 ) ) ;
#1848 = CARTESIAN_POINT ( 'NONE',  ( -0.5000000000000013323, -16.69999999999999929, -4.399999999999999467 ) ) ;
#1849 = UNCERTAINTY_MEASURE_WITH_UNIT (LENGTH_MEASURE( 1.000000000000000082E-05 ), #1756, 'distance_accuracy_value', 'NONE');
#1850 = ORIENTED_EDGE ( 'NONE', *, *, #4247, .F. ) ;
#1851 = CONICAL_SURFACE ( 'NONE', #4128, 7.000000000000000888, 1.308996938995750092 ) ;
#1852 = ORIENTED_EDGE ( 'NONE', *, *, #4129, .T. ) ;
#1853 = MECHANICAL_DESIGN_GEOMETRIC_PRESENTATION_REPRESENTATION (  '', ( #5355 ), #3654 ) ;
#1854 = CARTESIAN_POINT ( 'NONE',  ( 4.799999999999998934, -16.69999999999999929, 4.399999999999999467 ) ) ;
#1855 = SURFACE_STYLE_USAGE ( .BOTH. , #47 ) ;
#1856 = DIRECTION ( 'NONE',  ( -0.0000000000000000000, -0.0000000000000000000, -1.000000000000000000 ) ) ;
#1857 = DIRECTION ( 'NONE',  ( 0.0000000000000000000, 0.0000000000000000000, 1.000000000000000000 ) ) ;
#1858 = ORIENTED_EDGE ( 'NONE', *, *, #1936, .F. ) ;
#1859 = ADVANCED_FACE ( 'NONE', ( #2918 ), #3289, .T. ) ;
#1860 = EDGE_CURVE ( 'NONE', #3808, #3724, #3742, .T. ) ;
#1861 = CONICAL_SURFACE ( 'NONE', #5446, 7.000000000000000888, 1.308996938995750092 ) ;
#1862 = EDGE_LOOP ( 'NONE', ( #5761, #340, #1753, #795 ) ) ;
#1863 = DIRECTION ( 'NONE',  ( 0.0000000000000000000, 0.0000000000000000000, -1.000000000000000000 ) ) ;
#1864 = PRESENTATION_STYLE_ASSIGNMENT (( #1362 ) ) ;
#1865 = CARTESIAN_POINT ( 'NONE',  ( 0.0000000000000000000, 2.199999999999999734, 0.0000000000000000000 ) ) ;
#1866 = STYLED_ITEM ( 'NONE', ( #1565 ), #5843 ) ;
#1867 = DIRECTION ( 'NONE',  ( 0.0000000000000000000, 0.0000000000000000000, 1.000000000000000000 ) ) ;
#1868 = LINE ( 'NONE', #3597, #5611 ) ;
#1869 =( LENGTH_UNIT ( ) NAMED_UNIT ( * ) SI_UNIT ( .MILLI., .METRE. ) );
#1870 = ADVANCED_FACE ( 'NONE', ( #2496 ), #4311, .F. ) ;
#1871 = ORIENTED_EDGE ( 'NONE', *, *, #3626, .F. ) ;
#1872 = CARTESIAN_POINT ( 'NONE',  ( 2.602085213965210642E-15, 9.799999999999998934, 6.999999999999999112 ) ) ;
#1873 = PRESENTATION_STYLE_ASSIGNMENT (( #2253 ) ) ;
#1874 = DIRECTION ( 'NONE',  ( 0.0000000000000000000, -0.0000000000000000000, -1.000000000000000000 ) ) ;
#1875 = ADVANCED_FACE ( 'NONE', ( #4744 ), #272, .T. ) ;
#1876 = PRESENTATION_LAYER_ASSIGNMENT (  '', '', ( #354 ) ) ;
#1877 = CARTESIAN_POINT ( 'NONE',  ( 9.799999999999998934, -1.499999999999999556, 8.500000000000000000 ) ) ;
#1878 = VECTOR ( 'NONE', #322, 1000.000000000000114 ) ;
#1879 = CARTESIAN_POINT ( 'NONE',  ( -5.800000000000001599, -15.50000000000000000, -5.200000000000000178 ) ) ;
#1880 = VERTEX_POINT ( 'NONE', #5544 ) ;
#1881 =( GEOMETRIC_REPRESENTATION_CONTEXT ( 3 ) GLOBAL_UNCERTAINTY_ASSIGNED_CONTEXT ( ( #2453 ) ) GLOBAL_UNIT_ASSIGNED_CONTEXT ( ( #5881, #4055, #2206 ) ) REPRESENTATION_CONTEXT ( 'NONE', 'WORKASPACE' ) );
#1882 = VECTOR ( 'NONE', #650, 1000.000000000000000 ) ;
#1883 = ADVANCED_FACE ( 'NONE', ( #688 ), #2490, .T. ) ;
#1884 = CARTESIAN_POINT ( 'NONE',  ( 0.5000000000000013323, -19.69999999999999929, -4.399999999999999467 ) ) ;
#1885 = DIRECTION ( 'NONE',  ( 2.891205793294679312E-16, -1.000000000000000000, -0.0000000000000000000 ) ) ;
#1886 = COLOUR_RGB ( '',0.6392156862745097534, 0.6666666666666666297, 0.6784313725490196401 ) ;
#1887 = VECTOR ( 'NONE', #4161, 1000.000000000000000 ) ;
#1888 = ORIENTED_EDGE ( 'NONE', *, *, #4866, .F. ) ;
#1889 = CARTESIAN_POINT ( 'NONE',  ( 6.062177826491067734, 4.500000000000000000, 3.499999999999999556 ) ) ;
#1890 = VERTEX_POINT ( 'NONE', #4649 ) ;
#1891 = MECHANICAL_DESIGN_GEOMETRIC_PRESENTATION_REPRESENTATION (  '', ( #2934 ), #3887 ) ;
#1892 = EDGE_CURVE ( 'NONE', #2317, #3899, #5246, .T. ) ;
#1893 = SURFACE_STYLE_USAGE ( .BOTH. , #3251 ) ;
#1894 = CARTESIAN_POINT ( 'NONE',  ( -0.5000000000000013323, -16.69999999999999929, -4.399999999999999467 ) ) ;
#1895 = CARTESIAN_POINT ( 'NONE',  ( 0.0000000000000000000, 0.0000000000000000000, -4.000000000000000888 ) ) ;
#1896 = CARTESIAN_POINT ( 'NONE',  ( -5.800000000000000711, -19.69999999999999929, -4.399999999999999467 ) ) ;
#1897 = FACE_OUTER_BOUND ( 'NONE', #197, .T. ) ;
#1898 = SURFACE_STYLE_USAGE ( .BOTH. , #2019 ) ;
#1899 = CARTESIAN_POINT ( 'NONE',  ( 0.0000000000000000000, 0.0000000000000000000, 0.0000000000000000000 ) ) ;
#1900 =( NAMED_UNIT ( * ) SI_UNIT ( $, .STERADIAN. ) SOLID_ANGLE_UNIT ( ) );
#1901 = VECTOR ( 'NONE', #345, 1000.000000000000000 ) ;
#1902 = SURFACE_STYLE_FILL_AREA ( #3622 ) ;
#1903 =( GEOMETRIC_REPRESENTATION_CONTEXT ( 3 ) GLOBAL_UNCERTAINTY_ASSIGNED_CONTEXT ( ( #3053 ) ) GLOBAL_UNIT_ASSIGNED_CONTEXT ( ( #4534, #505, #4162 ) ) REPRESENTATION_CONTEXT ( 'NONE', 'WORKASPACE' ) );
#1904 = VERTEX_POINT ( 'NONE', #4272 ) ;
#1905 = DIRECTION ( 'NONE',  ( 0.0000000000000000000, 0.0000000000000000000, 1.000000000000000000 ) ) ;
#1906 = FILL_AREA_STYLE_COLOUR ( '', #558 ) ;
#1907 = LINE ( 'NONE', #2309, #2341 ) ;
#1908 = UNCERTAINTY_MEASURE_WITH_UNIT (LENGTH_MEASURE( 1.000000000000000082E-05 ), #2176, 'distance_accuracy_value', 'NONE');
#1909 = ORIENTED_EDGE ( 'NONE', *, *, #2028, .T. ) ;
#1910 =( NAMED_UNIT ( * ) SI_UNIT ( $, .STERADIAN. ) SOLID_ANGLE_UNIT ( ) );
#1911 =( NAMED_UNIT ( * ) SI_UNIT ( $, .STERADIAN. ) SOLID_ANGLE_UNIT ( ) );
#1912 = CARTESIAN_POINT ( 'NONE',  ( 0.5000000000000013323, -19.69999999999999929, -5.200000000000000178 ) ) ;
#1913 = CARTESIAN_POINT ( 'NONE',  ( -3.369740690737728528, 9.599829045642989556, -7.000000000000000000 ) ) ;
#1914 = MECHANICAL_DESIGN_GEOMETRIC_PRESENTATION_REPRESENTATION (  '', ( #2867 ), #689 ) ;
#1915 = CARTESIAN_POINT ( 'NONE',  ( -4.799999999999998934, -19.69999999999999929, -4.399999999999999467 ) ) ;
#1916 = ORIENTED_EDGE ( 'NONE', *, *, #3051, .T. ) ;
#1917 = ORIENTED_EDGE ( 'NONE', *, *, #2801, .F. ) ;
#1918 = ORIENTED_EDGE ( 'NONE', *, *, #4967, .F. ) ;
#1919 = STYLED_ITEM ( 'NONE', ( #5067 ), #5511 ) ;
#1920 = AXIS2_PLACEMENT_3D ( 'NONE', #4189, #1488, #1996 ) ;
#1921 = SURFACE_SIDE_STYLE ('',( #5099 ) ) ;
#1922 = DIRECTION ( 'NONE',  ( 0.0000000000000000000, 1.000000000000000000, 0.0000000000000000000 ) ) ;
#1923 = LINE ( 'NONE', #5131, #4249 ) ;
#1924 = ORIENTED_EDGE ( 'NONE', *, *, #5119, .T. ) ;
#1925 = EDGE_CURVE ( 'NONE', #634, #117, #4071, .T. ) ;
#1926 = CARTESIAN_POINT ( 'NONE',  ( 4.799999999999998934, -16.69999999999999929, 0.4000000000000001887 ) ) ;
#1927 = DIRECTION ( 'NONE',  ( -0.0000000000000000000, -1.000000000000000000, -0.0000000000000000000 ) ) ;
#1928 = DIRECTION ( 'NONE',  ( -1.000000000000000000, 0.0000000000000000000, 0.0000000000000000000 ) ) ;
#1929 =( LENGTH_UNIT ( ) NAMED_UNIT ( * ) SI_UNIT ( .MILLI., .METRE. ) );
#1930 = EDGE_CURVE ( 'NONE', #14, #2872, #126, .T. ) ;
#1931 = VERTEX_POINT ( 'NONE', #4305 ) ;
#1932 = LINE ( 'NONE', #3381, #5546 ) ;
#1933 = SURFACE_STYLE_USAGE ( .BOTH. , #133 ) ;
#1934 = CARTESIAN_POINT ( 'NONE',  ( -4.799999999999998934, -16.69999999999999929, 5.200000000000000178 ) ) ;
#1935 = ORIENTED_EDGE ( 'NONE', *, *, #5000, .T. ) ;
#1936 = EDGE_CURVE ( 'NONE', #5557, #5670, #246, .T. ) ;
#1937 = ORIENTED_EDGE ( 'NONE', *, *, #200, .F. ) ;
#1938 = PRESENTATION_STYLE_ASSIGNMENT (( #1972 ) ) ;
#1939 = CARTESIAN_POINT ( 'NONE',  ( -5.800000000000001599, -16.69999999999999929, 5.200000000000000178 ) ) ;
#1940 = LINE ( 'NONE', #3364, #947 ) ;
#1941 = STYLED_ITEM ( 'NONE', ( #859 ), #635 ) ;
#1942 = ORIENTED_EDGE ( 'NONE', *, *, #4722, .T. ) ;
#1943 = ORIENTED_EDGE ( 'NONE', *, *, #844, .F. ) ;
#1944 = DIRECTION ( 'NONE',  ( -0.8660254037844374864, 0.5000000000000021094, 0.0000000000000000000 ) ) ;
#1945 = FACE_OUTER_BOUND ( 'NONE', #4506, .T. ) ;
#1946 = AXIS2_PLACEMENT_3D ( 'NONE', #804, #1238, #4268 ) ;
#1947 = PRESENTATION_STYLE_ASSIGNMENT (( #1893 ) ) ;
#1948 = EDGE_CURVE ( 'NONE', #645, #3522, #3109, .T. ) ;
#1949 = CARTESIAN_POINT ( 'NONE',  ( 0.0000000000000000000, 11.50000000000000000, 0.0000000000000000000 ) ) ;
#1950 = FACE_OUTER_BOUND ( 'NONE', #261, .T. ) ;
#1951 = DIRECTION ( 'NONE',  ( 0.5000000000000021094, -0.8660254037844374864, -0.0000000000000000000 ) ) ;
#1952 = ORIENTED_EDGE ( 'NONE', *, *, #1438, .T. ) ;
#1953 = PRESENTATION_LAYER_ASSIGNMENT (  '', '', ( #2714 ) ) ;
#1954 = DIRECTION ( 'NONE',  ( -0.0000000000000000000, -0.0000000000000000000, -1.000000000000000000 ) ) ;
#1955 = DIRECTION ( 'NONE',  ( 0.0000000000000000000, 1.000000000000000000, 0.0000000000000000000 ) ) ;
#1956 = CARTESIAN_POINT ( 'NONE',  ( 8.082903768654761123, 2.490163190291658335, -7.215013330229419547E-16 ) ) ;
#1957 = CARTESIAN_POINT ( 'NONE',  ( -9.800000000000002487, -1.499999999999999556, -8.500000000000000000 ) ) ;
#1958 = EDGE_CURVE ( 'NONE', #1707, #935, #4742, .T. ) ;
#1959 = FILL_AREA_STYLE_COLOUR ( '', #2777 ) ;
#1960 =( LENGTH_UNIT ( ) NAMED_UNIT ( * ) SI_UNIT ( .MILLI., .METRE. ) );
#1961 = ORIENTED_EDGE ( 'NONE', *, *, #1398, .F. ) ;
#1962 = SURFACE_STYLE_USAGE ( .BOTH. , #5085 ) ;
#1963 = CARTESIAN_POINT ( 'NONE',  ( 5.939536975864661982E-16, 21.50000000000000000, 4.699999999999997513 ) ) ;
#1964 =( NAMED_UNIT ( * ) SI_UNIT ( $, .STERADIAN. ) SOLID_ANGLE_UNIT ( ) );
#1965 = EDGE_CURVE ( 'NONE', #4422, #14, #4185, .T. ) ;
#1966 = DIRECTION ( 'NONE',  ( 0.0000000000000000000, 1.000000000000000000, 0.0000000000000000000 ) ) ;
#1967 = CARTESIAN_POINT ( 'NONE',  ( 0.0000000000000000000, 16.80000000000000071, 0.0000000000000000000 ) ) ;
#1968 = EDGE_LOOP ( 'NONE', ( #5296, #2457, #2412, #3810 ) ) ;
#1969 = ORIENTED_EDGE ( 'NONE', *, *, #3725, .T. ) ;
#1970 = ORIENTED_EDGE ( 'NONE', *, *, #2581, .T. ) ;
#1971 = AXIS2_PLACEMENT_3D ( 'NONE', #2133, #5308, #3567 ) ;
#1972 = SURFACE_STYLE_USAGE ( .BOTH. , #140 ) ;
#1973 = SURFACE_STYLE_USAGE ( .BOTH. , #4696 ) ;
#1974 = ORIENTED_EDGE ( 'NONE', *, *, #4918, .F. ) ;
#1975 = COLOUR_RGB ( '',1.000000000000000000, 1.000000000000000000, 1.000000000000000000 ) ;
#1976 = DIRECTION ( 'NONE',  ( -1.000000000000000000, 0.0000000000000000000, 3.219245568722484836E-16 ) ) ;
#1977 = AXIS2_PLACEMENT_3D ( 'NONE', #2154, #1183, #2635 ) ;
#1978 = ORIENTED_EDGE ( 'NONE', *, *, #1368, .F. ) ;
#1979 = EDGE_CURVE ( 'NONE', #1880, #454, #274, .T. ) ;
#1980 = SURFACE_STYLE_FILL_AREA ( #84 ) ;
#1981 = CARTESIAN_POINT ( 'NONE',  ( -7.511572993685797128E-16, 9.799999999999998934, -7.000000000000000888 ) ) ;
#1982 = B_SPLINE_CURVE_WITH_KNOTS ( 'NONE', 3,
 ( #1273, #4440, #1691, #1636, #807, #3502 ),
 .UNSPECIFIED., .F., .F.,
 ( 4, 2, 4 ),
 ( 0.006910124072876181779, 0.008941036170110432113, 0.01097194826734468331 ),
 .UNSPECIFIED. ) ;
#1983 = VERTEX_POINT ( 'NONE', #4902 ) ;
#1984 = SURFACE_STYLE_FILL_AREA ( #2425 ) ;
#1985 = PRESENTATION_STYLE_ASSIGNMENT (( #1898 ) ) ;
#1986 = UNCERTAINTY_MEASURE_WITH_UNIT (LENGTH_MEASURE( 1.000000000000000082E-05 ), #4444, 'distance_accuracy_value', 'NONE');
#1987 = CARTESIAN_POINT ( 'NONE',  ( -4.041451884327383226, 4.209836809708341399, -7.000000000000000000 ) ) ;
#1988 = CARTESIAN_POINT ( 'NONE',  ( 4.799999999999998934, -16.69999999999999929, -4.399999999999999467 ) ) ;
#1989 = DIRECTION ( 'NONE',  ( 1.000000000000000000, 0.0000000000000000000, -0.0000000000000000000 ) ) ;
#1990 = EDGE_LOOP ( 'NONE', ( #3910, #356, #893, #2119 ) ) ;
#1991 = ADVANCED_FACE ( 'NONE', ( #5257 ), #3014, .T. ) ;
#1992 = CARTESIAN_POINT ( 'NONE',  ( 9.799999999999998934, 0.0000000000000000000, -8.500000000000000000 ) ) ;
#1993 = VECTOR ( 'NONE', #1795, 1000.000000000000000 ) ;
#1994 = B_SPLINE_CURVE_WITH_KNOTS ( 'NONE', 3,
 ( #857, #2128, #1178, #1237, #1684, #4462 ),
 .UNSPECIFIED., .F., .F.,
 ( 4, 2, 4 ),
 ( 0.006910124074070693283, 0.008941036171305890776, 0.01097194826854108740 ),
 .UNSPECIFIED. ) ;
#1995 = CARTESIAN_POINT ( 'NONE',  ( 4.799999999999998934, -15.50000000000000000, -4.399999999999999467 ) ) ;
#1996 = DIRECTION ( 'NONE',  ( -0.5000000000000021094, -0.8660254037844374864, 0.0000000000000000000 ) ) ;
#1997 = VECTOR ( 'NONE', #2804, 1000.000000000000000 ) ;
#1998 = ORIENTED_EDGE ( 'NONE', *, *, #3731, .F. ) ;
#1999 = ORIENTED_EDGE ( 'NONE', *, *, #248, .F. ) ;
#2000 = CARTESIAN_POINT ( 'NONE',  ( -1.192820323027555807, -15.50000000000000000, -5.200000000000000178 ) ) ;
#2001 =( NAMED_UNIT ( * ) PLANE_ANGLE_UNIT ( ) SI_UNIT ( $, .RADIAN. ) );
#2002 = CARTESIAN_POINT ( 'NONE',  ( -5.800000000000001599, -16.69999999999999929, 0.4000000000000001887 ) ) ;
#2003 = CARTESIAN_POINT ( 'NONE',  ( 0.0000000000000000000, 7.500000000000000000, 0.0000000000000000000 ) ) ;
#2004 = CARTESIAN_POINT ( 'NONE',  ( -4.107179676972443794, -15.50000000000000000, -0.4000000000000001887 ) ) ;
#2005 =( LENGTH_UNIT ( ) NAMED_UNIT ( * ) SI_UNIT ( .MILLI., .METRE. ) );
#2006 = VERTEX_POINT ( 'NONE', #3975 ) ;
#2007 = STYLED_ITEM ( 'NONE', ( #1985 ), #4112 ) ;
#2008 = VERTEX_POINT ( 'NONE', #5729 ) ;
#2009 = CARTESIAN_POINT ( 'NONE',  ( 0.0000000000000000000, 7.500000000000000000, -8.000000000000000000 ) ) ;
#2010 = SURFACE_STYLE_USAGE ( .BOTH. , #3784 ) ;
#2011 =( GEOMETRIC_REPRESENTATION_CONTEXT ( 3 ) GLOBAL_UNCERTAINTY_ASSIGNED_CONTEXT ( ( #4792 ) ) GLOBAL_UNIT_ASSIGNED_CONTEXT ( ( #2514, #4303, #2050 ) ) REPRESENTATION_CONTEXT ( 'NONE', 'WORKASPACE' ) );
#2012 = DIRECTION ( 'NONE',  ( 0.0000000000000000000, 0.0000000000000000000, 1.000000000000000000 ) ) ;
#2013 = DIRECTION ( 'NONE',  ( 0.0000000000000000000, 1.000000000000000000, 0.0000000000000000000 ) ) ;
#2014 = CARTESIAN_POINT ( 'NONE',  ( 9.799999999999998934, -16.69999999999999929, -8.500000000000000000 ) ) ;
#2015 = CARTESIAN_POINT ( 'NONE',  ( -4.799999999999998934, -16.69999999999999929, 0.4000000000000001887 ) ) ;
#2016 = VERTEX_POINT ( 'NONE', #3950 ) ;
#2017 =( GEOMETRIC_REPRESENTATION_CONTEXT ( 3 ) GLOBAL_UNCERTAINTY_ASSIGNED_CONTEXT ( ( #4576 ) ) GLOBAL_UNIT_ASSIGNED_CONTEXT ( ( #2565, #2125, #5751 ) ) REPRESENTATION_CONTEXT ( 'NONE', 'WORKASPACE' ) );
#2018 = DIRECTION ( 'NONE',  ( 0.0000000000000000000, 0.0000000000000000000, -1.000000000000000000 ) ) ;
#2019 = SURFACE_SIDE_STYLE ('',( #593 ) ) ;
#2020 = PRESENTATION_STYLE_ASSIGNMENT (( #659 ) ) ;
#2021 = VECTOR ( 'NONE', #1777, 1000.000000000000000 ) ;
#2022 = DIRECTION ( 'NONE',  ( 1.000000000000000000, 2.891205793294679805E-16, -0.0000000000000000000 ) ) ;
#2023 = VERTEX_POINT ( 'NONE', #835 ) ;
#2024 = COLOUR_RGB ( '',0.0000000000000000000, 0.0000000000000000000, 0.7529411764705882248 ) ;
#2025 = VECTOR ( 'NONE', #5794, 1000.000000000000000 ) ;
#2026 = DIRECTION ( 'NONE',  ( 1.000000000000000000, 0.0000000000000000000, -0.0000000000000000000 ) ) ;
#2027 =( NAMED_UNIT ( * ) PLANE_ANGLE_UNIT ( ) SI_UNIT ( $, .RADIAN. ) );
#2028 = EDGE_CURVE ( 'NONE', #1983, #1579, #3322, .T. ) ;
#2029 = CLOSED_SHELL ( 'NONE', ( #2753, #1608, #729, #585, #5462, #3266, #594, #2792, #4880, #1126, #4493, #2615, #4307, #4407, #1106, #545 ) ) ;
#2030 = VERTEX_POINT ( 'NONE', #5693 ) ;
#2031 = VERTEX_POINT ( 'NONE', #5279 ) ;
#2032 = FILL_AREA_STYLE_COLOUR ( '', #336 ) ;
#2033 = COLOUR_RGB ( '',1.000000000000000000, 1.000000000000000000, 1.000000000000000000 ) ;
#2034 = EDGE_CURVE ( 'NONE', #3899, #1983, #1982, .T. ) ;
#2035 = DIRECTION ( 'NONE',  ( -0.4999999999999996669, 0.0000000000000000000, -0.8660254037844388186 ) ) ;
#2036 = ORIENTED_EDGE ( 'NONE', *, *, #5864, .T. ) ;
#2037 = STYLED_ITEM ( 'NONE', ( #421 ), #236 ) ;
#2038 = ORIENTED_EDGE ( 'NONE', *, *, #4292, .T. ) ;
#2039 = EDGE_LOOP ( 'NONE', ( #5526, #4415, #4082, #1942 ) ) ;
#2040 = VECTOR ( 'NONE', #2392, 1000.000000000000000 ) ;
#2041 = DIRECTION ( 'NONE',  ( 1.000000000000000000, 0.0000000000000000000, -0.0000000000000000000 ) ) ;
#2042 = CARTESIAN_POINT ( 'NONE',  ( 0.0000000000000000000, 16.50000000000000000, -4.000000000000000888 ) ) ;
#2043 = DIRECTION ( 'NONE',  ( 0.0000000000000000000, 1.000000000000000000, 0.0000000000000000000 ) ) ;
#2044 = ADVANCED_FACE ( 'NONE', ( #329 ), #1245, .T. ) ;
#2045 =( NAMED_UNIT ( * ) PLANE_ANGLE_UNIT ( ) SI_UNIT ( $, .RADIAN. ) );
#2046 = EDGE_LOOP ( 'NONE', ( #964, #415, #3960, #317 ) ) ;
#2047 = CARTESIAN_POINT ( 'NONE',  ( 4.799999999999999822, -19.69999999999999929, -0.4000000000000001887 ) ) ;
#2048 = CARTESIAN_POINT ( 'NONE',  ( 0.5000000000000013323, -16.69999999999999929, -0.4000000000000001887 ) ) ;
#2049 = UNCERTAINTY_MEASURE_WITH_UNIT (LENGTH_MEASURE( 1.000000000000000082E-05 ), #5408, 'distance_accuracy_value', 'NONE');
#2050 =( NAMED_UNIT ( * ) SI_UNIT ( $, .STERADIAN. ) SOLID_ANGLE_UNIT ( ) );
#2051 = FILL_AREA_STYLE ('',( #1959 ) ) ;
#2052 =( NAMED_UNIT ( * ) PLANE_ANGLE_UNIT ( ) SI_UNIT ( $, .RADIAN. ) );
#2053 = CARTESIAN_POINT ( 'NONE',  ( 5.800000000000001599, -19.69999999999999929, 4.399999999999999467 ) ) ;
#2054 = ORIENTED_EDGE ( 'NONE', *, *, #2130, .F. ) ;
#2055 = CARTESIAN_POINT ( 'NONE',  ( 6.735557395310435121E-16, 11.50000000000000000, 5.499999999999994671 ) ) ;
#2056 = CARTESIAN_POINT ( 'NONE',  ( 4.799999999999999822, -19.69999999999999929, 0.4000000000000001887 ) ) ;
#2057 = CARTESIAN_POINT ( 'NONE',  ( -4.799999999999998934, -16.69999999999999929, 4.399999999999999467 ) ) ;
#2058 = DIRECTION ( 'NONE',  ( 0.5000000000000021094, 0.8660254037844374864, 0.0000000000000000000 ) ) ;
#2059 = ORIENTED_EDGE ( 'NONE', *, *, #4503, .F. ) ;
#2060 = EDGE_LOOP ( 'NONE', ( #3760, #2579, #2897 ) ) ;
#2061 = AXIS2_PLACEMENT_3D ( 'NONE', #1504, #2586, #3959 ) ;
#2062 = EDGE_CURVE ( 'NONE', #556, #3088, #2970, .T. ) ;
#2063 = DIRECTION ( 'NONE',  ( 0.0000000000000000000, 0.0000000000000000000, 1.000000000000000000 ) ) ;
#2064 = DIRECTION ( 'NONE',  ( 0.0000000000000000000, -1.000000000000000000, 0.0000000000000000000 ) ) ;
#2065 = ORIENTED_EDGE ( 'NONE', *, *, #3355, .F. ) ;
#2066 = ORIENTED_EDGE ( 'NONE', *, *, #3562, .T. ) ;
#2067 = AXIS2_PLACEMENT_3D ( 'NONE', #194, #2434, #1554 ) ;
#2068 = VECTOR ( 'NONE', #4409, 1000.000000000000000 ) ;
#2069 = EDGE_CURVE ( 'NONE', #1692, #2871, #2181, .T. ) ;
#2070 = DIRECTION ( 'NONE',  ( -0.0000000000000000000, -0.0000000000000000000, -1.000000000000000000 ) ) ;
#2071 = PLANE ( 'NONE',  #5582 ) ;
#2072 = MECHANICAL_DESIGN_GEOMETRIC_PRESENTATION_REPRESENTATION (  '', ( #2824 ), #1502 ) ;
#2073 = FILL_AREA_STYLE_COLOUR ( '', #1309 ) ;
#2074 = CIRCLE ( 'NONE', #4151, 8.500000000000003553 ) ;
#2075 = DIRECTION ( 'NONE',  ( -1.000000000000000000, 0.0000000000000000000, 0.0000000000000000000 ) ) ;
#2076 = DIRECTION ( 'NONE',  ( -2.891205793294679805E-16, 1.000000000000000000, 0.0000000000000000000 ) ) ;
#2077 = EDGE_CURVE ( 'NONE', #1076, #2806, #4780, .T. ) ;
#2078 = AXIS2_PLACEMENT_3D ( 'NONE', #5353, #4028, #1386 ) ;
#2079 = DIRECTION ( 'NONE',  ( 0.0000000000000000000, -0.0000000000000000000, 1.000000000000000000 ) ) ;
#2080 = AXIS2_PLACEMENT_3D ( 'NONE', #4264, #2448, #178 ) ;
#2081 = LINE ( 'NONE', #5328, #318 ) ;
#2082 = DIRECTION ( 'NONE',  ( 0.0000000000000000000, 0.0000000000000000000, 1.000000000000000000 ) ) ;
#2083 = DIRECTION ( 'NONE',  ( -0.0000000000000000000, -1.000000000000000000, -0.0000000000000000000 ) ) ;
#2084 = EDGE_LOOP ( 'NONE', ( #3455, #2260, #1225 ) ) ;
#2085 = DIRECTION ( 'NONE',  ( 0.0000000000000000000, 1.000000000000000000, 0.0000000000000000000 ) ) ;
#2086 = EDGE_CURVE ( 'NONE', #1378, #2006, #1184, .T. ) ;
#2087 = CARTESIAN_POINT ( 'NONE',  ( 4.107179676972443794, -15.50000000000000000, -4.399999999999999467 ) ) ;
#2088 = CARTESIAN_POINT ( 'NONE',  ( 4.799999999999998934, -15.50000000000000000, -5.200000000000000178 ) ) ;
#2089 =( GEOMETRIC_REPRESENTATION_CONTEXT ( 3 ) GLOBAL_UNCERTAINTY_ASSIGNED_CONTEXT ( ( #436 ) ) GLOBAL_UNIT_ASSIGNED_CONTEXT ( ( #1468, #510, #4198 ) ) REPRESENTATION_CONTEXT ( 'NONE', 'WORKASPACE' ) );
#2090 = ORIENTED_EDGE ( 'NONE', *, *, #2295, .T. ) ;
#2091 = AXIS2_PLACEMENT_3D ( 'NONE', #4510, #3691, #479 ) ;
#2092 = EDGE_LOOP ( 'NONE', ( #3000, #4685, #65, #4770 ) ) ;
#2093 = FILL_AREA_STYLE ('',( #394 ) ) ;
#2094 = FACE_OUTER_BOUND ( 'NONE', #1734, .T. ) ;
#2095 = CIRCLE ( 'NONE', #5396, 7.000000000000000888 ) ;
#2096 = FILL_AREA_STYLE_COLOUR ( '', #12 ) ;
#2097 = ORIENTED_EDGE ( 'NONE', *, *, #145, .T. ) ;
#2098 = VERTEX_POINT ( 'NONE', #2999 ) ;
#2099 =( GEOMETRIC_REPRESENTATION_CONTEXT ( 3 ) GLOBAL_UNCERTAINTY_ASSIGNED_CONTEXT ( ( #324 ) ) GLOBAL_UNIT_ASSIGNED_CONTEXT ( ( #5344, #3988, #3519 ) ) REPRESENTATION_CONTEXT ( 'NONE', 'WORKASPACE' ) );
#2100 = CARTESIAN_POINT ( 'NONE',  ( 0.0000000000000000000, 21.50000000000000000, -4.699999999999997513 ) ) ;
#2101 =( NAMED_UNIT ( * ) SI_UNIT ( $, .STERADIAN. ) SOLID_ANGLE_UNIT ( ) );
#2102 = LINE ( 'NONE', #2126, #1621 ) ;
#2103 = CARTESIAN_POINT ( 'NONE',  ( 4.041451884327377897, 4.500000000000000000, -7.000000000000000888 ) ) ;
#2104 = EDGE_CURVE ( 'NONE', #1319, #3964, #4914, .T. ) ;
#2105 = CARTESIAN_POINT ( 'NONE',  ( 0.0000000000000000000, 7.500000000000000000, 0.0000000000000000000 ) ) ;
#2106 = SURFACE_SIDE_STYLE ('',( #4359 ) ) ;
#2107 = UNCERTAINTY_MEASURE_WITH_UNIT (LENGTH_MEASURE( 1.000000000000000082E-05 ), #3709, 'distance_accuracy_value', 'NONE');
#2108 = DIRECTION ( 'NONE',  ( 0.0000000000000000000, 0.0000000000000000000, 1.000000000000000000 ) ) ;
#2109 = FILL_AREA_STYLE ('',( #779 ) ) ;
#2110 = ORIENTED_EDGE ( 'NONE', *, *, #4820, .T. ) ;
#2111 = CIRCLE ( 'NONE', #4194, 6.150000000000000355 ) ;
#2112 = FILL_AREA_STYLE ('',( #4389 ) ) ;
#2113 = SURFACE_STYLE_FILL_AREA ( #4786 ) ;
#2114 = PRESENTATION_LAYER_ASSIGNMENT (  '', '', ( #2489 ) ) ;
#2115 = ADVANCED_FACE ( 'NONE', ( #4805 ), #1721, .F. ) ;
#2116 = VERTEX_POINT ( 'NONE', #1364 ) ;
#2117 = STYLED_ITEM ( 'NONE', ( #125 ), #5695 ) ;
#2118 = VECTOR ( 'NONE', #2211, 1000.000000000000000 ) ;
#2119 = ORIENTED_EDGE ( 'NONE', *, *, #2313, .T. ) ;
#2120 = DIRECTION ( 'NONE',  ( 0.5000000000000021094, 0.8660254037844374864, 0.0000000000000000000 ) ) ;
#2121 = CARTESIAN_POINT ( 'NONE',  ( -4.041451884327381450, 7.790163190291657713, 7.000000000000000888 ) ) ;
#2122 = VERTEX_POINT ( 'NONE', #1896 ) ;
#2123 = ORIENTED_EDGE ( 'NONE', *, *, #5347, .F. ) ;
#2124 = COLOUR_RGB ( '',1.000000000000000000, 1.000000000000000000, 1.000000000000000000 ) ;
#2125 =( NAMED_UNIT ( * ) PLANE_ANGLE_UNIT ( ) SI_UNIT ( $, .RADIAN. ) );
#2126 = CARTESIAN_POINT ( 'NONE',  ( -9.800000000000002487, -1.499999999999999556, -8.500000000000000000 ) ) ;
#2127 = PLANE ( 'NONE',  #5783 ) ;
#2128 = CARTESIAN_POINT ( 'NONE',  ( -3.369740690737204503, 9.599829045643055281, 7.000000000000000888 ) ) ;
#2129 = CARTESIAN_POINT ( 'NONE',  ( -0.5000000000000004441, -19.69999999999999929, -5.200000000000000178 ) ) ;
#2130 = EDGE_CURVE ( 'NONE', #4367, #2691, #546, .T. ) ;
#2131 = DIRECTION ( 'NONE',  ( 2.891205793294679312E-16, -1.000000000000000000, -0.0000000000000000000 ) ) ;
#2132 =( NAMED_UNIT ( * ) PLANE_ANGLE_UNIT ( ) SI_UNIT ( $, .RADIAN. ) );
#2133 = CARTESIAN_POINT ( 'NONE',  ( 0.0000000000000000000, 5.500000000000000000, 0.0000000000000000000 ) ) ;
#2134 = ORIENTED_EDGE ( 'NONE', *, *, #5713, .F. ) ;
#2135 = COLOUR_RGB ( '',1.000000000000000000, 1.000000000000000000, 1.000000000000000000 ) ;
#2136 = CARTESIAN_POINT ( 'NONE',  ( 6.062177826491071286, 9.799999999999998934, -3.500000000000000888 ) ) ;
#2137 = EDGE_CURVE ( 'NONE', #1114, #1579, #414, .T. ) ;
#2138 = SURFACE_SIDE_STYLE ('',( #3955 ) ) ;
#2139 = DIRECTION ( 'NONE',  ( 1.000000000000000000, 0.0000000000000000000, -0.0000000000000000000 ) ) ;
#2140 = EDGE_LOOP ( 'NONE', ( #4019, #3418, #1918, #2592 ) ) ;
#2141 = AXIS2_PLACEMENT_3D ( 'NONE', #4210, #3373, #4267 ) ;
#2142 = FILL_AREA_STYLE ('',( #3447 ) ) ;
#2143 = VERTEX_POINT ( 'NONE', #3221 ) ;
#2144 = DIRECTION ( 'NONE',  ( -1.000000000000000000, 0.0000000000000000000, 0.0000000000000000000 ) ) ;
#2145 = CARTESIAN_POINT ( 'NONE',  ( -6.062177826491073063, 7.500000000000000000, 3.499999999999998224 ) ) ;
#2146 = VERTEX_POINT ( 'NONE', #4548 ) ;
#2147 = EDGE_LOOP ( 'NONE', ( #1998, #205 ) ) ;
#2148 = CARTESIAN_POINT ( 'NONE',  ( 6.062177826491067734, 9.799999999999998934, 3.499999999999999556 ) ) ;
#2149 = ADVANCED_FACE ( 'NONE', ( #3168 ), #5567, .T. ) ;
#2150 = FACE_OUTER_BOUND ( 'NONE', #5383, .T. ) ;
#2151 = DIRECTION ( 'NONE',  ( 0.0000000000000000000, 0.0000000000000000000, 1.000000000000000000 ) ) ;
#2152 = UNCERTAINTY_MEASURE_WITH_UNIT (LENGTH_MEASURE( 1.000000000000000082E-05 ), #1869, 'distance_accuracy_value', 'NONE');
#2153 = AXIS2_PLACEMENT_3D ( 'NONE', #3391, #1137, #1529 ) ;
#2154 = CARTESIAN_POINT ( 'NONE',  ( 0.0000000000000000000, 4.500000000000000000, 0.0000000000000000000 ) ) ;
#2155 = DIRECTION ( 'NONE',  ( 0.0000000000000000000, 1.000000000000000000, 0.0000000000000000000 ) ) ;
#2156 = ORIENTED_EDGE ( 'NONE', *, *, #2223, .T. ) ;
#2157 = VECTOR ( 'NONE', #4087, 1000.000000000000000 ) ;
#2158 = AXIS2_PLACEMENT_3D ( 'NONE', #5736, #3956, #4811 ) ;
#2159 = EDGE_LOOP ( 'NONE', ( #2861, #2036, #842 ) ) ;
#2160 = EDGE_CURVE ( 'NONE', #1743, #3282, #2726, .T. ) ;
#2161 = EDGE_LOOP ( 'NONE', ( #5778, #235, #3513, #5643, #1115, #731 ) ) ;
#2162 = CONICAL_SURFACE ( 'NONE', #2554, 7.000000000000000888, 1.308996938995750092 ) ;
#2163 = PLANE ( 'NONE',  #5510 ) ;
#2164 = CARTESIAN_POINT ( 'NONE',  ( 0.0000000000000000000, 5.500000000000000000, -7.500000000000000000 ) ) ;
#2165 = ORIENTED_EDGE ( 'NONE', *, *, #2216, .T. ) ;
#2166 = PRESENTATION_LAYER_ASSIGNMENT (  '', '', ( #99 ) ) ;
#2167 = ORIENTED_EDGE ( 'NONE', *, *, #3764, .T. ) ;
#2168 = VERTEX_POINT ( 'NONE', #5013 ) ;
#2169 = B_SPLINE_CURVE_WITH_KNOTS ( 'NONE', 3,
 ( #1770, #2268, #31, #1832 ),
 .UNSPECIFIED., .F., .F.,
 ( 4, 4 ),
 ( 0.004041682824435054514, 0.008083134708762434659 ),
 .UNSPECIFIED. ) ;
#2170 =( GEOMETRIC_REPRESENTATION_CONTEXT ( 3 ) GLOBAL_UNCERTAINTY_ASSIGNED_CONTEXT ( ( #5725 ) ) GLOBAL_UNIT_ASSIGNED_CONTEXT ( ( #5474, #2749, #2240 ) ) REPRESENTATION_CONTEXT ( 'NONE', 'WORKASPACE' ) );
#2171 = DIRECTION ( 'NONE',  ( 0.0000000000000000000, -1.000000000000000000, 0.0000000000000000000 ) ) ;
#2172 = CARTESIAN_POINT ( 'NONE',  ( -4.041451884327383226, 9.799999999999998934, -7.000000000000000000 ) ) ;
#2173 = LINE ( 'NONE', #5815, #2157 ) ;
#2174 = EDGE_CURVE ( 'NONE', #3829, #2235, #2212, .T. ) ;
#2175 = AXIS2_PLACEMENT_3D ( 'NONE', #2895, #2409, #107 ) ;
#2176 =( LENGTH_UNIT ( ) NAMED_UNIT ( * ) SI_UNIT ( .MILLI., .METRE. ) );
#2177 = CARTESIAN_POINT ( 'NONE',  ( -1.192820323027555807, -15.50000000000000000, 4.399999999999999467 ) ) ;
#2178 = CIRCLE ( 'NONE', #5498, 5.000000000000000888 ) ;
#2179 =( LENGTH_UNIT ( ) NAMED_UNIT ( * ) SI_UNIT ( .MILLI., .METRE. ) );
#2180 = DIRECTION ( 'NONE',  ( 0.0000000000000000000, 1.000000000000000000, 0.0000000000000000000 ) ) ;
#2181 = LINE ( 'NONE', #4845, #3768 ) ;
#2182 = ORIENTED_EDGE ( 'NONE', *, *, #3423, .F. ) ;
#2183 = EDGE_CURVE ( 'NONE', #3448, #5587, #4382, .T. ) ;
#2184 = VECTOR ( 'NONE', #217, 1000.000000000000000 ) ;
#2185 = SURFACE_SIDE_STYLE ('',( #4471 ) ) ;
#2186 = FILL_AREA_STYLE ('',( #3621 ) ) ;
#2187 = PRESENTATION_STYLE_ASSIGNMENT (( #387 ) ) ;
#2188 = PRESENTATION_STYLE_ASSIGNMENT (( #5765 ) ) ;
#2189 = UNCERTAINTY_MEASURE_WITH_UNIT (LENGTH_MEASURE( 1.000000000000000082E-05 ), #5256, 'distance_accuracy_value', 'NONE');
#2190 = CARTESIAN_POINT ( 'NONE',  ( 4.041451884327378785, 9.509836809708341221, 6.999999999999998224 ) ) ;
#2191 = ORIENTED_EDGE ( 'NONE', *, *, #1001, .F. ) ;
#2192 = STYLED_ITEM ( 'NONE', ( #1268 ), #5485 ) ;
#2193 = CARTESIAN_POINT ( 'NONE',  ( 4.799999999999998934, -16.69999999999999929, -4.399999999999999467 ) ) ;
#2194 =( GEOMETRIC_REPRESENTATION_CONTEXT ( 3 ) GLOBAL_UNCERTAINTY_ASSIGNED_CONTEXT ( ( #4711 ) ) GLOBAL_UNIT_ASSIGNED_CONTEXT ( ( #1314, #1200, #3480 ) ) REPRESENTATION_CONTEXT ( 'NONE', 'WORKASPACE' ) );
#2195 = DIRECTION ( 'NONE',  ( 1.000000000000000000, 2.891205793294679805E-16, -0.0000000000000000000 ) ) ;
#2196 = CARTESIAN_POINT ( 'NONE',  ( -4.715027198381943840, 4.390320771151004386, 5.833333333333333037 ) ) ;
#2197 = SURFACE_STYLE_FILL_AREA ( #5373 ) ;
#2198 = VECTOR ( 'NONE', #5449, 1000.000000000000000 ) ;
#2199 = ORIENTED_EDGE ( 'NONE', *, *, #2956, .F. ) ;
#2200 = MECHANICAL_DESIGN_GEOMETRIC_PRESENTATION_REPRESENTATION (  '', ( #1735 ), #5714 ) ;
#2201 = ORIENTED_EDGE ( 'NONE', *, *, #3731, .T. ) ;
#2202 = VECTOR ( 'NONE', #5758, 1000.000000000000000 ) ;
#2203 = EDGE_CURVE ( 'NONE', #281, #2820, #3193, .T. ) ;
#2204 = FILL_AREA_STYLE_COLOUR ( '', #2262 ) ;
#2205 = CARTESIAN_POINT ( 'NONE',  ( 4.041451884327379673, 7.790163190291658601, -7.000000000000000888 ) ) ;
#2206 =( NAMED_UNIT ( * ) SI_UNIT ( $, .STERADIAN. ) SOLID_ANGLE_UNIT ( ) );
#2207 = ORIENTED_EDGE ( 'NONE', *, *, #4358, .F. ) ;
#2208 = ORIENTED_EDGE ( 'NONE', *, *, #1958, .F. ) ;
#2209 = EDGE_CURVE ( 'NONE', #292, #357, #5766, .T. ) ;
#2210 = UNCERTAINTY_MEASURE_WITH_UNIT (LENGTH_MEASURE( 1.000000000000000082E-05 ), #3992, 'distance_accuracy_value', 'NONE');
#2211 = DIRECTION ( 'NONE',  ( -0.0000000000000000000, -0.0000000000000000000, -1.000000000000000000 ) ) ;
#2212 = LINE ( 'NONE', #2271, #4715 ) ;
#2213 = EDGE_LOOP ( 'NONE', ( #5294, #2182, #1526, #5345, #2398, #4707 ) ) ;
#2214 =( GEOMETRIC_REPRESENTATION_CONTEXT ( 3 ) GLOBAL_UNCERTAINTY_ASSIGNED_CONTEXT ( ( #4276 ) ) GLOBAL_UNIT_ASSIGNED_CONTEXT ( ( #759, #3961, #3098 ) ) REPRESENTATION_CONTEXT ( 'NONE', 'WORKASPACE' ) );
#2215 = DIRECTION ( 'NONE',  ( 0.0000000000000000000, 0.0000000000000000000, -1.000000000000000000 ) ) ;
#2216 = EDGE_CURVE ( 'NONE', #4278, #1076, #1301, .T. ) ;
#2217 = CYLINDRICAL_SURFACE ( 'NONE', #5889, 6.250000000000000000 ) ;
#2218 = PRESENTATION_LAYER_ASSIGNMENT (  '', '', ( #1085 ) ) ;
#2219 = CARTESIAN_POINT ( 'NONE',  ( 6.062177826491067734, 9.799999999999998934, 3.499999999999999556 ) ) ;
#2220 = VERTEX_POINT ( 'NONE', #2782 ) ;
#2221 = B_SPLINE_CURVE_WITH_KNOTS ( 'NONE', 3,
 ( #1987, #5109, #1482, #3792 ),
 .UNSPECIFIED., .F., .F.,
 ( 4, 4 ),
 ( 2.309401076756360087E-07, 0.004041682824435055381 ),
 .UNSPECIFIED. ) ;
#2222 =( GEOMETRIC_REPRESENTATION_CONTEXT ( 3 ) GLOBAL_UNCERTAINTY_ASSIGNED_CONTEXT ( ( #5703 ) ) GLOBAL_UNIT_ASSIGNED_CONTEXT ( ( #2946, #3667, #3804 ) ) REPRESENTATION_CONTEXT ( 'NONE', 'WORKASPACE' ) );
#2223 = EDGE_CURVE ( 'NONE', #2516, #3297, #864, .T. ) ;
#2224 = SURFACE_STYLE_FILL_AREA ( #5058 ) ;
#2225 = DIRECTION ( 'NONE',  ( -0.5000000000000002220, 0.0000000000000000000, 0.8660254037844385966 ) ) ;
#2226 = MECHANICAL_DESIGN_GEOMETRIC_PRESENTATION_REPRESENTATION (  '', ( #4797 ), #2802 ) ;
#2227 = ORIENTED_EDGE ( 'NONE', *, *, #4391, .T. ) ;
#2228 = ORIENTED_EDGE ( 'NONE', *, *, #4722, .F. ) ;
#2229 = EDGE_CURVE ( 'NONE', #1931, #4535, #651, .T. ) ;
#2230 =( LENGTH_UNIT ( ) NAMED_UNIT ( * ) SI_UNIT ( .MILLI., .METRE. ) );
#2231 = SURFACE_STYLE_USAGE ( .BOTH. , #428 ) ;
#2232 = FILL_AREA_STYLE ('',( #5350 ) ) ;
#2233 = LINE ( 'NONE', #2719, #5589 ) ;
#2234 = CARTESIAN_POINT ( 'NONE',  ( 0.5000000000000013323, -19.69999999999999929, 0.4000000000000001887 ) ) ;
#2235 = VERTEX_POINT ( 'NONE', #1772 ) ;
#2236 = FILL_AREA_STYLE ('',( #4516 ) ) ;
#2237 = ADVANCED_FACE ( 'NONE', ( #3594 ), #90, .F. ) ;
#2238 = ORIENTED_EDGE ( 'NONE', *, *, #5249, .T. ) ;
#2239 = CARTESIAN_POINT ( 'NONE',  ( -4.107179676972443794, -15.50000000000000000, 5.200000000000000178 ) ) ;
#2240 =( NAMED_UNIT ( * ) SI_UNIT ( $, .STERADIAN. ) SOLID_ANGLE_UNIT ( ) );
#2241 = DIRECTION ( 'NONE',  ( 0.0000000000000000000, 1.000000000000000000, 0.0000000000000000000 ) ) ;
#2242 = CARTESIAN_POINT ( 'NONE',  ( 4.041451884327379673, 7.790163190291658601, -7.000000000000000888 ) ) ;
#2243 = VERTEX_POINT ( 'NONE', #5594 ) ;
#2244 =( NAMED_UNIT ( * ) SI_UNIT ( $, .STERADIAN. ) SOLID_ANGLE_UNIT ( ) );
#2245 = SURFACE_SIDE_STYLE ('',( #4905 ) ) ;
#2246 = LINE ( 'NONE', #3676, #230 ) ;
#2247 = DIRECTION ( 'NONE',  ( -0.0000000000000000000, -1.000000000000000000, -0.0000000000000000000 ) ) ;
#2248 = DIRECTION ( 'NONE',  ( 0.0000000000000000000, 1.000000000000000000, 0.0000000000000000000 ) ) ;
#2249 = AXIS2_PLACEMENT_3D ( 'NONE', #827, #2569, #4377 ) ;
#2250 = CARTESIAN_POINT ( 'NONE',  ( 4.715027198381942064, 9.690320771151004209, 5.833333333333332149 ) ) ;
#2251 = ORIENTED_EDGE ( 'NONE', *, *, #5155, .T. ) ;
#2252 = LINE ( 'NONE', #8, #49 ) ;
#2253 = SURFACE_STYLE_USAGE ( .BOTH. , #920 ) ;
#2254 = DIRECTION ( 'NONE',  ( 0.0000000000000000000, 0.0000000000000000000, 1.000000000000000000 ) ) ;
#2255 = MECHANICAL_DESIGN_GEOMETRIC_PRESENTATION_REPRESENTATION (  '', ( #4434 ), #1881 ) ;
#2256 = CIRCLE ( 'NONE', #3122, 6.250000000000000000 ) ;
#2257 = LINE ( 'NONE', #3156, #2272 ) ;
#2258 = EDGE_LOOP ( 'NONE', ( #885, #5024, #4036, #5333 ) ) ;
#2259 = UNCERTAINTY_MEASURE_WITH_UNIT (LENGTH_MEASURE( 1.000000000000000082E-05 ), #965, 'distance_accuracy_value', 'NONE');
#2260 = ORIENTED_EDGE ( 'NONE', *, *, #277, .T. ) ;
#2261 = DIRECTION ( 'NONE',  ( -0.0000000000000000000, -1.000000000000000000, -0.0000000000000000000 ) ) ;
#2262 = COLOUR_RGB ( '',1.000000000000000000, 1.000000000000000000, 1.000000000000000000 ) ;
#2263 = LINE ( 'NONE', #21, #2270 ) ;
#2264 = ORIENTED_EDGE ( 'NONE', *, *, #2086, .T. ) ;
#2265 = ORIENTED_EDGE ( 'NONE', *, *, #3279, .F. ) ;
#2266 = MECHANICAL_DESIGN_GEOMETRIC_PRESENTATION_REPRESENTATION (  '', ( #675 ), #2170 ) ;
#2267 = LINE ( 'NONE', #55, #5617 ) ;
#2268 = CARTESIAN_POINT ( 'NONE',  ( 6.735753140545631901, 4.500000000000000888, 2.333333333333333925 ) ) ;
#2269 = CARTESIAN_POINT ( 'NONE',  ( 0.0000000000000000000, 11.50000000000000000, -5.499999999999994671 ) ) ;
#2270 = VECTOR ( 'NONE', #1291, 1000.000000000000000 ) ;
#2271 = CARTESIAN_POINT ( 'NONE',  ( -4.799999999999998934, -19.69999999999999929, 0.4000000000000001887 ) ) ;
#2272 = VECTOR ( 'NONE', #4886, 1000.000000000000000 ) ;
#2273 = DIRECTION ( 'NONE',  ( -0.0000000000000000000, -0.0000000000000000000, -1.000000000000000000 ) ) ;
#2274 = CARTESIAN_POINT ( 'NONE',  ( -4.799999999999998934, -19.69999999999999929, 0.4000000000000001887 ) ) ;
#2275 =( NAMED_UNIT ( * ) PLANE_ANGLE_UNIT ( ) SI_UNIT ( $, .RADIAN. ) );
#2276 = DIRECTION ( 'NONE',  ( 0.0000000000000000000, 1.000000000000000000, 0.0000000000000000000 ) ) ;
#2277 = CIRCLE ( 'NONE', #1147, 5.499999999999994671 ) ;
#2278 = ORIENTED_EDGE ( 'NONE', *, *, #104, .T. ) ;
#2279 = ORIENTED_EDGE ( 'NONE', *, *, #4973, .F. ) ;
#2280 = CARTESIAN_POINT ( 'NONE',  ( 4.041451884327378785, 4.209836809708341399, -7.000000000000000888 ) ) ;
#2281 = EDGE_CURVE ( 'NONE', #3227, #3270, #589, .T. ) ;
#2282 = DIRECTION ( 'NONE',  ( -1.000000000000000000, 0.0000000000000000000, 0.0000000000000000000 ) ) ;
#2283 = ORIENTED_EDGE ( 'NONE', *, *, #2475, .T. ) ;
#2284 = ORIENTED_EDGE ( 'NONE', *, *, #4996, .F. ) ;
#2285 = MECHANICAL_DESIGN_GEOMETRIC_PRESENTATION_REPRESENTATION (  '', ( #485 ), #2483 ) ;
#2286 = ORIENTED_EDGE ( 'NONE', *, *, #2183, .T. ) ;
#2287 = FACE_OUTER_BOUND ( 'NONE', #1819, .T. ) ;
#2288 = AXIS2_PLACEMENT_3D ( 'NONE', #5737, #3174, #946 ) ;
#2289 = CARTESIAN_POINT ( 'NONE',  ( 0.0000000000000000000, 21.19999999999999574, -5.000000000000000888 ) ) ;
#2290 = DIRECTION ( 'NONE',  ( 0.0000000000000000000, 1.000000000000000000, 0.0000000000000000000 ) ) ;
#2291 = LINE ( 'NONE', #2234, #4617 ) ;
#2292 =( GEOMETRIC_REPRESENTATION_CONTEXT ( 3 ) GLOBAL_UNCERTAINTY_ASSIGNED_CONTEXT ( ( #3700 ) ) GLOBAL_UNIT_ASSIGNED_CONTEXT ( ( #1929, #1484, #5082 ) ) REPRESENTATION_CONTEXT ( 'NONE', 'WORKASPACE' ) );
#2293 = ORIENTED_EDGE ( 'NONE', *, *, #1412, .F. ) ;
#2294 = PRESENTATION_LAYER_ASSIGNMENT (  '', '', ( #601 ) ) ;
#2295 = EDGE_CURVE ( 'NONE', #224, #977, #1923, .T. ) ;
#2296 = DIRECTION ( 'NONE',  ( 0.0000000000000000000, 0.0000000000000000000, 1.000000000000000000 ) ) ;
#2297 = DIRECTION ( 'NONE',  ( 0.0000000000000000000, -0.0000000000000000000, 1.000000000000000000 ) ) ;
#2298 = LINE ( 'NONE', #4467, #185 ) ;
#2299 = ORIENTED_EDGE ( 'NONE', *, *, #4518, .F. ) ;
#2300 = EDGE_CURVE ( 'NONE', #5142, #3964, #4584, .T. ) ;
#2301 = LINE ( 'NONE', #2814, #2040 ) ;
#2302 =( NAMED_UNIT ( * ) PLANE_ANGLE_UNIT ( ) SI_UNIT ( $, .RADIAN. ) );
#2303 = LINE ( 'NONE', #3650, #5210 ) ;
#2304 = COLOUR_RGB ( '',0.0000000000000000000, 0.0000000000000000000, 0.7529411764705882248 ) ;
#2305 = ORIENTED_EDGE ( 'NONE', *, *, #3663, .T. ) ;
#2306 = FILL_AREA_STYLE_COLOUR ( '', #2998 ) ;
#2307 = VECTOR ( 'NONE', #5836, 1000.000000000000000 ) ;
#2308 = CARTESIAN_POINT ( 'NONE',  ( 2.253471898105739434E-15, 7.500000000000000000, 7.000000000000000888 ) ) ;
#2309 = CARTESIAN_POINT ( 'NONE',  ( -4.799999999999998934, -19.69999999999999929, -4.399999999999999467 ) ) ;
#2310 = UNCERTAINTY_MEASURE_WITH_UNIT (LENGTH_MEASURE( 1.000000000000000082E-05 ), #5342, 'distance_accuracy_value', 'NONE');
#2311 = ORIENTED_EDGE ( 'NONE', *, *, #3410, .F. ) ;
#2312 = ORIENTED_EDGE ( 'NONE', *, *, #2543, .F. ) ;
#2313 = EDGE_CURVE ( 'NONE', #2871, #5557, #1026, .T. ) ;
#2314 = CARTESIAN_POINT ( 'NONE',  ( 0.0000000000000000000, 7.500000000000000000, 0.0000000000000000000 ) ) ;
#2315 = ADVANCED_FACE ( 'NONE', ( #1452 ), #2844, .F. ) ;
#2316 = LINE ( 'NONE', #4136, #4361 ) ;
#2317 = VERTEX_POINT ( 'NONE', #1059 ) ;
#2318 = CARTESIAN_POINT ( 'NONE',  ( 1.192820323027555807, -15.50000000000000000, -0.4000000000000001887 ) ) ;
#2319 = STYLED_ITEM ( 'NONE', ( #5311 ), #838 ) ;
#2320 = ORIENTED_EDGE ( 'NONE', *, *, #5113, .F. ) ;
#2321 = ADVANCED_FACE ( 'NONE', ( #153, #2421 ), #4295, .T. ) ;
#2322 = UNCERTAINTY_MEASURE_WITH_UNIT (LENGTH_MEASURE( 1.000000000000000082E-05 ), #1251, 'distance_accuracy_value', 'NONE');
#2323 = SURFACE_STYLE_USAGE ( .BOTH. , #1921 ) ;
#2324 = FACE_OUTER_BOUND ( 'NONE', #517, .T. ) ;
#2325 = DIRECTION ( 'NONE',  ( -0.0000000000000000000, -1.000000000000000000, -0.0000000000000000000 ) ) ;
#2326 = CARTESIAN_POINT ( 'NONE',  ( 0.0000000000000000000, 5.500000000000000000, 0.0000000000000000000 ) ) ;
#2327 = ADVANCED_FACE ( 'NONE', ( #4641 ), #3371, .F. ) ;
#2328 = CARTESIAN_POINT ( 'NONE',  ( 4.799999999999999822, -19.69999999999999929, 5.200000000000000178 ) ) ;
#2329 = LINE ( 'NONE', #1455, #4871 ) ;
#2330 = DIRECTION ( 'NONE',  ( 0.0000000000000000000, -1.000000000000000000, 0.0000000000000000000 ) ) ;
#2331 = PLANE ( 'NONE',  #1265 ) ;
#2332 = COLOUR_RGB ( '',1.000000000000000000, 1.000000000000000000, 1.000000000000000000 ) ;
#2333 = DIRECTION ( 'NONE',  ( -0.0000000000000000000, 1.000000000000000000, 0.0000000000000000000 ) ) ;
#2334 = CARTESIAN_POINT ( 'NONE',  ( 6.062177826491069510, 7.500000000000000000, 3.500000000000001332 ) ) ;
#2335 = AXIS2_PLACEMENT_3D ( 'NONE', #2577, #351, #2082 ) ;
#2336 = ADVANCED_FACE ( 'NONE', ( #2480 ), #3255, .F. ) ;
#2337 = CARTESIAN_POINT ( 'NONE',  ( -5.800000000000001599, -16.69999999999999929, -4.399999999999999467 ) ) ;
#2338 = ORIENTED_EDGE ( 'NONE', *, *, #711, .F. ) ;
#2339 = ORIENTED_EDGE ( 'NONE', *, *, #2526, .T. ) ;
#2340 = PRESENTATION_LAYER_ASSIGNMENT (  '', '', ( #3875 ) ) ;
#2341 = VECTOR ( 'NONE', #1006, 1000.000000000000000 ) ;
#2342 = CARTESIAN_POINT ( 'NONE',  ( 8.300000000000000711, -16.69999999999999929, 7.000000000000000888 ) ) ;
#2343 = DIRECTION ( 'NONE',  ( 0.0000000000000000000, 0.0000000000000000000, 1.000000000000000000 ) ) ;
#2344 =( BOUNDED_CURVE ( )  B_SPLINE_CURVE ( 3, ( #609, #3299, #637, #4167 ),
 .UNSPECIFIED., .F., .T. ) 
 B_SPLINE_CURVE_WITH_KNOTS ( ( 4, 4 ),
 ( 4.712388980384689674, 4.804896909790145720 ),
 .UNSPECIFIED. ) 
 CURVE ( )  GEOMETRIC_REPRESENTATION_ITEM ( )  RATIONAL_B_SPLINE_CURVE ( ( 1.000000000000000000, 0.9992869840506238832, 0.9992869840506238832, 1.000000000000000000 ) ) 
 REPRESENTATION_ITEM ( '' )  );
#2345 = CARTESIAN_POINT ( 'NONE',  ( -5.800000000000000711, -19.69999999999999929, 5.200000000000000178 ) ) ;
#2346 = AXIS2_PLACEMENT_3D ( 'NONE', #569, #695, #2433 ) ;
#2347 = AXIS2_PLACEMENT_3D ( 'NONE', #3378, #2022, #3319 ) ;
#2348 = ORIENTED_EDGE ( 'NONE', *, *, #809, .F. ) ;
#2349 = ORIENTED_EDGE ( 'NONE', *, *, #2069, .T. ) ;
#2350 = ORIENTED_EDGE ( 'NONE', *, *, #4936, .T. ) ;
#2351 = CARTESIAN_POINT ( 'NONE',  ( 7.347880794884120722E-16, 0.0000000000000000000, 6.000000000000000888 ) ) ;
#2352 = CARTESIAN_POINT ( 'NONE',  ( 0.0000000000000000000, 7.500000000000000000, 0.0000000000000000000 ) ) ;
#2353 = EDGE_CURVE ( 'NONE', #5439, #2168, #3771, .T. ) ;
#2354 = CARTESIAN_POINT ( 'NONE',  ( 0.0000000000000000000, 2.199999999999999734, 0.0000000000000000000 ) ) ;
#2355 = DIRECTION ( 'NONE',  ( 0.0000000000000000000, 0.0000000000000000000, -1.000000000000000000 ) ) ;
#2356 = EDGE_CURVE ( 'NONE', #281, #166, #5420, .T. ) ;
#2357 =( LENGTH_UNIT ( ) NAMED_UNIT ( * ) SI_UNIT ( .MILLI., .METRE. ) );
#2358 = ORIENTED_EDGE ( 'NONE', *, *, #406, .F. ) ;
#2359 =( LENGTH_UNIT ( ) NAMED_UNIT ( * ) SI_UNIT ( .MILLI., .METRE. ) );
#2360 = CARTESIAN_POINT ( 'NONE',  ( -4.041451884327381450, 4.209836809708342287, 7.000000000000000888 ) ) ;
#2361 = DIRECTION ( 'NONE',  ( 0.0000000000000000000, 0.0000000000000000000, 1.000000000000000000 ) ) ;
#2362 = CIRCLE ( 'NONE', #2656, 7.000000000000000888 ) ;
#2363 =( NAMED_UNIT ( * ) SI_UNIT ( $, .STERADIAN. ) SOLID_ANGLE_UNIT ( ) );
#2364 = DIRECTION ( 'NONE',  ( 0.0000000000000000000, 0.0000000000000000000, -1.000000000000000000 ) ) ;
#2365 = STYLED_ITEM ( 'NONE', ( #3194 ), #4047 ) ;
#2366 = DIRECTION ( 'NONE',  ( 0.0000000000000000000, 0.0000000000000000000, -1.000000000000000000 ) ) ;
#2367 = PRESENTATION_STYLE_ASSIGNMENT (( #5199 ) ) ;
#2368 = COLOUR_RGB ( '',1.000000000000000000, 1.000000000000000000, 1.000000000000000000 ) ;
#2369 = DIRECTION ( 'NONE',  ( 0.8660254037844387076, -0.0000000000000000000, 0.4999999999999998335 ) ) ;
#2370 = DIRECTION ( 'NONE',  ( 0.8660254037844374864, 0.5000000000000021094, -0.0000000000000000000 ) ) ;
#2371 = ORIENTED_EDGE ( 'NONE', *, *, #3672, .F. ) ;
#2372 = EDGE_LOOP ( 'NONE', ( #1134, #1311, #5497, #7 ) ) ;
#2373 = VERTEX_POINT ( 'NONE', #3021 ) ;
#2374 = CARTESIAN_POINT ( 'NONE',  ( -0.5000000000000013323, -16.69999999999999929, 5.200000000000000178 ) ) ;
#2375 = COLOUR_RGB ( '',1.000000000000000000, 1.000000000000000000, 1.000000000000000000 ) ;
#2376 = CARTESIAN_POINT ( 'NONE',  ( 5.800000000000001599, -19.69999999999999929, 0.4000000000000001887 ) ) ;
#2377 = FILL_AREA_STYLE_COLOUR ( '', #5143 ) ;
#2378 = COLOUR_RGB ( '',1.000000000000000000, 1.000000000000000000, 1.000000000000000000 ) ;
#2379 = AXIS2_PLACEMENT_3D ( 'NONE', #2524, #2195, #4341 ) ;
#2380 = VERTEX_POINT ( 'NONE', #3946 ) ;
#2381 = ORIENTED_EDGE ( 'NONE', *, *, #1133, .F. ) ;
#2382 = ORIENTED_EDGE ( 'NONE', *, *, #603, .T. ) ;
#2383 = CIRCLE ( 'NONE', #2873, 6.000000000000000888 ) ;
#2384 = DIRECTION ( 'NONE',  ( -0.0000000000000000000, -1.000000000000000000, -0.0000000000000000000 ) ) ;
#2385 = PRODUCT_DEFINITION_SHAPE ( 'NONE', 'NONE',  #4583 ) ;
#2386 = SURFACE_STYLE_FILL_AREA ( #4638 ) ;
#2387 =( LENGTH_UNIT ( ) NAMED_UNIT ( * ) SI_UNIT ( .MILLI., .METRE. ) );
#2388 = VERTEX_POINT ( 'NONE', #773 ) ;
#2389 = STYLED_ITEM ( 'NONE', ( #3891 ), #5779 ) ;
#2390 = VECTOR ( 'NONE', #748, 1000.000000000000000 ) ;
#2391 = EDGE_CURVE ( 'NONE', #699, #5587, #3020, .T. ) ;
#2392 = DIRECTION ( 'NONE',  ( 0.0000000000000000000, 1.000000000000000000, 0.0000000000000000000 ) ) ;
#2393 = DIRECTION ( 'NONE',  ( 0.0000000000000000000, 0.0000000000000000000, -1.000000000000000000 ) ) ;
#2394 = DIRECTION ( 'NONE',  ( 0.0000000000000000000, 0.0000000000000000000, -1.000000000000000000 ) ) ;
#2395 =( NAMED_UNIT ( * ) PLANE_ANGLE_UNIT ( ) SI_UNIT ( $, .RADIAN. ) );
#2396 =( LENGTH_UNIT ( ) NAMED_UNIT ( * ) SI_UNIT ( .MILLI., .METRE. ) );
#2397 = FILL_AREA_STYLE_COLOUR ( '', #4929 ) ;
#2398 = ORIENTED_EDGE ( 'NONE', *, *, #1187, .F. ) ;
#2399 = PLANE ( 'NONE',  #2739 ) ;
#2400 = MECHANICAL_DESIGN_GEOMETRIC_PRESENTATION_REPRESENTATION (  '', ( #4483 ), #5162 ) ;
#2401 = DIRECTION ( 'NONE',  ( 0.0000000000000000000, 1.000000000000000000, 0.0000000000000000000 ) ) ;
#2402 = VERTEX_POINT ( 'NONE', #746 ) ;
#2403 = VERTEX_POINT ( 'NONE', #3493 ) ;
#2404 = AXIS2_PLACEMENT_3D ( 'NONE', #1430, #5055, #664 ) ;
#2405 = DIRECTION ( 'NONE',  ( 0.0000000000000000000, 0.0000000000000000000, 1.000000000000000000 ) ) ;
#2406 = ADVANCED_FACE ( 'NONE', ( #5303 ), #1236, .F. ) ;
#2407 = CARTESIAN_POINT ( 'NONE',  ( 5.800000000000001599, -16.69999999999999929, -0.4000000000000001887 ) ) ;
#2408 = FACE_OUTER_BOUND ( 'NONE', #2471, .T. ) ;
#2409 = DIRECTION ( 'NONE',  ( 0.0000000000000000000, 1.000000000000000000, 0.0000000000000000000 ) ) ;
#2410 = COLOUR_RGB ( '',0.7529411764705882248, 0.7529411764705882248, 0.7529411764705882248 ) ;
#2411 =( NAMED_UNIT ( * ) SI_UNIT ( $, .STERADIAN. ) SOLID_ANGLE_UNIT ( ) );
#2412 = ORIENTED_EDGE ( 'NONE', *, *, #3010, .T. ) ;
#2413 = ADVANCED_FACE ( 'NONE', ( #5851 ), #23, .F. ) ;
#2414 = ORIENTED_EDGE ( 'NONE', *, *, #990, .T. ) ;
#2415 = PLANE ( 'NONE',  #4421 ) ;
#2416 = ORIENTED_EDGE ( 'NONE', *, *, #4348, .T. ) ;
#2417 = PRESENTATION_LAYER_ASSIGNMENT (  '', '', ( #4491 ) ) ;
#2418 =( NAMED_UNIT ( * ) SI_UNIT ( $, .STERADIAN. ) SOLID_ANGLE_UNIT ( ) );
#2419 = FILL_AREA_STYLE_COLOUR ( '', #3134 ) ;
#2420 = DIRECTION ( 'NONE',  ( 0.0000000000000000000, 0.0000000000000000000, -1.000000000000000000 ) ) ;
#2421 = FACE_OUTER_BOUND ( 'NONE', #4174, .T. ) ;
#2422 = ORIENTED_EDGE ( 'NONE', *, *, #1979, .F. ) ;
#2423 = EDGE_CURVE ( 'NONE', #5680, #2030, #482, .T. ) ;
#2424 = MECHANICAL_DESIGN_GEOMETRIC_PRESENTATION_REPRESENTATION (  '', ( #907 ), #160 ) ;
#2425 = FILL_AREA_STYLE ('',( #622 ) ) ;
#2426 = DIRECTION ( 'NONE',  ( 0.0000000000000000000, -1.000000000000000000, 0.0000000000000000000 ) ) ;
#2427 = CARTESIAN_POINT ( 'NONE',  ( 5.800000000000001599, -16.69999999999999929, -4.399999999999999467 ) ) ;
#2428 = CARTESIAN_POINT ( 'NONE',  ( 1.192820323027555807, -15.50000000000000000, 0.4000000000000001887 ) ) ;
#2429 = ADVANCED_FACE ( 'NONE', ( #1325 ), #50, .T. ) ;
#2430 = PRESENTATION_LAYER_ASSIGNMENT (  '', '', ( #1490 ) ) ;
#2431 = ORIENTED_EDGE ( 'NONE', *, *, #170, .F. ) ;
#2432 =( NAMED_UNIT ( * ) SI_UNIT ( $, .STERADIAN. ) SOLID_ANGLE_UNIT ( ) );
#2433 = DIRECTION ( 'NONE',  ( -0.5000000000000021094, -0.8660254037844374864, 0.0000000000000000000 ) ) ;
#2434 = DIRECTION ( 'NONE',  ( 0.8660254037844374864, 0.5000000000000021094, -0.0000000000000000000 ) ) ;
#2435 = ORIENTED_EDGE ( 'NONE', *, *, #5005, .T. ) ;
#2436 = ORIENTED_EDGE ( 'NONE', *, *, #223, .T. ) ;
#2437 = SURFACE_SIDE_STYLE ('',( #1109 ) ) ;
#2438 =( GEOMETRIC_REPRESENTATION_CONTEXT ( 3 ) GLOBAL_UNCERTAINTY_ASSIGNED_CONTEXT ( ( #3463 ) ) GLOBAL_UNIT_ASSIGNED_CONTEXT ( ( #2357, #116, #5076 ) ) REPRESENTATION_CONTEXT ( 'NONE', 'WORKASPACE' ) );
#2439 = DIRECTION ( 'NONE',  ( 0.0000000000000000000, 0.0000000000000000000, -1.000000000000000000 ) ) ;
#2440 = DIRECTION ( 'NONE',  ( 0.0000000000000000000, 1.000000000000000000, 0.0000000000000000000 ) ) ;
#2441 = DIRECTION ( 'NONE',  ( 0.0000000000000000000, 1.000000000000000000, 0.0000000000000000000 ) ) ;
#2442 = ADVANCED_FACE ( 'NONE', ( #1742 ), #904, .F. ) ;
#2443 = FILL_AREA_STYLE_COLOUR ( '', #5295 ) ;
#2444 = EDGE_LOOP ( 'NONE', ( #5802, #3642, #5096, #3634 ) ) ;
#2445 = COLOUR_RGB ( '',1.000000000000000000, 1.000000000000000000, 1.000000000000000000 ) ;
#2446 = ORIENTED_EDGE ( 'NONE', *, *, #3415, .T. ) ;
#2447 = STYLED_ITEM ( 'NONE', ( #4376 ), #1643 ) ;
#2448 = DIRECTION ( 'NONE',  ( 0.0000000000000000000, 1.000000000000000000, 0.0000000000000000000 ) ) ;
#2449 = DIRECTION ( 'NONE',  ( 0.0000000000000000000, 1.000000000000000000, 0.0000000000000000000 ) ) ;
#2450 = ORIENTED_EDGE ( 'NONE', *, *, #5098, .T. ) ;
#2451 =( GEOMETRIC_REPRESENTATION_CONTEXT ( 3 ) GLOBAL_UNCERTAINTY_ASSIGNED_CONTEXT ( ( #687 ) ) GLOBAL_UNIT_ASSIGNED_CONTEXT ( ( #5606, #1553, #5575 ) ) REPRESENTATION_CONTEXT ( 'NONE', 'WORKASPACE' ) );
#2452 = LINE ( 'NONE', #1454, #1338 ) ;
#2453 = UNCERTAINTY_MEASURE_WITH_UNIT (LENGTH_MEASURE( 1.000000000000000082E-05 ), #5881, 'distance_accuracy_value', 'NONE');
#2454 = SURFACE_SIDE_STYLE ('',( #1064 ) ) ;
#2455 = DIRECTION ( 'NONE',  ( 0.0000000000000000000, -0.0000000000000000000, -1.000000000000000000 ) ) ;
#2456 = CARTESIAN_POINT ( 'NONE',  ( -5.388602512436510672, 2.199999999999999734, -4.666666666666666075 ) ) ;
#2457 = ORIENTED_EDGE ( 'NONE', *, *, #3878, .T. ) ;
#2458 = PRESENTATION_STYLE_ASSIGNMENT (( #1962 ) ) ;
#2459 = VECTOR ( 'NONE', #578, 1000.000000000000000 ) ;
#2460 = CARTESIAN_POINT ( 'NONE',  ( 0.0000000000000000000, 7.500000000000000000, -6.000000000000000888 ) ) ;
#2461 = PRESENTATION_STYLE_ASSIGNMENT (( #3264 ) ) ;
#2462 = CARTESIAN_POINT ( 'NONE',  ( 4.041451884327378785, 4.209836809708341399, -7.000000000000000888 ) ) ;
#2463 = VECTOR ( 'NONE', #3640, 1000.000000000000000 ) ;
#2464 = VERTEX_POINT ( 'NONE', #431 ) ;
#2465 = ORIENTED_EDGE ( 'NONE', *, *, #4038, .T. ) ;
#2466 = CARTESIAN_POINT ( 'NONE',  ( 4.715027198381942952, 2.309679228848994459, -5.833333333333334814 ) ) ;
#2467 =( NAMED_UNIT ( * ) SI_UNIT ( $, .STERADIAN. ) SOLID_ANGLE_UNIT ( ) );
#2468 = LINE ( 'NONE', #3777, #76 ) ;
#2469 = SURFACE_SIDE_STYLE ('',( #4420 ) ) ;
#2470 = DIRECTION ( 'NONE',  ( 0.0000000000000000000, 1.000000000000000000, 0.0000000000000000000 ) ) ;
#2471 = EDGE_LOOP ( 'NONE', ( #1051, #2283, #4130, #2890, #4231, #5132 ) ) ;
#2472 = VECTOR ( 'NONE', #4837, 1000.000000000000000 ) ;
#2473 = ORIENTED_EDGE ( 'NONE', *, *, #3222, .F. ) ;
#2474 = DIRECTION ( 'NONE',  ( 0.0000000000000000000, 0.0000000000000000000, 1.000000000000000000 ) ) ;
#2475 = EDGE_CURVE ( 'NONE', #5211, #1743, #2291, .T. ) ;
#2476 = LINE ( 'NONE', #2596, #226 ) ;
#2477 = AXIS2_PLACEMENT_3D ( 'NONE', #2833, #3660, #5066 ) ;
#2478 = DIRECTION ( 'NONE',  ( -0.0000000000000000000, -1.000000000000000000, -0.0000000000000000000 ) ) ;
#2479 = SURFACE_STYLE_USAGE ( .BOTH. , #4734 ) ;
#2480 = FACE_OUTER_BOUND ( 'NONE', #399, .T. ) ;
#2481 = ORIENTED_EDGE ( 'NONE', *, *, #4031, .T. ) ;
#2482 = LINE ( 'NONE', #4298, #3851 ) ;
#2483 =( GEOMETRIC_REPRESENTATION_CONTEXT ( 3 ) GLOBAL_UNCERTAINTY_ASSIGNED_CONTEXT ( ( #3644 ) ) GLOBAL_UNIT_ASSIGNED_CONTEXT ( ( #1762, #3610, #3993 ) ) REPRESENTATION_CONTEXT ( 'NONE', 'WORKASPACE' ) );
#2484 = SURFACE_STYLE_USAGE ( .BOTH. , #2963 ) ;
#2485 = ADVANCED_FACE ( 'NONE', ( #5380 ), #1411, .T. ) ;
#2486 = PRESENTATION_STYLE_ASSIGNMENT (( #268 ) ) ;
#2487 = SURFACE_STYLE_FILL_AREA ( #2051 ) ;
#2488 =( GEOMETRIC_REPRESENTATION_CONTEXT ( 3 ) GLOBAL_UNCERTAINTY_ASSIGNED_CONTEXT ( ( #3906 ) ) GLOBAL_UNIT_ASSIGNED_CONTEXT ( ( #1498, #984, #5524 ) ) REPRESENTATION_CONTEXT ( 'NONE', 'WORKASPACE' ) );
#2489 = STYLED_ITEM ( 'NONE', ( #5830 ), #4699 ) ;
#2490 = PLANE ( 'NONE',  #4514 ) ;
#2491 = ORIENTED_EDGE ( 'NONE', *, *, #5470, .F. ) ;
#2492 =( GEOMETRIC_REPRESENTATION_CONTEXT ( 3 ) GLOBAL_UNCERTAINTY_ASSIGNED_CONTEXT ( ( #641 ) ) GLOBAL_UNIT_ASSIGNED_CONTEXT ( ( #2396, #4615, #2363 ) ) REPRESENTATION_CONTEXT ( 'NONE', 'WORKASPACE' ) );
#2493 = VECTOR ( 'NONE', #2632, 1000.000000000000000 ) ;
#2494 = CARTESIAN_POINT ( 'NONE',  ( 1.349728080773486827, 2.199999999999999289, 6.999999999999998224 ) ) ;
#2495 =( NAMED_UNIT ( * ) PLANE_ANGLE_UNIT ( ) SI_UNIT ( $, .RADIAN. ) );
#2496 = FACE_OUTER_BOUND ( 'NONE', #507, .T. ) ;
#2497 = EDGE_LOOP ( 'NONE', ( #5173, #2349, #4650, #4296, #616, #1009 ) ) ;
#2498 = EDGE_CURVE ( 'NONE', #2738, #1302, #3186, .T. ) ;
#2499 = EDGE_LOOP ( 'NONE', ( #2381, #5245 ) ) ;
#2500 = LINE ( 'NONE', #283, #4577 ) ;
#2501 = VECTOR ( 'NONE', #575, 1000.000000000000000 ) ;
#2502 = DIRECTION ( 'NONE',  ( -0.0000000000000000000, -1.000000000000000000, -0.0000000000000000000 ) ) ;
#2503 = CARTESIAN_POINT ( 'NONE',  ( 0.0000000000000000000, 11.50000000000000000, -5.499999999999994671 ) ) ;
#2504 = EDGE_LOOP ( 'NONE', ( #4180, #808, #3659, #2201 ) ) ;
#2505 = ORIENTED_EDGE ( 'NONE', *, *, #4014, .F. ) ;
#2506 =( GEOMETRIC_REPRESENTATION_CONTEXT ( 3 ) GLOBAL_UNCERTAINTY_ASSIGNED_CONTEXT ( ( #5233 ) ) GLOBAL_UNIT_ASSIGNED_CONTEXT ( ( #941, #5444, #5860 ) ) REPRESENTATION_CONTEXT ( 'NONE', 'WORKASPACE' ) );
#2507 = FACE_OUTER_BOUND ( 'NONE', #2797, .T. ) ;
#2508 = PLANE ( 'NONE',  #3986 ) ;
#2509 = DIRECTION ( 'NONE',  ( 0.0000000000000000000, 1.000000000000000000, 0.0000000000000000000 ) ) ;
#2510 =( NAMED_UNIT ( * ) SI_UNIT ( $, .STERADIAN. ) SOLID_ANGLE_UNIT ( ) );
#2511 = ADVANCED_FACE ( 'NONE', ( #2775 ), #5465, .F. ) ;
#2512 = CARTESIAN_POINT ( 'NONE',  ( -4.107179676972443794, -15.50000000000000000, -4.399999999999999467 ) ) ;
#2513 = CYLINDRICAL_SURFACE ( 'NONE', #222, 5.000000000000000888 ) ;
#2514 =( LENGTH_UNIT ( ) NAMED_UNIT ( * ) SI_UNIT ( .MILLI., .METRE. ) );
#2515 = CARTESIAN_POINT ( 'NONE',  ( 9.799999999999998934, -16.69999999999999929, 8.500000000000000000 ) ) ;
#2516 = VERTEX_POINT ( 'NONE', #457 ) ;
#2517 = CARTESIAN_POINT ( 'NONE',  ( 0.0000000000000000000, 7.000000000000000000, -6.150000000000000355 ) ) ;
#2518 = LINE ( 'NONE', #2087, #4226 ) ;
#2519 = FILL_AREA_STYLE_COLOUR ( '', #4102 ) ;
#2520 =( NAMED_UNIT ( * ) PLANE_ANGLE_UNIT ( ) SI_UNIT ( $, .RADIAN. ) );
#2521 =( LENGTH_UNIT ( ) NAMED_UNIT ( * ) SI_UNIT ( .MILLI., .METRE. ) );
#2522 = ORIENTED_EDGE ( 'NONE', *, *, #1615, .T. ) ;
#2523 = SURFACE_STYLE_FILL_AREA ( #3038 ) ;
#2524 = CARTESIAN_POINT ( 'NONE',  ( -5.800000000000000711, -19.69999999999999929, -4.399999999999999467 ) ) ;
#2525 = UNCERTAINTY_MEASURE_WITH_UNIT (LENGTH_MEASURE( 1.000000000000000082E-05 ), #150, 'distance_accuracy_value', 'NONE');
#2526 = EDGE_CURVE ( 'NONE', #2516, #5680, #2173, .T. ) ;
#2527 = CARTESIAN_POINT ( 'NONE',  ( 0.0000000000000000000, 11.50000000000000000, 0.0000000000000000000 ) ) ;
#2528 = CARTESIAN_POINT ( 'NONE',  ( 6.062177826491071286, 9.799999999999998934, -3.500000000000000888 ) ) ;
#2529 = ORIENTED_EDGE ( 'NONE', *, *, #5845, .T. ) ;
#2530 = ORIENTED_EDGE ( 'NONE', *, *, #4764, .F. ) ;
#2531 =( LENGTH_UNIT ( ) NAMED_UNIT ( * ) SI_UNIT ( .MILLI., .METRE. ) );
#2532 = ADVANCED_FACE ( 'NONE', ( #2745 ), #4541, .F. ) ;
#2533 = LINE ( 'NONE', #263, #3688 ) ;
#2534 = CARTESIAN_POINT ( 'NONE',  ( 5.800000000000001599, -19.69999999999999929, -4.399999999999999467 ) ) ;
#2535 = DIRECTION ( 'NONE',  ( 0.0000000000000000000, -1.000000000000000000, 0.0000000000000000000 ) ) ;
#2536 = FACE_BOUND ( 'NONE', #2980, .T. ) ;
#2537 = AXIS2_PLACEMENT_3D ( 'NONE', #555, #620, #5627 ) ;
#2538 = SURFACE_SIDE_STYLE ('',( #5720 ) ) ;
#2539 = VECTOR ( 'NONE', #381, 1000.000000000000000 ) ;
#2540 = DIRECTION ( 'NONE',  ( 0.0000000000000000000, -0.0000000000000000000, -1.000000000000000000 ) ) ;
#2541 = FILL_AREA_STYLE_COLOUR ( '', #2410 ) ;
#2542 = FACE_OUTER_BOUND ( 'NONE', #5235, .T. ) ;
#2543 = EDGE_CURVE ( 'NONE', #2872, #4879, #1471, .T. ) ;
#2544 = LINE ( 'NONE', #862, #5717 ) ;
#2545 = CARTESIAN_POINT ( 'NONE',  ( 2.696525454876883554, 4.390022785033606212, 6.999999999999998224 ) ) ;
#2546 = FILL_AREA_STYLE ('',( #328 ) ) ;
#2547 = CARTESIAN_POINT ( 'NONE',  ( 0.0000000000000000000, 9.799999999999998934, 0.0000000000000000000 ) ) ;
#2548 = EDGE_LOOP ( 'NONE', ( #5289, #987, #2371, #4575 ) ) ;
#2549 = PRESENTATION_LAYER_ASSIGNMENT (  '', '', ( #5884 ) ) ;
#2550 = VECTOR ( 'NONE', #2083, 1000.000000000000000 ) ;
#2551 = CARTESIAN_POINT ( 'NONE',  ( 7.409328454600196956, 9.690320771151004209, -1.166666666666667407 ) ) ;
#2552 = FILL_AREA_STYLE ('',( #753 ) ) ;
#2553 = PRESENTATION_STYLE_ASSIGNMENT (( #755 ) ) ;
#2554 = AXIS2_PLACEMENT_3D ( 'NONE', #1654, #2330, #2361 ) ;
#2555 = VECTOR ( 'NONE', #619, 1000.000000000000000 ) ;
#2556 = VERTEX_POINT ( 'NONE', #1443 ) ;
#2557 = FILL_AREA_STYLE_COLOUR ( '', #1176 ) ;
#2558 = DIRECTION ( 'NONE',  ( 0.0000000000000000000, 1.000000000000000000, 0.0000000000000000000 ) ) ;
#2559 = CONICAL_SURFACE ( 'NONE', #4942, 7.000000000000000888, 1.308996938995750092 ) ;
#2560 = VERTEX_POINT ( 'NONE', #1016 ) ;
#2561 = ORIENTED_EDGE ( 'NONE', *, *, #4104, .T. ) ;
#2562 = CARTESIAN_POINT ( 'NONE',  ( 6.735753140545631901, 9.799999999999998934, 2.333333333333333925 ) ) ;
#2563 = MANIFOLD_SOLID_BREP ( 'Linear austragen6', #3071 ) ;
#2564 = DIRECTION ( 'NONE',  ( 0.0000000000000000000, -1.000000000000000000, 0.0000000000000000000 ) ) ;
#2565 =( LENGTH_UNIT ( ) NAMED_UNIT ( * ) SI_UNIT ( .MILLI., .METRE. ) );
#2566 = CARTESIAN_POINT ( 'NONE',  ( 7.409328454600196068, 7.609679228848994725, 1.166666666666666519 ) ) ;
#2567 = DIRECTION ( 'NONE',  ( 0.0000000000000000000, -0.0000000000000000000, 1.000000000000000000 ) ) ;
#2568 = CIRCLE ( 'NONE', #3325, 4.699999999999999289 ) ;
#2569 = DIRECTION ( 'NONE',  ( 0.0000000000000000000, 1.000000000000000000, 0.0000000000000000000 ) ) ;
#2570 =( NAMED_UNIT ( * ) PLANE_ANGLE_UNIT ( ) SI_UNIT ( $, .RADIAN. ) );
#2571 = FILL_AREA_STYLE_COLOUR ( '', #54 ) ;
#2572 = CONICAL_SURFACE ( 'NONE', #22, 7.000000000000000888, 1.308996938995750092 ) ;
#2573 = LINE ( 'NONE', #2964, #3049 ) ;
#2574 = UNCERTAINTY_MEASURE_WITH_UNIT (LENGTH_MEASURE( 1.000000000000000082E-05 ), #1568, 'distance_accuracy_value', 'NONE');
#2575 = LINE ( 'NONE', #1604, #2025 ) ;
#2576 = FILL_AREA_STYLE ('',( #3085 ) ) ;
#2577 = CARTESIAN_POINT ( 'NONE',  ( 0.5000000000000013323, -19.69999999999999929, 5.200000000000000178 ) ) ;
#2578 = CARTESIAN_POINT ( 'NONE',  ( -7.511572993685797128E-16, 2.199999999999999734, -7.000000000000000888 ) ) ;
#2579 = ORIENTED_EDGE ( 'NONE', *, *, #979, .T. ) ;
#2580 = COLOUR_RGB ( '',1.000000000000000000, 1.000000000000000000, 1.000000000000000000 ) ;
#2581 = EDGE_CURVE ( 'NONE', #874, #2872, #514, .T. ) ;
#2582 = DIRECTION ( 'NONE',  ( -1.000000000000000000, 0.0000000000000000000, 0.0000000000000000000 ) ) ;
#2583 = CIRCLE ( 'NONE', #5610, 4.000000000000000888 ) ;
#2584 =( BOUNDED_CURVE ( )  B_SPLINE_CURVE ( 3, ( #4704, #992, #5128, #1057 ),
 .UNSPECIFIED., .F., .F. ) 
 B_SPLINE_CURVE_WITH_KNOTS ( ( 4, 4 ),
 ( 4.712388980384689674, 4.789445249405541283 ),
 .UNSPECIFIED. ) 
 CURVE ( )  GEOMETRIC_REPRESENTATION_ITEM ( )  RATIONAL_B_SPLINE_CURVE ( ( 1.000000000000000000, 0.9995052554888612661, 0.9995052554888612661, 1.000000000000000000 ) ) 
 REPRESENTATION_ITEM ( '' )  );
#2585 = ORIENTED_EDGE ( 'NONE', *, *, #4, .F. ) ;
#2586 = DIRECTION ( 'NONE',  ( 0.8660254037844380415, -0.5000000000000009992, 0.0000000000000000000 ) ) ;
#2587 = VECTOR ( 'NONE', #5385, 1000.000000000000000 ) ;
#2588 = ORIENTED_EDGE ( 'NONE', *, *, #5798, .F. ) ;
#2589 = SURFACE_SIDE_STYLE ('',( #2523 ) ) ;
#2590 = DIRECTION ( 'NONE',  ( 0.0000000000000000000, 0.0000000000000000000, -1.000000000000000000 ) ) ;
#2591 = ORIENTED_EDGE ( 'NONE', *, *, #2300, .T. ) ;
#2592 = ORIENTED_EDGE ( 'NONE', *, *, #5724, .T. ) ;
#2593 = COLOUR_RGB ( '',1.000000000000000000, 1.000000000000000000, 1.000000000000000000 ) ;
#2594 = MANIFOLD_SOLID_BREP ( 'Lineares Muster1[5]', #5828 ) ;
#2595 = LINE ( 'NONE', #1267, #4835 ) ;
#2596 = CARTESIAN_POINT ( 'NONE',  ( 4.041451884327378785, 9.799999999999998934, 6.999999999999998224 ) ) ;
#2597 = CARTESIAN_POINT ( 'NONE',  ( 6.062177826491069510, 7.500000000000000000, 3.500000000000001332 ) ) ;
#2598 = CARTESIAN_POINT ( 'NONE',  ( 0.0000000000000000000, 0.0000000000000000000, 0.0000000000000000000 ) ) ;
#2599 = PRESENTATION_LAYER_ASSIGNMENT (  '', '', ( #4483 ) ) ;
#2600 = CARTESIAN_POINT ( 'NONE',  ( 0.1926883477387796029, 4.833746008310065179, 7.500000000000000888 ) ) ;
#2601 = AXIS2_PLACEMENT_3D ( 'NONE', #4970, #898, #2712 ) ;
#2602 = PLANE ( 'NONE',  #4283 ) ;
#2603 = ADVANCED_FACE ( 'NONE', ( #259 ), #3199, .T. ) ;
#2604 = SURFACE_STYLE_USAGE ( .BOTH. , #2634 ) ;
#2605 = CARTESIAN_POINT ( 'NONE',  ( -4.799999999999998934, -16.69999999999999929, 0.4000000000000001887 ) ) ;
#2606 = ORIENTED_EDGE ( 'NONE', *, *, #666, .T. ) ;
#2607 = MECHANICAL_DESIGN_GEOMETRIC_PRESENTATION_REPRESENTATION (  '', ( #1941 ), #2222 ) ;
#2608 = FILL_AREA_STYLE ('',( #1696 ) ) ;
#2609 = DIRECTION ( 'NONE',  ( 1.000000000000000000, -0.0000000000000000000, -0.0000000000000000000 ) ) ;
#2610 = SURFACE_SIDE_STYLE ('',( #1250 ) ) ;
#2611 = ADVANCED_FACE ( 'NONE', ( #3424 ), #1169, .F. ) ;
#2612 = VERTEX_POINT ( 'NONE', #5549 ) ;
#2613 = SURFACE_STYLE_USAGE ( .BOTH. , #3419 ) ;
#2614 = CARTESIAN_POINT ( 'NONE',  ( -7.511572993685797128E-16, 7.500000000000000000, -7.000000000000000888 ) ) ;
#2615 = ADVANCED_FACE ( 'NONE', ( #3797, #1130 ), #192, .T. ) ;
#2616 = EDGE_CURVE ( 'NONE', #1503, #796, #3265, .T. ) ;
#2617 = B_SPLINE_CURVE_WITH_KNOTS ( 'NONE', 3,
 ( #4459, #3205, #69, #3684, #3657, #5487 ),
 .UNSPECIFIED., .F., .F.,
 ( 4, 2, 4 ),
 ( 0.02091410365672650984, 0.02294139008854429937, 0.02496867652036208890 ),
 .UNSPECIFIED. ) ;
#2618 = DIRECTION ( 'NONE',  ( 2.891205793294679312E-16, -1.000000000000000000, -0.0000000000000000000 ) ) ;
#2619 = VERTEX_POINT ( 'NONE', #1581 ) ;
#2620 = EDGE_LOOP ( 'NONE', ( #243, #2681, #5014, #1493 ) ) ;
#2621 = ORIENTED_EDGE ( 'NONE', *, *, #5644, .F. ) ;
#2622 =( GEOMETRIC_REPRESENTATION_CONTEXT ( 3 ) GLOBAL_UNCERTAINTY_ASSIGNED_CONTEXT ( ( #1110 ) ) GLOBAL_UNIT_ASSIGNED_CONTEXT ( ( #335, #646, #1052 ) ) REPRESENTATION_CONTEXT ( 'NONE', 'WORKASPACE' ) );
#2623 = SURFACE_STYLE_FILL_AREA ( #3104 ) ;
#2624 = FILL_AREA_STYLE_COLOUR ( '', #1706 ) ;
#2625 = ADVANCED_FACE ( 'NONE', ( #1524 ), #2399, .F. ) ;
#2626 = CARTESIAN_POINT ( 'NONE',  ( 4.715027198381942952, 7.609679228848992949, 5.833333333333330373 ) ) ;
#2627 = CARTESIAN_POINT ( 'NONE',  ( 0.5773502691896270633, 5.500000000000000000, 7.477744758058187280 ) ) ;
#2628 = VECTOR ( 'NONE', #5776, 1000.000000000000000 ) ;
#2629 = ORIENTED_EDGE ( 'NONE', *, *, #3994, .F. ) ;
#2630 = SURFACE_SIDE_STYLE ('',( #889 ) ) ;
#2631 = EDGE_CURVE ( 'NONE', #5439, #1114, #905, .T. ) ;
#2632 = DIRECTION ( 'NONE',  ( 8.659560562354957510E-17, -0.7071067811865454633, 0.7071067811865495711 ) ) ;
#2633 = VECTOR ( 'NONE', #1951, 1000.000000000000000 ) ;
#2634 = SURFACE_SIDE_STYLE ('',( #833 ) ) ;
#2635 = DIRECTION ( 'NONE',  ( 0.0000000000000000000, -0.0000000000000000000, 1.000000000000000000 ) ) ;
#2636 = SURFACE_SIDE_STYLE ('',( #3087 ) ) ;
#2637 = ORIENTED_EDGE ( 'NONE', *, *, #4708, .F. ) ;
#2638 = AXIS2_PLACEMENT_3D ( 'NONE', #5437, #4954, #884 ) ;
#2639 = ADVANCED_FACE ( 'NONE', ( #5139 ), #3831, .F. ) ;
#2640 = SURFACE_SIDE_STYLE ('',( #3123 ) ) ;
#2641 = DIRECTION ( 'NONE',  ( 0.5000000000000021094, -0.8660254037844374864, -0.0000000000000000000 ) ) ;
#2642 = MECHANICAL_DESIGN_GEOMETRIC_PRESENTATION_REPRESENTATION (  '', ( #5884 ), #2451 ) ;
#2643 = PRESENTATION_LAYER_ASSIGNMENT (  '', '', ( #368 ) ) ;
#2644 = MANIFOLD_SOLID_BREP ( 'Lineares Muster1[7]', #5721 ) ;
#2645 = ORIENTED_EDGE ( 'NONE', *, *, #4545, .T. ) ;
#2646 = EDGE_CURVE ( 'NONE', #3658, #5500, #2976, .T. ) ;
#2647 = CARTESIAN_POINT ( 'NONE',  ( -7.511572993685797128E-16, 4.500000000000000000, -7.000000000000000888 ) ) ;
#2648 = VECTOR ( 'NONE', #5215, 1000.000000000000000 ) ;
#2649 = CARTESIAN_POINT ( 'NONE',  ( -5.388602512436507119, 4.500000000000000000, 4.666666666666665186 ) ) ;
#2650 = DIRECTION ( 'NONE',  ( 0.0000000000000000000, 0.0000000000000000000, 1.000000000000000000 ) ) ;
#2651 = VECTOR ( 'NONE', #151, 1000.000000000000000 ) ;
#2652 = VERTEX_POINT ( 'NONE', #2057 ) ;
#2653 = ADVANCED_FACE ( 'NONE', ( #5801 ), #3928, .F. ) ;
#2654 = CARTESIAN_POINT ( 'NONE',  ( 8.082903768654761123, 9.509836809708341221, -7.554090729571645684E-16 ) ) ;
#2655 = MANIFOLD_SOLID_BREP ( 'Lineares Muster2', #3826 ) ;
#2656 = AXIS2_PLACEMENT_3D ( 'NONE', #5496, #1561, #5583 ) ;
#2657 = CARTESIAN_POINT ( 'NONE',  ( 0.5773502691896270633, 5.500000000000000000, 8.500000000000003553 ) ) ;
#2658 = CARTESIAN_POINT ( 'NONE',  ( -4.107179676972443794, -15.50000000000000000, 4.399999999999999467 ) ) ;
#2659 = LINE ( 'NONE', #3583, #3518 ) ;
#2660 = DIRECTION ( 'NONE',  ( -2.891205793294679805E-16, 1.000000000000000000, 0.0000000000000000000 ) ) ;
#2661 = SURFACE_STYLE_USAGE ( .BOTH. , #3213 ) ;
#2662 =( GEOMETRIC_REPRESENTATION_CONTEXT ( 3 ) GLOBAL_UNCERTAINTY_ASSIGNED_CONTEXT ( ( #1686 ) ) GLOBAL_UNIT_ASSIGNED_CONTEXT ( ( #3296, #1040, #2795 ) ) REPRESENTATION_CONTEXT ( 'NONE', 'WORKASPACE' ) );
#2663 = PLANE ( 'NONE',  #4517 ) ;
#2664 = ORIENTED_EDGE ( 'NONE', *, *, #2281, .T. ) ;
#2665 = EDGE_CURVE ( 'NONE', #3372, #4367, #5282, .T. ) ;
#2666 = CARTESIAN_POINT ( 'NONE',  ( -6.735753140545636342, 7.500000000000000000, -2.333333333333333925 ) ) ;
#2667 = VECTOR ( 'NONE', #3090, 1000.000000000000000 ) ;
#2668 = SURFACE_SIDE_STYLE ('',( #4092 ) ) ;
#2669 = SURFACE_STYLE_FILL_AREA ( #4120 ) ;
#2670 = SURFACE_SIDE_STYLE ('',( #4933 ) ) ;
#2671 = ORIENTED_EDGE ( 'NONE', *, *, #5277, .T. ) ;
#2672 = EDGE_CURVE ( 'NONE', #5768, #3282, #3573, .T. ) ;
#2673 = DIRECTION ( 'NONE',  ( 0.0000000000000000000, 0.0000000000000000000, -1.000000000000000000 ) ) ;
#2674 = CARTESIAN_POINT ( 'NONE',  ( 4.799999999999998934, -16.69999999999999929, 5.200000000000000178 ) ) ;
#2675 =( NAMED_UNIT ( * ) SI_UNIT ( $, .STERADIAN. ) SOLID_ANGLE_UNIT ( ) );
#2676 = DIRECTION ( 'NONE',  ( 0.0000000000000000000, 0.0000000000000000000, -1.000000000000000000 ) ) ;
#2677 = AXIS2_PLACEMENT_3D ( 'NONE', #3757, #2012, #2902 ) ;
#2678 = AXIS2_PLACEMENT_3D ( 'NONE', #2762, #3630, #2254 ) ;
#2679 = MANIFOLD_SOLID_BREP ( 'Lineares Muster1[3]', #3726 ) ;
#2680 = DIRECTION ( 'NONE',  ( 0.0000000000000000000, 0.0000000000000000000, 1.000000000000000000 ) ) ;
#2681 = ORIENTED_EDGE ( 'NONE', *, *, #4005, .F. ) ;
#2682 = PRESENTATION_LAYER_ASSIGNMENT (  '', '', ( #5242 ) ) ;
#2683 = SURFACE_SIDE_STYLE ('',( #4501 ) ) ;
#2684 = STYLED_ITEM ( 'NONE', ( #1552 ), #4550 ) ;
#2685 = SURFACE_STYLE_USAGE ( .BOTH. , #5486 ) ;
#2686 = EDGE_CURVE ( 'NONE', #4143, #815, #2841, .T. ) ;
#2687 = CARTESIAN_POINT ( 'NONE',  ( -0.5000000000000013323, -16.69999999999999929, 5.200000000000000178 ) ) ;
#2688 = COLOUR_RGB ( '',1.000000000000000000, 1.000000000000000000, 1.000000000000000000 ) ;
#2689 = EDGE_LOOP ( 'NONE', ( #4816, #4852, #5151, #2165 ) ) ;
#2690 = PRESENTATION_LAYER_ASSIGNMENT (  '', '', ( #2969 ) ) ;
#2691 = VERTEX_POINT ( 'NONE', #35 ) ;
#2692 = MANIFOLD_SOLID_BREP ( 'Lineares Muster1[2]', #5833 ) ;
#2693 = APPLICATION_CONTEXT ( 'automotive_design' ) ;
#2694 = SURFACE_STYLE_FILL_AREA ( #880 ) ;
#2695 = CARTESIAN_POINT ( 'NONE',  ( 8.082903768654761123, 9.799999999999998934, -6.684807919321537843E-16 ) ) ;
#2696 = SURFACE_STYLE_USAGE ( .BOTH. , #883 ) ;
#2697 = EDGE_CURVE ( 'NONE', #1285, #5003, #2303, .T. ) ;
#2698 = CARTESIAN_POINT ( 'NONE',  ( -4.799999999999998934, -19.69999999999999929, -4.399999999999999467 ) ) ;
#2699 = EDGE_LOOP ( 'NONE', ( #189, #3358, #2382, #3484 ) ) ;
#2700 = ORIENTED_EDGE ( 'NONE', *, *, #5724, .F. ) ;
#2701 = COLOUR_RGB ( '',1.000000000000000000, 1.000000000000000000, 1.000000000000000000 ) ;
#2702 = CARTESIAN_POINT ( 'NONE',  ( -0.5000000000000004441, -19.69999999999999929, 0.4000000000000001887 ) ) ;
#2703 = SURFACE_SIDE_STYLE ('',( #4988 ) ) ;
#2704 = CARTESIAN_POINT ( 'NONE',  ( 9.799999999999998934, -16.69999999999999929, 8.500000000000000000 ) ) ;
#2705 = EDGE_CURVE ( 'NONE', #1077, #471, #1396, .T. ) ;
#2706 = EDGE_LOOP ( 'NONE', ( #698, #2414, #5797 ) ) ;
#2707 =( LENGTH_UNIT ( ) NAMED_UNIT ( * ) SI_UNIT ( .MILLI., .METRE. ) );
#2708 = SURFACE_STYLE_USAGE ( .BOTH. , #2640 ) ;
#2709 = SURFACE_STYLE_FILL_AREA ( #5862 ) ;
#2710 = EDGE_CURVE ( 'NONE', #573, #549, #944, .T. ) ;
#2711 = ORIENTED_EDGE ( 'NONE', *, *, #4526, .T. ) ;
#2712 = DIRECTION ( 'NONE',  ( 0.0000000000000000000, 0.0000000000000000000, 1.000000000000000000 ) ) ;
#2713 = FILL_AREA_STYLE_COLOUR ( '', #4640 ) ;
#2714 = STYLED_ITEM ( 'NONE', ( #4999 ), #700 ) ;
#2715 = ORIENTED_EDGE ( 'NONE', *, *, #3314, .T. ) ;
#2716 = ADVANCED_FACE ( 'NONE', ( #4473 ), #2217, .F. ) ;
#2717 = FILL_AREA_STYLE ('',( #4977 ) ) ;
#2718 = DIRECTION ( 'NONE',  ( 0.0000000000000000000, 0.0000000000000000000, -1.000000000000000000 ) ) ;
#2719 = CARTESIAN_POINT ( 'NONE',  ( 4.799999999999998934, -16.69999999999999929, -5.200000000000000178 ) ) ;
#2720 = DIRECTION ( 'NONE',  ( -1.000000000000000000, 0.0000000000000000000, 3.219245568722484836E-16 ) ) ;
#2721 = ORIENTED_EDGE ( 'NONE', *, *, #29, .F. ) ;
#2722 = ORIENTED_EDGE ( 'NONE', *, *, #2069, .F. ) ;
#2723 = CARTESIAN_POINT ( 'NONE',  ( 0.0000000000000000000, 7.500000000000000000, 0.0000000000000000000 ) ) ;
#2724 = PRESENTATION_STYLE_ASSIGNMENT (( #5358 ) ) ;
#2725 =( NAMED_UNIT ( * ) PLANE_ANGLE_UNIT ( ) SI_UNIT ( $, .RADIAN. ) );
#2726 = LINE ( 'NONE', #1421, #1694 ) ;
#2727 = EDGE_CURVE ( 'NONE', #5211, #5768, #2817, .T. ) ;
#2728 = PRESENTATION_STYLE_ASSIGNMENT (( #914 ) ) ;
#2729 = AXIS2_PLACEMENT_3D ( 'NONE', #4220, #3772, #3384 ) ;
#2730 = VECTOR ( 'NONE', #483, 1000.000000000000000 ) ;
#2731 = FACE_OUTER_BOUND ( 'NONE', #82, .T. ) ;
#2732 = ORIENTED_EDGE ( 'NONE', *, *, #3821, .T. ) ;
#2733 = DIRECTION ( 'NONE',  ( -1.000000000000000000, -0.0000000000000000000, -0.0000000000000000000 ) ) ;
#2734 = EDGE_CURVE ( 'NONE', #574, #154, #2849, .T. ) ;
#2735 = FACE_OUTER_BOUND ( 'NONE', #103, .T. ) ;
#2736 = VECTOR ( 'NONE', #3233, 1000.000000000000000 ) ;
#2737 = VERTEX_POINT ( 'NONE', #2100 ) ;
#2738 = VERTEX_POINT ( 'NONE', #4614 ) ;
#2739 = AXIS2_PLACEMENT_3D ( 'NONE', #4689, #2917, #4718 ) ;
#2740 = ORIENTED_EDGE ( 'NONE', *, *, #4918, .T. ) ;
#2741 = EDGE_CURVE ( 'NONE', #2220, #5097, #2533, .T. ) ;
#2742 = DIRECTION ( 'NONE',  ( 0.0000000000000000000, -0.7071067811865454633, -0.7071067811865495711 ) ) ;
#2743 = AXIS2_PLACEMENT_3D ( 'NONE', #998, #239, #2041 ) ;
#2744 = SURFACE_STYLE_FILL_AREA ( #1740 ) ;
#2745 = FACE_OUTER_BOUND ( 'NONE', #5491, .T. ) ;
#2746 = PRESENTATION_STYLE_ASSIGNMENT (( #51 ) ) ;
#2747 = ORIENTED_EDGE ( 'NONE', *, *, #2203, .T. ) ;
#2748 = COLOUR_RGB ( '',0.0000000000000000000, 0.0000000000000000000, 0.7529411764705882248 ) ;
#2749 =( NAMED_UNIT ( * ) PLANE_ANGLE_UNIT ( ) SI_UNIT ( $, .RADIAN. ) );
#2750 = LINE ( 'NONE', #2269, #1218 ) ;
#2751 = VECTOR ( 'NONE', #1856, 1000.000000000000000 ) ;
#2752 = DIRECTION ( 'NONE',  ( 0.0000000000000000000, 0.0000000000000000000, 1.000000000000000000 ) ) ;
#2753 = ADVANCED_FACE ( 'NONE', ( #2507 ), #4729, .T. ) ;
#2754 = SURFACE_STYLE_USAGE ( .BOTH. , #2245 ) ;
#2755 = DIRECTION ( 'NONE',  ( 0.0000000000000000000, -1.000000000000000000, 0.0000000000000000000 ) ) ;
#2756 = FILL_AREA_STYLE_COLOUR ( '', #1791 ) ;
#2757 = FILL_AREA_STYLE ('',( #3226 ) ) ;
#2758 = PRESENTATION_LAYER_ASSIGNMENT (  '', '', ( #1247 ) ) ;
#2759 = EDGE_LOOP ( 'NONE', ( #4308, #2915, #3744, #253, #866, #3329 ) ) ;
#2760 = LINE ( 'NONE', #4946, #1670 ) ;
#2761 = CIRCLE ( 'NONE', #3545, 6.000000000000000888 ) ;
#2762 = CARTESIAN_POINT ( 'NONE',  ( 0.0000000000000000000, 4.500000000000000000, 0.0000000000000000000 ) ) ;
#2763 = FACE_OUTER_BOUND ( 'NONE', #4597, .T. ) ;
#2764 = SURFACE_SIDE_STYLE ('',( #1007 ) ) ;
#2765 = ORIENTED_EDGE ( 'NONE', *, *, #3246, .T. ) ;
#2766 = EDGE_LOOP ( 'NONE', ( #3746, #3521, #1647, #2721 ) ) ;
#2767 = VECTOR ( 'NONE', #2261, 1000.000000000000000 ) ;
#2768 = STYLED_ITEM ( 'NONE', ( #5267 ), #4425 ) ;
#2769 = ORIENTED_EDGE ( 'NONE', *, *, #3273, .F. ) ;
#2770 = DIRECTION ( 'NONE',  ( 0.0000000000000000000, 1.000000000000000000, 0.0000000000000000000 ) ) ;
#2771 = DIRECTION ( 'NONE',  ( -0.5000000000000021094, -0.8660254037844374864, 0.0000000000000000000 ) ) ;
#2772 = AXIS2_PLACEMENT_3D ( 'NONE', #2003, #3839, #3983 ) ;
#2773 = VECTOR ( 'NONE', #4096, 1000.000000000000000 ) ;
#2774 = PRESENTATION_STYLE_ASSIGNMENT (( #1973 ) ) ;
#2775 = FACE_OUTER_BOUND ( 'NONE', #5270, .T. ) ;
#2776 = LINE ( 'NONE', #5038, #749 ) ;
#2777 = COLOUR_RGB ( '',1.000000000000000000, 1.000000000000000000, 1.000000000000000000 ) ;
#2778 = EDGE_LOOP ( 'NONE', ( #908, #432, #5771, #4796, #5356, #3585 ) ) ;
#2779 = AXIS2_PLACEMENT_3D ( 'NONE', #2723, #487, #3591 ) ;
#2780 = DIRECTION ( 'NONE',  ( 0.0000000000000000000, 1.000000000000000000, 0.0000000000000000000 ) ) ;
#2781 = DIRECTION ( 'NONE',  ( 0.0000000000000000000, 0.0000000000000000000, -1.000000000000000000 ) ) ;
#2782 = CARTESIAN_POINT ( 'NONE',  ( 6.492820323027555851, -15.50000000000000000, 5.200000000000000178 ) ) ;
#2783 = EDGE_LOOP ( 'NONE', ( #5118, #5827, #260, #3261 ) ) ;
#2784 = AXIS2_PLACEMENT_3D ( 'NONE', #5461, #1410, #5876 ) ;
#2785 = DIRECTION ( 'NONE',  ( 0.0000000000000000000, 0.0000000000000000000, 1.000000000000000000 ) ) ;
#2786 = DIRECTION ( 'NONE',  ( -0.0000000000000000000, -0.0000000000000000000, -1.000000000000000000 ) ) ;
#2787 = LINE ( 'NONE', #2274, #3814 ) ;
#2788 = CARTESIAN_POINT ( 'NONE',  ( 5.800000000000001599, -16.69999999999999929, 4.399999999999999467 ) ) ;
#2789 = EDGE_LOOP ( 'NONE', ( #871, #2473, #4468, #3937, #2311, #3775 ) ) ;
#2790 = FILL_AREA_STYLE ('',( #4591 ) ) ;
#2791 = COLOUR_RGB ( '',1.000000000000000000, 1.000000000000000000, 1.000000000000000000 ) ;
#2792 = ADVANCED_FACE ( 'NONE', ( #5718, #974 ), #3880, .T. ) ;
#2793 =( LENGTH_UNIT ( ) NAMED_UNIT ( * ) SI_UNIT ( .MILLI., .METRE. ) );
#2794 = CARTESIAN_POINT ( 'NONE',  ( -6.062177826491071286, 9.799999999999998934, 3.499999999999997335 ) ) ;
#2795 =( NAMED_UNIT ( * ) SI_UNIT ( $, .STERADIAN. ) SOLID_ANGLE_UNIT ( ) );
#2796 = UNCERTAINTY_MEASURE_WITH_UNIT (LENGTH_MEASURE( 1.000000000000000082E-05 ), #3061, 'distance_accuracy_value', 'NONE');
#2797 = EDGE_LOOP ( 'NONE', ( #3841, #1673, #1254, #3625 ) ) ;
#2798 = PRESENTATION_LAYER_ASSIGNMENT (  '', '', ( #3745 ) ) ;
#2799 = EDGE_LOOP ( 'NONE', ( #584, #2591, #5361 ) ) ;
#2800 = CARTESIAN_POINT ( 'NONE',  ( 4.799999999999998934, -15.50000000000000000, 5.200000000000000178 ) ) ;
#2801 = EDGE_CURVE ( 'NONE', #5195, #2402, #5248, .T. ) ;
#2802 =( GEOMETRIC_REPRESENTATION_CONTEXT ( 3 ) GLOBAL_UNCERTAINTY_ASSIGNED_CONTEXT ( ( #1434 ) ) GLOBAL_UNIT_ASSIGNED_CONTEXT ( ( #4652, #191, #2432 ) ) REPRESENTATION_CONTEXT ( 'NONE', 'WORKASPACE' ) );
#2803 = SURFACE_STYLE_FILL_AREA ( #2717 ) ;
#2804 = DIRECTION ( 'NONE',  ( 2.891205793294679312E-16, -1.000000000000000000, -0.0000000000000000000 ) ) ;
#2805 = SURFACE_STYLE_FILL_AREA ( #3780 ) ;
#2806 = VERTEX_POINT ( 'NONE', #3911 ) ;
#2807 = SURFACE_STYLE_FILL_AREA ( #2236 ) ;
#2808 = ORIENTED_EDGE ( 'NONE', *, *, #5216, .T. ) ;
#2809 = ADVANCED_FACE ( 'NONE', ( #4323 ), #2162, .T. ) ;
#2810 = CARTESIAN_POINT ( 'NONE',  ( 8.300000000000000711, -15.50000000000000000, -7.000000000000000888 ) ) ;
#2811 =( NAMED_UNIT ( * ) PLANE_ANGLE_UNIT ( ) SI_UNIT ( $, .RADIAN. ) );
#2812 = FACE_OUTER_BOUND ( 'NONE', #906, .T. ) ;
#2813 = DIRECTION ( 'NONE',  ( -0.0000000000000000000, -0.0000000000000000000, -1.000000000000000000 ) ) ;
#2814 = CARTESIAN_POINT ( 'NONE',  ( -4.799999999999998934, -19.69999999999999929, 5.200000000000000178 ) ) ;
#2815 = LINE ( 'NONE', #1926, #1050 ) ;
#2816 = CARTESIAN_POINT ( 'NONE',  ( 9.797174393178825657E-16, 7.500000000000000000, 8.000000000000000000 ) ) ;
#2817 = LINE ( 'NONE', #1483, #3600 ) ;
#2818 = FILL_AREA_STYLE ('',( #3857 ) ) ;
#2819 = EDGE_CURVE ( 'NONE', #3139, #2691, #124, .T. ) ;
#2820 = VERTEX_POINT ( 'NONE', #4153 ) ;
#2821 = VECTOR ( 'NONE', #3862, 1000.000000000000000 ) ;
#2822 = AXIS2_PLACEMENT_3D ( 'NONE', #5755, #5688, #1631 ) ;
#2823 = FILL_AREA_STYLE ('',( #3293 ) ) ;
#2824 = STYLED_ITEM ( 'NONE', ( #374 ), #2336 ) ;
#2825 = FILL_AREA_STYLE ('',( #5088 ) ) ;
#2826 = COLOUR_RGB ( '',1.000000000000000000, 1.000000000000000000, 1.000000000000000000 ) ;
#2827 = DIRECTION ( 'NONE',  ( -0.0000000000000000000, -0.0000000000000000000, -1.000000000000000000 ) ) ;
#2828 = ORIENTED_EDGE ( 'NONE', *, *, #2665, .T. ) ;
#2829 = ADVANCED_FACE ( 'NONE', ( #5081 ), #3846, .F. ) ;
#2830 = ORIENTED_EDGE ( 'NONE', *, *, #441, .F. ) ;
#2831 = CARTESIAN_POINT ( 'NONE',  ( 5.800000000000001599, -19.69999999999999929, -0.4000000000000001887 ) ) ;
#2832 = CIRCLE ( 'NONE', #1507, 7.000000000000000000 ) ;
#2833 = CARTESIAN_POINT ( 'NONE',  ( -0.5000000000000013323, -15.50000000000000000, -0.4000000000000001887 ) ) ;
#2834 = LINE ( 'NONE', #18, #1993 ) ;
#2835 = DIRECTION ( 'NONE',  ( 0.5000000000000021094, -0.8660254037844374864, -0.0000000000000000000 ) ) ;
#2836 =( GEOMETRIC_REPRESENTATION_CONTEXT ( 3 ) GLOBAL_UNCERTAINTY_ASSIGNED_CONTEXT ( ( #4900 ) ) GLOBAL_UNIT_ASSIGNED_CONTEXT ( ( #3383, #4190, #1964 ) ) REPRESENTATION_CONTEXT ( 'NONE', 'WORKASPACE' ) );
#2837 = COLOUR_RGB ( '',1.000000000000000000, 1.000000000000000000, 1.000000000000000000 ) ;
#2838 = ORIENTED_EDGE ( 'NONE', *, *, #3569, .F. ) ;
#2839 = EDGE_CURVE ( 'NONE', #1128, #717, #371, .T. ) ;
#2840 = VERTEX_POINT ( 'NONE', #2955 ) ;
#2841 = CIRCLE ( 'NONE', #291, 5.000000000000000888 ) ;
#2842 = CARTESIAN_POINT ( 'NONE',  ( 7.347880794884120722E-16, 7.500000000000000000, 6.000000000000000888 ) ) ;
#2843 = FACE_OUTER_BOUND ( 'NONE', #3510, .T. ) ;
#2844 = PLANE ( 'NONE',  #2537 ) ;
#2845 = ORIENTED_EDGE ( 'NONE', *, *, #701, .T. ) ;
#2846 = VECTOR ( 'NONE', #3609, 1000.000000000000000 ) ;
#2847 = CARTESIAN_POINT ( 'NONE',  ( 6.123233995736767268E-16, 21.19999999999999574, 5.000000000000000888 ) ) ;
#2848 = CARTESIAN_POINT ( 'NONE',  ( 6.735753140545633677, 7.500000000000000000, -2.333333333333333037 ) ) ;
#2849 = LINE ( 'NONE', #5650, #765 ) ;
#2850 = DIRECTION ( 'NONE',  ( -0.0000000000000000000, -0.0000000000000000000, -1.000000000000000000 ) ) ;
#2851 = EDGE_CURVE ( 'NONE', #1814, #4846, #4766, .T. ) ;
#2852 = AXIS2_PLACEMENT_3D ( 'NONE', #818, #2650, #4455 ) ;
#2853 = ORIENTED_EDGE ( 'NONE', *, *, #3018, .F. ) ;
#2854 = LINE ( 'NONE', #3739, #3741 ) ;
#2855 = SURFACE_SIDE_STYLE ('',( #1039 ) ) ;
#2856 = PRESENTATION_STYLE_ASSIGNMENT (( #5516 ) ) ;
#2857 = EDGE_CURVE ( 'NONE', #147, #699, #5886, .T. ) ;
#2858 = AXIS2_PLACEMENT_3D ( 'NONE', #3571, #942, #1867 ) ;
#2859 = CARTESIAN_POINT ( 'NONE',  ( 0.5773502691896270633, 5.500000000000000000, 8.500000000000003553 ) ) ;
#2860 = FACE_OUTER_BOUND ( 'NONE', #2789, .T. ) ;
#2861 = ORIENTED_EDGE ( 'NONE', *, *, #307, .T. ) ;
#2862 = ORIENTED_EDGE ( 'NONE', *, *, #4764, .T. ) ;
#2863 = LINE ( 'NONE', #2831, #4976 ) ;
#2864 = EDGE_CURVE ( 'NONE', #1230, #3448, #2595, .T. ) ;
#2865 = CARTESIAN_POINT ( 'NONE',  ( 0.0000000000000000000, 21.19999999999999574, 0.0000000000000000000 ) ) ;
#2866 = LINE ( 'NONE', #204, #3135 ) ;
#2867 = STYLED_ITEM ( 'NONE', ( #3815 ), #5335 ) ;
#2868 = VECTOR ( 'NONE', #2120, 1000.000000000000000 ) ;
#2869 = SURFACE_STYLE_USAGE ( .BOTH. , #1562 ) ;
#2870 = ORIENTED_EDGE ( 'NONE', *, *, #121, .T. ) ;
#2871 = VERTEX_POINT ( 'NONE', #770 ) ;
#2872 = VERTEX_POINT ( 'NONE', #4485 ) ;
#2873 = AXIS2_PLACEMENT_3D ( 'NONE', #1779, #2248, #5394 ) ;
#2874 = LINE ( 'NONE', #4671, #2555 ) ;
#2875 = CARTESIAN_POINT ( 'NONE',  ( -5.800000000000001599, -15.50000000000000000, -4.399999999999999467 ) ) ;
#2876 = VERTEX_POINT ( 'NONE', #5878 ) ;
#2877 = VECTOR ( 'NONE', #1927, 1000.000000000000000 ) ;
#2878 = CARTESIAN_POINT ( 'NONE',  ( 7.409328454600196068, 2.309679228848994459, 1.166666666666666519 ) ) ;
#2879 = SURFACE_STYLE_FILL_AREA ( #5537 ) ;
#2880 = CARTESIAN_POINT ( 'NONE',  ( 0.0000000000000000000, 16.50000000000000000, 0.0000000000000000000 ) ) ;
#2881 = SURFACE_STYLE_USAGE ( .BOTH. , #2454 ) ;
#2882 = CARTESIAN_POINT ( 'NONE',  ( 0.0000000000000000000, 4.500000000000000000, -6.250000000000000000 ) ) ;
#2883 = AXIS2_PLACEMENT_3D ( 'NONE', #2800, #4568, #4484 ) ;
#2884 = CARTESIAN_POINT ( 'NONE',  ( -6.062177826491071286, 4.500000000000000000, 3.499999999999997335 ) ) ;
#2885 =( NAMED_UNIT ( * ) PLANE_ANGLE_UNIT ( ) SI_UNIT ( $, .RADIAN. ) );
#2886 = EDGE_CURVE ( 'NONE', #166, #5808, #4025, .T. ) ;
#2887 = SURFACE_STYLE_FILL_AREA ( #5198 ) ;
#2888 = AXIS2_PLACEMENT_3D ( 'NONE', #3178, #5370, #4945 ) ;
#2889 = EDGE_LOOP ( 'NONE', ( #3249, #5064, #919 ) ) ;
#2890 = ORIENTED_EDGE ( 'NONE', *, *, #4981, .T. ) ;
#2891 = STYLED_ITEM ( 'NONE', ( #2728 ), #525 ) ;
#2892 = EDGE_CURVE ( 'NONE', #4278, #79, #4458, .T. ) ;
#2893 = UNCERTAINTY_MEASURE_WITH_UNIT (LENGTH_MEASURE( 1.000000000000000082E-05 ), #612, 'distance_accuracy_value', 'NONE');
#2894 = FILL_AREA_STYLE ('',( #2948 ) ) ;
#2895 = CARTESIAN_POINT ( 'NONE',  ( 0.0000000000000000000, 9.799999999999998934, 0.0000000000000000000 ) ) ;
#2896 = VECTOR ( 'NONE', #1558, 1000.000000000000000 ) ;
#2897 = ORIENTED_EDGE ( 'NONE', *, *, #4474, .T. ) ;
#2898 = ORIENTED_EDGE ( 'NONE', *, *, #500, .F. ) ;
#2899 = DIRECTION ( 'NONE',  ( -3.219245568722484836E-16, 0.0000000000000000000, -1.000000000000000000 ) ) ;
#2900 = EDGE_CURVE ( 'NONE', #5500, #237, #1321, .T. ) ;
#2901 = MECHANICAL_DESIGN_GEOMETRIC_PRESENTATION_REPRESENTATION (  '', ( #254 ), #995 ) ;
#2902 = DIRECTION ( 'NONE',  ( 1.000000000000000000, 0.0000000000000000000, -0.0000000000000000000 ) ) ;
#2903 = CARTESIAN_POINT ( 'NONE',  ( 4.041451884327378785, 9.509836809708341221, 6.999999999999998224 ) ) ;
#2904 = DIRECTION ( 'NONE',  ( 1.000000000000000000, 0.0000000000000000000, -0.0000000000000000000 ) ) ;
#2905 = CARTESIAN_POINT ( 'NONE',  ( 4.041451884327377897, 9.799999999999998934, -7.000000000000000888 ) ) ;
#2906 = ORIENTED_EDGE ( 'NONE', *, *, #909, .T. ) ;
#2907 = VECTOR ( 'NONE', #3823, 1000.000000000000000 ) ;
#2908 = EDGE_CURVE ( 'NONE', #5612, #3393, #1323, .T. ) ;
#2909 = CARTESIAN_POINT ( 'NONE',  ( 5.800000000000001599, -16.69999999999999929, 5.200000000000000178 ) ) ;
#2910 =( NAMED_UNIT ( * ) SI_UNIT ( $, .STERADIAN. ) SOLID_ANGLE_UNIT ( ) );
#2911 = FACE_OUTER_BOUND ( 'NONE', #5425, .T. ) ;
#2912 = DIRECTION ( 'NONE',  ( 0.0000000000000000000, 0.0000000000000000000, 1.000000000000000000 ) ) ;
#2913 = COLOUR_RGB ( '',1.000000000000000000, 1.000000000000000000, 1.000000000000000000 ) ;
#2914 = ADVANCED_FACE ( 'NONE', ( #4828 ), #1680, .F. ) ;
#2915 = ORIENTED_EDGE ( 'NONE', *, *, #5374, .F. ) ;
#2916 = LINE ( 'NONE', #162, #3913 ) ;
#2917 = DIRECTION ( 'NONE',  ( 0.0000000000000000000, 0.0000000000000000000, 1.000000000000000000 ) ) ;
#2918 = FACE_OUTER_BOUND ( 'NONE', #757, .T. ) ;
#2919 = UNCERTAINTY_MEASURE_WITH_UNIT (LENGTH_MEASURE( 1.000000000000000082E-05 ), #4651, 'distance_accuracy_value', 'NONE');
#2920 = ORIENTED_EDGE ( 'NONE', *, *, #1840, .T. ) ;
#2921 = ORIENTED_EDGE ( 'NONE', *, *, #4492, .F. ) ;
#2922 = SURFACE_STYLE_FILL_AREA ( #5204 ) ;
#2923 = MECHANICAL_DESIGN_GEOMETRIC_PRESENTATION_REPRESENTATION (  '', ( #354 ), #5009 ) ;
#2924 = CARTESIAN_POINT ( 'NONE',  ( 4.041451884327378785, 4.209836809708341399, -7.000000000000000888 ) ) ;
#2925 =( NAMED_UNIT ( * ) PLANE_ANGLE_UNIT ( ) SI_UNIT ( $, .RADIAN. ) );
#2926 = ORIENTED_EDGE ( 'NONE', *, *, #3444, .T. ) ;
#2927 = ADVANCED_FACE ( 'NONE', ( #5349 ), #799, .F. ) ;
#2928 = PRESENTATION_LAYER_ASSIGNMENT (  '', '', ( #4434 ) ) ;
#2929 = VERTEX_POINT ( 'NONE', #1710 ) ;
#2930 = VECTOR ( 'NONE', #2247, 1000.000000000000000 ) ;
#2931 = SURFACE_STYLE_FILL_AREA ( #3526 ) ;
#2932 = DIRECTION ( 'NONE',  ( -0.5000000000000021094, 0.8660254037844374864, 0.0000000000000000000 ) ) ;
#2933 = VERTEX_POINT ( 'NONE', #824 ) ;
#2934 = STYLED_ITEM ( 'NONE', ( #4647 ), #2829 ) ;
#2935 = DIRECTION ( 'NONE',  ( 0.0000000000000000000, 0.0000000000000000000, 1.000000000000000000 ) ) ;
#2936 = CARTESIAN_POINT ( 'NONE',  ( 0.0000000000000000000, 0.0000000000000000000, -5.000000000000000888 ) ) ;
#2937 = ADVANCED_FACE ( 'NONE', ( #851 ), #1761, .F. ) ;
#2938 = DIRECTION ( 'NONE',  ( -0.0000000000000000000, -0.0000000000000000000, -1.000000000000000000 ) ) ;
#2939 = ORIENTED_EDGE ( 'NONE', *, *, #2526, .F. ) ;
#2940 = VECTOR ( 'NONE', #481, 1000.000000000000000 ) ;
#2941 = DIRECTION ( 'NONE',  ( -0.0000000000000000000, -1.000000000000000000, -0.0000000000000000000 ) ) ;
#2942 = VECTOR ( 'NONE', #1885, 1000.000000000000000 ) ;
#2943 = EDGE_LOOP ( 'NONE', ( #2505, #3767, #1978, #1638, #836, #3712 ) ) ;
#2944 = ORIENTED_EDGE ( 'NONE', *, *, #1925, .T. ) ;
#2945 = DIRECTION ( 'NONE',  ( 0.0000000000000000000, 0.0000000000000000000, -1.000000000000000000 ) ) ;
#2946 =( LENGTH_UNIT ( ) NAMED_UNIT ( * ) SI_UNIT ( .MILLI., .METRE. ) );
#2947 = VECTOR ( 'NONE', #5456, 1000.000000000000000 ) ;
#2948 = FILL_AREA_STYLE_COLOUR ( '', #450 ) ;
#2949 = EDGE_CURVE ( 'NONE', #4642, #2006, #3272, .T. ) ;
#2950 = CARTESIAN_POINT ( 'NONE',  ( -8.300000000000004263, -15.50000000000000000, 7.000000000000000888 ) ) ;
#2951 = ORIENTED_EDGE ( 'NONE', *, *, #768, .F. ) ;
#2952 = PRESENTATION_LAYER_ASSIGNMENT (  '', '', ( #2365 ) ) ;
#2953 = ORIENTED_EDGE ( 'NONE', *, *, #2972, .F. ) ;
#2954 = ORIENTED_EDGE ( 'NONE', *, *, #4748, .T. ) ;
#2955 = CARTESIAN_POINT ( 'NONE',  ( 6.492820323027555851, -15.50000000000000000, -0.4000000000000001887 ) ) ;
#2956 = EDGE_CURVE ( 'NONE', #3964, #5218, #3605, .T. ) ;
#2957 = SURFACE_SIDE_STYLE ('',( #5250 ) ) ;
#2958 = AXIS2_PLACEMENT_3D ( 'NONE', #4868, #747, #1661 ) ;
#2959 = DIRECTION ( 'NONE',  ( 0.0000000000000000000, 0.0000000000000000000, 1.000000000000000000 ) ) ;
#2960 = SURFACE_STYLE_USAGE ( .BOTH. , #2538 ) ;
#2961 = ORIENTED_EDGE ( 'NONE', *, *, #5240, .T. ) ;
#2962 = PRESENTATION_LAYER_ASSIGNMENT (  '', '', ( #5712 ) ) ;
#2963 = SURFACE_SIDE_STYLE ('',( #3461 ) ) ;
#2964 = CARTESIAN_POINT ( 'NONE',  ( -9.800000000000002487, -16.69999999999999929, 8.500000000000000000 ) ) ;
#2965 = LINE ( 'NONE', #1633, #3345 ) ;
#2966 = DIRECTION ( 'NONE',  ( 0.0000000000000000000, 0.0000000000000000000, 1.000000000000000000 ) ) ;
#2967 = SURFACE_STYLE_USAGE ( .BOTH. , #3437 ) ;
#2968 =( BOUNDED_CURVE ( )  B_SPLINE_CURVE ( 3, ( #5407, #1322, #4952, #930 ),
 .UNSPECIFIED., .F., .T. ) 
 B_SPLINE_CURVE_WITH_KNOTS ( ( 4, 4 ),
 ( 1.570796326794896558, 1.663304256200352826 ),
 .UNSPECIFIED. ) 
 CURVE ( )  GEOMETRIC_REPRESENTATION_ITEM ( )  RATIONAL_B_SPLINE_CURVE ( ( 1.000000000000000000, 0.9992869840506238832, 0.9992869840506238832, 1.000000000000000000 ) ) 
 REPRESENTATION_ITEM ( '' )  );
#2969 = STYLED_ITEM ( 'NONE', ( #1220 ), #4593 ) ;
#2970 = LINE ( 'NONE', #3056, #760 ) ;
#2971 = EDGE_LOOP ( 'NONE', ( #506, #5534, #484, #3277, #2979, #5168 ) ) ;
#2972 = EDGE_CURVE ( 'NONE', #4422, #948, #4080, .T. ) ;
#2973 = DIRECTION ( 'NONE',  ( 0.0000000000000000000, 0.0000000000000000000, 1.000000000000000000 ) ) ;
#2974 = CARTESIAN_POINT ( 'NONE',  ( 0.0000000000000000000, 0.0000000000000000000, 0.0000000000000000000 ) ) ;
#2975 = CARTESIAN_POINT ( 'NONE',  ( -8.082903768654761123, 9.509836809708341221, -3.476453858126656522E-15 ) ) ;
#2976 = LINE ( 'NONE', #4390, #3972 ) ;
#2977 = PRESENTATION_STYLE_ASSIGNMENT (( #1160 ) ) ;
#2978 = AXIS2_PLACEMENT_3D ( 'NONE', #1020, #3044, #5784 ) ;
#2979 = ORIENTED_EDGE ( 'NONE', *, *, #2864, .T. ) ;
#2980 = EDGE_LOOP ( 'NONE', ( #4730, #822 ) ) ;
#2981 = SURFACE_SIDE_STYLE ('',( #5706 ) ) ;
#2982 = EDGE_CURVE ( 'NONE', #2612, #237, #902, .T. ) ;
#2983 = AXIS2_PLACEMENT_3D ( 'NONE', #4339, #2144, #3449 ) ;
#2984 = DIRECTION ( 'NONE',  ( 0.0000000000000000000, 0.0000000000000000000, -1.000000000000000000 ) ) ;
#2985 = DIRECTION ( 'NONE',  ( 0.0000000000000000000, 0.0000000000000000000, -1.000000000000000000 ) ) ;
#2986 = FILL_AREA_STYLE_COLOUR ( '', #2445 ) ;
#2987 = ORIENTED_EDGE ( 'NONE', *, *, #2498, .F. ) ;
#2988 = ORIENTED_EDGE ( 'NONE', *, *, #5098, .F. ) ;
#2989 = MECHANICAL_DESIGN_GEOMETRIC_PRESENTATION_REPRESENTATION (  '', ( #1085 ), #4580 ) ;
#2990 = DIRECTION ( 'NONE',  ( -0.8660254037844374864, 0.5000000000000021094, 0.0000000000000000000 ) ) ;
#2991 = LINE ( 'NONE', #745, #662 ) ;
#2992 =( GEOMETRIC_REPRESENTATION_CONTEXT ( 3 ) GLOBAL_UNCERTAINTY_ASSIGNED_CONTEXT ( ( #534 ) ) GLOBAL_UNIT_ASSIGNED_CONTEXT ( ( #4410, #5820, #5412 ) ) REPRESENTATION_CONTEXT ( 'NONE', 'WORKASPACE' ) );
#2993 = FILL_AREA_STYLE ('',( #1632 ) ) ;
#2994 = UNCERTAINTY_MEASURE_WITH_UNIT (LENGTH_MEASURE( 1.000000000000000082E-05 ), #633, 'distance_accuracy_value', 'NONE');
#2995 = CARTESIAN_POINT ( 'NONE',  ( 4.799999999999998934, -16.69999999999999929, 0.4000000000000001887 ) ) ;
#2996 = FACE_OUTER_BOUND ( 'NONE', #4488, .T. ) ;
#2997 = PRESENTATION_STYLE_ASSIGNMENT (( #2967 ) ) ;
#2998 = COLOUR_RGB ( '',0.6392156862745097534, 0.6666666666666666297, 0.6784313725490196401 ) ;
#2999 = CARTESIAN_POINT ( 'NONE',  ( -4.107179676972443794, -15.50000000000000000, 5.200000000000000178 ) ) ;
#3000 = ORIENTED_EDGE ( 'NONE', *, *, #3204, .T. ) ;
#3001 = ORIENTED_EDGE ( 'NONE', *, *, #886, .F. ) ;
#3002 = LINE ( 'NONE', #4387, #3737 ) ;
#3003 =( NAMED_UNIT ( * ) PLANE_ANGLE_UNIT ( ) SI_UNIT ( $, .RADIAN. ) );
#3004 = ORIENTED_EDGE ( 'NONE', *, *, #4526, .F. ) ;
#3005 = ORIENTED_EDGE ( 'NONE', *, *, #2229, .F. ) ;
#3006 = CARTESIAN_POINT ( 'NONE',  ( -5.800000000000000711, -19.69999999999999929, -4.399999999999999467 ) ) ;
#3007 = SURFACE_STYLE_FILL_AREA ( #2093 ) ;
#3008 = LINE ( 'NONE', #5774, #4956 ) ;
#3009 = UNCERTAINTY_MEASURE_WITH_UNIT (LENGTH_MEASURE( 1.000000000000000082E-05 ), #4997, 'distance_accuracy_value', 'NONE');
#3010 = EDGE_CURVE ( 'NONE', #2820, #4045, #377, .T. ) ;
#3011 = CARTESIAN_POINT ( 'NONE',  ( 4.041451884327378785, 9.509836809708341221, -7.000000000000000888 ) ) ;
#3012 = ORIENTED_EDGE ( 'NONE', *, *, #4072, .T. ) ;
#3013 = ORIENTED_EDGE ( 'NONE', *, *, #3470, .T. ) ;
#3014 = CONICAL_SURFACE ( 'NONE', #923, 7.000000000000000888, 1.308996938995750092 ) ;
#3015 = AXIS2_PLACEMENT_3D ( 'NONE', #1403, #3892, #1244 ) ;
#3016 = DIRECTION ( 'NONE',  ( 0.0000000000000000000, 0.0000000000000000000, -1.000000000000000000 ) ) ;
#3017 = PRESENTATION_STYLE_ASSIGNMENT (( #5273 ) ) ;
#3018 = EDGE_CURVE ( 'NONE', #2806, #796, #2834, .T. ) ;
#3019 = DIRECTION ( 'NONE',  ( 0.0000000000000000000, 0.0000000000000000000, 1.000000000000000000 ) ) ;
#3020 = CIRCLE ( 'NONE', #4520, 7.000000000000000888 ) ;
#3021 = CARTESIAN_POINT ( 'NONE',  ( 6.123233995736767268E-16, 16.80000000000000071, 5.000000000000000888 ) ) ;
#3022 = VECTOR ( 'NONE', #938, 1000.000000000000000 ) ;
#3023 = CARTESIAN_POINT ( 'NONE',  ( 0.0000000000000000000, 16.50000000000000000, 4.699999999999999289 ) ) ;
#3024 = LINE ( 'NONE', #3853, #1754 ) ;
#3025 = AXIS2_PLACEMENT_3D ( 'NONE', #4572, #4512, #5008 ) ;
#3026 = FILL_AREA_STYLE ('',( #5048 ) ) ;
#3027 = PLANE ( 'NONE',  #2335 ) ;
#3028 = EDGE_CURVE ( 'NONE', #5519, #5512, #46, .T. ) ;
#3029 = CARTESIAN_POINT ( 'NONE',  ( 0.0000000000000000000, 0.0000000000000000000, 7.000000000000000000 ) ) ;
#3030 = EDGE_LOOP ( 'NONE', ( #3939, #440, #4196, #3727 ) ) ;
#3031 = FACE_OUTER_BOUND ( 'NONE', #644, .T. ) ;
#3032 =( LENGTH_UNIT ( ) NAMED_UNIT ( * ) SI_UNIT ( .MILLI., .METRE. ) );
#3033 =( LENGTH_UNIT ( ) NAMED_UNIT ( * ) SI_UNIT ( .MILLI., .METRE. ) );
#3034 = MECHANICAL_DESIGN_GEOMETRIC_PRESENTATION_REPRESENTATION (  '', ( #97 ), #3211 ) ;
#3035 = ORIENTED_EDGE ( 'NONE', *, *, #3562, .F. ) ;
#3036 = SURFACE_STYLE_FILL_AREA ( #5740 ) ;
#3037 = ORIENTED_EDGE ( 'NONE', *, *, #2356, .F. ) ;
#3038 = FILL_AREA_STYLE ('',( #1199 ) ) ;
#3039 = CARTESIAN_POINT ( 'NONE',  ( 5.800000000000001599, -16.69999999999999929, 0.4000000000000001887 ) ) ;
#3040 = PRESENTATION_LAYER_ASSIGNMENT (  '', '', ( #5494 ) ) ;
#3041 = FACE_OUTER_BOUND ( 'NONE', #536, .T. ) ;
#3042 = ORIENTED_EDGE ( 'NONE', *, *, #1100, .T. ) ;
#3043 = ORIENTED_EDGE ( 'NONE', *, *, #4324, .F. ) ;
#3044 = DIRECTION ( 'NONE',  ( -1.000000000000000000, 0.0000000000000000000, 0.0000000000000000000 ) ) ;
#3045 = STYLED_ITEM ( 'NONE', ( #1817 ), #3952 ) ;
#3046 = ADVANCED_FACE ( 'NONE', ( #2287 ), #3160, .F. ) ;
#3047 = CARTESIAN_POINT ( 'NONE',  ( 0.5000000000000013323, -19.69999999999999929, -4.399999999999999467 ) ) ;
#3048 = DIRECTION ( 'NONE',  ( 0.0000000000000000000, 0.0000000000000000000, 1.000000000000000000 ) ) ;
#3049 = VECTOR ( 'NONE', #4775, 1000.000000000000000 ) ;
#3050 = FACE_OUTER_BOUND ( 'NONE', #677, .T. ) ;
#3051 = EDGE_CURVE ( 'NONE', #4480, #5519, #2316, .T. ) ;
#3052 = CARTESIAN_POINT ( 'NONE',  ( 0.5000000000000013323, -19.69999999999999929, -4.399999999999999467 ) ) ;
#3053 = UNCERTAINTY_MEASURE_WITH_UNIT (LENGTH_MEASURE( 1.000000000000000082E-05 ), #4534, 'distance_accuracy_value', 'NONE');
#3054 = DIRECTION ( 'NONE',  ( -0.0000000000000000000, -1.000000000000000000, -0.0000000000000000000 ) ) ;
#3055 = DIRECTION ( 'NONE',  ( 1.000000000000000000, 0.0000000000000000000, -0.0000000000000000000 ) ) ;
#3056 = CARTESIAN_POINT ( 'NONE',  ( -8.300000000000004263, -15.50000000000000000, -7.000000000000000888 ) ) ;
#3057 = EDGE_LOOP ( 'NONE', ( #181, #4543, #2921 ) ) ;
#3058 = COLOUR_RGB ( '',1.000000000000000000, 1.000000000000000000, 1.000000000000000000 ) ;
#3059 = PRESENTATION_LAYER_ASSIGNMENT (  '', '', ( #790 ) ) ;
#3060 = SURFACE_STYLE_USAGE ( .BOTH. , #1248 ) ;
#3061 =( LENGTH_UNIT ( ) NAMED_UNIT ( * ) SI_UNIT ( .MILLI., .METRE. ) );
#3062 = DIRECTION ( 'NONE',  ( 0.0000000000000000000, 0.0000000000000000000, 1.000000000000000000 ) ) ;
#3063 =( GEOMETRIC_REPRESENTATION_CONTEXT ( 3 ) GLOBAL_UNCERTAINTY_ASSIGNED_CONTEXT ( ( #3837 ) ) GLOBAL_UNIT_ASSIGNED_CONTEXT ( ( #1191, #3003, #5230 ) ) REPRESENTATION_CONTEXT ( 'NONE', 'WORKASPACE' ) );
#3064 = CARTESIAN_POINT ( 'NONE',  ( 4.799999999999998934, -16.69999999999999929, -4.399999999999999467 ) ) ;
#3065 = ORIENTED_EDGE ( 'NONE', *, *, #5626, .T. ) ;
#3066 = PLANE ( 'NONE',  #5454 ) ;
#3067 = ADVANCED_FACE ( 'NONE', ( #540 ), #56, .T. ) ;
#3068 = PRESENTATION_STYLE_ASSIGNMENT (( #1732 ) ) ;
#3069 = CARTESIAN_POINT ( 'NONE',  ( 5.800000000000001599, -16.69999999999999929, -4.399999999999999467 ) ) ;
#3070 = FACE_OUTER_BOUND ( 'NONE', #515, .T. ) ;
#3071 = CLOSED_SHELL ( 'NONE', ( #761, #5292, #1830, #1140, #5734, #1495 ) ) ;
#3072 = DIRECTION ( 'NONE',  ( 0.5000000000000021094, -0.8660254037844374864, -0.0000000000000000000 ) ) ;
#3073 = VERTEX_POINT ( 'NONE', #4495 ) ;
#3074 = ORIENTED_EDGE ( 'NONE', *, *, #5656, .T. ) ;
#3075 = FACE_OUTER_BOUND ( 'NONE', #2497, .T. ) ;
#3076 = SURFACE_STYLE_FILL_AREA ( #343 ) ;
#3077 = LINE ( 'NONE', #2695, #2767 ) ;
#3078 = CARTESIAN_POINT ( 'NONE',  ( -3.369740690737204503, 4.299829045643058123, 7.000000000000000888 ) ) ;
#3079 = ADVANCED_FACE ( 'NONE', ( #3670 ), #4062, .T. ) ;
#3080 = CARTESIAN_POINT ( 'NONE',  ( 6.492820323027555851, -15.50000000000000000, 5.200000000000000178 ) ) ;
#3081 = AXIS2_PLACEMENT_3D ( 'NONE', #726, #2085, #2973 ) ;
#3082 = FILL_AREA_STYLE ('',( #3589 ) ) ;
#3083 = CARTESIAN_POINT ( 'NONE',  ( -4.041451884327383226, 4.500000000000000000, -7.000000000000000000 ) ) ;
#3084 = CARTESIAN_POINT ( 'NONE',  ( 5.800000000000001599, -19.69999999999999929, 4.399999999999999467 ) ) ;
#3085 = FILL_AREA_STYLE_COLOUR ( '', #2024 ) ;
#3086 = CARTESIAN_POINT ( 'NONE',  ( -7.511572993685797128E-16, 9.799999999999998934, -7.000000000000000888 ) ) ;
#3087 = SURFACE_STYLE_FILL_AREA ( #5332 ) ;
#3088 = VERTEX_POINT ( 'NONE', #520 ) ;
#3089 = MECHANICAL_DESIGN_GEOMETRIC_PRESENTATION_REPRESENTATION (  '', ( #427 ), #1667 ) ;
#3090 = DIRECTION ( 'NONE',  ( -0.0000000000000000000, -0.0000000000000000000, -1.000000000000000000 ) ) ;
#3091 = SURFACE_STYLE_FILL_AREA ( #3541 ) ;
#3092 = FILL_AREA_STYLE_COLOUR ( '', #1886 ) ;
#3093 = FACE_OUTER_BOUND ( 'NONE', #1474, .T. ) ;
#3094 = ADVANCED_FACE ( 'NONE', ( #2324 ), #1745, .F. ) ;
#3095 = CIRCLE ( 'NONE', #3467, 6.250000000000000000 ) ;
#3096 = SURFACE_SIDE_STYLE ('',( #3652 ) ) ;
#3097 = ORIENTED_EDGE ( 'NONE', *, *, #2104, .T. ) ;
#3098 =( NAMED_UNIT ( * ) SI_UNIT ( $, .STERADIAN. ) SOLID_ANGLE_UNIT ( ) );
#3099 = CARTESIAN_POINT ( 'NONE',  ( 4.799999999999999822, -19.69999999999999929, 5.200000000000000178 ) ) ;
#3100 = FILL_AREA_STYLE_COLOUR ( '', #4851 ) ;
#3101 = ORIENTED_EDGE ( 'NONE', *, *, #1075, .F. ) ;
#3102 = ADVANCED_FACE ( 'NONE', ( #4033 ), #1805, .F. ) ;
#3103 = ORIENTED_EDGE ( 'NONE', *, *, #3635, .F. ) ;
#3104 = FILL_AREA_STYLE ('',( #4891 ) ) ;
#3105 = DIRECTION ( 'NONE',  ( 1.000000000000000000, 0.0000000000000000000, 0.0000000000000000000 ) ) ;
#3106 = DIRECTION ( 'NONE',  ( 0.0000000000000000000, 1.000000000000000000, 0.0000000000000000000 ) ) ;
#3107 =( LENGTH_UNIT ( ) NAMED_UNIT ( * ) SI_UNIT ( .MILLI., .METRE. ) );
#3108 = DIRECTION ( 'NONE',  ( -0.0000000000000000000, -1.000000000000000000, -0.0000000000000000000 ) ) ;
#3109 = CIRCLE ( 'NONE', #539, 4.699999999999999289 ) ;
#3110 = LINE ( 'NONE', #3023, #1878 ) ;
#3111 = ORIENTED_EDGE ( 'NONE', *, *, #86, .T. ) ;
#3112 = EDGE_CURVE ( 'NONE', #117, #58, #2169, .T. ) ;
#3113 = UNCERTAINTY_MEASURE_WITH_UNIT (LENGTH_MEASURE( 1.000000000000000082E-05 ), #716, 'distance_accuracy_value', 'NONE');
#3114 = PLANE ( 'NONE',  #233 ) ;
#3115 = MECHANICAL_DESIGN_GEOMETRIC_PRESENTATION_REPRESENTATION (  '', ( #928 ), #2438 ) ;
#3116 = AXIS2_PLACEMENT_3D ( 'NONE', #1771, #2241, #1806 ) ;
#3117 = CARTESIAN_POINT ( 'NONE',  ( 4.041451884327378785, 4.500000000000000000, -7.000000000000000888 ) ) ;
#3118 = CARTESIAN_POINT ( 'NONE',  ( 7.347880794884120722E-16, 9.799999999999998934, 6.000000000000000888 ) ) ;
#3119 = FILL_AREA_STYLE ('',( #3703 ) ) ;
#3120 = ORIENTED_EDGE ( 'NONE', *, *, #1021, .T. ) ;
#3121 = MECHANICAL_DESIGN_GEOMETRIC_PRESENTATION_REPRESENTATION (  '', ( #361 ), #3394 ) ;
#3122 = AXIS2_PLACEMENT_3D ( 'NONE', #1405, #5028, #953 ) ;
#3123 = SURFACE_STYLE_FILL_AREA ( #5390 ) ;
#3124 = EDGE_CURVE ( 'NONE', #1904, #1185, #5441, .T. ) ;
#3125 = SURFACE_STYLE_USAGE ( .BOTH. , #3677 ) ;
#3126 = CARTESIAN_POINT ( 'NONE',  ( 0.0000000000000000000, 7.500000000000000000, 0.0000000000000000000 ) ) ;
#3127 = MECHANICAL_DESIGN_GEOMETRIC_PRESENTATION_REPRESENTATION (  '', ( #3304 ), #3586 ) ;
#3128 = FILL_AREA_STYLE ('',( #1727 ) ) ;
#3129 = ORIENTED_EDGE ( 'NONE', *, *, #4944, .T. ) ;
#3130 = CARTESIAN_POINT ( 'NONE',  ( -4.799999999999998934, -19.69999999999999929, 4.399999999999999467 ) ) ;
#3131 =( NAMED_UNIT ( * ) PLANE_ANGLE_UNIT ( ) SI_UNIT ( $, .RADIAN. ) );
#3132 = EDGE_CURVE ( 'NONE', #3202, #767, #1709, .T. ) ;
#3133 = SURFACE_SIDE_STYLE ('',( #2224 ) ) ;
#3134 = COLOUR_RGB ( '',0.7529411764705882248, 0.7529411764705882248, 0.7529411764705882248 ) ;
#3135 = VECTOR ( 'NONE', #793, 1000.000000000000000 ) ;
#3136 = LINE ( 'NONE', #2289, #4653 ) ;
#3137 = LINE ( 'NONE', #5464, #2751 ) ;
#3138 = DIRECTION ( 'NONE',  ( 1.000000000000000000, 0.0000000000000000000, -0.0000000000000000000 ) ) ;
#3139 = VERTEX_POINT ( 'NONE', #5623 ) ;
#3140 = AXIS2_PLACEMENT_3D ( 'NONE', #1112, #4821, #2590 ) ;
#3141 = VERTEX_POINT ( 'NONE', #1539 ) ;
#3142 = DIRECTION ( 'NONE',  ( 0.5000000000000021094, 0.8660254037844374864, 0.0000000000000000000 ) ) ;
#3143 =( GEOMETRIC_REPRESENTATION_CONTEXT ( 3 ) GLOBAL_UNCERTAINTY_ASSIGNED_CONTEXT ( ( #1986 ) ) GLOBAL_UNIT_ASSIGNED_CONTEXT ( ( #4444, #1366, #895 ) ) REPRESENTATION_CONTEXT ( 'NONE', 'WORKASPACE' ) );
#3144 = FILL_AREA_STYLE ('',( #3190 ) ) ;
#3145 = FACE_OUTER_BOUND ( 'NONE', #1990, .T. ) ;
#3146 = CARTESIAN_POINT ( 'NONE',  ( 1.192820323027555807, -15.50000000000000000, 0.4000000000000001887 ) ) ;
#3147 = DIRECTION ( 'NONE',  ( 0.0000000000000000000, -0.0000000000000000000, -1.000000000000000000 ) ) ;
#3148 =( LENGTH_UNIT ( ) NAMED_UNIT ( * ) SI_UNIT ( .MILLI., .METRE. ) );
#3149 = PRESENTATION_LAYER_ASSIGNMENT (  '', '', ( #3429 ) ) ;
#3150 = ADVANCED_FACE ( 'NONE', ( #5100 ), #5560, .F. ) ;
#3151 = ORIENTED_EDGE ( 'NONE', *, *, #3470, .F. ) ;
#3152 = VECTOR ( 'NONE', #2835, 1000.000000000000000 ) ;
#3153 = CARTESIAN_POINT ( 'NONE',  ( 4.799999999999998934, -16.69999999999999929, 0.4000000000000001887 ) ) ;
#3154 = VECTOR ( 'NONE', #4498, 1000.000000000000000 ) ;
#3155 =( LENGTH_UNIT ( ) NAMED_UNIT ( * ) SI_UNIT ( .MILLI., .METRE. ) );
#3156 = CARTESIAN_POINT ( 'NONE',  ( 4.799999999999998934, -16.69999999999999929, 5.200000000000000178 ) ) ;
#3157 = VECTOR ( 'NONE', #1151, 1000.000000000000000 ) ;
#3158 = ORIENTED_EDGE ( 'NONE', *, *, #270, .F. ) ;
#3159 = CARTESIAN_POINT ( 'NONE',  ( 6.492820323027555851, -15.50000000000000000, -4.399999999999999467 ) ) ;
#3160 = PLANE ( 'NONE',  #1522 ) ;
#3161 = FACE_OUTER_BOUND ( 'NONE', #608, .T. ) ;
#3162 = DIRECTION ( 'NONE',  ( 0.0000000000000000000, 0.0000000000000000000, -1.000000000000000000 ) ) ;
#3163 = ORIENTED_EDGE ( 'NONE', *, *, #564, .F. ) ;
#3164 = LINE ( 'NONE', #4142, #2730 ) ;
#3165 = ORIENTED_EDGE ( 'NONE', *, *, #96, .F. ) ;
#3166 = CARTESIAN_POINT ( 'NONE',  ( -4.107179676972443794, -15.50000000000000000, 0.4000000000000001887 ) ) ;
#3167 = CARTESIAN_POINT ( 'NONE',  ( -6.062177826491073951, 4.500000000000000000, -3.500000000000000444 ) ) ;
#3168 = FACE_OUTER_BOUND ( 'NONE', #2706, .T. ) ;
#3169 = VECTOR ( 'NONE', #2582, 1000.000000000000000 ) ;
#3170 = DIRECTION ( 'NONE',  ( 0.0000000000000000000, 0.0000000000000000000, -1.000000000000000000 ) ) ;
#3171 = CARTESIAN_POINT ( 'NONE',  ( -9.800000000000002487, -16.69999999999999929, 8.500000000000000000 ) ) ;
#3172 = LINE ( 'NONE', #1515, #971 ) ;
#3173 = CARTESIAN_POINT ( 'NONE',  ( 0.0000000000000000000, 21.19999999999999574, 0.0000000000000000000 ) ) ;
#3174 = DIRECTION ( 'NONE',  ( 0.0000000000000000000, -1.000000000000000000, 0.0000000000000000000 ) ) ;
#3175 =( NAMED_UNIT ( * ) SI_UNIT ( $, .STERADIAN. ) SOLID_ANGLE_UNIT ( ) );
#3176 = EDGE_LOOP ( 'NONE', ( #4172, #3386, #1937, #5747 ) ) ;
#3177 = AXIS2_PLACEMENT_3D ( 'NONE', #314, #3962, #3515 ) ;
#3178 = CARTESIAN_POINT ( 'NONE',  ( 0.0000000000000000000, 0.0000000000000000000, 0.0000000000000000000 ) ) ;
#3179 = CARTESIAN_POINT ( 'NONE',  ( 0.0000000000000000000, 0.0000000000000000000, 0.0000000000000000000 ) ) ;
#3180 = AXIS2_PLACEMENT_3D ( 'NONE', #2974, #5229, #4785 ) ;
#3181 = ORIENTED_EDGE ( 'NONE', *, *, #2209, .T. ) ;
#3182 = VERTEX_POINT ( 'NONE', #4263 ) ;
#3183 = CARTESIAN_POINT ( 'NONE',  ( 0.0000000000000000000, 4.500000000000000000, 0.0000000000000000000 ) ) ;
#3184 = PRESENTATION_STYLE_ASSIGNMENT (( #881 ) ) ;
#3185 = DIRECTION ( 'NONE',  ( 0.0000000000000000000, -1.000000000000000000, 0.0000000000000000000 ) ) ;
#3186 = LINE ( 'NONE', #2698, #551 ) ;
#3187 = AXIS2_PLACEMENT_3D ( 'NONE', #4815, #3476, #4394 ) ;
#3188 = EDGE_LOOP ( 'NONE', ( #2265, #2284, #282, #1842, #4021, #2208 ) ) ;
#3189 = ORIENTED_EDGE ( 'NONE', *, *, #3051, .F. ) ;
#3190 = FILL_AREA_STYLE_COLOUR ( '', #2748 ) ;
#3191 = CARTESIAN_POINT ( 'NONE',  ( 0.0000000000000000000, 0.0000000000000000000, -6.000000000000000888 ) ) ;
#3192 = DIRECTION ( 'NONE',  ( 0.0000000000000000000, 0.0000000000000000000, 1.000000000000000000 ) ) ;
#3193 = CIRCLE ( 'NONE', #5012, 7.500000000000000000 ) ;
#3194 = PRESENTATION_STYLE_ASSIGNMENT (( #2708 ) ) ;
#3195 = EDGE_CURVE ( 'NONE', #4985, #4879, #4236, .T. ) ;
#3196 = CARTESIAN_POINT ( 'NONE',  ( -4.799999999999998934, -19.69999999999999929, -0.4000000000000001887 ) ) ;
#3197 = CARTESIAN_POINT ( 'NONE',  ( 4.799999999999999822, -19.69999999999999929, -4.399999999999999467 ) ) ;
#3198 =( LENGTH_UNIT ( ) NAMED_UNIT ( * ) SI_UNIT ( .MILLI., .METRE. ) );
#3199 = CONICAL_SURFACE ( 'NONE', #846, 7.000000000000000888, 1.308996938995750092 ) ;
#3200 = MECHANICAL_DESIGN_GEOMETRIC_PRESENTATION_REPRESENTATION (  '', ( #1124 ), #4721 ) ;
#3201 = VERTEX_POINT ( 'NONE', #2903 ) ;
#3202 = VERTEX_POINT ( 'NONE', #2842 ) ;
#3203 = LINE ( 'NONE', #393, #3938 ) ;
#3204 = EDGE_CURVE ( 'NONE', #5655, #4045, #2584, .T. ) ;
#3205 = CARTESIAN_POINT ( 'NONE',  ( -0.6726747950258311626, 4.500000000000000888, -7.000000000000000000 ) ) ;
#3206 = UNCERTAINTY_MEASURE_WITH_UNIT (LENGTH_MEASURE( 1.000000000000000082E-05 ), #4612, 'distance_accuracy_value', 'NONE');
#3207 = PRESENTATION_STYLE_ASSIGNMENT (( #74 ) ) ;
#3208 = PRESENTATION_STYLE_ASSIGNMENT (( #1210 ) ) ;
#3209 = CARTESIAN_POINT ( 'NONE',  ( 5.800000000000001599, -16.69999999999999929, 0.4000000000000001887 ) ) ;
#3210 =( NAMED_UNIT ( * ) PLANE_ANGLE_UNIT ( ) SI_UNIT ( $, .RADIAN. ) );
#3211 =( GEOMETRIC_REPRESENTATION_CONTEXT ( 3 ) GLOBAL_UNCERTAINTY_ASSIGNED_CONTEXT ( ( #218 ) ) GLOBAL_UNIT_ASSIGNED_CONTEXT ( ( #467, #2275, #2675 ) ) REPRESENTATION_CONTEXT ( 'NONE', 'WORKASPACE' ) );
#3212 = CARTESIAN_POINT ( 'NONE',  ( 0.0000000000000000000, 9.799999999999998934, 0.0000000000000000000 ) ) ;
#3213 = SURFACE_SIDE_STYLE ('',( #3584 ) ) ;
#3214 = DIRECTION ( 'NONE',  ( 0.0000000000000000000, -0.0000000000000000000, -1.000000000000000000 ) ) ;
#3215 = ORIENTED_EDGE ( 'NONE', *, *, #3801, .F. ) ;
#3216 = PRESENTATION_LAYER_ASSIGNMENT (  '', '', ( #3788 ) ) ;
#3217 = SURFACE_SIDE_STYLE ('',( #5175 ) ) ;
#3218 = DIRECTION ( 'NONE',  ( 0.0000000000000000000, 0.0000000000000000000, -1.000000000000000000 ) ) ;
#3219 = PRESENTATION_STYLE_ASSIGNMENT (( #4119 ) ) ;
#3220 = COLOUR_RGB ( '',1.000000000000000000, 1.000000000000000000, 1.000000000000000000 ) ;
#3221 = CARTESIAN_POINT ( 'NONE',  ( -6.492820323027555851, -15.50000000000000000, -4.399999999999999467 ) ) ;
#3222 = EDGE_CURVE ( 'NONE', #4081, #420, #2874, .T. ) ;
#3223 = SURFACE_STYLE_USAGE ( .BOTH. , #120 ) ;
#3224 = PLANE ( 'NONE',  #5598 ) ;
#3225 = CARTESIAN_POINT ( 'NONE',  ( -5.800000000000000711, -19.69999999999999929, 0.4000000000000001887 ) ) ;
#3226 = FILL_AREA_STYLE_COLOUR ( '', #693 ) ;
#3227 = VERTEX_POINT ( 'NONE', #5591 ) ;
#3228 = CARTESIAN_POINT ( 'NONE',  ( 0.5000000000000013323, -19.69999999999999929, -5.200000000000000178 ) ) ;
#3229 = PRESENTATION_LAYER_ASSIGNMENT (  '', '', ( #485 ) ) ;
#3230 = CARTESIAN_POINT ( 'NONE',  ( 1.349728080773486827, 7.500000000000000000, 6.999999999999998224 ) ) ;
#3231 = VECTOR ( 'NONE', #105, 1000.000000000000000 ) ;
#3232 = B_SPLINE_CURVE_WITH_KNOTS ( 'NONE', 3,
 ( #3432, #1174, #3883, #744 ),
 .UNSPECIFIED., .F., .F.,
 ( 4, 4 ),
 ( 2.309401076756360087E-07, 0.004041682824435059718 ),
 .UNSPECIFIED. ) ;
#3233 = DIRECTION ( 'NONE',  ( -0.0000000000000000000, -1.000000000000000000, -0.0000000000000000000 ) ) ;
#3234 = ORIENTED_EDGE ( 'NONE', *, *, #2851, .T. ) ;
#3235 = CIRCLE ( 'NONE', #1067, 4.000000000000000888 ) ;
#3236 = EDGE_CURVE ( 'NONE', #5265, #4910, #208, .T. ) ;
#3237 = VECTOR ( 'NONE', #100, 1000.000000000000000 ) ;
#3238 = ORIENTED_EDGE ( 'NONE', *, *, #3236, .T. ) ;
#3239 = LINE ( 'NONE', #537, #2501 ) ;
#3240 = DIRECTION ( 'NONE',  ( -0.0000000000000000000, -0.0000000000000000000, -1.000000000000000000 ) ) ;
#3241 = AXIS2_PLACEMENT_3D ( 'NONE', #3064, #4876, #5365 ) ;
#3242 = CARTESIAN_POINT ( 'NONE',  ( 5.800000000000001599, -16.69999999999999929, -4.399999999999999467 ) ) ;
#3243 =( LENGTH_UNIT ( ) NAMED_UNIT ( * ) SI_UNIT ( .MILLI., .METRE. ) );
#3244 = SURFACE_STYLE_FILL_AREA ( #3722 ) ;
#3245 = ORIENTED_EDGE ( 'NONE', *, *, #4996, .T. ) ;
#3246 = EDGE_CURVE ( 'NONE', #1707, #4916, #4733, .T. ) ;
#3247 = CARTESIAN_POINT ( 'NONE',  ( 4.799999999999999822, -19.69999999999999929, -4.399999999999999467 ) ) ;
#3248 = STYLED_ITEM ( 'NONE', ( #380 ), #5780 ) ;
#3249 = ORIENTED_EDGE ( 'NONE', *, *, #441, .T. ) ;
#3250 = CIRCLE ( 'NONE', #5424, 8.000000000000000000 ) ;
#3251 = SURFACE_SIDE_STYLE ('',( #1980 ) ) ;
#3252 = CARTESIAN_POINT ( 'NONE',  ( -0.5000000000000004441, -19.69999999999999929, 0.4000000000000001887 ) ) ;
#3253 = CARTESIAN_POINT ( 'NONE',  ( 0.0000000000000000000, 2.199999999999999734, 0.0000000000000000000 ) ) ;
#3254 = CLOSED_SHELL ( 'NONE', ( #5695, #215, #4188, #5438, #4639, #3690, #3067, #2625 ) ) ;
#3255 = PLANE ( 'NONE',  #4818 ) ;
#3256 = ORIENTED_EDGE ( 'NONE', *, *, #358, .F. ) ;
#3257 = PRESENTATION_STYLE_ASSIGNMENT (( #3223 ) ) ;
#3258 = CARTESIAN_POINT ( 'NONE',  ( 0.0000000000000000000, 7.500000000000000000, 0.0000000000000000000 ) ) ;
#3259 = CARTESIAN_POINT ( 'NONE',  ( -5.800000000000000711, -19.69999999999999929, 4.399999999999999467 ) ) ;
#3260 =( GEOMETRIC_REPRESENTATION_CONTEXT ( 3 ) GLOBAL_UNCERTAINTY_ASSIGNED_CONTEXT ( ( #607 ) ) GLOBAL_UNIT_ASSIGNED_CONTEXT ( ( #447, #4046, #1373 ) ) REPRESENTATION_CONTEXT ( 'NONE', 'WORKASPACE' ) );
#3261 = ORIENTED_EDGE ( 'NONE', *, *, #3548, .T. ) ;
#3262 = FACE_OUTER_BOUND ( 'NONE', #1588, .T. ) ;
#3263 = FACE_OUTER_BOUND ( 'NONE', #1459, .T. ) ;
#3264 = SURFACE_STYLE_USAGE ( .BOTH. , #2855 ) ;
#3265 = LINE ( 'NONE', #4274, #1318 ) ;
#3266 = ADVANCED_FACE ( 'NONE', ( #649 ), #587, .T. ) ;
#3267 = PLANE ( 'NONE',  #2067 ) ;
#3268 = DIRECTION ( 'NONE',  ( 0.0000000000000000000, 1.000000000000000000, 0.0000000000000000000 ) ) ;
#3269 = ORIENTED_EDGE ( 'NONE', *, *, #4474, .F. ) ;
#3270 = VERTEX_POINT ( 'NONE', #1894 ) ;
#3271 = DIRECTION ( 'NONE',  ( 0.0000000000000000000, 1.000000000000000000, 0.0000000000000000000 ) ) ;
#3272 = LINE ( 'NONE', #3638, #2459 ) ;
#3273 = EDGE_CURVE ( 'NONE', #1503, #5211, #5502, .T. ) ;
#3274 = SURFACE_STYLE_FILL_AREA ( #1441 ) ;
#3275 = SURFACE_SIDE_STYLE ('',( #3244 ) ) ;
#3276 = ORIENTED_EDGE ( 'NONE', *, *, #2982, .T. ) ;
#3277 = ORIENTED_EDGE ( 'NONE', *, *, #1590, .F. ) ;
#3278 = ORIENTED_EDGE ( 'NONE', *, *, #4909, .F. ) ;
#3279 = EDGE_CURVE ( 'NONE', #4200, #1707, #3232, .T. ) ;
#3280 = CARTESIAN_POINT ( 'NONE',  ( -4.799999999999998934, -16.69999999999999929, 0.4000000000000001887 ) ) ;
#3281 = DIRECTION ( 'NONE',  ( 0.0000000000000000000, 0.0000000000000000000, 1.000000000000000000 ) ) ;
#3282 = VERTEX_POINT ( 'NONE', #4605 ) ;
#3283 = PRODUCT_DEFINITION_FORMATION_WITH_SPECIFIED_SOURCE ( 'ANY', '', #4145, .NOT_KNOWN. ) ;
#3284 = ADVANCED_FACE ( 'NONE', ( #5251 ), #2071, .F. ) ;
#3285 =( LENGTH_UNIT ( ) NAMED_UNIT ( * ) SI_UNIT ( .MILLI., .METRE. ) );
#3286 = CARTESIAN_POINT ( 'NONE',  ( -0.5000000000000004441, -19.69999999999999929, 0.4000000000000001887 ) ) ;
#3287 = DIRECTION ( 'NONE',  ( 0.0000000000000000000, 0.0000000000000000000, 1.000000000000000000 ) ) ;
#3288 = CARTESIAN_POINT ( 'NONE',  ( 0.5000000000000013323, -16.69999999999999929, -4.399999999999999467 ) ) ;
#3289 = CONICAL_SURFACE ( 'NONE', #4622, 7.000000000000000888, 1.308996938995750092 ) ;
#3290 = MECHANICAL_DESIGN_GEOMETRIC_PRESENTATION_REPRESENTATION (  '', ( #1119 ), #5286 ) ;
#3291 = ADVANCED_FACE ( 'NONE', ( #1712 ), #5036, .T. ) ;
#3292 = DIRECTION ( 'NONE',  ( 0.0000000000000000000, -0.0000000000000000000, 1.000000000000000000 ) ) ;
#3293 = FILL_AREA_STYLE_COLOUR ( '', #91 ) ;
#3294 = PRESENTATION_LAYER_ASSIGNMENT (  '', '', ( #2824 ) ) ;
#3295 = CIRCLE ( 'NONE', #5665, 7.000000000000000888 ) ;
#3296 =( LENGTH_UNIT ( ) NAMED_UNIT ( * ) SI_UNIT ( .MILLI., .METRE. ) );
#3297 = VERTEX_POINT ( 'NONE', #3399 ) ;
#3298 = EDGE_CURVE ( 'NONE', #4203, #2380, #468, .T. ) ;
#3299 = CARTESIAN_POINT ( 'NONE',  ( -0.1927936049961087306, 5.166071680772374997, 6.250000000000000888 ) ) ;
#3300 = EDGE_CURVE ( 'NONE', #4903, #634, #3530, .T. ) ;
#3301 = MECHANICAL_DESIGN_GEOMETRIC_PRESENTATION_REPRESENTATION (  '', ( #3875 ), #1221 ) ;
#3302 = AXIS2_PLACEMENT_3D ( 'NONE', #115, #1922, #3729 ) ;
#3303 = CARTESIAN_POINT ( 'NONE',  ( -7.511572993685797128E-16, 9.799999999999998934, -7.000000000000000888 ) ) ;
#3304 = STYLED_ITEM ( 'NONE', ( #2977 ), #1870 ) ;
#3305 = ORIENTED_EDGE ( 'NONE', *, *, #1133, .T. ) ;
#3306 = ORIENTED_EDGE ( 'NONE', *, *, #5005, .F. ) ;
#3307 = DIRECTION ( 'NONE',  ( 0.0000000000000000000, 1.000000000000000000, 0.0000000000000000000 ) ) ;
#3308 = EDGE_LOOP ( 'NONE', ( #5315, #1759, #5669, #4386 ) ) ;
#3309 = PLANE ( 'NONE',  #4966 ) ;
#3310 = DIRECTION ( 'NONE',  ( 0.8660254037844387076, -0.0000000000000000000, 0.4999999999999998335 ) ) ;
#3311 = CARTESIAN_POINT ( 'NONE',  ( 4.898587196589413815E-16, 16.50000000000000000, 4.000000000000000888 ) ) ;
#3312 = ORIENTED_EDGE ( 'NONE', *, *, #4331, .T. ) ;
#3313 = DIRECTION ( 'NONE',  ( 0.5000000000000021094, -0.8660254037844374864, -0.0000000000000000000 ) ) ;
#3314 = EDGE_CURVE ( 'NONE', #1465, #3453, #771, .T. ) ;
#3315 = CARTESIAN_POINT ( 'NONE',  ( -6.492820323027555851, -15.50000000000000000, -5.200000000000000178 ) ) ;
#3316 = CARTESIAN_POINT ( 'NONE',  ( 6.062177826491071286, 7.500000000000000000, -3.500000000000001332 ) ) ;
#3317 = VECTOR ( 'NONE', #3525, 1000.000000000000000 ) ;
#3318 = LINE ( 'NONE', #1035, #5147 ) ;
#3319 = DIRECTION ( 'NONE',  ( -2.891205793294679805E-16, 1.000000000000000000, 0.0000000000000000000 ) ) ;
#3320 = AXIS2_PLACEMENT_3D ( 'NONE', #5178, #258, #2063 ) ;
#3321 = ORIENTED_EDGE ( 'NONE', *, *, #1892, .T. ) ;
#3322 = B_SPLINE_CURVE_WITH_KNOTS ( 'NONE', 3,
 ( #2578, #1665, #383, #1747 ),
 .UNSPECIFIED., .F., .F.,
 ( 4, 4 ),
 ( 0.01097194826734468331, 0.01504699182105884506 ),
 .UNSPECIFIED. ) ;
#3323 = DIRECTION ( 'NONE',  ( 0.0000000000000000000, -1.000000000000000000, 0.0000000000000000000 ) ) ;
#3324 =( LENGTH_UNIT ( ) NAMED_UNIT ( * ) SI_UNIT ( .MILLI., .METRE. ) );
#3325 = AXIS2_PLACEMENT_3D ( 'NONE', #2880, #4645, #2393 ) ;
#3326 =( NAMED_UNIT ( * ) SI_UNIT ( $, .STERADIAN. ) SOLID_ANGLE_UNIT ( ) );
#3327 = UNCERTAINTY_MEASURE_WITH_UNIT (LENGTH_MEASURE( 1.000000000000000082E-05 ), #2230, 'distance_accuracy_value', 'NONE');
#3328 = ORIENTED_EDGE ( 'NONE', *, *, #1056, .T. ) ;
#3329 = ORIENTED_EDGE ( 'NONE', *, *, #666, .F. ) ;
#3330 = FACE_OUTER_BOUND ( 'NONE', #5409, .T. ) ;
#3331 = CIRCLE ( 'NONE', #4186, 8.000000000000000000 ) ;
#3332 = LINE ( 'NONE', #4694, #5467 ) ;
#3333 = STYLED_ITEM ( 'NONE', ( #4767 ), #5341 ) ;
#3334 =( GEOMETRIC_REPRESENTATION_CONTEXT ( 3 ) GLOBAL_UNCERTAINTY_ASSIGNED_CONTEXT ( ( #3825 ) ) GLOBAL_UNIT_ASSIGNED_CONTEXT ( ( #3155, #1846, #1816 ) ) REPRESENTATION_CONTEXT ( 'NONE', 'WORKASPACE' ) );
#3335 = SURFACE_SIDE_STYLE ('',( #2805 ) ) ;
#3336 = VERTEX_POINT ( 'NONE', #2042 ) ;
#3337 = VERTEX_POINT ( 'NONE', #296 ) ;
#3338 = SURFACE_SIDE_STYLE ('',( #3036 ) ) ;
#3339 = ORIENTED_EDGE ( 'NONE', *, *, #2295, .F. ) ;
#3340 = MECHANICAL_DESIGN_GEOMETRIC_PRESENTATION_REPRESENTATION (  '', ( #5242 ), #5509 ) ;
#3341 = AXIS2_PLACEMENT_3D ( 'NONE', #5312, #1249, #3062 ) ;
#3342 = EDGE_CURVE ( 'NONE', #4787, #5083, #5492, .T. ) ;
#3343 = FILL_AREA_STYLE ('',( #2419 ) ) ;
#3344 = ORIENTED_EDGE ( 'NONE', *, *, #264, .T. ) ;
#3345 = VECTOR ( 'NONE', #3920, 1000.000000000000000 ) ;
#3346 = FACE_OUTER_BOUND ( 'NONE', #2620, .T. ) ;
#3347 = UNCERTAINTY_MEASURE_WITH_UNIT (LENGTH_MEASURE( 1.000000000000000082E-05 ), #75, 'distance_accuracy_value', 'NONE');
#3348 = FACE_OUTER_BOUND ( 'NONE', #2147, .T. ) ;
#3349 = CARTESIAN_POINT ( 'NONE',  ( -5.800000000000000711, -19.69999999999999929, 5.200000000000000178 ) ) ;
#3350 = CARTESIAN_POINT ( 'NONE',  ( 0.0000000000000000000, 9.799999999999998934, 0.0000000000000000000 ) ) ;
#3351 = CONICAL_SURFACE ( 'NONE', #5070, 7.000000000000000888, 1.308996938995750092 ) ;
#3352 = ORIENTED_EDGE ( 'NONE', *, *, #2819, .T. ) ;
#3353 = FILL_AREA_STYLE ('',( #1551 ) ) ;
#3354 = PRESENTATION_LAYER_ASSIGNMENT (  '', '', ( #615 ) ) ;
#3355 = EDGE_CURVE ( 'NONE', #79, #1503, #5274, .T. ) ;
#3356 = FACE_BOUND ( 'NONE', #1828, .T. ) ;
#3357 = ORIENTED_EDGE ( 'NONE', *, *, #2972, .T. ) ;
#3358 = ORIENTED_EDGE ( 'NONE', *, *, #4, .T. ) ;
#3359 = FACE_OUTER_BOUND ( 'NONE', #3546, .T. ) ;
#3360 = CARTESIAN_POINT ( 'NONE',  ( -3.369740690737202282, 7.700170954356940101, 7.000000000000000000 ) ) ;
#3361 = UNCERTAINTY_MEASURE_WITH_UNIT (LENGTH_MEASURE( 1.000000000000000082E-05 ), #2179, 'distance_accuracy_value', 'NONE');
#3362 = CARTESIAN_POINT ( 'NONE',  ( 0.0000000000000000000, 7.000000000000000000, 0.0000000000000000000 ) ) ;
#3363 = FACE_OUTER_BOUND ( 'NONE', #4596, .T. ) ;
#3364 = CARTESIAN_POINT ( 'NONE',  ( -4.799999999999998934, -16.69999999999999929, 5.200000000000000178 ) ) ;
#3365 =( GEOMETRIC_REPRESENTATION_CONTEXT ( 3 ) GLOBAL_UNCERTAINTY_ASSIGNED_CONTEXT ( ( #4336 ) ) GLOBAL_UNIT_ASSIGNED_CONTEXT ( ( #4774, #4836, #1122 ) ) REPRESENTATION_CONTEXT ( 'NONE', 'WORKASPACE' ) );
#3366 =( NAMED_UNIT ( * ) PLANE_ANGLE_UNIT ( ) SI_UNIT ( $, .RADIAN. ) );
#3367 = ORIENTED_EDGE ( 'NONE', *, *, #4456, .T. ) ;
#3368 = CARTESIAN_POINT ( 'NONE',  ( 4.041451884327379673, 7.790163190291658601, -7.000000000000000888 ) ) ;
#3369 = DIRECTION ( 'NONE',  ( 0.0000000000000000000, 1.000000000000000000, 0.0000000000000000000 ) ) ;
#3370 = DIRECTION ( 'NONE',  ( -0.0000000000000000000, -1.000000000000000000, -0.0000000000000000000 ) ) ;
#3371 = PLANE ( 'NONE',  #3869 ) ;
#3372 = VERTEX_POINT ( 'NONE', #3849 ) ;
#3373 = DIRECTION ( 'NONE',  ( -0.0000000000000000000, 1.000000000000000000, 0.0000000000000000000 ) ) ;
#3374 = EDGE_CURVE ( 'NONE', #1666, #3073, #2102, .T. ) ;
#3375 = SURFACE_STYLE_USAGE ( .BOTH. , #4380 ) ;
#3376 = DIRECTION ( 'NONE',  ( 0.0000000000000000000, 0.0000000000000000000, 1.000000000000000000 ) ) ;
#3377 = PLANE ( 'NONE',  #1167 ) ;
#3378 = CARTESIAN_POINT ( 'NONE',  ( 4.799999999999999822, -19.69999999999999929, 0.4000000000000001887 ) ) ;
#3379 = COLOUR_RGB ( '',1.000000000000000000, 1.000000000000000000, 1.000000000000000000 ) ;
#3380 = EDGE_LOOP ( 'NONE', ( #384, #4436 ) ) ;
#3381 = CARTESIAN_POINT ( 'NONE',  ( 0.5000000000000013323, -16.69999999999999929, -4.399999999999999467 ) ) ;
#3382 = FILL_AREA_STYLE ('',( #631 ) ) ;
#3383 =( LENGTH_UNIT ( ) NAMED_UNIT ( * ) SI_UNIT ( .MILLI., .METRE. ) );
#3384 = DIRECTION ( 'NONE',  ( 0.0000000000000000000, 0.0000000000000000000, 1.000000000000000000 ) ) ;
#3385 = AXIS2_PLACEMENT_3D ( 'NONE', #2527, #3871, #1559 ) ;
#3386 = ORIENTED_EDGE ( 'NONE', *, *, #5146, .F. ) ;
#3387 = ORIENTED_EDGE ( 'NONE', *, *, #2665, .F. ) ;
#3388 = EDGE_CURVE ( 'NONE', #5003, #3141, #1146, .T. ) ;
#3389 = AXIS2_PLACEMENT_3D ( 'NONE', #2326, #1332, #4147 ) ;
#3390 = AXIS2_PLACEMENT_3D ( 'NONE', #588, #3370, #2420 ) ;
#3391 = CARTESIAN_POINT ( 'NONE',  ( 0.0000000000000000000, 7.000000000000000000, 0.0000000000000000000 ) ) ;
#3392 = CARTESIAN_POINT ( 'NONE',  ( -6.492820323027555851, -15.50000000000000000, 5.200000000000000178 ) ) ;
#3393 = VERTEX_POINT ( 'NONE', #1234 ) ;
#3394 =( GEOMETRIC_REPRESENTATION_CONTEXT ( 3 ) GLOBAL_UNCERTAINTY_ASSIGNED_CONTEXT ( ( #4302 ) ) GLOBAL_UNIT_ASSIGNED_CONTEXT ( ( #3751, #4665, #2411 ) ) REPRESENTATION_CONTEXT ( 'NONE', 'WORKASPACE' ) );
#3395 = VERTEX_POINT ( 'NONE', #5652 ) ;
#3396 = ORIENTED_EDGE ( 'NONE', *, *, #1965, .F. ) ;
#3397 = DIRECTION ( 'NONE',  ( 0.0000000000000000000, 0.0000000000000000000, 1.000000000000000000 ) ) ;
#3398 = STYLED_ITEM ( 'NONE', ( #1192 ), #2644 ) ;
#3399 = CARTESIAN_POINT ( 'NONE',  ( -4.107179676972443794, -15.50000000000000000, -4.399999999999999467 ) ) ;
#3400 =( LENGTH_UNIT ( ) NAMED_UNIT ( * ) SI_UNIT ( .MILLI., .METRE. ) );
#3401 = ORIENTED_EDGE ( 'NONE', *, *, #3374, .F. ) ;
#3402 = EDGE_CURVE ( 'NONE', #3730, #556, #4405, .T. ) ;
#3403 = DIRECTION ( 'NONE',  ( 1.000000000000000000, 2.891205793294679805E-16, -0.0000000000000000000 ) ) ;
#3404 = CARTESIAN_POINT ( 'NONE',  ( 2.602085213965210642E-15, 9.799999999999998934, 6.999999999999999112 ) ) ;
#3405 = UNCERTAINTY_MEASURE_WITH_UNIT (LENGTH_MEASURE( 1.000000000000000082E-05 ), #1651, 'distance_accuracy_value', 'NONE');
#3406 = CARTESIAN_POINT ( 'NONE',  ( 2.253471898105739434E-15, 2.199999999999999734, 7.000000000000000888 ) ) ;
#3407 = CARTESIAN_POINT ( 'NONE',  ( -4.799999999999998934, -19.69999999999999929, -5.200000000000000178 ) ) ;
#3408 = DIRECTION ( 'NONE',  ( -0.0000000000000000000, -1.000000000000000000, -0.0000000000000000000 ) ) ;
#3409 = ADVANCED_FACE ( 'NONE', ( #714 ), #2508, .F. ) ;
#3410 = EDGE_CURVE ( 'NONE', #1302, #5680, #5351, .T. ) ;
#3411 = VERTEX_POINT ( 'NONE', #4920 ) ;
#3412 =( GEOMETRIC_REPRESENTATION_CONTEXT ( 3 ) GLOBAL_UNCERTAINTY_ASSIGNED_CONTEXT ( ( #3590 ) ) GLOBAL_UNIT_ASSIGNED_CONTEXT ( ( #3243, #4629, #5123 ) ) REPRESENTATION_CONTEXT ( 'NONE', 'WORKASPACE' ) );
#3413 =( LENGTH_UNIT ( ) NAMED_UNIT ( * ) SI_UNIT ( .MILLI., .METRE. ) );
#3414 = SURFACE_STYLE_FILL_AREA ( #1613 ) ;
#3415 = EDGE_CURVE ( 'NONE', #2933, #5739, #2263, .T. ) ;
#3416 = STYLED_ITEM ( 'NONE', ( #5711 ), #3847 ) ;
#3417 = ORIENTED_EDGE ( 'NONE', *, *, #4670, .T. ) ;
#3418 = ORIENTED_EDGE ( 'NONE', *, *, #2705, .F. ) ;
#3419 = SURFACE_SIDE_STYLE ('',( #4911 ) ) ;
#3420 = CARTESIAN_POINT ( 'NONE',  ( -0.6726747950249430952, 7.500000000000001776, 7.000000000000000000 ) ) ;
#3421 = DIRECTION ( 'NONE',  ( 0.0000000000000000000, 1.000000000000000000, 0.0000000000000000000 ) ) ;
#3422 = LINE ( 'NONE', #706, #5130 ) ;
#3423 = EDGE_CURVE ( 'NONE', #671, #5287, #2233, .T. ) ;
#3424 = FACE_OUTER_BOUND ( 'NONE', #3576, .T. ) ;
#3425 = ORIENTED_EDGE ( 'NONE', *, *, #2686, .F. ) ;
#3426 = STYLED_ITEM ( 'NONE', ( #201 ), #4392 ) ;
#3427 = ORIENTED_EDGE ( 'NONE', *, *, #104, .F. ) ;
#3428 = SURFACE_STYLE_USAGE ( .BOTH. , #400 ) ;
#3429 = STYLED_ITEM ( 'NONE', ( #3017 ), #5368 ) ;
#3430 = CARTESIAN_POINT ( 'NONE',  ( 6.492820323027555851, -15.50000000000000000, -5.200000000000000178 ) ) ;
#3431 = PRESENTATION_LAYER_ASSIGNMENT (  '', '', ( #2684 ) ) ;
#3432 = CARTESIAN_POINT ( 'NONE',  ( -4.041451884327381450, 2.490163190291657447, 7.000000000000000888 ) ) ;
#3433 = FILL_AREA_STYLE ('',( #2073 ) ) ;
#3434 = LINE ( 'NONE', #5071, #4245 ) ;
#3435 = DIRECTION ( 'NONE',  ( 0.0000000000000000000, 1.000000000000000000, 0.0000000000000000000 ) ) ;
#3436 = DIRECTION ( 'NONE',  ( -0.5000000000000021094, 0.8660254037844374864, 0.0000000000000000000 ) ) ;
#3437 = SURFACE_SIDE_STYLE ('',( #4843 ) ) ;
#3438 = CIRCLE ( 'NONE', #1262, 7.000000000000000888 ) ;
#3439 = DIRECTION ( 'NONE',  ( 1.000000000000000000, -0.0000000000000000000, -0.0000000000000000000 ) ) ;
#3440 = ORIENTED_EDGE ( 'NONE', *, *, #4838, .F. ) ;
#3441 = CLOSED_SHELL ( 'NONE', ( #4112, #4056, #4392, #5854, #5694, #2336, #5531, #4317 ) ) ;
#3442 = PLANE ( 'NONE',  #5738 ) ;
#3443 = CARTESIAN_POINT ( 'NONE',  ( -0.5000000000000013323, -16.69999999999999929, -0.4000000000000001887 ) ) ;
#3444 = EDGE_CURVE ( 'NONE', #3270, #583, #3137, .T. ) ;
#3445 = CIRCLE ( 'NONE', #894, 7.000000000000000888 ) ;
#3446 = ORIENTED_EDGE ( 'NONE', *, *, #1655, .F. ) ;
#3447 = FILL_AREA_STYLE_COLOUR ( '', #3379 ) ;
#3448 = VERTEX_POINT ( 'NONE', #2205 ) ;
#3449 = DIRECTION ( 'NONE',  ( 0.0000000000000000000, 0.0000000000000000000, 1.000000000000000000 ) ) ;
#3450 = EDGE_CURVE ( 'NONE', #981, #5739, #1356, .T. ) ;
#3451 =( NAMED_UNIT ( * ) SI_UNIT ( $, .STERADIAN. ) SOLID_ANGLE_UNIT ( ) );
#3452 = LINE ( 'NONE', #1227, #4634 ) ;
#3453 = VERTEX_POINT ( 'NONE', #5435 ) ;
#3454 = VECTOR ( 'NONE', #3925, 1000.000000000000000 ) ;
#3455 = ORIENTED_EDGE ( 'NONE', *, *, #2631, .T. ) ;
#3456 = PRESENTATION_LAYER_ASSIGNMENT (  '', '', ( #5742 ) ) ;
#3457 = DIRECTION ( 'NONE',  ( -0.0000000000000000000, -1.000000000000000000, -0.0000000000000000000 ) ) ;
#3458 = DIRECTION ( 'NONE',  ( -1.000000000000000000, 0.0000000000000000000, 0.0000000000000000000 ) ) ;
#3459 =( NAMED_UNIT ( * ) PLANE_ANGLE_UNIT ( ) SI_UNIT ( $, .RADIAN. ) );
#3460 = PRESENTATION_LAYER_ASSIGNMENT (  '', '', ( #254 ) ) ;
#3461 = SURFACE_STYLE_FILL_AREA ( #323 ) ;
#3462 = FACE_OUTER_BOUND ( 'NONE', #5072, .T. ) ;
#3463 = UNCERTAINTY_MEASURE_WITH_UNIT (LENGTH_MEASURE( 1.000000000000000082E-05 ), #2357, 'distance_accuracy_value', 'NONE');
#3464 = CARTESIAN_POINT ( 'NONE',  ( -4.041451884327380562, 4.500000000000000000, 7.000000000000000888 ) ) ;
#3465 = SURFACE_STYLE_USAGE ( .BOTH. , #305 ) ;
#3466 = PRESENTATION_STYLE_ASSIGNMENT (( #1664 ) ) ;
#3467 = AXIS2_PLACEMENT_3D ( 'NONE', #1156, #4388, #3896 ) ;
#3468 = CARTESIAN_POINT ( 'NONE',  ( 0.0000000000000000000, 7.500000000000000000, 0.0000000000000000000 ) ) ;
#3469 = VERTEX_POINT ( 'NONE', #5849 ) ;
#3470 = EDGE_CURVE ( 'NONE', #2317, #1707, #1428, .T. ) ;
#3471 = B_SPLINE_CURVE_WITH_KNOTS ( 'NONE', 3,
 ( #81, #3697, #5499, #1889 ),
 .UNSPECIFIED., .F., .F.,
 ( 4, 4 ),
 ( 2.309401076756360087E-07, 0.004041682824435054514 ),
 .UNSPECIFIED. ) ;
#3472 =( NAMED_UNIT ( * ) PLANE_ANGLE_UNIT ( ) SI_UNIT ( $, .RADIAN. ) );
#3473 = FILL_AREA_STYLE ('',( #3092 ) ) ;
#3474 = FILL_AREA_STYLE_COLOUR ( '', #794 ) ;
#3475 = ORIENTED_EDGE ( 'NONE', *, *, #2391, .F. ) ;
#3476 = DIRECTION ( 'NONE',  ( 0.0000000000000000000, -1.000000000000000000, 0.0000000000000000000 ) ) ;
#3477 = ORIENTED_EDGE ( 'NONE', *, *, #4391, .F. ) ;
#3478 = FILL_AREA_STYLE ('',( #1618 ) ) ;
#3479 = DIRECTION ( 'NONE',  ( 0.0000000000000000000, -1.000000000000000000, 0.0000000000000000000 ) ) ;
#3480 =( NAMED_UNIT ( * ) SI_UNIT ( $, .STERADIAN. ) SOLID_ANGLE_UNIT ( ) );
#3481 = UNCERTAINTY_MEASURE_WITH_UNIT (LENGTH_MEASURE( 1.000000000000000082E-05 ), #3413, 'distance_accuracy_value', 'NONE');
#3482 =( NAMED_UNIT ( * ) PLANE_ANGLE_UNIT ( ) SI_UNIT ( $, .RADIAN. ) );
#3483 = B_SPLINE_CURVE_WITH_KNOTS ( 'NONE', 3,
 ( #4309, #2551, #4363, #2136 ),
 .UNSPECIFIED., .F., .F.,
 ( 4, 4 ),
 ( 2.309401076760173324E-07, 0.004041682824435056248 ),
 .UNSPECIFIED. ) ;
#3484 = ORIENTED_EDGE ( 'NONE', *, *, #3402, .T. ) ;
#3485 = ADVANCED_FACE ( 'NONE', ( #4027 ), #2559, .T. ) ;
#3486 = VERTEX_POINT ( 'NONE', #5037 ) ;
#3487 = MECHANICAL_DESIGN_GEOMETRIC_PRESENTATION_REPRESENTATION (  '', ( #1304 ), #3966 ) ;
#3488 = STYLED_ITEM ( 'NONE', ( #1938 ), #1093 ) ;
#3489 = DIRECTION ( 'NONE',  ( 0.0000000000000000000, -1.000000000000000000, 0.0000000000000000000 ) ) ;
#3490 = DIRECTION ( 'NONE',  ( -0.0000000000000000000, -0.0000000000000000000, -1.000000000000000000 ) ) ;
#3491 = FACE_OUTER_BOUND ( 'NONE', #2140, .T. ) ;
#3492 = PRESENTATION_LAYER_ASSIGNMENT (  '', '', ( #928 ) ) ;
#3493 = CARTESIAN_POINT ( 'NONE',  ( 7.041719095097277921E-16, 11.50000000000000000, 5.499999999999994671 ) ) ;
#3494 = COLOUR_RGB ( '',1.000000000000000000, 1.000000000000000000, 1.000000000000000000 ) ;
#3495 = SURFACE_STYLE_USAGE ( .BOTH. , #300 ) ;
#3496 = COLOUR_RGB ( '',0.6392156862745097534, 0.6666666666666666297, 0.6784313725490196401 ) ;
#3497 = LINE ( 'NONE', #3052, #3798 ) ;
#3498 = CONICAL_SURFACE ( 'NONE', #1788, 7.000000000000000888, 1.308996938995750092 ) ;
#3499 = CARTESIAN_POINT ( 'NONE',  ( 7.409328454600196956, 4.390320771151004386, -1.166666666666667407 ) ) ;
#3500 =( NAMED_UNIT ( * ) PLANE_ANGLE_UNIT ( ) SI_UNIT ( $, .RADIAN. ) );
#3501 = DIRECTION ( 'NONE',  ( -0.0000000000000000000, 1.000000000000000000, 0.0000000000000000000 ) ) ;
#3502 = CARTESIAN_POINT ( 'NONE',  ( -7.511572993685797128E-16, 2.199999999999999734, -7.000000000000000888 ) ) ;
#3503 = EDGE_LOOP ( 'NONE', ( #2465, #2715, #4508, #599 ) ) ;
#3504 = EDGE_CURVE ( 'NONE', #4110, #4073, #931, .T. ) ;
#3505 = VECTOR ( 'NONE', #3598, 1000.000000000000000 ) ;
#3506 = SURFACE_STYLE_FILL_AREA ( #2608 ) ;
#3507 = SURFACE_STYLE_USAGE ( .BOTH. , #1697 ) ;
#3508 = CARTESIAN_POINT ( 'NONE',  ( 0.0000000000000000000, 7.500000000000000000, 0.0000000000000000000 ) ) ;
#3509 = FILL_AREA_STYLE_COLOUR ( '', #1415 ) ;
#3510 = EDGE_LOOP ( 'NONE', ( #3035, #4625, #249, #2951, #1858, #38 ) ) ;
#3511 = PRESENTATION_STYLE_ASSIGNMENT (( #148 ) ) ;
#3512 = VECTOR ( 'NONE', #5857, 1000.000000000000000 ) ;
#3513 = ORIENTED_EDGE ( 'NONE', *, *, #5347, .T. ) ;
#3514 = FACE_OUTER_BOUND ( 'NONE', #4658, .T. ) ;
#3515 = DIRECTION ( 'NONE',  ( 0.0000000000000000000, -0.0000000000000000000, -1.000000000000000000 ) ) ;
#3516 = DIRECTION ( 'NONE',  ( 0.0000000000000000000, 0.0000000000000000000, -1.000000000000000000 ) ) ;
#3517 = EDGE_CURVE ( 'NONE', #1931, #5716, #4540, .T. ) ;
#3518 = VECTOR ( 'NONE', #1798, 1000.000000000000000 ) ;
#3519 =( NAMED_UNIT ( * ) SI_UNIT ( $, .STERADIAN. ) SOLID_ANGLE_UNIT ( ) );
#3520 = B_SPLINE_CURVE_WITH_KNOTS ( 'NONE', 3,
 ( #1461, #4246, #2494, #5138 ),
 .UNSPECIFIED., .F., .F.,
 ( 4, 4 ),
 ( 0.01684633503478738872, 0.02091410365795285872 ),
 .UNSPECIFIED. ) ;
#3521 = ORIENTED_EDGE ( 'NONE', *, *, #4369, .T. ) ;
#3522 = VERTEX_POINT ( 'NONE', #854 ) ;
#3523 = EDGE_CURVE ( 'NONE', #5003, #3829, #4953, .T. ) ;
#3524 = SURFACE_SIDE_STYLE ('',( #825 ) ) ;
#3525 = DIRECTION ( 'NONE',  ( -0.0000000000000000000, -1.000000000000000000, -0.0000000000000000000 ) ) ;
#3526 = FILL_AREA_STYLE ('',( #1713 ) ) ;
#3527 = AXIS2_PLACEMENT_3D ( 'NONE', #1514, #2426, #1032 ) ;
#3528 = FACE_OUTER_BOUND ( 'NONE', #2046, .T. ) ;
#3529 = MECHANICAL_DESIGN_GEOMETRIC_PRESENTATION_REPRESENTATION (  '', ( #4772 ), #1646 ) ;
#3530 = B_SPLINE_CURVE_WITH_KNOTS ( 'NONE', 3,
 ( #5719, #3078, #5788, #826, #265, #5684 ),
 .UNSPECIFIED., .F., .F.,
 ( 4, 2, 4 ),
 ( 0.006910124074070693283, 0.008941036171305890776, 0.01097194826854108740 ),
 .UNSPECIFIED. ) ;
#3531 = UNCERTAINTY_MEASURE_WITH_UNIT (LENGTH_MEASURE( 1.000000000000000082E-05 ), #2387, 'distance_accuracy_value', 'NONE');
#3532 = EDGE_CURVE ( 'NONE', #977, #454, #4175, .T. ) ;
#3533 = LINE ( 'NONE', #3464, #221 ) ;
#3534 = DIRECTION ( 'NONE',  ( -1.000000000000000000, 0.0000000000000000000, 0.0000000000000000000 ) ) ;
#3535 = SURFACE_STYLE_FILL_AREA ( #1719 ) ;
#3536 = FILL_AREA_STYLE_COLOUR ( '', #3864 ) ;
#3537 = ORIENTED_EDGE ( 'NONE', *, *, #78, .F. ) ;
#3538 = CONICAL_SURFACE ( 'NONE', #966, 5.499999999999994671, 0.7853981633974456145 ) ;
#3539 = CARTESIAN_POINT ( 'NONE',  ( -5.800000000000001599, -16.69999999999999929, -4.399999999999999467 ) ) ;
#3540 = PRESENTATION_LAYER_ASSIGNMENT (  '', '', ( #1919 ) ) ;
#3541 = FILL_AREA_STYLE ('',( #1277 ) ) ;
#3542 = LINE ( 'NONE', #1751, #1353 ) ;
#3543 = PRESENTATION_LAYER_ASSIGNMENT (  '', '', ( #2389 ) ) ;
#3544 = SURFACE_STYLE_USAGE ( .BOTH. , #3096 ) ;
#3545 = AXIS2_PLACEMENT_3D ( 'NONE', #4439, #4060, #1804 ) ;
#3546 = EDGE_LOOP ( 'NONE', ( #1970, #1466, #5032, #1372 ) ) ;
#3547 =( NAMED_UNIT ( * ) PLANE_ANGLE_UNIT ( ) SI_UNIT ( $, .RADIAN. ) );
#3548 = EDGE_CURVE ( 'NONE', #549, #821, #2659, .T. ) ;
#3549 = CARTESIAN_POINT ( 'NONE',  ( 0.0000000000000000000, 5.500000000000000000, 0.0000000000000000000 ) ) ;
#3550 = CLOSED_SHELL ( 'NONE', ( #4291, #1275, #3102, #1766, #3750, #2442, #3886, #976, #2321, #2413, #4141, #1875, #2149, #3485, #448, #3291, #70, #4856, #5550, #129, #294, #1991 ) ) ;
#3551 = LINE ( 'NONE', #2164, #4454 ) ;
#3552 = ORIENTED_EDGE ( 'NONE', *, *, #301, .F. ) ;
#3553 = ORIENTED_EDGE ( 'NONE', *, *, #5479, .F. ) ;
#3554 = EDGE_LOOP ( 'NONE', ( #2038, #4890 ) ) ;
#3555 = MECHANICAL_DESIGN_GEOMETRIC_PRESENTATION_REPRESENTATION (  '', ( #5726 ), #5522 ) ;
#3556 = CARTESIAN_POINT ( 'NONE',  ( -4.041451884327383226, 4.209836809708341399, -7.000000000000000000 ) ) ;
#3557 = PRESENTATION_STYLE_ASSIGNMENT (( #2696 ) ) ;
#3558 = CARTESIAN_POINT ( 'NONE',  ( -7.409328454600197844, 9.690320771151004209, 1.166666666666663410 ) ) ;
#3559 = COLOUR_RGB ( '',0.0000000000000000000, 0.0000000000000000000, 0.7529411764705882248 ) ;
#3560 = DIRECTION ( 'NONE',  ( 1.000000000000000000, -0.0000000000000000000, -0.0000000000000000000 ) ) ;
#3561 = CARTESIAN_POINT ( 'NONE',  ( 5.800000000000001599, -19.69999999999999929, 5.200000000000000178 ) ) ;
#3562 = EDGE_CURVE ( 'NONE', #5512, #3486, #372, .T. ) ;
#3563 = ORIENTED_EDGE ( 'NONE', *, *, #2697, .T. ) ;
#3564 = CARTESIAN_POINT ( 'NONE',  ( 6.492820323027555851, -15.50000000000000000, -0.4000000000000001887 ) ) ;
#3565 = CARTESIAN_POINT ( 'NONE',  ( -4.041451884327383226, 9.799999999999998934, -7.000000000000000000 ) ) ;
#3566 = DIRECTION ( 'NONE',  ( 0.0000000000000000000, 0.0000000000000000000, 1.000000000000000000 ) ) ;
#3567 = DIRECTION ( 'NONE',  ( 0.0000000000000000000, 0.0000000000000000000, -1.000000000000000000 ) ) ;
#3568 = EDGE_LOOP ( 'NONE', ( #238, #1492, #1623, #5321 ) ) ;
#3569 = EDGE_CURVE ( 'NONE', #4633, #4675, #542, .T. ) ;
#3570 =( NAMED_UNIT ( * ) PLANE_ANGLE_UNIT ( ) SI_UNIT ( $, .RADIAN. ) );
#3571 = CARTESIAN_POINT ( 'NONE',  ( 0.0000000000000000000, 7.000000000000000000, 0.0000000000000000000 ) ) ;
#3572 = SURFACE_STYLE_USAGE ( .BOTH. , #466 ) ;
#3573 = LINE ( 'NONE', #917, #3505 ) ;
#3574 = UNCERTAINTY_MEASURE_WITH_UNIT (LENGTH_MEASURE( 1.000000000000000082E-05 ), #911, 'distance_accuracy_value', 'NONE');
#3575 = EDGE_CURVE ( 'NONE', #1983, #2317, #1715, .T. ) ;
#3576 = EDGE_LOOP ( 'NONE', ( #4808, #364, #1917, #4723 ) ) ;
#3577 = CARTESIAN_POINT ( 'NONE',  ( 0.0000000000000000000, 5.499999999999999112, 8.500000000000003553 ) ) ;
#3578 = EDGE_LOOP ( 'NONE', ( #1871, #311, #4975, #5114, #1188, #1961 ) ) ;
#3579 = ORIENTED_EDGE ( 'NONE', *, *, #1892, .F. ) ;
#3580 = MECHANICAL_DESIGN_GEOMETRIC_PRESENTATION_REPRESENTATION (  '', ( #1768 ), #3665 ) ;
#3581 = CYLINDRICAL_SURFACE ( 'NONE', #4022, 6.000000000000000888 ) ;
#3582 =( NAMED_UNIT ( * ) SI_UNIT ( $, .STERADIAN. ) SOLID_ANGLE_UNIT ( ) );
#3583 = CARTESIAN_POINT ( 'NONE',  ( 5.800000000000001599, -19.69999999999999929, 0.4000000000000001887 ) ) ;
#3584 = SURFACE_STYLE_FILL_AREA ( #856 ) ;
#3585 = ORIENTED_EDGE ( 'NONE', *, *, #223, .F. ) ;
#3586 =( GEOMETRIC_REPRESENTATION_CONTEXT ( 3 ) GLOBAL_UNCERTAINTY_ASSIGNED_CONTEXT ( ( #624 ) ) GLOBAL_UNIT_ASSIGNED_CONTEXT ( ( #2521, #4850, #4683 ) ) REPRESENTATION_CONTEXT ( 'NONE', 'WORKASPACE' ) );
#3587 = AXIS2_PLACEMENT_3D ( 'NONE', #2002, #1045, #1111 ) ;
#3588 = ORIENTED_EDGE ( 'NONE', *, *, #2741, .F. ) ;
#3589 = FILL_AREA_STYLE_COLOUR ( '', #2135 ) ;
#3590 = UNCERTAINTY_MEASURE_WITH_UNIT (LENGTH_MEASURE( 1.000000000000000082E-05 ), #3243, 'distance_accuracy_value', 'NONE');
#3591 = DIRECTION ( 'NONE',  ( 0.0000000000000000000, 0.0000000000000000000, 1.000000000000000000 ) ) ;
#3592 = PRESENTATION_LAYER_ASSIGNMENT (  '', '', ( #5196 ) ) ;
#3593 =( LENGTH_UNIT ( ) NAMED_UNIT ( * ) SI_UNIT ( .MILLI., .METRE. ) );
#3594 = FACE_OUTER_BOUND ( 'NONE', #1826, .T. ) ;
#3595 = EDGE_LOOP ( 'NONE', ( #4243, #2090, #1678, #2422 ) ) ;
#3596 = FILL_AREA_STYLE_COLOUR ( '', #4947 ) ;
#3597 = CARTESIAN_POINT ( 'NONE',  ( 0.5000000000000013323, -16.69999999999999929, 0.4000000000000001887 ) ) ;
#3598 = DIRECTION ( 'NONE',  ( 1.000000000000000000, -0.0000000000000000000, -0.0000000000000000000 ) ) ;
#3599 = ORIENTED_EDGE ( 'NONE', *, *, #1965, .T. ) ;
#3600 = VECTOR ( 'NONE', #2070, 1000.000000000000000 ) ;
#3601 = SURFACE_STYLE_FILL_AREA ( #4103 ) ;
#3602 = LINE ( 'NONE', #4076, #1256 ) ;
#3603 = CARTESIAN_POINT ( 'NONE',  ( -5.800000000000000711, -19.69999999999999929, -0.4000000000000001887 ) ) ;
#3604 = ORIENTED_EDGE ( 'NONE', *, *, #4677, .F. ) ;
#3605 = CIRCLE ( 'NONE', #4170, 7.000000000000000888 ) ;
#3606 = ORIENTED_EDGE ( 'NONE', *, *, #934, .F. ) ;
#3607 = FILL_AREA_STYLE_COLOUR ( '', #2593 ) ;
#3608 = STYLED_ITEM ( 'NONE', ( #3557 ), #3409 ) ;
#3609 = DIRECTION ( 'NONE',  ( 0.5000000000000021094, -0.8660254037844374864, -0.0000000000000000000 ) ) ;
#3610 =( NAMED_UNIT ( * ) PLANE_ANGLE_UNIT ( ) SI_UNIT ( $, .RADIAN. ) );
#3611 = CARTESIAN_POINT ( 'NONE',  ( 0.0000000000000000000, 2.199999999999999734, 0.0000000000000000000 ) ) ;
#3612 = ORIENTED_EDGE ( 'NONE', *, *, #186, .F. ) ;
#3613 = VECTOR ( 'NONE', #2827, 1000.000000000000000 ) ;
#3614 = ORIENTED_EDGE ( 'NONE', *, *, #2697, .F. ) ;
#3615 = CARTESIAN_POINT ( 'NONE',  ( -6.062177826491073063, 7.500000000000000000, -3.499999999999999556 ) ) ;
#3616 = AXIS2_PLACEMENT_3D ( 'NONE', #3286, #623, #4269 ) ;
#3617 = DIRECTION ( 'NONE',  ( 1.073081856240828073E-16, -0.0000000000000000000, 1.000000000000000000 ) ) ;
#3618 = LINE ( 'NONE', #489, #2539 ) ;
#3619 = EDGE_CURVE ( 'NONE', #549, #2560, #3694, .T. ) ;
#3620 = PLANE ( 'NONE',  #4123 ) ;
#3621 = FILL_AREA_STYLE_COLOUR ( '', #2368 ) ;
#3622 = FILL_AREA_STYLE ('',( #4154 ) ) ;
#3623 =( GEOMETRIC_REPRESENTATION_CONTEXT ( 3 ) GLOBAL_UNCERTAINTY_ASSIGNED_CONTEXT ( ( #5208 ) ) GLOBAL_UNIT_ASSIGNED_CONTEXT ( ( #1173, #713, #2101 ) ) REPRESENTATION_CONTEXT ( 'NONE', 'WORKASPACE' ) );
#3624 = STYLED_ITEM ( 'NONE', ( #42 ), #4460 ) ;
#3625 = ORIENTED_EDGE ( 'NONE', *, *, #983, .F. ) ;
#3626 = EDGE_CURVE ( 'NONE', #5402, #5083, #2362, .T. ) ;
#3627 =( GEOMETRIC_REPRESENTATION_CONTEXT ( 3 ) GLOBAL_UNCERTAINTY_ASSIGNED_CONTEXT ( ( #2322 ) ) GLOBAL_UNIT_ASSIGNED_CONTEXT ( ( #1251, #1560, #232 ) ) REPRESENTATION_CONTEXT ( 'NONE', 'WORKASPACE' ) );
#3628 = CARTESIAN_POINT ( 'NONE',  ( 4.799999999999998934, -16.69999999999999929, 5.200000000000000178 ) ) ;
#3629 = PRESENTATION_LAYER_ASSIGNMENT (  '', '', ( #3720 ) ) ;
#3630 = DIRECTION ( 'NONE',  ( 0.0000000000000000000, 1.000000000000000000, 0.0000000000000000000 ) ) ;
#3631 = SURFACE_STYLE_FILL_AREA ( #4505 ) ;
#3632 = PRESENTATION_LAYER_ASSIGNMENT (  '', '', ( #3719 ) ) ;
#3633 = VECTOR ( 'NONE', #5191, 1000.000000000000000 ) ;
#3634 = ORIENTED_EDGE ( 'NONE', *, *, #4065, .T. ) ;
#3635 = EDGE_CURVE ( 'NONE', #3643, #262, #1531, .T. ) ;
#3636 = CARTESIAN_POINT ( 'NONE',  ( -1.192820323027555807, -15.50000000000000000, 0.4000000000000001887 ) ) ;
#3637 = EDGE_CURVE ( 'NONE', #3717, #4110, #4137, .T. ) ;
#3638 = CARTESIAN_POINT ( 'NONE',  ( -4.799999999999998934, -19.69999999999999929, -0.4000000000000001887 ) ) ;
#3639 = DIRECTION ( 'NONE',  ( -0.8660254037844374864, 0.5000000000000021094, 0.0000000000000000000 ) ) ;
#3640 = DIRECTION ( 'NONE',  ( -0.0000000000000000000, -0.0000000000000000000, -1.000000000000000000 ) ) ;
#3641 = DIRECTION ( 'NONE',  ( -3.219245568722484836E-16, 0.0000000000000000000, -1.000000000000000000 ) ) ;
#3642 = ORIENTED_EDGE ( 'NONE', *, *, #701, .F. ) ;
#3643 = VERTEX_POINT ( 'NONE', #4171 ) ;
#3644 = UNCERTAINTY_MEASURE_WITH_UNIT (LENGTH_MEASURE( 1.000000000000000082E-05 ), #1762, 'distance_accuracy_value', 'NONE');
#3645 = CARTESIAN_POINT ( 'NONE',  ( 0.5000000000000013323, -19.69999999999999929, 5.200000000000000178 ) ) ;
#3646 = CARTESIAN_POINT ( 'NONE',  ( -5.800000000000001599, -15.50000000000000000, 5.200000000000000178 ) ) ;
#3647 = CARTESIAN_POINT ( 'NONE',  ( -7.409328454600197844, 4.390320771151004386, -1.166666666666669627 ) ) ;
#3648 = CARTESIAN_POINT ( 'NONE',  ( 4.715027198381942952, 7.609679228848993837, -5.833333333333334814 ) ) ;
#3649 = PRESENTATION_STYLE_ASSIGNMENT (( #2754 ) ) ;
#3650 = CARTESIAN_POINT ( 'NONE',  ( -5.800000000000001599, -16.69999999999999929, 0.4000000000000001887 ) ) ;
#3651 = MECHANICAL_DESIGN_GEOMETRIC_PRESENTATION_REPRESENTATION (  '', ( #3745 ), #4402 ) ;
#3652 = SURFACE_STYLE_FILL_AREA ( #3128 ) ;
#3653 = ORIENTED_EDGE ( 'NONE', *, *, #5573, .F. ) ;
#3654 =( GEOMETRIC_REPRESENTATION_CONTEXT ( 3 ) GLOBAL_UNCERTAINTY_ASSIGNED_CONTEXT ( ( #1849 ) ) GLOBAL_UNIT_ASSIGNED_CONTEXT ( ( #1756, #3547, #5773 ) ) REPRESENTATION_CONTEXT ( 'NONE', 'WORKASPACE' ) );
#3655 = FILL_AREA_STYLE ('',( #4912 ) ) ;
#3656 = CARTESIAN_POINT ( 'NONE',  ( -6.735753140545634565, 7.500000000000000000, 2.333333333333329485 ) ) ;
#3657 = CARTESIAN_POINT ( 'NONE',  ( -3.369740690737728528, 4.299829045642985292, -7.000000000000000000 ) ) ;
#3658 = VERTEX_POINT ( 'NONE', #1080 ) ;
#3659 = ORIENTED_EDGE ( 'NONE', *, *, #3996, .T. ) ;
#3660 = DIRECTION ( 'NONE',  ( 0.0000000000000000000, 0.0000000000000000000, 1.000000000000000000 ) ) ;
#3661 = PRESENTATION_STYLE_ASSIGNMENT (( #1822 ) ) ;
#3662 = CARTESIAN_POINT ( 'NONE',  ( -5.800000000000000711, -19.69999999999999929, 5.200000000000000178 ) ) ;
#3663 = EDGE_CURVE ( 'NONE', #5095, #1319, #4741, .T. ) ;
#3664 = FILL_AREA_STYLE_COLOUR ( '', #5379 ) ;
#3665 =( GEOMETRIC_REPRESENTATION_CONTEXT ( 3 ) GLOBAL_UNCERTAINTY_ASSIGNED_CONTEXT ( ( #1649 ) ) GLOBAL_UNIT_ASSIGNED_CONTEXT ( ( #4259, #814, #4701 ) ) REPRESENTATION_CONTEXT ( 'NONE', 'WORKASPACE' ) );
#3666 = ORIENTED_EDGE ( 'NONE', *, *, #2851, .F. ) ;
#3667 =( NAMED_UNIT ( * ) PLANE_ANGLE_UNIT ( ) SI_UNIT ( $, .RADIAN. ) );
#3668 = CARTESIAN_POINT ( 'NONE',  ( 0.5000000000000013323, -16.69999999999999929, -4.399999999999999467 ) ) ;
#3669 = EDGE_CURVE ( 'NONE', #1319, #5142, #4573, .T. ) ;
#3670 = FACE_OUTER_BOUND ( 'NONE', #1728, .T. ) ;
#3671 = FILL_AREA_STYLE_COLOUR ( '', #1599 ) ;
#3672 = EDGE_CURVE ( 'NONE', #1478, #2098, #1940, .T. ) ;
#3673 = CARTESIAN_POINT ( 'NONE',  ( 4.041451884327378785, 4.500000000000000000, -7.000000000000000888 ) ) ;
#3674 =( NAMED_UNIT ( * ) SI_UNIT ( $, .STERADIAN. ) SOLID_ANGLE_UNIT ( ) );
#3675 = AXIS2_PLACEMENT_3D ( 'NONE', #4114, #5466, #3214 ) ;
#3676 = CARTESIAN_POINT ( 'NONE',  ( 6.492820323027555851, -15.50000000000000000, -4.399999999999999467 ) ) ;
#3677 = SURFACE_SIDE_STYLE ('',( #419 ) ) ;
#3678 =( NAMED_UNIT ( * ) SI_UNIT ( $, .STERADIAN. ) SOLID_ANGLE_UNIT ( ) );
#3679 = EDGE_CURVE ( 'NONE', #58, #4164, #4229, .T. ) ;
#3680 = ORIENTED_EDGE ( 'NONE', *, *, #1860, .F. ) ;
#3681 = SURFACE_STYLE_USAGE ( .BOTH. , #2683 ) ;
#3682 = FACE_OUTER_BOUND ( 'NONE', #2372, .T. ) ;
#3683 = STYLED_ITEM ( 'NONE', ( #4672 ), #1624 ) ;
#3684 = CARTESIAN_POINT ( 'NONE',  ( -2.694073211445876748, 4.373386656429826935, -6.999999999999999112 ) ) ;
#3685 = LINE ( 'NONE', #5488, #390 ) ;
#3686 = UNCERTAINTY_MEASURE_WITH_UNIT (LENGTH_MEASURE( 1.000000000000000082E-05 ), #1313, 'distance_accuracy_value', 'NONE');
#3687 = ORIENTED_EDGE ( 'NONE', *, *, #1925, .F. ) ;
#3688 = VECTOR ( 'NONE', #1034, 1000.000000000000000 ) ;
#3689 = DIRECTION ( 'NONE',  ( 0.0000000000000000000, 0.0000000000000000000, -1.000000000000000000 ) ) ;
#3690 = ADVANCED_FACE ( 'NONE', ( #580 ), #142, .F. ) ;
#3691 = DIRECTION ( 'NONE',  ( 0.0000000000000000000, 1.000000000000000000, 0.0000000000000000000 ) ) ;
#3692 = PLANE ( 'NONE',  #4558 ) ;
#3693 = MECHANICAL_DESIGN_GEOMETRIC_PRESENTATION_REPRESENTATION (  '', ( #1038 ), #566 ) ;
#3694 = LINE ( 'NONE', #1015, #382 ) ;
#3695 = DIRECTION ( 'NONE',  ( 0.0000000000000000000, 0.0000000000000000000, -1.000000000000000000 ) ) ;
#3696 = EDGE_LOOP ( 'NONE', ( #1446, #4619, #4266, #2629 ) ) ;
#3697 = CARTESIAN_POINT ( 'NONE',  ( 4.715027198381942064, 4.390320771151005275, 5.833333333333332149 ) ) ;
#3698 = ORIENTED_EDGE ( 'NONE', *, *, #4086, .F. ) ;
#3699 = VECTOR ( 'NONE', #320, 1000.000000000000000 ) ;
#3700 = UNCERTAINTY_MEASURE_WITH_UNIT (LENGTH_MEASURE( 1.000000000000000082E-05 ), #1929, 'distance_accuracy_value', 'NONE');
#3701 = CARTESIAN_POINT ( 'NONE',  ( 0.0000000000000000000, 0.0000000000000000000, 0.0000000000000000000 ) ) ;
#3702 = AXIS2_PLACEMENT_3D ( 'NONE', #1376, #422, #2225 ) ;
#3703 = FILL_AREA_STYLE_COLOUR ( '', #183 ) ;
#3704 = EDGE_CURVE ( 'NONE', #4926, #475, #2866, .T. ) ;
#3705 = PRESENTATION_STYLE_ASSIGNMENT (( #5597 ) ) ;
#3706 = EDGE_CURVE ( 'NONE', #988, #4589, #234, .T. ) ;
#3707 = CARTESIAN_POINT ( 'NONE',  ( -5.800000000000000711, -19.69999999999999929, 5.200000000000000178 ) ) ;
#3708 = CARTESIAN_POINT ( 'NONE',  ( -0.5000000000000013323, -16.69999999999999929, 4.399999999999999467 ) ) ;
#3709 =( LENGTH_UNIT ( ) NAMED_UNIT ( * ) SI_UNIT ( .MILLI., .METRE. ) );
#3710 = DIRECTION ( 'NONE',  ( 2.891205793294679312E-16, -1.000000000000000000, -0.0000000000000000000 ) ) ;
#3711 =( GEOMETRIC_REPRESENTATION_CONTEXT ( 3 ) GLOBAL_UNCERTAINTY_ASSIGNED_CONTEXT ( ( #5599 ) ) GLOBAL_UNIT_ASSIGNED_CONTEXT ( ( #348, #4739, #719 ) ) REPRESENTATION_CONTEXT ( 'NONE', 'WORKASPACE' ) );
#3712 = ORIENTED_EDGE ( 'NONE', *, *, #3942, .F. ) ;
#3713 = EDGE_CURVE ( 'NONE', #645, #1890, #3452, .T. ) ;
#3714 = SURFACE_SIDE_STYLE ('',( #132 ) ) ;
#3715 = LINE ( 'NONE', #5517, #5668 ) ;
#3716 = ORIENTED_EDGE ( 'NONE', *, *, #2616, .F. ) ;
#3717 = VERTEX_POINT ( 'NONE', #4727 ) ;
#3718 = LINE ( 'NONE', #5792, #3231 ) ;
#3719 = STYLED_ITEM ( 'NONE', ( #870 ), #5694 ) ;
#3720 = STYLED_ITEM ( 'NONE', ( #5735 ), #4631 ) ;
#3721 = CARTESIAN_POINT ( 'NONE',  ( 8.082903768654761123, 4.500000000000000000, -6.684807919321537843E-16 ) ) ;
#3722 = FILL_AREA_STYLE ('',( #3664 ) ) ;
#3723 = VERTEX_POINT ( 'NONE', #2503 ) ;
#3724 = VERTEX_POINT ( 'NONE', #4285 ) ;
#3725 = EDGE_CURVE ( 'NONE', #1983, #3879, #2095, .T. ) ;
#3726 = CLOSED_SHELL ( 'NONE', ( #700, #53, #1333, #4525, #2914, #2327, #1883, #2829 ) ) ;
#3727 = ORIENTED_EDGE ( 'NONE', *, *, #1164, .T. ) ;
#3728 = CARTESIAN_POINT ( 'NONE',  ( 0.0000000000000000000, 7.500000000000000000, 0.0000000000000000000 ) ) ;
#3729 = DIRECTION ( 'NONE',  ( 0.0000000000000000000, 0.0000000000000000000, 1.000000000000000000 ) ) ;
#3730 = VERTEX_POINT ( 'NONE', #2950 ) ;
#3731 = EDGE_CURVE ( 'NONE', #1389, #654, #299, .T. ) ;
#3732 = DIRECTION ( 'NONE',  ( 0.0000000000000000000, 1.000000000000000000, -0.0000000000000000000 ) ) ;
#3733 = CARTESIAN_POINT ( 'NONE',  ( -1.192820323027555807, -15.50000000000000000, 0.4000000000000001887 ) ) ;
#3734 = CARTESIAN_POINT ( 'NONE',  ( -6.492820323027555851, -15.50000000000000000, -4.399999999999999467 ) ) ;
#3735 = FILL_AREA_STYLE ('',( #5682 ) ) ;
#3736 = FACE_OUTER_BOUND ( 'NONE', #4290, .T. ) ;
#3737 = VECTOR ( 'NONE', #752, 1000.000000000000000 ) ;
#3738 = EDGE_LOOP ( 'NONE', ( #3989, #5403, #2358, #4860 ) ) ;
#3739 = CARTESIAN_POINT ( 'NONE',  ( -0.5000000000000013323, -16.69999999999999929, -5.200000000000000178 ) ) ;
#3740 = SURFACE_STYLE_FILL_AREA ( #3353 ) ;
#3741 = VECTOR ( 'NONE', #1521, 1000.000000000000000 ) ;
#3742 = LINE ( 'NONE', #1132, #2821 ) ;
#3743 = CARTESIAN_POINT ( 'NONE',  ( -6.062177826491071286, 4.500000000000000000, 3.499999999999997335 ) ) ;
#3744 = ORIENTED_EDGE ( 'NONE', *, *, #307, .F. ) ;
#3745 = STYLED_ITEM ( 'NONE', ( #1418 ), #652 ) ;
#3746 = ORIENTED_EDGE ( 'NONE', *, *, #4950, .F. ) ;
#3747 = DIRECTION ( 'NONE',  ( 1.000000000000000000, -0.0000000000000000000, -0.0000000000000000000 ) ) ;
#3748 =( GEOMETRIC_REPRESENTATION_CONTEXT ( 3 ) GLOBAL_UNCERTAINTY_ASSIGNED_CONTEXT ( ( #3686 ) ) GLOBAL_UNIT_ASSIGNED_CONTEXT ( ( #1313, #3131, #4477 ) ) REPRESENTATION_CONTEXT ( 'NONE', 'WORKASPACE' ) );
#3749 = FACE_OUTER_BOUND ( 'NONE', #1736, .T. ) ;
#3750 = ADVANCED_FACE ( 'NONE', ( #5293 ), #290, .F. ) ;
#3751 =( LENGTH_UNIT ( ) NAMED_UNIT ( * ) SI_UNIT ( .MILLI., .METRE. ) );
#3752 = VERTEX_POINT ( 'NONE', #3872 ) ;
#3753 = ORIENTED_EDGE ( 'NONE', *, *, #1011, .F. ) ;
#3754 = DIRECTION ( 'NONE',  ( -0.5000000000000021094, -0.8660254037844374864, 0.0000000000000000000 ) ) ;
#3755 = FILL_AREA_STYLE_COLOUR ( '', #2033 ) ;
#3756 = B_SPLINE_CURVE_WITH_KNOTS ( 'NONE', 3,
 ( #3167, #463, #3647, #863 ),
 .UNSPECIFIED., .F., .F.,
 ( 4, 4 ),
 ( 0.004041682824435055381, 0.008083134708762431189 ),
 .UNSPECIFIED. ) ;
#3757 = CARTESIAN_POINT ( 'NONE',  ( 4.799999999999998934, -15.50000000000000000, -0.4000000000000001887 ) ) ;
#3758 = SURFACE_STYLE_USAGE ( .BOTH. , #4206 ) ;
#3759 = FILL_AREA_STYLE ('',( #1570 ) ) ;
#3760 = ORIENTED_EDGE ( 'NONE', *, *, #5092, .T. ) ;
#3761 = FACE_OUTER_BOUND ( 'NONE', #2084, .T. ) ;
#3762 =( GEOMETRIC_REPRESENTATION_CONTEXT ( 3 ) GLOBAL_UNCERTAINTY_ASSIGNED_CONTEXT ( ( #5415 ) ) GLOBAL_UNIT_ASSIGNED_CONTEXT ( ( #4099, #392, #3175 ) ) REPRESENTATION_CONTEXT ( 'NONE', 'WORKASPACE' ) );
#3763 = CARTESIAN_POINT ( 'NONE',  ( 1.192820323027555807, -15.50000000000000000, -5.200000000000000178 ) ) ;
#3764 = EDGE_CURVE ( 'NONE', #4879, #1666, #3422, .T. ) ;
#3765 = FILL_AREA_STYLE_COLOUR ( '', #5148 ) ;
#3766 = CARTESIAN_POINT ( 'NONE',  ( -4.715027198381948281, 2.309679228848994903, -5.833333333333332149 ) ) ;
#3767 = ORIENTED_EDGE ( 'NONE', *, *, #3236, .F. ) ;
#3768 = VECTOR ( 'NONE', #3439, 1000.000000000000000 ) ;
#3769 =( GEOMETRIC_REPRESENTATION_CONTEXT ( 3 ) GLOBAL_UNCERTAINTY_ASSIGNED_CONTEXT ( ( #4878 ) ) GLOBAL_UNIT_ASSIGNED_CONTEXT ( ( #5410, #516, #4574 ) ) REPRESENTATION_CONTEXT ( 'NONE', 'WORKASPACE' ) );
#3770 = DIRECTION ( 'NONE',  ( 0.0000000000000000000, 0.0000000000000000000, -1.000000000000000000 ) ) ;
#3771 = CIRCLE ( 'NONE', #2249, 7.000000000000000888 ) ;
#3772 = DIRECTION ( 'NONE',  ( 0.0000000000000000000, 1.000000000000000000, 0.0000000000000000000 ) ) ;
#3773 = DIRECTION ( 'NONE',  ( 0.0000000000000000000, 0.0000000000000000000, 1.000000000000000000 ) ) ;
#3774 = ORIENTED_EDGE ( 'NONE', *, *, #2631, .F. ) ;
#3775 = ORIENTED_EDGE ( 'NONE', *, *, #4545, .F. ) ;
#3776 = DIRECTION ( 'NONE',  ( 0.0000000000000000000, 1.000000000000000000, 0.0000000000000000000 ) ) ;
#3777 = CARTESIAN_POINT ( 'NONE',  ( -0.5000000000000004441, -19.69999999999999929, -0.4000000000000001887 ) ) ;
#3778 = SURFACE_STYLE_USAGE ( .BOTH. , #541 ) ;
#3779 = CARTESIAN_POINT ( 'NONE',  ( -4.799999999999998934, -19.69999999999999929, 5.200000000000000178 ) ) ;
#3780 = FILL_AREA_STYLE ('',( #4138 ) ) ;
#3781 = ORIENTED_EDGE ( 'NONE', *, *, #4554, .F. ) ;
#3782 = ORIENTED_EDGE ( 'NONE', *, *, #264, .F. ) ;
#3783 = FACE_OUTER_BOUND ( 'NONE', #2039, .T. ) ;
#3784 = SURFACE_SIDE_STYLE ('',( #5620 ) ) ;
#3785 = CARTESIAN_POINT ( 'NONE',  ( 6.492820323027555851, -15.50000000000000000, -4.399999999999999467 ) ) ;
#3786 = CARTESIAN_POINT ( 'NONE',  ( -0.5000000000000013323, -16.69999999999999929, -4.399999999999999467 ) ) ;
#3787 = ORIENTED_EDGE ( 'NONE', *, *, #2839, .F. ) ;
#3788 = STYLED_ITEM ( 'NONE', ( #3219 ), #3067 ) ;
#3789 = CARTESIAN_POINT ( 'NONE',  ( 6.735753140545631901, 2.199999999999999289, 2.333333333333333481 ) ) ;
#3790 = SURFACE_SIDE_STYLE ('',( #1984 ) ) ;
#3791 = DIRECTION ( 'NONE',  ( 0.0000000000000000000, -0.0000000000000000000, 1.000000000000000000 ) ) ;
#3792 = CARTESIAN_POINT ( 'NONE',  ( -6.062177826491073951, 4.500000000000000000, -3.500000000000000444 ) ) ;
#3793 = PLANE ( 'NONE',  #3820 ) ;
#3794 = DIRECTION ( 'NONE',  ( 0.0000000000000000000, 0.0000000000000000000, 1.000000000000000000 ) ) ;
#3795 = CARTESIAN_POINT ( 'NONE',  ( -0.5000000000000013323, -16.69999999999999929, 5.200000000000000178 ) ) ;
#3796 = DIRECTION ( 'NONE',  ( -0.0000000000000000000, -0.0000000000000000000, -1.000000000000000000 ) ) ;
#3797 = FACE_OUTER_BOUND ( 'NONE', #5397, .T. ) ;
#3798 = VECTOR ( 'NONE', #3435, 1000.000000000000000 ) ;
#3799 = FACE_OUTER_BOUND ( 'NONE', #1444, .T. ) ;
#3800 = VERTEX_POINT ( 'NONE', #339 ) ;
#3801 = EDGE_CURVE ( 'NONE', #2737, #4549, #3991, .T. ) ;
#3802 = EDGE_LOOP ( 'NONE', ( #1758, #5244, #828, #5586 ) ) ;
#3803 = LINE ( 'NONE', #5613, #146 ) ;
#3804 =( NAMED_UNIT ( * ) SI_UNIT ( $, .STERADIAN. ) SOLID_ANGLE_UNIT ( ) );
#3805 = SURFACE_STYLE_FILL_AREA ( #2894 ) ;
#3806 = CARTESIAN_POINT ( 'NONE',  ( 0.0000000000000000000, 2.199999999999999734, 0.0000000000000000000 ) ) ;
#3807 = MECHANICAL_DESIGN_GEOMETRIC_PRESENTATION_REPRESENTATION (  '', ( #3333 ), #3623 ) ;
#3808 = VERTEX_POINT ( 'NONE', #3392 ) ;
#3809 = ADVANCED_FACE ( 'NONE', ( #3041 ), #5678, .F. ) ;
#3810 = ORIENTED_EDGE ( 'NONE', *, *, #3204, .F. ) ;
#3811 = DIRECTION ( 'NONE',  ( -1.000000000000000000, 0.0000000000000000000, 0.0000000000000000000 ) ) ;
#3812 = CARTESIAN_POINT ( 'NONE',  ( 2.696525454875338568, 7.609977214966187731, -7.000000000000000888 ) ) ;
#3813 = MECHANICAL_DESIGN_GEOMETRIC_PRESENTATION_REPRESENTATION (  '', ( #5712 ), #1640 ) ;
#3814 = VECTOR ( 'NONE', #527, 1000.000000000000000 ) ;
#3815 = PRESENTATION_STYLE_ASSIGNMENT (( #2323 ) ) ;
#3816 = SURFACE_SIDE_STYLE ('',( #177 ) ) ;
#3817 = CARTESIAN_POINT ( 'NONE',  ( -4.715027198381943840, 9.690320771151005985, 5.833333333333333037 ) ) ;
#3818 = CARTESIAN_POINT ( 'NONE',  ( 5.800000000000001599, -19.69999999999999929, 5.200000000000000178 ) ) ;
#3819 = ORIENTED_EDGE ( 'NONE', *, *, #4562, .F. ) ;
#3820 = AXIS2_PLACEMENT_3D ( 'NONE', #1182, #4330, #1718 ) ;
#3821 = EDGE_CURVE ( 'NONE', #5095, #1230, #4719, .T. ) ;
#3822 = VECTOR ( 'NONE', #1391, 1000.000000000000000 ) ;
#3823 = DIRECTION ( 'NONE',  ( -0.0000000000000000000, -0.0000000000000000000, -1.000000000000000000 ) ) ;
#3824 = DIRECTION ( 'NONE',  ( 2.891205793294679312E-16, -1.000000000000000000, -0.0000000000000000000 ) ) ;
#3825 = UNCERTAINTY_MEASURE_WITH_UNIT (LENGTH_MEASURE( 1.000000000000000082E-05 ), #3155, 'distance_accuracy_value', 'NONE');
#3826 = CLOSED_SHELL ( 'NONE', ( #89, #2315, #3094, #3150, #2653, #5811, #2511, #376, #1668, #3809, #2485, #4279, #2809, #2603, #667, #860, #1425, #1859, #114, #1576, #4693, #5632 ) ) ;
#3827 = CARTESIAN_POINT ( 'NONE',  ( 8.082903768654761123, 7.790163190291658601, -7.215013330229419547E-16 ) ) ;
#3828 = CARTESIAN_POINT ( 'NONE',  ( -0.5000000000000013323, -15.50000000000000000, 5.200000000000000178 ) ) ;
#3829 = VERTEX_POINT ( 'NONE', #3907 ) ;
#3830 = DIRECTION ( 'NONE',  ( 0.0000000000000000000, -0.0000000000000000000, -1.000000000000000000 ) ) ;
#3831 = PLANE ( 'NONE',  #4830 ) ;
#3832 = CONICAL_SURFACE ( 'NONE', #4678, 7.000000000000000888, 1.308996938995750092 ) ;
#3833 = ORIENTED_EDGE ( 'NONE', *, *, #4086, .T. ) ;
#3834 = ORIENTED_EDGE ( 'NONE', *, *, #2900, .T. ) ;
#3835 = VECTOR ( 'NONE', #4847, 1000.000000000000000 ) ;
#3836 =( NAMED_UNIT ( * ) PLANE_ANGLE_UNIT ( ) SI_UNIT ( $, .RADIAN. ) );
#3837 = UNCERTAINTY_MEASURE_WITH_UNIT (LENGTH_MEASURE( 1.000000000000000082E-05 ), #1191, 'distance_accuracy_value', 'NONE');
#3838 = FACE_OUTER_BOUND ( 'NONE', #5091, .T. ) ;
#3839 = DIRECTION ( 'NONE',  ( 0.0000000000000000000, 1.000000000000000000, 0.0000000000000000000 ) ) ;
#3840 = SURFACE_SIDE_STYLE ('',( #4371 ) ) ;
#3841 = ORIENTED_EDGE ( 'NONE', *, *, #1948, .F. ) ;
#3842 = ORIENTED_EDGE ( 'NONE', *, *, #256, .T. ) ;
#3843 = FILL_AREA_STYLE ('',( #3755 ) ) ;
#3844 = MECHANICAL_DESIGN_GEOMETRIC_PRESENTATION_REPRESENTATION (  '', ( #4491 ), #5642 ) ;
#3845 = EDGE_CURVE ( 'NONE', #4373, #2929, #5875, .T. ) ;
#3846 = PLANE ( 'NONE',  #2743 ) ;
#3847 = ADVANCED_FACE ( 'NONE', ( #5746 ), #5777, .F. ) ;
#3848 = CARTESIAN_POINT ( 'NONE',  ( 0.5000000000000013323, -19.69999999999999929, 5.200000000000000178 ) ) ;
#3849 = CARTESIAN_POINT ( 'NONE',  ( 7.347880794884120722E-16, 4.500000000000000000, 6.000000000000000888 ) ) ;
#3850 = ORIENTED_EDGE ( 'NONE', *, *, #1958, .T. ) ;
#3851 = VECTOR ( 'NONE', #4709, 1000.000000000000000 ) ;
#3852 = LINE ( 'NONE', #266, #342 ) ;
#3853 = CARTESIAN_POINT ( 'NONE',  ( 8.300000000000000711, -15.50000000000000000, 7.000000000000000888 ) ) ;
#3854 = DIRECTION ( 'NONE',  ( 0.0000000000000000000, 0.0000000000000000000, -1.000000000000000000 ) ) ;
#3855 = EDGE_CURVE ( 'NONE', #3141, #26, #1733, .T. ) ;
#3856 = LINE ( 'NONE', #4777, #2202 ) ;
#3857 = FILL_AREA_STYLE_COLOUR ( '', #2688 ) ;
#3858 = DIRECTION ( 'NONE',  ( 0.0000000000000000000, -1.000000000000000000, 0.0000000000000000000 ) ) ;
#3859 = ORIENTED_EDGE ( 'NONE', *, *, #4820, .F. ) ;
#3860 = CARTESIAN_POINT ( 'NONE',  ( 4.799999999999999822, -19.69999999999999929, -5.200000000000000178 ) ) ;
#3861 = DIRECTION ( 'NONE',  ( 0.5000000000000021094, 0.8660254037844374864, 0.0000000000000000000 ) ) ;
#3862 = DIRECTION ( 'NONE',  ( -0.0000000000000000000, -0.0000000000000000000, -1.000000000000000000 ) ) ;
#3863 = UNCERTAINTY_MEASURE_WITH_UNIT (LENGTH_MEASURE( 1.000000000000000082E-05 ), #2707, 'distance_accuracy_value', 'NONE');
#3864 = COLOUR_RGB ( '',1.000000000000000000, 1.000000000000000000, 1.000000000000000000 ) ;
#3865 = ORIENTED_EDGE ( 'NONE', *, *, #1011, .T. ) ;
#3866 = ORIENTED_EDGE ( 'NONE', *, *, #3637, .F. ) ;
#3867 =( NAMED_UNIT ( * ) PLANE_ANGLE_UNIT ( ) SI_UNIT ( $, .RADIAN. ) );
#3868 = DIRECTION ( 'NONE',  ( 0.0000000000000000000, -1.000000000000000000, 0.0000000000000000000 ) ) ;
#3869 = AXIS2_PLACEMENT_3D ( 'NONE', #5186, #242, #2932 ) ;
#3870 = STYLED_ITEM ( 'NONE', ( #2997 ), #1307 ) ;
#3871 = DIRECTION ( 'NONE',  ( 0.0000000000000000000, -1.000000000000000000, 0.0000000000000000000 ) ) ;
#3872 = CARTESIAN_POINT ( 'NONE',  ( 0.0000000000000000000, 7.000000000000000000, -8.000000000000000000 ) ) ;
#3873 = DIRECTION ( 'NONE',  ( 0.0000000000000000000, 0.0000000000000000000, 1.000000000000000000 ) ) ;
#3874 = ORIENTED_EDGE ( 'NONE', *, *, #4628, .T. ) ;
#3875 = STYLED_ITEM ( 'NONE', ( #108 ), #2532 ) ;
#3876 = ORIENTED_EDGE ( 'NONE', *, *, #3388, .T. ) ;
#3877 = STYLED_ITEM ( 'NONE', ( #5325 ), #1790 ) ;
#3878 = EDGE_CURVE ( 'NONE', #2008, #2820, #3551, .T. ) ;
#3879 = VERTEX_POINT ( 'NONE', #5401 ) ;
#3880 = PLANE ( 'NONE',  #4357 ) ;
#3881 = CARTESIAN_POINT ( 'NONE',  ( -4.799999999999998934, -16.69999999999999929, -4.399999999999999467 ) ) ;
#3882 =( GEOMETRIC_REPRESENTATION_CONTEXT ( 3 ) GLOBAL_UNCERTAINTY_ASSIGNED_CONTEXT ( ( #2994 ) ) GLOBAL_UNIT_ASSIGNED_CONTEXT ( ( #633, #4656, #3326 ) ) REPRESENTATION_CONTEXT ( 'NONE', 'WORKASPACE' ) );
#3883 = CARTESIAN_POINT ( 'NONE',  ( -5.388602512436508007, 2.199999999999999289, 4.666666666666664298 ) ) ;
#3884 =( NAMED_UNIT ( * ) PLANE_ANGLE_UNIT ( ) SI_UNIT ( $, .RADIAN. ) );
#3885 = DIRECTION ( 'NONE',  ( 0.0000000000000000000, 1.000000000000000000, 0.0000000000000000000 ) ) ;
#3886 = ADVANCED_FACE ( 'NONE', ( #5430 ), #5807, .F. ) ;
#3887 =( GEOMETRIC_REPRESENTATION_CONTEXT ( 3 ) GLOBAL_UNCERTAINTY_ASSIGNED_CONTEXT ( ( #2107 ) ) GLOBAL_UNIT_ASSIGNED_CONTEXT ( ( #3709, #2395, #1900 ) ) REPRESENTATION_CONTEXT ( 'NONE', 'WORKASPACE' ) );
#3888 = CYLINDRICAL_SURFACE ( 'NONE', #1946, 4.000000000000000888 ) ;
#3889 = CARTESIAN_POINT ( 'NONE',  ( 0.0000000000000000000, 7.500000000000000000, 0.0000000000000000000 ) ) ;
#3890 = LINE ( 'NONE', #5223, #3157 ) ;
#3891 = PRESENTATION_STYLE_ASSIGNMENT (( #3465 ) ) ;
#3892 = DIRECTION ( 'NONE',  ( -0.8660254037844385966, 0.0000000000000000000, 0.5000000000000001110 ) ) ;
#3893 = DIRECTION ( 'NONE',  ( 0.0000000000000000000, 1.000000000000000000, 0.0000000000000000000 ) ) ;
#3894 = ORIENTED_EDGE ( 'NONE', *, *, #1203, .T. ) ;
#3895 = AXIS2_PLACEMENT_3D ( 'NONE', #4352, #2535, #3019 ) ;
#3896 = DIRECTION ( 'NONE',  ( 0.0000000000000000000, 0.0000000000000000000, 1.000000000000000000 ) ) ;
#3897 = CARTESIAN_POINT ( 'NONE',  ( -4.107179676972443794, -15.50000000000000000, -0.4000000000000001887 ) ) ;
#3898 = FILL_AREA_STYLE ('',( #3509 ) ) ;
#3899 = VERTEX_POINT ( 'NONE', #1260 ) ;
#3900 = ADVANCED_FACE ( 'NONE', ( #5001 ), #4915, .F. ) ;
#3901 = EDGE_LOOP ( 'NONE', ( #2436, #3103, #3165, #1399 ) ) ;
#3902 = DIRECTION ( 'NONE',  ( 2.891205793294679312E-16, -1.000000000000000000, -0.0000000000000000000 ) ) ;
#3903 = SURFACE_SIDE_STYLE ('',( #3007 ) ) ;
#3904 =( NAMED_UNIT ( * ) PLANE_ANGLE_UNIT ( ) SI_UNIT ( $, .RADIAN. ) );
#3905 = MECHANICAL_DESIGN_GEOMETRIC_PRESENTATION_REPRESENTATION (  '', ( #5227 ), #3143 ) ;
#3906 = UNCERTAINTY_MEASURE_WITH_UNIT (LENGTH_MEASURE( 1.000000000000000082E-05 ), #1498, 'distance_accuracy_value', 'NONE');
#3907 = CARTESIAN_POINT ( 'NONE',  ( -5.800000000000000711, -19.69999999999999929, 0.4000000000000001887 ) ) ;
#3908 = ORIENTED_EDGE ( 'NONE', *, *, #2356, .T. ) ;
#3909 = VECTOR ( 'NONE', #1413, 1000.000000000000000 ) ;
#3910 = ORIENTED_EDGE ( 'NONE', *, *, #1936, .T. ) ;
#3911 = CARTESIAN_POINT ( 'NONE',  ( -1.192820323027555807, -15.50000000000000000, -0.4000000000000001887 ) ) ;
#3912 = SURFACE_STYLE_FILL_AREA ( #1116 ) ;
#3913 = VECTOR ( 'NONE', #4620, 1000.000000000000000 ) ;
#3914 = EDGE_CURVE ( 'NONE', #2402, #3227, #873, .T. ) ;
#3915 =( LENGTH_UNIT ( ) NAMED_UNIT ( * ) SI_UNIT ( .MILLI., .METRE. ) );
#3916 = CARTESIAN_POINT ( 'NONE',  ( 0.5000000000000013323, -16.69999999999999929, 5.200000000000000178 ) ) ;
#3917 = STYLED_ITEM ( 'NONE', ( #5337 ), #5531 ) ;
#3918 =( GEOMETRIC_REPRESENTATION_CONTEXT ( 3 ) GLOBAL_UNCERTAINTY_ASSIGNED_CONTEXT ( ( #288 ) ) GLOBAL_UNIT_ASSIGNED_CONTEXT ( ( #3032, #5281, #4849 ) ) REPRESENTATION_CONTEXT ( 'NONE', 'WORKASPACE' ) );
#3919 = DIRECTION ( 'NONE',  ( 1.000000000000000000, 0.0000000000000000000, -0.0000000000000000000 ) ) ;
#3920 = DIRECTION ( 'NONE',  ( 1.000000000000000000, 0.0000000000000000000, 0.0000000000000000000 ) ) ;
#3921 = EDGE_CURVE ( 'NONE', #544, #135, #397, .T. ) ;
#3922 =( GEOMETRIC_REPRESENTATION_CONTEXT ( 3 ) GLOBAL_UNCERTAINTY_ASSIGNED_CONTEXT ( ( #1390 ) ) GLOBAL_UNIT_ASSIGNED_CONTEXT ( ( #327, #3500, #5692 ) ) REPRESENTATION_CONTEXT ( 'NONE', 'WORKASPACE' ) );
#3923 = MECHANICAL_DESIGN_GEOMETRIC_PRESENTATION_REPRESENTATION (  '', ( #601 ), #2011 ) ;
#3924 = CLOSED_SHELL ( 'NONE', ( #2716, #1195, #4079, #1299, #2044, #1165, #1802, #5829 ) ) ;
#3925 = DIRECTION ( 'NONE',  ( -0.0000000000000000000, -0.0000000000000000000, -1.000000000000000000 ) ) ;
#3926 = CARTESIAN_POINT ( 'NONE',  ( 0.5000000000000013323, -16.69999999999999929, -5.200000000000000178 ) ) ;
#3927 = SURFACE_STYLE_FILL_AREA ( #2112 ) ;
#3928 = PLANE ( 'NONE',  #2158 ) ;
#3929 = PRESENTATION_LAYER_ASSIGNMENT (  '', '', ( #503 ) ) ;
#3930 = ORIENTED_EDGE ( 'NONE', *, *, #3704, .F. ) ;
#3931 = ORIENTED_EDGE ( 'NONE', *, *, #3222, .T. ) ;
#3932 = CARTESIAN_POINT ( 'NONE',  ( -4.799999999999998934, -19.69999999999999929, 5.200000000000000178 ) ) ;
#3933 = AXIS2_PLACEMENT_3D ( 'NONE', #312, #5398, #4476 ) ;
#3934 = FACE_OUTER_BOUND ( 'NONE', #3176, .T. ) ;
#3935 = CARTESIAN_POINT ( 'NONE',  ( 4.799999999999999822, -19.69999999999999929, 5.200000000000000178 ) ) ;
#3936 = CARTESIAN_POINT ( 'NONE',  ( -4.715027198381944729, 7.609679228848994725, 5.833333333333333037 ) ) ;
#3937 = ORIENTED_EDGE ( 'NONE', *, *, #2423, .F. ) ;
#3938 = VECTOR ( 'NONE', #2733, 1000.000000000000000 ) ;
#3939 = ORIENTED_EDGE ( 'NONE', *, *, #358, .T. ) ;
#3940 = AXIS2_PLACEMENT_3D ( 'NONE', #5469, #3868, #5207 ) ;
#3941 =( NAMED_UNIT ( * ) PLANE_ANGLE_UNIT ( ) SI_UNIT ( $, .RADIAN. ) );
#3942 = EDGE_CURVE ( 'NONE', #1197, #2933, #5838, .T. ) ;
#3943 = FILL_AREA_STYLE_COLOUR ( '', #1820 ) ;
#3944 = DIRECTION ( 'NONE',  ( 1.000000000000000000, 0.0000000000000000000, 0.0000000000000000000 ) ) ;
#3945 = DIRECTION ( 'NONE',  ( 1.000000000000000000, 0.0000000000000000000, -0.0000000000000000000 ) ) ;
#3946 = CARTESIAN_POINT ( 'NONE',  ( 6.062177826491067734, 9.799999999999998934, 3.499999999999999556 ) ) ;
#3947 = EDGE_CURVE ( 'NONE', #4698, #5512, #2257, .T. ) ;
#3948 = CARTESIAN_POINT ( 'NONE',  ( 8.082903768654761123, 4.209836809708341399, -7.554090729571645684E-16 ) ) ;
#3949 = MECHANICAL_DESIGN_GEOMETRIC_PRESENTATION_REPRESENTATION (  '', ( #2319 ), #1388 ) ;
#3950 = CARTESIAN_POINT ( 'NONE',  ( 4.107179676972443794, -15.50000000000000000, -4.399999999999999467 ) ) ;
#3951 = ORIENTED_EDGE ( 'NONE', *, *, #501, .T. ) ;
#3952 = ADVANCED_FACE ( 'NONE', ( #4974 ), #899, .F. ) ;
#3953 = CARTESIAN_POINT ( 'NONE',  ( 0.0000000000000000000, 9.799999999999998934, 0.0000000000000000000 ) ) ;
#3954 = CARTESIAN_POINT ( 'NONE',  ( 0.0000000000000000000, 21.19999999999999574, -5.000000000000000888 ) ) ;
#3955 = SURFACE_STYLE_FILL_AREA ( #309 ) ;
#3956 = DIRECTION ( 'NONE',  ( 0.8660254037844388186, 0.0000000000000000000, -0.4999999999999996669 ) ) ;
#3957 = DIRECTION ( 'NONE',  ( 0.5000000000000021094, -0.8660254037844374864, -0.0000000000000000000 ) ) ;
#3958 = EDGE_LOOP ( 'NONE', ( #2645, #2987, #3859, #1326 ) ) ;
#3959 = DIRECTION ( 'NONE',  ( 0.5000000000000009992, 0.8660254037844380415, 0.0000000000000000000 ) ) ;
#3960 = ORIENTED_EDGE ( 'NONE', *, *, #3914, .F. ) ;
#3961 =( NAMED_UNIT ( * ) PLANE_ANGLE_UNIT ( ) SI_UNIT ( $, .RADIAN. ) );
#3962 = DIRECTION ( 'NONE',  ( 0.0000000000000000000, -1.000000000000000000, 0.0000000000000000000 ) ) ;
#3963 = CARTESIAN_POINT ( 'NONE',  ( 4.715027198381942064, 9.690320771151004209, -5.833333333333334814 ) ) ;
#3964 = VERTEX_POINT ( 'NONE', #4594 ) ;
#3965 = ORIENTED_EDGE ( 'NONE', *, *, #4024, .F. ) ;
#3966 =( GEOMETRIC_REPRESENTATION_CONTEXT ( 3 ) GLOBAL_UNCERTAINTY_ASSIGNED_CONTEXT ( ( #4465 ) ) GLOBAL_UNIT_ASSIGNED_CONTEXT ( ( #306, #439, #5419 ) ) REPRESENTATION_CONTEXT ( 'NONE', 'WORKASPACE' ) );
#3967 = STYLED_ITEM ( 'NONE', ( #2746 ), #1029 ) ;
#3968 = CARTESIAN_POINT ( 'NONE',  ( 8.300000000000000711, -15.50000000000000000, -7.000000000000000888 ) ) ;
#3969 = FILL_AREA_STYLE ('',( #4799 ) ) ;
#3970 = PLANE ( 'NONE',  #847 ) ;
#3971 =( GEOMETRIC_REPRESENTATION_CONTEXT ( 3 ) GLOBAL_UNCERTAINTY_ASSIGNED_CONTEXT ( ( #3574 ) ) GLOBAL_UNIT_ASSIGNED_CONTEXT ( ( #911, #88, #4146 ) ) REPRESENTATION_CONTEXT ( 'NONE', 'WORKASPACE' ) );
#3972 = VECTOR ( 'NONE', #5764, 1000.000000000000000 ) ;
#3973 = CARTESIAN_POINT ( 'NONE',  ( -8.082903768654761123, 9.509836809708341221, -3.476453858126656522E-15 ) ) ;
#3974 = PLANE ( 'NONE',  #743 ) ;
#3975 = CARTESIAN_POINT ( 'NONE',  ( -4.799999999999998934, -16.69999999999999929, -0.4000000000000001887 ) ) ;
#3976 = ORIENTED_EDGE ( 'NONE', *, *, #940, .F. ) ;
#3977 = MECHANICAL_DESIGN_GEOMETRIC_PRESENTATION_REPRESENTATION (  '', ( #1612 ), #2089 ) ;
#3978 = EDGE_CURVE ( 'NONE', #4761, #357, #5633, .T. ) ;
#3979 = CARTESIAN_POINT ( 'NONE',  ( 5.800000000000001599, -19.69999999999999929, -4.399999999999999467 ) ) ;
#3980 = FACE_OUTER_BOUND ( 'NONE', #5482, .T. ) ;
#3981 =( NAMED_UNIT ( * ) PLANE_ANGLE_UNIT ( ) SI_UNIT ( $, .RADIAN. ) );
#3982 = VECTOR ( 'NONE', #5021, 1000.000000000000000 ) ;
#3983 = DIRECTION ( 'NONE',  ( 0.0000000000000000000, 0.0000000000000000000, -1.000000000000000000 ) ) ;
#3984 = VECTOR ( 'NONE', #553, 1000.000000000000000 ) ;
#3985 = FILL_AREA_STYLE ('',( #5343 ) ) ;
#3986 = AXIS2_PLACEMENT_3D ( 'NONE', #430, #5378, #48 ) ;
#3987 = ADVANCED_FACE ( 'NONE', ( #2860 ), #164, .F. ) ;
#3988 =( NAMED_UNIT ( * ) PLANE_ANGLE_UNIT ( ) SI_UNIT ( $, .RADIAN. ) );
#3989 = ORIENTED_EDGE ( 'NONE', *, *, #4713, .T. ) ;
#3990 = EDGE_LOOP ( 'NONE', ( #758, #4659, #3151, #913, #1969, #3698 ) ) ;
#3991 = CIRCLE ( 'NONE', #3320, 4.699999999999997513 ) ;
#3992 =( LENGTH_UNIT ( ) NAMED_UNIT ( * ) SI_UNIT ( .MILLI., .METRE. ) );
#3993 =( NAMED_UNIT ( * ) SI_UNIT ( $, .STERADIAN. ) SOLID_ANGLE_UNIT ( ) );
#3994 = EDGE_CURVE ( 'NONE', #1890, #2373, #2178, .T. ) ;
#3995 =( NAMED_UNIT ( * ) SI_UNIT ( $, .STERADIAN. ) SOLID_ANGLE_UNIT ( ) );
#3996 = EDGE_CURVE ( 'NONE', #3393, #1389, #5089, .T. ) ;
#3997 = VECTOR ( 'NONE', #5135, 1000.000000000000000 ) ;
#3998 = CARTESIAN_POINT ( 'NONE',  ( -4.799999999999998934, -16.69999999999999929, -5.200000000000000178 ) ) ;
#3999 = ORIENTED_EDGE ( 'NONE', *, *, #3821, .F. ) ;
#4000 = AXIS2_PLACEMENT_3D ( 'NONE', #3881, #2990, #742 ) ;
#4001 = VECTOR ( 'NONE', #639, 1000.000000000000000 ) ;
#4002 = UNCERTAINTY_MEASURE_WITH_UNIT (LENGTH_MEASURE( 1.000000000000000082E-05 ), #2359, 'distance_accuracy_value', 'NONE');
#4003 =( NAMED_UNIT ( * ) SI_UNIT ( $, .STERADIAN. ) SOLID_ANGLE_UNIT ( ) );
#4004 = CARTESIAN_POINT ( 'NONE',  ( 5.800000000000001599, -19.69999999999999929, 5.200000000000000178 ) ) ;
#4005 = EDGE_CURVE ( 'NONE', #1478, #2652, #5029, .T. ) ;
#4006 = CARTESIAN_POINT ( 'NONE',  ( -7.409328454600197844, 2.309679228848994459, 1.166666666666663188 ) ) ;
#4007 = ORIENTED_EDGE ( 'NONE', *, *, #1385, .T. ) ;
#4008 =( GEOMETRIC_REPRESENTATION_CONTEXT ( 3 ) GLOBAL_UNCERTAINTY_ASSIGNED_CONTEXT ( ( #2893 ) ) GLOBAL_UNIT_ASSIGNED_CONTEXT ( ( #612, #3210, #4695 ) ) REPRESENTATION_CONTEXT ( 'NONE', 'WORKASPACE' ) );
#4009 = DIRECTION ( 'NONE',  ( 0.0000000000000000000, 0.0000000000000000000, 1.000000000000000000 ) ) ;
#4010 = LINE ( 'NONE', #3225, #3154 ) ;
#4011 = DIRECTION ( 'NONE',  ( 1.000000000000000000, -0.0000000000000000000, -0.0000000000000000000 ) ) ;
#4012 = MECHANICAL_DESIGN_GEOMETRIC_PRESENTATION_REPRESENTATION (  '', ( #2969 ), #3063 ) ;
#4013 = CARTESIAN_POINT ( 'NONE',  ( -0.5000000000000013323, -15.50000000000000000, 0.4000000000000001887 ) ) ;
#4014 = EDGE_CURVE ( 'NONE', #4910, #1197, #3685, .T. ) ;
#4015 = AXIS2_PLACEMENT_3D ( 'NONE', #2515, #1663, #1635 ) ;
#4016 = VECTOR ( 'NONE', #1022, 1000.000000000000000 ) ;
#4017 = ORIENTED_EDGE ( 'NONE', *, *, #1100, .F. ) ;
#4018 = CARTESIAN_POINT ( 'NONE',  ( 0.5000000000000013323, -19.69999999999999929, 4.399999999999999467 ) ) ;
#4019 = ORIENTED_EDGE ( 'NONE', *, *, #648, .T. ) ;
#4020 = EDGE_LOOP ( 'NONE', ( #1327, #1652, #1400, #3305 ) ) ;
#4021 = ORIENTED_EDGE ( 'NONE', *, *, #5414, .T. ) ;
#4022 = AXIS2_PLACEMENT_3D ( 'NONE', #3183, #5004, #927 ) ;
#4023 = PRESENTATION_STYLE_ASSIGNMENT (( #3428 ) ) ;
#4024 = EDGE_CURVE ( 'NONE', #4441, #420, #533, .T. ) ;
#4025 = LINE ( 'NONE', #2657, #1131 ) ;
#4026 = CARTESIAN_POINT ( 'NONE',  ( 6.062177826491071286, 4.500000000000000000, -3.500000000000000888 ) ) ;
#4027 = FACE_OUTER_BOUND ( 'NONE', #739, .T. ) ;
#4028 = DIRECTION ( 'NONE',  ( 0.8660254037844374864, 0.5000000000000021094, -0.0000000000000000000 ) ) ;
#4029 = ORIENTED_EDGE ( 'NONE', *, *, #4456, .F. ) ;
#4030 = PLANE ( 'NONE',  #3940 ) ;
#4031 = EDGE_CURVE ( 'NONE', #957, #3469, #4993, .T. ) ;
#4032 = CARTESIAN_POINT ( 'NONE',  ( 0.0000000000000000000, 7.500000000000000000, 0.0000000000000000000 ) ) ;
#4033 = FACE_OUTER_BOUND ( 'NONE', #2971, .T. ) ;
#4034 =( NAMED_UNIT ( * ) SI_UNIT ( $, .STERADIAN. ) SOLID_ANGLE_UNIT ( ) );
#4035 = CARTESIAN_POINT ( 'NONE',  ( 0.0000000000000000000, 4.500000000000000000, 0.0000000000000000000 ) ) ;
#4036 = ORIENTED_EDGE ( 'NONE', *, *, #5068, .F. ) ;
#4037 = STYLED_ITEM ( 'NONE', ( #214 ), #594 ) ;
#4038 = EDGE_CURVE ( 'NONE', #3336, #1465, #4179, .T. ) ;
#4039 = CARTESIAN_POINT ( 'NONE',  ( -0.5773502691896266192, 4.500000000000000000, 7.477744758058185504 ) ) ;
#4040 = VECTOR ( 'NONE', #4747, 1000.000000000000000 ) ;
#4041 = FILL_AREA_STYLE ('',( #4552 ) ) ;
#4042 = CARTESIAN_POINT ( 'NONE',  ( 0.0000000000000000000, 5.500000000000000000, 0.0000000000000000000 ) ) ;
#4043 = FACE_OUTER_BOUND ( 'NONE', #3958, .T. ) ;
#4044 = CARTESIAN_POINT ( 'NONE',  ( 6.062177826491069510, 2.199999999999999734, 3.500000000000001332 ) ) ;
#4045 = VERTEX_POINT ( 'NONE', #4039 ) ;
#4046 =( NAMED_UNIT ( * ) PLANE_ANGLE_UNIT ( ) SI_UNIT ( $, .RADIAN. ) );
#4047 = ADVANCED_FACE ( 'NONE', ( #915 ), #1276, .T. ) ;
#4048 = FILL_AREA_STYLE_COLOUR ( '', #1479 ) ;
#4049 = CARTESIAN_POINT ( 'NONE',  ( 8.300000000000000711, -16.69999999999999929, 7.000000000000000888 ) ) ;
#4050 = PRESENTATION_STYLE_ASSIGNMENT (( #4106 ) ) ;
#4051 = ORIENTED_EDGE ( 'NONE', *, *, #3921, .F. ) ;
#4052 = PRESENTATION_STYLE_ASSIGNMENT (( #2231 ) ) ;
#4053 = FILL_AREA_STYLE_COLOUR ( '', #4286 ) ;
#4054 = DIRECTION ( 'NONE',  ( 2.891205793294679312E-16, -1.000000000000000000, -0.0000000000000000000 ) ) ;
#4055 =( NAMED_UNIT ( * ) PLANE_ANGLE_UNIT ( ) SI_UNIT ( $, .RADIAN. ) );
#4056 = ADVANCED_FACE ( 'NONE', ( #1335 ), #1305, .F. ) ;
#4057 = VECTOR ( 'NONE', #4332, 999.9999999999998863 ) ;
#4058 =( GEOMETRIC_REPRESENTATION_CONTEXT ( 3 ) GLOBAL_UNCERTAINTY_ASSIGNED_CONTEXT ( ( #4447 ) ) GLOBAL_UNIT_ASSIGNED_CONTEXT ( ( #673, #611, #5209 ) ) REPRESENTATION_CONTEXT ( 'NONE', 'WORKASPACE' ) );
#4059 = UNCERTAINTY_MEASURE_WITH_UNIT (LENGTH_MEASURE( 1.000000000000000082E-05 ), #3033, 'distance_accuracy_value', 'NONE');
#4060 = DIRECTION ( 'NONE',  ( 0.0000000000000000000, -1.000000000000000000, 0.0000000000000000000 ) ) ;
#4061 = COLOUR_RGB ( '',1.000000000000000000, 1.000000000000000000, 1.000000000000000000 ) ;
#4062 = PLANE ( 'NONE',  #858 ) ;
#4063 = SURFACE_SIDE_STYLE ('',( #438 ) ) ;
#4064 = DIRECTION ( 'NONE',  ( -0.8660254037844374864, 0.5000000000000021094, 0.0000000000000000000 ) ) ;
#4065 = EDGE_CURVE ( 'NONE', #962, #4633, #417, .T. ) ;
#4066 = VECTOR ( 'NONE', #2043, 1000.000000000000000 ) ;
#4067 = DIRECTION ( 'NONE',  ( -1.000000000000000000, 0.0000000000000000000, -0.0000000000000000000 ) ) ;
#4068 = FACE_OUTER_BOUND ( 'NONE', #1637, .T. ) ;
#4069 = DIRECTION ( 'NONE',  ( -0.0000000000000000000, -0.0000000000000000000, -1.000000000000000000 ) ) ;
#4070 = PRESENTATION_LAYER_ASSIGNMENT (  '', '', ( #5116 ) ) ;
#4071 = CIRCLE ( 'NONE', #1592, 7.000000000000000888 ) ;
#4072 = EDGE_CURVE ( 'NONE', #454, #977, #4544, .T. ) ;
#4073 = VERTEX_POINT ( 'NONE', #386 ) ;
#4074 = FILL_AREA_STYLE_COLOUR ( '', #2304 ) ;
#4075 = AXIS2_PLACEMENT_3D ( 'NONE', #1594, #1145, #3397 ) ;
#4076 = CARTESIAN_POINT ( 'NONE',  ( 5.800000000000001599, -19.69999999999999929, -4.399999999999999467 ) ) ;
#4077 = SURFACE_STYLE_USAGE ( .BOTH. , #451 ) ;
#4078 = ORIENTED_EDGE ( 'NONE', *, *, #934, .T. ) ;
#4079 = ADVANCED_FACE ( 'NONE', ( #4068 ), #1808, .T. ) ;
#4080 = CIRCLE ( 'NONE', #4446, 7.000000000000000000 ) ;
#4081 = VERTEX_POINT ( 'NONE', #3315 ) ;
#4082 = ORIENTED_EDGE ( 'NONE', *, *, #4981, .F. ) ;
#4083 = CARTESIAN_POINT ( 'NONE',  ( 0.0000000000000000000, 9.799999999999998934, 0.0000000000000000000 ) ) ;
#4084 = AXIS2_PLACEMENT_3D ( 'NONE', #4433, #2290, #5880 ) ;
#4085 = CARTESIAN_POINT ( 'NONE',  ( -8.082903768654761123, 2.490163190291658335, -3.473544504145886111E-15 ) ) ;
#4086 = EDGE_CURVE ( 'NONE', #275, #3879, #582, .T. ) ;
#4087 = DIRECTION ( 'NONE',  ( -0.0000000000000000000, -0.0000000000000000000, -1.000000000000000000 ) ) ;
#4088 = ORIENTED_EDGE ( 'NONE', *, *, #5034, .T. ) ;
#4089 = PRESENTATION_LAYER_ASSIGNMENT (  '', '', ( #1242 ) ) ;
#4090 = EDGE_CURVE ( 'NONE', #4143, #2373, #2452, .T. ) ;
#4091 = CARTESIAN_POINT ( 'NONE',  ( -4.041451884327383226, 9.509836809708341221, -7.000000000000000000 ) ) ;
#4092 = SURFACE_STYLE_FILL_AREA ( #3144 ) ;
#4093 = DIRECTION ( 'NONE',  ( -0.0000000000000000000, -1.000000000000000000, -0.0000000000000000000 ) ) ;
#4094 = CARTESIAN_POINT ( 'NONE',  ( 5.800000000000001599, -19.69999999999999929, 5.200000000000000178 ) ) ;
#4095 = DIRECTION ( 'NONE',  ( -0.0000000000000000000, -1.000000000000000000, -0.0000000000000000000 ) ) ;
#4096 = DIRECTION ( 'NONE',  ( -0.0000000000000000000, -0.0000000000000000000, -1.000000000000000000 ) ) ;
#4097 = LINE ( 'NONE', #1838, #2198 ) ;
#4098 = VECTOR ( 'NONE', #3458, 1000.000000000000000 ) ;
#4099 =( LENGTH_UNIT ( ) NAMED_UNIT ( * ) SI_UNIT ( .MILLI., .METRE. ) );
#4100 = CONICAL_SURFACE ( 'NONE', #4867, 7.000000000000000888, 1.308996938995750092 ) ;
#4101 = CARTESIAN_POINT ( 'NONE',  ( 2.696525454875336791, 4.390022785033812269, -7.000000000000000888 ) ) ;
#4102 = COLOUR_RGB ( '',0.6392156862745097534, 0.6666666666666666297, 0.6784313725490196401 ) ;
#4103 = FILL_AREA_STYLE ('',( #4048 ) ) ;
#4104 = EDGE_CURVE ( 'NONE', #5545, #2933, #93, .T. ) ;
#4105 = FILL_AREA_STYLE ('',( #4885 ) ) ;
#4106 = SURFACE_STYLE_USAGE ( .BOTH. , #363 ) ;
#4107 = UNCERTAINTY_MEASURE_WITH_UNIT (LENGTH_MEASURE( 1.000000000000000082E-05 ), #4315, 'distance_accuracy_value', 'NONE');
#4108 = CIRCLE ( 'NONE', #4663, 5.499999999999994671 ) ;
#4109 = EDGE_LOOP ( 'NONE', ( #3894, #408, #5187, #1161 ) ) ;
#4110 = VERTEX_POINT ( 'NONE', #3707 ) ;
#4111 =( NAMED_UNIT ( * ) PLANE_ANGLE_UNIT ( ) SI_UNIT ( $, .RADIAN. ) );
#4112 = ADVANCED_FACE ( 'NONE', ( #1481 ), #656, .F. ) ;
#4113 = VECTOR ( 'NONE', #1437, 1000.000000000000000 ) ;
#4114 = CARTESIAN_POINT ( 'NONE',  ( -4.107179676972443794, -15.50000000000000000, -4.399999999999999467 ) ) ;
#4115 = ORIENTED_EDGE ( 'NONE', *, *, #4461, .T. ) ;
#4116 = EDGE_CURVE ( 'NONE', #1692, #3486, #122, .T. ) ;
#4117 = PRESENTATION_LAYER_ASSIGNMENT (  '', '', ( #5731 ) ) ;
#4118 = DIRECTION ( 'NONE',  ( 0.0000000000000000000, 0.0000000000000000000, 1.000000000000000000 ) ) ;
#4119 = SURFACE_STYLE_USAGE ( .BOTH. , #2703 ) ;
#4120 = FILL_AREA_STYLE ('',( #4989 ) ) ;
#4121 = CARTESIAN_POINT ( 'NONE',  ( 6.062177826491071286, 7.500000000000000000, -3.500000000000001332 ) ) ;
#4122 = ORIENTED_EDGE ( 'NONE', *, *, #3801, .T. ) ;
#4123 = AXIS2_PLACEMENT_3D ( 'NONE', #4094, #1835, #5017 ) ;
#4124 = DIRECTION ( 'NONE',  ( 0.0000000000000000000, 1.000000000000000000, 0.0000000000000000000 ) ) ;
#4125 = CARTESIAN_POINT ( 'NONE',  ( 5.800000000000001599, -19.69999999999999929, 0.4000000000000001887 ) ) ;
#4126 = CARTESIAN_POINT ( 'NONE',  ( -4.799999999999998934, -19.69999999999999929, -4.399999999999999467 ) ) ;
#4127 = APPLICATION_CONTEXT ( 'automotive_design' ) ;
#4128 = AXIS2_PLACEMENT_3D ( 'NONE', #4340, #3479, #286 ) ;
#4129 = EDGE_CURVE ( 'NONE', #2388, #3800, #2815, .T. ) ;
#4130 = ORIENTED_EDGE ( 'NONE', *, *, #1629, .T. ) ;
#4131 = COLOUR_RGB ( '',0.6392156862745097534, 0.6666666666666666297, 0.6784313725490196401 ) ;
#4132 = CARTESIAN_POINT ( 'NONE',  ( 0.0000000000000000000, 7.500000000000000000, 0.0000000000000000000 ) ) ;
#4133 = CARTESIAN_POINT ( 'NONE',  ( 0.0000000000000000000, 11.50000000000000000, -6.000000000000000888 ) ) ;
#4134 = VERTEX_POINT ( 'NONE', #1426 ) ;
#4135 = EDGE_LOOP ( 'NONE', ( #690, #2167, #1408, #5730, #3344 ) ) ;
#4136 = CARTESIAN_POINT ( 'NONE',  ( 4.107179676972443794, -15.50000000000000000, 5.200000000000000178 ) ) ;
#4137 = LINE ( 'NONE', #2345, #1997 ) ;
#4138 = FILL_AREA_STYLE_COLOUR ( '', #3496 ) ;
#4139 = ORIENTED_EDGE ( 'NONE', *, *, #4038, .F. ) ;
#4140 = EDGE_CURVE ( 'NONE', #79, #2806, #5164, .T. ) ;
#4141 = ADVANCED_FACE ( 'NONE', ( #5538 ), #5805, .T. ) ;
#4142 = CARTESIAN_POINT ( 'NONE',  ( 4.799999999999999822, -19.69999999999999929, 0.4000000000000001887 ) ) ;
#4143 = VERTEX_POINT ( 'NONE', #2847 ) ;
#4144 = CARTESIAN_POINT ( 'NONE',  ( 4.799999999999999822, -19.69999999999999929, -5.200000000000000178 ) ) ;
#4145 = PRODUCT ( '55947066-05ED-4386-89A2-42E2E6D1152C', '55947066-05ED-4386-89A2-42E2E6D1152C', '', ( #1371 ) ) ;
#4146 =( NAMED_UNIT ( * ) SI_UNIT ( $, .STERADIAN. ) SOLID_ANGLE_UNIT ( ) );
#4147 = DIRECTION ( 'NONE',  ( 0.0000000000000000000, 0.0000000000000000000, 1.000000000000000000 ) ) ;
#4148 = EDGE_CURVE ( 'NONE', #3522, #645, #2568, .T. ) ;
#4149 = AXIS2_PLACEMENT_3D ( 'NONE', #2015, #5101, #1089 ) ;
#4150 = FILL_AREA_STYLE ('',( #1094 ) ) ;
#4151 = AXIS2_PLACEMENT_3D ( 'NONE', #4870, #3501, #4804 ) ;
#4152 = DIRECTION ( 'NONE',  ( 0.5000000000000021094, 0.8660254037844374864, 0.0000000000000000000 ) ) ;
#4153 = CARTESIAN_POINT ( 'NONE',  ( 0.0000000000000000000, 4.500000000000000000, -7.500000000000000000 ) ) ;
#4154 = FILL_AREA_STYLE_COLOUR ( '', #1453 ) ;
#4155 = EDGE_CURVE ( 'NONE', #2403, #3723, #2277, .T. ) ;
#4156 = CIRCLE ( 'NONE', #1222, 6.000000000000000888 ) ;
#4157 = VERTEX_POINT ( 'NONE', #1544 ) ;
#4158 = PLANE ( 'NONE',  #1381 ) ;
#4159 = DIRECTION ( 'NONE',  ( 0.0000000000000000000, 0.0000000000000000000, 1.000000000000000000 ) ) ;
#4160 = CARTESIAN_POINT ( 'NONE',  ( 5.388602512436506231, 4.500000000000000000, -4.666666666666667851 ) ) ;
#4161 = DIRECTION ( 'NONE',  ( 0.0000000000000000000, 0.0000000000000000000, -1.000000000000000000 ) ) ;
#4162 =( NAMED_UNIT ( * ) SI_UNIT ( $, .STERADIAN. ) SOLID_ANGLE_UNIT ( ) );
#4163 = UNCERTAINTY_MEASURE_WITH_UNIT (LENGTH_MEASURE( 1.000000000000000082E-05 ), #1028, 'distance_accuracy_value', 'NONE');
#4164 = VERTEX_POINT ( 'NONE', #1956 ) ;
#4165 = AXIS2_PLACEMENT_3D ( 'NONE', #5323, #3489, #5812 ) ;
#4166 = ORIENTED_EDGE ( 'NONE', *, *, #1270, .T. ) ;
#4167 = CARTESIAN_POINT ( 'NONE',  ( -0.5773502691896266192, 4.500000000000000000, 6.223276200416198556 ) ) ;
#4168 = LINE ( 'NONE', #3564, #3909 ) ;
#4169 = FACE_OUTER_BOUND ( 'NONE', #1017, .T. ) ;
#4170 = AXIS2_PLACEMENT_3D ( 'NONE', #4626, #1439, #2343 ) ;
#4171 = CARTESIAN_POINT ( 'NONE',  ( -4.799999999999998934, -19.69999999999999929, 5.200000000000000178 ) ) ;
#4172 = ORIENTED_EDGE ( 'NONE', *, *, #4611, .T. ) ;
#4173 = EDGE_LOOP ( 'NONE', ( #2227, #2338, #1370, #3834 ) ) ;
#4174 = EDGE_LOOP ( 'NONE', ( #678, #621, #1194, #2305, #3097, #4948 ) ) ;
#4175 = CIRCLE ( 'NONE', #4084, 6.150000000000000355 ) ;
#4176 = LINE ( 'NONE', #3280, #877 ) ;
#4177 = DIRECTION ( 'NONE',  ( 0.4999999999999998335, 0.0000000000000000000, -0.8660254037844387076 ) ) ;
#4178 = CARTESIAN_POINT ( 'NONE',  ( 0.0000000000000000000, 4.500000000000000000, 0.0000000000000000000 ) ) ;
#4179 = CIRCLE ( 'NONE', #1044, 4.000000000000000888 ) ;
#4180 = ORIENTED_EDGE ( 'NONE', *, *, #1171, .F. ) ;
#4181 = DIRECTION ( 'NONE',  ( 0.0000000000000000000, 0.0000000000000000000, 1.000000000000000000 ) ) ;
#4182 = DIRECTION ( 'NONE',  ( -0.0000000000000000000, -0.0000000000000000000, -1.000000000000000000 ) ) ;
#4183 = CARTESIAN_POINT ( 'NONE',  ( 0.0000000000000000000, 11.50000000000000000, 0.0000000000000000000 ) ) ;
#4184 = CARTESIAN_POINT ( 'NONE',  ( 0.5000000000000013323, -16.69999999999999929, 4.399999999999999467 ) ) ;
#4185 = LINE ( 'NONE', #3029, #4057 ) ;
#4186 = AXIS2_PLACEMENT_3D ( 'NONE', #3889, #5630, #2935 ) ;
#4187 = AXIS2_PLACEMENT_3D ( 'NONE', #1233, #4862, #800 ) ;
#4188 = ADVANCED_FACE ( 'NONE', ( #3346 ), #3224, .F. ) ;
#4189 = CARTESIAN_POINT ( 'NONE',  ( 0.5000000000000013323, -16.69999999999999929, 5.200000000000000178 ) ) ;
#4190 =( NAMED_UNIT ( * ) PLANE_ANGLE_UNIT ( ) SI_UNIT ( $, .RADIAN. ) );
#4191 = AXIS2_PLACEMENT_3D ( 'NONE', #10, #2333, #4159 ) ;
#4192 = SURFACE_STYLE_FILL_AREA ( #2825 ) ;
#4193 = EDGE_LOOP ( 'NONE', ( #4507, #3588, #3163, #111 ) ) ;
#4194 = AXIS2_PLACEMENT_3D ( 'NONE', #3126, #2440, #202 ) ;
#4195 =( GEOMETRIC_REPRESENTATION_CONTEXT ( 3 ) GLOBAL_UNCERTAINTY_ASSIGNED_CONTEXT ( ( #5676 ) ) GLOBAL_UNIT_ASSIGNED_CONTEXT ( ( #5020, #5423, #5363 ) ) REPRESENTATION_CONTEXT ( 'NONE', 'WORKASPACE' ) );
#4196 = ORIENTED_EDGE ( 'NONE', *, *, #2281, .F. ) ;
#4197 = FACE_OUTER_BOUND ( 'NONE', #820, .T. ) ;
#4198 =( NAMED_UNIT ( * ) SI_UNIT ( $, .STERADIAN. ) SOLID_ANGLE_UNIT ( ) );
#4199 = PLANE ( 'NONE',  #5054 ) ;
#4200 = VERTEX_POINT ( 'NONE', #4301 ) ;
#4201 = EDGE_LOOP ( 'NONE', ( #4139, #897 ) ) ;
#4202 = CARTESIAN_POINT ( 'NONE',  ( 0.5000000000000013323, -16.69999999999999929, 0.4000000000000001887 ) ) ;
#4203 = VERTEX_POINT ( 'NONE', #3404 ) ;
#4204 = FACE_OUTER_BOUND ( 'NONE', #293, .T. ) ;
#4205 = CARTESIAN_POINT ( 'NONE',  ( -0.5000000000000013323, -16.69999999999999929, 4.399999999999999467 ) ) ;
#4206 = SURFACE_SIDE_STYLE ('',( #2386 ) ) ;
#4207 =( GEOMETRIC_REPRESENTATION_CONTEXT ( 3 ) GLOBAL_UNCERTAINTY_ASSIGNED_CONTEXT ( ( #5576 ) ) GLOBAL_UNIT_ASSIGNED_CONTEXT ( ( #2531, #5844, #5404 ) ) REPRESENTATION_CONTEXT ( 'NONE', 'WORKASPACE' ) );
#4208 = CARTESIAN_POINT ( 'NONE',  ( -4.041451884327383226, 9.509836809708341221, -7.000000000000000000 ) ) ;
#4209 = ORIENTED_EDGE ( 'NONE', *, *, #4014, .T. ) ;
#4210 = CARTESIAN_POINT ( 'NONE',  ( -1.734723475976807094E-15, -1.500000000000000000, 0.0000000000000000000 ) ) ;
#4211 = CARTESIAN_POINT ( 'NONE',  ( 4.041451884327378785, 7.790163190291658601, 6.999999999999998224 ) ) ;
#4212 = CARTESIAN_POINT ( 'NONE',  ( 0.0000000000000000000, 11.50000000000000000, 0.0000000000000000000 ) ) ;
#4213 = FACE_OUTER_BOUND ( 'NONE', #2060, .T. ) ;
#4214 = COLOUR_RGB ( '',0.0000000000000000000, 0.0000000000000000000, 0.7529411764705882248 ) ;
#4215 = ORIENTED_EDGE ( 'NONE', *, *, #1287, .F. ) ;
#4216 = B_SPLINE_CURVE_WITH_KNOTS ( 'NONE', 3,
 ( #694, #4310, #784, #2975 ),
 .UNSPECIFIED., .F., .F.,
 ( 4, 4 ),
 ( 0.004041682824435055381, 0.008083134708762431189 ),
 .UNSPECIFIED. ) ;
#4217 = CYLINDRICAL_SURFACE ( 'NONE', #901, 6.150000000000000355 ) ;
#4218 = CARTESIAN_POINT ( 'NONE',  ( 0.0000000000000000000, 5.499999999999999112, 6.250000000000000000 ) ) ;
#4219 = SURFACE_SIDE_STYLE ('',( #4621 ) ) ;
#4220 = CARTESIAN_POINT ( 'NONE',  ( 0.0000000000000000000, 5.500000000000000000, 0.0000000000000000000 ) ) ;
#4221 = ORIENTED_EDGE ( 'NONE', *, *, #1287, .T. ) ;
#4222 = VECTOR ( 'NONE', #3861, 1000.000000000000000 ) ;
#4223 = ORIENTED_EDGE ( 'NONE', *, *, #3532, .F. ) ;
#4224 = SURFACE_SIDE_STYLE ('',( #2922 ) ) ;
#4225 = LINE ( 'NONE', #139, #4001 ) ;
#4226 = VECTOR ( 'NONE', #5280, 1000.000000000000000 ) ;
#4227 = PLANE ( 'NONE',  #3587 ) ;
#4228 = FILL_AREA_STYLE_COLOUR ( '', #1261 ) ;
#4229 = LINE ( 'NONE', #3721, #5799 ) ;
#4230 = CARTESIAN_POINT ( 'NONE',  ( -9.800000000000002487, -16.69999999999999929, 8.500000000000000000 ) ) ;
#4231 = ORIENTED_EDGE ( 'NONE', *, *, #2892, .T. ) ;
#4232 = ORIENTED_EDGE ( 'NONE', *, *, #3725, .F. ) ;
#4233 = DIRECTION ( 'NONE',  ( 0.0000000000000000000, 0.0000000000000000000, 1.000000000000000000 ) ) ;
#4234 = ORIENTED_EDGE ( 'NONE', *, *, #5713, .T. ) ;
#4235 = EDGE_CURVE ( 'NONE', #4985, #874, #2573, .T. ) ;
#4236 = LINE ( 'NONE', #5074, #3984 ) ;
#4237 = EDGE_LOOP ( 'NONE', ( #4751, #3604, #5477, #3876 ) ) ;
#4238 = DIRECTION ( 'NONE',  ( 0.0000000000000000000, 1.000000000000000000, 0.0000000000000000000 ) ) ;
#4239 = UNCERTAINTY_MEASURE_WITH_UNIT (LENGTH_MEASURE( 1.000000000000000082E-05 ), #5667, 'distance_accuracy_value', 'NONE');
#4240 = LINE ( 'NONE', #2936, #975 ) ;
#4241 =( NAMED_UNIT ( * ) SI_UNIT ( $, .STERADIAN. ) SOLID_ANGLE_UNIT ( ) );
#4242 = SURFACE_SIDE_STYLE ('',( #1485 ) ) ;
#4243 = ORIENTED_EDGE ( 'NONE', *, *, #5588, .T. ) ;
#4244 =( GEOMETRIC_REPRESENTATION_CONTEXT ( 3 ) GLOBAL_UNCERTAINTY_ASSIGNED_CONTEXT ( ( #5856 ) ) GLOBAL_UNIT_ASSIGNED_CONTEXT ( ( #1960, #5226, #563 ) ) REPRESENTATION_CONTEXT ( 'NONE', 'WORKASPACE' ) );
#4245 = VECTOR ( 'NONE', #1445, 1000.000000000000000 ) ;
#4246 = CARTESIAN_POINT ( 'NONE',  ( 2.696525454876883554, 2.309977214966393522, 6.999999999999998224 ) ) ;
#4247 = EDGE_CURVE ( 'NONE', #1533, #1076, #1123, .T. ) ;
#4248 = EDGE_CURVE ( 'NONE', #583, #2612, #5757, .T. ) ;
#4249 = VECTOR ( 'NONE', #1541, 1000.000000000000000 ) ;
#4250 = DIRECTION ( 'NONE',  ( 0.0000000000000000000, -0.0000000000000000000, 1.000000000000000000 ) ) ;
#4251 = ORIENTED_EDGE ( 'NONE', *, *, #3672, .T. ) ;
#4252 = STYLED_ITEM ( 'NONE', ( #5150 ), #2594 ) ;
#4253 = SURFACE_STYLE_USAGE ( .BOTH. , #2437 ) ;
#4254 = UNCERTAINTY_MEASURE_WITH_UNIT (LENGTH_MEASURE( 1.000000000000000082E-05 ), #1672, 'distance_accuracy_value', 'NONE');
#4255 = CARTESIAN_POINT ( 'NONE',  ( 7.347880794884120722E-16, 11.50000000000000000, 6.000000000000000888 ) ) ;
#4256 = CARTESIAN_POINT ( 'NONE',  ( 5.800000000000001599, -19.69999999999999929, 4.399999999999999467 ) ) ;
#4257 = CARTESIAN_POINT ( 'NONE',  ( -1.346054828430689687, 9.773535340926812864, -7.000000000000000888 ) ) ;
#4258 = ORIENTED_EDGE ( 'NONE', *, *, #5414, .F. ) ;
#4259 =( LENGTH_UNIT ( ) NAMED_UNIT ( * ) SI_UNIT ( .MILLI., .METRE. ) );
#4260 = AXIS2_PLACEMENT_3D ( 'NONE', #3968, #3105, #3016 ) ;
#4261 = B_SPLINE_CURVE_WITH_KNOTS ( 'NONE', 3,
 ( #1872, #5483, #1312, #161 ),
 .UNSPECIFIED., .F., .F.,
 ( 4, 4 ),
 ( 0.01097194826854108740, 0.01504699182226790742 ),
 .UNSPECIFIED. ) ;
#4262 = FILL_AREA_STYLE_COLOUR ( '', #1456 ) ;
#4263 = CARTESIAN_POINT ( 'NONE',  ( 6.492820323027555851, -15.50000000000000000, 0.4000000000000001887 ) ) ;
#4264 = CARTESIAN_POINT ( 'NONE',  ( 0.0000000000000000000, 4.500000000000000000, 0.0000000000000000000 ) ) ;
#4265 = DIRECTION ( 'NONE',  ( 0.0000000000000000000, -0.0000000000000000000, 1.000000000000000000 ) ) ;
#4266 = ORIENTED_EDGE ( 'NONE', *, *, #983, .T. ) ;
#4267 = DIRECTION ( 'NONE',  ( 0.0000000000000000000, -0.0000000000000000000, 1.000000000000000000 ) ) ;
#4268 = DIRECTION ( 'NONE',  ( 0.0000000000000000000, 0.0000000000000000000, -1.000000000000000000 ) ) ;
#4269 = DIRECTION ( 'NONE',  ( -2.891205793294679805E-16, 1.000000000000000000, 0.0000000000000000000 ) ) ;
#4270 = DIRECTION ( 'NONE',  ( -0.0000000000000000000, -1.000000000000000000, -0.0000000000000000000 ) ) ;
#4271 = PRESENTATION_LAYER_ASSIGNMENT (  '', '', ( #3608 ) ) ;
#4272 = CARTESIAN_POINT ( 'NONE',  ( 1.192820323027555807, -15.50000000000000000, 5.200000000000000178 ) ) ;
#4273 = ORIENTED_EDGE ( 'NONE', *, *, #5000, .F. ) ;
#4274 = CARTESIAN_POINT ( 'NONE',  ( -0.5000000000000013323, -16.69999999999999929, 0.4000000000000001887 ) ) ;
#4275 = CARTESIAN_POINT ( 'NONE',  ( -4.799999999999998934, -16.69999999999999929, 4.399999999999999467 ) ) ;
#4276 = UNCERTAINTY_MEASURE_WITH_UNIT (LENGTH_MEASURE( 1.000000000000000082E-05 ), #759, 'distance_accuracy_value', 'NONE');
#4277 = ORIENTED_EDGE ( 'NONE', *, *, #5194, .F. ) ;
#4278 = VERTEX_POINT ( 'NONE', #1685 ) ;
#4279 = ADVANCED_FACE ( 'NONE', ( #5222 ), #2572, .T. ) ;
#4280 = VECTOR ( 'NONE', #2131, 1000.000000000000000 ) ;
#4281 = DIRECTION ( 'NONE',  ( 0.0000000000000000000, 1.000000000000000000, 0.0000000000000000000 ) ) ;
#4282 = EDGE_CURVE ( 'NONE', #5500, #5195, #3497, .T. ) ;
#4283 = AXIS2_PLACEMENT_3D ( 'NONE', #244, #2079, #3919 ) ;
#4284 =( NAMED_UNIT ( * ) PLANE_ANGLE_UNIT ( ) SI_UNIT ( $, .RADIAN. ) );
#4285 = CARTESIAN_POINT ( 'NONE',  ( -6.492820323027555851, -15.50000000000000000, 4.399999999999999467 ) ) ;
#4286 = COLOUR_RGB ( '',1.000000000000000000, 1.000000000000000000, 1.000000000000000000 ) ;
#4287 = COLOUR_RGB ( '',1.000000000000000000, 1.000000000000000000, 1.000000000000000000 ) ;
#4288 =( NAMED_UNIT ( * ) SI_UNIT ( $, .STERADIAN. ) SOLID_ANGLE_UNIT ( ) );
#4289 = ORIENTED_EDGE ( 'NONE', *, *, #4735, .T. ) ;
#4290 = EDGE_LOOP ( 'NONE', ( #3276, #1765, #1789, #5842 ) ) ;
#4291 = ADVANCED_FACE ( 'NONE', ( #5723 ), #4802, .F. ) ;
#4292 = EDGE_CURVE ( 'NONE', #5835, #4822, #3331, .T. ) ;
#4293 = CIRCLE ( 'NONE', #5819, 5.000000000000000888 ) ;
#4294 = CARTESIAN_POINT ( 'NONE',  ( 4.799999999999999822, -19.69999999999999929, -0.4000000000000001887 ) ) ;
#4295 = PLANE ( 'NONE',  #1217 ) ;
#4296 = ORIENTED_EDGE ( 'NONE', *, *, #564, .T. ) ;
#4297 = MECHANICAL_DESIGN_GEOMETRIC_PRESENTATION_REPRESENTATION (  '', ( #4963 ), #2492 ) ;
#4298 = CARTESIAN_POINT ( 'NONE',  ( -9.800000000000002487, -1.499999999999999556, 8.500000000000000000 ) ) ;
#4299 = ADVANCED_FACE ( 'NONE', ( #2542 ), #2602, .F. ) ;
#4300 = SURFACE_STYLE_FILL_AREA ( #1572 ) ;
#4301 = CARTESIAN_POINT ( 'NONE',  ( -4.041451884327381450, 2.490163190291657447, 7.000000000000000888 ) ) ;
#4302 = UNCERTAINTY_MEASURE_WITH_UNIT (LENGTH_MEASURE( 1.000000000000000082E-05 ), #3751, 'distance_accuracy_value', 'NONE');
#4303 =( NAMED_UNIT ( * ) PLANE_ANGLE_UNIT ( ) SI_UNIT ( $, .RADIAN. ) );
#4304 = SURFACE_STYLE_USAGE ( .BOTH. , #219 ) ;
#4305 = CARTESIAN_POINT ( 'NONE',  ( 0.0000000000000000000, 5.500000000000000000, -6.250000000000000000 ) ) ;
#4306 = PRESENTATION_LAYER_ASSIGNMENT (  '', '', ( #1272 ) ) ;
#4307 = ADVANCED_FACE ( 'NONE', ( #3462 ), #2513, .T. ) ;
#4308 = ORIENTED_EDGE ( 'NONE', *, *, #4509, .F. ) ;
#4309 = CARTESIAN_POINT ( 'NONE',  ( 8.082903768654761123, 9.509836809708341221, -7.554090729571645684E-16 ) ) ;
#4310 = CARTESIAN_POINT ( 'NONE',  ( -6.735753140545635453, 9.799999999999998934, -2.333333333333334370 ) ) ;
#4311 = PLANE ( 'NONE',  #2347 ) ;
#4312 = ORIENTED_EDGE ( 'NONE', *, *, #4155, .F. ) ;
#4313 = EDGE_LOOP ( 'NONE', ( #1701, #4949, #3614, #2845 ) ) ;
#4314 = COLOUR_RGB ( '',1.000000000000000000, 1.000000000000000000, 1.000000000000000000 ) ;
#4315 =( LENGTH_UNIT ( ) NAMED_UNIT ( * ) SI_UNIT ( .MILLI., .METRE. ) );
#4316 = CARTESIAN_POINT ( 'NONE',  ( 1.192820323027555807, -15.50000000000000000, 4.399999999999999467 ) ) ;
#4317 = ADVANCED_FACE ( 'NONE', ( #4329 ), #5690, .F. ) ;
#4318 = DIRECTION ( 'NONE',  ( 0.0000000000000000000, -1.000000000000000000, 0.0000000000000000000 ) ) ;
#4319 = VECTOR ( 'NONE', #5163, 1000.000000000000000 ) ;
#4320 = EDGE_LOOP ( 'NONE', ( #1589, #3440, #3043, #3753 ) ) ;
#4321 = ORIENTED_EDGE ( 'NONE', *, *, #1431, .T. ) ;
#4322 = CARTESIAN_POINT ( 'NONE',  ( -5.800000000000000711, -19.69999999999999929, -0.4000000000000001887 ) ) ;
#4323 = FACE_OUTER_BOUND ( 'NONE', #4463, .T. ) ;
#4324 = EDGE_CURVE ( 'NONE', #4481, #2556, #538, .T. ) ;
#4325 = FILL_AREA_STYLE_COLOUR ( '', #3220 ) ;
#4326 =( NAMED_UNIT ( * ) SI_UNIT ( $, .STERADIAN. ) SOLID_ANGLE_UNIT ( ) );
#4327 = CARTESIAN_POINT ( 'NONE',  ( -2.694073211444695470, 2.326613343570056003, 6.999999999999999112 ) ) ;
#4328 = CARTESIAN_POINT ( 'NONE',  ( -0.5000000000000004441, -19.69999999999999929, -4.399999999999999467 ) ) ;
#4329 = FACE_OUTER_BOUND ( 'NONE', #4400, .T. ) ;
#4330 = DIRECTION ( 'NONE',  ( 0.0000000000000000000, 1.000000000000000000, -0.0000000000000000000 ) ) ;
#4331 = EDGE_CURVE ( 'NONE', #2840, #1814, #4168, .T. ) ;
#4332 = DIRECTION ( 'NONE',  ( 0.0000000000000000000, -0.7071067811865463515, 0.7071067811865487940 ) ) ;
#4333 = EDGE_LOOP ( 'NONE', ( #926, #2953, #3599, #4221 ) ) ;
#4334 =( NAMED_UNIT ( * ) SI_UNIT ( $, .STERADIAN. ) SOLID_ANGLE_UNIT ( ) );
#4335 = LINE ( 'NONE', #4275, #5372 ) ;
#4336 = UNCERTAINTY_MEASURE_WITH_UNIT (LENGTH_MEASURE( 1.000000000000000082E-05 ), #4774, 'distance_accuracy_value', 'NONE');
#4337 = ORIENTED_EDGE ( 'NONE', *, *, #1840, .F. ) ;
#4338 = EDGE_LOOP ( 'NONE', ( #2191, #3653 ) ) ;
#4339 = CARTESIAN_POINT ( 'NONE',  ( -9.800000000000002487, -16.69999999999999929, 8.500000000000000000 ) ) ;
#4340 = CARTESIAN_POINT ( 'NONE',  ( 0.0000000000000000000, 4.500000000000000000, 0.0000000000000000000 ) ) ;
#4341 = DIRECTION ( 'NONE',  ( -2.891205793294679805E-16, 1.000000000000000000, 0.0000000000000000000 ) ) ;
#4342 =( GEOMETRIC_REPRESENTATION_CONTEXT ( 3 ) GLOBAL_UNCERTAINTY_ASSIGNED_CONTEXT ( ( #2189 ) ) GLOBAL_UNIT_ASSIGNED_CONTEXT ( ( #5256, #2132, #5225 ) ) REPRESENTATION_CONTEXT ( 'NONE', 'WORKASPACE' ) );
#4343 = CARTESIAN_POINT ( 'NONE',  ( -4.041451884327381450, 4.209836809708342287, 7.000000000000000888 ) ) ;
#4344 = CARTESIAN_POINT ( 'NONE',  ( 5.388602512436506231, 9.799999999999998934, -4.666666666666667851 ) ) ;
#4345 = ORIENTED_EDGE ( 'NONE', *, *, #3132, .T. ) ;
#4346 = ORIENTED_EDGE ( 'NONE', *, *, #2741, .T. ) ;
#4347 = COLOUR_RGB ( '',1.000000000000000000, 1.000000000000000000, 1.000000000000000000 ) ;
#4348 = EDGE_CURVE ( 'NONE', #3297, #2143, #3718, .T. ) ;
#4349 = DIRECTION ( 'NONE',  ( 0.0000000000000000000, 1.000000000000000000, 0.0000000000000000000 ) ) ;
#4350 = FACE_OUTER_BOUND ( 'NONE', #3738, .T. ) ;
#4351 = PRESENTATION_LAYER_ASSIGNMENT (  '', '', ( #366 ) ) ;
#4352 = CARTESIAN_POINT ( 'NONE',  ( 0.0000000000000000000, 9.799999999999998934, 0.0000000000000000000 ) ) ;
#4353 = PLANE ( 'NONE',  #5297 ) ;
#4354 = CARTESIAN_POINT ( 'NONE',  ( -0.5000000000000013323, -16.69999999999999929, 0.4000000000000001887 ) ) ;
#4355 = CARTESIAN_POINT ( 'NONE',  ( 7.531577814756222064E-16, 7.000000000000000000, 6.150000000000000355 ) ) ;
#4356 = B_SPLINE_CURVE_WITH_KNOTS ( 'NONE', 3,
 ( #4466, #1298, #2666, #3615 ),
 .UNSPECIFIED., .F., .F.,
 ( 4, 4 ),
 ( 2.309401076761054238E-07, 0.004041682824435051044 ),
 .UNSPECIFIED. ) ;
#4357 = AXIS2_PLACEMENT_3D ( 'NONE', #4183, #4349, #295 ) ;
#4358 = EDGE_CURVE ( 'NONE', #5411, #3899, #1271, .T. ) ;
#4359 = SURFACE_STYLE_FILL_AREA ( #2993 ) ;
#4360 = CARTESIAN_POINT ( 'NONE',  ( -0.5000000000000004441, -19.69999999999999929, -0.4000000000000001887 ) ) ;
#4361 = VECTOR ( 'NONE', #3240, 1000.000000000000000 ) ;
#4362 = EDGE_LOOP ( 'NONE', ( #5031, #2906, #3833 ) ) ;
#4363 = CARTESIAN_POINT ( 'NONE',  ( 6.735753140545633677, 9.799999999999998934, -2.333333333333333925 ) ) ;
#4364 = SURFACE_SIDE_STYLE ('',( #331 ) ) ;
#4365 = ORIENTED_EDGE ( 'NONE', *, *, #3112, .T. ) ;
#4366 = FILL_AREA_STYLE_COLOUR ( '', #2913 ) ;
#4367 = VERTEX_POINT ( 'NONE', #829 ) ;
#4368 = SURFACE_STYLE_USAGE ( .BOTH. , #2981 ) ;
#4369 = EDGE_CURVE ( 'NONE', #4822, #2619, #861, .T. ) ;
#4370 = FACE_OUTER_BOUND ( 'NONE', #5618, .T. ) ;
#4371 = SURFACE_STYLE_FILL_AREA ( #1677 ) ;
#4372 = ORIENTED_EDGE ( 'NONE', *, *, #3914, .T. ) ;
#4373 = VERTEX_POINT ( 'NONE', #959 ) ;
#4374 = CARTESIAN_POINT ( 'NONE',  ( -2.694073211445876304, 7.626613343570171288, -7.000000000000000888 ) ) ;
#4375 = DIRECTION ( 'NONE',  ( 0.0000000000000000000, 1.000000000000000000, 0.0000000000000000000 ) ) ;
#4376 = PRESENTATION_STYLE_ASSIGNMENT (( #5301 ) ) ;
#4377 = DIRECTION ( 'NONE',  ( 0.0000000000000000000, 0.0000000000000000000, 1.000000000000000000 ) ) ;
#4378 = CARTESIAN_POINT ( 'NONE',  ( 9.799999999999998934, -16.69999999999999929, 8.500000000000000000 ) ) ;
#4379 = PRESENTATION_LAYER_ASSIGNMENT (  '', '', ( #1735 ) ) ;
#4380 = SURFACE_SIDE_STYLE ('',( #4300 ) ) ;
#4381 = DIRECTION ( 'NONE',  ( 1.000000000000000000, -0.0000000000000000000, -0.0000000000000000000 ) ) ;
#4382 = B_SPLINE_CURVE_WITH_KNOTS ( 'NONE', 3,
 ( #2242, #3648, #5443, #4121 ),
 .UNSPECIFIED., .F., .F.,
 ( 4, 4 ),
 ( 2.309401076756360087E-07, 0.004041682824435057116 ),
 .UNSPECIFIED. ) ;
#4383 = CARTESIAN_POINT ( 'NONE',  ( -6.492820323027555851, -15.50000000000000000, 0.4000000000000001887 ) ) ;
#4384 = CONICAL_SURFACE ( 'NONE', #798, 7.000000000000000888, 1.308996938995750092 ) ;
#4385 = DIRECTION ( 'NONE',  ( 0.0000000000000000000, 0.0000000000000000000, -1.000000000000000000 ) ) ;
#4386 = ORIENTED_EDGE ( 'NONE', *, *, #844, .T. ) ;
#4387 = CARTESIAN_POINT ( 'NONE',  ( -4.799999999999998934, -19.69999999999999929, 4.399999999999999467 ) ) ;
#4388 = DIRECTION ( 'NONE',  ( 0.0000000000000000000, 1.000000000000000000, 0.0000000000000000000 ) ) ;
#4389 = FILL_AREA_STYLE_COLOUR ( '', #1823 ) ;
#4390 = CARTESIAN_POINT ( 'NONE',  ( 0.5000000000000013323, -19.69999999999999929, -4.399999999999999467 ) ) ;
#4391 = EDGE_CURVE ( 'NONE', #237, #970, #4225, .T. ) ;
#4392 = ADVANCED_FACE ( 'NONE', ( #4756 ), #5615, .F. ) ;
#4393 = ORIENTED_EDGE ( 'NONE', *, *, #3548, .F. ) ;
#4394 = DIRECTION ( 'NONE',  ( 0.0000000000000000000, -0.0000000000000000000, -1.000000000000000000 ) ) ;
#4395 = ORIENTED_EDGE ( 'NONE', *, *, #4728, .F. ) ;
#4396 = AXIS2_PLACEMENT_3D ( 'NONE', #3932, #5743, #1676 ) ;
#4397 = CARTESIAN_POINT ( 'NONE',  ( -5.800000000000001599, -16.69999999999999929, -4.399999999999999467 ) ) ;
#4398 = LINE ( 'NONE', #3935, #4430 ) ;
#4399 = CARTESIAN_POINT ( 'NONE',  ( 0.0000000000000000000, 0.0000000000000000000, 0.0000000000000000000 ) ) ;
#4400 = EDGE_LOOP ( 'NONE', ( #4017, #2853, #434, #1850, #1974, #5202 ) ) ;
#4401 = ORIENTED_EDGE ( 'NONE', *, *, #1781, .F. ) ;
#4402 =( GEOMETRIC_REPRESENTATION_CONTEXT ( 3 ) GLOBAL_UNCERTAINTY_ASSIGNED_CONTEXT ( ( #2259 ) ) GLOBAL_UNIT_ASSIGNED_CONTEXT ( ( #965, #2001, #2467 ) ) REPRESENTATION_CONTEXT ( 'NONE', 'WORKASPACE' ) );
#4403 = CARTESIAN_POINT ( 'NONE',  ( 1.192820323027555807, -15.50000000000000000, 0.4000000000000001887 ) ) ;
#4404 = SURFACE_STYLE_USAGE ( .BOTH. , #2957 ) ;
#4405 = LINE ( 'NONE', #1596, #1901 ) ;
#4406 = DIRECTION ( 'NONE',  ( -0.0000000000000000000, -0.0000000000000000000, -1.000000000000000000 ) ) ;
#4407 = ADVANCED_FACE ( 'NONE', ( #2094 ), #360, .T. ) ;
#4408 = SURFACE_STYLE_FILL_AREA ( #5686 ) ;
#4409 = DIRECTION ( 'NONE',  ( 0.0000000000000000000, 1.000000000000000000, 0.0000000000000000000 ) ) ;
#4410 =( LENGTH_UNIT ( ) NAMED_UNIT ( * ) SI_UNIT ( .MILLI., .METRE. ) );
#4411 = UNCERTAINTY_MEASURE_WITH_UNIT (LENGTH_MEASURE( 1.000000000000000082E-05 ), #3915, 'distance_accuracy_value', 'NONE');
#4412 = DIRECTION ( 'NONE',  ( 0.0000000000000000000, 1.000000000000000000, 0.0000000000000000000 ) ) ;
#4413 = FACE_OUTER_BOUND ( 'NONE', #738, .T. ) ;
#4414 = DIRECTION ( 'NONE',  ( -0.0000000000000000000, -0.0000000000000000000, -1.000000000000000000 ) ) ;
#4415 = ORIENTED_EDGE ( 'NONE', *, *, #2216, .F. ) ;
#4416 = FACE_OUTER_BOUND ( 'NONE', #5871, .T. ) ;
#4417 = EDGE_CURVE ( 'NONE', #2560, #3182, #315, .T. ) ;
#4418 = CARTESIAN_POINT ( 'NONE',  ( 6.492820323027555851, -15.50000000000000000, -5.200000000000000178 ) ) ;
#4419 = SURFACE_STYLE_USAGE ( .BOTH. , #1671 ) ;
#4420 = SURFACE_STYLE_FILL_AREA ( #812 ) ;
#4421 = AXIS2_PLACEMENT_3D ( 'NONE', #4202, #1944, #3754 ) ;
#4422 = VERTEX_POINT ( 'NONE', #5709 ) ;
#4423 = ORIENTED_EDGE ( 'NONE', *, *, #4973, .T. ) ;
#4424 = FACE_OUTER_BOUND ( 'NONE', #1037, .T. ) ;
#4425 = ADVANCED_FACE ( 'NONE', ( #3934 ), #1258, .F. ) ;
#4426 = DIRECTION ( 'NONE',  ( -1.000000000000000000, 0.0000000000000000000, 0.0000000000000000000 ) ) ;
#4427 = CARTESIAN_POINT ( 'NONE',  ( -5.800000000000000711, -19.69999999999999929, 0.4000000000000001887 ) ) ;
#4428 = ORIENTED_EDGE ( 'NONE', *, *, #4509, .T. ) ;
#4429 = ORIENTED_EDGE ( 'NONE', *, *, #1774, .F. ) ;
#4430 = VECTOR ( 'NONE', #1259, 1000.000000000000000 ) ;
#4431 = CARTESIAN_POINT ( 'NONE',  ( -1.346054828430687467, 7.526464659073189623, -6.999999999999998224 ) ) ;
#4432 = FACE_OUTER_BOUND ( 'NONE', #5705, .T. ) ;
#4433 = CARTESIAN_POINT ( 'NONE',  ( 0.0000000000000000000, 7.000000000000000000, 0.0000000000000000000 ) ) ;
#4434 = STYLED_ITEM ( 'NONE', ( #932 ), #2429 ) ;
#4435 = CARTESIAN_POINT ( 'NONE',  ( -9.491012693391987787E-16, 0.0000000000000000000, -7.000000000000000000 ) ) ;
#4436 = ORIENTED_EDGE ( 'NONE', *, *, #4155, .T. ) ;
#4437 = EDGE_CURVE ( 'NONE', #2031, #4481, #3008, .T. ) ;
#4438 = CARTESIAN_POINT ( 'NONE',  ( 9.797174393178825657E-16, 7.500000000000000000, 8.000000000000000000 ) ) ;
#4439 = CARTESIAN_POINT ( 'NONE',  ( 0.0000000000000000000, 10.99999999999999112, 0.0000000000000000000 ) ) ;
#4440 = CARTESIAN_POINT ( 'NONE',  ( -3.369740690737728528, 2.400170954357012221, -6.999999999999999112 ) ) ;
#4441 = VERTEX_POINT ( 'NONE', #4397 ) ;
#4442 = PRESENTATION_LAYER_ASSIGNMENT (  '', '', ( #97 ) ) ;
#4443 = FACE_OUTER_BOUND ( 'NONE', #4795, .T. ) ;
#4444 =( LENGTH_UNIT ( ) NAMED_UNIT ( * ) SI_UNIT ( .MILLI., .METRE. ) );
#4445 = SURFACE_SIDE_STYLE ('',( #3091 ) ) ;
#4446 = AXIS2_PLACEMENT_3D ( 'NONE', #5406, #5093, #1352 ) ;
#4447 = UNCERTAINTY_MEASURE_WITH_UNIT (LENGTH_MEASURE( 1.000000000000000082E-05 ), #673, 'distance_accuracy_value', 'NONE');
#4448 = EDGE_CURVE ( 'NONE', #5655, #4535, #338, .T. ) ;
#4449 = MECHANICAL_DESIGN_GEOMETRIC_PRESENTATION_REPRESENTATION (  '', ( #5494 ), #3412 ) ;
#4450 = ORIENTED_EDGE ( 'NONE', *, *, #3342, .T. ) ;
#4451 = DIRECTION ( 'NONE',  ( 0.0000000000000000000, 1.000000000000000000, 0.0000000000000000000 ) ) ;
#4452 =( NAMED_UNIT ( * ) SI_UNIT ( $, .STERADIAN. ) SOLID_ANGLE_UNIT ( ) );
#4453 = DIRECTION ( 'NONE',  ( -0.0000000000000000000, -1.000000000000000000, -0.0000000000000000000 ) ) ;
#4454 = VECTOR ( 'NONE', #43, 1000.000000000000000 ) ;
#4455 = DIRECTION ( 'NONE',  ( 1.000000000000000000, 0.0000000000000000000, -0.0000000000000000000 ) ) ;
#4456 = EDGE_CURVE ( 'NONE', #1018, #988, #5316, .T. ) ;
#4457 = ORIENTED_EDGE ( 'NONE', *, *, #2616, .T. ) ;
#4458 = LINE ( 'NONE', #4403, #1423 ) ;
#4459 = CARTESIAN_POINT ( 'NONE',  ( -7.511572993685797128E-16, 4.500000000000000000, -7.000000000000000888 ) ) ;
#4460 = ADVANCED_FACE ( 'NONE', ( #734 ), #2163, .F. ) ;
#4461 = EDGE_CURVE ( 'NONE', #1666, #14, #5607, .T. ) ;
#4462 = CARTESIAN_POINT ( 'NONE',  ( 2.602085213965210642E-15, 9.799999999999998934, 6.999999999999999112 ) ) ;
#4463 = EDGE_LOOP ( 'NONE', ( #4166, #5855, #2637 ) ) ;
#4464 = VECTOR ( 'NONE', #5879, 1000.000000000000000 ) ;
#4465 = UNCERTAINTY_MEASURE_WITH_UNIT (LENGTH_MEASURE( 1.000000000000000082E-05 ), #306, 'distance_accuracy_value', 'NONE');
#4466 = CARTESIAN_POINT ( 'NONE',  ( -8.082903768654761123, 7.790163190291658601, -3.473544504145886111E-15 ) ) ;
#4467 = CARTESIAN_POINT ( 'NONE',  ( 6.492820323027555851, -15.50000000000000000, 4.399999999999999467 ) ) ;
#4468 = ORIENTED_EDGE ( 'NONE', *, *, #435, .F. ) ;
#4469 = EDGE_CURVE ( 'NONE', #2464, #1653, #3602, .T. ) ;
#4470 =( GEOMETRIC_REPRESENTATION_CONTEXT ( 3 ) GLOBAL_UNCERTAINTY_ASSIGNED_CONTEXT ( ( #1575 ) ) GLOBAL_UNIT_ASSIGNED_CONTEXT ( ( #3324, #5086, #4654 ) ) REPRESENTATION_CONTEXT ( 'NONE', 'WORKASPACE' ) );
#4471 = SURFACE_STYLE_FILL_AREA ( #5334 ) ;
#4472 = LINE ( 'NONE', #5480, #2021 ) ;
#4473 = FACE_OUTER_BOUND ( 'NONE', #5314, .T. ) ;
#4474 = EDGE_CURVE ( 'NONE', #2929, #475, #1606, .T. ) ;
#4475 = CIRCLE ( 'NONE', #2779, 6.000000000000000888 ) ;
#4476 = DIRECTION ( 'NONE',  ( 0.0000000000000000000, -0.0000000000000000000, -1.000000000000000000 ) ) ;
#4477 =( NAMED_UNIT ( * ) SI_UNIT ( $, .STERADIAN. ) SOLID_ANGLE_UNIT ( ) );
#4478 = CARTESIAN_POINT ( 'NONE',  ( -8.082903768654761123, 7.790163190291658601, -3.473544504145886111E-15 ) ) ;
#4479 = DIRECTION ( 'NONE',  ( 1.000000000000000000, 2.891205793294679805E-16, -0.0000000000000000000 ) ) ;
#4480 = VERTEX_POINT ( 'NONE', #922 ) ;
#4481 = VERTEX_POINT ( 'NONE', #4049 ) ;
#4482 = ORIENTED_EDGE ( 'NONE', *, *, #1705, .T. ) ;
#4483 = STYLED_ITEM ( 'NONE', ( #138 ), #199 ) ;
#4484 = DIRECTION ( 'NONE',  ( 1.000000000000000000, 0.0000000000000000000, -0.0000000000000000000 ) ) ;
#4485 = CARTESIAN_POINT ( 'NONE',  ( -9.800000000000002487, -1.499999999999999556, 8.500000000000000000 ) ) ;
#4486 = PLANE ( 'NONE',  #5326 ) ;
#4487 = CARTESIAN_POINT ( 'NONE',  ( -5.800000000000000711, -19.69999999999999929, 0.4000000000000001887 ) ) ;
#4488 = EDGE_LOOP ( 'NONE', ( #316, #4482, #228, #2481 ) ) ;
#4489 = FACE_OUTER_BOUND ( 'NONE', #3308, .T. ) ;
#4490 = ORIENTED_EDGE ( 'NONE', *, *, #1021, .F. ) ;
#4491 = STYLED_ITEM ( 'NONE', ( #4817 ), #680 ) ;
#4492 = EDGE_CURVE ( 'NONE', #2168, #292, #1063, .T. ) ;
#4493 = ADVANCED_FACE ( 'NONE', ( #2735 ), #4504, .T. ) ;
#4494 = LINE ( 'NONE', #3645, #2587 ) ;
#4495 = CARTESIAN_POINT ( 'NONE',  ( 9.799999999999998934, -1.499999999999999556, -8.500000000000000000 ) ) ;
#4496 = CARTESIAN_POINT ( 'NONE',  ( 0.0000000000000000000, 7.500000000000000000, 0.0000000000000000000 ) ) ;
#4497 = ORIENTED_EDGE ( 'NONE', *, *, #3504, .F. ) ;
#4498 = DIRECTION ( 'NONE',  ( -0.0000000000000000000, -0.0000000000000000000, -1.000000000000000000 ) ) ;
#4499 = SURFACE_STYLE_USAGE ( .BOTH. , #5508 ) ;
#4500 = ORIENTED_EDGE ( 'NONE', *, *, #3637, .T. ) ;
#4501 = SURFACE_STYLE_FILL_AREA ( #843 ) ;
#4502 = FILL_AREA_STYLE ('',( #2306 ) ) ;
#4503 = EDGE_CURVE ( 'NONE', #556, #4157, #4533, .T. ) ;
#4504 = CYLINDRICAL_SURFACE ( 'NONE', #404, 4.000000000000000888 ) ;
#4505 = FILL_AREA_STYLE ('',( #2713 ) ) ;
#4506 = EDGE_LOOP ( 'NONE', ( #5715, #4029, #2123, #72 ) ) ;
#4507 = ORIENTED_EDGE ( 'NONE', *, *, #768, .T. ) ;
#4508 = ORIENTED_EDGE ( 'NONE', *, *, #5573, .T. ) ;
#4509 = EDGE_CURVE ( 'NONE', #547, #5402, #4635, .T. ) ;
#4510 = CARTESIAN_POINT ( 'NONE',  ( 0.0000000000000000000, 4.500000000000000000, 0.0000000000000000000 ) ) ;
#4511 = DIRECTION ( 'NONE',  ( 0.0000000000000000000, 1.000000000000000000, 0.0000000000000000000 ) ) ;
#4512 = DIRECTION ( 'NONE',  ( -0.8660254037844385966, 0.0000000000000000000, -0.5000000000000002220 ) ) ;
#4513 = ORIENTED_EDGE ( 'NONE', *, *, #4248, .T. ) ;
#4515 = MANIFOLD_SOLID_BREP ( 'Lineares Muster1[1]', #710 ) ;
#4514 = AXIS2_PLACEMENT_3D ( 'NONE', #3828, #2912, #1989 ) ;
#4516 = FILL_AREA_STYLE_COLOUR ( '', #2332 ) ;
#4517 = AXIS2_PLACEMENT_3D ( 'NONE', #1294, #3885, #5722 ) ;
#4518 = EDGE_CURVE ( 'NONE', #2116, #4916, #3520, .T. ) ;
#4519 = EDGE_LOOP ( 'NONE', ( #3120, #1617, #4702, #73, #4078, #1852 ) ) ;
#4520 = AXIS2_PLACEMENT_3D ( 'NONE', #5754, #5654, #1683 ) ;
#4521 = VECTOR ( 'NONE', #412, 1000.000000000000000 ) ;
#4522 = CARTESIAN_POINT ( 'NONE',  ( 4.041451884327378785, 9.799999999999998934, -7.000000000000000888 ) ) ;
#4523 =( LENGTH_UNIT ( ) NAMED_UNIT ( * ) SI_UNIT ( .MILLI., .METRE. ) );
#4524 = DIRECTION ( 'NONE',  ( 0.0000000000000000000, 1.000000000000000000, 0.0000000000000000000 ) ) ;
#4525 = ADVANCED_FACE ( 'NONE', ( #3682 ), #604, .F. ) ;
#4526 = EDGE_CURVE ( 'NONE', #573, #925, #1003, .T. ) ;
#4527 = AXIS2_PLACEMENT_3D ( 'NONE', #1915, #5584, #5094 ) ;
#4528 = AXIS2_PLACEMENT_3D ( 'NONE', #993, #4578, #2355 ) ;
#4529 = DIRECTION ( 'NONE',  ( 0.0000000000000000000, 0.0000000000000000000, -1.000000000000000000 ) ) ;
#4530 = CARTESIAN_POINT ( 'NONE',  ( 0.0000000000000000000, 2.199999999999999734, 0.0000000000000000000 ) ) ;
#4531 = ORIENTED_EDGE ( 'NONE', *, *, #1781, .T. ) ;
#4532 = CARTESIAN_POINT ( 'NONE',  ( 6.062177826491069510, 2.199999999999999734, 3.500000000000001332 ) ) ;
#4533 = LINE ( 'NONE', #1432, #3237 ) ;
#4534 =( LENGTH_UNIT ( ) NAMED_UNIT ( * ) SI_UNIT ( .MILLI., .METRE. ) );
#4535 = VERTEX_POINT ( 'NONE', #4218 ) ;
#4536 = PRESENTATION_LAYER_ASSIGNMENT (  '', '', ( #1038 ) ) ;
#4537 = ORIENTED_EDGE ( 'NONE', *, *, #5798, .T. ) ;
#4538 = VECTOR ( 'NONE', #4511, 1000.000000000000000 ) ;
#4539 = CARTESIAN_POINT ( 'NONE',  ( -7.409328454600197844, 2.309679228848994903, -1.166666666666668739 ) ) ;
#4540 = LINE ( 'NONE', #1763, #2940 ) ;
#4541 = PLANE ( 'NONE',  #4527 ) ;
#4542 = VECTOR ( 'NONE', #3072, 1000.000000000000000 ) ;
#4543 = ORIENTED_EDGE ( 'NONE', *, *, #4840, .T. ) ;
#4544 = CIRCLE ( 'NONE', #2858, 6.150000000000000355 ) ;
#4545 = EDGE_CURVE ( 'NONE', #3337, #1302, #2916, .T. ) ;
#4546 = DIRECTION ( 'NONE',  ( 0.0000000000000000000, 0.0000000000000000000, 1.000000000000000000 ) ) ;
#4547 = FACE_OUTER_BOUND ( 'NONE', #766, .T. ) ;
#4548 = CARTESIAN_POINT ( 'NONE',  ( -0.5000000000000004441, -19.69999999999999929, 5.200000000000000178 ) ) ;
#4549 = VERTEX_POINT ( 'NONE', #1963 ) ;
#4550 = MANIFOLD_SOLID_BREP ( 'Lineares Muster1[8]', #1363 ) ;
#4551 = CARTESIAN_POINT ( 'NONE',  ( 0.0000000000000000000, 5.500000000000000000, 0.0000000000000000000 ) ) ;
#4552 = FILL_AREA_STYLE_COLOUR ( '', #597 ) ;
#4553 = PRESENTATION_STYLE_ASSIGNMENT (( #1778 ) ) ;
#4554 = EDGE_CURVE ( 'NONE', #3964, #4926, #4216, .T. ) ;
#4555 = VECTOR ( 'NONE', #1628, 1000.000000000000000 ) ;
#4556 = COLOUR_RGB ( '',0.6392156862745097534, 0.6666666666666666297, 0.6784313725490196401 ) ;
#4557 = ORIENTED_EDGE ( 'NONE', *, *, #4282, .T. ) ;
#4558 = AXIS2_PLACEMENT_3D ( 'NONE', #4013, #5832, #2139 ) ;
#4559 = CARTESIAN_POINT ( 'NONE',  ( 6.735753140545633677, 2.199999999999999734, -2.333333333333333037 ) ) ;
#4560 = CONICAL_SURFACE ( 'NONE', #1547, 7.000000000000000888, 1.308996938995750092 ) ;
#4561 = DIRECTION ( 'NONE',  ( -0.0000000000000000000, -1.000000000000000000, -0.0000000000000000000 ) ) ;
#4562 = EDGE_CURVE ( 'NONE', #26, #4642, #5548, .T. ) ;
#4563 = CARTESIAN_POINT ( 'NONE',  ( -6.062177826491073063, 2.199999999999999734, 3.499999999999998224 ) ) ;
#4564 = PRESENTATION_LAYER_ASSIGNMENT (  '', '', ( #4963 ) ) ;
#4565 = UNCERTAINTY_MEASURE_WITH_UNIT (LENGTH_MEASURE( 1.000000000000000082E-05 ), #5213, 'distance_accuracy_value', 'NONE');
#4566 = CIRCLE ( 'NONE', #5320, 6.150000000000000355 ) ;
#4567 = ORIENTED_EDGE ( 'NONE', *, *, #1780, .T. ) ;
#4568 = DIRECTION ( 'NONE',  ( 0.0000000000000000000, 0.0000000000000000000, 1.000000000000000000 ) ) ;
#4569 = CLOSED_SHELL ( 'NONE', ( #797, #5779, #4047, #199, #474, #680, #5193, #3284, #4299, #2927, #5596, #838, #3079, #236, #344 ) ) ;
#4570 = DIRECTION ( 'NONE',  ( 1.000000000000000000, -0.0000000000000000000, -0.0000000000000000000 ) ) ;
#4571 = CARTESIAN_POINT ( 'NONE',  ( -0.6726747950258311626, 9.799999999999998934, -7.000000000000000000 ) ) ;
#4572 = CARTESIAN_POINT ( 'NONE',  ( 4.041451884327378785, 4.500000000000000000, 6.999999999999998224 ) ) ;
#4573 = B_SPLINE_CURVE_WITH_KNOTS ( 'NONE', 3,
 ( #3303, #4571, #4257, #512, #1913, #613 ),
 .UNSPECIFIED., .F., .F.,
 ( 4, 2, 4 ),
 ( 0.02091410365672650984, 0.02294139008854429937, 0.02496867652036208890 ),
 .UNSPECIFIED. ) ;
#4574 =( NAMED_UNIT ( * ) SI_UNIT ( $, .STERADIAN. ) SOLID_ANGLE_UNIT ( ) );
#4575 = ORIENTED_EDGE ( 'NONE', *, *, #4005, .T. ) ;
#4576 = UNCERTAINTY_MEASURE_WITH_UNIT (LENGTH_MEASURE( 1.000000000000000082E-05 ), #2565, 'distance_accuracy_value', 'NONE');
#4577 = VECTOR ( 'NONE', #5772, 1000.000000000000000 ) ;
#4578 = DIRECTION ( 'NONE',  ( -0.0000000000000000000, -1.000000000000000000, -0.0000000000000000000 ) ) ;
#4579 = CARTESIAN_POINT ( 'NONE',  ( -4.799999999999998934, -16.69999999999999929, -4.399999999999999467 ) ) ;
#4580 =( GEOMETRIC_REPRESENTATION_CONTEXT ( 3 ) GLOBAL_UNCERTAINTY_ASSIGNED_CONTEXT ( ( #2919 ) ) GLOBAL_UNIT_ASSIGNED_CONTEXT ( ( #4651, #1549, #1072 ) ) REPRESENTATION_CONTEXT ( 'NONE', 'WORKASPACE' ) );
#4581 = CARTESIAN_POINT ( 'NONE',  ( -8.300000000000004263, -15.50000000000000000, -7.000000000000000888 ) ) ;
#4582 = DIRECTION ( 'NONE',  ( 0.0000000000000000000, 1.000000000000000000, 0.0000000000000000000 ) ) ;
#4583 = PRODUCT_DEFINITION ( 'UNKNOWN', '', #3283, #763 ) ;
#4584 = B_SPLINE_CURVE_WITH_KNOTS ( 'NONE', 3,
 ( #4208, #4706, #1477, #994 ),
 .UNSPECIFIED., .F., .F.,
 ( 4, 4 ),
 ( 2.309401076756360087E-07, 0.004041682824435055381 ),
 .UNSPECIFIED. ) ;
#4585 =( NAMED_UNIT ( * ) SI_UNIT ( $, .STERADIAN. ) SOLID_ANGLE_UNIT ( ) );
#4586 = DIRECTION ( 'NONE',  ( 0.0000000000000000000, 1.000000000000000000, 0.0000000000000000000 ) ) ;
#4587 = CARTESIAN_POINT ( 'NONE',  ( -4.799999999999998934, -16.69999999999999929, -5.200000000000000178 ) ) ;
#4588 = MECHANICAL_DESIGN_GEOMETRIC_PRESENTATION_REPRESENTATION (  '', ( #5742 ), #2992 ) ;
#4589 = VERTEX_POINT ( 'NONE', #4418 ) ;
#4590 = AXIS2_PLACEMENT_3D ( 'NONE', #4971, #950, #9 ) ;
#4591 = FILL_AREA_STYLE_COLOUR ( '', #4214 ) ;
#4592 = SURFACE_STYLE_FILL_AREA ( #4105 ) ;
#4593 = MANIFOLD_SOLID_BREP ( 'Lineares Muster1[4]', #3441 ) ;
#4594 = CARTESIAN_POINT ( 'NONE',  ( -6.062177826491073951, 9.799999999999998934, -3.500000000000000444 ) ) ;
#4595 = COLOUR_RGB ( '',0.0000000000000000000, 0.0000000000000000000, 0.7529411764705882248 ) ;
#4596 = EDGE_LOOP ( 'NONE', ( #5577, #2700, #3976, #4602 ) ) ;
#4597 = EDGE_LOOP ( 'NONE', ( #1060, #3930, #3781, #5490, #1135, #4337 ) ) ;
#4598 = FACE_OUTER_BOUND ( 'NONE', #1737, .T. ) ;
#4599 = DIRECTION ( 'NONE',  ( -0.0000000000000000000, -1.000000000000000000, -0.0000000000000000000 ) ) ;
#4600 = SURFACE_STYLE_USAGE ( .BOTH. , #3275 ) ;
#4601 = VECTOR ( 'NONE', #3811, 1000.000000000000000 ) ;
#4602 = ORIENTED_EDGE ( 'NONE', *, *, #831, .T. ) ;
#4603 = ORIENTED_EDGE ( 'NONE', *, *, #4492, .T. ) ;
#4604 = CARTESIAN_POINT ( 'NONE',  ( 4.799999999999998934, -16.69999999999999929, -5.200000000000000178 ) ) ;
#4605 = CARTESIAN_POINT ( 'NONE',  ( 0.5000000000000013323, -19.69999999999999929, -0.4000000000000001887 ) ) ;
#4606 = CARTESIAN_POINT ( 'NONE',  ( 4.041451884327378785, 9.509836809708341221, -7.000000000000000888 ) ) ;
#4607 = AXIS2_PLACEMENT_3D ( 'NONE', #2547, #2155, #5796 ) ;
#4608 = SURFACE_STYLE_USAGE ( .BOTH. , #4674 ) ;
#4609 = AXIS2_PLACEMENT_3D ( 'NONE', #3080, #5276, #2540 ) ;
#4610 = EDGE_LOOP ( 'NONE', ( #2293, #173, #1379, #4666 ) ) ;
#4611 = EDGE_CURVE ( 'NONE', #420, #3337, #4906, .T. ) ;
#4612 =( LENGTH_UNIT ( ) NAMED_UNIT ( * ) SI_UNIT ( .MILLI., .METRE. ) );
#4613 = DIRECTION ( 'NONE',  ( 0.0000000000000000000, 0.0000000000000000000, -1.000000000000000000 ) ) ;
#4614 = CARTESIAN_POINT ( 'NONE',  ( -4.799999999999998934, -19.69999999999999929, -4.399999999999999467 ) ) ;
#4615 =( NAMED_UNIT ( * ) PLANE_ANGLE_UNIT ( ) SI_UNIT ( $, .RADIAN. ) );
#4616 = DIRECTION ( 'NONE',  ( 0.0000000000000000000, 1.000000000000000000, 0.0000000000000000000 ) ) ;
#4617 = VECTOR ( 'NONE', #3560, 1000.000000000000000 ) ;
#4618 = MECHANICAL_DESIGN_GEOMETRIC_PRESENTATION_REPRESENTATION (  '', ( #3877 ), #3882 ) ;
#4619 = ORIENTED_EDGE ( 'NONE', *, *, #4148, .F. ) ;
#4620 = DIRECTION ( 'NONE',  ( 1.000000000000000000, -0.0000000000000000000, -0.0000000000000000000 ) ) ;
#4621 = SURFACE_STYLE_FILL_AREA ( #2823 ) ;
#4622 = AXIS2_PLACEMENT_3D ( 'NONE', #163, #1966, #5200 ) ;
#4623 = CARTESIAN_POINT ( 'NONE',  ( 5.388602512436505343, 7.499999999999999112, 4.666666666666666075 ) ) ;
#4624 = CARTESIAN_POINT ( 'NONE',  ( -6.735753140545633677, 4.500000000000000000, 2.333333333333330373 ) ) ;
#4625 = ORIENTED_EDGE ( 'NONE', *, *, #3028, .F. ) ;
#4626 = CARTESIAN_POINT ( 'NONE',  ( 0.0000000000000000000, 9.799999999999998934, 0.0000000000000000000 ) ) ;
#4627 = CARTESIAN_POINT ( 'NONE',  ( -0.5000000000000013323, -15.50000000000000000, -5.200000000000000178 ) ) ;
#4628 = EDGE_CURVE ( 'NONE', #699, #5628, #3438, .T. ) ;
#4629 =( NAMED_UNIT ( * ) PLANE_ANGLE_UNIT ( ) SI_UNIT ( $, .RADIAN. ) );
#4630 = ORIENTED_EDGE ( 'NONE', *, *, #2864, .F. ) ;
#4631 = MANIFOLD_SOLID_BREP ( 'Linear austragen9', #3550 ) ;
#4632 = EDGE_LOOP ( 'NONE', ( #1799, #2944, #2278, #1010, #4603, #3181 ) ) ;
#4633 = VERTEX_POINT ( 'NONE', #3897 ) ;
#4634 = VECTOR ( 'NONE', #1587, 1000.000000000000114 ) ;
#4635 = B_SPLINE_CURVE_WITH_KNOTS ( 'NONE', 3,
 ( #5868, #1402, #3230, #2308 ),
 .UNSPECIFIED., .F., .F.,
 ( 4, 4 ),
 ( 0.01684633503478738872, 0.02091410365795285872 ),
 .UNSPECIFIED. ) ;
#4636 =( NAMED_UNIT ( * ) PLANE_ANGLE_UNIT ( ) SI_UNIT ( $, .RADIAN. ) );
#4637 = EDGE_CURVE ( 'NONE', #2929, #5402, #4765, .T. ) ;
#4638 = FILL_AREA_STYLE ('',( #1476 ) ) ;
#4639 = ADVANCED_FACE ( 'NONE', ( #3980 ), #5800, .F. ) ;
#4640 = COLOUR_RGB ( '',1.000000000000000000, 1.000000000000000000, 1.000000000000000000 ) ;
#4641 = FACE_OUTER_BOUND ( 'NONE', #5063, .T. ) ;
#4642 = VERTEX_POINT ( 'NONE', #3196 ) ;
#4643 = CARTESIAN_POINT ( 'NONE',  ( 5.800000000000001599, -19.69999999999999929, 0.4000000000000001887 ) ) ;
#4644 = PRESENTATION_LAYER_ASSIGNMENT (  '', '', ( #2007 ) ) ;
#4645 = DIRECTION ( 'NONE',  ( -0.0000000000000000000, -1.000000000000000000, -0.0000000000000000000 ) ) ;
#4646 = CARTESIAN_POINT ( 'NONE',  ( 0.5000000000000013323, -16.69999999999999929, 4.399999999999999467 ) ) ;
#4647 = PRESENTATION_STYLE_ASSIGNMENT (( #5110 ) ) ;
#4648 = CARTESIAN_POINT ( 'NONE',  ( 0.0000000000000000000, 7.500000000000000000, 0.0000000000000000000 ) ) ;
#4649 = CARTESIAN_POINT ( 'NONE',  ( 0.0000000000000000000, 16.80000000000000071, -5.000000000000000888 ) ) ;
#4650 = ORIENTED_EDGE ( 'NONE', *, *, #963, .T. ) ;
#4651 =( LENGTH_UNIT ( ) NAMED_UNIT ( * ) SI_UNIT ( .MILLI., .METRE. ) );
#4652 =( LENGTH_UNIT ( ) NAMED_UNIT ( * ) SI_UNIT ( .MILLI., .METRE. ) );
#4653 = VECTOR ( 'NONE', #2742, 1000.000000000000000 ) ;
#4654 =( NAMED_UNIT ( * ) SI_UNIT ( $, .STERADIAN. ) SOLID_ANGLE_UNIT ( ) );
#4655 =( GEOMETRIC_REPRESENTATION_CONTEXT ( 3 ) GLOBAL_UNCERTAINTY_ASSIGNED_CONTEXT ( ( #5190 ) ) GLOBAL_UNIT_ASSIGNED_CONTEXT ( ( #4717, #2027, #5638 ) ) REPRESENTATION_CONTEXT ( 'NONE', 'WORKASPACE' ) );
#4656 =( NAMED_UNIT ( * ) PLANE_ANGLE_UNIT ( ) SI_UNIT ( $, .RADIAN. ) );
#4657 = ORIENTED_EDGE ( 'NONE', *, *, #5505, .T. ) ;
#4658 = EDGE_LOOP ( 'NONE', ( #3312, #1407, #3606, #1699 ) ) ;
#4659 = ORIENTED_EDGE ( 'NONE', *, *, #3246, .F. ) ;
#4660 =( LENGTH_UNIT ( ) NAMED_UNIT ( * ) SI_UNIT ( .MILLI., .METRE. ) );
#4661 = FACE_BOUND ( 'NONE', #5882, .T. ) ;
#4662 =( GEOMETRIC_REPRESENTATION_CONTEXT ( 3 ) GLOBAL_UNCERTAINTY_ASSIGNED_CONTEXT ( ( #3361 ) ) GLOBAL_UNIT_ASSIGNED_CONTEXT ( ( #2179, #720, #4003 ) ) REPRESENTATION_CONTEXT ( 'NONE', 'WORKASPACE' ) );
#4663 = AXIS2_PLACEMENT_3D ( 'NONE', #5472, #461, #4118 ) ;
#4664 = DIRECTION ( 'NONE',  ( 0.5000000000000021094, 0.8660254037844374864, 0.0000000000000000000 ) ) ;
#4665 =( NAMED_UNIT ( * ) PLANE_ANGLE_UNIT ( ) SI_UNIT ( $, .RADIAN. ) );
#4666 = ORIENTED_EDGE ( 'NONE', *, *, #3132, .F. ) ;
#4667 = ORIENTED_EDGE ( 'NONE', *, *, #4324, .T. ) ;
#4668 = CARTESIAN_POINT ( 'NONE',  ( -4.041451884327380562, 4.500000000000000000, 7.000000000000000888 ) ) ;
#4669 = EDGE_LOOP ( 'NONE', ( #669, #423, #4557, #15, #4372, #2664 ) ) ;
#4670 = EDGE_CURVE ( 'NONE', #2235, #1378, #2787, .T. ) ;
#4671 = CARTESIAN_POINT ( 'NONE',  ( -5.800000000000001599, -16.69999999999999929, -5.200000000000000178 ) ) ;
#4672 = PRESENTATION_STYLE_ASSIGNMENT (( #3758 ) ) ;
#4673 = VECTOR ( 'NONE', #5559, 1000.000000000000000 ) ;
#4674 = SURFACE_SIDE_STYLE ('',( #4736 ) ) ;
#4675 = VERTEX_POINT ( 'NONE', #63 ) ;
#4676 = B_SPLINE_CURVE_WITH_KNOTS ( 'NONE', 3,
 ( #1619, #3420, #5614, #936, #3360, #1108 ),
 .UNSPECIFIED., .F., .F.,
 ( 4, 2, 4 ),
 ( 0.02091410365795285872, 0.02294139008977152602, 0.02496867652159019332 ),
 .UNSPECIFIED. ) ;
#4677 = EDGE_CURVE ( 'NONE', #3829, #26, #4010, .T. ) ;
#4678 = AXIS2_PLACEMENT_3D ( 'NONE', #1012, #4281, #2945 ) ;
#4679 = CARTESIAN_POINT ( 'NONE',  ( 4.799999999999999822, -19.69999999999999929, 0.4000000000000001887 ) ) ;
#4680 = DIRECTION ( 'NONE',  ( 0.0000000000000000000, 1.000000000000000000, 0.0000000000000000000 ) ) ;
#4681 = PLANE ( 'NONE',  #1829 ) ;
#4682 = CYLINDRICAL_SURFACE ( 'NONE', #5247, 8.000000000000000000 ) ;
#4683 =( NAMED_UNIT ( * ) SI_UNIT ( $, .STERADIAN. ) SOLID_ANGLE_UNIT ( ) );
#4684 = AXIS2_PLACEMENT_3D ( 'NONE', #3953, #1155, #250 ) ;
#4685 = ORIENTED_EDGE ( 'NONE', *, *, #1726, .T. ) ;
#4686 = FACE_OUTER_BOUND ( 'NONE', #3990, .T. ) ;
#4687 = AXIS2_PLACEMENT_3D ( 'NONE', #5221, #1209, #2018 ) ;
#4688 = DIRECTION ( 'NONE',  ( -0.0000000000000000000, -0.0000000000000000000, -1.000000000000000000 ) ) ;
#4689 = CARTESIAN_POINT ( 'NONE',  ( -5.800000000000001599, -15.50000000000000000, 4.399999999999999467 ) ) ;
#4690 = ORIENTED_EDGE ( 'NONE', *, *, #2028, .F. ) ;
#4691 = VERTEX_POINT ( 'NONE', #1 ) ;
#4692 = CARTESIAN_POINT ( 'NONE',  ( 4.041451884327379673, 2.490163190291658335, -7.000000000000000888 ) ) ;
#4693 = ADVANCED_FACE ( 'NONE', ( #4939 ), #4560, .T. ) ;
#4694 = CARTESIAN_POINT ( 'NONE',  ( -1.192820323027555807, -15.50000000000000000, -4.399999999999999467 ) ) ;
#4695 =( NAMED_UNIT ( * ) SI_UNIT ( $, .STERADIAN. ) SOLID_ANGLE_UNIT ( ) );
#4696 = SURFACE_SIDE_STYLE ('',( #3274 ) ) ;
#4697 =( NAMED_UNIT ( * ) SI_UNIT ( $, .STERADIAN. ) SOLID_ANGLE_UNIT ( ) );
#4698 = VERTEX_POINT ( 'NONE', #2674 ) ;
#4699 = MANIFOLD_SOLID_BREP ( 'Linear austragen11', #3924 ) ;
#4700 = ORIENTED_EDGE ( 'NONE', *, *, #2183, .F. ) ;
#4701 =( NAMED_UNIT ( * ) SI_UNIT ( $, .STERADIAN. ) SOLID_ANGLE_UNIT ( ) );
#4702 = ORIENTED_EDGE ( 'NONE', *, *, #3619, .T. ) ;
#4703 = FACE_OUTER_BOUND ( 'NONE', #2766, .T. ) ;
#4704 = CARTESIAN_POINT ( 'NONE',  ( 0.0000000000000000000, 5.499999999999999112, 7.500000000000000000 ) ) ;
#4705 = LINE ( 'NONE', #2014, #1882 ) ;
#4706 = CARTESIAN_POINT ( 'NONE',  ( -4.715027198381946505, 9.690320771151004209, -5.833333333333333925 ) ) ;
#4707 = ORIENTED_EDGE ( 'NONE', *, *, #4713, .F. ) ;
#4708 = EDGE_CURVE ( 'NONE', #357, #634, #1355, .T. ) ;
#4709 = DIRECTION ( 'NONE',  ( -1.000000000000000000, -0.0000000000000000000, 0.0000000000000000000 ) ) ;
#4710 =( NAMED_UNIT ( * ) SI_UNIT ( $, .STERADIAN. ) SOLID_ANGLE_UNIT ( ) );
#4711 = UNCERTAINTY_MEASURE_WITH_UNIT (LENGTH_MEASURE( 1.000000000000000082E-05 ), #1314, 'distance_accuracy_value', 'NONE');
#4712 = CARTESIAN_POINT ( 'NONE',  ( 7.409328454600196956, 7.609679228848994725, -1.166666666666667185 ) ) ;
#4713 = EDGE_CURVE ( 'NONE', #471, #1653, #4472, .T. ) ;
#4714 = ORIENTED_EDGE ( 'NONE', *, *, #4235, .F. ) ;
#4715 = VECTOR ( 'NONE', #5044, 1000.000000000000000 ) ;
#4716 = CONICAL_SURFACE ( 'NONE', #1014, 5.000000000000000888, 0.7853981633974511656 ) ;
#4717 =( LENGTH_UNIT ( ) NAMED_UNIT ( * ) SI_UNIT ( .MILLI., .METRE. ) );
#4718 = DIRECTION ( 'NONE',  ( 1.000000000000000000, 0.0000000000000000000, -0.0000000000000000000 ) ) ;
#4719 = B_SPLINE_CURVE_WITH_KNOTS ( 'NONE', 3,
 ( #2528, #4344, #3963, #3011 ),
 .UNSPECIFIED., .F., .F.,
 ( 4, 4 ),
 ( 0.004041682824435056248, 0.008083134708762438128 ),
 .UNSPECIFIED. ) ;
#4720 = VECTOR ( 'NONE', #4982, 1000.000000000000000 ) ;
#4721 =( GEOMETRIC_REPRESENTATION_CONTEXT ( 3 ) GLOBAL_UNCERTAINTY_ASSIGNED_CONTEXT ( ( #5284 ) ) GLOBAL_UNIT_ASSIGNED_CONTEXT ( ( #4523, #2725, #4034 ) ) REPRESENTATION_CONTEXT ( 'NONE', 'WORKASPACE' ) );
#4722 = EDGE_CURVE ( 'NONE', #4824, #1533, #1868, .T. ) ;
#4723 = ORIENTED_EDGE ( 'NONE', *, *, #711, .T. ) ;
#4724 = EDGE_LOOP ( 'NONE', ( #2238, #44, #1564, #4814 ) ) ;
#4725 =( GEOMETRIC_REPRESENTATION_CONTEXT ( 3 ) GLOBAL_UNCERTAINTY_ASSIGNED_CONTEXT ( ( #4239 ) ) GLOBAL_UNIT_ASSIGNED_CONTEXT ( ( #5667, #2520, #2 ) ) REPRESENTATION_CONTEXT ( 'NONE', 'WORKASPACE' ) );
#4726 = FACE_OUTER_BOUND ( 'NONE', #2699, .T. ) ;
#4727 = CARTESIAN_POINT ( 'NONE',  ( -5.800000000000001599, -16.69999999999999929, 5.200000000000000178 ) ) ;
#4728 = EDGE_CURVE ( 'NONE', #3182, #2840, #1837, .T. ) ;
#4729 = CONICAL_SURFACE ( 'NONE', #1797, 4.699999999999999289, 0.7853981633974482790 ) ;
#4730 = ORIENTED_EDGE ( 'NONE', *, *, #1574, .F. ) ;
#4731 = ORIENTED_EDGE ( 'NONE', *, *, #4562, .T. ) ;
#4732 = CARTESIAN_POINT ( 'NONE',  ( 0.0000000000000000000, 7.500000000000000000, -8.000000000000000000 ) ) ;
#4733 = CIRCLE ( 'NONE', #5030, 7.000000000000000888 ) ;
#4734 = SURFACE_SIDE_STYLE ('',( #2931 ) ) ;
#4735 = EDGE_CURVE ( 'NONE', #3724, #5339, #443, .T. ) ;
#4736 = SURFACE_STYLE_FILL_AREA ( #3759 ) ;
#4737 = ORIENTED_EDGE ( 'NONE', *, *, #4065, .F. ) ;
#4738 = COLOUR_RGB ( '',1.000000000000000000, 1.000000000000000000, 1.000000000000000000 ) ;
#4739 =( NAMED_UNIT ( * ) PLANE_ANGLE_UNIT ( ) SI_UNIT ( $, .RADIAN. ) );
#4740 = CARTESIAN_POINT ( 'NONE',  ( -4.799999999999998934, -19.69999999999999929, -4.399999999999999467 ) ) ;
#4741 = CIRCLE ( 'NONE', #2175, 7.000000000000000888 ) ;
#4742 = B_SPLINE_CURVE_WITH_KNOTS ( 'NONE', 3,
 ( #5360, #5760, #4006, #780 ),
 .UNSPECIFIED., .F., .F.,
 ( 4, 4 ),
 ( 0.004041682824435059718, 0.008083134708762439863 ),
 .UNSPECIFIED. ) ;
#4743 = SURFACE_STYLE_FILL_AREA ( #2818 ) ;
#4744 = FACE_OUTER_BOUND ( 'NONE', #2159, .T. ) ;
#4745 = STYLED_ITEM ( 'NONE', ( #1464 ), #3987 ) ;
#4746 = ORIENTED_EDGE ( 'NONE', *, *, #2982, .F. ) ;
#4747 = DIRECTION ( 'NONE',  ( 0.5000000000000021094, 0.8660254037844374864, 0.0000000000000000000 ) ) ;
#4748 = EDGE_CURVE ( 'NONE', #1600, #4589, #2246, .T. ) ;
#4749 = AXIS2_PLACEMENT_3D ( 'NONE', #62, #5445, #5019 ) ;
#4750 = PLANE ( 'NONE',  #1320 ) ;
#4751 = ORIENTED_EDGE ( 'NONE', *, *, #3855, .T. ) ;
#4752 = B_SPLINE_CURVE_WITH_KNOTS ( 'NONE', 3,
 ( #617, #1084, #3812, #3368 ),
 .UNSPECIFIED., .F., .F.,
 ( 4, 4 ),
 ( 0.01097194826734468331, 0.01504699182105884506 ),
 .UNSPECIFIED. ) ;
#4753 = CARTESIAN_POINT ( 'NONE',  ( 0.5773502691896270633, 5.500000000000000000, 7.477744758058187280 ) ) ;
#4754 = COLOUR_RGB ( '',1.000000000000000000, 1.000000000000000000, 1.000000000000000000 ) ;
#4755 = FILL_AREA_STYLE ('',( #2032 ) ) ;
#4756 = FACE_OUTER_BOUND ( 'NONE', #5125, .T. ) ;
#4757 = DIRECTION ( 'NONE',  ( -0.0000000000000000000, -0.0000000000000000000, -1.000000000000000000 ) ) ;
#4758 = DIRECTION ( 'NONE',  ( 0.8660254037844388186, 0.0000000000000000000, -0.4999999999999996669 ) ) ;
#4759 = PRESENTATION_LAYER_ASSIGNMENT (  '', '', ( #3917 ) ) ;
#4760 = MECHANICAL_DESIGN_GEOMETRIC_PRESENTATION_REPRESENTATION (  '', ( #1448 ), #4470 ) ;
#4761 = VERTEX_POINT ( 'NONE', #1810 ) ;
#4762 = EDGE_LOOP ( 'NONE', ( #3339, #2450, #1154, #4223 ) ) ;
#4763 = EDGE_LOOP ( 'NONE', ( #165, #2134, #781, #1042 ) ) ;
#4764 = EDGE_CURVE ( 'NONE', #2098, #3808, #3172, .T. ) ;
#4765 = CIRCLE ( 'NONE', #3341, 7.000000000000000888 ) ;
#4766 = LINE ( 'NONE', #712, #1517 ) ;
#4767 = PRESENTATION_STYLE_ASSIGNMENT (( #4404 ) ) ;
#4768 = CARTESIAN_POINT ( 'NONE',  ( -8.300000000000004263, -15.50000000000000000, 7.000000000000000888 ) ) ;
#4769 = CARTESIAN_POINT ( 'NONE',  ( 4.799999999999998934, -15.50000000000000000, 4.399999999999999467 ) ) ;
#4770 = ORIENTED_EDGE ( 'NONE', *, *, #4448, .F. ) ;
#4772 = STYLED_ITEM ( 'NONE', ( #1947 ), #5283 ) ;
#4771 = B_SPLINE_CURVE_WITH_KNOTS ( 'NONE', 3,
 ( #4044, #5865, #1783, #841 ),
 .UNSPECIFIED., .F., .F.,
 ( 4, 4 ),
 ( 0.004041682824435057983, 0.008083134708762434659 ),
 .UNSPECIFIED. ) ;
#4773 = DIRECTION ( 'NONE',  ( 0.0000000000000000000, 0.0000000000000000000, 1.000000000000000000 ) ) ;
#4774 =( LENGTH_UNIT ( ) NAMED_UNIT ( * ) SI_UNIT ( .MILLI., .METRE. ) );
#4775 = DIRECTION ( 'NONE',  ( -0.0000000000000000000, -0.0000000000000000000, 1.000000000000000000 ) ) ;
#4776 = UNCERTAINTY_MEASURE_WITH_UNIT (LENGTH_MEASURE( 1.000000000000000082E-05 ), #1611, 'distance_accuracy_value', 'NONE');
#4777 = CARTESIAN_POINT ( 'NONE',  ( 0.5000000000000013323, -16.69999999999999929, 0.4000000000000001887 ) ) ;
#4778 = PLANE ( 'NONE',  #4015 ) ;
#4779 = PLANE ( 'NONE',  #5775 ) ;
#4780 = LINE ( 'NONE', #352, #1212 ) ;
#4781 = AXIS2_PLACEMENT_3D ( 'NONE', #5521, #3271, #2405 ) ;
#4782 = ORIENTED_EDGE ( 'NONE', *, *, #3300, .F. ) ;
#4783 = EDGE_CURVE ( 'NONE', #815, #4143, #4293, .T. ) ;
#4784 = LINE ( 'NONE', #783, #3169 ) ;
#4785 = DIRECTION ( 'NONE',  ( 0.0000000000000000000, 0.0000000000000000000, 1.000000000000000000 ) ) ;
#4786 = FILL_AREA_STYLE ('',( #1906 ) ) ;
#4787 = VERTEX_POINT ( 'NONE', #3827 ) ;
#4788 = EDGE_CURVE ( 'NONE', #4691, #4373, #5539, .T. ) ;
#4789 = ORIENTED_EDGE ( 'NONE', *, *, #4788, .F. ) ;
#4790 = PRESENTATION_LAYER_ASSIGNMENT (  '', '', ( #1470 ) ) ;
#4791 = FACE_OUTER_BOUND ( 'NONE', #425, .T. ) ;
#4792 = UNCERTAINTY_MEASURE_WITH_UNIT (LENGTH_MEASURE( 1.000000000000000082E-05 ), #2514, 'distance_accuracy_value', 'NONE');
#4793 = DIRECTION ( 'NONE',  ( 0.0000000000000000000, 1.000000000000000000, 0.0000000000000000000 ) ) ;
#4794 = DIRECTION ( 'NONE',  ( 0.5000000000000021094, 0.8660254037844374864, 0.0000000000000000000 ) ) ;
#4795 = EDGE_LOOP ( 'NONE', ( #3129, #5369, #2722, #535 ) ) ;
#4796 = ORIENTED_EDGE ( 'NONE', *, *, #1809, .F. ) ;
#4797 = STYLED_ITEM ( 'NONE', ( #1844 ), #709 ) ;
#4798 = DIRECTION ( 'NONE',  ( -0.0000000000000000000, -1.000000000000000000, -0.0000000000000000000 ) ) ;
#4799 = FILL_AREA_STYLE_COLOUR ( '', #1347 ) ;
#4800 = CARTESIAN_POINT ( 'NONE',  ( 0.3852336982239534802, 5.167244338111543378, 7.492577913983075710 ) ) ;
#4801 = LINE ( 'NONE', #3561, #2068 ) ;
#4802 = CYLINDRICAL_SURFACE ( 'NONE', #2958, 6.000000000000000888 ) ;
#4803 = DIRECTION ( 'NONE',  ( 0.0000000000000000000, 1.000000000000000000, 0.0000000000000000000 ) ) ;
#4804 = DIRECTION ( 'NONE',  ( 0.0000000000000000000, 0.0000000000000000000, 1.000000000000000000 ) ) ;
#4805 = FACE_OUTER_BOUND ( 'NONE', #4193, .T. ) ;
#4806 = EDGE_CURVE ( 'NONE', #3270, #3658, #5600, .T. ) ;
#4807 = PRESENTATION_LAYER_ASSIGNMENT (  '', '', ( #1866 ) ) ;
#4808 = ORIENTED_EDGE ( 'NONE', *, *, #776, .T. ) ;
#4809 = PLANE ( 'NONE',  #2141 ) ;
#4810 = DIRECTION ( 'NONE',  ( 2.891205793294679312E-16, -1.000000000000000000, -0.0000000000000000000 ) ) ;
#4811 = DIRECTION ( 'NONE',  ( -0.4999999999999996669, 0.0000000000000000000, -0.8660254037844388186 ) ) ;
#4812 = UNCERTAINTY_MEASURE_WITH_UNIT (LENGTH_MEASURE( 1.000000000000000082E-05 ), #3400, 'distance_accuracy_value', 'NONE');
#4813 = AXIS2_PLACEMENT_3D ( 'NONE', #5677, #1166, #2439 ) ;
#4814 = ORIENTED_EDGE ( 'NONE', *, *, #3996, .F. ) ;
#4815 = CARTESIAN_POINT ( 'NONE',  ( -4.107179676972443794, -15.50000000000000000, 0.4000000000000001887 ) ) ;
#4816 = ORIENTED_EDGE ( 'NONE', *, *, #2077, .T. ) ;
#4817 = PRESENTATION_STYLE_ASSIGNMENT (( #5708 ) ) ;
#4818 = AXIS2_PLACEMENT_3D ( 'NONE', #4354, #4896, #1630 ) ;
#4819 = PRESENTATION_LAYER_ASSIGNMENT (  '', '', ( #1124 ) ) ;
#4820 = EDGE_CURVE ( 'NONE', #2122, #2738, #5570, .T. ) ;
#4821 = DIRECTION ( 'NONE',  ( -0.0000000000000000000, -1.000000000000000000, -0.0000000000000000000 ) ) ;
#4822 = VERTEX_POINT ( 'NONE', #2816 ) ;
#4823 = AXIS2_PLACEMENT_3D ( 'NONE', #1764, #3108, #3162 ) ;
#4824 = VERTEX_POINT ( 'NONE', #1545 ) ;
#4825 = COLOUR_RGB ( '',1.000000000000000000, 1.000000000000000000, 1.000000000000000000 ) ;
#4826 = CARTESIAN_POINT ( 'NONE',  ( 7.409328454600195180, 9.690320771151004209, 1.166666666666667629 ) ) ;
#4827 = EDGE_CURVE ( 'NONE', #2143, #4081, #5507, .T. ) ;
#4828 = FACE_OUTER_BOUND ( 'NONE', #4763, .T. ) ;
#4829 = LINE ( 'NONE', #3848, #4555 ) ;
#4830 = AXIS2_PLACEMENT_3D ( 'NONE', #2088, #1158, #5313 ) ;
#4831 = DIRECTION ( 'NONE',  ( 0.0000000000000000000, 0.0000000000000000000, 1.000000000000000000 ) ) ;
#4832 = FACE_OUTER_BOUND ( 'NONE', #4632, .T. ) ;
#4833 =( NAMED_UNIT ( * ) SI_UNIT ( $, .STERADIAN. ) SOLID_ANGLE_UNIT ( ) );
#4834 =( NAMED_UNIT ( * ) SI_UNIT ( $, .STERADIAN. ) SOLID_ANGLE_UNIT ( ) );
#4835 = VECTOR ( 'NONE', #3457, 1000.000000000000000 ) ;
#4836 =( NAMED_UNIT ( * ) PLANE_ANGLE_UNIT ( ) SI_UNIT ( $, .RADIAN. ) );
#4837 = DIRECTION ( 'NONE',  ( 0.5000000000000021094, 0.8660254037844374864, 0.0000000000000000000 ) ) ;
#4838 = EDGE_CURVE ( 'NONE', #2556, #4157, #2329, .T. ) ;
#4839 = UNCERTAINTY_MEASURE_WITH_UNIT (LENGTH_MEASURE( 1.000000000000000082E-05 ), #1532, 'distance_accuracy_value', 'NONE');
#4840 = EDGE_CURVE ( 'NONE', #5411, #292, #2221, .T. ) ;
#4841 = LINE ( 'NONE', #349, #1738 ) ;
#4842 = FACE_OUTER_BOUND ( 'NONE', #4519, .T. ) ;
#4843 = SURFACE_STYLE_FILL_AREA ( #2546 ) ;
#4844 = AXIS2_PLACEMENT_3D ( 'NONE', #3117, #4931, #5887 ) ;
#4845 = CARTESIAN_POINT ( 'NONE',  ( 5.800000000000001599, -19.69999999999999929, 5.200000000000000178 ) ) ;
#4846 = VERTEX_POINT ( 'NONE', #625 ) ;
#4847 = DIRECTION ( 'NONE',  ( 1.000000000000000000, -0.0000000000000000000, -0.0000000000000000000 ) ) ;
#4848 = EDGE_CURVE ( 'NONE', #5739, #1185, #123, .T. ) ;
#4849 =( NAMED_UNIT ( * ) SI_UNIT ( $, .STERADIAN. ) SOLID_ANGLE_UNIT ( ) );
#4850 =( NAMED_UNIT ( * ) PLANE_ANGLE_UNIT ( ) SI_UNIT ( $, .RADIAN. ) );
#4851 = COLOUR_RGB ( '',1.000000000000000000, 1.000000000000000000, 1.000000000000000000 ) ;
#4852 = ORIENTED_EDGE ( 'NONE', *, *, #4140, .F. ) ;
#4853 = SURFACE_STYLE_USAGE ( .BOTH. , #3338 ) ;
#4854 = ORIENTED_EDGE ( 'NONE', *, *, #4116, .F. ) ;
#4855 = LINE ( 'NONE', #3006, #5259 ) ;
#4856 = ADVANCED_FACE ( 'NONE', ( #4213 ), #4384, .T. ) ;
#4857 = SURFACE_STYLE_USAGE ( .BOTH. , #287 ) ;
#4858 = PRESENTATION_LAYER_ASSIGNMENT (  '', '', ( #5227 ) ) ;
#4859 = VERTEX_POINT ( 'NONE', #157 ) ;
#4860 = ORIENTED_EDGE ( 'NONE', *, *, #2705, .T. ) ;
#4861 = SURFACE_STYLE_USAGE ( .BOTH. , #5272 ) ;
#4862 = DIRECTION ( 'NONE',  ( 0.0000000000000000000, 1.000000000000000000, -0.0000000000000000000 ) ) ;
#4863 = MECHANICAL_DESIGN_GEOMETRIC_PRESENTATION_REPRESENTATION (  '', ( #2768 ), #2194 ) ;
#4864 = CARTESIAN_POINT ( 'NONE',  ( 5.800000000000001599, -19.69999999999999929, -5.200000000000000178 ) ) ;
#4865 = FILL_AREA_STYLE_COLOUR ( '', #1975 ) ;
#4866 = EDGE_CURVE ( 'NONE', #1018, #1600, #1125, .T. ) ;
#4867 = AXIS2_PLACEMENT_3D ( 'NONE', #4530, #2276, #5481 ) ;
#4868 = CARTESIAN_POINT ( 'NONE',  ( 0.0000000000000000000, 9.799999999999998934, 0.0000000000000000000 ) ) ;
#4869 = CARTESIAN_POINT ( 'NONE',  ( 0.0000000000000000000, 21.50000000000000000, 0.0000000000000000000 ) ) ;
#4870 = CARTESIAN_POINT ( 'NONE',  ( 0.0000000000000000000, -1.500000000000000000, 0.0000000000000000000 ) ) ;
#4871 = VECTOR ( 'NONE', #2394, 1000.000000000000000 ) ;
#4872 = DIRECTION ( 'NONE',  ( 1.000000000000000000, 0.0000000000000000000, 0.0000000000000000000 ) ) ;
#4873 = ORIENTED_EDGE ( 'NONE', *, *, #886, .T. ) ;
#4874 = EDGE_CURVE ( 'NONE', #815, #1890, #4240, .T. ) ;
#4875 = LINE ( 'NONE', #3979, #3835 ) ;
#4876 = DIRECTION ( 'NONE',  ( 0.8660254037844374864, 0.5000000000000021094, -0.0000000000000000000 ) ) ;
#4877 = VECTOR ( 'NONE', #1760, 1000.000000000000000 ) ;
#4878 = UNCERTAINTY_MEASURE_WITH_UNIT (LENGTH_MEASURE( 1.000000000000000082E-05 ), #5410, 'distance_accuracy_value', 'NONE');
#4879 = VERTEX_POINT ( 'NONE', #1957 ) ;
#4880 = ADVANCED_FACE ( 'NONE', ( #3348 ), #4681, .F. ) ;
#4881 = PLANE ( 'NONE',  #2061 ) ;
#4882 = ORIENTED_EDGE ( 'NONE', *, *, #2857, .T. ) ;
#4883 = DIRECTION ( 'NONE',  ( 1.000000000000000000, 2.891205793294679805E-16, -0.0000000000000000000 ) ) ;
#4884 =( GEOMETRIC_REPRESENTATION_CONTEXT ( 3 ) GLOBAL_UNCERTAINTY_ASSIGNED_CONTEXT ( ( #4107 ) ) GLOBAL_UNIT_ASSIGNED_CONTEXT ( ( #4315, #3867, #1730 ) ) REPRESENTATION_CONTEXT ( 'NONE', 'WORKASPACE' ) );
#4885 = FILL_AREA_STYLE_COLOUR ( '', #4287 ) ;
#4886 = DIRECTION ( 'NONE',  ( -0.0000000000000000000, -0.0000000000000000000, -1.000000000000000000 ) ) ;
#4887 = ORIENTED_EDGE ( 'NONE', *, *, #1513, .T. ) ;
#4888 = ORIENTED_EDGE ( 'NONE', *, *, #4806, .F. ) ;
#4889 = CONICAL_SURFACE ( 'NONE', #4684, 7.000000000000000888, 1.308996938995750092 ) ;
#4890 = ORIENTED_EDGE ( 'NONE', *, *, #4950, .T. ) ;
#4891 = FILL_AREA_STYLE_COLOUR ( '', #2124 ) ;
#4892 = COLOUR_RGB ( '',0.0000000000000000000, 0.0000000000000000000, 0.7529411764705882248 ) ;
#4893 = CARTESIAN_POINT ( 'NONE',  ( -6.062177826491073063, 2.199999999999999734, -3.499999999999999556 ) ) ;
#4894 = CARTESIAN_POINT ( 'NONE',  ( -0.5000000000000013323, -16.69999999999999929, 0.4000000000000001887 ) ) ;
#4895 =( NAMED_UNIT ( * ) SI_UNIT ( $, .STERADIAN. ) SOLID_ANGLE_UNIT ( ) );
#4896 = DIRECTION ( 'NONE',  ( 0.8660254037844374864, 0.5000000000000021094, -0.0000000000000000000 ) ) ;
#4897 = FACE_OUTER_BOUND ( 'NONE', #3578, .T. ) ;
#4898 = COLOUR_RGB ( '',1.000000000000000000, 1.000000000000000000, 1.000000000000000000 ) ;
#4899 = DIRECTION ( 'NONE',  ( -0.0000000000000000000, -1.000000000000000000, -0.0000000000000000000 ) ) ;
#4900 = UNCERTAINTY_MEASURE_WITH_UNIT (LENGTH_MEASURE( 1.000000000000000082E-05 ), #3383, 'distance_accuracy_value', 'NONE');
#4901 = LINE ( 'NONE', #832, #2493 ) ;
#4902 = CARTESIAN_POINT ( 'NONE',  ( -7.511572993685797128E-16, 2.199999999999999734, -7.000000000000000888 ) ) ;
#4903 = VERTEX_POINT ( 'NONE', #2360 ) ;
#4904 = CARTESIAN_POINT ( 'NONE',  ( -8.082903768654761123, 7.790163190291658601, -3.473544504145886111E-15 ) ) ;
#4905 = SURFACE_STYLE_FILL_AREA ( #2186 ) ;
#4906 = LINE ( 'NONE', #5336, #409 ) ;
#4907 = SURFACE_SIDE_STYLE ('',( #2113 ) ) ;
#4908 =( NAMED_UNIT ( * ) SI_UNIT ( $, .STERADIAN. ) SOLID_ANGLE_UNIT ( ) );
#4909 = EDGE_CURVE ( 'NONE', #5587, #4787, #5697, .T. ) ;
#4910 = VERTEX_POINT ( 'NONE', #3708 ) ;
#4911 = SURFACE_STYLE_FILL_AREA ( #3478 ) ;
#4912 = FILL_AREA_STYLE_COLOUR ( '', #1757 ) ;
#4913 = ADVANCED_FACE ( 'NONE', ( #2911 ), #3377, .F. ) ;
#4914 = CIRCLE ( 'NONE', #4607, 7.000000000000000888 ) ;
#4915 = PLANE ( 'NONE',  #2852 ) ;
#4916 = VERTEX_POINT ( 'NONE', #3406 ) ;
#4917 = DIRECTION ( 'NONE',  ( 0.5000000000000021094, -0.8660254037844374864, -0.0000000000000000000 ) ) ;
#4918 = EDGE_CURVE ( 'NONE', #3282, #1533, #4841, .T. ) ;
#4919 = CARTESIAN_POINT ( 'NONE',  ( -8.082903768654761123, 4.500000000000000000, -3.472943553460108938E-15 ) ) ;
#4920 = CARTESIAN_POINT ( 'NONE',  ( 8.300000000000000711, -16.69999999999999929, -7.000000000000000888 ) ) ;
#4921 =( NAMED_UNIT ( * ) PLANE_ANGLE_UNIT ( ) SI_UNIT ( $, .RADIAN. ) );
#4922 = COLOUR_RGB ( '',1.000000000000000000, 1.000000000000000000, 1.000000000000000000 ) ;
#4923 = FILL_AREA_STYLE_COLOUR ( '', #4922 ) ;
#4924 = AXIS2_PLACEMENT_3D ( 'NONE', #2172, #2369, #102 ) ;
#4925 = CARTESIAN_POINT ( 'NONE',  ( 5.800000000000001599, -16.69999999999999929, -5.200000000000000178 ) ) ;
#4926 = VERTEX_POINT ( 'NONE', #3973 ) ;
#4927 = MECHANICAL_DESIGN_GEOMETRIC_PRESENTATION_REPRESENTATION (  '', ( #366 ), #4725 ) ;
#4928 = DIRECTION ( 'NONE',  ( -1.000000000000000000, 0.0000000000000000000, 0.0000000000000000000 ) ) ;
#4929 = COLOUR_RGB ( '',1.000000000000000000, 1.000000000000000000, 1.000000000000000000 ) ;
#4930 = LINE ( 'NONE', #3565, #1360 ) ;
#4931 = DIRECTION ( 'NONE',  ( 1.073081856240828073E-16, -0.0000000000000000000, 1.000000000000000000 ) ) ;
#4932 = PLANE ( 'NONE',  #1310 ) ;
#4933 = SURFACE_STYLE_FILL_AREA ( #3119 ) ;
#4934 = ORIENTED_EDGE ( 'NONE', *, *, #5639, .T. ) ;
#4935 = PRESENTATION_LAYER_ASSIGNMENT (  '', '', ( #1612 ) ) ;
#4936 = EDGE_CURVE ( 'NONE', #1904, #544, #2575, .T. ) ;
#4937 = CARTESIAN_POINT ( 'NONE',  ( 0.0000000000000000000, 4.500000000000000888, 8.500000000000003553 ) ) ;
#4938 = CARTESIAN_POINT ( 'NONE',  ( 0.0000000000000000000, 16.50000000000000000, 0.0000000000000000000 ) ) ;
#4939 = FACE_OUTER_BOUND ( 'NONE', #4362, .T. ) ;
#4940 = MECHANICAL_DESIGN_GEOMETRIC_PRESENTATION_REPRESENTATION (  '', ( #3788 ), #5307 ) ;
#4941 = CARTESIAN_POINT ( 'NONE',  ( 5.388602512436504455, 9.799999999999998934, 4.666666666666666075 ) ) ;
#4942 = AXIS2_PLACEMENT_3D ( 'NONE', #3212, #3185, #5007 ) ;
#4943 = ORIENTED_EDGE ( 'NONE', *, *, #248, .T. ) ;
#4944 = EDGE_CURVE ( 'NONE', #3486, #5557, #1662, .T. ) ;
#4945 = DIRECTION ( 'NONE',  ( 0.0000000000000000000, 0.0000000000000000000, 1.000000000000000000 ) ) ;
#4946 = CARTESIAN_POINT ( 'NONE',  ( -6.492820323027555851, -15.50000000000000000, 0.4000000000000001887 ) ) ;
#4947 = COLOUR_RGB ( '',0.0000000000000000000, 0.0000000000000000000, 0.7529411764705882248 ) ;
#4948 = ORIENTED_EDGE ( 'NONE', *, *, #2956, .T. ) ;
#4949 = ORIENTED_EDGE ( 'NONE', *, *, #3388, .F. ) ;
#4950 = EDGE_CURVE ( 'NONE', #4822, #5835, #3250, .T. ) ;
#4951 =( GEOMETRIC_REPRESENTATION_CONTEXT ( 3 ) GLOBAL_UNCERTAINTY_ASSIGNED_CONTEXT ( ( #1329 ) ) GLOBAL_UNIT_ASSIGNED_CONTEXT ( ( #5861, #2302, #3674 ) ) REPRESENTATION_CONTEXT ( 'NONE', 'WORKASPACE' ) );
#4952 = CARTESIAN_POINT ( 'NONE',  ( 0.3853810126192703245, 5.167499494128917625, 6.241085710775005069 ) ) ;
#4953 = LINE ( 'NONE', #4487, #1138 ) ;
#4954 = DIRECTION ( 'NONE',  ( 0.0000000000000000000, -1.000000000000000000, 0.0000000000000000000 ) ) ;
#4955 = ORIENTED_EDGE ( 'NONE', *, *, #2174, .T. ) ;
#4956 = VECTOR ( 'NONE', #4453, 1000.000000000000000 ) ;
#4957 = CARTESIAN_POINT ( 'NONE',  ( 6.062177826491069510, 7.500000000000000000, 3.500000000000001332 ) ) ;
#4958 = DIRECTION ( 'NONE',  ( -1.000000000000000000, 0.0000000000000000000, 0.0000000000000000000 ) ) ;
#4959 = PRESENTATION_STYLE_ASSIGNMENT (( #5387 ) ) ;
#4960 = AXIS2_PLACEMENT_3D ( 'NONE', #4126, #918, #64 ) ;
#4961 = VECTOR ( 'NONE', #5447, 1000.000000000000000 ) ;
#4962 = B_SPLINE_CURVE_WITH_KNOTS ( 'NONE', 3,
 ( #2334, #4623, #2626, #855 ),
 .UNSPECIFIED., .F., .F.,
 ( 4, 4 ),
 ( 0.004041682824435057983, 0.008083134708762434659 ),
 .UNSPECIFIED. ) ;
#4963 = STYLED_ITEM ( 'NONE', ( #2020 ), #5744 ) ;
#4964 = DIRECTION ( 'NONE',  ( -0.0000000000000000000, -0.0000000000000000000, -1.000000000000000000 ) ) ;
#4965 = CARTESIAN_POINT ( 'NONE',  ( 7.347880794884120722E-16, 4.500000000000000000, 6.000000000000000888 ) ) ;
#4966 = AXIS2_PLACEMENT_3D ( 'NONE', #176, #1449, #5156 ) ;
#4967 = EDGE_CURVE ( 'NONE', #255, #1077, #1716, .T. ) ;
#4968 = DIRECTION ( 'NONE',  ( 1.000000000000000000, 0.0000000000000000000, 0.0000000000000000000 ) ) ;
#4969 = ORIENTED_EDGE ( 'NONE', *, *, #4129, .F. ) ;
#4970 = CARTESIAN_POINT ( 'NONE',  ( 0.0000000000000000000, 5.500000000000000000, 0.0000000000000000000 ) ) ;
#4971 = CARTESIAN_POINT ( 'NONE',  ( -0.5000000000000004441, -19.69999999999999929, 5.200000000000000178 ) ) ;
#4972 =( NAMED_UNIT ( * ) SI_UNIT ( $, .STERADIAN. ) SOLID_ANGLE_UNIT ( ) );
#4973 = EDGE_CURVE ( 'NONE', #58, #5439, #113, .T. ) ;
#4974 = FACE_OUTER_BOUND ( 'NONE', #3030, .T. ) ;
#4975 = ORIENTED_EDGE ( 'NONE', *, *, #979, .F. ) ;
#4976 = VECTOR ( 'NONE', #3747, 1000.000000000000000 ) ;
#4977 = FILL_AREA_STYLE_COLOUR ( '', #5393 ) ;
#4978 = FACE_OUTER_BOUND ( 'NONE', #2548, .T. ) ;
#4979 = CARTESIAN_POINT ( 'NONE',  ( -4.799999999999998934, -19.69999999999999929, -5.200000000000000178 ) ) ;
#4980 =( GEOMETRIC_REPRESENTATION_CONTEXT ( 3 ) GLOBAL_UNCERTAINTY_ASSIGNED_CONTEXT ( ( #3863 ) ) GLOBAL_UNIT_ASSIGNED_CONTEXT ( ( #2707, #3570, #2244 ) ) REPRESENTATION_CONTEXT ( 'NONE', 'WORKASPACE' ) );
#4981 = EDGE_CURVE ( 'NONE', #4824, #4278, #3856, .T. ) ;
#4982 = DIRECTION ( 'NONE',  ( 0.5000000000000021094, 0.8660254037844374864, 0.0000000000000000000 ) ) ;
#4983 = ORIENTED_EDGE ( 'NONE', *, *, #909, .F. ) ;
#4984 = PLANE ( 'NONE',  #3675 ) ;
#4985 = VERTEX_POINT ( 'NONE', #1687 ) ;
#4986 = PRESENTATION_LAYER_ASSIGNMENT (  '', '', ( #427 ) ) ;
#4987 = CARTESIAN_POINT ( 'NONE',  ( 6.062177826491071286, 9.799999999999998934, -3.500000000000000888 ) ) ;
#4988 = SURFACE_STYLE_FILL_AREA ( #488 ) ;
#4989 = FILL_AREA_STYLE_COLOUR ( '', #3494 ) ;
#4990 = DIRECTION ( 'NONE',  ( -0.0000000000000000000, -0.0000000000000000000, -1.000000000000000000 ) ) ;
#4991 = VECTOR ( 'NONE', #1669, 1000.000000000000000 ) ;
#4992 = LINE ( 'NONE', #4937, #986 ) ;
#4993 = LINE ( 'NONE', #5421, #868 ) ;
#4994 = CARTESIAN_POINT ( 'NONE',  ( 0.0000000000000000000, 4.500000000000000000, 0.0000000000000000000 ) ) ;
#4995 = DIRECTION ( 'NONE',  ( -0.0000000000000000000, -1.000000000000000000, -0.0000000000000000000 ) ) ;
#4996 = EDGE_CURVE ( 'NONE', #4903, #4200, #3533, .T. ) ;
#4997 =( LENGTH_UNIT ( ) NAMED_UNIT ( * ) SI_UNIT ( .MILLI., .METRE. ) );
#4998 = ORIENTED_EDGE ( 'NONE', *, *, #603, .F. ) ;
#4999 = PRESENTATION_STYLE_ASSIGNMENT (( #1785 ) ) ;
#5000 = EDGE_CURVE ( 'NONE', #135, #2146, #2081, .T. ) ;
#5001 = FACE_OUTER_BOUND ( 'NONE', #1142, .T. ) ;
#5002 = ORIENTED_EDGE ( 'NONE', *, *, #3532, .T. ) ;
#5003 = VERTEX_POINT ( 'NONE', #271 ) ;
#5004 = DIRECTION ( 'NONE',  ( -0.0000000000000000000, -1.000000000000000000, -0.0000000000000000000 ) ) ;
#5005 = EDGE_CURVE ( 'NONE', #4134, #2116, #3890, .T. ) ;
#5006 = CARTESIAN_POINT ( 'NONE',  ( -4.799999999999998934, -16.69999999999999929, 5.200000000000000178 ) ) ;
#5007 = DIRECTION ( 'NONE',  ( 0.0000000000000000000, 0.0000000000000000000, 1.000000000000000000 ) ) ;
#5008 = DIRECTION ( 'NONE',  ( -0.5000000000000002220, 0.0000000000000000000, 0.8660254037844385966 ) ) ;
#5009 =( GEOMETRIC_REPRESENTATION_CONTEXT ( 3 ) GLOBAL_UNCERTAINTY_ASSIGNED_CONTEXT ( ( #3531 ) ) GLOBAL_UNIT_ASSIGNED_CONTEXT ( ( #2387, #2045, #211 ) ) REPRESENTATION_CONTEXT ( 'NONE', 'WORKASPACE' ) );
#5010 = ORIENTED_EDGE ( 'NONE', *, *, #39, .F. ) ;
#5011 = CARTESIAN_POINT ( 'NONE',  ( -8.300000000000004263, -15.50000000000000000, -7.000000000000000888 ) ) ;
#5012 = AXIS2_PLACEMENT_3D ( 'NONE', #4035, #4524, #5859 ) ;
#5013 = CARTESIAN_POINT ( 'NONE',  ( -7.511572993685797128E-16, 4.500000000000000000, -7.000000000000000888 ) ) ;
#5014 = ORIENTED_EDGE ( 'NONE', *, *, #530, .F. ) ;
#5015 =( GEOMETRIC_REPRESENTATION_CONTEXT ( 3 ) GLOBAL_UNCERTAINTY_ASSIGNED_CONTEXT ( ( #1803 ) ) GLOBAL_UNIT_ASSIGNED_CONTEXT ( ( #2005, #3366, #4288 ) ) REPRESENTATION_CONTEXT ( 'NONE', 'WORKASPACE' ) );
#5016 = AXIS2_PLACEMENT_3D ( 'NONE', #4769, #5653, #3945 ) ;
#5017 = DIRECTION ( 'NONE',  ( 0.0000000000000000000, 0.0000000000000000000, 1.000000000000000000 ) ) ;
#5018 = EDGE_CURVE ( 'NONE', #874, #957, #2965, .T. ) ;
#5019 = DIRECTION ( 'NONE',  ( 0.0000000000000000000, 0.0000000000000000000, 1.000000000000000000 ) ) ;
#5020 =( LENGTH_UNIT ( ) NAMED_UNIT ( * ) SI_UNIT ( .MILLI., .METRE. ) );
#5021 = DIRECTION ( 'NONE',  ( -0.0000000000000000000, -0.0000000000000000000, -1.000000000000000000 ) ) ;
#5022 = SURFACE_STYLE_USAGE ( .BOTH. , #95 ) ;
#5023 = ORIENTED_EDGE ( 'NONE', *, *, #3706, .T. ) ;
#5024 = ORIENTED_EDGE ( 'NONE', *, *, #1412, .T. ) ;
#5025 = DIRECTION ( 'NONE',  ( 0.0000000000000000000, 0.0000000000000000000, -1.000000000000000000 ) ) ;
#5026 =( NAMED_UNIT ( * ) SI_UNIT ( $, .STERADIAN. ) SOLID_ANGLE_UNIT ( ) );
#5027 = CARTESIAN_POINT ( 'NONE',  ( 6.492820323027555851, -15.50000000000000000, -4.399999999999999467 ) ) ;
#5028 = DIRECTION ( 'NONE',  ( 0.0000000000000000000, 1.000000000000000000, 0.0000000000000000000 ) ) ;
#5029 = LINE ( 'NONE', #1934, #3613 ) ;
#5030 = AXIS2_PLACEMENT_3D ( 'NONE', #2354, #2013, #5184 ) ;
#5031 = ORIENTED_EDGE ( 'NONE', *, *, #301, .T. ) ;
#5032 = ORIENTED_EDGE ( 'NONE', *, *, #3195, .F. ) ;
#5033 = CARTESIAN_POINT ( 'NONE',  ( 8.082903768654761123, 4.209836809708341399, -7.554090729571645684E-16 ) ) ;
#5034 = EDGE_CURVE ( 'NONE', #3730, #2556, #5254, .T. ) ;
#5035 = DIRECTION ( 'NONE',  ( -0.0000000000000000000, -1.000000000000000000, -0.0000000000000000000 ) ) ;
#5036 = CONICAL_SURFACE ( 'NONE', #3895, 7.000000000000000888, 1.308996938995750092 ) ;
#5037 = CARTESIAN_POINT ( 'NONE',  ( 4.799999999999999822, -19.69999999999999929, 4.399999999999999467 ) ) ;
#5038 = CARTESIAN_POINT ( 'NONE',  ( 5.800000000000001599, -16.69999999999999929, 0.4000000000000001887 ) ) ;
#5039 = ORIENTED_EDGE ( 'NONE', *, *, #4148, .T. ) ;
#5040 = CARTESIAN_POINT ( 'NONE',  ( 5.939536975864662969E-16, 16.50000000000000000, -4.699999999999999289 ) ) ;
#5041 = VECTOR ( 'NONE', #2786, 1000.000000000000000 ) ;
#5042 = CARTESIAN_POINT ( 'NONE',  ( -1.734723475976807094E-15, -1.500000000000000000, 0.0000000000000000000 ) ) ;
#5043 = FACE_OUTER_BOUND ( 'NONE', #1436, .T. ) ;
#5044 = DIRECTION ( 'NONE',  ( 1.000000000000000000, -0.0000000000000000000, -0.0000000000000000000 ) ) ;
#5045 = EDGE_CURVE ( 'NONE', #948, #1666, #2544, .T. ) ;
#5046 =( GEOMETRIC_REPRESENTATION_CONTEXT ( 3 ) GLOBAL_UNCERTAINTY_ASSIGNED_CONTEXT ( ( #3347 ) ) GLOBAL_UNIT_ASSIGNED_CONTEXT ( ( #75, #5327, #1911 ) ) REPRESENTATION_CONTEXT ( 'NONE', 'WORKASPACE' ) );
#5047 = CARTESIAN_POINT ( 'NONE',  ( -1.192820323027555807, -15.50000000000000000, 5.200000000000000178 ) ) ;
#5048 = FILL_AREA_STYLE_COLOUR ( '', #5501 ) ;
#5049 = CARTESIAN_POINT ( 'NONE',  ( 0.0000000000000000000, 4.500000000000000000, -6.000000000000000888 ) ) ;
#5050 = LINE ( 'NONE', #3259, #128 ) ;
#5051 = PRESENTATION_LAYER_ASSIGNMENT (  '', '', ( #3624 ) ) ;
#5052 = EDGE_CURVE ( 'NONE', #5142, #147, #4930, .T. ) ;
#5053 = ORIENTED_EDGE ( 'NONE', *, *, #2886, .F. ) ;
#5054 = AXIS2_PLACEMENT_3D ( 'NONE', #4627, #141, #1079 ) ;
#5055 = DIRECTION ( 'NONE',  ( 0.0000000000000000000, 1.000000000000000000, 0.0000000000000000000 ) ) ;
#5056 = AXIS2_PLACEMENT_3D ( 'NONE', #943, #2755, #3147 ) ;
#5057 = SURFACE_STYLE_FILL_AREA ( #3655 ) ;
#5058 = FILL_AREA_STYLE ('',( #1343 ) ) ;
#5059 = CARTESIAN_POINT ( 'NONE',  ( 4.799999999999999822, -19.69999999999999929, -4.399999999999999467 ) ) ;
#5060 = DIRECTION ( 'NONE',  ( 2.891205793294679312E-16, -1.000000000000000000, -0.0000000000000000000 ) ) ;
#5061 = AXIS2_PLACEMENT_3D ( 'NONE', #3349, #5571, #5542 ) ;
#5062 = UNCERTAINTY_MEASURE_WITH_UNIT (LENGTH_MEASURE( 1.000000000000000082E-05 ), #1523, 'distance_accuracy_value', 'NONE');
#5063 = EDGE_LOOP ( 'NONE', ( #3238, #5635, #4051, #4234 ) ) ;
#5064 = ORIENTED_EDGE ( 'NONE', *, *, #60, .F. ) ;
#5065 = FACE_OUTER_BOUND ( 'NONE', #3568, .T. ) ;
#5066 = DIRECTION ( 'NONE',  ( 1.000000000000000000, 0.0000000000000000000, -0.0000000000000000000 ) ) ;
#5067 = PRESENTATION_STYLE_ASSIGNMENT (( #3778 ) ) ;
#5068 = EDGE_CURVE ( 'NONE', #767, #3202, #4475, .T. ) ;
#5069 = ORIENTED_EDGE ( 'NONE', *, *, #2819, .F. ) ;
#5070 = AXIS2_PLACEMENT_3D ( 'NONE', #2314, #1349, #3689 ) ;
#5071 = CARTESIAN_POINT ( 'NONE',  ( 8.300000000000000711, -16.69999999999999929, -7.000000000000000888 ) ) ;
#5072 = EDGE_LOOP ( 'NONE', ( #1422, #1264, #5152, #5451 ) ) ;
#5073 = MECHANICAL_DESIGN_GEOMETRIC_PRESENTATION_REPRESENTATION (  '', ( #2037 ), #3260 ) ;
#5074 = CARTESIAN_POINT ( 'NONE',  ( -9.800000000000002487, -16.69999999999999929, -8.500000000000000000 ) ) ;
#5075 = CARTESIAN_POINT ( 'NONE',  ( 1.349728080771686933, 9.799999999999998934, -7.000000000000000000 ) ) ;
#5076 =( NAMED_UNIT ( * ) SI_UNIT ( $, .STERADIAN. ) SOLID_ANGLE_UNIT ( ) );
#5077 = ORIENTED_EDGE ( 'NONE', *, *, #1574, .T. ) ;
#5078 = VECTOR ( 'NONE', #1365, 1000.000000000000000 ) ;
#5079 = CARTESIAN_POINT ( 'NONE',  ( 0.0000000000000000000, 2.199999999999999734, 0.0000000000000000000 ) ) ;
#5080 = CARTESIAN_POINT ( 'NONE',  ( -4.041451884327380562, 9.799999999999998934, 7.000000000000000888 ) ) ;
#5081 = FACE_OUTER_BOUND ( 'NONE', #2943, .T. ) ;
#5082 =( NAMED_UNIT ( * ) SI_UNIT ( $, .STERADIAN. ) SOLID_ANGLE_UNIT ( ) );
#5083 = VERTEX_POINT ( 'NONE', #4957 ) ;
#5084 = PRESENTATION_LAYER_ASSIGNMENT (  '', '', ( #433 ) ) ;
#5085 = SURFACE_SIDE_STYLE ('',( #190 ) ) ;
#5086 =( NAMED_UNIT ( * ) PLANE_ANGLE_UNIT ( ) SI_UNIT ( $, .RADIAN. ) );
#5087 = DIRECTION ( 'NONE',  ( -0.0000000000000000000, -0.0000000000000000000, -1.000000000000000000 ) ) ;
#5088 = FILL_AREA_STYLE_COLOUR ( '', #552 ) ;
#5089 = LINE ( 'NONE', #4133, #2947 ) ;
#5090 = ORIENTED_EDGE ( 'NONE', *, *, #1930, .F. ) ;
#5091 = EDGE_LOOP ( 'NONE', ( #848, #2320, #4321, #127 ) ) ;
#5092 = EDGE_CURVE ( 'NONE', #475, #5628, #4356, .T. ) ;
#5093 = DIRECTION ( 'NONE',  ( 0.0000000000000000000, 1.000000000000000000, 0.0000000000000000000 ) ) ;
#5094 = DIRECTION ( 'NONE',  ( 0.0000000000000000000, 0.0000000000000000000, 1.000000000000000000 ) ) ;
#5095 = VERTEX_POINT ( 'NONE', #4987 ) ;
#5096 = ORIENTED_EDGE ( 'NONE', *, *, #5271, .F. ) ;
#5097 = VERTEX_POINT ( 'NONE', #410 ) ;
#5098 = EDGE_CURVE ( 'NONE', #224, #1880, #4566, .T. ) ;
#5099 = SURFACE_STYLE_FILL_AREA ( #550 ) ;
#5100 = FACE_OUTER_BOUND ( 'NONE', #5431, .T. ) ;
#5101 = DIRECTION ( 'NONE',  ( -0.8660254037844374864, 0.5000000000000021094, 0.0000000000000000000 ) ) ;
#5102 = CIRCLE ( 'NONE', #837, 8.000000000000000000 ) ;
#5103 = ORIENTED_EDGE ( 'NONE', *, *, #5756, .T. ) ;
#5104 = CARTESIAN_POINT ( 'NONE',  ( 4.799999999999998934, -16.69999999999999929, -4.399999999999999467 ) ) ;
#5105 =( NAMED_UNIT ( * ) PLANE_ANGLE_UNIT ( ) SI_UNIT ( $, .RADIAN. ) );
#5106 = VECTOR ( 'NONE', #522, 1000.000000000000000 ) ;
#5107 = DIRECTION ( 'NONE',  ( 0.5000000000000021094, -0.8660254037844374864, -0.0000000000000000000 ) ) ;
#5108 =( GEOMETRIC_REPRESENTATION_CONTEXT ( 3 ) GLOBAL_UNCERTAINTY_ASSIGNED_CONTEXT ( ( #5834 ) ) GLOBAL_UNIT_ASSIGNED_CONTEXT ( ( #834, #2052, #5662 ) ) REPRESENTATION_CONTEXT ( 'NONE', 'WORKASPACE' ) );
#5109 = CARTESIAN_POINT ( 'NONE',  ( -4.715027198381946505, 4.390320771151004386, -5.833333333333333925 ) ) ;
#5110 = SURFACE_STYLE_USAGE ( .BOTH. , #1627 ) ;
#5111 = FACE_OUTER_BOUND ( 'NONE', #4020, .T. ) ;
#5112 = PRESENTATION_LAYER_ASSIGNMENT (  '', '', ( #4252 ) ) ;
#5113 = EDGE_CURVE ( 'NONE', #3723, #2403, #4108, .T. ) ;
#5114 = ORIENTED_EDGE ( 'NONE', *, *, #4628, .F. ) ;
#5115 = LINE ( 'NONE', #3795, #3454 ) ;
#5116 = STYLED_ITEM ( 'NONE', ( #4553 ), #2679 ) ;
#5117 = CARTESIAN_POINT ( 'NONE',  ( -7.409328454600197844, 4.390320771151004386, 1.166666666666663410 ) ) ;
#5118 = ORIENTED_EDGE ( 'NONE', *, *, #170, .T. ) ;
#5119 = EDGE_CURVE ( 'NONE', #981, #1904, #2267, .T. ) ;
#5120 = VECTOR ( 'NONE', #528, 1000.000000000000000 ) ;
#5121 = ORIENTED_EDGE ( 'NONE', *, *, #2137, .F. ) ;
#5122 = LINE ( 'NONE', #1939, #3152 ) ;
#5123 =( NAMED_UNIT ( * ) SI_UNIT ( $, .STERADIAN. ) SOLID_ANGLE_UNIT ( ) );
#5124 = ORIENTED_EDGE ( 'NONE', *, *, #3402, .F. ) ;
#5125 = EDGE_LOOP ( 'NONE', ( #2740, #2228, #5468, #5883 ) ) ;
#5126 = ORIENTED_EDGE ( 'NONE', *, *, #3575, .T. ) ;
#5127 =( NAMED_UNIT ( * ) PLANE_ANGLE_UNIT ( ) SI_UNIT ( $, .RADIAN. ) );
#5128 = CARTESIAN_POINT ( 'NONE',  ( -0.3852336982239514263, 4.832755661888460175, 7.492577913983075710 ) ) ;
#5129 = LINE ( 'NONE', #1895, #362 ) ;
#5130 = VECTOR ( 'NONE', #737, 1000.000000000000000 ) ;
#5131 = CARTESIAN_POINT ( 'NONE',  ( 7.531577814756222064E-16, 7.500000000000000000, 6.150000000000000355 ) ) ;
#5132 = ORIENTED_EDGE ( 'NONE', *, *, #3355, .T. ) ;
#5133 = PLANE ( 'NONE',  #5543 ) ;
#5134 = COLOUR_RGB ( '',1.000000000000000000, 1.000000000000000000, 1.000000000000000000 ) ;
#5135 = DIRECTION ( 'NONE',  ( -0.0000000000000000000, -0.0000000000000000000, -1.000000000000000000 ) ) ;
#5136 = FILL_AREA_STYLE ('',( #3765 ) ) ;
#5137 = ORIENTED_EDGE ( 'NONE', *, *, #1519, .F. ) ;
#5138 = CARTESIAN_POINT ( 'NONE',  ( 2.253471898105739434E-15, 2.199999999999999734, 7.000000000000000888 ) ) ;
#5139 = FACE_OUTER_BOUND ( 'NONE', #2213, .T. ) ;
#5140 =( GEOMETRIC_REPRESENTATION_CONTEXT ( 3 ) GLOBAL_UNCERTAINTY_ASSIGNED_CONTEXT ( ( #5304 ) ) GLOBAL_UNIT_ASSIGNED_CONTEXT ( ( #2793, #5453, #4972 ) ) REPRESENTATION_CONTEXT ( 'NONE', 'WORKASPACE' ) );
#5141 = CARTESIAN_POINT ( 'NONE',  ( -5.388602512436510672, 7.500000000000000000, -4.666666666666666075 ) ) ;
#5142 = VERTEX_POINT ( 'NONE', #4091 ) ;
#5143 = COLOUR_RGB ( '',1.000000000000000000, 1.000000000000000000, 1.000000000000000000 ) ;
#5144 = ORIENTED_EDGE ( 'NONE', *, *, #3947, .T. ) ;
#5145 = CARTESIAN_POINT ( 'NONE',  ( 0.0000000000000000000, 2.199999999999999734, 0.0000000000000000000 ) ) ;
#5146 = EDGE_CURVE ( 'NONE', #2122, #3337, #30, .T. ) ;
#5147 = VECTOR ( 'NONE', #2938, 1000.000000000000000 ) ;
#5148 = COLOUR_RGB ( '',1.000000000000000000, 1.000000000000000000, 1.000000000000000000 ) ;
#5149 = DIRECTION ( 'NONE',  ( -0.5000000000000021094, 0.8660254037844374864, 0.0000000000000000000 ) ) ;
#5150 = PRESENTATION_STYLE_ASSIGNMENT (( #643 ) ) ;
#5151 = ORIENTED_EDGE ( 'NONE', *, *, #2892, .F. ) ;
#5152 = ORIENTED_EDGE ( 'NONE', *, *, #4874, .T. ) ;
#5153 = SURFACE_SIDE_STYLE ('',( #1536 ) ) ;
#5154 = PRESENTATION_STYLE_ASSIGNMENT (( #2010 ) ) ;
#5155 = EDGE_CURVE ( 'NONE', #2146, #5545, #4494, .T. ) ;
#5156 = DIRECTION ( 'NONE',  ( 0.0000000000000000000, 0.0000000000000000000, 1.000000000000000000 ) ) ;
#5157 = SURFACE_STYLE_USAGE ( .BOTH. , #3816 ) ;
#5158 =( LENGTH_UNIT ( ) NAMED_UNIT ( * ) SI_UNIT ( .MILLI., .METRE. ) );
#5159 = PRESENTATION_LAYER_ASSIGNMENT (  '', '', ( #5726 ) ) ;
#5160 = ORIENTED_EDGE ( 'NONE', *, *, #1341, .T. ) ;
#5161 = LINE ( 'NONE', #182, #2907 ) ;
#5162 =( GEOMETRIC_REPRESENTATION_CONTEXT ( 3 ) GLOBAL_UNCERTAINTY_ASSIGNED_CONTEXT ( ( #5171 ) ) GLOBAL_UNIT_ASSIGNED_CONTEXT ( ( #4660, #3836, #1910 ) ) REPRESENTATION_CONTEXT ( 'NONE', 'WORKASPACE' ) );
#5163 = DIRECTION ( 'NONE',  ( 0.5000000000000021094, 0.8660254037844374864, 0.0000000000000000000 ) ) ;
#5164 = LINE ( 'NONE', #3733, #2184 ) ;
#5165 = DIRECTION ( 'NONE',  ( 0.5000000000000021094, 0.8660254037844374864, 0.0000000000000000000 ) ) ;
#5166 = DIRECTION ( 'NONE',  ( 0.0000000000000000000, 0.0000000000000000000, 1.000000000000000000 ) ) ;
#5167 = CIRCLE ( 'NONE', #3081, 6.000000000000000888 ) ;
#5168 = ORIENTED_EDGE ( 'NONE', *, *, #11, .F. ) ;
#5169 = SURFACE_SIDE_STYLE ('',( #3740 ) ) ;
#5170 = CARTESIAN_POINT ( 'NONE',  ( -6.062177826491073063, 7.500000000000000000, -3.499999999999999556 ) ) ;
#5171 = UNCERTAINTY_MEASURE_WITH_UNIT (LENGTH_MEASURE( 1.000000000000000082E-05 ), #4660, 'distance_accuracy_value', 'NONE');
#5172 = ORIENTED_EDGE ( 'NONE', *, *, #1749, .T. ) ;
#5173 = ORIENTED_EDGE ( 'NONE', *, *, #1240, .T. ) ;
#5174 = PLANE ( 'NONE',  #2983 ) ;
#5175 = SURFACE_STYLE_FILL_AREA ( #4755 ) ;
#5176 = CARTESIAN_POINT ( 'NONE',  ( 5.800000000000001599, -19.69999999999999929, -5.200000000000000178 ) ) ;
#5177 = DIRECTION ( 'NONE',  ( 0.0000000000000000000, 0.0000000000000000000, 1.000000000000000000 ) ) ;
#5178 = CARTESIAN_POINT ( 'NONE',  ( 0.0000000000000000000, 21.50000000000000000, 0.0000000000000000000 ) ) ;
#5179 = EDGE_LOOP ( 'NONE', ( #1812, #581, #3158, #1916 ) ) ;
#5180 = ORIENTED_EDGE ( 'NONE', *, *, #5426, .F. ) ;
#5181 = LINE ( 'NONE', #4732, #4673 ) ;
#5182 = LINE ( 'NONE', #3430, #4098 ) ;
#5183 = MECHANICAL_DESIGN_GEOMETRIC_PRESENTATION_REPRESENTATION (  '', ( #1490 ), #830 ) ;
#5184 = DIRECTION ( 'NONE',  ( 0.0000000000000000000, 0.0000000000000000000, 1.000000000000000000 ) ) ;
#5185 = DIRECTION ( 'NONE',  ( 0.0000000000000000000, 0.0000000000000000000, 1.000000000000000000 ) ) ;
#5186 = CARTESIAN_POINT ( 'NONE',  ( -0.5000000000000013323, -16.69999999999999929, 5.200000000000000178 ) ) ;
#5187 = ORIENTED_EDGE ( 'NONE', *, *, #2062, .F. ) ;
#5188 = DIRECTION ( 'NONE',  ( 0.0000000000000000000, -1.000000000000000000, 0.0000000000000000000 ) ) ;
#5189 = SURFACE_SIDE_STYLE ('',( #686 ) ) ;
#5190 = UNCERTAINTY_MEASURE_WITH_UNIT (LENGTH_MEASURE( 1.000000000000000082E-05 ), #4717, 'distance_accuracy_value', 'NONE');
#5191 = DIRECTION ( 'NONE',  ( 1.000000000000000000, -0.0000000000000000000, -0.0000000000000000000 ) ) ;
#5192 = SURFACE_STYLE_USAGE ( .BOTH. , #4242 ) ;
#5193 = ADVANCED_FACE ( 'NONE', ( #1330 ), #3114, .F. ) ;
#5194 = EDGE_CURVE ( 'NONE', #2006, #4633, #5440, .T. ) ;
#5195 = VERTEX_POINT ( 'NONE', #3668 ) ;
#5196 = STYLED_ITEM ( 'NONE', ( #3466 ), #1333 ) ;
#5197 = CARTESIAN_POINT ( 'NONE',  ( 5.800000000000001599, -16.69999999999999929, 4.399999999999999467 ) ) ;
#5198 = FILL_AREA_STYLE ('',( #568 ) ) ;
#5199 = SURFACE_STYLE_USAGE ( .BOTH. , #4219 ) ;
#5200 = DIRECTION ( 'NONE',  ( 0.0000000000000000000, 0.0000000000000000000, -1.000000000000000000 ) ) ;
#5201 = MECHANICAL_DESIGN_GEOMETRIC_PRESENTATION_REPRESENTATION (  '', ( #3870 ), #4342 ) ;
#5202 = ORIENTED_EDGE ( 'NONE', *, *, #2672, .F. ) ;
#5203 = ORIENTED_EDGE ( 'NONE', *, *, #4677, .T. ) ;
#5204 = FILL_AREA_STYLE ('',( #1105 ) ) ;
#5205 = PRESENTATION_LAYER_ASSIGNMENT (  '', '', ( #1226 ) ) ;
#5206 = MECHANICAL_DESIGN_GEOMETRIC_PRESENTATION_REPRESENTATION (  '', ( #3683 ), #5478 ) ;
#5207 = DIRECTION ( 'NONE',  ( 0.0000000000000000000, -0.0000000000000000000, -1.000000000000000000 ) ) ;
#5208 = UNCERTAINTY_MEASURE_WITH_UNIT (LENGTH_MEASURE( 1.000000000000000082E-05 ), #1173, 'distance_accuracy_value', 'NONE');
#5209 =( NAMED_UNIT ( * ) SI_UNIT ( $, .STERADIAN. ) SOLID_ANGLE_UNIT ( ) );
#5210 = VECTOR ( 'NONE', #2641, 1000.000000000000000 ) ;
#5211 = VERTEX_POINT ( 'NONE', #2702 ) ;
#5212 = ORIENTED_EDGE ( 'NONE', *, *, #3018, .T. ) ;
#5213 =( LENGTH_UNIT ( ) NAMED_UNIT ( * ) SI_UNIT ( .MILLI., .METRE. ) );
#5214 = AXIS2_PLACEMENT_3D ( 'NONE', #4522, #3617, #462 ) ;
#5215 = DIRECTION ( 'NONE',  ( -0.0000000000000000000, -1.000000000000000000, -0.0000000000000000000 ) ) ;
#5216 = EDGE_CURVE ( 'NONE', #2098, #5375, #437, .T. ) ;
#5217 = CARTESIAN_POINT ( 'NONE',  ( 4.898587196589413815E-16, 0.0000000000000000000, 4.000000000000000888 ) ) ;
#5218 = VERTEX_POINT ( 'NONE', #5885 ) ;
#5219 = AXIS2_PLACEMENT_3D ( 'NONE', #3611, #3106, #1384 ) ;
#5220 = LINE ( 'NONE', #2512, #5645 ) ;
#5221 = CARTESIAN_POINT ( 'NONE',  ( 0.0000000000000000000, 11.50000000000000000, 0.0000000000000000000 ) ) ;
#5222 = FACE_OUTER_BOUND ( 'NONE', #212, .T. ) ;
#5223 = CARTESIAN_POINT ( 'NONE',  ( 4.041451884327378785, 4.500000000000000000, 6.999999999999998224 ) ) ;
#5224 = PRESENTATION_LAYER_ASSIGNMENT (  '', '', ( #3045 ) ) ;
#5225 =( NAMED_UNIT ( * ) SI_UNIT ( $, .STERADIAN. ) SOLID_ANGLE_UNIT ( ) );
#5226 =( NAMED_UNIT ( * ) PLANE_ANGLE_UNIT ( ) SI_UNIT ( $, .RADIAN. ) );
#5227 = STYLED_ITEM ( 'NONE', ( #3649 ), #4056 ) ;
#5228 = EDGE_LOOP ( 'NONE', ( #5782, #4345 ) ) ;
#5229 = DIRECTION ( 'NONE',  ( 0.0000000000000000000, -1.000000000000000000, 0.0000000000000000000 ) ) ;
#5230 =( NAMED_UNIT ( * ) SI_UNIT ( $, .STERADIAN. ) SOLID_ANGLE_UNIT ( ) );
#5231 = STYLED_ITEM ( 'NONE', ( #3208 ), #4317 ) ;
#5232 = SURFACE_SIDE_STYLE ('',( #3414 ) ) ;
#5233 = UNCERTAINTY_MEASURE_WITH_UNIT (LENGTH_MEASURE( 1.000000000000000082E-05 ), #941, 'distance_accuracy_value', 'NONE');
#5234 = ORIENTED_EDGE ( 'NONE', *, *, #1075, .T. ) ;
#5235 = EDGE_LOOP ( 'NONE', ( #4667, #109, #4998, #1520 ) ) ;
#5236 = AXIS2_PLACEMENT_3D ( 'NONE', #2352, #2384, #3218 ) ;
#5237 = PLANE ( 'NONE',  #4396 ) ;
#5238 =( LENGTH_UNIT ( ) NAMED_UNIT ( * ) SI_UNIT ( .MILLI., .METRE. ) );
#5239 = FACE_OUTER_BOUND ( 'NONE', #2499, .T. ) ;
#5240 = EDGE_CURVE ( 'NONE', #4549, #4143, #4901, .T. ) ;
#5241 = CARTESIAN_POINT ( 'NONE',  ( -5.388602512436508007, 7.500000000000000000, 4.666666666666664298 ) ) ;
#5242 = STYLED_ITEM ( 'NONE', ( #2188 ), #5565 ) ;
#5243 = VECTOR ( 'NONE', #4688, 1000.000000000000000 ) ;
#5244 = ORIENTED_EDGE ( 'NONE', *, *, #2086, .F. ) ;
#5245 = ORIENTED_EDGE ( 'NONE', *, *, #326, .F. ) ;
#5246 = B_SPLINE_CURVE_WITH_KNOTS ( 'NONE', 3,
 ( #598, #2456, #3766, #1518 ),
 .UNSPECIFIED., .F., .F.,
 ( 4, 4 ),
 ( 0.004041682824435051044, 0.008083134708762431189 ),
 .UNSPECIFIED. ) ;
#5247 = AXIS2_PLACEMENT_3D ( 'NONE', #4648, #626, #999 ) ;
#5248 = LINE ( 'NONE', #3288, #5120 ) ;
#5249 = EDGE_CURVE ( 'NONE', #3393, #5612, #2761, .T. ) ;
#5250 = SURFACE_STYLE_FILL_AREA ( #3969 ) ;
#5251 = FACE_OUTER_BOUND ( 'NONE', #1223, .T. ) ;
#5252 = CARTESIAN_POINT ( 'NONE',  ( 0.5000000000000013323, -16.69999999999999929, -5.200000000000000178 ) ) ;
#5253 = DIRECTION ( 'NONE',  ( 0.0000000000000000000, -1.000000000000000000, 0.0000000000000000000 ) ) ;
#5254 = LINE ( 'NONE', #1181, #2390 ) ;
#5255 = CARTESIAN_POINT ( 'NONE',  ( 2.602085213965210642E-15, 4.500000000000000000, 6.999999999999999112 ) ) ;
#5256 =( LENGTH_UNIT ( ) NAMED_UNIT ( * ) SI_UNIT ( .MILLI., .METRE. ) );
#5257 = FACE_OUTER_BOUND ( 'NONE', #5679, .T. ) ;
#5258 = ORIENTED_EDGE ( 'NONE', *, *, #3845, .F. ) ;
#5259 = VECTOR ( 'NONE', #3902, 1000.000000000000000 ) ;
#5260 = ORIENTED_EDGE ( 'NONE', *, *, #11, .T. ) ;
#5261 = CARTESIAN_POINT ( 'NONE',  ( -4.799999999999998934, -19.69999999999999929, -0.4000000000000001887 ) ) ;
#5262 = MECHANICAL_DESIGN_GEOMETRIC_PRESENTATION_REPRESENTATION (  '', ( #2891 ), #2506 ) ;
#5263 = ORIENTED_EDGE ( 'NONE', *, *, #4783, .F. ) ;
#5264 = CARTESIAN_POINT ( 'NONE',  ( -4.107179676972443794, -15.50000000000000000, 4.399999999999999467 ) ) ;
#5265 = VERTEX_POINT ( 'NONE', #2177 ) ;
#5266 = FACE_BOUND ( 'NONE', #4320, .T. ) ;
#5267 = PRESENTATION_STYLE_ASSIGNMENT (( #4857 ) ) ;
#5268 = MECHANICAL_DESIGN_GEOMETRIC_PRESENTATION_REPRESENTATION (  '', ( #2714 ), #1284 ) ;
#5269 = ORIENTED_EDGE ( 'NONE', *, *, #1774, .T. ) ;
#5270 = EDGE_LOOP ( 'NONE', ( #4983, #112, #955, #3101, #2435, #1535 ) ) ;
#5271 = EDGE_CURVE ( 'NONE', #962, #1285, #1361, .T. ) ;
#5272 = SURFACE_SIDE_STYLE ('',( #3076 ) ) ;
#5273 = SURFACE_STYLE_USAGE ( .BOTH. , #1656 ) ;
#5274 = LINE ( 'NONE', #4894, #3699 ) ;
#5275 = DIRECTION ( 'NONE',  ( 0.0000000000000000000, 1.000000000000000000, -0.0000000000000000000 ) ) ;
#5276 = DIRECTION ( 'NONE',  ( 0.0000000000000000000, -1.000000000000000000, 0.0000000000000000000 ) ) ;
#5277 = EDGE_CURVE ( 'NONE', #3088, #3411, #5530, .T. ) ;
#5278 = CARTESIAN_POINT ( 'NONE',  ( 0.0000000000000000000, 0.0000000000000000000, 0.0000000000000000000 ) ) ;
#5279 = CARTESIAN_POINT ( 'NONE',  ( 8.300000000000000711, -15.50000000000000000, 7.000000000000000888 ) ) ;
#5280 = DIRECTION ( 'NONE',  ( -0.0000000000000000000, -0.0000000000000000000, -1.000000000000000000 ) ) ;
#5281 =( NAMED_UNIT ( * ) PLANE_ANGLE_UNIT ( ) SI_UNIT ( $, .RADIAN. ) );
#5282 = LINE ( 'NONE', #4965, #2930 ) ;
#5283 = ADVANCED_FACE ( 'NONE', ( #618 ), #3309, .F. ) ;
#5284 = UNCERTAINTY_MEASURE_WITH_UNIT (LENGTH_MEASURE( 1.000000000000000082E-05 ), #4523, 'distance_accuracy_value', 'NONE');
#5285 = VECTOR ( 'NONE', #4414, 1000.000000000000000 ) ;
#5286 =( GEOMETRIC_REPRESENTATION_CONTEXT ( 3 ) GLOBAL_UNCERTAINTY_ASSIGNED_CONTEXT ( ( #1908 ) ) GLOBAL_UNIT_ASSIGNED_CONTEXT ( ( #2176, #2570, #4834 ) ) REPRESENTATION_CONTEXT ( 'NONE', 'WORKASPACE' ) );
#5287 = VERTEX_POINT ( 'NONE', #4604 ) ;
#5288 = FACE_OUTER_BOUND ( 'NONE', #2092, .T. ) ;
#5289 = ORIENTED_EDGE ( 'NONE', *, *, #1809, .T. ) ;
#5290 = PLANE ( 'NONE',  #3177 ) ;
#5291 = STYLED_ITEM ( 'NONE', ( #346 ), #2406 ) ;
#5292 = ADVANCED_FACE ( 'NONE', ( #4703 ), #1475, .T. ) ;
#5293 = FACE_OUTER_BOUND ( 'NONE', #1295, .T. ) ;
#5294 = ORIENTED_EDGE ( 'NONE', *, *, #648, .F. ) ;
#5295 = COLOUR_RGB ( '',0.6392156862745097534, 0.6666666666666666297, 0.6784313725490196401 ) ;
#5296 = ORIENTED_EDGE ( 'NONE', *, *, #5837, .F. ) ;
#5297 = AXIS2_PLACEMENT_3D ( 'NONE', #2103, #772, #2567 ) ;
#5298 = CARTESIAN_POINT ( 'NONE',  ( -3.369740690737728528, 7.700170954357012931, -6.999999999999999112 ) ) ;
#5299 = PLANE ( 'NONE',  #4187 ) ;
#5300 = CARTESIAN_POINT ( 'NONE',  ( 0.0000000000000000000, 9.799999999999998934, 0.0000000000000000000 ) ) ;
#5301 = SURFACE_STYLE_USAGE ( .BOTH. , #1657 ) ;
#5302 = EDGE_CURVE ( 'NONE', #654, #1389, #5604, .T. ) ;
#5303 = FACE_OUTER_BOUND ( 'NONE', #5874, .T. ) ;
#5304 = UNCERTAINTY_MEASURE_WITH_UNIT (LENGTH_MEASURE( 1.000000000000000082E-05 ), #2793, 'distance_accuracy_value', 'NONE');
#5305 = CARTESIAN_POINT ( 'NONE',  ( 6.735753140545633677, 4.500000000000000000, -2.333333333333333925 ) ) ;
#5306 = CARTESIAN_POINT ( 'NONE',  ( 4.799999999999998934, -15.50000000000000000, 0.4000000000000001887 ) ) ;
#5307 =( GEOMETRIC_REPRESENTATION_CONTEXT ( 3 ) GLOBAL_UNCERTAINTY_ASSIGNED_CONTEXT ( ( #378 ) ) GLOBAL_UNIT_ASSIGNED_CONTEXT ( ( #3593, #5386, #411 ) ) REPRESENTATION_CONTEXT ( 'NONE', 'WORKASPACE' ) );
#5308 = DIRECTION ( 'NONE',  ( -0.0000000000000000000, -1.000000000000000000, -0.0000000000000000000 ) ) ;
#5309 = ORIENTED_EDGE ( 'NONE', *, *, #389, .T. ) ;
#5310 = VECTOR ( 'NONE', #3490, 1000.000000000000000 ) ;
#5311 = PRESENTATION_STYLE_ASSIGNMENT (( #3507 ) ) ;
#5312 = CARTESIAN_POINT ( 'NONE',  ( 0.0000000000000000000, 7.500000000000000000, 0.0000000000000000000 ) ) ;
#5313 = DIRECTION ( 'NONE',  ( 1.000000000000000000, 0.0000000000000000000, -0.0000000000000000000 ) ) ;
#5314 = EDGE_LOOP ( 'NONE', ( #3842, #1053, #2348, #5319 ) ) ;
#5315 = ORIENTED_EDGE ( 'NONE', *, *, #435, .T. ) ;
#5316 = LINE ( 'NONE', #3069, #1731 ) ;
#5317 = AXIS2_PLACEMENT_3D ( 'NONE', #3171, #4009, #1394 ) ;
#5318 = CARTESIAN_POINT ( 'NONE',  ( 1.192820323027555807, -15.50000000000000000, -4.399999999999999467 ) ) ;
#5319 = ORIENTED_EDGE ( 'NONE', *, *, #5470, .T. ) ;
#5320 = AXIS2_PLACEMENT_3D ( 'NONE', #4032, #5357, #2296 ) ;
#5321 = ORIENTED_EDGE ( 'NONE', *, *, #5644, .T. ) ;
#5322 = EDGE_CURVE ( 'NONE', #1378, #962, #4176, .T. ) ;
#5323 = CARTESIAN_POINT ( 'NONE',  ( 1.192820323027555807, -15.50000000000000000, 5.200000000000000178 ) ) ;
#5324 = SURFACE_STYLE_USAGE ( .BOTH. , #1711 ) ;
#5325 = PRESENTATION_STYLE_ASSIGNMENT (( #1933 ) ) ;
#5326 = AXIS2_PLACEMENT_3D ( 'NONE', #3242, #511, #169 ) ;
#5327 =( NAMED_UNIT ( * ) PLANE_ANGLE_UNIT ( ) SI_UNIT ( $, .RADIAN. ) );
#5328 = CARTESIAN_POINT ( 'NONE',  ( -0.5000000000000004441, -19.69999999999999929, 5.200000000000000178 ) ) ;
#5329 = SURFACE_STYLE_FILL_AREA ( #2576 ) ;
#5330 = SURFACE_SIDE_STYLE ('',( #3535 ) ) ;
#5331 = B_SPLINE_CURVE_WITH_KNOTS ( 'NONE', 3,
 ( #4085, #4539, #429, #4893 ),
 .UNSPECIFIED., .F., .F.,
 ( 4, 4 ),
 ( 2.309401076761054238E-07, 0.004041682824435051044 ),
 .UNSPECIFIED. ) ;
#5332 = FILL_AREA_STYLE ('',( #3536 ) ) ;
#5333 = ORIENTED_EDGE ( 'NONE', *, *, #1744, .F. ) ;
#5334 = FILL_AREA_STYLE ('',( #5890 ) ) ;
#5335 = ADVANCED_FACE ( 'NONE', ( #4204 ), #1538, .F. ) ;
#5336 = CARTESIAN_POINT ( 'NONE',  ( -5.800000000000000711, -19.69999999999999929, -5.200000000000000178 ) ) ;
#5337 = PRESENTATION_STYLE_ASSIGNMENT (( #1855 ) ) ;
#5338 =( GEOMETRIC_REPRESENTATION_CONTEXT ( 3 ) GLOBAL_UNCERTAINTY_ASSIGNED_CONTEXT ( ( #3327 ) ) GLOBAL_UNIT_ASSIGNED_CONTEXT ( ( #2230, #4111, #17 ) ) REPRESENTATION_CONTEXT ( 'NONE', 'WORKASPACE' ) );
#5339 = VERTEX_POINT ( 'NONE', #5621 ) ;
#5340 = EDGE_LOOP ( 'NONE', ( #4423, #3427, #4365 ) ) ;
#5341 = ADVANCED_FACE ( 'NONE', ( #967 ), #519, .F. ) ;
#5342 =( LENGTH_UNIT ( ) NAMED_UNIT ( * ) SI_UNIT ( .MILLI., .METRE. ) );
#5343 = FILL_AREA_STYLE_COLOUR ( '', #1159 ) ;
#5344 =( LENGTH_UNIT ( ) NAMED_UNIT ( * ) SI_UNIT ( .MILLI., .METRE. ) );
#5345 = ORIENTED_EDGE ( 'NONE', *, *, #3706, .F. ) ;
#5346 = ORIENTED_EDGE ( 'NONE', *, *, #5018, .F. ) ;
#5347 = EDGE_CURVE ( 'NONE', #2464, #1018, #5683, .T. ) ;
#5348 = MECHANICAL_DESIGN_GEOMETRIC_PRESENTATION_REPRESENTATION (  '', ( #1470 ), #5847 ) ;
#5349 = FACE_OUTER_BOUND ( 'NONE', #5872, .T. ) ;
#5350 = FILL_AREA_STYLE_COLOUR ( '', #3058 ) ;
#5351 = LINE ( 'NONE', #4979, #4538 ) ;
#5352 = DIRECTION ( 'NONE',  ( 0.5000000000000021094, 0.8660254037844374864, 0.0000000000000000000 ) ) ;
#5353 = CARTESIAN_POINT ( 'NONE',  ( -5.800000000000001599, -16.69999999999999929, -4.399999999999999467 ) ) ;
#5354 = FACE_BOUND ( 'NONE', #5228, .T. ) ;
#5355 = STYLED_ITEM ( 'NONE', ( #3068 ), #691 ) ;
#5356 = ORIENTED_EDGE ( 'NONE', *, *, #413, .F. ) ;
#5357 = DIRECTION ( 'NONE',  ( 0.0000000000000000000, 1.000000000000000000, 0.0000000000000000000 ) ) ;
#5358 = SURFACE_STYLE_USAGE ( .BOTH. , #2668 ) ;
#5359 = FILL_AREA_STYLE ('',( #3671 ) ) ;
#5360 = CARTESIAN_POINT ( 'NONE',  ( -6.062177826491073063, 2.199999999999999734, 3.499999999999998224 ) ) ;
#5361 = ORIENTED_EDGE ( 'NONE', *, *, #2104, .F. ) ;
#5362 = EDGE_CURVE ( 'NONE', #5545, #981, #4829, .T. ) ;
#5363 =( NAMED_UNIT ( * ) SI_UNIT ( $, .STERADIAN. ) SOLID_ANGLE_UNIT ( ) );
#5364 = FILL_AREA_STYLE ('',( #5831 ) ) ;
#5365 = DIRECTION ( 'NONE',  ( -0.5000000000000021094, 0.8660254037844374864, 0.0000000000000000000 ) ) ;
#5366 = MECHANICAL_DESIGN_GEOMETRIC_PRESENTATION_REPRESENTATION (  '', ( #1866 ), #2622 ) ;
#5367 = EDGE_CURVE ( 'NONE', #4589, #671, #5182, .T. ) ;
#5368 = ADVANCED_FACE ( 'NONE', ( #4350 ), #5299, .F. ) ;
#5369 = ORIENTED_EDGE ( 'NONE', *, *, #2313, .F. ) ;
#5370 = DIRECTION ( 'NONE',  ( 0.0000000000000000000, -1.000000000000000000, 0.0000000000000000000 ) ) ;
#5371 = DIRECTION ( 'NONE',  ( 0.0000000000000000000, 0.0000000000000000000, -1.000000000000000000 ) ) ;
#5372 = VECTOR ( 'NONE', #2058, 1000.000000000000000 ) ;
#5373 = FILL_AREA_STYLE ('',( #3100 ) ) ;
#5374 = EDGE_CURVE ( 'NONE', #3201, #547, #2476, .T. ) ;
#5375 = VERTEX_POINT ( 'NONE', #2658 ) ;
#5376 = PRESENTATION_LAYER_ASSIGNMENT (  '', '', ( #3870 ) ) ;
#5377 = DIRECTION ( 'NONE',  ( -1.000000000000000000, 0.0000000000000000000, 0.0000000000000000000 ) ) ;
#5378 = DIRECTION ( 'NONE',  ( -1.000000000000000000, 0.0000000000000000000, 0.0000000000000000000 ) ) ;
#5379 = COLOUR_RGB ( '',1.000000000000000000, 1.000000000000000000, 1.000000000000000000 ) ;
#5380 = FACE_OUTER_BOUND ( 'NONE', #5340, .T. ) ;
#5381 = CIRCLE ( 'NONE', #3302, 7.000000000000000888 ) ;
#5382 = ORIENTED_EDGE ( 'NONE', *, *, #2034, .T. ) ;
#5383 = EDGE_LOOP ( 'NONE', ( #4731, #5704, #900, #5203 ) ) ;
#5384 = PRESENTATION_LAYER_ASSIGNMENT (  '', '', ( #3304 ) ) ;
#5385 = DIRECTION ( 'NONE',  ( 1.000000000000000000, -0.0000000000000000000, -0.0000000000000000000 ) ) ;
#5386 =( NAMED_UNIT ( * ) PLANE_ANGLE_UNIT ( ) SI_UNIT ( $, .RADIAN. ) );
#5387 = SURFACE_STYLE_USAGE ( .BOTH. , #2670 ) ;
#5388 = ORIENTED_EDGE ( 'NONE', *, *, #5367, .T. ) ;
#5389 = AXIS2_PLACEMENT_3D ( 'NONE', #2376, #5495, #5523 ) ;
#5390 = FILL_AREA_STYLE ('',( #3596 ) ) ;
#5391 = EDGE_CURVE ( 'NONE', #2373, #1890, #1543, .T. ) ;
#5392 =( NAMED_UNIT ( * ) SI_UNIT ( $, .STERADIAN. ) SOLID_ANGLE_UNIT ( ) );
#5393 = COLOUR_RGB ( '',1.000000000000000000, 1.000000000000000000, 1.000000000000000000 ) ;
#5394 = DIRECTION ( 'NONE',  ( 0.0000000000000000000, 0.0000000000000000000, 1.000000000000000000 ) ) ;
#5395 = APPLICATION_PROTOCOL_DEFINITION ( 'draft international standard', 'automotive_design', 1998, #2693 ) ;
#5396 = AXIS2_PLACEMENT_3D ( 'NONE', #1622, #4318, #2985 ) ;
#5397 = EDGE_LOOP ( 'NONE', ( #5039, #1202 ) ) ;
#5398 = DIRECTION ( 'NONE',  ( 0.0000000000000000000, -1.000000000000000000, 0.0000000000000000000 ) ) ;
#5399 = EDGE_CURVE ( 'NONE', #2235, #4642, #1290, .T. ) ;
#5400 = AXIS2_PLACEMENT_3D ( 'NONE', #1848, #2370, #606 ) ;
#5401 = CARTESIAN_POINT ( 'NONE',  ( 6.062177826491071286, 2.199999999999999734, -3.500000000000001332 ) ) ;
#5402 = VERTEX_POINT ( 'NONE', #1739 ) ;
#5403 = ORIENTED_EDGE ( 'NONE', *, *, #4469, .F. ) ;
#5404 =( NAMED_UNIT ( * ) SI_UNIT ( $, .STERADIAN. ) SOLID_ANGLE_UNIT ( ) );
#5405 = MECHANICAL_DESIGN_GEOMETRIC_PRESENTATION_REPRESENTATION (  '', ( #2007 ), #395 ) ;
#5406 = CARTESIAN_POINT ( 'NONE',  ( 0.0000000000000000000, 0.0000000000000000000, 0.0000000000000000000 ) ) ;
#5407 = CARTESIAN_POINT ( 'NONE',  ( 0.0000000000000000000, 4.500000000000000888, 6.250000000000004441 ) ) ;
#5408 =( LENGTH_UNIT ( ) NAMED_UNIT ( * ) SI_UNIT ( .MILLI., .METRE. ) );
#5409 = EDGE_LOOP ( 'NONE', ( #3321, #5382, #5126 ) ) ;
#5410 =( LENGTH_UNIT ( ) NAMED_UNIT ( * ) SI_UNIT ( .MILLI., .METRE. ) );
#5411 = VERTEX_POINT ( 'NONE', #3556 ) ;
#5412 =( NAMED_UNIT ( * ) SI_UNIT ( $, .STERADIAN. ) SOLID_ANGLE_UNIT ( ) );
#5413 = AXIS2_PLACEMENT_3D ( 'NONE', #5006, #3639, #1354 ) ;
#5414 = EDGE_CURVE ( 'NONE', #4761, #935, #19, .T. ) ;
#5415 = UNCERTAINTY_MEASURE_WITH_UNIT (LENGTH_MEASURE( 1.000000000000000082E-05 ), #4099, 'distance_accuracy_value', 'NONE');
#5416 = DIRECTION ( 'NONE',  ( 0.5000000000000021094, 0.8660254037844374864, 0.0000000000000000000 ) ) ;
#5417 = DIRECTION ( 'NONE',  ( 1.000000000000000000, 0.0000000000000000000, -0.0000000000000000000 ) ) ;
#5418 = DIRECTION ( 'NONE',  ( 0.0000000000000000000, -0.7071067811865493491, -0.7071067811865456854 ) ) ;
#5419 =( NAMED_UNIT ( * ) SI_UNIT ( $, .STERADIAN. ) SOLID_ANGLE_UNIT ( ) );
#5420 =( BOUNDED_CURVE ( )  B_SPLINE_CURVE ( 3, ( #802, #2600, #4800, #2627 ),
 .UNSPECIFIED., .F., .T. ) 
 B_SPLINE_CURVE_WITH_KNOTS ( ( 4, 4 ),
 ( 1.570796326794896558, 1.647852595815748389 ),
 .UNSPECIFIED. ) 
 CURVE ( )  GEOMETRIC_REPRESENTATION_ITEM ( )  RATIONAL_B_SPLINE_CURVE ( ( 1.000000000000000000, 0.9995052554888612661, 0.9995052554888612661, 1.000000000000000000 ) ) 
 REPRESENTATION_ITEM ( '' )  );
#5421 = CARTESIAN_POINT ( 'NONE',  ( 9.799999999999998934, -16.69999999999999929, 8.500000000000000000 ) ) ;
#5422 = VECTOR ( 'NONE', #2850, 1000.000000000000000 ) ;
#5423 =( NAMED_UNIT ( * ) PLANE_ANGLE_UNIT ( ) SI_UNIT ( $, .RADIAN. ) );
#5424 = AXIS2_PLACEMENT_3D ( 'NONE', #5727, #4803, #2108 ) ;
#5425 = EDGE_LOOP ( 'NONE', ( #3234, #1999, #4969, #1800 ) ) ;
#5426 = EDGE_CURVE ( 'NONE', #2737, #815, #3136, .T. ) ;
#5427 = PRESENTATION_STYLE_ASSIGNMENT (( #3544 ) ) ;
#5428 = ORIENTED_EDGE ( 'NONE', *, *, #2130, .T. ) ;
#5429 = FACE_OUTER_BOUND ( 'NONE', #2161, .T. ) ;
#5430 = FACE_OUTER_BOUND ( 'NONE', #334, .T. ) ;
#5431 = EDGE_LOOP ( 'NONE', ( #3553, #4258, #1104, #1286, #459, #3579 ) ) ;
#5432 = CONICAL_SURFACE ( 'NONE', #2888, 7.000000000000000000, 0.7853981633974499443 ) ;
#5433 = LINE ( 'NONE', #1380, #4877 ) ;
#5434 = DIRECTION ( 'NONE',  ( 0.0000000000000000000, 0.0000000000000000000, -1.000000000000000000 ) ) ;
#5435 = CARTESIAN_POINT ( 'NONE',  ( 4.898587196589413815E-16, 11.50000000000000000, 4.000000000000000888 ) ) ;
#5436 = VECTOR ( 'NONE', #5762, 1000.000000000000114 ) ;
#5437 = CARTESIAN_POINT ( 'NONE',  ( 0.0000000000000000000, 4.500000000000000000, 0.0000000000000000000 ) ) ;
#5438 = ADVANCED_FACE ( 'NONE', ( #4978 ), #852, .F. ) ;
#5439 = VERTEX_POINT ( 'NONE', #4026 ) ;
#5440 = LINE ( 'NONE', #890, #36 ) ;
#5441 = LINE ( 'NONE', #1392, #3512 ) ;
#5442 = SURFACE_STYLE_USAGE ( .BOTH. , #4063 ) ;
#5443 = CARTESIAN_POINT ( 'NONE',  ( 5.388602512436506231, 7.500000000000000000, -4.666666666666666963 ) ) ;
#5444 =( NAMED_UNIT ( * ) PLANE_ANGLE_UNIT ( ) SI_UNIT ( $, .RADIAN. ) );
#5445 = DIRECTION ( 'NONE',  ( 0.0000000000000000000, 1.000000000000000000, -0.0000000000000000000 ) ) ;
#5446 = AXIS2_PLACEMENT_3D ( 'NONE', #1149, #5188, #4773 ) ;
#5447 = DIRECTION ( 'NONE',  ( 0.5000000000000021094, -0.8660254037844374864, -0.0000000000000000000 ) ) ;
#5448 = PRESENTATION_STYLE_ASSIGNMENT (( #3125 ) ) ;
#5449 = DIRECTION ( 'NONE',  ( -0.0000000000000000000, -0.0000000000000000000, -1.000000000000000000 ) ) ;
#5450 = SHAPE_DEFINITION_REPRESENTATION ( #2385, #5846 ) ;
#5451 = ORIENTED_EDGE ( 'NONE', *, *, #3994, .T. ) ;
#5452 = LINE ( 'NONE', #3628, #2307 ) ;
#5453 =( NAMED_UNIT ( * ) PLANE_ANGLE_UNIT ( ) SI_UNIT ( $, .RADIAN. ) );
#5454 = AXIS2_PLACEMENT_3D ( 'NONE', #4668, #2899, #1976 ) ;
#5455 = CARTESIAN_POINT ( 'NONE',  ( 0.0000000000000000000, 9.799999999999998934, -6.000000000000000888 ) ) ;
#5456 = DIRECTION ( 'NONE',  ( -0.0000000000000000000, -1.000000000000000000, -0.0000000000000000000 ) ) ;
#5457 = ORIENTED_EDGE ( 'NONE', *, *, #501, .F. ) ;
#5458 = UNCERTAINTY_MEASURE_WITH_UNIT (LENGTH_MEASURE( 1.000000000000000082E-05 ), #1342, 'distance_accuracy_value', 'NONE');
#5459 = ORIENTED_EDGE ( 'NONE', *, *, #1001, .T. ) ;
#5460 = B_SPLINE_CURVE_WITH_KNOTS ( 'NONE', 3,
 ( #949, #4559, #498, #66 ),
 .UNSPECIFIED., .F., .F.,
 ( 4, 4 ),
 ( 0.004041682824435057116, 0.008083134708762436393 ),
 .UNSPECIFIED. ) ;
#5461 = CARTESIAN_POINT ( 'NONE',  ( 0.5000000000000013323, -19.69999999999999929, 5.200000000000000178 ) ) ;
#5462 = ADVANCED_FACE ( 'NONE', ( #4432 ), #3538, .T. ) ;
#5463 =( NAMED_UNIT ( * ) SI_UNIT ( $, .STERADIAN. ) SOLID_ANGLE_UNIT ( ) );
#5464 = CARTESIAN_POINT ( 'NONE',  ( -0.5000000000000013323, -16.69999999999999929, -4.399999999999999467 ) ) ;
#5465 = PLANE ( 'NONE',  #3025 ) ;
#5466 = DIRECTION ( 'NONE',  ( 0.0000000000000000000, -1.000000000000000000, 0.0000000000000000000 ) ) ;
#5467 = VECTOR ( 'NONE', #4757, 1000.000000000000000 ) ;
#5468 = ORIENTED_EDGE ( 'NONE', *, *, #1629, .F. ) ;
#5469 = CARTESIAN_POINT ( 'NONE',  ( 1.192820323027555807, -15.50000000000000000, -4.399999999999999467 ) ) ;
#5470 = EDGE_CURVE ( 'NONE', #3395, #5808, #2968, .T. ) ;
#5471 = EDGE_CURVE ( 'NONE', #4859, #4787, #3077, .T. ) ;
#5472 = CARTESIAN_POINT ( 'NONE',  ( 0.0000000000000000000, 11.50000000000000000, 0.0000000000000000000 ) ) ;
#5473 = VECTOR ( 'NONE', #3695, 1000.000000000000000 ) ;
#5474 =( LENGTH_UNIT ( ) NAMED_UNIT ( * ) SI_UNIT ( .MILLI., .METRE. ) );
#5475 = LINE ( 'NONE', #3118, #3022 ) ;
#5476 = DIRECTION ( 'NONE',  ( 0.0000000000000000000, 0.0000000000000000000, 1.000000000000000000 ) ) ;
#5477 = ORIENTED_EDGE ( 'NONE', *, *, #3523, .F. ) ;
#5478 =( GEOMETRIC_REPRESENTATION_CONTEXT ( 3 ) GLOBAL_UNCERTAINTY_ASSIGNED_CONTEXT ( ( #1193 ) ) GLOBAL_UNIT_ASSIGNED_CONTEXT ( ( #5158, #1117, #4326 ) ) REPRESENTATION_CONTEXT ( 'NONE', 'WORKASPACE' ) );
#5479 = EDGE_CURVE ( 'NONE', #935, #2317, #5331, .T. ) ;
#5480 = CARTESIAN_POINT ( 'NONE',  ( 5.800000000000001599, -19.69999999999999929, -5.200000000000000178 ) ) ;
#5481 = DIRECTION ( 'NONE',  ( 0.0000000000000000000, 0.0000000000000000000, -1.000000000000000000 ) ) ;
#5482 = EDGE_LOOP ( 'NONE', ( #2529, #3680, #2530, #2808 ) ) ;
#5483 = CARTESIAN_POINT ( 'NONE',  ( 1.349728080773486605, 9.799999999999998934, 6.999999999999998224 ) ) ;
#5484 = MECHANICAL_DESIGN_GEOMETRIC_PRESENTATION_REPRESENTATION (  '', ( #99 ), #3 ) ;
#5485 = ADVANCED_FACE ( 'NONE', ( #3161 ), #4486, .F. ) ;
#5486 = SURFACE_SIDE_STYLE ('',( #4592 ) ) ;
#5487 = CARTESIAN_POINT ( 'NONE',  ( -4.041451884327383226, 4.209836809708341399, -7.000000000000000000 ) ) ;
#5488 = CARTESIAN_POINT ( 'NONE',  ( -0.5000000000000004441, -19.69999999999999929, 4.399999999999999467 ) ) ;
#5489 = COLOUR_RGB ( '',1.000000000000000000, 1.000000000000000000, 1.000000000000000000 ) ;
#5490 = ORIENTED_EDGE ( 'NONE', *, *, #2300, .F. ) ;
#5491 = EDGE_LOOP ( 'NONE', ( #5520, #2939, #1583, #1099 ) ) ;
#5492 = B_SPLINE_CURVE_WITH_KNOTS ( 'NONE', 3,
 ( #801, #2566, #1681, #2597 ),
 .UNSPECIFIED., .F., .F.,
 ( 4, 4 ),
 ( 2.309401076759263822E-07, 0.004041682824435057983 ),
 .UNSPECIFIED. ) ;
#5493 = LINE ( 'NONE', #3159, #4113 ) ;
#5494 = STYLED_ITEM ( 'NONE', ( #2774 ), #3690 ) ;
#5495 = DIRECTION ( 'NONE',  ( -1.000000000000000000, 0.0000000000000000000, 0.0000000000000000000 ) ) ;
#5496 = CARTESIAN_POINT ( 'NONE',  ( 0.0000000000000000000, 7.500000000000000000, 0.0000000000000000000 ) ) ;
#5497 = ORIENTED_EDGE ( 'NONE', *, *, #5119, .F. ) ;
#5498 = AXIS2_PLACEMENT_3D ( 'NONE', #1967, #3268, #1491 ) ;
#5499 = CARTESIAN_POINT ( 'NONE',  ( 5.388602512436504455, 4.500000000000000888, 4.666666666666666075 ) ) ;
#5500 = VERTEX_POINT ( 'NONE', #1884 ) ;
#5501 = COLOUR_RGB ( '',1.000000000000000000, 1.000000000000000000, 1.000000000000000000 ) ;
#5502 = LINE ( 'NONE', #3252, #1328 ) ;
#5503 = CARTESIAN_POINT ( 'NONE',  ( 0.5000000000000013323, -16.69999999999999929, -0.4000000000000001887 ) ) ;
#5504 = AXIS2_PLACEMENT_3D ( 'NONE', #403, #370, #2718 ) ;
#5505 = EDGE_CURVE ( 'NONE', #3808, #3717, #5122, .T. ) ;
#5506 = FACE_OUTER_BOUND ( 'NONE', #3696, .T. ) ;
#5507 = LINE ( 'NONE', #3734, #5825 ) ;
#5508 = SURFACE_SIDE_STYLE ('',( #1902 ) ) ;
#5509 =( GEOMETRIC_REPRESENTATION_CONTEXT ( 3 ) GLOBAL_UNCERTAINTY_ASSIGNED_CONTEXT ( ( #4254 ) ) GLOBAL_UNIT_ASSIGNED_CONTEXT ( ( #1672, #4284, #4908 ) ) REPRESENTATION_CONTEXT ( 'NONE', 'WORKASPACE' ) );
#5510 = AXIS2_PLACEMENT_3D ( 'NONE', #5027, #68, #1874 ) ;
#5511 = ADVANCED_FACE ( 'NONE', ( #4169 ), #4199, .F. ) ;
#5512 = VERTEX_POINT ( 'NONE', #5554 ) ;
#5513 =( GEOMETRIC_REPRESENTATION_CONTEXT ( 3 ) GLOBAL_UNCERTAINTY_ASSIGNED_CONTEXT ( ( #910 ) ) GLOBAL_UNIT_ASSIGNED_CONTEXT ( ( #3148, #1367, #4241 ) ) REPRESENTATION_CONTEXT ( 'NONE', 'WORKASPACE' ) );
#5514 = CARTESIAN_POINT ( 'NONE',  ( 7.347880794884120722E-16, 9.799999999999998934, 6.000000000000000888 ) ) ;
#5515 = DIRECTION ( 'NONE',  ( 0.0000000000000000000, 0.0000000000000000000, -1.000000000000000000 ) ) ;
#5516 = SURFACE_STYLE_USAGE ( .BOTH. , #3714 ) ;
#5517 = CARTESIAN_POINT ( 'NONE',  ( 5.800000000000001599, -16.69999999999999929, -0.4000000000000001887 ) ) ;
#5518 = VECTOR ( 'NONE', #4381, 1000.000000000000000 ) ;
#5519 = VERTEX_POINT ( 'NONE', #1046 ) ;
#5520 = ORIENTED_EDGE ( 'NONE', *, *, #3410, .T. ) ;
#5521 = CARTESIAN_POINT ( 'NONE',  ( 0.0000000000000000000, 4.500000000000000000, 0.0000000000000000000 ) ) ;
#5522 =( GEOMETRIC_REPRESENTATION_CONTEXT ( 3 ) GLOBAL_UNCERTAINTY_ASSIGNED_CONTEXT ( ( #4565 ) ) GLOBAL_UNIT_ASSIGNED_CONTEXT ( ( #5213, #647, #1143 ) ) REPRESENTATION_CONTEXT ( 'NONE', 'WORKASPACE' ) );
#5523 = DIRECTION ( 'NONE',  ( 0.0000000000000000000, 0.0000000000000000000, 1.000000000000000000 ) ) ;
#5524 =( NAMED_UNIT ( * ) SI_UNIT ( $, .STERADIAN. ) SOLID_ANGLE_UNIT ( ) );
#5525 = CARTESIAN_POINT ( 'NONE',  ( -5.800000000000001599, -16.69999999999999929, 5.200000000000000178 ) ) ;
#5526 = ORIENTED_EDGE ( 'NONE', *, *, #4247, .T. ) ;
#5527 = ORIENTED_EDGE ( 'NONE', *, *, #3279, .T. ) ;
#5528 = ORIENTED_EDGE ( 'NONE', *, *, #4248, .F. ) ;
#5529 = VECTOR ( 'NONE', #5867, 1000.000000000000000 ) ;
#5530 = LINE ( 'NONE', #2810, #4016 ) ;
#5531 = ADVANCED_FACE ( 'NONE', ( #2408 ), #3692, .T. ) ;
#5532 =( NAMED_UNIT ( * ) SI_UNIT ( $, .STERADIAN. ) SOLID_ANGLE_UNIT ( ) );
#5533 = PLANE ( 'NONE',  #5016 ) ;
#5534 = ORIENTED_EDGE ( 'NONE', *, *, #5052, .F. ) ;
#5535 = CARTESIAN_POINT ( 'NONE',  ( -8.082903768654761123, 2.490163190291658335, -3.473544504145886111E-15 ) ) ;
#5536 = AXIS2_PLACEMENT_3D ( 'NONE', #630, #1487, #3292 ) ;
#5537 = FILL_AREA_STYLE ('',( #524 ) ) ;
#5538 = FACE_OUTER_BOUND ( 'NONE', #2889, .T. ) ;
#5539 = LINE ( 'NONE', #5080, #2877 ) ;
#5540 = SURFACE_STYLE_FILL_AREA ( #3735 ) ;
#5541 = EDGE_CURVE ( 'NONE', #4675, #3141, #3542, .T. ) ;
#5542 = DIRECTION ( 'NONE',  ( -2.891205793294679805E-16, 1.000000000000000000, 0.0000000000000000000 ) ) ;
#5543 = AXIS2_PLACEMENT_3D ( 'NONE', #592, #3732, #972 ) ;
#5544 = CARTESIAN_POINT ( 'NONE',  ( 0.0000000000000000000, 7.500000000000000000, -6.150000000000000355 ) ) ;
#5545 = VERTEX_POINT ( 'NONE', #1724 ) ;
#5546 = VECTOR ( 'NONE', #3796, 1000.000000000000000 ) ;
#5547 =( NAMED_UNIT ( * ) SI_UNIT ( $, .STERADIAN. ) SOLID_ANGLE_UNIT ( ) );
#5548 = LINE ( 'NONE', #5261, #882 ) ;
#5549 = CARTESIAN_POINT ( 'NONE',  ( -0.5000000000000004441, -19.69999999999999929, -5.200000000000000178 ) ) ;
#5550 = ADVANCED_FACE ( 'NONE', ( #3093 ), #5817, .T. ) ;
#5551 = ORIENTED_EDGE ( 'NONE', *, *, #921, .T. ) ;
#5552 = ORIENTED_EDGE ( 'NONE', *, *, #1930, .T. ) ;
#5553 = CYLINDRICAL_SURFACE ( 'NONE', #1496, 7.500000000000000000 ) ;
#5554 = CARTESIAN_POINT ( 'NONE',  ( 4.799999999999998934, -16.69999999999999929, 4.399999999999999467 ) ) ;
#5555 = DIRECTION ( 'NONE',  ( 0.0000000000000000000, 1.000000000000000000, 0.0000000000000000000 ) ) ;
#5556 = COLOUR_RGB ( '',0.6392156862745097534, 0.6666666666666666297, 0.6784313725490196401 ) ;
#5557 = VERTEX_POINT ( 'NONE', #4256 ) ;
#5558 = ORIENTED_EDGE ( 'NONE', *, *, #5471, .T. ) ;
#5559 = DIRECTION ( 'NONE',  ( -0.0000000000000000000, -1.000000000000000000, -0.0000000000000000000 ) ) ;
#5560 = PLANE ( 'NONE',  #945 ) ;
#5561 = PRESENTATION_STYLE_ASSIGNMENT (( #4608 ) ) ;
#5562 = VECTOR ( 'NONE', #3421, 1000.000000000000000 ) ;
#5563 = ORIENTED_EDGE ( 'NONE', *, *, #5541, .F. ) ;
#5564 = CARTESIAN_POINT ( 'NONE',  ( -0.6726747950249433172, 2.199999999999999289, 6.999999999999998224 ) ) ;
#5565 = ADVANCED_FACE ( 'NONE', ( #3363 ), #353, .F. ) ;
#5566 =( NAMED_UNIT ( * ) PLANE_ANGLE_UNIT ( ) SI_UNIT ( $, .RADIAN. ) );
#5567 = CONICAL_SURFACE ( 'NONE', #1404, 7.000000000000000888, 1.308996938995750092 ) ;
#5568 =( NAMED_UNIT ( * ) PLANE_ANGLE_UNIT ( ) SI_UNIT ( $, .RADIAN. ) );
#5569 = AXIS2_PLACEMENT_3D ( 'NONE', #4004, #4958, #1746 ) ;
#5570 = LINE ( 'NONE', #4740, #3633 ) ;
#5571 = DIRECTION ( 'NONE',  ( 1.000000000000000000, 2.891205793294679805E-16, -0.0000000000000000000 ) ) ;
#5572 =( GEOMETRIC_REPRESENTATION_CONTEXT ( 3 ) GLOBAL_UNCERTAINTY_ASSIGNED_CONTEXT ( ( #1211 ) ) GLOBAL_UNIT_ASSIGNED_CONTEXT ( ( #3107, #4921, #4895 ) ) REPRESENTATION_CONTEXT ( 'NONE', 'WORKASPACE' ) );
#5573 = EDGE_CURVE ( 'NONE', #3453, #531, #3235, .T. ) ;
#5574 = PLANE ( 'NONE',  #1567 ) ;
#5575 =( NAMED_UNIT ( * ) SI_UNIT ( $, .STERADIAN. ) SOLID_ANGLE_UNIT ( ) );
#5576 = UNCERTAINTY_MEASURE_WITH_UNIT (LENGTH_MEASURE( 1.000000000000000082E-05 ), #2531, 'distance_accuracy_value', 'NONE');
#5577 = ORIENTED_EDGE ( 'NONE', *, *, #3423, .T. ) ;
#5578 = STYLED_ITEM ( 'NONE', ( #1205 ), #2914 ) ;
#5579 = ORIENTED_EDGE ( 'NONE', *, *, #3517, .F. ) ;
#5580 = DIRECTION ( 'NONE',  ( 0.0000000000000000000, 0.0000000000000000000, 1.000000000000000000 ) ) ;
#5581 = FILL_AREA_STYLE ('',( #4228 ) ) ;
#5582 = AXIS2_PLACEMENT_3D ( 'NONE', #4768, #1269, #3048 ) ;
#5583 = DIRECTION ( 'NONE',  ( 0.0000000000000000000, 0.0000000000000000000, 1.000000000000000000 ) ) ;
#5584 = DIRECTION ( 'NONE',  ( -1.000000000000000000, 0.0000000000000000000, 0.0000000000000000000 ) ) ;
#5585 = ORIENTED_EDGE ( 'NONE', *, *, #500, .T. ) ;
#5586 = ORIENTED_EDGE ( 'NONE', *, *, #5399, .T. ) ;
#5587 = VERTEX_POINT ( 'NONE', #1308 ) ;
#5588 = EDGE_CURVE ( 'NONE', #1880, #224, #2111, .T. ) ;
#5589 = VECTOR ( 'NONE', #1324, 1000.000000000000000 ) ;
#5590 = DIRECTION ( 'NONE',  ( 0.0000000000000000000, 0.0000000000000000000, 1.000000000000000000 ) ) ;
#5591 = CARTESIAN_POINT ( 'NONE',  ( -1.192820323027555807, -15.50000000000000000, -4.399999999999999467 ) ) ;
#5592 = DIRECTION ( 'NONE',  ( 0.0000000000000000000, 1.000000000000000000, 0.0000000000000000000 ) ) ;
#5593 = AXIS2_PLACEMENT_3D ( 'NONE', #4427, #4479, #13 ) ;
#5594 = CARTESIAN_POINT ( 'NONE',  ( 5.800000000000001599, -16.69999999999999929, 5.200000000000000178 ) ) ;
#5595 = EDGE_LOOP ( 'NONE', ( #5648, #4393, #1722, #2711 ) ) ;
#5596 = ADVANCED_FACE ( 'NONE', ( #4726 ), #674, .T. ) ;
#5597 = SURFACE_STYLE_USAGE ( .BOTH. , #3790 ) ;
#5598 = AXIS2_PLACEMENT_3D ( 'NONE', #1573, #1239, #3376 ) ;
#5599 = UNCERTAINTY_MEASURE_WITH_UNIT (LENGTH_MEASURE( 1.000000000000000082E-05 ), #348, 'distance_accuracy_value', 'NONE');
#5600 = LINE ( 'NONE', #5631, #1550 ) ;
#5601 = CARTESIAN_POINT ( 'NONE',  ( 0.0000000000000000000, 4.500000000000000000, 0.0000000000000000000 ) ) ;
#5602 = B_SPLINE_CURVE_WITH_KNOTS ( 'NONE', 3,
 ( #2148, #2562, #4826, #2654 ),
 .UNSPECIFIED., .F., .F.,
 ( 4, 4 ),
 ( 0.004041682824435054514, 0.008083134708762434659 ),
 .UNSPECIFIED. ) ;
#5603 = ORIENTED_EDGE ( 'NONE', *, *, #4838, .T. ) ;
#5604 = CIRCLE ( 'NONE', #1152, 6.000000000000000888 ) ;
#5605 = SURFACE_SIDE_STYLE ('',( #2887 ) ) ;
#5606 =( LENGTH_UNIT ( ) NAMED_UNIT ( * ) SI_UNIT ( .MILLI., .METRE. ) );
#5607 = CIRCLE ( 'NONE', #4191, 8.500000000000003553 ) ;
#5608 = PLANE ( 'NONE',  #1775 ) ;
#5609 = ORIENTED_EDGE ( 'NONE', *, *, #5505, .F. ) ;
#5610 = AXIS2_PLACEMENT_3D ( 'NONE', #37, #5, #2676 ) ;
#5611 = VECTOR ( 'NONE', #4964, 1000.000000000000000 ) ;
#5612 = VERTEX_POINT ( 'NONE', #1811 ) ;
#5613 = CARTESIAN_POINT ( 'NONE',  ( 5.800000000000001599, -19.69999999999999929, -0.4000000000000001887 ) ) ;
#5614 = CARTESIAN_POINT ( 'NONE',  ( -1.346054828429410044, 7.526464659073123897, 7.000000000000002665 ) ) ;
#5615 = PLANE ( 'NONE',  #1055 ) ;
#5616 = AXIS2_PLACEMENT_3D ( 'NONE', #596, #1066, #5166 ) ;
#5617 = VECTOR ( 'NONE', #3142, 1000.000000000000000 ) ;
#5618 = EDGE_LOOP ( 'NONE', ( #137, #5346, #4714, #3782 ) ) ;
#5619 = ORIENTED_EDGE ( 'NONE', *, *, #5837, .T. ) ;
#5620 = SURFACE_STYLE_FILL_AREA ( #3843 ) ;
#5621 = CARTESIAN_POINT ( 'NONE',  ( -5.800000000000001599, -16.69999999999999929, 4.399999999999999467 ) ) ;
#5622 = ADVANCED_FACE ( 'NONE', ( #4043 ), #1397, .F. ) ;
#5623 = CARTESIAN_POINT ( 'NONE',  ( 0.0000000000000000000, 4.500000000000000000, -6.000000000000000888 ) ) ;
#5624 = FACE_OUTER_BOUND ( 'NONE', #4762, .T. ) ;
#5625 = MECHANICAL_DESIGN_GEOMETRIC_PRESENTATION_REPRESENTATION (  '', ( #503 ), #4207 ) ;
#5626 = EDGE_CURVE ( 'NONE', #2691, #4367, #2383, .T. ) ;
#5627 = DIRECTION ( 'NONE',  ( 0.5000000000000001110, 0.0000000000000000000, 0.8660254037844385966 ) ) ;
#5628 = VERTEX_POINT ( 'NONE', #1337 ) ;
#5629 = CARTESIAN_POINT ( 'NONE',  ( -3.369740690737206279, 2.400170954356943387, 7.000000000000001776 ) ) ;
#5630 = DIRECTION ( 'NONE',  ( 0.0000000000000000000, 1.000000000000000000, 0.0000000000000000000 ) ) ;
#5631 = CARTESIAN_POINT ( 'NONE',  ( -0.5000000000000004441, -19.69999999999999929, -4.399999999999999467 ) ) ;
#5632 = ADVANCED_FACE ( 'NONE', ( #2731 ), #4100, .T. ) ;
#5633 = B_SPLINE_CURVE_WITH_KNOTS ( 'NONE', 3,
 ( #954, #5117, #4624, #3743 ),
 .UNSPECIFIED., .F., .F.,
 ( 4, 4 ),
 ( 2.309401076759585959E-07, 0.004041682824435056248 ),
 .UNSPECIFIED. ) ;
#5634 = DIRECTION ( 'NONE',  ( -1.000000000000000000, -0.0000000000000000000, 0.0000000000000000000 ) ) ;
#5635 = ORIENTED_EDGE ( 'NONE', *, *, #389, .F. ) ;
#5636 = FACE_BOUND ( 'NONE', #144, .T. ) ;
#5637 = AXIS2_PLACEMENT_3D ( 'NONE', #4328, #3403, #2076 ) ;
#5638 =( NAMED_UNIT ( * ) SI_UNIT ( $, .STERADIAN. ) SOLID_ANGLE_UNIT ( ) );
#5639 = EDGE_CURVE ( 'NONE', #1465, #3336, #2583, .T. ) ;
#5640 = DIRECTION ( 'NONE',  ( -0.5000000000000012212, -0.8660254037844379305, 0.0000000000000000000 ) ) ;
#5641 = ORIENTED_EDGE ( 'NONE', *, *, #1609, .T. ) ;
#5642 =( GEOMETRIC_REPRESENTATION_CONTEXT ( 3 ) GLOBAL_UNCERTAINTY_ASSIGNED_CONTEXT ( ( #2310 ) ) GLOBAL_UNIT_ASSIGNED_CONTEXT ( ( #5342, #359, #4452 ) ) REPRESENTATION_CONTEXT ( 'NONE', 'WORKASPACE' ) );
#5643 = ORIENTED_EDGE ( 'NONE', *, *, #4866, .T. ) ;
#5644 = EDGE_CURVE ( 'NONE', #2146, #1197, #4097, .T. ) ;
#5645 = VECTOR ( 'NONE', #1954, 1000.000000000000000 ) ;
#5646 = CARTESIAN_POINT ( 'NONE',  ( 0.0000000000000000000, 9.799999999999998934, -6.000000000000000888 ) ) ;
#5647 =( NAMED_UNIT ( * ) SI_UNIT ( $, .STERADIAN. ) SOLID_ANGLE_UNIT ( ) );
#5648 = ORIENTED_EDGE ( 'NONE', *, *, #186, .T. ) ;
#5649 = ORIENTED_EDGE ( 'NONE', *, *, #3878, .F. ) ;
#5650 = CARTESIAN_POINT ( 'NONE',  ( 1.192820323027555807, -15.50000000000000000, -5.200000000000000178 ) ) ;
#5651 = AXIS2_PLACEMENT_3D ( 'NONE', #1224, #3307, #4233 ) ;
#5652 = CARTESIAN_POINT ( 'NONE',  ( 0.0000000000000000000, 4.500000000000000888, 6.250000000000004441 ) ) ;
#5653 = DIRECTION ( 'NONE',  ( 0.0000000000000000000, 0.0000000000000000000, 1.000000000000000000 ) ) ;
#5654 = DIRECTION ( 'NONE',  ( 0.0000000000000000000, -1.000000000000000000, 0.0000000000000000000 ) ) ;
#5655 = VERTEX_POINT ( 'NONE', #1427 ) ;
#5656 = EDGE_CURVE ( 'NONE', #5339, #4073, #5050, .T. ) ;
#5657 = CARTESIAN_POINT ( 'NONE',  ( 0.0000000000000000000, 4.500000000000000000, 0.0000000000000000000 ) ) ;
#5658 = DIRECTION ( 'NONE',  ( 2.891205793294679312E-16, -1.000000000000000000, -0.0000000000000000000 ) ) ;
#5659 = MECHANICAL_DESIGN_GEOMETRIC_PRESENTATION_REPRESENTATION (  '', ( #285 ), #4244 ) ;
#5660 = CIRCLE ( 'NONE', #355, 7.000000000000000888 ) ;
#5661 = PLANE ( 'NONE',  #5061 ) ;
#5662 =( NAMED_UNIT ( * ) SI_UNIT ( $, .STERADIAN. ) SOLID_ANGLE_UNIT ( ) );
#5663 = CARTESIAN_POINT ( 'NONE',  ( 0.0000000000000000000, 16.50000000000000000, 0.0000000000000000000 ) ) ;
#5664 = EDGE_LOOP ( 'NONE', ( #663, #4955, #3417, #1429, #1486, #3563 ) ) ;
#5665 = AXIS2_PLACEMENT_3D ( 'NONE', #4496, #2180, #3566 ) ;
#5666 = FACE_OUTER_BOUND ( 'NONE', #4135, .T. ) ;
#5667 =( LENGTH_UNIT ( ) NAMED_UNIT ( * ) SI_UNIT ( .MILLI., .METRE. ) );
#5668 = VECTOR ( 'NONE', #5352, 1000.000000000000000 ) ;
#5669 = ORIENTED_EDGE ( 'NONE', *, *, #4348, .F. ) ;
#5670 = VERTEX_POINT ( 'NONE', #2788 ) ;
#5671 = PLANE ( 'NONE',  #3933 ) ;
#5672 = MECHANICAL_DESIGN_GEOMETRIC_PRESENTATION_REPRESENTATION (  '', ( #5116 ), #849 ) ;
#5673 = AXIS2_PLACEMENT_3D ( 'NONE', #3350, #3858, #3794 ) ;
#5674 = SURFACE_STYLE_USAGE ( .BOTH. , #3217 ) ;
#5675 = FILL_AREA_STYLE ('',( #702 ) ) ;
#5676 = UNCERTAINTY_MEASURE_WITH_UNIT (LENGTH_MEASURE( 1.000000000000000082E-05 ), #5020, 'distance_accuracy_value', 'NONE');
#5677 = CARTESIAN_POINT ( 'NONE',  ( 0.0000000000000000000, 5.500000000000000000, 0.0000000000000000000 ) ) ;
#5678 = CYLINDRICAL_SURFACE ( 'NONE', #3140, 6.000000000000000888 ) ;
#5679 = EDGE_LOOP ( 'NONE', ( #4428, #1675, #1163 ) ) ;
#5680 = VERTEX_POINT ( 'NONE', #4587 ) ;
#5681 = AXIS2_PLACEMENT_3D ( 'NONE', #3728, #1087, #3281 ) ;
#5682 = FILL_AREA_STYLE_COLOUR ( '', #5791 ) ;
#5683 = LINE ( 'NONE', #2534, #1062 ) ;
#5684 = CARTESIAN_POINT ( 'NONE',  ( 2.602085213965210642E-15, 4.500000000000000000, 6.999999999999999112 ) ) ;
#5685 = DIRECTION ( 'NONE',  ( 2.891205793294679312E-16, -1.000000000000000000, -0.0000000000000000000 ) ) ;
#5686 = FILL_AREA_STYLE ('',( #4865 ) ) ;
#5687 = AXIS2_PLACEMENT_3D ( 'NONE', #5525, #1047, #5149 ) ;
#5688 = DIRECTION ( 'NONE',  ( 0.0000000000000000000, 1.000000000000000000, 0.0000000000000000000 ) ) ;
#5689 = FACE_OUTER_BOUND ( 'NONE', #2504, .T. ) ;
#5690 = PLANE ( 'NONE',  #2477 ) ;
#5691 = CARTESIAN_POINT ( 'NONE',  ( 6.062177826491071286, 4.500000000000000000, -3.500000000000000888 ) ) ;
#5692 =( NAMED_UNIT ( * ) SI_UNIT ( $, .STERADIAN. ) SOLID_ANGLE_UNIT ( ) );
#5693 = CARTESIAN_POINT ( 'NONE',  ( -4.107179676972443794, -15.50000000000000000, -5.200000000000000178 ) ) ;
#5694 = ADVANCED_FACE ( 'NONE', ( #529 ), #2331, .F. ) ;
#5695 = ADVANCED_FACE ( 'NONE', ( #1516 ), #5661, .F. ) ;
#5696 = ORIENTED_EDGE ( 'NONE', *, *, #1749, .F. ) ;
#5697 = B_SPLINE_CURVE_WITH_KNOTS ( 'NONE', 3,
 ( #3316, #2848, #4712, #94 ),
 .UNSPECIFIED., .F., .F.,
 ( 4, 4 ),
 ( 0.004041682824435057116, 0.008083134708762436393 ),
 .UNSPECIFIED. ) ;
#5698 = CARTESIAN_POINT ( 'NONE',  ( 4.107179676972443794, -15.50000000000000000, 0.4000000000000001887 ) ) ;
#5699 = SURFACE_STYLE_USAGE ( .BOTH. , #2138 ) ;
#5700 =( NAMED_UNIT ( * ) SI_UNIT ( $, .STERADIAN. ) SOLID_ANGLE_UNIT ( ) );
#5701 = PRESENTATION_LAYER_ASSIGNMENT (  '', '', ( #5231 ) ) ;
#5702 = EDGE_CURVE ( 'NONE', #5218, #4203, #493, .T. ) ;
#5703 = UNCERTAINTY_MEASURE_WITH_UNIT (LENGTH_MEASURE( 1.000000000000000082E-05 ), #2946, 'distance_accuracy_value', 'NONE');
#5704 = ORIENTED_EDGE ( 'NONE', *, *, #5399, .F. ) ;
#5705 = EDGE_LOOP ( 'NONE', ( #4312, #614, #982, #52 ) ) ;
#5706 = SURFACE_STYLE_FILL_AREA ( #1255 ) ;
#5707 = MECHANICAL_DESIGN_GEOMETRIC_PRESENTATION_REPRESENTATION (  '', ( #3624 ), #3334 ) ;
#5708 = SURFACE_STYLE_USAGE ( .BOTH. , #3903 ) ;
#5709 = CARTESIAN_POINT ( 'NONE',  ( 0.0000000000000000000, 0.0000000000000000000, 7.000000000000000000 ) ) ;
#5710 = CARTESIAN_POINT ( 'NONE',  ( -0.5000000000000004441, -19.69999999999999929, 4.399999999999999467 ) ) ;
#5711 = PRESENTATION_STYLE_ASSIGNMENT (( #676 ) ) ;
#5712 = STYLED_ITEM ( 'NONE', ( #5863 ), #5622 ) ;
#5713 = EDGE_CURVE ( 'NONE', #544, #5265, #3318, .T. ) ;
#5714 =( GEOMETRIC_REPRESENTATION_CONTEXT ( 3 ) GLOBAL_UNCERTAINTY_ASSIGNED_CONTEXT ( ( #3481 ) ) GLOBAL_UNIT_ASSIGNED_CONTEXT ( ( #3413, #869, #4585 ) ) REPRESENTATION_CONTEXT ( 'NONE', 'WORKASPACE' ) );
#5715 = ORIENTED_EDGE ( 'NONE', *, *, #1187, .T. ) ;
#5716 = VERTEX_POINT ( 'NONE', #2882 ) ;
#5717 = VECTOR ( 'NONE', #1769, 999.9999999999998863 ) ;
#5718 = FACE_BOUND ( 'NONE', #4338, .T. ) ;
#5719 = CARTESIAN_POINT ( 'NONE',  ( -4.041451884327381450, 4.209836809708342287, 7.000000000000000888 ) ) ;
#5720 = SURFACE_STYLE_FILL_AREA ( #3433 ) ;
#5721 = CLOSED_SHELL ( 'NONE', ( #1870, #557, #2937, #3046, #229, #4913, #5780, #5335 ) ) ;
#5722 = DIRECTION ( 'NONE',  ( 0.0000000000000000000, -0.0000000000000000000, 1.000000000000000000 ) ) ;
#5723 = FACE_OUTER_BOUND ( 'NONE', #2258, .T. ) ;
#5724 = EDGE_CURVE ( 'NONE', #255, #5287, #245, .T. ) ;
#5725 = UNCERTAINTY_MEASURE_WITH_UNIT (LENGTH_MEASURE( 1.000000000000000082E-05 ), #5474, 'distance_accuracy_value', 'NONE');
#5726 = STYLED_ITEM ( 'NONE', ( #5154 ), #32 ) ;
#5727 = CARTESIAN_POINT ( 'NONE',  ( 0.0000000000000000000, 7.500000000000000000, 0.0000000000000000000 ) ) ;
#5728 = CARTESIAN_POINT ( 'NONE',  ( 1.349728080773486605, 4.500000000000000000, 6.999999999999998224 ) ) ;
#5729 = CARTESIAN_POINT ( 'NONE',  ( 0.0000000000000000000, 5.500000000000000000, -7.500000000000000000 ) ) ;
#5730 = ORIENTED_EDGE ( 'NONE', *, *, #1534, .F. ) ;
#5731 = STYLED_ITEM ( 'NONE', ( #337 ), #215 ) ;
#5732 = CARTESIAN_POINT ( 'NONE',  ( -5.800000000000001599, -16.69999999999999929, -5.200000000000000178 ) ) ;
#5733 = PRESENTATION_STYLE_ASSIGNMENT (( #251 ) ) ;
#5734 = ADVANCED_FACE ( 'NONE', ( #5111 ), #4682, .T. ) ;
#5735 = PRESENTATION_STYLE_ASSIGNMENT (( #5699 ) ) ;
#5736 = CARTESIAN_POINT ( 'NONE',  ( -8.082903768654761123, 4.500000000000000000, -3.472943553460108938E-15 ) ) ;
#5737 = CARTESIAN_POINT ( 'NONE',  ( 8.300000000000000711, -15.50000000000000000, -7.000000000000000888 ) ) ;
#5738 = AXIS2_PLACEMENT_3D ( 'NONE', #1303, #3170, #4067 ) ;
#5739 = VERTEX_POINT ( 'NONE', #4184 ) ;
#5740 = FILL_AREA_STYLE ('',( #4366 ) ) ;
#5741 = ORIENTED_EDGE ( 'NONE', *, *, #4140, .T. ) ;
#5742 = STYLED_ITEM ( 'NONE', ( #1801 ), #610 ) ;
#5743 = DIRECTION ( 'NONE',  ( 0.0000000000000000000, 1.000000000000000000, -0.0000000000000000000 ) ) ;
#5744 = ADVANCED_FACE ( 'NONE', ( #3736 ), #3793, .F. ) ;
#5745 = DIRECTION ( 'NONE',  ( 0.0000000000000000000, 0.0000000000000000000, 1.000000000000000000 ) ) ;
#5746 = FACE_OUTER_BOUND ( 'NONE', #4237, .T. ) ;
#5747 = ORIENTED_EDGE ( 'NONE', *, *, #4024, .T. ) ;
#5748 = ORIENTED_EDGE ( 'NONE', *, *, #2949, .F. ) ;
#5749 = PRESENTATION_LAYER_ASSIGNMENT (  '', '', ( #907 ) ) ;
#5750 = B_SPLINE_CURVE_WITH_KNOTS ( 'NONE', 3,
 ( #1510, #2878, #3789, #1092 ),
 .UNSPECIFIED., .F., .F.,
 ( 4, 4 ),
 ( 2.309401076759263822E-07, 0.004041682824435057983 ),
 .UNSPECIFIED. ) ;
#5751 =( NAMED_UNIT ( * ) SI_UNIT ( $, .STERADIAN. ) SOLID_ANGLE_UNIT ( ) );
#5752 = CARTESIAN_POINT ( 'NONE',  ( -5.800000000000001599, -16.69999999999999929, 0.4000000000000001887 ) ) ;
#5753 = LINE ( 'NONE', #4294, #280 ) ;
#5754 = CARTESIAN_POINT ( 'NONE',  ( 0.0000000000000000000, 7.500000000000000000, 0.0000000000000000000 ) ) ;
#5755 = CARTESIAN_POINT ( 'NONE',  ( 0.0000000000000000000, 11.50000000000000000, 0.0000000000000000000 ) ) ;
#5756 = EDGE_CURVE ( 'NONE', #634, #4134, #1300, .T. ) ;
#5757 = LINE ( 'NONE', #2129, #478 ) ;
#5758 = DIRECTION ( 'NONE',  ( 0.5000000000000021094, 0.8660254037844374864, 0.0000000000000000000 ) ) ;
#5759 = PLANE ( 'NONE',  #1977 ) ;
#5760 = CARTESIAN_POINT ( 'NONE',  ( -6.735753140545634565, 2.199999999999999289, 2.333333333333329485 ) ) ;
#5761 = ORIENTED_EDGE ( 'NONE', *, *, #2672, .T. ) ;
#5762 = DIRECTION ( 'NONE',  ( 8.659560562354908206E-17, -0.7071067811865493491, 0.7071067811865456854 ) ) ;
#5763 = SURFACE_STYLE_FILL_AREA ( #1219 ) ;
#5764 = DIRECTION ( 'NONE',  ( 1.000000000000000000, -0.0000000000000000000, -0.0000000000000000000 ) ) ;
#5765 = SURFACE_STYLE_USAGE ( .BOTH. , #2469 ) ;
#5766 = CIRCLE ( 'NONE', #1688, 7.000000000000000888 ) ;
#5767 = CONICAL_SURFACE ( 'NONE', #3385, 5.499999999999994671, 0.7853981633974456145 ) ;
#5768 = VERTEX_POINT ( 'NONE', #4360 ) ;
#5769 = EDGE_CURVE ( 'NONE', #2220, #4480, #5822, .T. ) ;
#5770 = CARTESIAN_POINT ( 'NONE',  ( 0.5773502691896270633, 5.500000000000000000, 6.223276200416199444 ) ) ;
#5771 = ORIENTED_EDGE ( 'NONE', *, *, #5845, .F. ) ;
#5772 = DIRECTION ( 'NONE',  ( 1.000000000000000000, -0.0000000000000000000, -0.0000000000000000000 ) ) ;
#5773 =( NAMED_UNIT ( * ) SI_UNIT ( $, .STERADIAN. ) SOLID_ANGLE_UNIT ( ) );
#5774 = CARTESIAN_POINT ( 'NONE',  ( 8.300000000000000711, -15.50000000000000000, 7.000000000000000888 ) ) ;
#5775 = AXIS2_PLACEMENT_3D ( 'NONE', #721, #750, #3055 ) ;
#5776 = DIRECTION ( 'NONE',  ( 1.000000000000000000, 0.0000000000000000000, 0.0000000000000000000 ) ) ;
#5777 = PLANE ( 'NONE',  #5593 ) ;
#5778 = ORIENTED_EDGE ( 'NONE', *, *, #4967, .T. ) ;
#5779 = ADVANCED_FACE ( 'NONE', ( #2996 ), #4778, .T. ) ;
#5780 = ADVANCED_FACE ( 'NONE', ( #4842 ), #3974, .T. ) ;
#5781 = AXIS2_PLACEMENT_3D ( 'NONE', #1293, #3641, #2720 ) ;
#5782 = ORIENTED_EDGE ( 'NONE', *, *, #5068, .T. ) ;
#5783 = AXIS2_PLACEMENT_3D ( 'NONE', #1207, #5275, #2959 ) ;
#5784 = DIRECTION ( 'NONE',  ( 0.0000000000000000000, 0.0000000000000000000, 1.000000000000000000 ) ) ;
#5785 = DIRECTION ( 'NONE',  ( 0.0000000000000000000, 0.0000000000000000000, -1.000000000000000000 ) ) ;
#5786 = SURFACE_STYLE_FILL_AREA ( #480 ) ;
#5787 = MECHANICAL_DESIGN_GEOMETRIC_PRESENTATION_REPRESENTATION (  '', ( #937 ), #193 ) ;
#5788 = CARTESIAN_POINT ( 'NONE',  ( -2.694073211444691918, 4.373386656429943287, 7.000000000000001776 ) ) ;
#5789 = DIRECTION ( 'NONE',  ( 0.0000000000000000000, 0.0000000000000000000, 1.000000000000000000 ) ) ;
#5790 = FILL_AREA_STYLE_COLOUR ( '', #1593 ) ;
#5791 = COLOUR_RGB ( '',1.000000000000000000, 1.000000000000000000, 1.000000000000000000 ) ;
#5792 = CARTESIAN_POINT ( 'NONE',  ( -4.107179676972443794, -15.50000000000000000, -4.399999999999999467 ) ) ;
#5793 = UNCERTAINTY_MEASURE_WITH_UNIT (LENGTH_MEASURE( 1.000000000000000082E-05 ), #1382, 'distance_accuracy_value', 'NONE');
#5794 = DIRECTION ( 'NONE',  ( -1.000000000000000000, 0.0000000000000000000, 0.0000000000000000000 ) ) ;
#5795 = FILL_AREA_STYLE_COLOUR ( '', #2826 ) ;
#5796 = DIRECTION ( 'NONE',  ( 0.0000000000000000000, 0.0000000000000000000, 1.000000000000000000 ) ) ;
#5797 = ORIENTED_EDGE ( 'NONE', *, *, #5702, .F. ) ;
#5798 = EDGE_CURVE ( 'NONE', #4549, #2737, #1297, .T. ) ;
#5799 = VECTOR ( 'NONE', #4599, 1000.000000000000000 ) ;
#5800 = PLANE ( 'NONE',  #5056 ) ;
#5801 = FACE_OUTER_BOUND ( 'NONE', #3188, .T. ) ;
#5802 = ORIENTED_EDGE ( 'NONE', *, *, #3569, .T. ) ;
#5803 = PLANE ( 'NONE',  #4590 ) ;
#5804 = DIRECTION ( 'NONE',  ( 0.0000000000000000000, -0.0000000000000000000, 1.000000000000000000 ) ) ;
#5805 = CONICAL_SURFACE ( 'NONE', #3527, 7.000000000000000888, 1.308996938995750092 ) ;
#5806 = LINE ( 'NONE', #1317, #2628 ) ;
#5807 = PLANE ( 'NONE',  #3702 ) ;
#5808 = VERTEX_POINT ( 'NONE', #5770 ) ;
#5809 = ORIENTED_EDGE ( 'NONE', *, *, #5018, .T. ) ;
#5810 = ORIENTED_EDGE ( 'NONE', *, *, #921, .F. ) ;
#5811 = ADVANCED_FACE ( 'NONE', ( #1700 ), #3066, .F. ) ;
#5812 = DIRECTION ( 'NONE',  ( 0.0000000000000000000, -0.0000000000000000000, -1.000000000000000000 ) ) ;
#5813 = DIRECTION ( 'NONE',  ( -0.0000000000000000000, -1.000000000000000000, -0.0000000000000000000 ) ) ;
#5814 = DIRECTION ( 'NONE',  ( -0.0000000000000000000, -0.0000000000000000000, -1.000000000000000000 ) ) ;
#5815 = CARTESIAN_POINT ( 'NONE',  ( -4.799999999999998934, -16.69999999999999929, -4.399999999999999467 ) ) ;
#5816 = FILL_AREA_STYLE ('',( #5790 ) ) ;
#5817 = CONICAL_SURFACE ( 'NONE', #2772, 7.000000000000000888, 1.308996938995750092 ) ;
#5818 = ORIENTED_EDGE ( 'NONE', *, *, #4748, .F. ) ;
#5819 = AXIS2_PLACEMENT_3D ( 'NONE', #187, #4270, #3287 ) ;
#5820 =( NAMED_UNIT ( * ) PLANE_ANGLE_UNIT ( ) SI_UNIT ( $, .RADIAN. ) );
#5821 = DIRECTION ( 'NONE',  ( -1.000000000000000000, 0.0000000000000000000, 0.0000000000000000000 ) ) ;
#5822 = LINE ( 'NONE', #806, #33 ) ;
#5823 = DIRECTION ( 'NONE',  ( -1.000000000000000000, 0.0000000000000000000, 0.0000000000000000000 ) ) ;
#5824 = COLOUR_RGB ( '',1.000000000000000000, 1.000000000000000000, 1.000000000000000000 ) ;
#5825 = VECTOR ( 'NONE', #4182, 1000.000000000000000 ) ;
#5826 = CARTESIAN_POINT ( 'NONE',  ( 0.0000000000000000000, 7.500000000000000000, -6.150000000000000355 ) ) ;
#5827 = ORIENTED_EDGE ( 'NONE', *, *, #1056, .F. ) ;
#5828 = CLOSED_SHELL ( 'NONE', ( #577, #5744, #5283, #2611, #635, #3952, #2429, #5511 ) ) ;
#5829 = ADVANCED_FACE ( 'NONE', ( #5288 ), #4881, .T. ) ;
#5830 = PRESENTATION_STYLE_ASSIGNMENT (( #3572 ) ) ;
#5831 = FILL_AREA_STYLE_COLOUR ( '', #562 ) ;
#5832 = DIRECTION ( 'NONE',  ( 0.0000000000000000000, 0.0000000000000000000, 1.000000000000000000 ) ) ;
#5833 = CLOSED_SHELL ( 'NONE', ( #4425, #5622, #2532, #5341, #1029, #2406, #1458, #3987 ) ) ;
#5834 = UNCERTAINTY_MEASURE_WITH_UNIT (LENGTH_MEASURE( 1.000000000000000082E-05 ), #834, 'distance_accuracy_value', 'NONE');
#5835 = VERTEX_POINT ( 'NONE', #2009 ) ;
#5836 = DIRECTION ( 'NONE',  ( 0.5000000000000021094, -0.8660254037844374864, -0.0000000000000000000 ) ) ;
#5837 = EDGE_CURVE ( 'NONE', #2008, #5655, #638, .T. ) ;
#5838 = LINE ( 'NONE', #4018, #1528 ) ;
#5839 = ORIENTED_EDGE ( 'NONE', *, *, #5769, .F. ) ;
#5840 = ORIENTED_EDGE ( 'NONE', *, *, #776, .F. ) ;
#5841 = CONICAL_SURFACE ( 'NONE', #724, 4.699999999999999289, 0.7853981633974482790 ) ;
#5842 = ORIENTED_EDGE ( 'NONE', *, *, #1655, .T. ) ;
#5843 = ADVANCED_FACE ( 'NONE', ( #174 ), #788, .F. ) ;
#5844 =( NAMED_UNIT ( * ) PLANE_ANGLE_UNIT ( ) SI_UNIT ( $, .RADIAN. ) );
#5845 = EDGE_CURVE ( 'NONE', #5375, #3724, #1196, .T. ) ;
#5846 = ADVANCED_BREP_SHAPE_REPRESENTATION ( '55947066-05ED-4386-89A2-42E2E6D1152C', ( #735, #4515, #2692, #2679, #4593, #2594, #703, #2644, #4550, #610, #652, #2563, #4631, #2655, #4699, #1005 ), #3762 ) ;
#5847 =( GEOMETRIC_REPRESENTATION_CONTEXT ( 3 ) GLOBAL_UNCERTAINTY_ASSIGNED_CONTEXT ( ( #3206 ) ) GLOBAL_UNIT_ASSIGNED_CONTEXT ( ( #4612, #5566, #1512 ) ) REPRESENTATION_CONTEXT ( 'NONE', 'WORKASPACE' ) );
#5848 = CARTESIAN_POINT ( 'NONE',  ( -0.6726747950258281650, 7.500000000000003553, -7.000000000000003553 ) ) ;
#5849 = CARTESIAN_POINT ( 'NONE',  ( 9.799999999999998934, -16.69999999999999929, -8.500000000000000000 ) ) ;
#5850 = CARTESIAN_POINT ( 'NONE',  ( -0.5773502691896266192, 4.500000000000000000, 8.500000000000003553 ) ) ;
#5851 = FACE_OUTER_BOUND ( 'NONE', #4610, .T. ) ;
#5852 = EDGE_LOOP ( 'NONE', ( #460, #3215, #341, #3425 ) ) ;
#5853 = DIRECTION ( 'NONE',  ( -0.0000000000000000000, -0.0000000000000000000, -1.000000000000000000 ) ) ;
#5854 = ADVANCED_FACE ( 'NONE', ( #3783 ), #2415, .F. ) ;
#5855 = ORIENTED_EDGE ( 'NONE', *, *, #3300, .T. ) ;
#5856 = UNCERTAINTY_MEASURE_WITH_UNIT (LENGTH_MEASURE( 1.000000000000000082E-05 ), #1960, 'distance_accuracy_value', 'NONE');
#5857 = DIRECTION ( 'NONE',  ( -0.0000000000000000000, -0.0000000000000000000, -1.000000000000000000 ) ) ;
#5858 = PLANE ( 'NONE',  #5569 ) ;
#5859 = DIRECTION ( 'NONE',  ( 0.0000000000000000000, 0.0000000000000000000, 1.000000000000000000 ) ) ;
#5860 =( NAMED_UNIT ( * ) SI_UNIT ( $, .STERADIAN. ) SOLID_ANGLE_UNIT ( ) );
#5861 =( LENGTH_UNIT ( ) NAMED_UNIT ( * ) SI_UNIT ( .MILLI., .METRE. ) );
#5862 = FILL_AREA_STYLE ('',( #2756 ) ) ;
#5863 = PRESENTATION_STYLE_ASSIGNMENT (( #5022 ) ) ;
#5864 = EDGE_CURVE ( 'NONE', #3201, #2380, #1091, .T. ) ;
#5865 = CARTESIAN_POINT ( 'NONE',  ( 5.388602512436505343, 2.199999999999999289, 4.666666666666666075 ) ) ;
#5866 = ORIENTED_EDGE ( 'NONE', *, *, #1860, .T. ) ;
#5867 = DIRECTION ( 'NONE',  ( -0.0000000000000000000, -0.0000000000000000000, -1.000000000000000000 ) ) ;
#5868 = CARTESIAN_POINT ( 'NONE',  ( 4.041451884327378785, 7.790163190291658601, 6.999999999999998224 ) ) ;
#5869 = VECTOR ( 'NONE', #4616, 1000.000000000000000 ) ;
#5870 = VECTOR ( 'NONE', #2502, 1000.000000000000000 ) ;
#5871 = EDGE_LOOP ( 'NONE', ( #730, #1708, #4115, #3396 ) ) ;
#5872 = EDGE_LOOP ( 'NONE', ( #3865, #1070, #2585, #2671 ) ) ;
#5873 = EDGE_CURVE ( 'NONE', #275, #2116, #4771, .T. ) ;
#5874 = EDGE_LOOP ( 'NONE', ( #3931, #3965, #2898, #365 ) ) ;
#5875 = B_SPLINE_CURVE_WITH_KNOTS ( 'NONE', 3,
 ( #2121, #3936, #5241, #2145 ),
 .UNSPECIFIED., .F., .F.,
 ( 4, 4 ),
 ( 2.309401076756360087E-07, 0.004041682824435059718 ),
 .UNSPECIFIED. ) ;
#5876 = DIRECTION ( 'NONE',  ( 0.0000000000000000000, 0.0000000000000000000, 1.000000000000000000 ) ) ;
#5877 = VECTOR ( 'NONE', #939, 1000.000000000000000 ) ;
#5878 = CARTESIAN_POINT ( 'NONE',  ( 9.799999999999995381, -1.499999999999999556, 8.500000000000000000 ) ) ;
#5879 = DIRECTION ( 'NONE',  ( -0.0000000000000000000, -0.0000000000000000000, -1.000000000000000000 ) ) ;
#5880 = DIRECTION ( 'NONE',  ( 0.0000000000000000000, 0.0000000000000000000, 1.000000000000000000 ) ) ;
#5881 =( LENGTH_UNIT ( ) NAMED_UNIT ( * ) SI_UNIT ( .MILLI., .METRE. ) );
#5882 = EDGE_LOOP ( 'NONE', ( #3012, #5002 ) ) ;
#5883 = ORIENTED_EDGE ( 'NONE', *, *, #2160, .T. ) ;
#5884 = STYLED_ITEM ( 'NONE', ( #2856 ), #2611 ) ;
#5885 = CARTESIAN_POINT ( 'NONE',  ( -6.062177826491071286, 9.799999999999998934, 3.499999999999997335 ) ) ;
#5886 = B_SPLINE_CURVE_WITH_KNOTS ( 'NONE', 3,
 ( #1289, #5298, #4374, #4431, #5848, #369 ),
 .UNSPECIFIED., .F., .F.,
 ( 4, 2, 4 ),
 ( 0.006910124072876181779, 0.008941036170110432113, 0.01097194826734468331 ),
 .UNSPECIFIED. ) ;
#5887 = DIRECTION ( 'NONE',  ( 1.000000000000000000, 0.0000000000000000000, -1.073081856240828073E-16 ) ) ;
#5888 = PRESENTATION_STYLE_ASSIGNMENT (( #5442 ) ) ;
#5889 = AXIS2_PLACEMENT_3D ( 'NONE', #4042, #4798, #1172 ) ;
#5890 = FILL_AREA_STYLE_COLOUR ( '', #2791 ) ;
ENDSEC;
END-ISO-10303-21;
